city,state,lat,lon,year,month,NDVI,NDBI,NDWI,elevation_m,lst_celsius,temp_mean,temp_max,temp_min,humidity_mean,wind_mean,precip_mean,lat_clim,lon_clim,uhi_intensity
Mumbai,MahÄrÄshtra,19.0758,72.8775,2021,1,0.0371,0.0316,-0.0858,5,34.57,23.31008064516129,33.2,14.2,64.56397849462365,10.32875,0.001411290322580645,19.07283,72.88261,6.5
Kolkata,West Bengal,22.5675,88.37,2021,1,0.0715,0.0436,-0.1684,6,26.96,18.926102150537638,30.6,9.0,71.28346774193548,7.722836021505376,0.016223118279569893,22.56263,88.36304,6.5
Delhi,Delhi,28.66,77.23,2021,1,0.0814,-0.0198,-0.0839,219,18.27,15.77,21.27,,55.0,7.5,,,,2.5
Chennai,Tamil NÄdu,13.0825,80.275,2021,1,0.0603,0.1507,-0.0752,9,31.32,24.796142473118277,30.5,17.3,74.35887096774194,11.460672043010751,0.02995967741935484,13.08784,80.27847,6.5
Bangalore,KarnÄtaka,12.9791,77.5913,2021,1,0.2864,-0.0184,-0.3224,924,28.66,26.16,31.66,,55.0,7.5,,,,2.5
Ahmedabad,GujarÄt,23.0219,72.5797,2021,1,0.1761,0.0147,-0.212,52,27.0,24.5,30.0,,55.0,7.5,,,,2.5
Pune,MahÄrÄshtra,18.5211,73.8553,2021,1,0.2171,-0.0227,-0.1771,554,30.14,27.64,33.14,,55.0,7.5,,,,2.5
Hyderabad,TelangÄna,17.3617,78.4747,2021,1,0.0375,0.042,-0.0444,508,30.96,21.84111559139785,33.6,10.9,59.34206989247312,8.333333333333334,0.00836021505376344,17.38405,78.45636,6.5
Surat,GujarÄt,21.205,72.84,2021,1,0.0784,-0.0064,-0.0862,14,29.73,22.131034946236557,35.0,11.6,55.53709677419355,11.153575268817205,0.0017069892473118278,21.19594,72.83023,6.5
Prayagraj,Uttar Pradesh,25.45,81.85,2021,1,0.0693,0.0068,-0.002,95,23.65,21.15,26.65,,55.0,7.5,,,,2.5
Kanpur,GujarÄt,24.285,72.6933,2021,1,0.486,-0.0825,-0.5045,335,27.09,14.61231182795699,27.4,4.1,77.39435483870967,8.008198924731182,0.0314247311827957,26.46523,80.34975,6.5
Kanpur,Uttar Pradesh,26.4725,80.3311,2021,1,0.0794,0.0324,-0.0877,132,22.56,14.61231182795699,27.4,4.1,77.39435483870967,8.008198924731182,0.0314247311827957,26.46523,80.34975,6.5
Belahi,BihÄr,25.7167,86.4,2021,1,0.2567,-0.1454,-0.2046,41,22.94,20.44,25.94,,55.0,7.5,,,,2.5
Vadodara,GujarÄt,22.3,73.2,2021,1,0.1247,0.0366,-0.1488,38,29.08,20.783776881720428,33.5,8.6,55.36854838709677,8.284059139784947,0.004986559139784946,22.29941,73.20812,6.5
Nadampalaiyam,Tamil NÄdu,11.1793,77.376,2021,1,0.136,0.0696,-0.1903,318,29.39,26.89,32.39,,55.0,7.5,,,,2.5
Lucknow,Uttar Pradesh,26.847,80.947,2021,1,0.0478,-0.0129,-0.0539,115,22.21,14.294059139784947,26.8,3.5,77.76411290322581,8.090174731182795,0.03786290322580645,26.83928,80.92313,6.5
Kannankulam,Kerala,10.4799,76.1131,2021,1,0.718,-0.1386,-0.6365,13,29.23,26.73,32.230000000000004,,55.0,7.5,,,,2.5
Mahuakheraganj,UttarÄkhand,29.13,78.95,2021,1,0.0447,-0.2104,-0.0074,222,20.11,17.61,23.11,,55.0,7.5,,,,2.5
Nagla,UttarÄkhand,29.01,79.51,2021,1,0.0514,-0.2034,-0.0373,227,18.14,15.64,21.14,,55.0,7.5,,,,2.5
Jaipur,RÄjasthÄn,26.915,75.82,2021,1,0.5445,-0.2042,-0.5423,441,21.11,14.308373655913979,28.1,2.7,62.82728494623656,8.242083333333333,0.02646505376344086,26.91962,75.78781,6.5
Kottarassheri,Kerala,10.6167,76.5333,2021,1,0.2668,0.2549,-0.3532,147,29.25,26.75,32.25,,55.0,7.5,,,,2.5
Attadappa,Kerala,11.85,75.4167,2021,1,0.7192,-0.2975,-0.637,37,31.23,28.73,34.230000000000004,,55.0,7.5,,,,2.5
Barmhan Kalan,Madhya Pradesh,23.0333,79.0167,2021,1,0.5017,-0.0766,-0.4961,337,25.4,22.9,28.4,,55.0,7.5,,,,2.5
Gorakhpur,ChhattÄ«sgarh,22.1688,81.6042,2021,1,0.3017,0.0258,-0.3707,305,26.99,24.49,29.99,,55.0,7.5,,,,2.5
Nagpur,MahÄrÄshtra,21.1497,79.0806,2021,1,0.2913,-0.0591,-0.3343,318,27.17,20.58133064516129,32.9,8.1,56.8377688172043,7.151948924731183,0.017419354838709676,21.14631,79.08491,6.5
Guwahati,Assam,26.1806,91.7502,2021,1,0.0547,0.072,-0.0467,57,21.99,17.49366935483871,27.5,8.4,77.26733870967742,6.03396505376344,0.020026881720430108,26.1844,91.7458,4.49633064516129
Ghaziabad,Uttar Pradesh,28.6667,77.4167,2021,1,0.0942,-0.0471,-0.0686,211,19.39,12.96893817204301,25.4,1.9,77.63467741935484,8.6725,0.047567204301075264,28.66535,77.43915,6.42106182795699
Coimbatore,Tamil NÄdu,11.0008,76.9633,2021,1,0.2421,0.0216,-0.1828,417,29.36,24.230967741935483,33.6,14.8,62.895161290322584,9.489314516129033,0.02720430107526882,11.00555,76.96612,5.129032258064516
Patna,BihÄr,25.61,85.1414,2021,1,0.0261,0.1271,-0.0359,63,21.85,15.802849462365591,26.2,7.1,77.59919354838709,8.116397849462366,0.016922043010752688,25.59408,85.13563,6.04715053763441
Rajkot,GujarÄt,22.2969,70.7984,2021,1,0.1184,0.1954,-0.1722,134,27.41,24.91,30.41,,55.0,7.5,,,,2.5
Vishakhapatnam,Andhra Pradesh,17.6939,83.2922,2021,1,0.0818,0.041,-0.0672,12,29.36,26.86,32.36,,55.0,7.5,,,,2.5
Indore,Madhya Pradesh,22.7186,75.855,2021,1,0.1091,0.1288,-0.2228,553,27.23,17.89548387096774,31.2,6.2,60.325537634408605,8.858575268817205,0.015376344086021506,22.71792,75.8333,6.5
Abhepur,Punjab,30.6667,76.8333,2021,1,0.0584,-0.0437,-0.0513,311,19.81,17.31,22.81,,55.0,7.5,,,,2.5
Gumanwala,UttarÄkhand,29.9333,77.9,2021,1,0.3987,-0.2893,-0.3121,277,18.31,15.809999999999999,21.31,,55.0,7.5,,,,2.5
Thane,MahÄrÄshtra,19.18,72.9633,2021,1,0.461,-0.0527,-0.4506,14,31.73,23.57021505376344,35.8,11.6,59.83736559139785,7.8694758064516135,0.001532258064516129,19.19704,72.96355,6.5
Bhopal,Madhya Pradesh,23.25,77.4167,2021,1,0.0827,0.1202,-0.1286,512,25.14,17.14024193548387,31.1,6.5,64.91505376344087,8.670887096774194,0.028830645161290323,23.25469,77.40289,6.5
Agra,Uttar Pradesh,27.18,78.02,2021,1,0.1515,0.0785,-0.152,184,20.72,13.721250000000001,26.7,3.0,77.71774193548387,7.740376344086021,0.04491935483870967,27.18333,78.01667,6.5
Peyanvilai,Tamil NÄdu,8.5674,78.1046,2021,1,0.4237,-0.1573,-0.4073,8,28.56,26.06,31.56,,55.0,7.5,,,,2.5
Pimpri-Chinchwad,MahÄrÄshtra,18.6278,73.8131,2021,1,0.4406,-0.0811,-0.3948,584,31.22,20.824341397849462,33.2,8.2,59.30846774193548,6.219892473118279,0.003306451612903226,18.61867,73.80375,6.5
Harbatpur,UttarÄkhand,30.45,77.73,2021,1,0.3411,-0.0171,-0.3445,445,17.9,15.399999999999999,20.9,,55.0,7.5,,,,2.5
Saundhonwali,UttarÄkhand,30.3331,77.9608,2021,1,0.0549,0.0464,-0.1166,612,18.58,16.08,21.58,,55.0,7.5,,,,2.5
Ludhiana,Punjab,30.9083,75.8486,2021,1,0.1353,-0.1051,-0.1259,243,18.48,11.398319892473118,22.2,1.5,82.76639784946236,7.204583333333333,0.07833333333333332,30.91204,75.85379,6.5
Meerut,Uttar Pradesh,28.98,77.7064,2021,1,0.0693,0.0675,-0.0702,228,20.1,17.6,23.1,,55.0,7.5,,,,2.5
Madurai,Tamil NÄdu,9.9197,78.1194,2021,1,0.0549,-0.1047,-0.0577,141,31.74,25.47190860215054,35.2,15.1,66.73131720430108,9.643709677419354,0.034784946236559144,9.919,78.11953,6.26809139784946
Nasik,MahÄrÄshtra,20.0,73.7833,2021,1,0.1306,0.0628,-0.217,588,29.11,26.61,32.11,,55.0,7.5,,,,2.5
Faridabad,HaryÄna,28.4167,77.3,2021,1,0.1254,0.0417,-0.1224,208,19.28,13.339932795698925,25.6,2.8,75.75255376344086,8.802217741935484,0.0397983870967742,28.41124,77.31316,5.9400672043010765
Madarpur,BihÄr,26.227,84.6746,2021,1,0.1508,-0.0702,-0.1124,69,20.89,18.39,23.89,,55.0,7.5,,,,2.5
Najafgarh,Delhi,28.6125,76.9847,2021,1,0.0567,0.0076,-0.0845,220,17.53,15.030000000000001,20.53,,55.0,7.5,,,,2.5
Jabalpur,Madhya Pradesh,23.1667,79.9333,2021,1,0.0773,0.0264,-0.077,399,26.53,17.15013440860215,30.9,5.1,65.45712365591397,7.502379032258064,0.023911290322580644,23.16697,79.95006,6.5
Madanpur,UttarÄkhand,29.326,79.1537,2021,1,0.0218,-0.2195,0.0103,315,18.78,16.28,21.78,,55.0,7.5,,,,2.5
Kamalwaganja Gaur,UttarÄkhand,29.2117,79.4654,2021,1,0.0169,-0.2528,0.0081,383,20.5,18.0,23.5,,55.0,7.5,,,,2.5
Kalyan,MahÄrÄshtra,19.25,73.15,2021,1,0.1883,0.1039,-0.228,10,32.29,29.79,35.29,,55.0,7.5,,,,2.5
Asansol,West Bengal,23.6833,86.9667,2021,1,0.086,0.0584,-0.1013,125,24.98,22.48,27.98,,55.0,7.5,,,,2.5
Vijayawada,Andhra Pradesh,16.5167,80.6167,2021,1,0.2889,-0.053,-0.2829,27,28.25,24.579395161290325,34.7,14.9,70.73521505376344,6.980873655913978,0.01424731182795699,16.50745,80.6466,3.670604838709675
Vasai-Virar,MahÄrÄshtra,19.47,72.8,2021,1,0.0607,0.2172,-0.0982,0,32.62,30.119999999999997,35.62,,55.0,7.5,,,,2.5
Varanasi,Uttar Pradesh,25.3189,83.0128,2021,1,0.029,-0.0186,-0.0427,78,21.84,15.528897849462366,27.6,5.5,76.55483870967743,7.823266129032258,0.029704301075268818,25.31668,83.01041,6.311102150537634
Kalleli,Kerala,9.2,76.8833,2021,1,0.7914,-0.1881,-0.7163,133,29.53,27.03,32.53,,55.0,7.5,,,,2.5
Srinagar,Jammu and KashmÄ«r,34.0911,74.8061,2021,1,0.0097,-0.159,0.0014,1595,5.22,-1.7122043010752688,14.3,-16.6,66.40900537634408,4.477352150537635,0.19651881720430106,34.08565,74.80555,6.5
Aurangabad,MahÄrÄshtra,19.88,75.32,2021,1,0.2733,-0.0047,-0.2908,564,31.52,21.19081989247312,32.6,9.8,52.36438172043011,8.416451612903225,0.0035080645161290323,19.87757,75.34226,6.5
Dhanbad,JhÄrkhand,23.7928,86.435,2021,1,0.2028,0.0292,-0.2468,245,25.77,17.05918010752688,30.5,6.0,67.77190860215053,7.728736559139786,0.01907258064516129,23.79759,86.42992,6.5
Amritsar,Punjab,31.6269,74.877,2021,1,0.0089,-0.0476,-0.0096,234,18.16,11.167325268817203,21.6,0.7,81.14543010752688,6.424623655913978,0.07563172043010753,31.62234,74.87534,6.5
Haora,West Bengal,22.58,88.3294,2021,1,0.1667,0.0738,-0.2046,12,24.72,22.22,27.72,,55.0,7.5,,,,2.5
Ranchi,JhÄrkhand,23.3556,85.3347,2021,1,0.5015,-0.0594,-0.4933,643,25.65,15.78606182795699,27.8,5.8,64.33212365591397,8.793723118279571,0.016209677419354838,23.34316,85.3094,6.5
Gwalior,Madhya Pradesh,26.2125,78.1775,2021,1,0.0807,0.1139,-0.2007,215,23.32,14.731962365591398,28.8,4.4,72.68924731182796,7.504677419354839,0.04174731182795699,26.22983,78.17337,6.5
Jodhpur,RÄjasthÄn,26.2944,73.0278,2021,1,0.1295,0.0696,-0.2012,251,23.93,16.466290322580644,29.5,4.3,51.160483870967745,10.243172043010752,0.007930107526881721,26.26841,73.00594,6.5
Chandigarh,ChandÄ«garh,30.7364,76.7883,2021,1,0.2236,-0.1261,-0.1821,349,17.68,12.27198924731183,23.4,3.0,74.95833333333333,8.758077956989247,0.08446236559139784,30.73629,76.7884,5.40801075268817
Raipur,ChhattÄ«sgarh,21.2379,81.6337,2021,1,0.0927,0.0157,-0.1415,309,29.45,19.693870967741933,32.1,7.6,60.54744623655914,6.05239247311828,0.011868279569892472,21.23333,81.63333,6.5
Warangal,TelangÄna,17.9756,79.6011,2021,1,0.0665,0.0445,-0.0808,269,30.4,27.9,33.4,,55.0,7.5,,,,2.5
Kota,RÄjasthÄn,25.18,75.83,2021,1,0.1248,-0.0474,-0.2153,230,23.02,16.201424731182797,30.9,4.0,65.39583333333333,6.7313575268817205,0.034408602150537634,25.18254,75.83907,6.5
Bareilly,Uttar Pradesh,28.364,79.415,2021,1,0.0046,0.0788,-0.0008,180,21.0,13.398158602150538,26.2,2.7,79.68387096774194,8.500013440860215,0.04321236559139785,28.36678,79.43167,6.5
Solapur,MahÄrÄshtra,17.6703,75.9011,2021,1,0.1182,0.0789,-0.1884,474,32.3,24.536250000000003,34.5,13.1,44.965860215053766,10.911586021505377,0.0020161290322580645,17.67152,75.91044,6.5
Hubli,KarnÄtaka,15.3108,75.0925,2021,1,0.2144,0.0924,-0.2627,618,29.98,27.48,32.980000000000004,,55.0,7.5,,,,2.5
Mysore,KarnÄtaka,12.3086,76.6531,2021,1,0.0874,0.1101,-0.1373,747,29.83,27.33,32.83,,55.0,7.5,,,,2.5
Trichinopoly,Tamil NÄdu,10.8269,78.6928,2021,1,0.2278,0.0273,-0.2558,74,28.88,26.38,31.88,,55.0,7.5,,,,2.5
Moradabad,Uttar Pradesh,28.8389,78.7769,2021,1,-0.0859,-0.4331,0.0831,205,20.2,17.7,23.2,,55.0,7.5,,,,2.5
Tiruppur,Tamil NÄdu,11.1075,77.3398,2021,1,0.1741,0.0743,-0.1854,305,30.4,25.208333333333332,35.5,15.6,62.428360215053765,7.9706048387096775,0.022473118279569892,11.11541,77.35456,5.191666666666666
Jamnagar,GujarÄt,22.47,70.07,2021,1,0.2318,0.1042,-0.2958,21,26.77,24.27,29.77,,55.0,7.5,,,,2.5
Gurgaon,HaryÄna,28.4667,77.0333,2021,1,0.2259,-0.0812,-0.2844,224,17.94,15.440000000000001,20.94,,55.0,7.5,,,,2.5
Aligarh,Uttar Pradesh,27.88,78.08,2021,1,0.0682,-0.0285,-0.0522,190,19.98,13.301666666666666,25.8,2.9,77.90201612903226,8.30231182795699,0.043857526881720434,27.88145,78.07464,6.5
Jalandhar,Punjab,31.3256,75.5792,2021,1,0.0122,-0.0305,-0.0061,242,18.48,15.98,21.48,,55.0,7.5,,,,2.5
Bhubaneshwar,Odisha,20.295,85.825,2021,1,0.0896,-0.0337,-0.1062,47,28.68,26.18,31.68,,55.0,7.5,,,,2.5
Bhayandar,MahÄrÄshtra,19.3,72.85,2021,1,0.2221,0.1445,-0.2297,9,31.92,29.42,34.92,,55.0,7.5,,,,2.5
Narela,Delhi,28.85,77.1,2021,1,0.1081,0.0695,-0.1308,212,17.82,15.32,20.82,,55.0,7.5,,,,2.5
Shishgarh,Uttar Pradesh,28.72,79.32,2021,1,0.0255,-0.1239,-0.0012,181,19.0,16.5,22.0,,55.0,7.5,,,,2.5
Thiruvananthapuram,Kerala,8.4875,76.9525,2021,1,0.0784,0.0597,-0.1343,15,34.2,31.700000000000003,37.2,,55.0,7.5,,,,2.5
Dispur,Assam,26.15,91.77,2021,1,0.2941,-0.0381,-0.2608,116,23.09,20.59,26.09,,55.0,7.5,,,,2.5
Durgapur,West Bengal,23.55,87.32,2021,1,0.1415,-0.006,-0.1511,90,25.88,23.38,28.88,,55.0,7.5,,,,2.5
Bhiwandi,MahÄrÄshtra,19.3,73.0667,2021,1,0.0726,0.033,-0.1364,25,35.18,32.68,38.18,,55.0,7.5,,,,2.5
Saharanpur,Uttar Pradesh,29.964,77.546,2021,1,0.0021,-0.0031,0.0129,280,20.22,17.72,23.22,,55.0,7.5,,,,2.5
Shiliguri,West Bengal,26.72,88.42,2021,1,0.1067,0.0879,-0.1101,119,24.87,22.37,27.87,,55.0,7.5,,,,2.5
Avadi,Tamil NÄdu,13.1147,80.1098,2021,1,0.1594,-0.116,-0.0925,32,30.55,28.05,33.55,,55.0,7.5,,,,2.5
Salem,Tamil NÄdu,11.65,78.1667,2021,1,0.079,0.1153,-0.1746,285,33.44,30.939999999999998,36.44,,55.0,7.5,,,,2.5
Jui,UttarÄkhand,29.67,78.9098,2021,1,0.7866,-0.2219,-0.7045,890,17.05,14.55,20.05,,55.0,7.5,,,,2.5
Amaldu,UttarÄkhand,29.9333,78.5333,2021,1,0.2924,0.1494,-0.4167,1406,17.2,14.7,20.2,,55.0,7.5,,,,2.5
Kimsar,Jammu and KashmÄ«r,34.5,74.5333,2021,1,0.4404,-0.727,-0.4375,3058,-3.76,-6.26,-0.7599999999999998,,55.0,7.5,,,,2.5
Sinduri,HimÄchal Pradesh,30.7167,77.15,2021,1,0.3851,0.0743,-0.4387,943,17.23,14.73,20.23,,55.0,7.5,,,,2.5
Gorakhpur,Uttar Pradesh,26.7611,83.3667,2021,1,-0.0029,-0.0322,0.0078,84,23.04,20.54,26.04,,55.0,7.5,,,,2.5
Guntur,Andhra Pradesh,16.3,80.45,2021,1,0.1184,-0.0176,-0.098,34,30.49,27.99,33.489999999999995,,55.0,7.5,,,,2.5
Karaikandi,Assam,24.8309,92.6143,2021,1,0.6083,-0.197,-0.5305,20,24.04,21.54,27.04,,55.0,7.5,,,,2.5
Mumbai,MahÄrÄshtra,19.0758,72.8775,2021,1,0.0734,0.0503,-0.1261,5,37.25,23.31008064516129,33.2,14.2,64.56397849462365,10.32875,0.001411290322580645,19.07283,72.88261,6.5
Kolkata,West Bengal,22.5675,88.37,2021,1,0.0777,0.0352,-0.1386,6,31.7,18.926102150537638,30.6,9.0,71.28346774193548,7.722836021505376,0.016223118279569893,22.56263,88.36304,6.5
Delhi,Delhi,28.66,77.23,2021,1,0.1379,0.0621,-0.1884,219,26.75,24.25,29.75,,55.0,7.5,,,,2.5
Chennai,Tamil NÄdu,13.0825,80.275,2021,1,0.0515,0.2469,-0.0777,9,34.24,24.796142473118277,30.5,17.3,74.35887096774194,11.460672043010751,0.02995967741935484,13.08784,80.27847,6.5
Bangalore,KarnÄtaka,12.9791,77.5913,2021,1,0.2839,-0.0456,-0.3067,924,31.57,29.07,34.57,,55.0,7.5,,,,2.5
Ahmedabad,GujarÄt,23.0219,72.5797,2021,1,0.1917,0.0348,-0.2494,52,32.28,29.78,35.28,,55.0,7.5,,,,2.5
Pune,MahÄrÄshtra,18.5211,73.8553,2021,1,0.2803,0.0052,-0.3013,554,32.91,30.409999999999997,35.91,,55.0,7.5,,,,2.5
Hyderabad,TelangÄna,17.3617,78.4747,2021,1,0.0851,0.1289,-0.1291,508,34.49,21.84111559139785,33.6,10.9,59.34206989247312,8.333333333333334,0.00836021505376344,17.38405,78.45636,6.5
Surat,GujarÄt,21.205,72.84,2021,1,0.1601,0.0954,-0.224,14,34.36,22.131034946236557,35.0,11.6,55.53709677419355,11.153575268817205,0.0017069892473118278,21.19594,72.83023,6.5
Prayagraj,Uttar Pradesh,25.45,81.85,2021,1,0.2446,0.0711,-0.3235,95,28.94,26.44,31.94,,55.0,7.5,,,,2.5
Kanpur,GujarÄt,24.285,72.6933,2021,1,0.4641,-0.0639,-0.5066,335,32.46,14.61231182795699,27.4,4.1,77.39435483870967,8.008198924731182,0.0314247311827957,26.46523,80.34975,6.5
Kanpur,Uttar Pradesh,26.4725,80.3311,2021,1,0.121,0.0418,-0.1877,132,28.57,14.61231182795699,27.4,4.1,77.39435483870967,8.008198924731182,0.0314247311827957,26.46523,80.34975,6.5
Belahi,BihÄr,25.7167,86.4,2021,1,0.2243,0.0297,-0.2364,41,24.1,21.6,27.1,,55.0,7.5,,,,2.5
Vadodara,GujarÄt,22.3,73.2,2021,1,0.139,0.0668,-0.1974,38,33.57,20.783776881720428,33.5,8.6,55.36854838709677,8.284059139784947,0.004986559139784946,22.29941,73.20812,6.5
Nadampalaiyam,Tamil NÄdu,11.1793,77.376,2021,1,0.1148,0.1105,-0.1884,318,35.71,33.21,38.71,,55.0,7.5,,,,2.5
Lucknow,Uttar Pradesh,26.847,80.947,2021,1,0.0736,0.065,-0.1218,115,28.15,14.294059139784947,26.8,3.5,77.76411290322581,8.090174731182795,0.03786290322580645,26.83928,80.92313,6.5
Kannankulam,Kerala,10.4799,76.1131,2021,1,0.6179,-0.0719,-0.5674,13,32.13,29.630000000000003,35.13,,55.0,7.5,,,,2.5
Mahuakheraganj,UttarÄkhand,29.13,78.95,2021,1,0.4301,-0.2021,-0.4267,222,23.37,20.87,26.37,,55.0,7.5,,,,2.5
Nagla,UttarÄkhand,29.01,79.51,2021,1,0.5498,-0.1956,-0.4882,227,23.88,21.38,26.88,,55.0,7.5,,,,2.5
Jaipur,RÄjasthÄn,26.915,75.82,2021,1,0.5449,-0.1423,-0.5588,441,29.84,14.308373655913979,28.1,2.7,62.82728494623656,8.242083333333333,0.02646505376344086,26.91962,75.78781,6.5
Kottarassheri,Kerala,10.6167,76.5333,2021,1,0.238,0.2878,-0.3642,147,31.65,29.15,34.65,,55.0,7.5,,,,2.5
Attadappa,Kerala,11.85,75.4167,2021,1,0.7012,-0.2576,-0.6241,37,32.7,30.200000000000003,35.7,,55.0,7.5,,,,2.5
Barmhan Kalan,Madhya Pradesh,23.0333,79.0167,2021,1,0.549,-0.0563,-0.5938,337,29.47,26.97,32.47,,55.0,7.5,,,,2.5
Gorakhpur,ChhattÄ«sgarh,22.1688,81.6042,2021,1,0.288,0.0663,-0.3828,305,31.92,29.42,34.92,,55.0,7.5,,,,2.5
Nagpur,MahÄrÄshtra,21.1497,79.0806,2021,1,0.3247,-0.0767,-0.3667,318,33.24,20.58133064516129,32.9,8.1,56.8377688172043,7.151948924731183,0.017419354838709676,21.14631,79.08491,6.5
Guwahati,Assam,26.1806,91.7502,2021,1,-0.0108,-0.001,0.0288,57,26.51,17.49366935483871,27.5,8.4,77.26733870967742,6.03396505376344,0.020026881720430108,26.1844,91.7458,6.5
Ghaziabad,Uttar Pradesh,28.6667,77.4167,2021,1,0.1425,0.0278,-0.163,211,27.41,12.96893817204301,25.4,1.9,77.63467741935484,8.6725,0.047567204301075264,28.66535,77.43915,6.5
Coimbatore,Tamil NÄdu,11.0008,76.9633,2021,1,0.238,0.0443,-0.2592,417,34.08,24.230967741935483,33.6,14.8,62.895161290322584,9.489314516129033,0.02720430107526882,11.00555,76.96612,6.5
Patna,BihÄr,25.61,85.1414,2021,1,0.1152,0.1438,-0.1965,63,27.18,15.802849462365591,26.2,7.1,77.59919354838709,8.116397849462366,0.016922043010752688,25.59408,85.13563,6.5
Rajkot,GujarÄt,22.2969,70.7984,2021,1,0.0701,0.2601,-0.1473,134,33.19,30.689999999999998,36.19,,55.0,7.5,,,,2.5
Vishakhapatnam,Andhra Pradesh,17.6939,83.2922,2021,1,0.1323,0.1687,-0.1697,12,32.44,29.939999999999998,35.44,,55.0,7.5,,,,2.5
Indore,Madhya Pradesh,22.7186,75.855,2021,1,0.0788,0.1575,-0.1725,553,32.42,17.89548387096774,31.2,6.2,60.325537634408605,8.858575268817205,0.015376344086021506,22.71792,75.8333,6.5
Abhepur,Punjab,30.6667,76.8333,2021,1,0.0652,0.0113,-0.0806,311,25.62,23.12,28.62,,55.0,7.5,,,,2.5
Gumanwala,UttarÄkhand,29.9333,77.9,2021,1,0.6117,-0.3807,-0.5299,277,22.94,20.44,25.94,,55.0,7.5,,,,2.5
Thane,MahÄrÄshtra,19.18,72.9633,2021,1,0.6543,-0.2343,-0.6003,14,34.73,23.57021505376344,35.8,11.6,59.83736559139785,7.8694758064516135,0.001532258064516129,19.19704,72.96355,6.5
Bhopal,Madhya Pradesh,23.25,77.4167,2021,1,0.1148,0.1096,-0.1727,512,29.95,17.14024193548387,31.1,6.5,64.91505376344087,8.670887096774194,0.028830645161290323,23.25469,77.40289,6.5
Agra,Uttar Pradesh,27.18,78.02,2021,1,0.2146,0.1554,-0.3003,184,28.06,13.721250000000001,26.7,3.0,77.71774193548387,7.740376344086021,0.04491935483870967,27.18333,78.01667,6.5
Peyanvilai,Tamil NÄdu,8.5674,78.1046,2021,1,0.0974,-0.081,-0.0831,8,31.33,28.83,34.33,,55.0,7.5,,,,2.5
Pimpri-Chinchwad,MahÄrÄshtra,18.6278,73.8131,2021,1,0.5802,-0.1771,-0.5793,584,33.65,20.824341397849462,33.2,8.2,59.30846774193548,6.219892473118279,0.003306451612903226,18.61867,73.80375,6.5
Harbatpur,UttarÄkhand,30.45,77.73,2021,1,0.286,-0.0883,-0.2596,445,22.67,20.17,25.67,,55.0,7.5,,,,2.5
Saundhonwali,UttarÄkhand,30.3331,77.9608,2021,1,0.0577,0.0652,-0.0942,612,24.65,22.15,27.65,,55.0,7.5,,,,2.5
Ludhiana,Punjab,30.9083,75.8486,2021,1,0.1904,-0.059,-0.2334,243,24.41,11.398319892473118,22.2,1.5,82.76639784946236,7.204583333333333,0.07833333333333332,30.91204,75.85379,6.5
Meerut,Uttar Pradesh,28.98,77.7064,2021,1,0.0911,0.0989,-0.1852,228,26.37,23.87,29.37,,55.0,7.5,,,,2.5
Madurai,Tamil NÄdu,9.9197,78.1194,2021,1,0.1448,0.2802,-0.2901,141,35.95,25.47190860215054,35.2,15.1,66.73131720430108,9.643709677419354,0.034784946236559144,9.919,78.11953,6.5
Nasik,MahÄrÄshtra,20.0,73.7833,2021,1,0.1363,0.087,-0.2245,588,33.04,30.54,36.04,,55.0,7.5,,,,2.5
Faridabad,HaryÄna,28.4167,77.3,2021,1,0.1716,0.0655,-0.2065,208,27.53,13.339932795698925,25.6,2.8,75.75255376344086,8.802217741935484,0.0397983870967742,28.41124,77.31316,6.5
Madarpur,BihÄr,26.227,84.6746,2021,1,0.1231,0.0692,-0.1924,69,24.14,21.64,27.14,,55.0,7.5,,,,2.5
Najafgarh,Delhi,28.6125,76.9847,2021,1,0.067,0.0737,-0.1312,220,26.43,23.93,29.43,,55.0,7.5,,,,2.5
Jabalpur,Madhya Pradesh,23.1667,79.9333,2021,1,0.1242,0.1286,-0.2235,399,31.09,17.15013440860215,30.9,5.1,65.45712365591397,7.502379032258064,0.023911290322580644,23.16697,79.95006,6.5
Madanpur,UttarÄkhand,29.326,79.1537,2021,1,0.6273,-0.2714,-0.5626,315,24.37,21.87,27.37,,55.0,7.5,,,,2.5
Kamalwaganja Gaur,UttarÄkhand,29.2117,79.4654,2021,1,0.3657,0.08,-0.3743,383,26.22,23.72,29.22,,55.0,7.5,,,,2.5
Kalyan,MahÄrÄshtra,19.25,73.15,2021,1,0.1838,0.111,-0.2391,10,35.57,33.07,38.57,,55.0,7.5,,,,2.5
Asansol,West Bengal,23.6833,86.9667,2021,1,0.104,0.118,-0.18,125,30.45,27.95,33.45,,55.0,7.5,,,,2.5
Vijayawada,Andhra Pradesh,16.5167,80.6167,2021,1,0.3841,-0.0315,-0.3994,27,31.4,24.579395161290325,34.7,14.9,70.73521505376344,6.980873655913978,0.01424731182795699,16.50745,80.6466,6.5
Vasai-Virar,MahÄrÄshtra,19.47,72.8,2021,1,0.0896,0.2549,-0.1533,0,36.18,33.68,39.18,,55.0,7.5,,,,2.5
Varanasi,Uttar Pradesh,25.3189,83.0128,2021,1,0.1364,0.0639,-0.2412,78,27.74,15.528897849462366,27.6,5.5,76.55483870967743,7.823266129032258,0.029704301075268818,25.31668,83.01041,6.5
Kalleli,Kerala,9.2,76.8833,2021,1,0.7656,-0.1681,-0.6947,133,32.38,29.880000000000003,35.38,,55.0,7.5,,,,2.5
Srinagar,Jammu and KashmÄ«r,34.0911,74.8061,2021,1,0.0355,0.1252,-0.0419,1595,16.83,-1.7122043010752688,14.3,-16.6,66.40900537634408,4.477352150537635,0.19651881720430106,34.08565,74.80555,6.5
Aurangabad,MahÄrÄshtra,19.88,75.32,2021,1,0.3035,0.0159,-0.3597,564,35.15,21.19081989247312,32.6,9.8,52.36438172043011,8.416451612903225,0.0035080645161290323,19.87757,75.34226,6.5
Dhanbad,JhÄrkhand,23.7928,86.435,2021,1,0.239,0.0813,-0.3311,245,30.7,17.05918010752688,30.5,6.0,67.77190860215053,7.728736559139786,0.01907258064516129,23.79759,86.42992,6.5
Amritsar,Punjab,31.6269,74.877,2021,1,0.066,-0.0029,-0.1456,234,26.16,11.167325268817203,21.6,0.7,81.14543010752688,6.424623655913978,0.07563172043010753,31.62234,74.87534,6.5
Haora,West Bengal,22.58,88.3294,2021,1,0.1575,0.0947,-0.2184,12,29.28,26.78,32.28,,55.0,7.5,,,,2.5
Ranchi,JhÄrkhand,23.3556,85.3347,2021,1,0.3803,-0.0295,-0.3797,643,30.01,15.78606182795699,27.8,5.8,64.33212365591397,8.793723118279571,0.016209677419354838,23.34316,85.3094,6.5
Gwalior,Madhya Pradesh,26.2125,78.1775,2021,1,0.0565,0.106,-0.1906,215,29.8,14.731962365591398,28.8,4.4,72.68924731182796,7.504677419354839,0.04174731182795699,26.22983,78.17337,6.5
Jodhpur,RÄjasthÄn,26.2944,73.0278,2021,1,0.1246,0.0691,-0.2163,251,31.56,16.466290322580644,29.5,4.3,51.160483870967745,10.243172043010752,0.007930107526881721,26.26841,73.00594,6.5
Chandigarh,ChandÄ«garh,30.7364,76.7883,2021,1,0.2156,-0.043,-0.1934,349,24.67,12.27198924731183,23.4,3.0,74.95833333333333,8.758077956989247,0.08446236559139784,30.73629,76.7884,6.5
Raipur,ChhattÄ«sgarh,21.2379,81.6337,2021,1,0.0941,0.0208,-0.1611,309,33.31,19.693870967741933,32.1,7.6,60.54744623655914,6.05239247311828,0.011868279569892472,21.23333,81.63333,6.5
Warangal,TelangÄna,17.9756,79.6011,2021,1,0.0887,0.101,-0.1515,269,33.27,30.770000000000003,36.27,,55.0,7.5,,,,2.5
Kota,RÄjasthÄn,25.18,75.83,2021,1,0.1779,-0.0441,-0.2845,230,29.79,16.201424731182797,30.9,4.0,65.39583333333333,6.7313575268817205,0.034408602150537634,25.18254,75.83907,6.5
Bareilly,Uttar Pradesh,28.364,79.415,2021,1,0.0012,0.1197,-0.0398,180,26.26,13.398158602150538,26.2,2.7,79.68387096774194,8.500013440860215,0.04321236559139785,28.36678,79.43167,6.5
Solapur,MahÄrÄshtra,17.6703,75.9011,2021,1,0.1247,0.0929,-0.1833,474,36.32,24.536250000000003,34.5,13.1,44.965860215053766,10.911586021505377,0.0020161290322580645,17.67152,75.91044,6.5
Hubli,KarnÄtaka,15.3108,75.0925,2021,1,0.2288,0.0899,-0.2816,618,34.81,32.31,37.81,,55.0,7.5,,,,2.5
Mysore,KarnÄtaka,12.3086,76.6531,2021,1,0.0792,0.1201,-0.1262,747,33.7,31.200000000000003,36.7,,55.0,7.5,,,,2.5
Trichinopoly,Tamil NÄdu,10.8269,78.6928,2021,1,0.2583,0.0861,-0.3026,74,34.06,31.560000000000002,37.06,,55.0,7.5,,,,2.5
Moradabad,Uttar Pradesh,28.8389,78.7769,2021,1,0.0812,0.0895,-0.1117,205,26.53,24.03,29.53,,55.0,7.5,,,,2.5
Tiruppur,Tamil NÄdu,11.1075,77.3398,2021,1,0.2388,0.0722,-0.224,305,35.84,25.208333333333332,35.5,15.6,62.428360215053765,7.9706048387096775,0.022473118279569892,11.11541,77.35456,6.5
Jamnagar,GujarÄt,22.47,70.07,2021,1,0.2389,0.2031,-0.3099,21,32.21,29.71,35.21,,55.0,7.5,,,,2.5
Gurgaon,HaryÄna,28.4667,77.0333,2021,1,0.1664,0.0051,-0.2512,224,26.33,23.83,29.33,,55.0,7.5,,,,2.5
Aligarh,Uttar Pradesh,27.88,78.08,2021,1,0.1568,-0.0029,-0.2148,190,27.76,13.301666666666666,25.8,2.9,77.90201612903226,8.30231182795699,0.043857526881720434,27.88145,78.07464,6.5
Jalandhar,Punjab,31.3256,75.5792,2021,1,0.0375,0.0129,-0.0587,242,25.76,23.26,28.76,,55.0,7.5,,,,2.5
Bhubaneshwar,Odisha,20.295,85.825,2021,1,0.135,0.0396,-0.1992,47,33.45,30.950000000000003,36.45,,55.0,7.5,,,,2.5
Bhayandar,MahÄrÄshtra,19.3,72.85,2021,1,0.23,0.1427,-0.2508,9,34.05,31.549999999999997,37.05,,55.0,7.5,,,,2.5
Narela,Delhi,28.85,77.1,2021,1,0.2656,0.1188,-0.3604,212,25.63,23.13,28.63,,55.0,7.5,,,,2.5
Shishgarh,Uttar Pradesh,28.72,79.32,2021,1,0.6696,-0.3859,-0.588,181,23.8,21.3,26.8,,55.0,7.5,,,,2.5
Thiruvananthapuram,Kerala,8.4875,76.9525,2021,1,0.0484,0.0794,-0.1116,15,36.98,34.48,39.98,,55.0,7.5,,,,2.5
Dispur,Assam,26.15,91.77,2021,1,0.0688,0.0446,-0.0402,116,27.44,24.94,30.44,,55.0,7.5,,,,2.5
Durgapur,West Bengal,23.55,87.32,2021,1,0.197,0.0545,-0.2327,90,31.28,28.78,34.28,,55.0,7.5,,,,2.5
Bhiwandi,MahÄrÄshtra,19.3,73.0667,2021,1,0.0746,0.0394,-0.1574,25,39.21,36.71,42.21,,55.0,7.5,,,,2.5
Saharanpur,Uttar Pradesh,29.964,77.546,2021,1,-0.0525,0.1207,0.0528,280,25.99,23.49,28.99,,55.0,7.5,,,,2.5
Shiliguri,West Bengal,26.72,88.42,2021,1,0.1207,0.0719,-0.1782,119,29.58,27.08,32.58,,55.0,7.5,,,,2.5
Avadi,Tamil NÄdu,13.1147,80.1098,2021,1,0.3219,0.0154,-0.3199,32,33.75,31.25,36.75,,55.0,7.5,,,,2.5
Salem,Tamil NÄdu,11.65,78.1667,2021,1,0.0652,0.0994,-0.2027,285,36.26,33.76,39.26,,55.0,7.5,,,,2.5
Jui,UttarÄkhand,29.67,78.9098,2021,1,0.6867,-0.0876,-0.6332,890,21.73,19.23,24.73,,55.0,7.5,,,,2.5
Amaldu,UttarÄkhand,29.9333,78.5333,2021,1,0.2448,0.184,-0.3591,1406,21.99,19.49,24.99,,55.0,7.5,,,,2.5
Kimsar,Jammu and KashmÄ«r,34.5,74.5333,2021,1,0.3201,-0.673,-0.3423,3058,1.14,-1.36,4.14,,55.0,7.5,,,,2.5
Sinduri,HimÄchal Pradesh,30.7167,77.15,2021,1,0.3069,0.0975,-0.388,943,22.28,19.78,25.28,,55.0,7.5,,,,2.5
Gorakhpur,Uttar Pradesh,26.7611,83.3667,2021,1,0.1069,0.0669,-0.149,84,26.61,24.11,29.61,,55.0,7.5,,,,2.5
Guntur,Andhra Pradesh,16.3,80.45,2021,1,0.1666,0.1001,-0.1857,34,35.15,32.65,38.15,,55.0,7.5,,,,2.5
Karaikandi,Assam,24.8309,92.6143,2021,1,0.5674,-0.1439,-0.4869,20,28.28,25.78,31.28,,55.0,7.5,,,,2.5
Mumbai,MahÄrÄshtra,19.0758,72.8775,2021,1,0.0678,0.1057,-0.1282,5,39.81,23.31008064516129,33.2,14.2,64.56397849462365,10.32875,0.001411290322580645,19.07283,72.88261,6.5
Kolkata,West Bengal,22.5675,88.37,2021,1,0.0611,0.0643,-0.1162,6,36.37,18.926102150537638,30.6,9.0,71.28346774193548,7.722836021505376,0.016223118279569893,22.56263,88.36304,6.5
Delhi,Delhi,28.66,77.23,2021,1,0.142,0.0254,-0.2272,219,33.66,31.159999999999997,36.66,,55.0,7.5,,,,2.5
Chennai,Tamil NÄdu,13.0825,80.275,2021,1,0.0597,0.2462,-0.104,9,37.06,24.796142473118277,30.5,17.3,74.35887096774194,11.460672043010751,0.02995967741935484,13.08784,80.27847,6.5
Bangalore,KarnÄtaka,12.9791,77.5913,2021,1,0.4097,-0.1275,-0.4237,924,35.75,33.25,38.75,,55.0,7.5,,,,2.5
Ahmedabad,GujarÄt,23.0219,72.5797,2021,1,0.1666,0.0487,-0.2305,52,38.26,35.76,41.26,,55.0,7.5,,,,2.5
Pune,MahÄrÄshtra,18.5211,73.8553,2021,1,0.3095,-0.0033,-0.3428,554,37.77,35.27,40.77,,55.0,7.5,,,,2.5
Hyderabad,TelangÄna,17.3617,78.4747,2021,1,0.1069,0.1483,-0.2028,508,38.74,21.84111559139785,33.6,10.9,59.34206989247312,8.333333333333334,0.00836021505376344,17.38405,78.45636,6.5
Surat,GujarÄt,21.205,72.84,2021,1,0.1653,0.0758,-0.2429,14,39.73,22.131034946236557,35.0,11.6,55.53709677419355,11.153575268817205,0.0017069892473118278,21.19594,72.83023,6.5
Prayagraj,Uttar Pradesh,25.45,81.85,2021,1,0.2609,0.0514,-0.341,95,35.08,32.58,38.08,,55.0,7.5,,,,2.5
Kanpur,GujarÄt,24.285,72.6933,2021,1,0.4246,-0.0266,-0.4774,335,40.78,14.61231182795699,27.4,4.1,77.39435483870967,8.008198924731182,0.0314247311827957,26.46523,80.34975,6.5
Kanpur,Uttar Pradesh,26.4725,80.3311,2021,1,0.0951,0.0485,-0.172,132,35.29,14.61231182795699,27.4,4.1,77.39435483870967,8.008198924731182,0.0314247311827957,26.46523,80.34975,6.5
Belahi,BihÄr,25.7167,86.4,2021,1,0.4304,-0.1218,-0.4248,41,28.05,25.55,31.05,,55.0,7.5,,,,2.5
Vadodara,GujarÄt,22.3,73.2,2021,1,0.188,0.0375,-0.251,38,39.21,20.783776881720428,33.5,8.6,55.36854838709677,8.284059139784947,0.004986559139784946,22.29941,73.20812,6.5
Nadampalaiyam,Tamil NÄdu,11.1793,77.376,2021,1,0.1365,0.1092,-0.2122,318,40.55,38.05,43.55,,55.0,7.5,,,,2.5
Lucknow,Uttar Pradesh,26.847,80.947,2021,1,0.08,0.0918,-0.1444,115,34.11,14.294059139784947,26.8,3.5,77.76411290322581,8.090174731182795,0.03786290322580645,26.83928,80.92313,6.5
Kannankulam,Kerala,10.4799,76.1131,2021,1,0.4269,-0.0845,-0.359,13,34.6,32.1,37.6,,55.0,7.5,,,,2.5
Mahuakheraganj,UttarÄkhand,29.13,78.95,2021,1,0.2408,-0.085,-0.2537,222,29.66,27.16,32.66,,55.0,7.5,,,,2.5
Nagla,UttarÄkhand,29.01,79.51,2021,1,0.4011,-0.1179,-0.3984,227,28.77,26.27,31.77,,55.0,7.5,,,,2.5
Jaipur,RÄjasthÄn,26.915,75.82,2021,1,0.4842,-0.0883,-0.5004,441,35.3,14.308373655913979,28.1,2.7,62.82728494623656,8.242083333333333,0.02646505376344086,26.91962,75.78781,6.5
Kottarassheri,Kerala,10.6167,76.5333,2021,1,0.2305,0.2849,-0.3543,147,33.55,31.049999999999997,36.55,,55.0,7.5,,,,2.5
Attadappa,Kerala,11.85,75.4167,2021,1,0.657,-0.2177,-0.59,37,33.67,31.17,36.67,,55.0,7.5,,,,2.5
Barmhan Kalan,Madhya Pradesh,23.0333,79.0167,2021,1,0.4134,-0.0405,-0.4637,337,37.6,35.1,40.6,,55.0,7.5,,,,2.5
Gorakhpur,ChhattÄ«sgarh,22.1688,81.6042,2021,1,0.2572,0.1107,-0.3637,305,39.33,36.83,42.33,,55.0,7.5,,,,2.5
Nagpur,MahÄrÄshtra,21.1497,79.0806,2021,1,0.3117,-0.0315,-0.3808,318,36.91,20.58133064516129,32.9,8.1,56.8377688172043,7.151948924731183,0.017419354838709676,21.14631,79.08491,6.5
Guwahati,Assam,26.1806,91.7502,2021,1,0.0075,0.127,-0.0555,57,29.44,17.49366935483871,27.5,8.4,77.26733870967742,6.03396505376344,0.020026881720430108,26.1844,91.7458,6.5
Ghaziabad,Uttar Pradesh,28.6667,77.4167,2021,1,0.1692,0.0057,-0.21,211,34.02,12.96893817204301,25.4,1.9,77.63467741935484,8.6725,0.047567204301075264,28.66535,77.43915,6.5
Coimbatore,Tamil NÄdu,11.0008,76.9633,2021,1,0.2373,0.0832,-0.2655,417,38.37,24.230967741935483,33.6,14.8,62.895161290322584,9.489314516129033,0.02720430107526882,11.00555,76.96612,6.5
Patna,BihÄr,25.61,85.1414,2021,1,0.1039,0.1468,-0.2166,63,33.79,15.802849462365591,26.2,7.1,77.59919354838709,8.116397849462366,0.016922043010752688,25.59408,85.13563,6.5
Rajkot,GujarÄt,22.2969,70.7984,2021,1,0.0971,0.2158,-0.1923,134,40.11,37.61,43.11,,55.0,7.5,,,,2.5
Vishakhapatnam,Andhra Pradesh,17.6939,83.2922,2021,1,0.1184,0.0969,-0.1418,12,34.64,32.14,37.64,,55.0,7.5,,,,2.5
Indore,Madhya Pradesh,22.7186,75.855,2021,1,0.082,0.1602,-0.1869,553,38.86,17.89548387096774,31.2,6.2,60.325537634408605,8.858575268817205,0.015376344086021506,22.71792,75.8333,6.5
Abhepur,Punjab,30.6667,76.8333,2021,1,0.1708,-0.0117,-0.24,311,32.51,30.009999999999998,35.51,,55.0,7.5,,,,2.5
Gumanwala,UttarÄkhand,29.9333,77.9,2021,1,0.5404,-0.1988,-0.5407,277,29.12,26.62,32.120000000000005,,55.0,7.5,,,,2.5
Thane,MahÄrÄshtra,19.18,72.9633,2021,1,0.6187,-0.2231,-0.6068,14,37.63,23.57021505376344,35.8,11.6,59.83736559139785,7.8694758064516135,0.001532258064516129,19.19704,72.96355,6.5
Bhopal,Madhya Pradesh,23.25,77.4167,2021,1,0.0943,0.1056,-0.1588,512,35.51,17.14024193548387,31.1,6.5,64.91505376344087,8.670887096774194,0.028830645161290323,23.25469,77.40289,6.5
Agra,Uttar Pradesh,27.18,78.02,2021,1,0.1958,0.1073,-0.3256,184,35.31,13.721250000000001,26.7,3.0,77.71774193548387,7.740376344086021,0.04491935483870967,27.18333,78.01667,6.5
Peyanvilai,Tamil NÄdu,8.5674,78.1046,2021,1,0.3977,-0.0796,-0.3966,8,33.37,30.869999999999997,36.37,,55.0,7.5,,,,2.5
Pimpri-Chinchwad,MahÄrÄshtra,18.6278,73.8131,2021,1,0.7156,-0.2869,-0.6986,584,39.34,20.824341397849462,33.2,8.2,59.30846774193548,6.219892473118279,0.003306451612903226,18.61867,73.80375,6.5
Harbatpur,UttarÄkhand,30.45,77.73,2021,1,0.2763,0.0338,-0.3354,445,29.07,26.57,32.07,,55.0,7.5,,,,2.5
Saundhonwali,UttarÄkhand,30.3331,77.9608,2021,1,0.0625,0.0576,-0.1405,612,30.66,28.16,33.66,,55.0,7.5,,,,2.5
Ludhiana,Punjab,30.9083,75.8486,2021,1,0.1538,-0.0762,-0.1896,243,30.54,11.398319892473118,22.2,1.5,82.76639784946236,7.204583333333333,0.07833333333333332,30.91204,75.85379,6.5
Meerut,Uttar Pradesh,28.98,77.7064,2021,1,0.1144,0.0625,-0.1957,228,33.63,31.130000000000003,36.63,,55.0,7.5,,,,2.5
Madurai,Tamil NÄdu,9.9197,78.1194,2021,1,0.1168,0.2871,-0.2716,141,39.37,25.47190860215054,35.2,15.1,66.73131720430108,9.643709677419354,0.034784946236559144,9.919,78.11953,6.5
Nasik,MahÄrÄshtra,20.0,73.7833,2021,1,0.1374,0.0777,-0.2225,588,39.0,36.5,42.0,,55.0,7.5,,,,2.5
Faridabad,HaryÄna,28.4167,77.3,2021,1,0.2267,0.0294,-0.2693,208,34.19,13.339932795698925,25.6,2.8,75.75255376344086,8.802217741935484,0.0397983870967742,28.41124,77.31316,6.5
Madarpur,BihÄr,26.227,84.6746,2021,1,0.1759,-0.0087,-0.2116,69,30.66,28.16,33.66,,55.0,7.5,,,,2.5
Najafgarh,Delhi,28.6125,76.9847,2021,1,0.0792,0.0724,-0.1538,220,33.51,31.009999999999998,36.51,,55.0,7.5,,,,2.5
Jabalpur,Madhya Pradesh,23.1667,79.9333,2021,1,0.1113,0.1297,-0.2083,399,37.92,17.15013440860215,30.9,5.1,65.45712365591397,7.502379032258064,0.023911290322580644,23.16697,79.95006,6.5
Madanpur,UttarÄkhand,29.326,79.1537,2021,1,0.5552,-0.2667,-0.5005,315,30.0,27.5,33.0,,55.0,7.5,,,,2.5
Kamalwaganja Gaur,UttarÄkhand,29.2117,79.4654,2021,1,0.2097,0.0908,-0.2462,383,32.0,29.5,35.0,,55.0,7.5,,,,2.5
Kalyan,MahÄrÄshtra,19.25,73.15,2021,1,0.1893,0.0974,-0.2524,10,39.43,36.93,42.43,,55.0,7.5,,,,2.5
Asansol,West Bengal,23.6833,86.9667,2021,1,0.1448,0.1211,-0.2411,125,35.06,32.56,38.06,,55.0,7.5,,,,2.5
Vijayawada,Andhra Pradesh,16.5167,80.6167,2021,1,0.3168,0.046,-0.3559,27,34.7,24.579395161290325,34.7,14.9,70.73521505376344,6.980873655913978,0.01424731182795699,16.50745,80.6466,6.5
Vasai-Virar,MahÄrÄshtra,19.47,72.8,2021,1,0.1071,0.2618,-0.187,0,39.37,36.87,42.37,,55.0,7.5,,,,2.5
Varanasi,Uttar Pradesh,25.3189,83.0128,2021,1,0.1488,0.0457,-0.2558,78,34.1,15.528897849462366,27.6,5.5,76.55483870967743,7.823266129032258,0.029704301075268818,25.31668,83.01041,6.5
Kalleli,Kerala,9.2,76.8833,2021,1,0.8951,-0.2957,-0.7771,133,32.35,29.85,35.35,,55.0,7.5,,,,2.5
Srinagar,Jammu and KashmÄ«r,34.0911,74.8061,2021,1,0.0879,0.0948,-0.113,1595,24.7,-1.7122043010752688,14.3,-16.6,66.40900537634408,4.477352150537635,0.19651881720430106,34.08565,74.80555,6.5
Aurangabad,MahÄrÄshtra,19.88,75.32,2021,1,0.2488,0.026,-0.2899,564,41.17,21.19081989247312,32.6,9.8,52.36438172043011,8.416451612903225,0.0035080645161290323,19.87757,75.34226,6.5
Dhanbad,JhÄrkhand,23.7928,86.435,2021,1,0.3666,0.0132,-0.4331,245,35.59,17.05918010752688,30.5,6.0,67.77190860215053,7.728736559139786,0.01907258064516129,23.79759,86.42992,6.5
Amritsar,Punjab,31.6269,74.877,2021,1,0.0571,-0.0191,-0.1298,234,31.0,11.167325268817203,21.6,0.7,81.14543010752688,6.424623655913978,0.07563172043010753,31.62234,74.87534,6.5
Haora,West Bengal,22.58,88.3294,2021,1,0.129,0.0815,-0.1817,12,34.4,31.9,37.4,,55.0,7.5,,,,2.5
Ranchi,JhÄrkhand,23.3556,85.3347,2021,1,0.4727,-0.0648,-0.5037,643,35.36,15.78606182795699,27.8,5.8,64.33212365591397,8.793723118279571,0.016209677419354838,23.34316,85.3094,6.5
Gwalior,Madhya Pradesh,26.2125,78.1775,2021,1,0.0751,0.0838,-0.1644,215,35.87,14.731962365591398,28.8,4.4,72.68924731182796,7.504677419354839,0.04174731182795699,26.22983,78.17337,6.5
Jodhpur,RÄjasthÄn,26.2944,73.0278,2021,1,0.0998,0.0762,-0.1744,251,36.76,16.466290322580644,29.5,4.3,51.160483870967745,10.243172043010752,0.007930107526881721,26.26841,73.00594,6.5
Chandigarh,ChandÄ«garh,30.7364,76.7883,2021,1,0.399,-0.0659,-0.4217,349,31.2,12.27198924731183,23.4,3.0,74.95833333333333,8.758077956989247,0.08446236559139784,30.73629,76.7884,6.5
Raipur,ChhattÄ«sgarh,21.2379,81.6337,2021,1,0.1081,0.0558,-0.1768,309,37.22,19.693870967741933,32.1,7.6,60.54744623655914,6.05239247311828,0.011868279569892472,21.23333,81.63333,6.5
Warangal,TelangÄna,17.9756,79.6011,2021,1,0.1032,0.1123,-0.1794,269,36.28,33.78,39.28,,55.0,7.5,,,,2.5
Kota,RÄjasthÄn,25.18,75.83,2021,1,0.1493,-0.0305,-0.2621,230,36.64,16.201424731182797,30.9,4.0,65.39583333333333,6.7313575268817205,0.034408602150537634,25.18254,75.83907,6.5
Bareilly,Uttar Pradesh,28.364,79.415,2021,1,0.0774,0.0888,-0.1619,180,32.56,13.398158602150538,26.2,2.7,79.68387096774194,8.500013440860215,0.04321236559139785,28.36678,79.43167,6.5
Solapur,MahÄrÄshtra,17.6703,75.9011,2021,1,0.1175,0.1035,-0.187,474,41.45,24.536250000000003,34.5,13.1,44.965860215053766,10.911586021505377,0.0020161290322580645,17.67152,75.91044,6.5
Hubli,KarnÄtaka,15.3108,75.0925,2021,1,0.2098,0.1302,-0.2687,618,39.76,37.26,42.76,,55.0,7.5,,,,2.5
Mysore,KarnÄtaka,12.3086,76.6531,2021,1,0.0925,0.1248,-0.1549,747,38.11,35.61,41.11,,55.0,7.5,,,,2.5
Trichinopoly,Tamil NÄdu,10.8269,78.6928,2021,1,0.2518,0.0737,-0.2982,74,36.75,34.25,39.75,,55.0,7.5,,,,2.5
Moradabad,Uttar Pradesh,28.8389,78.7769,2021,1,0.2145,0.0408,-0.3029,205,32.88,30.380000000000003,35.88,,55.0,7.5,,,,2.5
Tiruppur,Tamil NÄdu,11.1075,77.3398,2021,1,0.2819,0.0835,-0.3092,305,39.13,25.208333333333332,35.5,15.6,62.428360215053765,7.9706048387096775,0.022473118279569892,11.11541,77.35456,6.5
Jamnagar,GujarÄt,22.47,70.07,2021,1,0.1942,0.1162,-0.2857,21,39.0,36.5,42.0,,55.0,7.5,,,,2.5
Gurgaon,HaryÄna,28.4667,77.0333,2021,1,0.1152,0.0251,-0.2048,224,33.95,31.450000000000003,36.95,,55.0,7.5,,,,2.5
Aligarh,Uttar Pradesh,27.88,78.08,2021,1,0.1618,0.0067,-0.2052,190,34.25,13.301666666666666,25.8,2.9,77.90201612903226,8.30231182795699,0.043857526881720434,27.88145,78.07464,6.5
Jalandhar,Punjab,31.3256,75.5792,2021,1,0.1155,0.0444,-0.157,242,31.38,28.88,34.379999999999995,,55.0,7.5,,,,2.5
Bhubaneshwar,Odisha,20.295,85.825,2021,1,0.1069,0.0306,-0.164,47,35.81,33.31,38.81,,55.0,7.5,,,,2.5
Bhayandar,MahÄrÄshtra,19.3,72.85,2021,1,0.2395,0.1414,-0.2929,9,37.54,35.04,40.54,,55.0,7.5,,,,2.5
Narela,Delhi,28.85,77.1,2021,1,0.2556,0.0844,-0.3692,212,32.41,29.909999999999997,35.41,,55.0,7.5,,,,2.5
Shishgarh,Uttar Pradesh,28.72,79.32,2021,1,0.4716,-0.1837,-0.5029,181,29.51,27.01,32.510000000000005,,55.0,7.5,,,,2.5
Thiruvananthapuram,Kerala,8.4875,76.9525,2021,1,0.0548,0.079,-0.0799,15,37.81,35.31,40.81,,55.0,7.5,,,,2.5
Dispur,Assam,26.15,91.77,2021,1,0.3134,0.116,-0.3417,116,30.78,28.28,33.78,,55.0,7.5,,,,2.5
Durgapur,West Bengal,23.55,87.32,2021,1,0.203,0.0613,-0.2586,90,35.9,33.4,38.9,,55.0,7.5,,,,2.5
Bhiwandi,MahÄrÄshtra,19.3,73.0667,2021,1,0.0423,0.0025,-0.0687,25,42.77,40.27,45.77,,55.0,7.5,,,,2.5
Saharanpur,Uttar Pradesh,29.964,77.546,2021,1,0.1081,0.0756,-0.1561,280,32.76,30.259999999999998,35.76,,55.0,7.5,,,,2.5
Shiliguri,West Bengal,26.72,88.42,2021,1,0.0767,0.062,-0.0536,119,32.8,30.299999999999997,35.8,,55.0,7.5,,,,2.5
Avadi,Tamil NÄdu,13.1147,80.1098,2021,1,0.2286,0.0974,-0.2713,32,36.67,34.17,39.67,,55.0,7.5,,,,2.5
Salem,Tamil NÄdu,11.65,78.1667,2021,1,0.0626,0.1289,-0.1833,285,40.32,37.82,43.32,,55.0,7.5,,,,2.5
Jui,UttarÄkhand,29.67,78.9098,2021,1,0.6509,-0.0572,-0.6164,890,27.13,24.63,30.13,,55.0,7.5,,,,2.5
Amaldu,UttarÄkhand,29.9333,78.5333,2021,1,0.1847,0.1509,-0.2912,1406,29.55,27.05,32.55,,55.0,7.5,,,,2.5
Kimsar,Jammu and KashmÄ«r,34.5,74.5333,2021,1,0.0569,-0.3952,-0.0705,3058,1.52,-0.98,4.52,,55.0,7.5,,,,2.5
Sinduri,HimÄchal Pradesh,30.7167,77.15,2021,1,0.3171,0.0463,-0.4078,943,28.44,25.94,31.44,,55.0,7.5,,,,2.5
Gorakhpur,Uttar Pradesh,26.7611,83.3667,2021,1,0.1301,0.0918,-0.2356,84,33.99,31.490000000000002,36.99,,55.0,7.5,,,,2.5
Guntur,Andhra Pradesh,16.3,80.45,2021,1,0.1947,0.0987,-0.2603,34,38.31,35.81,41.31,,55.0,7.5,,,,2.5
Karaikandi,Assam,24.8309,92.6143,2021,1,0.5245,-0.1395,-0.4619,20,31.88,29.38,34.879999999999995,,55.0,7.5,,,,2.5
Mumbai,MahÄrÄshtra,19.0758,72.8775,2021,1,0.0641,0.0682,-0.1266,5,40.15,23.31008064516129,33.2,14.2,64.56397849462365,10.32875,0.001411290322580645,19.07283,72.88261,6.5
Kolkata,West Bengal,22.5675,88.37,2021,1,0.0875,0.0508,-0.173,6,38.8,18.926102150537638,30.6,9.0,71.28346774193548,7.722836021505376,0.016223118279569893,22.56263,88.36304,6.5
Delhi,Delhi,28.66,77.23,2021,1,0.1612,0.091,-0.3037,219,37.46,34.96,40.46,,55.0,7.5,,,,2.5
Chennai,Tamil NÄdu,13.0825,80.275,2021,1,0.0533,0.2041,-0.0916,9,35.57,24.796142473118277,30.5,17.3,74.35887096774194,11.460672043010751,0.02995967741935484,13.08784,80.27847,6.5
Bangalore,KarnÄtaka,12.9791,77.5913,2021,1,0.2773,-0.0171,-0.2989,924,32.58,30.08,35.58,,55.0,7.5,,,,2.5
Ahmedabad,GujarÄt,23.0219,72.5797,2021,1,0.229,0.0392,-0.2778,52,41.69,39.19,44.69,,55.0,7.5,,,,2.5
Pune,MahÄrÄshtra,18.5211,73.8553,2021,1,0.3707,-0.0367,-0.3859,554,38.54,36.04,41.54,,55.0,7.5,,,,2.5
Hyderabad,TelangÄna,17.3617,78.4747,2021,1,0.0868,0.0965,-0.1686,508,39.36,21.84111559139785,33.6,10.9,59.34206989247312,8.333333333333334,0.00836021505376344,17.38405,78.45636,6.5
Surat,GujarÄt,21.205,72.84,2021,1,0.1041,0.0757,-0.1711,14,41.69,22.131034946236557,35.0,11.6,55.53709677419355,11.153575268817205,0.0017069892473118278,21.19594,72.83023,6.5
Prayagraj,Uttar Pradesh,25.45,81.85,2021,1,0.2829,0.0307,-0.3717,95,39.39,36.89,42.39,,55.0,7.5,,,,2.5
Kanpur,GujarÄt,24.285,72.6933,2021,1,0.3794,-0.018,-0.4387,335,44.88,14.61231182795699,27.4,4.1,77.39435483870967,8.008198924731182,0.0314247311827957,26.46523,80.34975,6.5
Kanpur,Uttar Pradesh,26.4725,80.3311,2021,1,0.1023,0.0592,-0.1581,132,38.59,14.61231182795699,27.4,4.1,77.39435483870967,8.008198924731182,0.0314247311827957,26.46523,80.34975,6.5
Belahi,BihÄr,25.7167,86.4,2021,1,0.4665,-0.0831,-0.4433,41,32.51,30.009999999999998,35.51,,55.0,7.5,,,,2.5
Vadodara,GujarÄt,22.3,73.2,2021,1,0.1816,0.0603,-0.2359,38,42.63,20.783776881720428,33.5,8.6,55.36854838709677,8.284059139784947,0.004986559139784946,22.29941,73.20812,6.5
Nadampalaiyam,Tamil NÄdu,11.1793,77.376,2021,1,0.1244,0.1415,-0.1981,318,40.14,37.64,43.14,,55.0,7.5,,,,2.5
Lucknow,Uttar Pradesh,26.847,80.947,2021,1,0.1064,0.0751,-0.1845,115,38.57,14.294059139784947,26.8,3.5,77.76411290322581,8.090174731182795,0.03786290322580645,26.83928,80.92313,6.5
Kannankulam,Kerala,10.4799,76.1131,2021,1,0.2391,-0.052,-0.2466,13,29.16,26.66,32.16,,55.0,7.5,,,,2.5
Mahuakheraganj,UttarÄkhand,29.13,78.95,2021,1,0.1506,0.0537,-0.2336,222,37.34,34.84,40.34,,55.0,7.5,,,,2.5
Nagla,UttarÄkhand,29.01,79.51,2021,1,0.3088,0.0258,-0.3848,227,36.64,34.14,39.64,,55.0,7.5,,,,2.5
Jaipur,RÄjasthÄn,26.915,75.82,2021,1,0.4258,-0.0664,-0.4583,441,39.8,14.308373655913979,28.1,2.7,62.82728494623656,8.242083333333333,0.02646505376344086,26.91962,75.78781,6.5
Kottarassheri,Kerala,10.6167,76.5333,2021,1,0.122,0.0905,-0.0485,147,32.07,29.57,35.07,,55.0,7.5,,,,2.5
Attadappa,Kerala,11.85,75.4167,2021,1,0.682,-0.2152,-0.6063,37,36.06,33.56,39.06,,55.0,7.5,,,,2.5
Barmhan Kalan,Madhya Pradesh,23.0333,79.0167,2021,1,0.3971,-0.0129,-0.4567,337,41.46,38.96,44.46,,55.0,7.5,,,,2.5
Gorakhpur,ChhattÄ«sgarh,22.1688,81.6042,2021,1,0.1836,0.1353,-0.3131,305,43.33,40.83,46.33,,55.0,7.5,,,,2.5
Nagpur,MahÄrÄshtra,21.1497,79.0806,2021,1,0.2739,0.0027,-0.3527,318,41.98,20.58133064516129,32.9,8.1,56.8377688172043,7.151948924731183,0.017419354838709676,21.14631,79.08491,6.5
Guwahati,Assam,26.1806,91.7502,2021,1,0.077,0.1231,-0.1238,57,29.83,17.49366935483871,27.5,8.4,77.26733870967742,6.03396505376344,0.020026881720430108,26.1844,91.7458,6.5
Ghaziabad,Uttar Pradesh,28.6667,77.4167,2021,1,0.1787,0.0274,-0.2442,211,38.76,12.96893817204301,25.4,1.9,77.63467741935484,8.6725,0.047567204301075264,28.66535,77.43915,6.5
Coimbatore,Tamil NÄdu,11.0008,76.9633,2021,1,0.1451,0.0405,-0.1631,417,38.43,24.230967741935483,33.6,14.8,62.895161290322584,9.489314516129033,0.02720430107526882,11.00555,76.96612,6.5
Patna,BihÄr,25.61,85.1414,2021,1,0.1144,0.1282,-0.2153,63,35.88,15.802849462365591,26.2,7.1,77.59919354838709,8.116397849462366,0.016922043010752688,25.59408,85.13563,6.5
Rajkot,GujarÄt,22.2969,70.7984,2021,1,0.0603,0.1952,-0.1484,134,43.1,40.6,46.1,,55.0,7.5,,,,2.5
Vishakhapatnam,Andhra Pradesh,17.6939,83.2922,2021,1,0.2381,0.0779,-0.2651,12,34.09,31.590000000000003,37.09,,55.0,7.5,,,,2.5
Indore,Madhya Pradesh,22.7186,75.855,2021,1,0.107,0.1322,-0.1905,553,41.64,17.89548387096774,31.2,6.2,60.325537634408605,8.858575268817205,0.015376344086021506,22.71792,75.8333,6.5
Abhepur,Punjab,30.6667,76.8333,2021,1,0.1506,0.0124,-0.2273,311,38.26,35.76,41.26,,55.0,7.5,,,,2.5
Gumanwala,UttarÄkhand,29.9333,77.9,2021,1,0.1764,0.0526,-0.3294,277,36.07,33.57,39.07,,55.0,7.5,,,,2.5
Thane,MahÄrÄshtra,19.18,72.9633,2021,1,0.6129,-0.1853,-0.6404,14,38.62,23.57021505376344,35.8,11.6,59.83736559139785,7.8694758064516135,0.001532258064516129,19.19704,72.96355,6.5
Bhopal,Madhya Pradesh,23.25,77.4167,2021,1,0.1063,0.0806,-0.1711,512,38.12,17.14024193548387,31.1,6.5,64.91505376344087,8.670887096774194,0.028830645161290323,23.25469,77.40289,6.5
Agra,Uttar Pradesh,27.18,78.02,2021,1,0.2095,0.0932,-0.2985,184,39.86,13.721250000000001,26.7,3.0,77.71774193548387,7.740376344086021,0.04491935483870967,27.18333,78.01667,6.5
Peyanvilai,Tamil NÄdu,8.5674,78.1046,2021,1,0.417,-0.058,-0.4027,8,35.32,32.82,38.32,,55.0,7.5,,,,2.5
Pimpri-Chinchwad,MahÄrÄshtra,18.6278,73.8131,2021,1,0.6975,-0.2591,-0.6893,584,40.05,20.824341397849462,33.2,8.2,59.30846774193548,6.219892473118279,0.003306451612903226,18.61867,73.80375,6.5
Harbatpur,UttarÄkhand,30.45,77.73,2021,1,0.229,0.0443,-0.3095,445,35.69,33.19,38.69,,55.0,7.5,,,,2.5
Saundhonwali,UttarÄkhand,30.3331,77.9608,2021,1,0.0347,0.0628,-0.1081,612,36.23,33.73,39.23,,55.0,7.5,,,,2.5
Ludhiana,Punjab,30.9083,75.8486,2021,1,0.2299,-0.0461,-0.282,243,39.02,11.398319892473118,22.2,1.5,82.76639784946236,7.204583333333333,0.07833333333333332,30.91204,75.85379,6.5
Meerut,Uttar Pradesh,28.98,77.7064,2021,1,0.1032,0.0727,-0.1705,228,39.46,36.96,42.46,,55.0,7.5,,,,2.5
Madurai,Tamil NÄdu,9.9197,78.1194,2021,1,0.1291,0.271,-0.245,141,38.56,25.47190860215054,35.2,15.1,66.73131720430108,9.643709677419354,0.034784946236559144,9.919,78.11953,6.5
Nasik,MahÄrÄshtra,20.0,73.7833,2021,1,0.1157,0.1,-0.1995,588,41.76,39.26,44.76,,55.0,7.5,,,,2.5
Faridabad,HaryÄna,28.4167,77.3,2021,1,0.2842,0.0155,-0.3224,208,39.12,13.339932795698925,25.6,2.8,75.75255376344086,8.802217741935484,0.0397983870967742,28.41124,77.31316,6.5
Madarpur,BihÄr,26.227,84.6746,2021,1,0.1323,0.0809,-0.2249,69,37.12,34.62,40.12,,55.0,7.5,,,,2.5
Najafgarh,Delhi,28.6125,76.9847,2021,1,0.0673,0.0884,-0.146,220,38.48,35.98,41.48,,55.0,7.5,,,,2.5
Jabalpur,Madhya Pradesh,23.1667,79.9333,2021,1,0.1055,0.1091,-0.2025,399,41.16,17.15013440860215,30.9,5.1,65.45712365591397,7.502379032258064,0.023911290322580644,23.16697,79.95006,6.5
Madanpur,UttarÄkhand,29.326,79.1537,2021,1,0.2997,0.0104,-0.4114,315,38.3,35.8,41.3,,55.0,7.5,,,,2.5
Kamalwaganja Gaur,UttarÄkhand,29.2117,79.4654,2021,1,0.2509,0.145,-0.3198,383,39.3,36.8,42.3,,55.0,7.5,,,,2.5
Kalyan,MahÄrÄshtra,19.25,73.15,2021,1,0.1806,0.1011,-0.2653,10,40.96,38.46,43.96,,55.0,7.5,,,,2.5
Asansol,West Bengal,23.6833,86.9667,2021,1,0.1465,0.1268,-0.1952,125,38.11,35.61,41.11,,55.0,7.5,,,,2.5
Vijayawada,Andhra Pradesh,16.5167,80.6167,2021,1,0.2546,0.0135,-0.2696,27,34.94,24.579395161290325,34.7,14.9,70.73521505376344,6.980873655913978,0.01424731182795699,16.50745,80.6466,6.5
Vasai-Virar,MahÄrÄshtra,19.47,72.8,2021,1,0.1379,0.2384,-0.2259,0,40.08,37.58,43.08,,55.0,7.5,,,,2.5
Varanasi,Uttar Pradesh,25.3189,83.0128,2021,1,0.1512,0.0723,-0.245,78,38.04,15.528897849462366,27.6,5.5,76.55483870967743,7.823266129032258,0.029704301075268818,25.31668,83.01041,6.5
Kalleli,Kerala,9.2,76.8833,2021,1,0.5249,-0.3057,-0.4277,133,29.38,26.88,32.379999999999995,,55.0,7.5,,,,2.5
Srinagar,Jammu and KashmÄ«r,34.0911,74.8061,2021,1,0.1329,0.1199,-0.2017,1595,29.35,-1.7122043010752688,14.3,-16.6,66.40900537634408,4.477352150537635,0.19651881720430106,34.08565,74.80555,6.5
Aurangabad,MahÄrÄshtra,19.88,75.32,2021,1,0.2266,0.0385,-0.2664,564,43.71,21.19081989247312,32.6,9.8,52.36438172043011,8.416451612903225,0.0035080645161290323,19.87757,75.34226,6.5
Dhanbad,JhÄrkhand,23.7928,86.435,2021,1,0.3514,0.0123,-0.4118,245,40.38,17.05918010752688,30.5,6.0,67.77190860215053,7.728736559139786,0.01907258064516129,23.79759,86.42992,6.5
Amritsar,Punjab,31.6269,74.877,2021,1,0.0676,0.0066,-0.1405,234,36.63,11.167325268817203,21.6,0.7,81.14543010752688,6.424623655913978,0.07563172043010753,31.62234,74.87534,6.5
Haora,West Bengal,22.58,88.3294,2021,1,0.161,0.1,-0.1928,12,37.02,34.52,40.02,,55.0,7.5,,,,2.5
Ranchi,JhÄrkhand,23.3556,85.3347,2021,1,0.379,-0.0623,-0.3721,643,38.1,15.78606182795699,27.8,5.8,64.33212365591397,8.793723118279571,0.016209677419354838,23.34316,85.3094,6.5
Gwalior,Madhya Pradesh,26.2125,78.1775,2021,1,0.0909,0.086,-0.1765,215,40.26,14.731962365591398,28.8,4.4,72.68924731182796,7.504677419354839,0.04174731182795699,26.22983,78.17337,6.5
Jodhpur,RÄjasthÄn,26.2944,73.0278,2021,1,0.1147,0.0519,-0.1937,251,41.42,16.466290322580644,29.5,4.3,51.160483870967745,10.243172043010752,0.007930107526881721,26.26841,73.00594,6.5
Chandigarh,ChandÄ«garh,30.7364,76.7883,2021,1,0.4263,-0.0531,-0.4504,349,36.3,12.27198924731183,23.4,3.0,74.95833333333333,8.758077956989247,0.08446236559139784,30.73629,76.7884,6.5
Raipur,ChhattÄ«sgarh,21.2379,81.6337,2021,1,0.1101,0.0715,-0.1751,309,38.89,19.693870967741933,32.1,7.6,60.54744623655914,6.05239247311828,0.011868279569892472,21.23333,81.63333,6.5
Warangal,TelangÄna,17.9756,79.6011,2021,1,0.0787,0.0997,-0.1393,269,37.34,34.84,40.34,,55.0,7.5,,,,2.5
Kota,RÄjasthÄn,25.18,75.83,2021,1,0.1716,-0.0422,-0.2629,230,40.31,16.201424731182797,30.9,4.0,65.39583333333333,6.7313575268817205,0.034408602150537634,25.18254,75.83907,6.5
Bareilly,Uttar Pradesh,28.364,79.415,2021,1,0.0955,0.1309,-0.1923,180,38.73,13.398158602150538,26.2,2.7,79.68387096774194,8.500013440860215,0.04321236559139785,28.36678,79.43167,6.5
Solapur,MahÄrÄshtra,17.6703,75.9011,2021,1,0.1626,0.0884,-0.2153,474,40.14,24.536250000000003,34.5,13.1,44.965860215053766,10.911586021505377,0.0020161290322580645,17.67152,75.91044,6.5
Hubli,KarnÄtaka,15.3108,75.0925,2021,1,0.1949,0.1385,-0.2522,618,37.31,34.81,40.31,,55.0,7.5,,,,2.5
Mysore,KarnÄtaka,12.3086,76.6531,2021,1,0.044,0.1506,-0.1055,747,35.88,33.38,38.88,,55.0,7.5,,,,2.5
Trichinopoly,Tamil NÄdu,10.8269,78.6928,2021,1,0.2644,0.0533,-0.2892,74,36.85,34.35,39.85,,55.0,7.5,,,,2.5
Moradabad,Uttar Pradesh,28.8389,78.7769,2021,1,0.153,0.0468,-0.2189,205,38.45,35.95,41.45,,55.0,7.5,,,,2.5
Tiruppur,Tamil NÄdu,11.1075,77.3398,2021,1,0.3638,0.0141,-0.3448,305,37.02,25.208333333333332,35.5,15.6,62.428360215053765,7.9706048387096775,0.022473118279569892,11.11541,77.35456,6.5
Jamnagar,GujarÄt,22.47,70.07,2021,1,0.1935,0.0412,-0.246,21,41.5,39.0,44.5,,55.0,7.5,,,,2.5
Gurgaon,HaryÄna,28.4667,77.0333,2021,1,0.2081,-0.0139,-0.2765,224,37.97,35.47,40.97,,55.0,7.5,,,,2.5
Aligarh,Uttar Pradesh,27.88,78.08,2021,1,0.1832,0.0053,-0.2311,190,40.05,13.301666666666666,25.8,2.9,77.90201612903226,8.30231182795699,0.043857526881720434,27.88145,78.07464,6.5
Jalandhar,Punjab,31.3256,75.5792,2021,1,0.0986,0.038,-0.16,242,37.91,35.41,40.91,,55.0,7.5,,,,2.5
Bhubaneshwar,Odisha,20.295,85.825,2021,1,0.1458,0.0149,-0.1738,47,36.91,34.41,39.91,,55.0,7.5,,,,2.5
Bhayandar,MahÄrÄshtra,19.3,72.85,2021,1,0.2144,0.1443,-0.2859,9,39.12,36.62,42.12,,55.0,7.5,,,,2.5
Narela,Delhi,28.85,77.1,2021,1,0.2342,0.1018,-0.3454,212,38.58,36.08,41.58,,55.0,7.5,,,,2.5
Shishgarh,Uttar Pradesh,28.72,79.32,2021,1,0.2035,0.0756,-0.3062,181,36.02,33.52,39.02,,55.0,7.5,,,,2.5
Thiruvananthapuram,Kerala,8.4875,76.9525,2021,1,0.0644,-0.1079,-0.0364,15,32.99,30.490000000000002,35.99,,55.0,7.5,,,,2.5
Dispur,Assam,26.15,91.77,2021,1,0.5167,-0.0467,-0.4864,116,31.27,28.77,34.269999999999996,,55.0,7.5,,,,2.5
Durgapur,West Bengal,23.55,87.32,2021,1,0.3045,0.0154,-0.3736,90,37.13,34.63,40.13,,55.0,7.5,,,,2.5
Bhiwandi,MahÄrÄshtra,19.3,73.0667,2021,1,0.0521,0.0259,-0.1098,25,43.42,40.92,46.42,,55.0,7.5,,,,2.5
Saharanpur,Uttar Pradesh,29.964,77.546,2021,1,0.0678,0.0821,-0.1362,280,38.46,35.96,41.46,,55.0,7.5,,,,2.5
Shiliguri,West Bengal,26.72,88.42,2021,1,0.1751,0.0722,-0.2165,119,34.46,31.96,37.46,,55.0,7.5,,,,2.5
Avadi,Tamil NÄdu,13.1147,80.1098,2021,1,0.1876,0.044,-0.1932,32,36.68,34.18,39.68,,55.0,7.5,,,,2.5
Salem,Tamil NÄdu,11.65,78.1667,2021,1,0.0685,0.123,-0.1741,285,36.43,33.93,39.43,,55.0,7.5,,,,2.5
Jui,UttarÄkhand,29.67,78.9098,2021,1,0.6192,-0.1344,-0.5423,890,32.39,29.89,35.39,,55.0,7.5,,,,2.5
Amaldu,UttarÄkhand,29.9333,78.5333,2021,1,0.1539,0.1501,-0.2722,1406,34.11,31.61,37.11,,55.0,7.5,,,,2.5
Kimsar,Jammu and KashmÄ«r,34.5,74.5333,2021,1,0.3258,-0.6253,-0.3562,3058,4.93,2.4299999999999997,7.93,,55.0,7.5,,,,2.5
Sinduri,HimÄchal Pradesh,30.7167,77.15,2021,1,0.2743,0.1048,-0.3617,943,32.5,30.0,35.5,,55.0,7.5,,,,2.5
Gorakhpur,Uttar Pradesh,26.7611,83.3667,2021,1,0.1471,0.0683,-0.2211,84,38.04,35.54,41.04,,55.0,7.5,,,,2.5
Guntur,Andhra Pradesh,16.3,80.45,2021,1,0.1795,0.0613,-0.1935,34,38.4,35.9,41.4,,55.0,7.5,,,,2.5
Karaikandi,Assam,24.8309,92.6143,2021,1,0.6264,-0.2416,-0.5477,20,30.01,27.51,33.010000000000005,,55.0,7.5,,,,2.5
Mumbai,MahÄrÄshtra,19.0758,72.8775,2021,1,0.069,0.0246,-0.0876,5,36.37,23.31008064516129,33.2,14.2,64.56397849462365,10.32875,0.001411290322580645,19.07283,72.88261,6.5
Kolkata,West Bengal,22.5675,88.37,2021,1,0.1421,0.0429,-0.1656,6,35.96,18.926102150537638,30.6,9.0,71.28346774193548,7.722836021505376,0.016223118279569893,22.56263,88.36304,6.5
Delhi,Delhi,28.66,77.23,2021,1,0.1746,0.0279,-0.2448,219,36.75,34.25,39.75,,55.0,7.5,,,,2.5
Chennai,Tamil NÄdu,13.0825,80.275,2021,1,0.0358,0.2406,-0.0849,9,38.88,24.796142473118277,30.5,17.3,74.35887096774194,11.460672043010751,0.02995967741935484,13.08784,80.27847,6.5
Bangalore,KarnÄtaka,12.9791,77.5913,2021,1,0.2909,-0.0869,-0.2961,924,31.24,28.74,34.239999999999995,,55.0,7.5,,,,2.5
Ahmedabad,GujarÄt,23.0219,72.5797,2021,1,0.2263,0.0107,-0.2402,52,39.08,36.58,42.08,,55.0,7.5,,,,2.5
Pune,MahÄrÄshtra,18.5211,73.8553,2021,1,0.3421,-0.0288,-0.3425,554,37.08,34.58,40.08,,55.0,7.5,,,,2.5
Hyderabad,TelangÄna,17.3617,78.4747,2021,1,0.0831,0.0813,-0.1292,508,38.84,21.84111559139785,33.6,10.9,59.34206989247312,8.333333333333334,0.00836021505376344,17.38405,78.45636,6.5
Surat,GujarÄt,21.205,72.84,2021,1,0.0766,0.058,-0.1017,14,37.89,22.131034946236557,35.0,11.6,55.53709677419355,11.153575268817205,0.0017069892473118278,21.19594,72.83023,6.5
Prayagraj,Uttar Pradesh,25.45,81.85,2021,1,0.0564,-0.3959,-0.0665,95,36.81,34.31,39.81,,55.0,7.5,,,,2.5
Kanpur,GujarÄt,24.285,72.6933,2021,1,0.3777,0.0085,-0.4089,335,41.18,14.61231182795699,27.4,4.1,77.39435483870967,8.008198924731182,0.0314247311827957,26.46523,80.34975,6.5
Kanpur,Uttar Pradesh,26.4725,80.3311,2021,1,0.0593,0.0773,-0.1284,132,38.65,14.61231182795699,27.4,4.1,77.39435483870967,8.008198924731182,0.0314247311827957,26.46523,80.34975,6.5
Belahi,BihÄr,25.7167,86.4,2021,1,0.0778,0.038,-0.1225,41,34.56,32.06,37.56,,55.0,7.5,,,,2.5
Vadodara,GujarÄt,22.3,73.2,2021,1,0.175,0.0642,-0.2437,38,39.62,20.783776881720428,33.5,8.6,55.36854838709677,8.284059139784947,0.004986559139784946,22.29941,73.20812,6.5
Nadampalaiyam,Tamil NÄdu,11.1793,77.376,2021,1,0.086,0.1619,-0.1901,318,39.52,37.02,42.52,,55.0,7.5,,,,2.5
Lucknow,Uttar Pradesh,26.847,80.947,2021,1,0.0688,-0.0011,-0.1111,115,37.18,14.294059139784947,26.8,3.5,77.76411290322581,8.090174731182795,0.03786290322580645,26.83928,80.92313,6.5
Mahuakheraganj,UttarÄkhand,29.13,78.95,2021,1,0.1532,-0.0407,-0.1634,222,33.88,31.380000000000003,36.88,,55.0,7.5,,,,2.5
Nagla,UttarÄkhand,29.01,79.51,2021,1,0.3053,0.0715,-0.3336,227,33.75,31.25,36.75,,55.0,7.5,,,,2.5
Jaipur,RÄjasthÄn,26.915,75.82,2021,1,0.5615,-0.1186,-0.5657,441,39.03,14.308373655913979,28.1,2.7,62.82728494623656,8.242083333333333,0.02646505376344086,26.91962,75.78781,6.5
Kottarassheri,Kerala,10.6167,76.5333,2021,1,0.5712,-0.1138,-0.4997,147,28.92,26.42,31.92,,55.0,7.5,,,,2.5
Attadappa,Kerala,11.85,75.4167,2021,1,0.1744,-0.2031,-0.13,37,29.12,26.62,32.120000000000005,,55.0,7.5,,,,2.5
Barmhan Kalan,Madhya Pradesh,23.0333,79.0167,2021,1,0.4502,-0.0513,-0.4758,337,39.16,36.66,42.16,,55.0,7.5,,,,2.5
Gorakhpur,ChhattÄ«sgarh,22.1688,81.6042,2021,1,0.1624,0.1702,-0.2702,305,43.98,41.48,46.98,,55.0,7.5,,,,2.5
Nagpur,MahÄrÄshtra,21.1497,79.0806,2021,1,0.2337,0.0172,-0.268,318,41.11,20.58133064516129,32.9,8.1,56.8377688172043,7.151948924731183,0.017419354838709676,21.14631,79.08491,6.5
Guwahati,Assam,26.1806,91.7502,2021,1,0.0488,0.1367,-0.0531,57,34.46,17.49366935483871,27.5,8.4,77.26733870967742,6.03396505376344,0.020026881720430108,26.1844,91.7458,6.5
Ghaziabad,Uttar Pradesh,28.6667,77.4167,2021,1,0.1806,0.0309,-0.2154,211,37.25,12.96893817204301,25.4,1.9,77.63467741935484,8.6725,0.047567204301075264,28.66535,77.43915,6.5
Coimbatore,Tamil NÄdu,11.0008,76.9633,2021,1,0.0663,0.034,-0.0602,417,37.0,24.230967741935483,33.6,14.8,62.895161290322584,9.489314516129033,0.02720430107526882,11.00555,76.96612,6.5
Patna,BihÄr,25.61,85.1414,2021,1,0.0891,0.153,-0.1248,63,36.82,15.802849462365591,26.2,7.1,77.59919354838709,8.116397849462366,0.016922043010752688,25.59408,85.13563,6.5
Rajkot,GujarÄt,22.2969,70.7984,2021,1,0.0854,0.1321,-0.1329,134,40.94,38.44,43.94,,55.0,7.5,,,,2.5
Vishakhapatnam,Andhra Pradesh,17.6939,83.2922,2021,1,0.1898,0.1255,-0.2293,12,33.68,31.18,36.68,,55.0,7.5,,,,2.5
Indore,Madhya Pradesh,22.7186,75.855,2021,1,0.0682,0.0899,-0.1544,553,40.72,17.89548387096774,31.2,6.2,60.325537634408605,8.858575268817205,0.015376344086021506,22.71792,75.8333,6.5
Abhepur,Punjab,30.6667,76.8333,2021,1,0.1234,0.0241,-0.1903,311,38.96,36.46,41.96,,55.0,7.5,,,,2.5
Gumanwala,UttarÄkhand,29.9333,77.9,2021,1,0.2,0.0873,-0.2965,277,35.19,32.69,38.19,,55.0,7.5,,,,2.5
Thane,MahÄrÄshtra,19.18,72.9633,2021,1,0.4198,-0.1743,-0.3737,14,34.2,23.57021505376344,35.8,11.6,59.83736559139785,7.8694758064516135,0.001532258064516129,19.19704,72.96355,6.5
Bhopal,Madhya Pradesh,23.25,77.4167,2021,1,0.0716,0.1218,-0.135,512,38.52,17.14024193548387,31.1,6.5,64.91505376344087,8.670887096774194,0.028830645161290323,23.25469,77.40289,6.5
Agra,Uttar Pradesh,27.18,78.02,2021,1,0.2249,0.0923,-0.3564,184,38.92,13.721250000000001,26.7,3.0,77.71774193548387,7.740376344086021,0.04491935483870967,27.18333,78.01667,6.5
Peyanvilai,Tamil NÄdu,8.5674,78.1046,2021,1,0.3802,-0.1074,-0.3967,8,34.43,31.93,37.43,,55.0,7.5,,,,2.5
Pimpri-Chinchwad,MahÄrÄshtra,18.6278,73.8131,2021,1,0.6182,-0.2257,-0.5809,584,38.75,20.824341397849462,33.2,8.2,59.30846774193548,6.219892473118279,0.003306451612903226,18.61867,73.80375,6.5
Harbatpur,UttarÄkhand,30.45,77.73,2021,1,0.2034,0.0541,-0.249,445,35.97,33.47,38.97,,55.0,7.5,,,,2.5
Saundhonwali,UttarÄkhand,30.3331,77.9608,2021,1,0.0303,0.0931,-0.1142,612,34.83,32.33,37.83,,55.0,7.5,,,,2.5
Ludhiana,Punjab,30.9083,75.8486,2021,1,0.2333,-0.0138,-0.2765,243,38.63,11.398319892473118,22.2,1.5,82.76639784946236,7.204583333333333,0.07833333333333332,30.91204,75.85379,6.5
Meerut,Uttar Pradesh,28.98,77.7064,2021,1,0.0818,0.0886,-0.128,228,37.38,34.88,40.38,,55.0,7.5,,,,2.5
Madurai,Tamil NÄdu,9.9197,78.1194,2021,1,0.0259,-0.0277,-0.0621,141,40.8,25.47190860215054,35.2,15.1,66.73131720430108,9.643709677419354,0.034784946236559144,9.919,78.11953,6.5
Nasik,MahÄrÄshtra,20.0,73.7833,2021,1,0.1295,0.1105,-0.2037,588,40.01,37.51,43.01,,55.0,7.5,,,,2.5
Faridabad,HaryÄna,28.4167,77.3,2021,1,0.2264,0.0444,-0.2532,208,36.84,13.339932795698925,25.6,2.8,75.75255376344086,8.802217741935484,0.0397983870967742,28.41124,77.31316,6.5
Madarpur,BihÄr,26.227,84.6746,2021,1,0.1836,0.0181,-0.1765,69,36.36,33.86,39.36,,55.0,7.5,,,,2.5
Najafgarh,Delhi,28.6125,76.9847,2021,1,0.0566,0.1052,-0.1344,220,37.41,34.91,40.41,,55.0,7.5,,,,2.5
Jabalpur,Madhya Pradesh,23.1667,79.9333,2021,1,0.1009,0.1196,-0.1863,399,39.8,17.15013440860215,30.9,5.1,65.45712365591397,7.502379032258064,0.023911290322580644,23.16697,79.95006,6.5
Madanpur,UttarÄkhand,29.326,79.1537,2021,1,0.2107,0.1013,-0.2738,315,35.52,33.02,38.52,,55.0,7.5,,,,2.5
Kamalwaganja Gaur,UttarÄkhand,29.2117,79.4654,2021,1,0.3145,0.1799,-0.3431,383,36.52,34.02,39.52,,55.0,7.5,,,,2.5
Kalyan,MahÄrÄshtra,19.25,73.15,2021,1,0.1228,0.083,-0.1453,10,38.66,36.16,41.66,,55.0,7.5,,,,2.5
Asansol,West Bengal,23.6833,86.9667,2021,1,0.1125,0.1279,-0.1247,125,36.65,34.15,39.65,,55.0,7.5,,,,2.5
Vijayawada,Andhra Pradesh,16.5167,80.6167,2021,1,0.3673,-0.0257,-0.386,27,34.0,24.579395161290325,34.7,14.9,70.73521505376344,6.980873655913978,0.01424731182795699,16.50745,80.6466,6.5
Vasai-Virar,MahÄrÄshtra,19.47,72.8,2021,1,0.1237,0.1465,-0.1737,0,36.22,33.72,39.22,,55.0,7.5,,,,2.5
Varanasi,Uttar Pradesh,25.3189,83.0128,2021,1,0.1486,0.0452,-0.1972,78,36.38,15.528897849462366,27.6,5.5,76.55483870967743,7.823266129032258,0.029704301075268818,25.31668,83.01041,6.5
Kalleli,Kerala,9.2,76.8833,2021,1,0.7948,-0.2673,-0.682,133,29.96,27.46,32.96,,55.0,7.5,,,,2.5
Srinagar,Jammu and KashmÄ«r,34.0911,74.8061,2021,1,0.1125,0.1576,-0.1734,1595,32.27,-1.7122043010752688,14.3,-16.6,66.40900537634408,4.477352150537635,0.19651881720430106,34.08565,74.80555,6.5
Aurangabad,MahÄrÄshtra,19.88,75.32,2021,1,0.2254,0.0242,-0.2572,564,41.85,21.19081989247312,32.6,9.8,52.36438172043011,8.416451612903225,0.0035080645161290323,19.87757,75.34226,6.5
Dhanbad,JhÄrkhand,23.7928,86.435,2021,1,0.3691,-0.0082,-0.3665,245,36.33,17.05918010752688,30.5,6.0,67.77190860215053,7.728736559139786,0.01907258064516129,23.79759,86.42992,6.5
Amritsar,Punjab,31.6269,74.877,2021,1,0.0616,0.0534,-0.1336,234,38.14,11.167325268817203,21.6,0.7,81.14543010752688,6.424623655913978,0.07563172043010753,31.62234,74.87534,6.5
Haora,West Bengal,22.58,88.3294,2021,1,0.1592,0.098,-0.2149,12,35.49,32.99,38.49,,55.0,7.5,,,,2.5
Ranchi,JhÄrkhand,23.3556,85.3347,2021,1,0.4131,-0.057,-0.4085,643,35.7,15.78606182795699,27.8,5.8,64.33212365591397,8.793723118279571,0.016209677419354838,23.34316,85.3094,6.5
Gwalior,Madhya Pradesh,26.2125,78.1775,2021,1,0.0555,0.1019,-0.1395,215,39.24,14.731962365591398,28.8,4.4,72.68924731182796,7.504677419354839,0.04174731182795699,26.22983,78.17337,6.5
Jodhpur,RÄjasthÄn,26.2944,73.0278,2021,1,0.115,0.0819,-0.1729,251,38.87,16.466290322580644,29.5,4.3,51.160483870967745,10.243172043010752,0.007930107526881721,26.26841,73.00594,6.5
Chandigarh,ChandÄ«garh,30.7364,76.7883,2021,1,0.3814,-0.0469,-0.4179,349,37.01,12.27198924731183,23.4,3.0,74.95833333333333,8.758077956989247,0.08446236559139784,30.73629,76.7884,6.5
Raipur,ChhattÄ«sgarh,21.2379,81.6337,2021,1,0.093,0.0684,-0.1496,309,38.72,19.693870967741933,32.1,7.6,60.54744623655914,6.05239247311828,0.011868279569892472,21.23333,81.63333,6.5
Warangal,TelangÄna,17.9756,79.6011,2021,1,0.0734,0.1089,-0.1173,269,38.82,36.32,41.82,,55.0,7.5,,,,2.5
Kota,RÄjasthÄn,25.18,75.83,2021,1,0.1107,0.0029,-0.215,230,39.48,16.201424731182797,30.9,4.0,65.39583333333333,6.7313575268817205,0.034408602150537634,25.18254,75.83907,6.5
Bareilly,Uttar Pradesh,28.364,79.415,2021,1,0.0613,0.1245,-0.1237,180,37.48,13.398158602150538,26.2,2.7,79.68387096774194,8.500013440860215,0.04321236559139785,28.36678,79.43167,6.5
Solapur,MahÄrÄshtra,17.6703,75.9011,2021,1,0.1462,0.1078,-0.2098,474,38.81,24.536250000000003,34.5,13.1,44.965860215053766,10.911586021505377,0.0020161290322580645,17.67152,75.91044,6.5
Hubli,KarnÄtaka,15.3108,75.0925,2021,1,0.2233,0.0887,-0.2499,618,32.68,30.18,35.68,,55.0,7.5,,,,2.5
Mysore,KarnÄtaka,12.3086,76.6531,2021,1,0.0635,0.1299,-0.124,747,33.67,31.17,36.67,,55.0,7.5,,,,2.5
Trichinopoly,Tamil NÄdu,10.8269,78.6928,2021,1,0.2677,0.0592,-0.2862,74,38.27,35.77,41.27,,55.0,7.5,,,,2.5
Moradabad,Uttar Pradesh,28.8389,78.7769,2021,1,0.1305,0.0512,-0.1695,205,36.42,33.92,39.42,,55.0,7.5,,,,2.5
Tiruppur,Tamil NÄdu,11.1075,77.3398,2021,1,0.3537,-0.0067,-0.3547,305,38.79,25.208333333333332,35.5,15.6,62.428360215053765,7.9706048387096775,0.022473118279569892,11.11541,77.35456,6.5
Jamnagar,GujarÄt,22.47,70.07,2021,1,0.1834,0.0717,-0.2509,21,39.91,37.41,42.91,,55.0,7.5,,,,2.5
Gurgaon,HaryÄna,28.4667,77.0333,2021,1,0.2057,0.0286,-0.2903,224,36.73,34.23,39.73,,55.0,7.5,,,,2.5
Aligarh,Uttar Pradesh,27.88,78.08,2021,1,0.1704,0.0256,-0.1951,190,37.89,13.301666666666666,25.8,2.9,77.90201612903226,8.30231182795699,0.043857526881720434,27.88145,78.07464,6.5
Jalandhar,Punjab,31.3256,75.5792,2021,1,0.1283,0.0701,-0.1512,242,39.14,36.64,42.14,,55.0,7.5,,,,2.5
Bhubaneshwar,Odisha,20.295,85.825,2021,1,0.1464,0.0531,-0.1866,47,39.6,37.1,42.6,,55.0,7.5,,,,2.5
Bhayandar,MahÄrÄshtra,19.3,72.85,2021,1,0.1375,0.1832,-0.1564,9,36.72,34.22,39.72,,55.0,7.5,,,,2.5
Narela,Delhi,28.85,77.1,2021,1,0.2791,0.031,-0.3509,212,34.84,32.34,37.84,,55.0,7.5,,,,2.5
Shishgarh,Uttar Pradesh,28.72,79.32,2021,1,0.189,0.1114,-0.2405,181,33.24,30.740000000000002,36.24,,55.0,7.5,,,,2.5
Thiruvananthapuram,Kerala,8.4875,76.9525,2021,1,0.0224,-0.0507,-0.0252,15,34.79,32.29,37.79,,55.0,7.5,,,,2.5
Dispur,Assam,26.15,91.77,2021,1,0.1291,-0.0349,-0.1186,116,35.1,32.6,38.1,,55.0,7.5,,,,2.5
Durgapur,West Bengal,23.55,87.32,2021,1,0.4397,-0.0817,-0.4107,90,34.8,32.3,37.8,,55.0,7.5,,,,2.5
Bhiwandi,MahÄrÄshtra,19.3,73.0667,2021,1,0.02,0.0831,-0.0788,25,41.82,39.32,44.82,,55.0,7.5,,,,2.5
Saharanpur,Uttar Pradesh,29.964,77.546,2021,1,0.0724,0.0899,-0.1142,280,38.12,35.62,41.12,,55.0,7.5,,,,2.5
Shiliguri,West Bengal,26.72,88.42,2021,1,0.0763,-0.0257,-0.0455,119,34.04,31.54,37.04,,55.0,7.5,,,,2.5
Avadi,Tamil NÄdu,13.1147,80.1098,2021,1,0.1413,0.0236,-0.1397,32,36.95,34.45,39.95,,55.0,7.5,,,,2.5
Salem,Tamil NÄdu,11.65,78.1667,2021,1,0.057,0.0599,-0.1132,285,38.97,36.47,41.97,,55.0,7.5,,,,2.5
Jui,UttarÄkhand,29.67,78.9098,2021,1,0.6115,-0.1709,-0.562,890,30.28,27.78,33.28,,55.0,7.5,,,,2.5
Amaldu,UttarÄkhand,29.9333,78.5333,2021,1,0.1815,0.1872,-0.268,1406,31.36,28.86,34.36,,55.0,7.5,,,,2.5
Kimsar,Jammu and KashmÄ«r,34.5,74.5333,2021,1,0.1256,-0.1071,-0.1436,3058,12.77,10.27,15.77,,55.0,7.5,,,,2.5
Sinduri,HimÄchal Pradesh,30.7167,77.15,2021,1,0.2779,0.1014,-0.3551,943,34.95,32.45,37.95,,55.0,7.5,,,,2.5
Gorakhpur,Uttar Pradesh,26.7611,83.3667,2021,1,0.1053,0.0463,-0.055,84,36.6,34.1,39.6,,55.0,7.5,,,,2.5
Guntur,Andhra Pradesh,16.3,80.45,2021,1,0.2144,0.0622,-0.2606,34,39.42,36.92,42.42,,55.0,7.5,,,,2.5
Karaikandi,Assam,24.8309,92.6143,2021,1,0.5729,-0.2544,-0.4772,20,32.88,30.380000000000003,35.88,,55.0,7.5,,,,2.5
Mumbai,MahÄrÄshtra,19.0758,72.8775,2021,1,0.0187,-0.279,0.0049,5,31.83,23.31008064516129,33.2,14.2,64.56397849462365,10.32875,0.001411290322580645,19.07283,72.88261,6.5
Kolkata,West Bengal,22.5675,88.37,2021,1,0.0514,0.0861,-0.1099,6,34.52,18.926102150537638,30.6,9.0,71.28346774193548,7.722836021505376,0.016223118279569893,22.56263,88.36304,6.5
Delhi,Delhi,28.66,77.23,2021,1,0.1656,0.0389,-0.1908,219,34.05,31.549999999999997,37.05,,55.0,7.5,,,,2.5
Chennai,Tamil NÄdu,13.0825,80.275,2021,1,0.0571,0.1345,-0.0875,9,37.22,24.796142473118277,30.5,17.3,74.35887096774194,11.460672043010751,0.02995967741935484,13.08784,80.27847,6.5
Bangalore,KarnÄtaka,12.9791,77.5913,2021,1,0.1541,-0.0508,-0.157,924,31.41,28.91,34.41,,55.0,7.5,,,,2.5
Ahmedabad,GujarÄt,23.0219,72.5797,2021,1,0.1465,-0.0122,-0.1561,52,33.66,31.159999999999997,36.66,,55.0,7.5,,,,2.5
Pune,MahÄrÄshtra,18.5211,73.8553,2021,1,0.1213,-0.0197,-0.1228,554,33.02,30.520000000000003,36.02,,55.0,7.5,,,,2.5
Hyderabad,TelangÄna,17.3617,78.4747,2021,1,0.0671,0.0592,-0.1065,508,37.14,21.84111559139785,33.6,10.9,59.34206989247312,8.333333333333334,0.00836021505376344,17.38405,78.45636,6.5
Surat,GujarÄt,21.205,72.84,2021,1,0.0046,-0.0689,0.001,14,31.54,22.131034946236557,35.0,11.6,55.53709677419355,11.153575268817205,0.0017069892473118278,21.19594,72.83023,6.5
Prayagraj,Uttar Pradesh,25.45,81.85,2021,1,0.0043,-0.1442,0.0226,95,36.21,33.71,39.21,,55.0,7.5,,,,2.5
Kanpur,GujarÄt,24.285,72.6933,2021,1,0.2819,-0.0273,-0.3236,335,35.17,14.61231182795699,27.4,4.1,77.39435483870967,8.008198924731182,0.0314247311827957,26.46523,80.34975,6.5
Kanpur,Uttar Pradesh,26.4725,80.3311,2021,1,0.0618,0.1135,-0.1114,132,35.64,14.61231182795699,27.4,4.1,77.39435483870967,8.008198924731182,0.0314247311827957,26.46523,80.34975,6.5
Belahi,BihÄr,25.7167,86.4,2021,1,0.1449,-0.091,-0.1123,41,33.51,31.009999999999998,36.51,,55.0,7.5,,,,2.5
Vadodara,GujarÄt,22.3,73.2,2021,1,0.1685,0.0289,-0.2015,38,35.6,20.783776881720428,33.5,8.6,55.36854838709677,8.284059139784947,0.004986559139784946,22.29941,73.20812,6.5
Nadampalaiyam,Tamil NÄdu,11.1793,77.376,2021,1,0.0935,0.155,-0.1559,318,38.82,36.32,41.82,,55.0,7.5,,,,2.5
Lucknow,Uttar Pradesh,26.847,80.947,2021,1,0.0783,0.0822,-0.0987,115,38.45,14.294059139784947,26.8,3.5,77.76411290322581,8.090174731182795,0.03786290322580645,26.83928,80.92313,6.5
Kannankulam,Kerala,10.4799,76.1131,2021,1,-0.0292,-0.4856,0.0555,13,25.69,23.19,28.69,,55.0,7.5,,,,2.5
Mahuakheraganj,UttarÄkhand,29.13,78.95,2021,1,0.2449,-0.057,-0.2175,222,31.5,29.0,34.5,,55.0,7.5,,,,2.5
Nagla,UttarÄkhand,29.01,79.51,2021,1,0.1966,-0.0377,-0.2176,227,32.72,30.22,35.72,,55.0,7.5,,,,2.5
Jaipur,RÄjasthÄn,26.915,75.82,2021,1,0.3541,-0.0281,-0.3904,441,37.49,14.308373655913979,28.1,2.7,62.82728494623656,8.242083333333333,0.02646505376344086,26.91962,75.78781,6.5
Kottarassheri,Kerala,10.6167,76.5333,2021,1,0.2545,-0.1912,-0.2405,147,27.02,24.52,30.02,,55.0,7.5,,,,2.5
Attadappa,Kerala,11.85,75.4167,2021,1,0.3761,-0.2065,-0.329,37,27.29,24.79,30.29,,55.0,7.5,,,,2.5
Barmhan Kalan,Madhya Pradesh,23.0333,79.0167,2021,1,0.4519,-0.2089,-0.3816,337,36.94,34.44,39.94,,55.0,7.5,,,,2.5
Gorakhpur,ChhattÄ«sgarh,22.1688,81.6042,2021,1,0.1641,0.1406,-0.2629,305,41.82,39.32,44.82,,55.0,7.5,,,,2.5
Nagpur,MahÄrÄshtra,21.1497,79.0806,2021,1,0.3245,-0.0792,-0.3292,318,38.37,20.58133064516129,32.9,8.1,56.8377688172043,7.151948924731183,0.017419354838709676,21.14631,79.08491,6.5
Guwahati,Assam,26.1806,91.7502,2021,1,-0.0114,0.2028,-0.085,57,36.77,17.49366935483871,27.5,8.4,77.26733870967742,6.03396505376344,0.020026881720430108,26.1844,91.7458,6.5
Ghaziabad,Uttar Pradesh,28.6667,77.4167,2021,1,0.1785,0.0121,-0.1953,211,34.61,12.96893817204301,25.4,1.9,77.63467741935484,8.6725,0.047567204301075264,28.66535,77.43915,6.5
Coimbatore,Tamil NÄdu,11.0008,76.9633,2021,1,0.1927,0.1077,-0.2127,417,37.96,24.230967741935483,33.6,14.8,62.895161290322584,9.489314516129033,0.02720430107526882,11.00555,76.96612,6.5
Patna,BihÄr,25.61,85.1414,2021,1,0.1031,0.1054,-0.1378,63,37.33,15.802849462365591,26.2,7.1,77.59919354838709,8.116397849462366,0.016922043010752688,25.59408,85.13563,6.5
Rajkot,GujarÄt,22.2969,70.7984,2021,1,0.0608,-0.1345,-0.0384,134,36.95,34.45,39.95,,55.0,7.5,,,,2.5
Vishakhapatnam,Andhra Pradesh,17.6939,83.2922,2021,1,0.1442,-0.0379,-0.1242,12,34.51,32.01,37.51,,55.0,7.5,,,,2.5
Indore,Madhya Pradesh,22.7186,75.855,2021,1,0.1122,0.0215,-0.1211,553,34.5,17.89548387096774,31.2,6.2,60.325537634408605,8.858575268817205,0.015376344086021506,22.71792,75.8333,6.5
Abhepur,Punjab,30.6667,76.8333,2021,1,0.131,0.017,-0.1532,311,36.65,34.15,39.65,,55.0,7.5,,,,2.5
Gumanwala,UttarÄkhand,29.9333,77.9,2021,1,0.5274,-0.1876,-0.4987,277,31.14,28.64,34.14,,55.0,7.5,,,,2.5
Thane,MahÄrÄshtra,19.18,72.9633,2021,1,0.0285,-0.2753,0.014,14,34.67,23.57021505376344,35.8,11.6,59.83736559139785,7.8694758064516135,0.001532258064516129,19.19704,72.96355,6.5
Bhopal,Madhya Pradesh,23.25,77.4167,2021,1,0.0687,0.075,-0.0942,512,32.25,17.14024193548387,31.1,6.5,64.91505376344087,8.670887096774194,0.028830645161290323,23.25469,77.40289,6.5
Agra,Uttar Pradesh,27.18,78.02,2021,1,0.2651,0.0579,-0.3143,184,37.89,13.721250000000001,26.7,3.0,77.71774193548387,7.740376344086021,0.04491935483870967,27.18333,78.01667,6.5
Peyanvilai,Tamil NÄdu,8.5674,78.1046,2021,1,0.2584,-0.0255,-0.3124,8,36.17,33.67,39.17,,55.0,7.5,,,,2.5
Pimpri-Chinchwad,MahÄrÄshtra,18.6278,73.8131,2021,1,0.2497,-0.1756,-0.2649,584,29.41,20.824341397849462,33.2,8.2,59.30846774193548,6.219892473118279,0.003306451612903226,18.61867,73.80375,6.5
Harbatpur,UttarÄkhand,30.45,77.73,2021,1,0.3791,-0.0679,-0.3667,445,32.46,29.96,35.46,,55.0,7.5,,,,2.5
Saundhonwali,UttarÄkhand,30.3331,77.9608,2021,1,0.0144,0.0865,-0.1016,612,32.55,30.049999999999997,35.55,,55.0,7.5,,,,2.5
Ludhiana,Punjab,30.9083,75.8486,2021,1,0.1744,-0.0288,-0.1802,243,37.38,11.398319892473118,22.2,1.5,82.76639784946236,7.204583333333333,0.07833333333333332,30.91204,75.85379,6.5
Meerut,Uttar Pradesh,28.98,77.7064,2021,1,0.0803,0.0963,-0.1152,228,36.59,34.09,39.59,,55.0,7.5,,,,2.5
Madurai,Tamil NÄdu,9.9197,78.1194,2021,1,0.1316,0.2044,-0.2742,141,37.87,25.47190860215054,35.2,15.1,66.73131720430108,9.643709677419354,0.034784946236559144,9.919,78.11953,6.5
Nasik,MahÄrÄshtra,20.0,73.7833,2021,1,0.0965,0.0507,-0.1456,588,34.44,31.939999999999998,37.44,,55.0,7.5,,,,2.5
Faridabad,HaryÄna,28.4167,77.3,2021,1,0.1612,0.0576,-0.1858,208,34.83,13.339932795698925,25.6,2.8,75.75255376344086,8.802217741935484,0.0397983870967742,28.41124,77.31316,6.5
Madarpur,BihÄr,26.227,84.6746,2021,1,0.1528,-0.143,-0.0812,69,33.09,30.590000000000003,36.09,,55.0,7.5,,,,2.5
Najafgarh,Delhi,28.6125,76.9847,2021,1,0.0605,0.0905,-0.1262,220,35.78,33.28,38.78,,55.0,7.5,,,,2.5
Jabalpur,Madhya Pradesh,23.1667,79.9333,2021,1,0.0901,0.1374,-0.1599,399,36.65,17.15013440860215,30.9,5.1,65.45712365591397,7.502379032258064,0.023911290322580644,23.16697,79.95006,6.5
Madanpur,UttarÄkhand,29.326,79.1537,2021,1,0.113,-0.16,-0.073,315,31.83,29.33,34.83,,55.0,7.5,,,,2.5
Kamalwaganja Gaur,UttarÄkhand,29.2117,79.4654,2021,1,0.071,-0.0772,-0.0583,383,31.28,28.78,34.28,,55.0,7.5,,,,2.5
Kalyan,MahÄrÄshtra,19.25,73.15,2021,1,0.0716,-0.0148,-0.059,10,34.47,31.97,37.47,,55.0,7.5,,,,2.5
Asansol,West Bengal,23.6833,86.9667,2021,1,0.1,0.0787,-0.0924,125,37.36,34.86,40.36,,55.0,7.5,,,,2.5
Vijayawada,Andhra Pradesh,16.5167,80.6167,2021,1,0.3056,-0.0223,-0.2789,27,37.41,24.579395161290325,34.7,14.9,70.73521505376344,6.980873655913978,0.01424731182795699,16.50745,80.6466,6.5
Vasai-Virar,MahÄrÄshtra,19.47,72.8,2021,1,0.1228,0.0069,-0.1203,0,29.42,26.92,32.42,,55.0,7.5,,,,2.5
Varanasi,Uttar Pradesh,25.3189,83.0128,2021,1,0.0457,-0.0177,-0.0427,78,37.67,15.528897849462366,27.6,5.5,76.55483870967743,7.823266129032258,0.029704301075268818,25.31668,83.01041,6.5
Kalleli,Kerala,9.2,76.8833,2021,1,0.7515,-0.2827,-0.7003,133,28.1,25.6,31.1,,55.0,7.5,,,,2.5
Srinagar,Jammu and KashmÄ«r,34.0911,74.8061,2021,1,0.1093,0.1579,-0.1777,1595,35.69,-1.7122043010752688,14.3,-16.6,66.40900537634408,4.477352150537635,0.19651881720430106,34.08565,74.80555,6.5
Aurangabad,MahÄrÄshtra,19.88,75.32,2021,1,0.2592,-0.0249,-0.2725,564,32.59,21.19081989247312,32.6,9.8,52.36438172043011,8.416451612903225,0.0035080645161290323,19.87757,75.34226,6.5
Dhanbad,JhÄrkhand,23.7928,86.435,2021,1,-0.091,-0.2319,0.1535,245,37.15,17.05918010752688,30.5,6.0,67.77190860215053,7.728736559139786,0.01907258064516129,23.79759,86.42992,6.5
Amritsar,Punjab,31.6269,74.877,2021,1,0.0277,0.0429,-0.0951,234,37.48,11.167325268817203,21.6,0.7,81.14543010752688,6.424623655913978,0.07563172043010753,31.62234,74.87534,6.5
Haora,West Bengal,22.58,88.3294,2021,1,0.0908,0.1231,-0.1027,12,36.41,33.91,39.41,,55.0,7.5,,,,2.5
Ranchi,JhÄrkhand,23.3556,85.3347,2021,1,0.4329,-0.1,-0.4268,643,34.95,15.78606182795699,27.8,5.8,64.33212365591397,8.793723118279571,0.016209677419354838,23.34316,85.3094,6.5
Gwalior,Madhya Pradesh,26.2125,78.1775,2021,1,0.0825,0.0627,-0.138,215,37.76,14.731962365591398,28.8,4.4,72.68924731182796,7.504677419354839,0.04174731182795699,26.22983,78.17337,6.5
Jodhpur,RÄjasthÄn,26.2944,73.0278,2021,1,0.0965,0.074,-0.1443,251,37.42,16.466290322580644,29.5,4.3,51.160483870967745,10.243172043010752,0.007930107526881721,26.26841,73.00594,6.5
Chandigarh,ChandÄ«garh,30.7364,76.7883,2021,1,0.3073,-0.0435,-0.2794,349,35.38,12.27198924731183,23.4,3.0,74.95833333333333,8.758077956989247,0.08446236559139784,30.73629,76.7884,6.5
Raipur,ChhattÄ«sgarh,21.2379,81.6337,2021,1,0.0823,0.0945,-0.1036,309,42.01,19.693870967741933,32.1,7.6,60.54744623655914,6.05239247311828,0.011868279569892472,21.23333,81.63333,6.5
Warangal,TelangÄna,17.9756,79.6011,2021,1,0.0577,0.122,-0.0897,269,35.57,33.07,38.57,,55.0,7.5,,,,2.5
Kota,RÄjasthÄn,25.18,75.83,2021,1,0.0844,-0.0027,-0.1756,230,37.25,16.201424731182797,30.9,4.0,65.39583333333333,6.7313575268817205,0.034408602150537634,25.18254,75.83907,6.5
Bareilly,Uttar Pradesh,28.364,79.415,2021,1,0.04,0.2431,-0.066,180,34.96,13.398158602150538,26.2,2.7,79.68387096774194,8.500013440860215,0.04321236559139785,28.36678,79.43167,6.5
Solapur,MahÄrÄshtra,17.6703,75.9011,2021,1,0.1306,-0.0243,-0.1162,474,35.95,24.536250000000003,34.5,13.1,44.965860215053766,10.911586021505377,0.0020161290322580645,17.67152,75.91044,6.5
Hubli,KarnÄtaka,15.3108,75.0925,2021,1,0.2472,0.0176,-0.2265,618,32.39,29.89,35.39,,55.0,7.5,,,,2.5
Mysore,KarnÄtaka,12.3086,76.6531,2021,1,0.1038,0.0011,-0.1229,747,31.78,29.28,34.78,,55.0,7.5,,,,2.5
Trichinopoly,Tamil NÄdu,10.8269,78.6928,2021,1,0.2956,0.037,-0.3441,74,36.75,34.25,39.75,,55.0,7.5,,,,2.5
Moradabad,Uttar Pradesh,28.8389,78.7769,2021,1,0.0124,-0.0637,0.0103,205,34.38,31.880000000000003,37.38,,55.0,7.5,,,,2.5
Tiruppur,Tamil NÄdu,11.1075,77.3398,2021,1,0.5221,-0.0792,-0.4796,305,40.47,25.208333333333332,35.5,15.6,62.428360215053765,7.9706048387096775,0.022473118279569892,11.11541,77.35456,6.5
Jamnagar,GujarÄt,22.47,70.07,2021,1,0.1139,0.0188,-0.1487,21,33.74,31.240000000000002,36.74,,55.0,7.5,,,,2.5
Gurgaon,HaryÄna,28.4667,77.0333,2021,1,0.2002,-0.0013,-0.2781,224,35.97,33.47,38.97,,55.0,7.5,,,,2.5
Aligarh,Uttar Pradesh,27.88,78.08,2021,1,0.1059,0.041,-0.153,190,36.16,13.301666666666666,25.8,2.9,77.90201612903226,8.30231182795699,0.043857526881720434,27.88145,78.07464,6.5
Jalandhar,Punjab,31.3256,75.5792,2021,1,0.0708,0.0742,-0.1064,242,37.1,34.6,40.1,,55.0,7.5,,,,2.5
Bhubaneshwar,Odisha,20.295,85.825,2021,1,0.1484,-0.0358,-0.1655,47,38.23,35.73,41.23,,55.0,7.5,,,,2.5
Bhayandar,MahÄrÄshtra,19.3,72.85,2021,1,0.0272,-0.1346,0.0063,9,29.24,26.74,32.239999999999995,,55.0,7.5,,,,2.5
Narela,Delhi,28.85,77.1,2021,1,0.4818,-0.1626,-0.4485,212,35.19,32.69,38.19,,55.0,7.5,,,,2.5
Shishgarh,Uttar Pradesh,28.72,79.32,2021,1,0.243,0.0613,-0.2812,181,31.79,29.29,34.79,,55.0,7.5,,,,2.5
Thiruvananthapuram,Kerala,8.4875,76.9525,2021,1,0.107,-0.123,-0.0971,15,33.73,31.229999999999997,36.73,,55.0,7.5,,,,2.5
Dispur,Assam,26.15,91.77,2021,1,0.2501,-0.0957,-0.2269,116,36.79,34.29,39.79,,55.0,7.5,,,,2.5
Durgapur,West Bengal,23.55,87.32,2021,1,0.3225,-0.0663,-0.2838,90,33.03,30.53,36.03,,55.0,7.5,,,,2.5
Bhiwandi,MahÄrÄshtra,19.3,73.0667,2021,1,0.0117,-0.1408,-0.0083,25,37.64,35.14,40.64,,55.0,7.5,,,,2.5
Saharanpur,Uttar Pradesh,29.964,77.546,2021,1,0.071,0.0881,-0.114,280,35.05,32.55,38.05,,55.0,7.5,,,,2.5
Shiliguri,West Bengal,26.72,88.42,2021,1,-0.004,-0.1099,0.0133,119,35.29,32.79,38.29,,55.0,7.5,,,,2.5
Avadi,Tamil NÄdu,13.1147,80.1098,2021,1,0.2512,0.0391,-0.3159,32,38.48,35.98,41.48,,55.0,7.5,,,,2.5
Salem,Tamil NÄdu,11.65,78.1667,2021,1,0.0414,0.1444,-0.1644,285,39.22,36.72,42.22,,55.0,7.5,,,,2.5
Jui,UttarÄkhand,29.67,78.9098,2021,1,0.7372,-0.2603,-0.6271,890,27.68,25.18,30.68,,55.0,7.5,,,,2.5
Amaldu,UttarÄkhand,29.9333,78.5333,2021,1,0.4885,-0.1128,-0.4652,1406,26.87,24.37,29.87,,55.0,7.5,,,,2.5
Kimsar,Jammu and KashmÄ«r,34.5,74.5333,2021,1,0.149,-0.0825,-0.122,3058,23.01,20.51,26.01,,55.0,7.5,,,,2.5
Sinduri,HimÄchal Pradesh,30.7167,77.15,2021,1,0.2919,0.0002,-0.3012,943,30.37,27.87,33.370000000000005,,55.0,7.5,,,,2.5
Gorakhpur,Uttar Pradesh,26.7611,83.3667,2021,1,0.108,0.0938,-0.1135,84,36.79,34.29,39.79,,55.0,7.5,,,,2.5
Guntur,Andhra Pradesh,16.3,80.45,2021,1,0.1701,0.0864,-0.2383,34,39.99,37.49,42.99,,55.0,7.5,,,,2.5
Kolkata,West Bengal,22.5675,88.37,2021,1,0.1012,0.0272,-0.1542,6,36.51,18.926102150537638,30.6,9.0,71.28346774193548,7.722836021505376,0.016223118279569893,22.56263,88.36304,6.5
Delhi,Delhi,28.66,77.23,2021,1,0.0673,-0.1471,-0.059,219,35.63,33.13,38.63,,55.0,7.5,,,,2.5
Chennai,Tamil NÄdu,13.0825,80.275,2021,1,0.0229,0.2243,-0.0469,9,35.36,24.796142473118277,30.5,17.3,74.35887096774194,11.460672043010751,0.02995967741935484,13.08784,80.27847,6.5
Ahmedabad,GujarÄt,23.0219,72.5797,2021,1,0.1749,0.014,-0.2138,52,36.71,34.21,39.71,,55.0,7.5,,,,2.5
Pune,MahÄrÄshtra,18.5211,73.8553,2021,1,0.0681,-0.0341,-0.0546,554,30.53,28.03,33.53,,55.0,7.5,,,,2.5
Hyderabad,TelangÄna,17.3617,78.4747,2021,1,0.064,0.0786,-0.1056,508,37.75,21.84111559139785,33.6,10.9,59.34206989247312,8.333333333333334,0.00836021505376344,17.38405,78.45636,6.5
Surat,GujarÄt,21.205,72.84,2021,1,-0.0494,-0.2501,0.0719,14,34.89,22.131034946236557,35.0,11.6,55.53709677419355,11.153575268817205,0.0017069892473118278,21.19594,72.83023,6.5
Prayagraj,Uttar Pradesh,25.45,81.85,2021,1,0.1872,-0.0541,-0.1555,95,36.26,33.76,39.26,,55.0,7.5,,,,2.5
Kanpur,GujarÄt,24.285,72.6933,2021,1,0.4249,-0.0647,-0.4277,335,35.8,14.61231182795699,27.4,4.1,77.39435483870967,8.008198924731182,0.0314247311827957,26.46523,80.34975,6.5
Kanpur,Uttar Pradesh,26.4725,80.3311,2021,1,0.0948,0.1046,-0.1225,132,36.99,14.61231182795699,27.4,4.1,77.39435483870967,8.008198924731182,0.0314247311827957,26.46523,80.34975,6.5
Vadodara,GujarÄt,22.3,73.2,2021,1,0.1161,0.025,-0.129,38,36.13,20.783776881720428,33.5,8.6,55.36854838709677,8.284059139784947,0.004986559139784946,22.29941,73.20812,6.5
Nadampalaiyam,Tamil NÄdu,11.1793,77.376,2021,1,0.0671,0.0232,-0.0793,318,30.65,28.15,33.65,,55.0,7.5,,,,2.5
Lucknow,Uttar Pradesh,26.847,80.947,2021,1,-0.0089,0.0821,0.0086,115,37.59,14.294059139784947,26.8,3.5,77.76411290322581,8.090174731182795,0.03786290322580645,26.83928,80.92313,6.5
Mahuakheraganj,UttarÄkhand,29.13,78.95,2021,1,0.2138,0.0327,-0.1735,222,32.66,30.159999999999997,35.66,,55.0,7.5,,,,2.5
Nagla,UttarÄkhand,29.01,79.51,2021,1,0.2446,-0.1695,-0.1911,227,33.83,31.33,36.83,,55.0,7.5,,,,2.5
Jaipur,RÄjasthÄn,26.915,75.82,2021,1,0.4601,-0.0553,-0.4935,441,37.92,14.308373655913979,28.1,2.7,62.82728494623656,8.242083333333333,0.02646505376344086,26.91962,75.78781,6.5
Attadappa,Kerala,11.85,75.4167,2021,1,0.5526,-0.3201,-0.5018,37,28.67,26.17,31.67,,55.0,7.5,,,,2.5
Barmhan Kalan,Madhya Pradesh,23.0333,79.0167,2021,1,0.3942,-0.2428,-0.3429,337,32.44,29.939999999999998,35.44,,55.0,7.5,,,,2.5
Nagpur,MahÄrÄshtra,21.1497,79.0806,2021,1,0.381,-0.1199,-0.3365,318,35.64,20.58133064516129,32.9,8.1,56.8377688172043,7.151948924731183,0.017419354838709676,21.14631,79.08491,6.5
Guwahati,Assam,26.1806,91.7502,2021,1,0.0809,0.1055,-0.0807,57,35.45,17.49366935483871,27.5,8.4,77.26733870967742,6.03396505376344,0.020026881720430108,26.1844,91.7458,6.5
Ghaziabad,Uttar Pradesh,28.6667,77.4167,2021,1,0.1764,-0.0193,-0.1741,211,36.48,12.96893817204301,25.4,1.9,77.63467741935484,8.6725,0.047567204301075264,28.66535,77.43915,6.5
Coimbatore,Tamil NÄdu,11.0008,76.9633,2021,1,0.1616,0.0605,-0.1759,417,31.27,24.230967741935483,33.6,14.8,62.895161290322584,9.489314516129033,0.02720430107526882,11.00555,76.96612,6.5
Rajkot,GujarÄt,22.2969,70.7984,2021,1,0.0222,-0.0405,-0.0147,134,34.39,31.89,37.39,,55.0,7.5,,,,2.5
Vishakhapatnam,Andhra Pradesh,17.6939,83.2922,2021,1,-0.0041,-0.1102,0.0343,12,33.07,30.57,36.07,,55.0,7.5,,,,2.5
Indore,Madhya Pradesh,22.7186,75.855,2021,1,0.0253,0.1121,-0.0496,553,34.65,17.89548387096774,31.2,6.2,60.325537634408605,8.858575268817205,0.015376344086021506,22.71792,75.8333,6.5
Abhepur,Punjab,30.6667,76.8333,2021,1,0.1597,-0.0359,-0.2386,311,35.73,33.23,38.73,,55.0,7.5,,,,2.5
Gumanwala,UttarÄkhand,29.9333,77.9,2021,1,0.4616,-0.147,-0.4165,277,35.63,33.13,38.63,,55.0,7.5,,,,2.5
Bhopal,Madhya Pradesh,23.25,77.4167,2021,1,0.174,-0.0268,-0.096,512,35.68,17.14024193548387,31.1,6.5,64.91505376344087,8.670887096774194,0.028830645161290323,23.25469,77.40289,6.5
Agra,Uttar Pradesh,27.18,78.02,2021,1,0.2105,0.0376,-0.2486,184,40.65,13.721250000000001,26.7,3.0,77.71774193548387,7.740376344086021,0.04491935483870967,27.18333,78.01667,6.5
Peyanvilai,Tamil NÄdu,8.5674,78.1046,2021,1,0.1918,0.0128,-0.2328,8,34.76,32.26,37.76,,55.0,7.5,,,,2.5
Pimpri-Chinchwad,MahÄrÄshtra,18.6278,73.8131,2021,1,0.1478,-0.1438,-0.1183,584,33.89,20.824341397849462,33.2,8.2,59.30846774193548,6.219892473118279,0.003306451612903226,18.61867,73.80375,6.5
Harbatpur,UttarÄkhand,30.45,77.73,2021,1,0.3751,-0.0952,-0.3652,445,32.1,29.6,35.1,,55.0,7.5,,,,2.5
Saundhonwali,UttarÄkhand,30.3331,77.9608,2021,1,0.1423,-0.0068,-0.1532,612,32.69,30.189999999999998,35.69,,55.0,7.5,,,,2.5
Ludhiana,Punjab,30.9083,75.8486,2021,1,0.2741,-0.0068,-0.3089,243,35.46,11.398319892473118,22.2,1.5,82.76639784946236,7.204583333333333,0.07833333333333332,30.91204,75.85379,6.5
Meerut,Uttar Pradesh,28.98,77.7064,2021,1,0.0978,-0.0483,-0.075,228,37.83,35.33,40.83,,55.0,7.5,,,,2.5
Madurai,Tamil NÄdu,9.9197,78.1194,2021,1,0.1143,0.2531,-0.295,141,38.02,25.47190860215054,35.2,15.1,66.73131720430108,9.643709677419354,0.034784946236559144,9.919,78.11953,6.5
Nasik,MahÄrÄshtra,20.0,73.7833,2021,1,0.0591,-0.0382,-0.0447,588,35.71,33.21,38.71,,55.0,7.5,,,,2.5
Faridabad,HaryÄna,28.4167,77.3,2021,1,0.0273,-0.3907,0.0001,208,36.45,13.339932795698925,25.6,2.8,75.75255376344086,8.802217741935484,0.0397983870967742,28.41124,77.31316,6.5
Najafgarh,Delhi,28.6125,76.9847,2021,1,0.0529,-0.0982,0.0476,220,37.89,35.39,40.89,,55.0,7.5,,,,2.5
Jabalpur,Madhya Pradesh,23.1667,79.9333,2021,1,0.0642,0.1385,-0.1125,399,36.71,17.15013440860215,30.9,5.1,65.45712365591397,7.502379032258064,0.023911290322580644,23.16697,79.95006,6.5
Madanpur,UttarÄkhand,29.326,79.1537,2021,1,0.064,-0.1644,-0.0492,315,30.45,27.95,33.45,,55.0,7.5,,,,2.5
Kamalwaganja Gaur,UttarÄkhand,29.2117,79.4654,2021,1,0.3623,-0.1387,-0.3482,383,33.28,30.78,36.28,,55.0,7.5,,,,2.5
Kalyan,MahÄrÄshtra,19.25,73.15,2021,1,0.0191,-0.1924,0.0345,10,35.43,32.93,38.43,,55.0,7.5,,,,2.5
Asansol,West Bengal,23.6833,86.9667,2021,1,0.0716,-0.0204,-0.0447,125,29.41,26.91,32.41,,55.0,7.5,,,,2.5
Vijayawada,Andhra Pradesh,16.5167,80.6167,2021,1,0.074,-0.1132,-0.0302,27,29.81,24.579395161290325,34.7,14.9,70.73521505376344,6.980873655913978,0.01424731182795699,16.50745,80.6466,5.230604838709674
Vasai-Virar,MahÄrÄshtra,19.47,72.8,2021,1,0.0272,-0.1187,-0.0179,0,32.55,30.049999999999997,35.55,,55.0,7.5,,,,2.5
Varanasi,Uttar Pradesh,25.3189,83.0128,2021,1,0.0926,0.0987,-0.137,78,34.08,15.528897849462366,27.6,5.5,76.55483870967743,7.823266129032258,0.029704301075268818,25.31668,83.01041,6.5
Srinagar,Jammu and KashmÄ«r,34.0911,74.8061,2021,1,0.0961,0.1594,-0.1634,1595,34.63,-1.7122043010752688,14.3,-16.6,66.40900537634408,4.477352150537635,0.19651881720430106,34.08565,74.80555,6.5
Aurangabad,MahÄrÄshtra,19.88,75.32,2021,1,0.0221,-0.0628,-0.0143,564,35.59,21.19081989247312,32.6,9.8,52.36438172043011,8.416451612903225,0.0035080645161290323,19.87757,75.34226,6.5
Amritsar,Punjab,31.6269,74.877,2021,1,0.0258,0.0535,-0.1145,234,36.78,11.167325268817203,21.6,0.7,81.14543010752688,6.424623655913978,0.07563172043010753,31.62234,74.87534,6.5
Haora,West Bengal,22.58,88.3294,2021,1,0.1723,0.119,-0.1851,12,35.23,32.73,38.23,,55.0,7.5,,,,2.5
Ranchi,JhÄrkhand,23.3556,85.3347,2021,1,0.3805,-0.108,-0.3378,643,29.73,15.78606182795699,27.8,5.8,64.33212365591397,8.793723118279571,0.016209677419354838,23.34316,85.3094,6.5
Gwalior,Madhya Pradesh,26.2125,78.1775,2021,1,0.0533,0.0934,-0.0931,215,40.46,14.731962365591398,28.8,4.4,72.68924731182796,7.504677419354839,0.04174731182795699,26.22983,78.17337,6.5
Jodhpur,RÄjasthÄn,26.2944,73.0278,2021,1,0.0803,0.0656,-0.1208,251,39.82,16.466290322580644,29.5,4.3,51.160483870967745,10.243172043010752,0.007930107526881721,26.26841,73.00594,6.5
Chandigarh,ChandÄ«garh,30.7364,76.7883,2021,1,0.3809,-0.0882,-0.3851,349,34.31,12.27198924731183,23.4,3.0,74.95833333333333,8.758077956989247,0.08446236559139784,30.73629,76.7884,6.5
Raipur,ChhattÄ«sgarh,21.2379,81.6337,2021,1,0.002,-0.1075,0.0311,309,34.57,19.693870967741933,32.1,7.6,60.54744623655914,6.05239247311828,0.011868279569892472,21.23333,81.63333,6.5
Warangal,TelangÄna,17.9756,79.6011,2021,1,0.0876,0.097,-0.1323,269,34.45,31.950000000000003,37.45,,55.0,7.5,,,,2.5
Kota,RÄjasthÄn,25.18,75.83,2021,1,0.139,-0.0373,-0.1119,230,39.32,16.201424731182797,30.9,4.0,65.39583333333333,6.7313575268817205,0.034408602150537634,25.18254,75.83907,6.5
Bareilly,Uttar Pradesh,28.364,79.415,2021,1,0.0408,0.1916,-0.0212,180,37.67,13.398158602150538,26.2,2.7,79.68387096774194,8.500013440860215,0.04321236559139785,28.36678,79.43167,6.5
Solapur,MahÄrÄshtra,17.6703,75.9011,2021,1,0.1127,-0.1125,-0.1055,474,37.41,24.536250000000003,34.5,13.1,44.965860215053766,10.911586021505377,0.0020161290322580645,17.67152,75.91044,6.5
Hubli,KarnÄtaka,15.3108,75.0925,2021,1,0.0127,-0.1457,0.0222,618,22.31,19.81,25.31,,55.0,7.5,,,,2.5
Trichinopoly,Tamil NÄdu,10.8269,78.6928,2021,1,0.3236,-0.0302,-0.3496,74,35.27,32.77,38.27,,55.0,7.5,,,,2.5
Moradabad,Uttar Pradesh,28.8389,78.7769,2021,1,0.0127,0.0148,-0.0275,205,38.59,36.09,41.59,,55.0,7.5,,,,2.5
Tiruppur,Tamil NÄdu,11.1075,77.3398,2021,1,0.1097,-0.0458,-0.0698,305,36.35,25.208333333333332,35.5,15.6,62.428360215053765,7.9706048387096775,0.022473118279569892,11.11541,77.35456,6.5
Jamnagar,GujarÄt,22.47,70.07,2021,1,0.0318,-0.2098,-0.0044,21,30.37,27.87,33.370000000000005,,55.0,7.5,,,,2.5
Gurgaon,HaryÄna,28.4667,77.0333,2021,1,0.0542,0.1235,-0.1983,224,37.24,34.74,40.24,,55.0,7.5,,,,2.5
Aligarh,Uttar Pradesh,27.88,78.08,2021,1,0.02,0.1046,-0.049,190,40.35,13.301666666666666,25.8,2.9,77.90201612903226,8.30231182795699,0.043857526881720434,27.88145,78.07464,6.5
Jalandhar,Punjab,31.3256,75.5792,2021,1,0.0969,0.0389,-0.0995,242,37.37,34.87,40.37,,55.0,7.5,,,,2.5
Bhayandar,MahÄrÄshtra,19.3,72.85,2021,1,-0.0307,-0.326,0.0465,9,19.95,17.45,22.95,,55.0,7.5,,,,2.5
Narela,Delhi,28.85,77.1,2021,1,0.3195,-0.13,-0.2766,212,35.43,32.93,38.43,,55.0,7.5,,,,2.5
Shishgarh,Uttar Pradesh,28.72,79.32,2021,1,0.4862,-0.292,-0.4496,181,31.64,29.14,34.64,,55.0,7.5,,,,2.5
Dispur,Assam,26.15,91.77,2021,1,0.722,-0.2459,-0.6019,116,37.81,35.31,40.81,,55.0,7.5,,,,2.5
Durgapur,West Bengal,23.55,87.32,2021,1,0.0088,-0.224,0.0282,90,30.01,27.51,33.010000000000005,,55.0,7.5,,,,2.5
Bhiwandi,MahÄrÄshtra,19.3,73.0667,2021,1,-0.0046,-0.256,0.0396,25,37.21,34.71,40.21,,55.0,7.5,,,,2.5
Saharanpur,Uttar Pradesh,29.964,77.546,2021,1,0.0829,0.0469,-0.0823,280,35.09,32.59,38.09,,55.0,7.5,,,,2.5
Avadi,Tamil NÄdu,13.1147,80.1098,2021,1,0.3286,0.0695,-0.3882,32,33.57,31.07,36.57,,55.0,7.5,,,,2.5
Salem,Tamil NÄdu,11.65,78.1667,2021,1,0.0613,0.086,-0.164,285,34.58,32.08,37.58,,55.0,7.5,,,,2.5
Jui,UttarÄkhand,29.67,78.9098,2021,1,-0.0047,-0.5037,0.0434,890,26.55,24.05,29.55,,55.0,7.5,,,,2.5
Amaldu,UttarÄkhand,29.9333,78.5333,2021,1,0.0774,-0.1466,-0.0364,1406,27.05,24.55,30.05,,55.0,7.5,,,,2.5
Kimsar,Jammu and KashmÄ«r,34.5,74.5333,2021,1,0.0095,-0.3966,0.0054,3058,19.03,16.53,22.03,,55.0,7.5,,,,2.5
Sinduri,HimÄchal Pradesh,30.7167,77.15,2021,1,0.4941,-0.1303,-0.4709,943,27.99,25.49,30.99,,55.0,7.5,,,,2.5
Guntur,Andhra Pradesh,16.3,80.45,2021,1,0.135,-0.0138,-0.1227,34,38.87,36.37,41.87,,55.0,7.5,,,,2.5
Karaikandi,Assam,24.8309,92.6143,2021,1,0.8289,-0.3006,-0.6646,20,30.94,28.44,33.94,,55.0,7.5,,,,2.5
Mumbai,MahÄrÄshtra,19.0758,72.8775,2021,1,-0.0079,-0.0769,0.0194,5,27.43,23.31008064516129,33.2,14.2,64.56397849462365,10.32875,0.001411290322580645,19.07283,72.88261,4.119919354838711
Delhi,Delhi,28.66,77.23,2021,1,0.1833,0.0374,-0.2523,219,31.9,29.4,34.9,,55.0,7.5,,,,2.5
Chennai,Tamil NÄdu,13.0825,80.275,2021,1,0.0485,0.1287,-0.0858,9,37.02,24.796142473118277,30.5,17.3,74.35887096774194,11.460672043010751,0.02995967741935484,13.08784,80.27847,6.5
Ahmedabad,GujarÄt,23.0219,72.5797,2021,1,0.18,-0.028,-0.1645,52,33.74,31.240000000000002,36.74,,55.0,7.5,,,,2.5
Pune,MahÄrÄshtra,18.5211,73.8553,2021,1,-0.0337,-0.1624,0.0575,554,34.22,31.72,37.22,,55.0,7.5,,,,2.5
Hyderabad,TelangÄna,17.3617,78.4747,2021,1,0.0785,0.0775,-0.1465,508,36.97,21.84111559139785,33.6,10.9,59.34206989247312,8.333333333333334,0.00836021505376344,17.38405,78.45636,6.5
Prayagraj,Uttar Pradesh,25.45,81.85,2021,1,0.3921,-0.0487,-0.3615,95,32.79,30.29,35.79,,55.0,7.5,,,,2.5
Kanpur,GujarÄt,24.285,72.6933,2021,1,0.0021,-0.1384,0.033,335,35.94,14.61231182795699,27.4,4.1,77.39435483870967,8.008198924731182,0.0314247311827957,26.46523,80.34975,6.5
Kanpur,Uttar Pradesh,26.4725,80.3311,2021,1,0.1111,-0.0068,-0.0655,132,37.03,14.61231182795699,27.4,4.1,77.39435483870967,8.008198924731182,0.0314247311827957,26.46523,80.34975,6.5
Nadampalaiyam,Tamil NÄdu,11.1793,77.376,2021,1,0.1125,0.0393,-0.1459,318,38.35,35.85,41.35,,55.0,7.5,,,,2.5
Lucknow,Uttar Pradesh,26.847,80.947,2021,1,0.0874,0.0174,-0.076,115,33.95,14.294059139784947,26.8,3.5,77.76411290322581,8.090174731182795,0.03786290322580645,26.83928,80.92313,6.5
Mahuakheraganj,UttarÄkhand,29.13,78.95,2021,1,0.271,-0.076,-0.2327,222,30.43,27.93,33.43,,55.0,7.5,,,,2.5
Nagla,UttarÄkhand,29.01,79.51,2021,1,0.0555,-0.0808,-0.0402,227,30.37,27.87,33.370000000000005,,55.0,7.5,,,,2.5
Jaipur,RÄjasthÄn,26.915,75.82,2021,1,0.4868,-0.1122,-0.4884,441,33.92,14.308373655913979,28.1,2.7,62.82728494623656,8.242083333333333,0.02646505376344086,26.91962,75.78781,6.5
Kottarassheri,Kerala,10.6167,76.5333,2021,1,0.6209,-0.2683,-0.5388,147,28.73,26.23,31.73,,55.0,7.5,,,,2.5
Attadappa,Kerala,11.85,75.4167,2021,1,0.1206,-0.3754,-0.1249,37,28.28,25.78,31.28,,55.0,7.5,,,,2.5
Gorakhpur,ChhattÄ«sgarh,22.1688,81.6042,2021,1,0.3579,-0.0796,-0.3348,305,27.64,25.14,30.64,,55.0,7.5,,,,2.5
Guwahati,Assam,26.1806,91.7502,2021,1,0.0542,-0.0317,-0.0549,57,33.55,17.49366935483871,27.5,8.4,77.26733870967742,6.03396505376344,0.020026881720430108,26.1844,91.7458,6.5
Ghaziabad,Uttar Pradesh,28.6667,77.4167,2021,1,0.2195,-0.0694,-0.2243,211,31.35,12.96893817204301,25.4,1.9,77.63467741935484,8.6725,0.047567204301075264,28.66535,77.43915,6.5
Coimbatore,Tamil NÄdu,11.0008,76.9633,2021,1,0.2473,0.055,-0.2551,417,39.07,24.230967741935483,33.6,14.8,62.895161290322584,9.489314516129033,0.02720430107526882,11.00555,76.96612,6.5
Patna,BihÄr,25.61,85.1414,2021,1,0.0366,-0.1069,-0.0101,63,33.43,15.802849462365591,26.2,7.1,77.59919354838709,8.116397849462366,0.016922043010752688,25.59408,85.13563,6.5
Rajkot,GujarÄt,22.2969,70.7984,2021,1,0.057,0.0015,-0.0597,134,33.5,31.0,36.5,,55.0,7.5,,,,2.5
Vishakhapatnam,Andhra Pradesh,17.6939,83.2922,2021,1,0.1349,0.0847,-0.1177,12,32.85,30.35,35.85,,55.0,7.5,,,,2.5
Abhepur,Punjab,30.6667,76.8333,2021,1,0.1826,-0.0363,-0.2161,311,33.59,31.090000000000003,36.59,,55.0,7.5,,,,2.5
Gumanwala,UttarÄkhand,29.9333,77.9,2021,1,0.4746,-0.1457,-0.4239,277,29.58,27.08,32.58,,55.0,7.5,,,,2.5
Thane,MahÄrÄshtra,19.18,72.9633,2021,1,0.0484,-0.073,-0.0051,14,26.83,23.57021505376344,35.8,11.6,59.83736559139785,7.8694758064516135,0.001532258064516129,19.19704,72.96355,3.2597849462365573
Bhopal,Madhya Pradesh,23.25,77.4167,2021,1,0.1142,0.1503,-0.1078,512,33.89,17.14024193548387,31.1,6.5,64.91505376344087,8.670887096774194,0.028830645161290323,23.25469,77.40289,6.5
Agra,Uttar Pradesh,27.18,78.02,2021,1,0.3674,-0.0002,-0.3495,184,32.74,13.721250000000001,26.7,3.0,77.71774193548387,7.740376344086021,0.04491935483870967,27.18333,78.01667,6.5
Peyanvilai,Tamil NÄdu,8.5674,78.1046,2021,1,0.147,0.0941,-0.2658,8,41.06,38.56,44.06,,55.0,7.5,,,,2.5
Harbatpur,UttarÄkhand,30.45,77.73,2021,1,0.1223,-0.3081,-0.0795,445,28.14,25.64,31.14,,55.0,7.5,,,,2.5
Saundhonwali,UttarÄkhand,30.3331,77.9608,2021,1,-0.0184,-0.2506,0.0248,612,30.22,27.72,33.22,,55.0,7.5,,,,2.5
Ludhiana,Punjab,30.9083,75.8486,2021,1,0.0918,0.0262,-0.0846,243,32.95,11.398319892473118,22.2,1.5,82.76639784946236,7.204583333333333,0.07833333333333332,30.91204,75.85379,6.5
Meerut,Uttar Pradesh,28.98,77.7064,2021,1,0.0593,0.1231,-0.0375,228,32.53,30.03,35.53,,55.0,7.5,,,,2.5
Nasik,MahÄrÄshtra,20.0,73.7833,2021,1,-0.0405,-0.1053,0.056,588,32.81,30.310000000000002,35.81,,55.0,7.5,,,,2.5
Faridabad,HaryÄna,28.4167,77.3,2021,1,0.2036,0.0841,-0.2201,208,30.14,13.339932795698925,25.6,2.8,75.75255376344086,8.802217741935484,0.0397983870967742,28.41124,77.31316,6.5
Madarpur,BihÄr,26.227,84.6746,2021,1,0.193,-0.0816,-0.2154,69,31.75,29.25,34.75,,55.0,7.5,,,,2.5
Najafgarh,Delhi,28.6125,76.9847,2021,1,0.0892,0.0848,-0.1388,220,34.31,31.810000000000002,37.31,,55.0,7.5,,,,2.5
Jabalpur,Madhya Pradesh,23.1667,79.9333,2021,1,-0.0247,-0.0495,0.0439,399,35.97,17.15013440860215,30.9,5.1,65.45712365591397,7.502379032258064,0.023911290322580644,23.16697,79.95006,6.5
Madanpur,UttarÄkhand,29.326,79.1537,2021,1,0.0812,-0.0727,-0.0559,315,29.03,26.53,32.03,,55.0,7.5,,,,2.5
Kamalwaganja Gaur,UttarÄkhand,29.2117,79.4654,2021,1,0.1267,-0.1332,-0.0876,383,29.95,27.45,32.95,,55.0,7.5,,,,2.5
Kalyan,MahÄrÄshtra,19.25,73.15,2021,1,-0.0247,-0.3531,0.0756,10,28.33,25.83,31.33,,55.0,7.5,,,,2.5
Vijayawada,Andhra Pradesh,16.5167,80.6167,2021,1,0.4006,-0.0713,-0.3892,27,29.13,24.579395161290325,34.7,14.9,70.73521505376344,6.980873655913978,0.01424731182795699,16.50745,80.6466,4.550604838709674
Vasai-Virar,MahÄrÄshtra,19.47,72.8,2021,1,0.1872,0.0269,-0.1836,0,28.17,25.67,31.17,,55.0,7.5,,,,2.5
Varanasi,Uttar Pradesh,25.3189,83.0128,2021,1,0.0732,-0.181,-0.061,78,34.18,15.528897849462366,27.6,5.5,76.55483870967743,7.823266129032258,0.029704301075268818,25.31668,83.01041,6.5
Srinagar,Jammu and KashmÄ«r,34.0911,74.8061,2021,1,0.1139,0.1517,-0.1554,1595,34.46,-1.7122043010752688,14.3,-16.6,66.40900537634408,4.477352150537635,0.19651881720430106,34.08565,74.80555,6.5
Aurangabad,MahÄrÄshtra,19.88,75.32,2021,1,0.3666,-0.0787,-0.3605,564,34.92,21.19081989247312,32.6,9.8,52.36438172043011,8.416451612903225,0.0035080645161290323,19.87757,75.34226,6.5
Amritsar,Punjab,31.6269,74.877,2021,1,-0.05,-0.0039,0.0493,234,34.04,11.167325268817203,21.6,0.7,81.14543010752688,6.424623655913978,0.07563172043010753,31.62234,74.87534,6.5
Haora,West Bengal,22.58,88.3294,2021,1,0.1572,-0.1491,-0.0792,12,22.63,20.13,25.63,,55.0,7.5,,,,2.5
Ranchi,JhÄrkhand,23.3556,85.3347,2021,1,0.2688,-0.0818,-0.1989,643,33.77,15.78606182795699,27.8,5.8,64.33212365591397,8.793723118279571,0.016209677419354838,23.34316,85.3094,6.5
Gwalior,Madhya Pradesh,26.2125,78.1775,2021,1,0.1081,0.0739,-0.0998,215,34.71,14.731962365591398,28.8,4.4,72.68924731182796,7.504677419354839,0.04174731182795699,26.22983,78.17337,6.5
Jodhpur,RÄjasthÄn,26.2944,73.0278,2021,1,0.1268,0.0732,-0.1605,251,36.06,16.466290322580644,29.5,4.3,51.160483870967745,10.243172043010752,0.007930107526881721,26.26841,73.00594,6.5
Chandigarh,ChandÄ«garh,30.7364,76.7883,2021,1,0.32,-0.0475,-0.2993,349,33.03,12.27198924731183,23.4,3.0,74.95833333333333,8.758077956989247,0.08446236559139784,30.73629,76.7884,6.5
Raipur,ChhattÄ«sgarh,21.2379,81.6337,2021,1,0.0484,0.0663,-0.0562,309,34.71,19.693870967741933,32.1,7.6,60.54744623655914,6.05239247311828,0.011868279569892472,21.23333,81.63333,6.5
Warangal,TelangÄna,17.9756,79.6011,2021,1,0.0628,-0.0975,-0.0305,269,33.9,31.4,36.9,,55.0,7.5,,,,2.5
Kota,RÄjasthÄn,25.18,75.83,2021,1,0.0698,-0.1305,-0.1233,230,30.88,16.201424731182797,30.9,4.0,65.39583333333333,6.7313575268817205,0.034408602150537634,25.18254,75.83907,6.5
Bareilly,Uttar Pradesh,28.364,79.415,2021,1,-0.0323,0.0886,0.019,180,32.86,13.398158602150538,26.2,2.7,79.68387096774194,8.500013440860215,0.04321236559139785,28.36678,79.43167,6.5
Solapur,MahÄrÄshtra,17.6703,75.9011,2021,1,0.0657,0.1101,-0.1026,474,33.73,24.536250000000003,34.5,13.1,44.965860215053766,10.911586021505377,0.0020161290322580645,17.67152,75.91044,6.5
Hubli,KarnÄtaka,15.3108,75.0925,2021,1,0.2669,-0.0174,-0.2508,618,30.15,27.65,33.15,,55.0,7.5,,,,2.5
Mysore,KarnÄtaka,12.3086,76.6531,2021,1,0.0163,0.0878,-0.036,747,24.29,21.79,27.29,,55.0,7.5,,,,2.5
Trichinopoly,Tamil NÄdu,10.8269,78.6928,2021,1,0.3611,0.0025,-0.3806,74,37.71,35.21,40.71,,55.0,7.5,,,,2.5
Moradabad,Uttar Pradesh,28.8389,78.7769,2021,1,0.0577,0.0372,-0.0581,205,33.92,31.42,36.92,,55.0,7.5,,,,2.5
Tiruppur,Tamil NÄdu,11.1075,77.3398,2021,1,0.1296,0.0188,-0.1396,305,39.03,25.208333333333332,35.5,15.6,62.428360215053765,7.9706048387096775,0.022473118279569892,11.11541,77.35456,6.5
Jamnagar,GujarÄt,22.47,70.07,2021,1,-0.0179,0.0463,0.0026,21,32.69,30.189999999999998,35.69,,55.0,7.5,,,,2.5
Gurgaon,HaryÄna,28.4667,77.0333,2021,1,0.1925,-0.0211,-0.2516,224,32.16,29.659999999999997,35.16,,55.0,7.5,,,,2.5
Aligarh,Uttar Pradesh,27.88,78.08,2021,1,0.1216,-0.0218,-0.0929,190,34.11,13.301666666666666,25.8,2.9,77.90201612903226,8.30231182795699,0.043857526881720434,27.88145,78.07464,6.5
Jalandhar,Punjab,31.3256,75.5792,2021,1,0.0505,0.0372,-0.0477,242,32.93,30.43,35.93,,55.0,7.5,,,,2.5
Bhayandar,MahÄrÄshtra,19.3,72.85,2021,1,0.1722,-0.0965,-0.0899,9,26.33,23.83,29.33,,55.0,7.5,,,,2.5
Narela,Delhi,28.85,77.1,2021,1,0.655,-0.2993,-0.5925,212,31.23,28.73,34.230000000000004,,55.0,7.5,,,,2.5
Shishgarh,Uttar Pradesh,28.72,79.32,2021,1,0.1845,-0.1368,-0.1433,181,31.67,29.17,34.67,,55.0,7.5,,,,2.5
Thiruvananthapuram,Kerala,8.4875,76.9525,2021,1,0.0548,-0.0141,-0.0564,15,35.44,32.94,38.44,,55.0,7.5,,,,2.5
Bhiwandi,MahÄrÄshtra,19.3,73.0667,2021,1,0.0263,-0.1588,0.0066,25,28.45,25.95,31.45,,55.0,7.5,,,,2.5
Saharanpur,Uttar Pradesh,29.964,77.546,2021,1,0.0789,-0.0112,-0.0881,280,31.18,28.68,34.18,,55.0,7.5,,,,2.5
Avadi,Tamil NÄdu,13.1147,80.1098,2021,1,0.3651,-0.0365,-0.3641,32,35.47,32.97,38.47,,55.0,7.5,,,,2.5
Salem,Tamil NÄdu,11.65,78.1667,2021,1,0.1156,-0.0371,-0.1455,285,31.07,28.57,34.07,,55.0,7.5,,,,2.5
Jui,UttarÄkhand,29.67,78.9098,2021,1,-0.0123,-0.2187,0.0399,890,23.69,21.19,26.69,,55.0,7.5,,,,2.5
Amaldu,UttarÄkhand,29.9333,78.5333,2021,1,0.0072,-0.2464,0.0243,1406,25.06,22.56,28.06,,55.0,7.5,,,,2.5
Kimsar,Jammu and KashmÄ«r,34.5,74.5333,2021,1,0.4798,-0.1048,-0.4534,3058,18.59,16.09,21.59,,55.0,7.5,,,,2.5
Sinduri,HimÄchal Pradesh,30.7167,77.15,2021,1,0.2625,-0.1843,-0.1988,943,27.59,25.09,30.59,,55.0,7.5,,,,2.5
Guntur,Andhra Pradesh,16.3,80.45,2021,1,0.2304,0.0179,-0.2551,34,36.42,33.92,39.42,,55.0,7.5,,,,2.5
Karaikandi,Assam,24.8309,92.6143,2021,1,0.0893,-0.176,-0.0537,20,31.61,29.11,34.61,,55.0,7.5,,,,2.5
Delhi,Delhi,28.66,77.23,2021,1,0.043,-0.4373,-0.0302,219,33.33,30.83,36.33,,55.0,7.5,,,,2.5
Chennai,Tamil NÄdu,13.0825,80.275,2021,1,0.022,0.0692,-0.0009,9,37.78,24.796142473118277,30.5,17.3,74.35887096774194,11.460672043010751,0.02995967741935484,13.08784,80.27847,6.5
Bangalore,KarnÄtaka,12.9791,77.5913,2021,1,0.1344,-0.0742,-0.1131,924,31.45,28.95,34.45,,55.0,7.5,,,,2.5
Pune,MahÄrÄshtra,18.5211,73.8553,2021,1,0.2617,-0.0164,-0.2524,554,30.35,27.85,33.35,,55.0,7.5,,,,2.5
Hyderabad,TelangÄna,17.3617,78.4747,2021,1,0.0169,0.0651,-0.01,508,37.85,21.84111559139785,33.6,10.9,59.34206989247312,8.333333333333334,0.00836021505376344,17.38405,78.45636,6.5
Prayagraj,Uttar Pradesh,25.45,81.85,2021,1,0.2282,-0.0651,-0.1591,95,34.16,31.659999999999997,37.16,,55.0,7.5,,,,2.5
Belahi,BihÄr,25.7167,86.4,2021,1,-0.1584,-0.5239,0.1704,41,27.97,25.47,30.97,,55.0,7.5,,,,2.5
Nadampalaiyam,Tamil NÄdu,11.1793,77.376,2021,1,0.1183,0.0805,-0.1407,318,36.15,33.65,39.15,,55.0,7.5,,,,2.5
Lucknow,Uttar Pradesh,26.847,80.947,2021,1,-0.0227,-0.4036,0.0518,115,34.47,14.294059139784947,26.8,3.5,77.76411290322581,8.090174731182795,0.03786290322580645,26.83928,80.92313,6.5
Kannankulam,Kerala,10.4799,76.1131,2021,1,0.1397,-0.1771,-0.1129,13,24.97,22.47,27.97,,55.0,7.5,,,,2.5
Mahuakheraganj,UttarÄkhand,29.13,78.95,2021,1,0.443,-0.1793,-0.4069,222,30.58,28.08,33.58,,55.0,7.5,,,,2.5
Nagla,UttarÄkhand,29.01,79.51,2021,1,0.5595,-0.2352,-0.4891,227,29.91,27.41,32.91,,55.0,7.5,,,,2.5
Jaipur,RÄjasthÄn,26.915,75.82,2021,1,0.0146,0.033,-0.0318,441,33.39,14.308373655913979,28.1,2.7,62.82728494623656,8.242083333333333,0.02646505376344086,26.91962,75.78781,6.5
Kottarassheri,Kerala,10.6167,76.5333,2021,1,0.4546,-0.1653,-0.3865,147,24.91,22.41,27.91,,55.0,7.5,,,,2.5
Attadappa,Kerala,11.85,75.4167,2021,1,0.6386,-0.2963,-0.5571,37,31.49,28.99,34.489999999999995,,55.0,7.5,,,,2.5
Barmhan Kalan,Madhya Pradesh,23.0333,79.0167,2021,1,0.244,-0.1443,-0.1853,337,27.51,25.01,30.51,,55.0,7.5,,,,2.5
Gorakhpur,ChhattÄ«sgarh,22.1688,81.6042,2021,1,0.2548,-0.117,-0.1851,305,26.06,23.56,29.06,,55.0,7.5,,,,2.5
Guwahati,Assam,26.1806,91.7502,2021,1,0.0377,0.1903,-0.0667,57,33.36,17.49366935483871,27.5,8.4,77.26733870967742,6.03396505376344,0.020026881720430108,26.1844,91.7458,6.5
Coimbatore,Tamil NÄdu,11.0008,76.9633,2021,1,0.2842,0.0455,-0.2994,417,38.99,24.230967741935483,33.6,14.8,62.895161290322584,9.489314516129033,0.02720430107526882,11.00555,76.96612,6.5
Patna,BihÄr,25.61,85.1414,2021,1,-0.0105,0.1483,-0.0157,63,34.63,15.802849462365591,26.2,7.1,77.59919354838709,8.116397849462366,0.016922043010752688,25.59408,85.13563,6.5
Rajkot,GujarÄt,22.2969,70.7984,2021,1,0.0008,-0.0141,0.0269,134,33.03,30.53,36.03,,55.0,7.5,,,,2.5
Vishakhapatnam,Andhra Pradesh,17.6939,83.2922,2021,1,0.1458,0.0345,-0.1444,12,29.53,27.03,32.53,,55.0,7.5,,,,2.5
Indore,Madhya Pradesh,22.7186,75.855,2021,1,-0.0363,-0.079,0.0599,553,34.63,17.89548387096774,31.2,6.2,60.325537634408605,8.858575268817205,0.015376344086021506,22.71792,75.8333,6.5
Abhepur,Punjab,30.6667,76.8333,2021,1,0.1766,0.0158,-0.2113,311,33.36,30.86,36.36,,55.0,7.5,,,,2.5
Gumanwala,UttarÄkhand,29.9333,77.9,2021,1,0.403,0.0185,-0.3917,277,30.86,28.36,33.86,,55.0,7.5,,,,2.5
Thane,MahÄrÄshtra,19.18,72.9633,2021,1,0.0003,-0.2238,0.0215,14,20.61,23.57021505376344,35.8,11.6,59.83736559139785,7.8694758064516135,0.001532258064516129,19.19704,72.96355,0.2
Bhopal,Madhya Pradesh,23.25,77.4167,2021,1,0.0436,0.0352,-0.0041,512,27.01,17.14024193548387,31.1,6.5,64.91505376344087,8.670887096774194,0.028830645161290323,23.25469,77.40289,6.5
Peyanvilai,Tamil NÄdu,8.5674,78.1046,2021,1,0.1285,0.1365,-0.2374,8,39.2,36.7,42.2,,55.0,7.5,,,,2.5
Pimpri-Chinchwad,MahÄrÄshtra,18.6278,73.8131,2021,1,0.6392,-0.1805,-0.5704,584,32.93,20.824341397849462,33.2,8.2,59.30846774193548,6.219892473118279,0.003306451612903226,18.61867,73.80375,6.5
Harbatpur,UttarÄkhand,30.45,77.73,2021,1,0.099,-0.2707,-0.0827,445,27.65,25.15,30.65,,55.0,7.5,,,,2.5
Saundhonwali,UttarÄkhand,30.3331,77.9608,2021,1,0.0653,-0.3036,-0.0569,612,30.62,28.12,33.620000000000005,,55.0,7.5,,,,2.5
Ludhiana,Punjab,30.9083,75.8486,2021,1,0.1877,-0.1405,-0.1256,243,32.8,11.398319892473118,22.2,1.5,82.76639784946236,7.204583333333333,0.07833333333333332,30.91204,75.85379,6.5
Meerut,Uttar Pradesh,28.98,77.7064,2021,1,-0.0353,-0.0054,0.0547,228,33.97,31.47,36.97,,55.0,7.5,,,,2.5
Madurai,Tamil NÄdu,9.9197,78.1194,2021,1,0.1019,0.2822,-0.3136,141,38.95,25.47190860215054,35.2,15.1,66.73131720430108,9.643709677419354,0.034784946236559144,9.919,78.11953,6.5
Faridabad,HaryÄna,28.4167,77.3,2021,1,0.0211,-0.297,0.0091,208,28.87,13.339932795698925,25.6,2.8,75.75255376344086,8.802217741935484,0.0397983870967742,28.41124,77.31316,6.5
Madarpur,BihÄr,26.227,84.6746,2021,1,0.2037,-0.0078,-0.1538,69,30.77,28.27,33.769999999999996,,55.0,7.5,,,,2.5
Madanpur,UttarÄkhand,29.326,79.1537,2021,1,0.8239,-0.3466,-0.6713,315,28.12,25.62,31.12,,55.0,7.5,,,,2.5
Kamalwaganja Gaur,UttarÄkhand,29.2117,79.4654,2021,1,0.526,-0.1678,-0.4256,383,30.29,27.79,33.29,,55.0,7.5,,,,2.5
Vijayawada,Andhra Pradesh,16.5167,80.6167,2021,1,0.4217,-0.0856,-0.3962,27,27.74,24.579395161290325,34.7,14.9,70.73521505376344,6.980873655913978,0.01424731182795699,16.50745,80.6466,3.1606048387096735
Varanasi,Uttar Pradesh,25.3189,83.0128,2021,1,-0.0054,0.0956,-0.0412,78,34.46,15.528897849462366,27.6,5.5,76.55483870967743,7.823266129032258,0.029704301075268818,25.31668,83.01041,6.5
Kalleli,Kerala,9.2,76.8833,2021,1,0.2347,-0.1474,-0.2127,133,28.45,25.95,31.45,,55.0,7.5,,,,2.5
Srinagar,Jammu and KashmÄ«r,34.0911,74.8061,2021,1,0.0884,0.1816,-0.1385,1595,32.17,-1.7122043010752688,14.3,-16.6,66.40900537634408,4.477352150537635,0.19651881720430106,34.08565,74.80555,6.5
Amritsar,Punjab,31.6269,74.877,2021,1,0.0336,0.0872,-0.0379,234,31.21,11.167325268817203,21.6,0.7,81.14543010752688,6.424623655913978,0.07563172043010753,31.62234,74.87534,6.5
Jodhpur,RÄjasthÄn,26.2944,73.0278,2021,1,-0.0012,0.0223,0.0022,251,36.34,16.466290322580644,29.5,4.3,51.160483870967745,10.243172043010752,0.007930107526881721,26.26841,73.00594,6.5
Chandigarh,ChandÄ«garh,30.7364,76.7883,2021,1,0.4012,-0.0262,-0.356,349,31.59,12.27198924731183,23.4,3.0,74.95833333333333,8.758077956989247,0.08446236559139784,30.73629,76.7884,6.5
Warangal,TelangÄna,17.9756,79.6011,2021,1,0.0633,-0.1014,-0.0246,269,34.61,32.11,37.61,,55.0,7.5,,,,2.5
Kota,RÄjasthÄn,25.18,75.83,2021,1,0.0751,-0.067,-0.0107,230,31.71,16.201424731182797,30.9,4.0,65.39583333333333,6.7313575268817205,0.034408602150537634,25.18254,75.83907,6.5
Bareilly,Uttar Pradesh,28.364,79.415,2021,1,0.1182,0.0306,-0.1066,180,36.41,13.398158602150538,26.2,2.7,79.68387096774194,8.500013440860215,0.04321236559139785,28.36678,79.43167,6.5
Solapur,MahÄrÄshtra,17.6703,75.9011,2021,1,-0.0015,0.0057,-0.0021,474,36.87,24.536250000000003,34.5,13.1,44.965860215053766,10.911586021505377,0.0020161290322580645,17.67152,75.91044,6.5
Hubli,KarnÄtaka,15.3108,75.0925,2021,1,0.2553,-0.1093,-0.1826,618,26.79,24.29,29.79,,55.0,7.5,,,,2.5
Mysore,KarnÄtaka,12.3086,76.6531,2021,1,0.0693,-0.0068,-0.0434,747,32.75,30.25,35.75,,55.0,7.5,,,,2.5
Trichinopoly,Tamil NÄdu,10.8269,78.6928,2021,1,0.2907,-0.0108,-0.3397,74,35.2,32.7,38.2,,55.0,7.5,,,,2.5
Moradabad,Uttar Pradesh,28.8389,78.7769,2021,1,0.1008,0.0719,-0.1175,205,33.61,31.11,36.61,,55.0,7.5,,,,2.5
Tiruppur,Tamil NÄdu,11.1075,77.3398,2021,1,0.0692,0.0157,-0.0508,305,34.9,25.208333333333332,35.5,15.6,62.428360215053765,7.9706048387096775,0.022473118279569892,11.11541,77.35456,6.5
Jamnagar,GujarÄt,22.47,70.07,2021,1,0.0823,0.0464,-0.0937,21,27.29,24.79,30.29,,55.0,7.5,,,,2.5
Gurgaon,HaryÄna,28.4667,77.0333,2021,1,0.0987,-0.2472,0.021,224,31.11,28.61,34.11,,55.0,7.5,,,,2.5
Jalandhar,Punjab,31.3256,75.5792,2021,1,0.1415,-0.0499,-0.1004,242,34.09,31.590000000000003,37.09,,55.0,7.5,,,,2.5
Narela,Delhi,28.85,77.1,2021,1,-0.0391,-0.2702,0.0433,212,32.33,29.83,35.33,,55.0,7.5,,,,2.5
Shishgarh,Uttar Pradesh,28.72,79.32,2021,1,0.7603,-0.1817,-0.6373,181,31.75,29.25,34.75,,55.0,7.5,,,,2.5
Thiruvananthapuram,Kerala,8.4875,76.9525,2021,1,0.1016,-0.0511,-0.1098,15,37.2,34.7,40.2,,55.0,7.5,,,,2.5
Dispur,Assam,26.15,91.77,2021,1,0.102,-0.1073,-0.0559,116,36.85,34.35,39.85,,55.0,7.5,,,,2.5
Saharanpur,Uttar Pradesh,29.964,77.546,2021,1,0.0789,0.1144,-0.0985,280,35.17,32.67,38.17,,55.0,7.5,,,,2.5
Shiliguri,West Bengal,26.72,88.42,2021,1,0.0609,-0.0293,-0.07,119,38.72,36.22,41.72,,55.0,7.5,,,,2.5
Avadi,Tamil NÄdu,13.1147,80.1098,2021,1,0.2942,-0.0154,-0.2782,32,31.77,29.27,34.769999999999996,,55.0,7.5,,,,2.5
Salem,Tamil NÄdu,11.65,78.1667,2021,1,0.0596,0.0958,-0.1476,285,36.72,34.22,39.72,,55.0,7.5,,,,2.5
Jui,UttarÄkhand,29.67,78.9098,2021,1,0.024,-0.0936,-0.0314,890,24.76,22.26,27.76,,55.0,7.5,,,,2.5
Amaldu,UttarÄkhand,29.9333,78.5333,2021,1,0.0856,-0.1042,-0.0595,1406,24.03,21.53,27.03,,55.0,7.5,,,,2.5
Kimsar,Jammu and KashmÄ«r,34.5,74.5333,2021,1,0.5284,-0.164,-0.4361,3058,16.75,14.25,19.75,,55.0,7.5,,,,2.5
Sinduri,HimÄchal Pradesh,30.7167,77.15,2021,1,0.1092,-0.2524,-0.0715,943,25.41,22.91,28.41,,55.0,7.5,,,,2.5
Gorakhpur,Uttar Pradesh,26.7611,83.3667,2021,1,0.1063,0.0376,-0.1287,84,33.28,30.78,36.28,,55.0,7.5,,,,2.5
Guntur,Andhra Pradesh,16.3,80.45,2021,1,0.0257,-0.0353,-0.016,34,37.31,34.81,40.31,,55.0,7.5,,,,2.5
Karaikandi,Assam,24.8309,92.6143,2021,1,0.6315,-0.2952,-0.4919,20,30.89,28.39,33.89,,55.0,7.5,,,,2.5
Mumbai,MahÄrÄshtra,19.0758,72.8775,2021,1,0.0529,0.0851,-0.074,5,36.27,23.31008064516129,33.2,14.2,64.56397849462365,10.32875,0.001411290322580645,19.07283,72.88261,6.5
Kolkata,West Bengal,22.5675,88.37,2021,1,0.0076,0.0421,-0.0106,6,33.16,18.926102150537638,30.6,9.0,71.28346774193548,7.722836021505376,0.016223118279569893,22.56263,88.36304,6.5
Delhi,Delhi,28.66,77.23,2021,1,0.2424,0.043,-0.2991,219,31.26,28.76,34.260000000000005,,55.0,7.5,,,,2.5
Chennai,Tamil NÄdu,13.0825,80.275,2021,1,0.0306,0.2597,-0.0274,9,35.86,24.796142473118277,30.5,17.3,74.35887096774194,11.460672043010751,0.02995967741935484,13.08784,80.27847,6.5
Ahmedabad,GujarÄt,23.0219,72.5797,2021,1,0.1831,0.0137,-0.2152,52,34.06,31.560000000000002,37.06,,55.0,7.5,,,,2.5
Pune,MahÄrÄshtra,18.5211,73.8553,2021,1,0.3307,-0.0209,-0.3327,554,32.34,29.840000000000003,35.34,,55.0,7.5,,,,2.5
Hyderabad,TelangÄna,17.3617,78.4747,2021,1,-0.0461,0.1498,0.0393,508,33.66,21.84111559139785,33.6,10.9,59.34206989247312,8.333333333333334,0.00836021505376344,17.38405,78.45636,6.5
Surat,GujarÄt,21.205,72.84,2021,1,0.1619,0.0211,-0.1972,14,35.3,22.131034946236557,35.0,11.6,55.53709677419355,11.153575268817205,0.0017069892473118278,21.19594,72.83023,6.5
Prayagraj,Uttar Pradesh,25.45,81.85,2021,1,0.3964,-0.057,-0.4214,95,32.64,30.14,35.64,,55.0,7.5,,,,2.5
Kanpur,GujarÄt,24.285,72.6933,2021,1,0.532,-0.1531,-0.5231,335,32.86,14.61231182795699,27.4,4.1,77.39435483870967,8.008198924731182,0.0314247311827957,26.46523,80.34975,6.5
Kanpur,Uttar Pradesh,26.4725,80.3311,2021,1,0.1536,0.0501,-0.1673,132,32.6,14.61231182795699,27.4,4.1,77.39435483870967,8.008198924731182,0.0314247311827957,26.46523,80.34975,6.5
Belahi,BihÄr,25.7167,86.4,2021,1,-0.1127,-0.4755,0.1202,41,29.38,26.88,32.379999999999995,,55.0,7.5,,,,2.5
Vadodara,GujarÄt,22.3,73.2,2021,1,0.2255,-0.0057,-0.241,38,34.15,20.783776881720428,33.5,8.6,55.36854838709677,8.284059139784947,0.004986559139784946,22.29941,73.20812,6.5
Nadampalaiyam,Tamil NÄdu,11.1793,77.376,2021,1,0.1743,-0.0554,-0.1803,318,35.11,32.61,38.11,,55.0,7.5,,,,2.5
Lucknow,Uttar Pradesh,26.847,80.947,2021,1,0.1089,0.1354,-0.1425,115,32.53,14.294059139784947,26.8,3.5,77.76411290322581,8.090174731182795,0.03786290322580645,26.83928,80.92313,6.5
Kannankulam,Kerala,10.4799,76.1131,2021,1,0.0451,-0.2369,-0.0157,13,31.95,29.45,34.95,,55.0,7.5,,,,2.5
Mahuakheraganj,UttarÄkhand,29.13,78.95,2021,1,0.2947,-0.0675,-0.3202,222,29.94,27.44,32.94,,55.0,7.5,,,,2.5
Nagla,UttarÄkhand,29.01,79.51,2021,1,0.5572,-0.0648,-0.5315,227,29.79,27.29,32.79,,55.0,7.5,,,,2.5
Jaipur,RÄjasthÄn,26.915,75.82,2021,1,0.5342,-0.0955,-0.5508,441,33.27,14.308373655913979,28.1,2.7,62.82728494623656,8.242083333333333,0.02646505376344086,26.91962,75.78781,6.5
Kottarassheri,Kerala,10.6167,76.5333,2021,1,0.7202,-0.1818,-0.615,147,30.26,27.76,33.260000000000005,,55.0,7.5,,,,2.5
Attadappa,Kerala,11.85,75.4167,2021,1,0.551,-0.2351,-0.4662,37,28.08,25.58,31.08,,55.0,7.5,,,,2.5
Barmhan Kalan,Madhya Pradesh,23.0333,79.0167,2021,1,0.7117,-0.2443,-0.6615,337,32.68,30.18,35.68,,55.0,7.5,,,,2.5
Gorakhpur,ChhattÄ«sgarh,22.1688,81.6042,2021,1,0.4272,-0.0474,-0.4686,305,29.33,26.83,32.33,,55.0,7.5,,,,2.5
Nagpur,MahÄrÄshtra,21.1497,79.0806,2021,1,0.3681,-0.0786,-0.3676,318,33.53,20.58133064516129,32.9,8.1,56.8377688172043,7.151948924731183,0.017419354838709676,21.14631,79.08491,6.5
Guwahati,Assam,26.1806,91.7502,2021,1,0.0767,0.1665,-0.0812,57,31.6,17.49366935483871,27.5,8.4,77.26733870967742,6.03396505376344,0.020026881720430108,26.1844,91.7458,6.5
Ghaziabad,Uttar Pradesh,28.6667,77.4167,2021,1,0.2257,-0.0064,-0.2704,211,31.6,12.96893817204301,25.4,1.9,77.63467741935484,8.6725,0.047567204301075264,28.66535,77.43915,6.5
Coimbatore,Tamil NÄdu,11.0008,76.9633,2021,1,0.1362,-0.1298,-0.1191,417,39.17,24.230967741935483,33.6,14.8,62.895161290322584,9.489314516129033,0.02720430107526882,11.00555,76.96612,6.5
Patna,BihÄr,25.61,85.1414,2021,1,0.0934,0.1765,-0.0711,63,32.35,15.802849462365591,26.2,7.1,77.59919354838709,8.116397849462366,0.016922043010752688,25.59408,85.13563,6.5
Rajkot,GujarÄt,22.2969,70.7984,2021,1,0.0751,0.1589,-0.0762,134,34.95,32.45,37.95,,55.0,7.5,,,,2.5
Vishakhapatnam,Andhra Pradesh,17.6939,83.2922,2021,1,0.1992,0.0747,-0.2207,12,34.65,32.15,37.65,,55.0,7.5,,,,2.5
Indore,Madhya Pradesh,22.7186,75.855,2021,1,0.0928,0.1449,-0.1405,553,33.28,17.89548387096774,31.2,6.2,60.325537634408605,8.858575268817205,0.015376344086021506,22.71792,75.8333,6.5
Abhepur,Punjab,30.6667,76.8333,2021,1,0.2049,0.0263,-0.2645,311,31.2,28.7,34.2,,55.0,7.5,,,,2.5
Gumanwala,UttarÄkhand,29.9333,77.9,2021,1,0.6544,-0.147,-0.5827,277,28.32,25.82,31.32,,55.0,7.5,,,,2.5
Thane,MahÄrÄshtra,19.18,72.9633,2021,1,0.7203,-0.2253,-0.6417,14,33.69,23.57021505376344,35.8,11.6,59.83736559139785,7.8694758064516135,0.001532258064516129,19.19704,72.96355,6.5
Bhopal,Madhya Pradesh,23.25,77.4167,2021,1,0.1344,0.1506,-0.1779,512,31.16,17.14024193548387,31.1,6.5,64.91505376344087,8.670887096774194,0.028830645161290323,23.25469,77.40289,6.5
Agra,Uttar Pradesh,27.18,78.02,2021,1,0.3431,0.1073,-0.4591,184,32.18,13.721250000000001,26.7,3.0,77.71774193548387,7.740376344086021,0.04491935483870967,27.18333,78.01667,6.5
Peyanvilai,Tamil NÄdu,8.5674,78.1046,2021,1,0.1602,0.0523,-0.2483,8,39.33,36.83,42.33,,55.0,7.5,,,,2.5
Pimpri-Chinchwad,MahÄrÄshtra,18.6278,73.8131,2021,1,0.6238,-0.1956,-0.5645,584,32.84,20.824341397849462,33.2,8.2,59.30846774193548,6.219892473118279,0.003306451612903226,18.61867,73.80375,6.5
Harbatpur,UttarÄkhand,30.45,77.73,2021,1,0.4568,0.0061,-0.4461,445,28.7,26.2,31.7,,55.0,7.5,,,,2.5
Saundhonwali,UttarÄkhand,30.3331,77.9608,2021,1,0.0889,0.151,-0.1544,612,27.91,25.41,30.91,,55.0,7.5,,,,2.5
Ludhiana,Punjab,30.9083,75.8486,2021,1,0.355,-0.0918,-0.3441,243,31.36,11.398319892473118,22.2,1.5,82.76639784946236,7.204583333333333,0.07833333333333332,30.91204,75.85379,6.5
Meerut,Uttar Pradesh,28.98,77.7064,2021,1,0.1199,0.1126,-0.1913,228,31.58,29.08,34.58,,55.0,7.5,,,,2.5
Madurai,Tamil NÄdu,9.9197,78.1194,2021,1,0.1148,-0.1724,-0.0915,141,38.86,25.47190860215054,35.2,15.1,66.73131720430108,9.643709677419354,0.034784946236559144,9.919,78.11953,6.5
Nasik,MahÄrÄshtra,20.0,73.7833,2021,1,0.141,0.0909,-0.2136,588,32.36,29.86,35.36,,55.0,7.5,,,,2.5
Faridabad,HaryÄna,28.4167,77.3,2021,1,0.3685,0.0714,-0.3851,208,30.97,13.339932795698925,25.6,2.8,75.75255376344086,8.802217741935484,0.0397983870967742,28.41124,77.31316,6.5
Madarpur,BihÄr,26.227,84.6746,2021,1,0.2013,0.0636,-0.2397,69,29.25,26.75,32.25,,55.0,7.5,,,,2.5
Najafgarh,Delhi,28.6125,76.9847,2021,1,0.0817,0.1012,-0.1381,220,31.81,29.31,34.81,,55.0,7.5,,,,2.5
Jabalpur,Madhya Pradesh,23.1667,79.9333,2021,1,0.1491,0.1397,-0.2031,399,34.08,17.15013440860215,30.9,5.1,65.45712365591397,7.502379032258064,0.023911290322580644,23.16697,79.95006,6.5
Madanpur,UttarÄkhand,29.326,79.1537,2021,1,0.5917,-0.2413,-0.5086,315,28.58,26.08,31.58,,55.0,7.5,,,,2.5
Kamalwaganja Gaur,UttarÄkhand,29.2117,79.4654,2021,1,0.6482,-0.1405,-0.5747,383,30.17,27.67,33.17,,55.0,7.5,,,,2.5
Kalyan,MahÄrÄshtra,19.25,73.15,2021,1,0.2317,0.1688,-0.2479,10,33.63,31.130000000000003,36.63,,55.0,7.5,,,,2.5
Asansol,West Bengal,23.6833,86.9667,2021,1,0.2837,0.1159,-0.2785,125,31.25,28.75,34.25,,55.0,7.5,,,,2.5
Vijayawada,Andhra Pradesh,16.5167,80.6167,2021,1,0.4625,-0.1318,-0.457,27,30.58,24.579395161290325,34.7,14.9,70.73521505376344,6.980873655913978,0.01424731182795699,16.50745,80.6466,6.000604838709673
Vasai-Virar,MahÄrÄshtra,19.47,72.8,2021,1,0.1147,0.1827,-0.1382,0,31.48,28.98,34.480000000000004,,55.0,7.5,,,,2.5
Varanasi,Uttar Pradesh,25.3189,83.0128,2021,1,0.1956,0.0082,-0.2664,78,31.95,15.528897849462366,27.6,5.5,76.55483870967743,7.823266129032258,0.029704301075268818,25.31668,83.01041,6.5
Kalleli,Kerala,9.2,76.8833,2021,1,0.8008,-0.2609,-0.7173,133,29.57,27.07,32.57,,55.0,7.5,,,,2.5
Srinagar,Jammu and KashmÄ«r,34.0911,74.8061,2021,1,0.0897,0.1821,-0.0941,1595,22.9,-1.7122043010752688,14.3,-16.6,66.40900537634408,4.477352150537635,0.19651881720430106,34.08565,74.80555,6.5
Aurangabad,MahÄrÄshtra,19.88,75.32,2021,1,0.4015,-0.1105,-0.3785,564,32.29,21.19081989247312,32.6,9.8,52.36438172043011,8.416451612903225,0.0035080645161290323,19.87757,75.34226,6.5
Dhanbad,JhÄrkhand,23.7928,86.435,2021,1,0.432,-0.0444,-0.4233,245,31.62,17.05918010752688,30.5,6.0,67.77190860215053,7.728736559139786,0.01907258064516129,23.79759,86.42992,6.5
Amritsar,Punjab,31.6269,74.877,2021,1,0.0588,0.0084,-0.1325,234,31.05,11.167325268817203,21.6,0.7,81.14543010752688,6.424623655913978,0.07563172043010753,31.62234,74.87534,6.5
Haora,West Bengal,22.58,88.3294,2021,1,0.1917,0.1203,-0.1909,12,30.06,27.56,33.06,,55.0,7.5,,,,2.5
Ranchi,JhÄrkhand,23.3556,85.3347,2021,1,0.6188,-0.1001,-0.5495,643,30.25,15.78606182795699,27.8,5.8,64.33212365591397,8.793723118279571,0.016209677419354838,23.34316,85.3094,6.5
Gwalior,Madhya Pradesh,26.2125,78.1775,2021,1,0.0462,0.1071,-0.1525,215,32.31,14.731962365591398,28.8,4.4,72.68924731182796,7.504677419354839,0.04174731182795699,26.22983,78.17337,6.5
Jodhpur,RÄjasthÄn,26.2944,73.0278,2021,1,0.1361,0.0725,-0.1857,251,35.0,16.466290322580644,29.5,4.3,51.160483870967745,10.243172043010752,0.007930107526881721,26.26841,73.00594,6.5
Chandigarh,ChandÄ«garh,30.7364,76.7883,2021,1,0.4665,-0.0336,-0.4468,349,30.36,12.27198924731183,23.4,3.0,74.95833333333333,8.758077956989247,0.08446236559139784,30.73629,76.7884,6.5
Raipur,ChhattÄ«sgarh,21.2379,81.6337,2021,1,0.1152,0.0575,-0.1496,309,33.7,19.693870967741933,32.1,7.6,60.54744623655914,6.05239247311828,0.011868279569892472,21.23333,81.63333,6.5
Warangal,TelangÄna,17.9756,79.6011,2021,1,0.0961,0.0927,-0.0954,269,34.7,32.2,37.7,,55.0,7.5,,,,2.5
Kota,RÄjasthÄn,25.18,75.83,2021,1,0.1768,0.0461,-0.1803,230,32.04,16.201424731182797,30.9,4.0,65.39583333333333,6.7313575268817205,0.034408602150537634,25.18254,75.83907,6.5
Bareilly,Uttar Pradesh,28.364,79.415,2021,1,0.1187,0.0732,-0.1676,180,31.63,13.398158602150538,26.2,2.7,79.68387096774194,8.500013440860215,0.04321236559139785,28.36678,79.43167,6.5
Solapur,MahÄrÄshtra,17.6703,75.9011,2021,1,0.1477,0.0844,-0.1932,474,34.84,24.536250000000003,34.5,13.1,44.965860215053766,10.911586021505377,0.0020161290322580645,17.67152,75.91044,6.5
Hubli,KarnÄtaka,15.3108,75.0925,2021,1,0.2624,0.0422,-0.2572,618,33.22,30.72,36.22,,55.0,7.5,,,,2.5
Mysore,KarnÄtaka,12.3086,76.6531,2021,1,0.0248,-0.0814,0.0069,747,27.63,25.13,30.63,,55.0,7.5,,,,2.5
Trichinopoly,Tamil NÄdu,10.8269,78.6928,2021,1,0.2952,-0.0622,-0.329,74,33.39,30.89,36.39,,55.0,7.5,,,,2.5
Moradabad,Uttar Pradesh,28.8389,78.7769,2021,1,0.0992,0.1253,-0.131,205,31.86,29.36,34.86,,55.0,7.5,,,,2.5
Tiruppur,Tamil NÄdu,11.1075,77.3398,2021,1,0.0264,-0.1393,-0.0267,305,36.58,25.208333333333332,35.5,15.6,62.428360215053765,7.9706048387096775,0.022473118279569892,11.11541,77.35456,6.5
Jamnagar,GujarÄt,22.47,70.07,2021,1,0.3674,0.0514,-0.3705,21,34.68,32.18,37.68,,55.0,7.5,,,,2.5
Gurgaon,HaryÄna,28.4667,77.0333,2021,1,0.2267,-0.0557,-0.2975,224,31.52,29.02,34.519999999999996,,55.0,7.5,,,,2.5
Aligarh,Uttar Pradesh,27.88,78.08,2021,1,0.2325,-0.0128,-0.2433,190,33.1,13.301666666666666,25.8,2.9,77.90201612903226,8.30231182795699,0.043857526881720434,27.88145,78.07464,6.5
Jalandhar,Punjab,31.3256,75.5792,2021,1,0.2044,0.0091,-0.2584,242,31.56,29.06,34.56,,55.0,7.5,,,,2.5
Bhubaneshwar,Odisha,20.295,85.825,2021,1,0.0898,-0.0749,-0.0427,47,32.52,30.020000000000003,35.52,,55.0,7.5,,,,2.5
Bhayandar,MahÄrÄshtra,19.3,72.85,2021,1,0.3171,0.1412,-0.2936,9,33.04,30.54,36.04,,55.0,7.5,,,,2.5
Narela,Delhi,28.85,77.1,2021,1,0.663,-0.2022,-0.5938,212,30.4,27.9,33.4,,55.0,7.5,,,,2.5
Shishgarh,Uttar Pradesh,28.72,79.32,2021,1,0.3917,-0.0005,-0.3903,181,29.28,26.78,32.28,,55.0,7.5,,,,2.5
Thiruvananthapuram,Kerala,8.4875,76.9525,2021,1,0.0394,0.0703,-0.0968,15,35.25,32.75,38.25,,55.0,7.5,,,,2.5
Dispur,Assam,26.15,91.77,2021,1,0.6143,-0.2374,-0.5251,116,31.86,29.36,34.86,,55.0,7.5,,,,2.5
Durgapur,West Bengal,23.55,87.32,2021,1,0.3955,-0.0255,-0.3741,90,30.94,28.44,33.94,,55.0,7.5,,,,2.5
Bhiwandi,MahÄrÄshtra,19.3,73.0667,2021,1,-0.0083,-0.1397,-0.0058,25,37.28,34.78,40.28,,55.0,7.5,,,,2.5
Saharanpur,Uttar Pradesh,29.964,77.546,2021,1,0.1061,0.1013,-0.1452,280,31.28,28.78,34.28,,55.0,7.5,,,,2.5
Shiliguri,West Bengal,26.72,88.42,2021,1,0.1704,0.0524,-0.1872,119,34.19,31.689999999999998,37.19,,55.0,7.5,,,,2.5
Avadi,Tamil NÄdu,13.1147,80.1098,2021,1,0.4251,-0.0528,-0.408,32,34.91,32.41,37.91,,55.0,7.5,,,,2.5
Salem,Tamil NÄdu,11.65,78.1667,2021,1,0.0186,0.0502,-0.0438,285,35.6,33.1,38.6,,55.0,7.5,,,,2.5
Jui,UttarÄkhand,29.67,78.9098,2021,1,0.8534,-0.2421,-0.7621,890,24.54,22.04,27.54,,55.0,7.5,,,,2.5
Amaldu,UttarÄkhand,29.9333,78.5333,2021,1,0.7051,-0.1675,-0.6241,1406,23.75,21.25,26.75,,55.0,7.5,,,,2.5
Kimsar,Jammu and KashmÄ«r,34.5,74.5333,2021,1,0.6788,-0.336,-0.6272,3058,12.08,9.58,15.08,,55.0,7.5,,,,2.5
Sinduri,HimÄchal Pradesh,30.7167,77.15,2021,1,0.6564,-0.1649,-0.6292,943,25.09,22.59,28.09,,55.0,7.5,,,,2.5
Gorakhpur,Uttar Pradesh,26.7611,83.3667,2021,1,0.0624,0.1201,-0.0583,84,32.26,29.759999999999998,35.26,,55.0,7.5,,,,2.5
Guntur,Andhra Pradesh,16.3,80.45,2021,1,0.2366,0.0859,-0.2382,34,35.67,33.17,38.67,,55.0,7.5,,,,2.5
Karaikandi,Assam,24.8309,92.6143,2021,1,0.7956,-0.3351,-0.622,20,28.68,26.18,31.68,,55.0,7.5,,,,2.5
Mumbai,MahÄrÄshtra,19.0758,72.8775,2021,1,0.0379,0.0577,-0.0652,5,36.16,23.31008064516129,33.2,14.2,64.56397849462365,10.32875,0.001411290322580645,19.07283,72.88261,6.5
Kolkata,West Bengal,22.5675,88.37,2021,1,0.0786,0.0259,-0.1191,6,31.83,18.926102150537638,30.6,9.0,71.28346774193548,7.722836021505376,0.016223118279569893,22.56263,88.36304,6.5
Delhi,Delhi,28.66,77.23,2021,1,0.1328,-0.0278,-0.1203,219,25.36,22.86,28.36,,55.0,7.5,,,,2.5
Chennai,Tamil NÄdu,13.0825,80.275,2021,1,0.0467,0.2303,-0.0626,9,31.36,24.796142473118277,30.5,17.3,74.35887096774194,11.460672043010751,0.02995967741935484,13.08784,80.27847,6.5
Bangalore,KarnÄtaka,12.9791,77.5913,2021,1,0.3106,-0.066,-0.2903,924,27.24,24.74,30.24,,55.0,7.5,,,,2.5
Ahmedabad,GujarÄt,23.0219,72.5797,2021,1,0.2236,-0.003,-0.2369,52,32.16,29.659999999999997,35.16,,55.0,7.5,,,,2.5
Pune,MahÄrÄshtra,18.5211,73.8553,2021,1,0.2997,-0.0505,-0.2851,554,30.34,27.84,33.34,,55.0,7.5,,,,2.5
Hyderabad,TelangÄna,17.3617,78.4747,2021,1,-0.0189,0.0073,0.0476,508,30.65,21.84111559139785,33.6,10.9,59.34206989247312,8.333333333333334,0.00836021505376344,17.38405,78.45636,6.5
Surat,GujarÄt,21.205,72.84,2021,1,0.1161,0.0194,-0.1296,14,33.85,22.131034946236557,35.0,11.6,55.53709677419355,11.153575268817205,0.0017069892473118278,21.19594,72.83023,6.5
Prayagraj,Uttar Pradesh,25.45,81.85,2021,1,0.3013,-0.0267,-0.3013,95,27.48,24.98,30.48,,55.0,7.5,,,,2.5
Kanpur,GujarÄt,24.285,72.6933,2021,1,0.6365,-0.1845,-0.6159,335,30.69,14.61231182795699,27.4,4.1,77.39435483870967,8.008198924731182,0.0314247311827957,26.46523,80.34975,6.5
Kanpur,Uttar Pradesh,26.4725,80.3311,2021,1,0.1119,0.0358,-0.1511,132,25.83,14.61231182795699,27.4,4.1,77.39435483870967,8.008198924731182,0.0314247311827957,26.46523,80.34975,6.5
Belahi,BihÄr,25.7167,86.4,2021,1,-0.0933,-0.3029,0.1989,41,26.7,24.2,29.7,,55.0,7.5,,,,2.5
Vadodara,GujarÄt,22.3,73.2,2021,1,0.2318,-0.0112,-0.257,38,32.84,20.783776881720428,33.5,8.6,55.36854838709677,8.284059139784947,0.004986559139784946,22.29941,73.20812,6.5
Lucknow,Uttar Pradesh,26.847,80.947,2021,1,0.0767,0.0709,-0.0965,115,27.11,14.294059139784947,26.8,3.5,77.76411290322581,8.090174731182795,0.03786290322580645,26.83928,80.92313,6.5
Kannankulam,Kerala,10.4799,76.1131,2021,1,0.4136,-0.1821,-0.3196,13,28.56,26.06,31.56,,55.0,7.5,,,,2.5
Mahuakheraganj,UttarÄkhand,29.13,78.95,2021,1,0.1918,0.0562,-0.2343,222,26.78,24.28,29.78,,55.0,7.5,,,,2.5
Nagla,UttarÄkhand,29.01,79.51,2021,1,0.3895,0.018,-0.379,227,25.89,23.39,28.89,,55.0,7.5,,,,2.5
Jaipur,RÄjasthÄn,26.915,75.82,2021,1,0.3732,-0.0875,-0.4227,441,28.55,14.308373655913979,28.1,2.7,62.82728494623656,8.242083333333333,0.02646505376344086,26.91962,75.78781,6.5
Kottarassheri,Kerala,10.6167,76.5333,2021,1,0.6223,-0.0292,-0.5864,147,29.4,26.9,32.4,,55.0,7.5,,,,2.5
Attadappa,Kerala,11.85,75.4167,2021,1,0.7918,-0.3501,-0.7004,37,31.06,28.56,34.06,,55.0,7.5,,,,2.5
Barmhan Kalan,Madhya Pradesh,23.0333,79.0167,2021,1,0.5183,-0.1173,-0.5132,337,29.63,27.13,32.629999999999995,,55.0,7.5,,,,2.5
Gorakhpur,ChhattÄ«sgarh,22.1688,81.6042,2021,1,0.3528,0.001,-0.4113,305,29.12,26.62,32.120000000000005,,55.0,7.5,,,,2.5
Nagpur,MahÄrÄshtra,21.1497,79.0806,2021,1,0.3504,-0.0695,-0.3502,318,30.74,20.58133064516129,32.9,8.1,56.8377688172043,7.151948924731183,0.017419354838709676,21.14631,79.08491,6.5
Guwahati,Assam,26.1806,91.7502,2021,1,0.0828,0.1386,-0.1225,57,27.41,17.49366935483871,27.5,8.4,77.26733870967742,6.03396505376344,0.020026881720430108,26.1844,91.7458,6.5
Ghaziabad,Uttar Pradesh,28.6667,77.4167,2021,1,0.2218,-0.0798,-0.2085,211,26.66,12.96893817204301,25.4,1.9,77.63467741935484,8.6725,0.047567204301075264,28.66535,77.43915,6.5
Patna,BihÄr,25.61,85.1414,2021,1,0.0997,0.1534,-0.1097,63,27.72,15.802849462365591,26.2,7.1,77.59919354838709,8.116397849462366,0.016922043010752688,25.59408,85.13563,6.5
Rajkot,GujarÄt,22.2969,70.7984,2021,1,0.0685,0.1517,-0.0892,134,33.3,30.799999999999997,36.3,,55.0,7.5,,,,2.5
Vishakhapatnam,Andhra Pradesh,17.6939,83.2922,2021,1,0.2963,0.005,-0.3114,12,30.17,27.67,33.17,,55.0,7.5,,,,2.5
Indore,Madhya Pradesh,22.7186,75.855,2021,1,0.1007,0.13,-0.1651,553,30.63,17.89548387096774,31.2,6.2,60.325537634408605,8.858575268817205,0.015376344086021506,22.71792,75.8333,6.5
Abhepur,Punjab,30.6667,76.8333,2021,1,0.2024,0.0227,-0.2456,311,26.23,23.73,29.23,,55.0,7.5,,,,2.5
Gumanwala,UttarÄkhand,29.9333,77.9,2021,1,0.4578,-0.0049,-0.476,277,24.61,22.11,27.61,,55.0,7.5,,,,2.5
Thane,MahÄrÄshtra,19.18,72.9633,2021,1,0.6507,-0.1867,-0.5707,14,32.87,23.57021505376344,35.8,11.6,59.83736559139785,7.8694758064516135,0.001532258064516129,19.19704,72.96355,6.5
Bhopal,Madhya Pradesh,23.25,77.4167,2021,1,0.1022,0.1299,-0.1243,512,28.31,17.14024193548387,31.1,6.5,64.91505376344087,8.670887096774194,0.028830645161290323,23.25469,77.40289,6.5
Agra,Uttar Pradesh,27.18,78.02,2021,1,0.326,0.0535,-0.3978,184,25.3,13.721250000000001,26.7,3.0,77.71774193548387,7.740376344086021,0.04491935483870967,27.18333,78.01667,6.5
Peyanvilai,Tamil NÄdu,8.5674,78.1046,2021,1,0.0988,-0.1056,-0.0827,8,31.44,28.94,34.44,,55.0,7.5,,,,2.5
Pimpri-Chinchwad,MahÄrÄshtra,18.6278,73.8131,2021,1,0.6293,-0.2232,-0.5715,584,30.15,20.824341397849462,33.2,8.2,59.30846774193548,6.219892473118279,0.003306451612903226,18.61867,73.80375,6.5
Harbatpur,UttarÄkhand,30.45,77.73,2021,1,0.389,0.065,-0.3953,445,24.85,22.35,27.85,,55.0,7.5,,,,2.5
Saundhonwali,UttarÄkhand,30.3331,77.9608,2021,1,0.0873,0.1117,-0.1472,612,23.2,20.7,26.2,,55.0,7.5,,,,2.5
Ludhiana,Punjab,30.9083,75.8486,2021,1,0.2136,-0.0831,-0.235,243,25.24,11.398319892473118,22.2,1.5,82.76639784946236,7.204583333333333,0.07833333333333332,30.91204,75.85379,6.5
Meerut,Uttar Pradesh,28.98,77.7064,2021,1,0.0574,0.0222,-0.0929,228,26.39,23.89,29.39,,55.0,7.5,,,,2.5
Madurai,Tamil NÄdu,9.9197,78.1194,2021,1,0.0275,-0.1144,-0.0325,141,29.45,25.47190860215054,35.2,15.1,66.73131720430108,9.643709677419354,0.034784946236559144,9.919,78.11953,3.978091397849461
Nasik,MahÄrÄshtra,20.0,73.7833,2021,1,0.161,0.0752,-0.2002,588,30.03,27.53,33.03,,55.0,7.5,,,,2.5
Faridabad,HaryÄna,28.4167,77.3,2021,1,0.2446,0.0618,-0.2523,208,25.77,13.339932795698925,25.6,2.8,75.75255376344086,8.802217741935484,0.0397983870967742,28.41124,77.31316,6.5
Madarpur,BihÄr,26.227,84.6746,2021,1,0.1882,0.0039,-0.2261,69,26.67,24.17,29.67,,55.0,7.5,,,,2.5
Najafgarh,Delhi,28.6125,76.9847,2021,1,0.063,0.0036,-0.0981,220,26.19,23.69,29.19,,55.0,7.5,,,,2.5
Jabalpur,Madhya Pradesh,23.1667,79.9333,2021,1,0.1782,0.1595,-0.2115,399,29.14,17.15013440860215,30.9,5.1,65.45712365591397,7.502379032258064,0.023911290322580644,23.16697,79.95006,6.5
Madanpur,UttarÄkhand,29.326,79.1537,2021,1,0.2767,0.0946,-0.3431,315,25.32,22.82,28.32,,55.0,7.5,,,,2.5
Kamalwaganja Gaur,UttarÄkhand,29.2117,79.4654,2021,1,0.5672,-0.0723,-0.5145,383,25.72,23.22,28.72,,55.0,7.5,,,,2.5
Kalyan,MahÄrÄshtra,19.25,73.15,2021,1,0.2414,0.1495,-0.2552,10,33.59,31.090000000000003,36.59,,55.0,7.5,,,,2.5
Asansol,West Bengal,23.6833,86.9667,2021,1,0.232,0.1128,-0.2469,125,28.58,26.08,31.58,,55.0,7.5,,,,2.5
Vijayawada,Andhra Pradesh,16.5167,80.6167,2021,1,0.2112,-0.1164,-0.1661,27,30.57,24.579395161290325,34.7,14.9,70.73521505376344,6.980873655913978,0.01424731182795699,16.50745,80.6466,5.990604838709675
Vasai-Virar,MahÄrÄshtra,19.47,72.8,2021,1,0.0926,0.0398,-0.0795,0,31.24,28.74,34.239999999999995,,55.0,7.5,,,,2.5
Varanasi,Uttar Pradesh,25.3189,83.0128,2021,1,0.1392,-0.0026,-0.1882,78,26.93,15.528897849462366,27.6,5.5,76.55483870967743,7.823266129032258,0.029704301075268818,25.31668,83.01041,6.5
Kalleli,Kerala,9.2,76.8833,2021,1,0.1228,-0.129,-0.1035,133,29.25,26.75,32.25,,55.0,7.5,,,,2.5
Srinagar,Jammu and KashmÄ«r,34.0911,74.8061,2021,1,-0.0183,-0.0237,0.0292,1595,15.84,-1.7122043010752688,14.3,-16.6,66.40900537634408,4.477352150537635,0.19651881720430106,34.08565,74.80555,6.5
Aurangabad,MahÄrÄshtra,19.88,75.32,2021,1,0.2937,-0.0892,-0.2655,564,31.59,21.19081989247312,32.6,9.8,52.36438172043011,8.416451612903225,0.0035080645161290323,19.87757,75.34226,6.5
Dhanbad,JhÄrkhand,23.7928,86.435,2021,1,0.4694,-0.0111,-0.5145,245,28.79,17.05918010752688,30.5,6.0,67.77190860215053,7.728736559139786,0.01907258064516129,23.79759,86.42992,6.5
Amritsar,Punjab,31.6269,74.877,2021,1,0.058,-0.0256,-0.1144,234,24.68,11.167325268817203,21.6,0.7,81.14543010752688,6.424623655913978,0.07563172043010753,31.62234,74.87534,6.5
Haora,West Bengal,22.58,88.3294,2021,1,0.2127,0.1344,-0.2124,12,29.97,27.47,32.97,,55.0,7.5,,,,2.5
Ranchi,JhÄrkhand,23.3556,85.3347,2021,1,0.5176,-0.0923,-0.4806,643,27.48,15.78606182795699,27.8,5.8,64.33212365591397,8.793723118279571,0.016209677419354838,23.34316,85.3094,6.5
Gwalior,Madhya Pradesh,26.2125,78.1775,2021,1,0.0718,0.0887,-0.1564,215,27.24,14.731962365591398,28.8,4.4,72.68924731182796,7.504677419354839,0.04174731182795699,26.22983,78.17337,6.5
Jodhpur,RÄjasthÄn,26.2944,73.0278,2021,1,0.1399,0.0692,-0.2067,251,30.8,16.466290322580644,29.5,4.3,51.160483870967745,10.243172043010752,0.007930107526881721,26.26841,73.00594,6.5
Chandigarh,ChandÄ«garh,30.7364,76.7883,2021,1,0.4546,-0.0863,-0.4463,349,24.69,12.27198924731183,23.4,3.0,74.95833333333333,8.758077956989247,0.08446236559139784,30.73629,76.7884,6.5
Raipur,ChhattÄ«sgarh,21.2379,81.6337,2021,1,0.076,0.0878,-0.1307,309,30.79,19.693870967741933,32.1,7.6,60.54744623655914,6.05239247311828,0.011868279569892472,21.23333,81.63333,6.5
Warangal,TelangÄna,17.9756,79.6011,2021,1,0.0622,0.0975,-0.0737,269,30.6,28.1,33.6,,55.0,7.5,,,,2.5
Kota,RÄjasthÄn,25.18,75.83,2021,1,0.1352,0.0297,-0.1834,230,27.7,16.201424731182797,30.9,4.0,65.39583333333333,6.7313575268817205,0.034408602150537634,25.18254,75.83907,6.5
Bareilly,Uttar Pradesh,28.364,79.415,2021,1,0.0916,0.0732,-0.12,180,26.06,13.398158602150538,26.2,2.7,79.68387096774194,8.500013440860215,0.04321236559139785,28.36678,79.43167,6.5
Solapur,MahÄrÄshtra,17.6703,75.9011,2021,1,0.1457,0.0197,-0.1485,474,31.85,24.536250000000003,34.5,13.1,44.965860215053766,10.911586021505377,0.0020161290322580645,17.67152,75.91044,6.5
Hubli,KarnÄtaka,15.3108,75.0925,2021,1,0.0295,0.0045,-0.0059,618,28.25,25.75,31.25,,55.0,7.5,,,,2.5
Mysore,KarnÄtaka,12.3086,76.6531,2021,1,0.0733,-0.0125,-0.0456,747,27.71,25.21,30.71,,55.0,7.5,,,,2.5
Trichinopoly,Tamil NÄdu,10.8269,78.6928,2021,1,0.2917,0.0493,-0.3411,74,29.03,26.53,32.03,,55.0,7.5,,,,2.5
Moradabad,Uttar Pradesh,28.8389,78.7769,2021,1,0.0619,0.0558,-0.0898,205,26.28,23.78,29.28,,55.0,7.5,,,,2.5
Jamnagar,GujarÄt,22.47,70.07,2021,1,0.2564,0.0757,-0.2803,21,32.3,29.799999999999997,35.3,,55.0,7.5,,,,2.5
Gurgaon,HaryÄna,28.4667,77.0333,2021,1,0.1109,-0.051,-0.1495,224,26.18,23.68,29.18,,55.0,7.5,,,,2.5
Aligarh,Uttar Pradesh,27.88,78.08,2021,1,0.1985,-0.0308,-0.2095,190,27.22,13.301666666666666,25.8,2.9,77.90201612903226,8.30231182795699,0.043857526881720434,27.88145,78.07464,6.5
Jalandhar,Punjab,31.3256,75.5792,2021,1,0.1309,-0.0083,-0.193,242,25.18,22.68,28.18,,55.0,7.5,,,,2.5
Bhubaneshwar,Odisha,20.295,85.825,2021,1,0.1731,-0.0164,-0.2414,47,30.37,27.87,33.370000000000005,,55.0,7.5,,,,2.5
Bhayandar,MahÄrÄshtra,19.3,72.85,2021,1,0.2152,0.163,-0.1964,9,33.52,31.020000000000003,36.52,,55.0,7.5,,,,2.5
Narela,Delhi,28.85,77.1,2021,1,0.335,-0.1365,-0.2934,212,25.5,23.0,28.5,,55.0,7.5,,,,2.5
Shishgarh,Uttar Pradesh,28.72,79.32,2021,1,0.3821,0.0736,-0.3762,181,24.31,21.81,27.31,,55.0,7.5,,,,2.5
Thiruvananthapuram,Kerala,8.4875,76.9525,2021,1,0.0285,-0.0687,-0.0367,15,33.97,31.47,36.97,,55.0,7.5,,,,2.5
Dispur,Assam,26.15,91.77,2021,1,0.7609,-0.2774,-0.6594,116,28.38,25.88,31.38,,55.0,7.5,,,,2.5
Durgapur,West Bengal,23.55,87.32,2021,1,0.3422,0.0177,-0.3695,90,28.14,25.64,31.14,,55.0,7.5,,,,2.5
Bhiwandi,MahÄrÄshtra,19.3,73.0667,2021,1,0.0201,-0.0821,-0.0761,25,36.75,34.25,39.75,,55.0,7.5,,,,2.5
Saharanpur,Uttar Pradesh,29.964,77.546,2021,1,0.0866,0.0656,-0.1205,280,26.28,23.78,29.28,,55.0,7.5,,,,2.5
Shiliguri,West Bengal,26.72,88.42,2021,1,0.0684,0.1595,-0.1187,119,30.54,28.04,33.54,,55.0,7.5,,,,2.5
Avadi,Tamil NÄdu,13.1147,80.1098,2021,1,-0.045,-0.4412,0.0834,32,29.87,27.37,32.870000000000005,,55.0,7.5,,,,2.5
Salem,Tamil NÄdu,11.65,78.1667,2021,1,-0.0364,-0.0786,0.0555,285,32.9,30.4,35.9,,55.0,7.5,,,,2.5
Jui,UttarÄkhand,29.67,78.9098,2021,1,0.8578,-0.2375,-0.7928,890,20.28,17.78,23.28,,55.0,7.5,,,,2.5
Amaldu,UttarÄkhand,29.9333,78.5333,2021,1,0.6228,-0.0997,-0.6073,1406,19.34,16.84,22.34,,55.0,7.5,,,,2.5
Kimsar,Jammu and KashmÄ«r,34.5,74.5333,2021,1,0.6978,-0.3565,-0.637,3058,8.3,5.800000000000001,11.3,,55.0,7.5,,,,2.5
Sinduri,HimÄchal Pradesh,30.7167,77.15,2021,1,0.4846,0.0163,-0.5176,943,21.18,18.68,24.18,,55.0,7.5,,,,2.5
Gorakhpur,Uttar Pradesh,26.7611,83.3667,2021,1,0.1303,0.0591,-0.1431,84,27.28,24.78,30.28,,55.0,7.5,,,,2.5
Guntur,Andhra Pradesh,16.3,80.45,2021,1,0.1054,-0.0665,-0.07,34,31.29,28.79,34.29,,55.0,7.5,,,,2.5
Karaikandi,Assam,24.8309,92.6143,2021,1,0.823,-0.3603,-0.6921,20,26.5,24.0,29.5,,55.0,7.5,,,,2.5
Mumbai,MahÄrÄshtra,19.0758,72.8775,2021,1,0.0496,-0.0216,-0.0451,5,32.83,23.31008064516129,33.2,14.2,64.56397849462365,10.32875,0.001411290322580645,19.07283,72.88261,6.5
Kolkata,West Bengal,22.5675,88.37,2021,1,0.1039,-0.0086,-0.1876,6,26.12,18.926102150537638,30.6,9.0,71.28346774193548,7.722836021505376,0.016223118279569893,22.56263,88.36304,6.5
Delhi,Delhi,28.66,77.23,2021,1,0.1385,0.0151,-0.2041,219,19.28,16.78,22.28,,55.0,7.5,,,,2.5
Chennai,Tamil NÄdu,13.0825,80.275,2021,1,0.0667,0.2207,-0.0844,9,29.78,24.796142473118277,30.5,17.3,74.35887096774194,11.460672043010751,0.02995967741935484,13.08784,80.27847,4.9838575268817245
Bangalore,KarnÄtaka,12.9791,77.5913,2021,1,0.1981,-0.0588,-0.175,924,27.81,25.31,30.81,,55.0,7.5,,,,2.5
Ahmedabad,GujarÄt,23.0219,72.5797,2021,1,0.1967,-0.0904,-0.2023,52,26.4,23.9,29.4,,55.0,7.5,,,,2.5
Pune,MahÄrÄshtra,18.5211,73.8553,2021,1,0.2957,-0.0495,-0.3084,554,27.94,25.44,30.94,,55.0,7.5,,,,2.5
Hyderabad,TelangÄna,17.3617,78.4747,2021,1,0.0652,0.1817,-0.1166,508,29.82,21.84111559139785,33.6,10.9,59.34206989247312,8.333333333333334,0.00836021505376344,17.38405,78.45636,6.5
Surat,GujarÄt,21.205,72.84,2021,1,0.1142,-0.041,-0.1187,14,28.43,22.131034946236557,35.0,11.6,55.53709677419355,11.153575268817205,0.0017069892473118278,21.19594,72.83023,6.2989650537634425
Prayagraj,Uttar Pradesh,25.45,81.85,2021,1,0.2376,-0.0103,-0.2546,95,23.09,20.59,26.09,,55.0,7.5,,,,2.5
Kanpur,GujarÄt,24.285,72.6933,2021,1,0.3947,-0.1459,-0.3679,335,25.22,14.61231182795699,27.4,4.1,77.39435483870967,8.008198924731182,0.0314247311827957,26.46523,80.34975,6.5
Kanpur,Uttar Pradesh,26.4725,80.3311,2021,1,0.1311,0.0123,-0.1623,132,21.16,14.61231182795699,27.4,4.1,77.39435483870967,8.008198924731182,0.0314247311827957,26.46523,80.34975,6.5
Belahi,BihÄr,25.7167,86.4,2021,1,-0.1026,-0.269,0.2,41,25.1,22.6,28.1,,55.0,7.5,,,,2.5
Vadodara,GujarÄt,22.3,73.2,2021,1,0.1755,0.0245,-0.1527,38,27.27,20.783776881720428,33.5,8.6,55.36854838709677,8.284059139784947,0.004986559139784946,22.29941,73.20812,6.486223118279572
Nadampalaiyam,Tamil NÄdu,11.1793,77.376,2021,1,0.2095,0.0751,-0.2407,318,29.44,26.94,32.44,,55.0,7.5,,,,2.5
Lucknow,Uttar Pradesh,26.847,80.947,2021,1,0.0665,0.02,-0.0926,115,21.79,14.294059139784947,26.8,3.5,77.76411290322581,8.090174731182795,0.03786290322580645,26.83928,80.92313,6.5
Kannankulam,Kerala,10.4799,76.1131,2021,1,0.6144,-0.1308,-0.574,13,29.82,27.32,32.82,,55.0,7.5,,,,2.5
Mahuakheraganj,UttarÄkhand,29.13,78.95,2021,1,0.2715,-0.1012,-0.2942,222,20.45,17.95,23.45,,55.0,7.5,,,,2.5
Nagla,UttarÄkhand,29.01,79.51,2021,1,0.49,-0.0556,-0.4776,227,21.05,18.55,24.05,,55.0,7.5,,,,2.5
Jaipur,RÄjasthÄn,26.915,75.82,2021,1,0.4632,-0.1467,-0.4681,441,21.46,14.308373655913979,28.1,2.7,62.82728494623656,8.242083333333333,0.02646505376344086,26.91962,75.78781,6.5
Kottarassheri,Kerala,10.6167,76.5333,2021,1,0.4334,0.0443,-0.4673,147,28.36,25.86,31.36,,55.0,7.5,,,,2.5
Attadappa,Kerala,11.85,75.4167,2021,1,0.7204,-0.3238,-0.6514,37,30.6,28.1,33.6,,55.0,7.5,,,,2.5
Barmhan Kalan,Madhya Pradesh,23.0333,79.0167,2021,1,0.5588,-0.1208,-0.5688,337,24.1,21.6,27.1,,55.0,7.5,,,,2.5
Gorakhpur,ChhattÄ«sgarh,22.1688,81.6042,2021,1,0.3003,0.0366,-0.3852,305,27.17,24.67,30.17,,55.0,7.5,,,,2.5
Nagpur,MahÄrÄshtra,21.1497,79.0806,2021,1,0.3051,-0.0952,-0.3109,318,26.5,20.58133064516129,32.9,8.1,56.8377688172043,7.151948924731183,0.017419354838709676,21.14631,79.08491,5.918669354838709
Guwahati,Assam,26.1806,91.7502,2021,1,0.08,0.1199,-0.1133,57,23.67,17.49366935483871,27.5,8.4,77.26733870967742,6.03396505376344,0.020026881720430108,26.1844,91.7458,6.176330645161293
Ghaziabad,Uttar Pradesh,28.6667,77.4167,2021,1,0.1804,-0.0419,-0.1833,211,20.34,12.96893817204301,25.4,1.9,77.63467741935484,8.6725,0.047567204301075264,28.66535,77.43915,6.5
Coimbatore,Tamil NÄdu,11.0008,76.9633,2021,1,0.1621,-0.0152,-0.1129,417,30.94,24.230967741935483,33.6,14.8,62.895161290322584,9.489314516129033,0.02720430107526882,11.00555,76.96612,6.5
Patna,BihÄr,25.61,85.1414,2021,1,0.0706,0.1073,-0.1081,63,22.48,15.802849462365591,26.2,7.1,77.59919354838709,8.116397849462366,0.016922043010752688,25.59408,85.13563,6.5
Rajkot,GujarÄt,22.2969,70.7984,2021,1,0.0908,0.2038,-0.122,134,27.48,24.98,30.48,,55.0,7.5,,,,2.5
Vishakhapatnam,Andhra Pradesh,17.6939,83.2922,2021,1,0.1434,-0.0236,-0.1311,12,28.0,25.5,31.0,,55.0,7.5,,,,2.5
Indore,Madhya Pradesh,22.7186,75.855,2021,1,0.0845,0.1173,-0.1335,553,25.26,17.89548387096774,31.2,6.2,60.325537634408605,8.858575268817205,0.015376344086021506,22.71792,75.8333,6.5
Abhepur,Punjab,30.6667,76.8333,2021,1,0.1778,0.0048,-0.2211,311,19.84,17.34,22.84,,55.0,7.5,,,,2.5
Gumanwala,UttarÄkhand,29.9333,77.9,2021,1,0.3103,0.0484,-0.3387,277,18.9,16.4,21.9,,55.0,7.5,,,,2.5
Thane,MahÄrÄshtra,19.18,72.9633,2021,1,0.5089,-0.1695,-0.4238,14,30.31,23.57021505376344,35.8,11.6,59.83736559139785,7.8694758064516135,0.001532258064516129,19.19704,72.96355,6.5
Bhopal,Madhya Pradesh,23.25,77.4167,2021,1,0.1071,0.1523,-0.1489,512,23.26,17.14024193548387,31.1,6.5,64.91505376344087,8.670887096774194,0.028830645161290323,23.25469,77.40289,6.11975806451613
Agra,Uttar Pradesh,27.18,78.02,2021,1,0.169,0.0662,-0.1801,184,20.72,13.721250000000001,26.7,3.0,77.71774193548387,7.740376344086021,0.04491935483870967,27.18333,78.01667,6.5
Peyanvilai,Tamil NÄdu,8.5674,78.1046,2021,1,0.154,0.042,-0.2085,8,28.91,26.41,31.91,,55.0,7.5,,,,2.5
Pimpri-Chinchwad,MahÄrÄshtra,18.6278,73.8131,2021,1,0.621,-0.1939,-0.5469,584,28.6,20.824341397849462,33.2,8.2,59.30846774193548,6.219892473118279,0.003306451612903226,18.61867,73.80375,6.5
Harbatpur,UttarÄkhand,30.45,77.73,2021,1,0.3602,0.0822,-0.3904,445,18.17,15.670000000000002,21.17,,55.0,7.5,,,,2.5
Saundhonwali,UttarÄkhand,30.3331,77.9608,2021,1,0.0742,0.1,-0.1374,612,17.59,15.09,20.59,,55.0,7.5,,,,2.5
Ludhiana,Punjab,30.9083,75.8486,2021,1,0.1874,-0.0514,-0.2068,243,15.01,11.398319892473118,22.2,1.5,82.76639784946236,7.204583333333333,0.07833333333333332,30.91204,75.85379,3.6116801075268814
Meerut,Uttar Pradesh,28.98,77.7064,2021,1,0.054,0.0841,-0.0974,228,19.88,17.38,22.88,,55.0,7.5,,,,2.5
Madurai,Tamil NÄdu,9.9197,78.1194,2021,1,0.1549,0.2831,-0.3102,141,30.8,25.47190860215054,35.2,15.1,66.73131720430108,9.643709677419354,0.034784946236559144,9.919,78.11953,5.328091397849462
Nasik,MahÄrÄshtra,20.0,73.7833,2021,1,0.1208,0.0879,-0.1913,588,27.33,24.83,30.33,,55.0,7.5,,,,2.5
Faridabad,HaryÄna,28.4167,77.3,2021,1,0.1613,0.0516,-0.1606,208,20.44,13.339932795698925,25.6,2.8,75.75255376344086,8.802217741935484,0.0397983870967742,28.41124,77.31316,6.5
Madarpur,BihÄr,26.227,84.6746,2021,1,0.1587,0.0107,-0.2109,69,22.91,20.41,25.91,,55.0,7.5,,,,2.5
Najafgarh,Delhi,28.6125,76.9847,2021,1,0.0633,-0.0053,-0.0837,220,18.21,15.71,21.21,,55.0,7.5,,,,2.5
Jabalpur,Madhya Pradesh,23.1667,79.9333,2021,1,0.0977,0.1098,-0.1533,399,25.57,17.15013440860215,30.9,5.1,65.45712365591397,7.502379032258064,0.023911290322580644,23.16697,79.95006,6.5
Madanpur,UttarÄkhand,29.326,79.1537,2021,1,0.4242,-0.1058,-0.4182,315,20.37,17.87,23.37,,55.0,7.5,,,,2.5
Kamalwaganja Gaur,UttarÄkhand,29.2117,79.4654,2021,1,0.5225,-0.0402,-0.5231,383,20.58,18.08,23.58,,55.0,7.5,,,,2.5
Kalyan,MahÄrÄshtra,19.25,73.15,2021,1,0.2053,0.0864,-0.2045,10,29.66,27.16,32.66,,55.0,7.5,,,,2.5
Asansol,West Bengal,23.6833,86.9667,2021,1,0.1526,0.0813,-0.1471,125,23.89,21.39,26.89,,55.0,7.5,,,,2.5
Vijayawada,Andhra Pradesh,16.5167,80.6167,2021,1,0.3781,-0.1013,-0.3562,27,28.32,24.579395161290325,34.7,14.9,70.73521505376344,6.980873655913978,0.01424731182795699,16.50745,80.6466,3.7406048387096753
Vasai-Virar,MahÄrÄshtra,19.47,72.8,2021,1,0.0866,0.048,-0.0714,0,29.57,27.07,32.57,,55.0,7.5,,,,2.5
Varanasi,Uttar Pradesh,25.3189,83.0128,2021,1,0.1041,0.0011,-0.1328,78,22.28,15.528897849462366,27.6,5.5,76.55483870967743,7.823266129032258,0.029704301075268818,25.31668,83.01041,6.5
Kalleli,Kerala,9.2,76.8833,2021,1,0.7502,-0.1543,-0.653,133,29.62,27.12,32.620000000000005,,55.0,7.5,,,,2.5
Srinagar,Jammu and KashmÄ«r,34.0911,74.8061,2021,1,-0.0458,0.0317,0.0697,1595,9.66,-1.7122043010752688,14.3,-16.6,66.40900537634408,4.477352150537635,0.19651881720430106,34.08565,74.80555,6.5
Aurangabad,MahÄrÄshtra,19.88,75.32,2021,1,0.4191,-0.071,-0.4447,564,29.4,21.19081989247312,32.6,9.8,52.36438172043011,8.416451612903225,0.0035080645161290323,19.87757,75.34226,6.5
Dhanbad,JhÄrkhand,23.7928,86.435,2021,1,0.3156,0.0352,-0.3558,245,23.78,17.05918010752688,30.5,6.0,67.77190860215053,7.728736559139786,0.01907258064516129,23.79759,86.42992,6.5
Amritsar,Punjab,31.6269,74.877,2021,1,0.066,-0.0473,-0.1236,234,18.82,11.167325268817203,21.6,0.7,81.14543010752688,6.424623655913978,0.07563172043010753,31.62234,74.87534,6.5
Haora,West Bengal,22.58,88.3294,2021,1,0.0463,0.0353,-0.0286,12,24.36,21.86,27.36,,55.0,7.5,,,,2.5
Ranchi,JhÄrkhand,23.3556,85.3347,2021,1,0.4107,-0.0962,-0.3823,643,22.33,15.78606182795699,27.8,5.8,64.33212365591397,8.793723118279571,0.016209677419354838,23.34316,85.3094,6.5
Gwalior,Madhya Pradesh,26.2125,78.1775,2021,1,0.105,0.005,-0.1142,215,22.72,14.731962365591398,28.8,4.4,72.68924731182796,7.504677419354839,0.04174731182795699,26.22983,78.17337,6.5
Jodhpur,RÄjasthÄn,26.2944,73.0278,2021,1,0.1588,0.0607,-0.2177,251,24.88,16.466290322580644,29.5,4.3,51.160483870967745,10.243172043010752,0.007930107526881721,26.26841,73.00594,6.5
Chandigarh,ChandÄ«garh,30.7364,76.7883,2021,1,0.2388,-0.1261,-0.2699,349,19.23,12.27198924731183,23.4,3.0,74.95833333333333,8.758077956989247,0.08446236559139784,30.73629,76.7884,6.5
Raipur,ChhattÄ«sgarh,21.2379,81.6337,2021,1,0.0929,0.0107,-0.1205,309,26.8,19.693870967741933,32.1,7.6,60.54744623655914,6.05239247311828,0.011868279569892472,21.23333,81.63333,6.5
Warangal,TelangÄna,17.9756,79.6011,2021,1,0.0574,0.0935,-0.1048,269,29.42,26.92,32.42,,55.0,7.5,,,,2.5
Kota,RÄjasthÄn,25.18,75.83,2021,1,0.1331,0.0404,-0.2062,230,22.22,16.201424731182797,30.9,4.0,65.39583333333333,6.7313575268817205,0.034408602150537634,25.18254,75.83907,6.018575268817202
Bareilly,Uttar Pradesh,28.364,79.415,2021,1,0.0455,0.0733,-0.0863,180,21.81,13.398158602150538,26.2,2.7,79.68387096774194,8.500013440860215,0.04321236559139785,28.36678,79.43167,6.5
Solapur,MahÄrÄshtra,17.6703,75.9011,2021,1,0.1653,0.0249,-0.1599,474,30.9,24.536250000000003,34.5,13.1,44.965860215053766,10.911586021505377,0.0020161290322580645,17.67152,75.91044,6.363749999999996
Hubli,KarnÄtaka,15.3108,75.0925,2021,1,0.2586,0.0532,-0.2951,618,28.24,25.74,31.24,,55.0,7.5,,,,2.5
Mysore,KarnÄtaka,12.3086,76.6531,2021,1,0.0874,-0.0345,-0.1052,747,28.81,26.31,31.81,,55.0,7.5,,,,2.5
Trichinopoly,Tamil NÄdu,10.8269,78.6928,2021,1,0.3584,0.0142,-0.3742,74,30.07,27.57,33.07,,55.0,7.5,,,,2.5
Moradabad,Uttar Pradesh,28.8389,78.7769,2021,1,0.0926,0.1029,-0.1173,205,21.46,18.96,24.46,,55.0,7.5,,,,2.5
Tiruppur,Tamil NÄdu,11.1075,77.3398,2021,1,0.1349,-0.0012,-0.1343,305,30.84,25.208333333333332,35.5,15.6,62.428360215053765,7.9706048387096775,0.022473118279569892,11.11541,77.35456,5.631666666666668
Jamnagar,GujarÄt,22.47,70.07,2021,1,0.2125,0.0412,-0.2424,21,26.55,24.05,29.55,,55.0,7.5,,,,2.5
Gurgaon,HaryÄna,28.4667,77.0333,2021,1,0.124,-0.0579,-0.1658,224,20.16,17.66,23.16,,55.0,7.5,,,,2.5
Aligarh,Uttar Pradesh,27.88,78.08,2021,1,0.1238,-0.0151,-0.1703,190,22.43,13.301666666666666,25.8,2.9,77.90201612903226,8.30231182795699,0.043857526881720434,27.88145,78.07464,6.5
Jalandhar,Punjab,31.3256,75.5792,2021,1,0.0854,0.0073,-0.1277,242,19.3,16.8,22.3,,55.0,7.5,,,,2.5
Bhubaneshwar,Odisha,20.295,85.825,2021,1,0.139,-0.0994,-0.1125,47,25.5,23.0,28.5,,55.0,7.5,,,,2.5
Bhayandar,MahÄrÄshtra,19.3,72.85,2021,1,0.1645,0.1011,-0.1242,9,29.79,27.29,32.79,,55.0,7.5,,,,2.5
Narela,Delhi,28.85,77.1,2021,1,0.3767,-0.0304,-0.3945,212,19.34,16.84,22.34,,55.0,7.5,,,,2.5
Shishgarh,Uttar Pradesh,28.72,79.32,2021,1,0.7487,-0.3604,-0.6428,181,19.77,17.27,22.77,,55.0,7.5,,,,2.5
Thiruvananthapuram,Kerala,8.4875,76.9525,2021,1,0.1082,0.07,-0.1399,15,34.23,31.729999999999997,37.23,,55.0,7.5,,,,2.5
Dispur,Assam,26.15,91.77,2021,1,0.5933,-0.1102,-0.5378,116,24.62,22.12,27.62,,55.0,7.5,,,,2.5
Durgapur,West Bengal,23.55,87.32,2021,1,0.2892,-0.0022,-0.2679,90,23.75,21.25,26.75,,55.0,7.5,,,,2.5
Bhiwandi,MahÄrÄshtra,19.3,73.0667,2021,1,0.0835,-0.0876,-0.1428,25,32.57,30.07,35.57,,55.0,7.5,,,,2.5
Saharanpur,Uttar Pradesh,29.964,77.546,2021,1,0.0233,0.028,-0.0624,280,18.95,16.45,21.95,,55.0,7.5,,,,2.5
Shiliguri,West Bengal,26.72,88.42,2021,1,0.0902,0.1419,-0.1334,119,26.58,24.08,29.58,,55.0,7.5,,,,2.5
Avadi,Tamil NÄdu,13.1147,80.1098,2021,1,0.3866,-0.008,-0.3767,32,28.72,26.22,31.72,,55.0,7.5,,,,2.5
Salem,Tamil NÄdu,11.65,78.1667,2021,1,0.0777,0.0715,-0.1444,285,32.2,29.700000000000003,35.2,,55.0,7.5,,,,2.5
Jui,UttarÄkhand,29.67,78.9098,2021,1,0.8112,-0.2314,-0.7194,890,16.44,13.940000000000001,19.44,,55.0,7.5,,,,2.5
Amaldu,UttarÄkhand,29.9333,78.5333,2021,1,0.5481,-0.0447,-0.5708,1406,15.07,12.57,18.07,,55.0,7.5,,,,2.5
Kimsar,Jammu and KashmÄ«r,34.5,74.5333,2021,1,0.5484,-0.5426,-0.5764,3058,-2.63,-5.13,0.3700000000000001,,55.0,7.5,,,,2.5
Sinduri,HimÄchal Pradesh,30.7167,77.15,2021,1,0.4508,0.0427,-0.4864,943,16.14,13.64,19.14,,55.0,7.5,,,,2.5
Gorakhpur,Uttar Pradesh,26.7611,83.3667,2021,1,0.0799,0.0775,-0.0977,84,22.5,20.0,25.5,,55.0,7.5,,,,2.5
Guntur,Andhra Pradesh,16.3,80.45,2021,1,0.2255,0.0512,-0.2198,34,31.03,28.53,34.03,,55.0,7.5,,,,2.5
Karaikandi,Assam,24.8309,92.6143,2021,1,0.7475,-0.3304,-0.6365,20,23.36,20.86,26.36,,55.0,7.5,,,,2.5
Mumbai,MahÄrÄshtra,19.0758,72.8775,2022,1,0.0474,0.0172,-0.0466,5,32.38,23.31008064516129,33.2,14.2,64.56397849462365,10.32875,0.001411290322580645,19.07283,72.88261,6.5
Kolkata,West Bengal,22.5675,88.37,2022,1,0.1008,0.0061,-0.1774,6,25.79,18.926102150537638,30.6,9.0,71.28346774193548,7.722836021505376,0.016223118279569893,22.56263,88.36304,6.5
Delhi,Delhi,28.66,77.23,2022,1,0.0226,-0.2908,-0.0147,219,18.52,16.02,21.52,,55.0,7.5,,,,2.5
Chennai,Tamil NÄdu,13.0825,80.275,2022,1,0.0448,0.2193,-0.0583,9,30.75,24.796142473118277,30.5,17.3,74.35887096774194,11.460672043010751,0.02995967741935484,13.08784,80.27847,5.953857526881723
Bangalore,KarnÄtaka,12.9791,77.5913,2022,1,0.3215,-0.0521,-0.3177,924,27.99,25.49,30.99,,55.0,7.5,,,,2.5
Ahmedabad,GujarÄt,23.0219,72.5797,2022,1,0.1919,-0.0508,-0.2012,52,24.61,22.11,27.61,,55.0,7.5,,,,2.5
Pune,MahÄrÄshtra,18.5211,73.8553,2022,1,0.2606,-0.0227,-0.247,554,28.25,25.75,31.25,,55.0,7.5,,,,2.5
Hyderabad,TelangÄna,17.3617,78.4747,2022,1,0.0485,0.1374,-0.1147,508,28.61,21.84111559139785,33.6,10.9,59.34206989247312,8.333333333333334,0.00836021505376344,17.38405,78.45636,6.5
Surat,GujarÄt,21.205,72.84,2022,1,0.0842,0.041,-0.1138,14,29.21,22.131034946236557,35.0,11.6,55.53709677419355,11.153575268817205,0.0017069892473118278,21.19594,72.83023,6.5
Prayagraj,Uttar Pradesh,25.45,81.85,2022,1,0.2375,-0.0158,-0.2209,95,20.28,17.78,23.28,,55.0,7.5,,,,2.5
Kanpur,GujarÄt,24.285,72.6933,2022,1,0.6028,-0.1696,-0.5757,335,24.67,14.61231182795699,27.4,4.1,77.39435483870967,8.008198924731182,0.0314247311827957,26.46523,80.34975,6.5
Kanpur,Uttar Pradesh,26.4725,80.3311,2022,1,0.0877,0.0093,-0.0854,132,20.03,14.61231182795699,27.4,4.1,77.39435483870967,8.008198924731182,0.0314247311827957,26.46523,80.34975,5.417688172043011
Belahi,BihÄr,25.7167,86.4,2022,1,0.1641,-0.2934,-0.0791,41,17.97,15.469999999999999,20.97,,55.0,7.5,,,,2.5
Vadodara,GujarÄt,22.3,73.2,2022,1,0.1892,0.0035,-0.2086,38,27.8,20.783776881720428,33.5,8.6,55.36854838709677,8.284059139784947,0.004986559139784946,22.29941,73.20812,6.5
Nadampalaiyam,Tamil NÄdu,11.1793,77.376,2022,1,0.1554,0.084,-0.1936,318,30.71,28.21,33.71,,55.0,7.5,,,,2.5
Lucknow,Uttar Pradesh,26.847,80.947,2022,1,0.0599,0.0025,-0.0436,115,19.3,14.294059139784947,26.8,3.5,77.76411290322581,8.090174731182795,0.03786290322580645,26.83928,80.92313,5.005940860215054
Kannankulam,Kerala,10.4799,76.1131,2022,1,0.572,-0.1217,-0.5209,13,30.04,27.54,33.04,,55.0,7.5,,,,2.5
Mahuakheraganj,UttarÄkhand,29.13,78.95,2022,1,0.2072,-0.2156,-0.1341,222,16.53,14.030000000000001,19.53,,55.0,7.5,,,,2.5
Nagla,UttarÄkhand,29.01,79.51,2022,1,0.5631,-0.1906,-0.481,227,18.35,15.850000000000001,21.35,,55.0,7.5,,,,2.5
Jaipur,RÄjasthÄn,26.915,75.82,2022,1,0.5968,-0.2226,-0.5679,441,19.54,14.308373655913979,28.1,2.7,62.82728494623656,8.242083333333333,0.02646505376344086,26.91962,75.78781,5.2316263440860205
Kottarassheri,Kerala,10.6167,76.5333,2022,1,0.284,0.1021,-0.4779,147,28.6,26.1,31.6,,55.0,7.5,,,,2.5
Attadappa,Kerala,11.85,75.4167,2022,1,0.7535,-0.3073,-0.691,37,31.18,28.68,34.18,,55.0,7.5,,,,2.5
Barmhan Kalan,Madhya Pradesh,23.0333,79.0167,2022,1,0.3842,-0.1494,-0.3472,337,22.3,19.8,25.3,,55.0,7.5,,,,2.5
Gorakhpur,ChhattÄ«sgarh,22.1688,81.6042,2022,1,0.2987,0.0516,-0.3922,305,24.64,22.14,27.64,,55.0,7.5,,,,2.5
Nagpur,MahÄrÄshtra,21.1497,79.0806,2022,1,0.3251,-0.0843,-0.3339,318,25.67,20.58133064516129,32.9,8.1,56.8377688172043,7.151948924731183,0.017419354838709676,21.14631,79.08491,5.088669354838711
Guwahati,Assam,26.1806,91.7502,2022,1,0.0463,0.0683,-0.0473,57,21.02,17.49366935483871,27.5,8.4,77.26733870967742,6.03396505376344,0.020026881720430108,26.1844,91.7458,3.5263306451612912
Ghaziabad,Uttar Pradesh,28.6667,77.4167,2022,1,0.0029,-0.3691,-0.002,211,18.3,12.96893817204301,25.4,1.9,77.63467741935484,8.6725,0.047567204301075264,28.66535,77.43915,5.33106182795699
Coimbatore,Tamil NÄdu,11.0008,76.9633,2022,1,0.024,-0.0077,-0.0109,417,29.43,24.230967741935483,33.6,14.8,62.895161290322584,9.489314516129033,0.02720430107526882,11.00555,76.96612,5.199032258064516
Patna,BihÄr,25.61,85.1414,2022,1,0.1265,0.0216,-0.059,63,21.57,15.802849462365591,26.2,7.1,77.59919354838709,8.116397849462366,0.016922043010752688,25.59408,85.13563,5.767150537634409
Rajkot,GujarÄt,22.2969,70.7984,2022,1,0.0906,0.2298,-0.1512,134,26.28,23.78,29.28,,55.0,7.5,,,,2.5
Vishakhapatnam,Andhra Pradesh,17.6939,83.2922,2022,1,0.1767,0.0485,-0.1655,12,28.11,25.61,31.11,,55.0,7.5,,,,2.5
Indore,Madhya Pradesh,22.7186,75.855,2022,1,0.0701,0.1249,-0.0709,553,24.53,17.89548387096774,31.2,6.2,60.325537634408605,8.858575268817205,0.015376344086021506,22.71792,75.8333,6.5
Abhepur,Punjab,30.6667,76.8333,2022,1,0.0141,-0.1537,-0.0049,311,17.46,14.96,20.46,,55.0,7.5,,,,2.5
Gumanwala,UttarÄkhand,29.9333,77.9,2022,1,-0.0086,-0.1445,0.0276,277,16.68,14.18,19.68,,55.0,7.5,,,,2.5
Thane,MahÄrÄshtra,19.18,72.9633,2022,1,0.4311,-0.0914,-0.3798,14,29.78,23.57021505376344,35.8,11.6,59.83736559139785,7.8694758064516135,0.001532258064516129,19.19704,72.96355,6.20978494623656
Bhopal,Madhya Pradesh,23.25,77.4167,2022,1,0.0269,-0.1055,-0.0116,512,21.99,17.14024193548387,31.1,6.5,64.91505376344087,8.670887096774194,0.028830645161290323,23.25469,77.40289,4.849758064516127
Agra,Uttar Pradesh,27.18,78.02,2022,1,0.2646,0.0626,-0.349,184,17.76,13.721250000000001,26.7,3.0,77.71774193548387,7.740376344086021,0.04491935483870967,27.18333,78.01667,4.03875
Peyanvilai,Tamil NÄdu,8.5674,78.1046,2022,1,0.2276,0.027,-0.2802,8,29.24,26.74,32.239999999999995,,55.0,7.5,,,,2.5
Pimpri-Chinchwad,MahÄrÄshtra,18.6278,73.8131,2022,1,0.3873,-0.0704,-0.4078,584,28.68,20.824341397849462,33.2,8.2,59.30846774193548,6.219892473118279,0.003306451612903226,18.61867,73.80375,6.5
Harbatpur,UttarÄkhand,30.45,77.73,2022,1,0.3317,-0.0022,-0.3602,445,16.26,13.760000000000002,19.26,,55.0,7.5,,,,2.5
Saundhonwali,UttarÄkhand,30.3331,77.9608,2022,1,0.075,0.0738,-0.112,612,16.58,14.079999999999998,19.58,,55.0,7.5,,,,2.5
Ludhiana,Punjab,30.9083,75.8486,2022,1,0.0235,-0.0598,-0.0215,243,15.52,11.398319892473118,22.2,1.5,82.76639784946236,7.204583333333333,0.07833333333333332,30.91204,75.85379,4.121680107526881
Meerut,Uttar Pradesh,28.98,77.7064,2022,1,-0.0126,-0.1215,0.007,228,18.2,15.7,21.2,,55.0,7.5,,,,2.5
Madurai,Tamil NÄdu,9.9197,78.1194,2022,1,0.1405,0.2994,-0.295,141,32.78,25.47190860215054,35.2,15.1,66.73131720430108,9.643709677419354,0.034784946236559144,9.919,78.11953,6.5
Nasik,MahÄrÄshtra,20.0,73.7833,2022,1,0.123,0.0895,-0.1885,588,27.45,24.95,30.45,,55.0,7.5,,,,2.5
Faridabad,HaryÄna,28.4167,77.3,2022,1,0.0257,-0.2256,-0.0114,208,18.52,13.339932795698925,25.6,2.8,75.75255376344086,8.802217741935484,0.0397983870967742,28.41124,77.31316,5.180067204301075
Madarpur,BihÄr,26.227,84.6746,2022,1,0.1849,-0.0425,-0.1648,69,16.93,14.43,19.93,,55.0,7.5,,,,2.5
Najafgarh,Delhi,28.6125,76.9847,2022,1,0.0143,-0.0004,-0.0061,220,17.11,14.61,20.11,,55.0,7.5,,,,2.5
Jabalpur,Madhya Pradesh,23.1667,79.9333,2022,1,0.124,0.1119,-0.1663,399,23.04,17.15013440860215,30.9,5.1,65.45712365591397,7.502379032258064,0.023911290322580644,23.16697,79.95006,5.88986559139785
Madanpur,UttarÄkhand,29.326,79.1537,2022,1,0.2469,-0.2174,-0.1646,315,17.81,15.309999999999999,20.81,,55.0,7.5,,,,2.5
Kamalwaganja Gaur,UttarÄkhand,29.2117,79.4654,2022,1,0.4647,-0.0089,-0.4429,383,17.1,14.600000000000001,20.1,,55.0,7.5,,,,2.5
Kalyan,MahÄrÄshtra,19.25,73.15,2022,1,0.1656,0.1419,-0.1698,10,30.04,27.54,33.04,,55.0,7.5,,,,2.5
Asansol,West Bengal,23.6833,86.9667,2022,1,0.2019,0.0856,-0.2272,125,23.31,20.81,26.31,,55.0,7.5,,,,2.5
Vijayawada,Andhra Pradesh,16.5167,80.6167,2022,1,0.2522,-0.0458,-0.2193,27,27.78,24.579395161290325,34.7,14.9,70.73521505376344,6.980873655913978,0.01424731182795699,16.50745,80.6466,3.200604838709676
Vasai-Virar,MahÄrÄshtra,19.47,72.8,2022,1,0.0846,0.1127,-0.0934,0,29.94,27.44,32.94,,55.0,7.5,,,,2.5
Varanasi,Uttar Pradesh,25.3189,83.0128,2022,1,0.0563,-0.0399,-0.0411,78,19.96,15.528897849462366,27.6,5.5,76.55483870967743,7.823266129032258,0.029704301075268818,25.31668,83.01041,4.431102150537635
Kalleli,Kerala,9.2,76.8833,2022,1,0.6081,0.0184,-0.6387,133,30.59,28.09,33.59,,55.0,7.5,,,,2.5
Srinagar,Jammu and KashmÄ«r,34.0911,74.8061,2022,1,-0.026,-0.1355,0.0331,1595,4.02,-1.7122043010752688,14.3,-16.6,66.40900537634408,4.477352150537635,0.19651881720430106,34.08565,74.80555,5.732204301075268
Aurangabad,MahÄrÄshtra,19.88,75.32,2022,1,0.2173,-0.0518,-0.2393,564,29.01,21.19081989247312,32.6,9.8,52.36438172043011,8.416451612903225,0.0035080645161290323,19.87757,75.34226,6.5
Dhanbad,JhÄrkhand,23.7928,86.435,2022,1,0.3658,0.061,-0.4142,245,23.37,17.05918010752688,30.5,6.0,67.77190860215053,7.728736559139786,0.01907258064516129,23.79759,86.42992,6.31081989247312
Amritsar,Punjab,31.6269,74.877,2022,1,0.025,-0.2807,-0.0255,234,17.13,11.167325268817203,21.6,0.7,81.14543010752688,6.424623655913978,0.07563172043010753,31.62234,74.87534,5.962674731182796
Haora,West Bengal,22.58,88.3294,2022,1,0.1823,0.0953,-0.2287,12,23.47,20.97,26.47,,55.0,7.5,,,,2.5
Ranchi,JhÄrkhand,23.3556,85.3347,2022,1,0.4687,-0.0248,-0.4344,643,22.36,15.78606182795699,27.8,5.8,64.33212365591397,8.793723118279571,0.016209677419354838,23.34316,85.3094,6.5
Gwalior,Madhya Pradesh,26.2125,78.1775,2022,1,0.0767,0.0942,-0.1246,215,19.39,14.731962365591398,28.8,4.4,72.68924731182796,7.504677419354839,0.04174731182795699,26.22983,78.17337,4.658037634408602
Jodhpur,RÄjasthÄn,26.2944,73.0278,2022,1,0.0928,-0.0098,-0.0949,251,22.2,16.466290322580644,29.5,4.3,51.160483870967745,10.243172043010752,0.007930107526881721,26.26841,73.00594,5.733709677419355
Chandigarh,ChandÄ«garh,30.7364,76.7883,2022,1,0.1064,-0.0548,-0.0824,349,17.07,12.27198924731183,23.4,3.0,74.95833333333333,8.758077956989247,0.08446236559139784,30.73629,76.7884,4.798010752688171
Raipur,ChhattÄ«sgarh,21.2379,81.6337,2022,1,0.1225,0.0465,-0.146,309,25.49,19.693870967741933,32.1,7.6,60.54744623655914,6.05239247311828,0.011868279569892472,21.23333,81.63333,5.796129032258065
Warangal,TelangÄna,17.9756,79.6011,2022,1,0.0891,0.0976,-0.124,269,27.78,25.28,30.78,,55.0,7.5,,,,2.5
Kota,RÄjasthÄn,25.18,75.83,2022,1,0.1092,0.0227,-0.1754,230,21.61,16.201424731182797,30.9,4.0,65.39583333333333,6.7313575268817205,0.034408602150537634,25.18254,75.83907,5.408575268817202
Bareilly,Uttar Pradesh,28.364,79.415,2022,1,-0.0357,0.0571,-0.0299,180,17.76,13.398158602150538,26.2,2.7,79.68387096774194,8.500013440860215,0.04321236559139785,28.36678,79.43167,4.361841397849464
Solapur,MahÄrÄshtra,17.6703,75.9011,2022,1,0.1202,0.0526,-0.1751,474,30.63,24.536250000000003,34.5,13.1,44.965860215053766,10.911586021505377,0.0020161290322580645,17.67152,75.91044,6.0937499999999964
Hubli,KarnÄtaka,15.3108,75.0925,2022,1,0.2407,0.0809,-0.2956,618,29.65,27.15,32.65,,55.0,7.5,,,,2.5
Mysore,KarnÄtaka,12.3086,76.6531,2022,1,0.0734,0.1278,-0.1092,747,29.12,26.62,32.120000000000005,,55.0,7.5,,,,2.5
Trichinopoly,Tamil NÄdu,10.8269,78.6928,2022,1,0.3164,-0.0834,-0.3466,74,30.49,27.99,33.489999999999995,,55.0,7.5,,,,2.5
Moradabad,Uttar Pradesh,28.8389,78.7769,2022,1,0.0188,0.0421,-0.0271,205,19.39,16.89,22.39,,55.0,7.5,,,,2.5
Tiruppur,Tamil NÄdu,11.1075,77.3398,2022,1,0.2618,0.0247,-0.2457,305,32.19,25.208333333333332,35.5,15.6,62.428360215053765,7.9706048387096775,0.022473118279569892,11.11541,77.35456,6.5
Jamnagar,GujarÄt,22.47,70.07,2022,1,0.2211,0.0791,-0.2223,21,26.13,23.63,29.13,,55.0,7.5,,,,2.5
Gurgaon,HaryÄna,28.4667,77.0333,2022,1,0.0459,-0.0606,-0.0424,224,17.34,14.84,20.34,,55.0,7.5,,,,2.5
Aligarh,Uttar Pradesh,27.88,78.08,2022,1,0.1699,-0.0248,-0.1906,190,17.3,13.301666666666666,25.8,2.9,77.90201612903226,8.30231182795699,0.043857526881720434,27.88145,78.07464,3.998333333333335
Jalandhar,Punjab,31.3256,75.5792,2022,1,-0.0068,-0.1417,0.0065,242,16.52,14.02,19.52,,55.0,7.5,,,,2.5
Bhubaneshwar,Odisha,20.295,85.825,2022,1,0.1664,-0.0528,-0.1787,47,26.45,23.95,29.45,,55.0,7.5,,,,2.5
Bhayandar,MahÄrÄshtra,19.3,72.85,2022,1,0.202,0.1426,-0.2015,9,29.8,27.3,32.8,,55.0,7.5,,,,2.5
Narela,Delhi,28.85,77.1,2022,1,0.0032,-0.1101,0.0219,212,16.26,13.760000000000002,19.26,,55.0,7.5,,,,2.5
Shishgarh,Uttar Pradesh,28.72,79.32,2022,1,0.7198,-0.493,-0.6123,181,17.85,15.350000000000001,20.85,,55.0,7.5,,,,2.5
Thiruvananthapuram,Kerala,8.4875,76.9525,2022,1,0.0772,0.1013,-0.1338,15,34.53,32.03,37.53,,55.0,7.5,,,,2.5
Dispur,Assam,26.15,91.77,2022,1,0.2842,-0.0172,-0.2473,116,21.82,19.32,24.82,,55.0,7.5,,,,2.5
Durgapur,West Bengal,23.55,87.32,2022,1,0.2872,0.0248,-0.2906,90,22.42,19.92,25.42,,55.0,7.5,,,,2.5
Bhiwandi,MahÄrÄshtra,19.3,73.0667,2022,1,0.0596,-0.0473,-0.1332,25,32.53,30.03,35.53,,55.0,7.5,,,,2.5
Saharanpur,Uttar Pradesh,29.964,77.546,2022,1,-0.0269,-0.3064,0.0207,280,18.09,15.59,21.09,,55.0,7.5,,,,2.5
Shiliguri,West Bengal,26.72,88.42,2022,1,0.1331,0.0337,-0.1406,119,24.13,21.63,27.13,,55.0,7.5,,,,2.5
Avadi,Tamil NÄdu,13.1147,80.1098,2022,1,0.2934,-0.0022,-0.2572,32,30.17,27.67,33.17,,55.0,7.5,,,,2.5
Salem,Tamil NÄdu,11.65,78.1667,2022,1,0.0347,-0.0766,-0.0424,285,31.56,29.06,34.56,,55.0,7.5,,,,2.5
Jui,UttarÄkhand,29.67,78.9098,2022,1,0.8041,-0.1463,-0.7238,890,14.83,12.33,17.83,,55.0,7.5,,,,2.5
Amaldu,UttarÄkhand,29.9333,78.5333,2022,1,0.4937,0.0139,-0.5245,1406,14.5,12.0,17.5,,55.0,7.5,,,,2.5
Kimsar,Jammu and KashmÄ«r,34.5,74.5333,2022,1,0.1668,-0.7639,-0.1586,3058,-9.28,-11.78,-6.279999999999999,,55.0,7.5,,,,2.5
Sinduri,HimÄchal Pradesh,30.7167,77.15,2022,1,0.4188,0.0452,-0.4709,943,16.21,13.71,19.21,,55.0,7.5,,,,2.5
Gorakhpur,Uttar Pradesh,26.7611,83.3667,2022,1,0.0408,0.0526,-0.0506,84,20.0,17.5,23.0,,55.0,7.5,,,,2.5
Guntur,Andhra Pradesh,16.3,80.45,2022,1,0.1981,0.0735,-0.2176,34,31.1,28.6,34.1,,55.0,7.5,,,,2.5
Karaikandi,Assam,24.8309,92.6143,2022,1,0.2021,-0.0966,-0.1933,20,22.6,20.1,25.6,,55.0,7.5,,,,2.5
Mumbai,MahÄrÄshtra,19.0758,72.8775,2022,1,0.0772,0.0571,-0.1452,5,35.81,23.31008064516129,33.2,14.2,64.56397849462365,10.32875,0.001411290322580645,19.07283,72.88261,6.5
Kolkata,West Bengal,22.5675,88.37,2022,1,0.0834,0.0273,-0.1458,6,29.58,18.926102150537638,30.6,9.0,71.28346774193548,7.722836021505376,0.016223118279569893,22.56263,88.36304,6.5
Delhi,Delhi,28.66,77.23,2022,1,0.163,0.0508,-0.2298,219,23.6,21.1,26.6,,55.0,7.5,,,,2.5
Chennai,Tamil NÄdu,13.0825,80.275,2022,1,0.026,0.2268,-0.0833,9,34.34,24.796142473118277,30.5,17.3,74.35887096774194,11.460672043010751,0.02995967741935484,13.08784,80.27847,6.5
Bangalore,KarnÄtaka,12.9791,77.5913,2022,1,0.3865,-0.1231,-0.3897,924,30.42,27.92,33.42,,55.0,7.5,,,,2.5
Ahmedabad,GujarÄt,23.0219,72.5797,2022,1,0.2324,0.0058,-0.2746,52,30.98,28.48,33.980000000000004,,55.0,7.5,,,,2.5
Pune,MahÄrÄshtra,18.5211,73.8553,2022,1,0.2623,-0.0007,-0.2859,554,33.0,30.5,36.0,,55.0,7.5,,,,2.5
Hyderabad,TelangÄna,17.3617,78.4747,2022,1,0.0799,0.1486,-0.1979,508,33.67,21.84111559139785,33.6,10.9,59.34206989247312,8.333333333333334,0.00836021505376344,17.38405,78.45636,6.5
Surat,GujarÄt,21.205,72.84,2022,1,0.1291,0.0511,-0.1858,14,33.28,22.131034946236557,35.0,11.6,55.53709677419355,11.153575268817205,0.0017069892473118278,21.19594,72.83023,6.5
Prayagraj,Uttar Pradesh,25.45,81.85,2022,1,0.27,0.0313,-0.34,95,26.16,23.66,29.16,,55.0,7.5,,,,2.5
Kanpur,GujarÄt,24.285,72.6933,2022,1,0.5409,-0.1342,-0.5571,335,32.46,14.61231182795699,27.4,4.1,77.39435483870967,8.008198924731182,0.0314247311827957,26.46523,80.34975,6.5
Kanpur,Uttar Pradesh,26.4725,80.3311,2022,1,0.1381,0.0351,-0.2135,132,25.63,14.61231182795699,27.4,4.1,77.39435483870967,8.008198924731182,0.0314247311827957,26.46523,80.34975,6.5
Belahi,BihÄr,25.7167,86.4,2022,1,0.2876,-0.1793,-0.2382,41,22.27,19.77,25.27,,55.0,7.5,,,,2.5
Vadodara,GujarÄt,22.3,73.2,2022,1,0.1852,0.0488,-0.2432,38,32.29,20.783776881720428,33.5,8.6,55.36854838709677,8.284059139784947,0.004986559139784946,22.29941,73.20812,6.5
Nadampalaiyam,Tamil NÄdu,11.1793,77.376,2022,1,0.1046,0.1572,-0.1551,318,34.84,32.34,37.84,,55.0,7.5,,,,2.5
Lucknow,Uttar Pradesh,26.847,80.947,2022,1,0.1065,0.0887,-0.154,115,24.63,14.294059139784947,26.8,3.5,77.76411290322581,8.090174731182795,0.03786290322580645,26.83928,80.92313,6.5
Kannankulam,Kerala,10.4799,76.1131,2022,1,0.5136,-0.0658,-0.483,13,32.02,29.520000000000003,35.02,,55.0,7.5,,,,2.5
Mahuakheraganj,UttarÄkhand,29.13,78.95,2022,1,0.4361,-0.1917,-0.4242,222,21.08,18.58,24.08,,55.0,7.5,,,,2.5
Nagla,UttarÄkhand,29.01,79.51,2022,1,0.5943,-0.2348,-0.5282,227,21.6,19.1,24.6,,55.0,7.5,,,,2.5
Jaipur,RÄjasthÄn,26.915,75.82,2022,1,0.5955,-0.1982,-0.5748,441,26.27,14.308373655913979,28.1,2.7,62.82728494623656,8.242083333333333,0.02646505376344086,26.91962,75.78781,6.5
Kottarassheri,Kerala,10.6167,76.5333,2022,1,0.2333,0.1452,-0.4211,147,30.27,27.77,33.269999999999996,,55.0,7.5,,,,2.5
Attadappa,Kerala,11.85,75.4167,2022,1,0.7077,-0.2478,-0.6318,37,32.32,29.82,35.32,,55.0,7.5,,,,2.5
Barmhan Kalan,Madhya Pradesh,23.0333,79.0167,2022,1,0.6417,-0.1743,-0.6257,337,28.15,25.65,31.15,,55.0,7.5,,,,2.5
Gorakhpur,ChhattÄ«sgarh,22.1688,81.6042,2022,1,0.2544,0.077,-0.3537,305,28.2,25.7,31.2,,55.0,7.5,,,,2.5
Nagpur,MahÄrÄshtra,21.1497,79.0806,2022,1,0.3262,-0.0583,-0.3484,318,31.07,20.58133064516129,32.9,8.1,56.8377688172043,7.151948924731183,0.017419354838709676,21.14631,79.08491,6.5
Guwahati,Assam,26.1806,91.7502,2022,1,-0.0613,0.1069,0.1373,57,24.24,17.49366935483871,27.5,8.4,77.26733870967742,6.03396505376344,0.020026881720430108,26.1844,91.7458,6.5
Ghaziabad,Uttar Pradesh,28.6667,77.4167,2022,1,0.1853,0.0048,-0.2052,211,24.04,12.96893817204301,25.4,1.9,77.63467741935484,8.6725,0.047567204301075264,28.66535,77.43915,6.5
Coimbatore,Tamil NÄdu,11.0008,76.9633,2022,1,0.2296,0.0268,-0.2296,417,34.33,24.230967741935483,33.6,14.8,62.895161290322584,9.489314516129033,0.02720430107526882,11.00555,76.96612,6.5
Patna,BihÄr,25.61,85.1414,2022,1,0.1159,0.1537,-0.1731,63,24.76,15.802849462365591,26.2,7.1,77.59919354838709,8.116397849462366,0.016922043010752688,25.59408,85.13563,6.5
Rajkot,GujarÄt,22.2969,70.7984,2022,1,0.1208,0.2477,-0.2348,134,32.3,29.799999999999997,35.3,,55.0,7.5,,,,2.5
Vishakhapatnam,Andhra Pradesh,17.6939,83.2922,2022,1,0.1951,0.1362,-0.2614,12,31.59,29.09,34.59,,55.0,7.5,,,,2.5
Indore,Madhya Pradesh,22.7186,75.855,2022,1,0.0811,0.1813,-0.1674,553,30.59,17.89548387096774,31.2,6.2,60.325537634408605,8.858575268817205,0.015376344086021506,22.71792,75.8333,6.5
Abhepur,Punjab,30.6667,76.8333,2022,1,0.194,0.0143,-0.258,311,22.26,19.76,25.26,,55.0,7.5,,,,2.5
Gumanwala,UttarÄkhand,29.9333,77.9,2022,1,0.3376,-0.0563,-0.3944,277,20.55,18.05,23.55,,55.0,7.5,,,,2.5
Thane,MahÄrÄshtra,19.18,72.9633,2022,1,0.6107,-0.1821,-0.589,14,33.31,23.57021505376344,35.8,11.6,59.83736559139785,7.8694758064516135,0.001532258064516129,19.19704,72.96355,6.5
Bhopal,Madhya Pradesh,23.25,77.4167,2022,1,0.0907,0.1027,-0.1509,512,28.07,17.14024193548387,31.1,6.5,64.91505376344087,8.670887096774194,0.028830645161290323,23.25469,77.40289,6.5
Agra,Uttar Pradesh,27.18,78.02,2022,1,0.2671,0.0939,-0.3927,184,24.85,13.721250000000001,26.7,3.0,77.71774193548387,7.740376344086021,0.04491935483870967,27.18333,78.01667,6.5
Peyanvilai,Tamil NÄdu,8.5674,78.1046,2022,1,0.2691,-0.0011,-0.304,8,31.0,28.5,34.0,,55.0,7.5,,,,2.5
Pimpri-Chinchwad,MahÄrÄshtra,18.6278,73.8131,2022,1,0.4828,-0.0859,-0.4799,584,34.07,20.824341397849462,33.2,8.2,59.30846774193548,6.219892473118279,0.003306451612903226,18.61867,73.80375,6.5
Harbatpur,UttarÄkhand,30.45,77.73,2022,1,0.2602,0.1044,-0.324,445,20.07,17.57,23.07,,55.0,7.5,,,,2.5
Saundhonwali,UttarÄkhand,30.3331,77.9608,2022,1,0.09,0.0637,-0.1386,612,20.85,18.35,23.85,,55.0,7.5,,,,2.5
Ludhiana,Punjab,30.9083,75.8486,2022,1,0.2409,-0.0852,-0.2614,243,21.64,11.398319892473118,22.2,1.5,82.76639784946236,7.204583333333333,0.07833333333333332,30.91204,75.85379,6.5
Meerut,Uttar Pradesh,28.98,77.7064,2022,1,0.0621,0.0714,-0.1058,228,23.49,20.99,26.49,,55.0,7.5,,,,2.5
Madurai,Tamil NÄdu,9.9197,78.1194,2022,1,0.1492,0.2437,-0.3176,141,35.53,25.47190860215054,35.2,15.1,66.73131720430108,9.643709677419354,0.034784946236559144,9.919,78.11953,6.5
Nasik,MahÄrÄshtra,20.0,73.7833,2022,1,0.1247,0.067,-0.2144,588,32.44,29.939999999999998,35.44,,55.0,7.5,,,,2.5
Faridabad,HaryÄna,28.4167,77.3,2022,1,0.2534,0.0804,-0.2888,208,23.55,13.339932795698925,25.6,2.8,75.75255376344086,8.802217741935484,0.0397983870967742,28.41124,77.31316,6.5
Madarpur,BihÄr,26.227,84.6746,2022,1,0.1614,0.053,-0.2039,69,22.4,19.9,25.4,,55.0,7.5,,,,2.5
Najafgarh,Delhi,28.6125,76.9847,2022,1,0.0943,0.067,-0.189,220,23.67,21.17,26.67,,55.0,7.5,,,,2.5
Jabalpur,Madhya Pradesh,23.1667,79.9333,2022,1,0.1392,0.1096,-0.2141,399,28.72,17.15013440860215,30.9,5.1,65.45712365591397,7.502379032258064,0.023911290322580644,23.16697,79.95006,6.5
Madanpur,UttarÄkhand,29.326,79.1537,2022,1,0.8277,-0.481,-0.7363,315,20.7,18.2,23.7,,55.0,7.5,,,,2.5
Kamalwaganja Gaur,UttarÄkhand,29.2117,79.4654,2022,1,0.4212,0.039,-0.4073,383,21.34,18.84,24.34,,55.0,7.5,,,,2.5
Kalyan,MahÄrÄshtra,19.25,73.15,2022,1,0.1736,0.1105,-0.2308,10,34.03,31.53,37.03,,55.0,7.5,,,,2.5
Asansol,West Bengal,23.6833,86.9667,2022,1,0.1755,0.1428,-0.2082,125,27.23,24.73,30.23,,55.0,7.5,,,,2.5
Vijayawada,Andhra Pradesh,16.5167,80.6167,2022,1,0.3309,-0.0305,-0.3333,27,31.19,24.579395161290325,34.7,14.9,70.73521505376344,6.980873655913978,0.01424731182795699,16.50745,80.6466,6.5
Vasai-Virar,MahÄrÄshtra,19.47,72.8,2022,1,0.1133,0.2555,-0.1777,0,33.35,30.85,36.35,,55.0,7.5,,,,2.5
Varanasi,Uttar Pradesh,25.3189,83.0128,2022,1,0.1559,0.002,-0.2407,78,25.17,15.528897849462366,27.6,5.5,76.55483870967743,7.823266129032258,0.029704301075268818,25.31668,83.01041,6.5
Kalleli,Kerala,9.2,76.8833,2022,1,0.8635,-0.3643,-0.7463,133,31.77,29.27,34.769999999999996,,55.0,7.5,,,,2.5
Srinagar,Jammu and KashmÄ«r,34.0911,74.8061,2022,1,0.0826,0.1874,-0.1417,1595,14.1,-1.7122043010752688,14.3,-16.6,66.40900537634408,4.477352150537635,0.19651881720430106,34.08565,74.80555,6.5
Aurangabad,MahÄrÄshtra,19.88,75.32,2022,1,0.2731,0.0087,-0.331,564,34.32,21.19081989247312,32.6,9.8,52.36438172043011,8.416451612903225,0.0035080645161290323,19.87757,75.34226,6.5
Dhanbad,JhÄrkhand,23.7928,86.435,2022,1,0.3435,0.0731,-0.4131,245,26.59,17.05918010752688,30.5,6.0,67.77190860215053,7.728736559139786,0.01907258064516129,23.79759,86.42992,6.5
Amritsar,Punjab,31.6269,74.877,2022,1,0.0839,-0.0179,-0.1444,234,21.17,11.167325268817203,21.6,0.7,81.14543010752688,6.424623655913978,0.07563172043010753,31.62234,74.87534,6.5
Haora,West Bengal,22.58,88.3294,2022,1,0.1331,0.0831,-0.1261,12,27.49,24.99,30.49,,55.0,7.5,,,,2.5
Ranchi,JhÄrkhand,23.3556,85.3347,2022,1,0.4555,-0.0103,-0.4442,643,26.77,15.78606182795699,27.8,5.8,64.33212365591397,8.793723118279571,0.016209677419354838,23.34316,85.3094,6.5
Gwalior,Madhya Pradesh,26.2125,78.1775,2022,1,0.0814,0.1342,-0.1995,215,26.65,14.731962365591398,28.8,4.4,72.68924731182796,7.504677419354839,0.04174731182795699,26.22983,78.17337,6.5
Jodhpur,RÄjasthÄn,26.2944,73.0278,2022,1,0.1427,0.0472,-0.2261,251,29.0,16.466290322580644,29.5,4.3,51.160483870967745,10.243172043010752,0.007930107526881721,26.26841,73.00594,6.5
Chandigarh,ChandÄ«garh,30.7364,76.7883,2022,1,0.387,-0.0659,-0.3823,349,21.65,12.27198924731183,23.4,3.0,74.95833333333333,8.758077956989247,0.08446236559139784,30.73629,76.7884,6.5
Raipur,ChhattÄ«sgarh,21.2379,81.6337,2022,1,0.1167,0.0465,-0.1587,309,30.93,19.693870967741933,32.1,7.6,60.54744623655914,6.05239247311828,0.011868279569892472,21.23333,81.63333,6.5
Warangal,TelangÄna,17.9756,79.6011,2022,1,0.0971,0.1221,-0.1885,269,31.46,28.96,34.46,,55.0,7.5,,,,2.5
Kota,RÄjasthÄn,25.18,75.83,2022,1,0.1251,0.046,-0.2123,230,27.53,16.201424731182797,30.9,4.0,65.39583333333333,6.7313575268817205,0.034408602150537634,25.18254,75.83907,6.5
Bareilly,Uttar Pradesh,28.364,79.415,2022,1,0.0934,0.1186,-0.1619,180,24.18,13.398158602150538,26.2,2.7,79.68387096774194,8.500013440860215,0.04321236559139785,28.36678,79.43167,6.5
Solapur,MahÄrÄshtra,17.6703,75.9011,2022,1,0.1443,0.0693,-0.209,474,35.56,24.536250000000003,34.5,13.1,44.965860215053766,10.911586021505377,0.0020161290322580645,17.67152,75.91044,6.5
Hubli,KarnÄtaka,15.3108,75.0925,2022,1,0.1914,0.0907,-0.2853,618,35.47,32.97,38.47,,55.0,7.5,,,,2.5
Mysore,KarnÄtaka,12.3086,76.6531,2022,1,0.0564,0.1745,-0.1073,747,33.08,30.58,36.08,,55.0,7.5,,,,2.5
Trichinopoly,Tamil NÄdu,10.8269,78.6928,2022,1,0.2676,0.0414,-0.3122,74,32.4,29.9,35.4,,55.0,7.5,,,,2.5
Moradabad,Uttar Pradesh,28.8389,78.7769,2022,1,0.1181,0.0464,-0.1397,205,24.84,22.34,27.84,,55.0,7.5,,,,2.5
Tiruppur,Tamil NÄdu,11.1075,77.3398,2022,1,0.2186,0.025,-0.1842,305,35.35,25.208333333333332,35.5,15.6,62.428360215053765,7.9706048387096775,0.022473118279569892,11.11541,77.35456,6.5
Jamnagar,GujarÄt,22.47,70.07,2022,1,0.1955,0.0649,-0.2213,21,31.73,29.23,34.730000000000004,,55.0,7.5,,,,2.5
Gurgaon,HaryÄna,28.4667,77.0333,2022,1,0.1614,-0.0307,-0.273,224,24.14,21.64,27.14,,55.0,7.5,,,,2.5
Aligarh,Uttar Pradesh,27.88,78.08,2022,1,0.1941,-0.035,-0.2186,190,25.0,13.301666666666666,25.8,2.9,77.90201612903226,8.30231182795699,0.043857526881720434,27.88145,78.07464,6.5
Jalandhar,Punjab,31.3256,75.5792,2022,1,0.1249,0.0081,-0.1517,242,22.18,19.68,25.18,,55.0,7.5,,,,2.5
Bhubaneshwar,Odisha,20.295,85.825,2022,1,0.1423,0.0008,-0.2074,47,31.36,28.86,34.36,,55.0,7.5,,,,2.5
Bhayandar,MahÄrÄshtra,19.3,72.85,2022,1,0.2501,0.1591,-0.2934,9,33.17,30.67,36.17,,55.0,7.5,,,,2.5
Narela,Delhi,28.85,77.1,2022,1,0.3203,0.0627,-0.3854,212,22.47,19.97,25.47,,55.0,7.5,,,,2.5
Shishgarh,Uttar Pradesh,28.72,79.32,2022,1,0.8465,-0.4905,-0.7536,181,21.22,18.72,24.22,,55.0,7.5,,,,2.5
Thiruvananthapuram,Kerala,8.4875,76.9525,2022,1,0.072,0.0653,-0.1118,15,36.17,33.67,39.17,,55.0,7.5,,,,2.5
Dispur,Assam,26.15,91.77,2022,1,0.1348,-0.0262,-0.0728,116,25.31,22.81,28.31,,55.0,7.5,,,,2.5
Durgapur,West Bengal,23.55,87.32,2022,1,0.2961,0.0372,-0.3483,90,26.53,24.03,29.53,,55.0,7.5,,,,2.5
Bhiwandi,MahÄrÄshtra,19.3,73.0667,2022,1,0.0294,-0.1571,-0.0619,25,37.43,34.93,40.43,,55.0,7.5,,,,2.5
Saharanpur,Uttar Pradesh,29.964,77.546,2022,1,0.0824,0.0438,-0.1569,280,22.8,20.3,25.8,,55.0,7.5,,,,2.5
Shiliguri,West Bengal,26.72,88.42,2022,1,0.2087,0.044,-0.2284,119,26.87,24.37,29.87,,55.0,7.5,,,,2.5
Avadi,Tamil NÄdu,13.1147,80.1098,2022,1,0.191,0.0133,-0.1689,32,32.39,29.89,35.39,,55.0,7.5,,,,2.5
Salem,Tamil NÄdu,11.65,78.1667,2022,1,0.0583,0.0916,-0.1899,285,35.86,33.36,38.86,,55.0,7.5,,,,2.5
Jui,UttarÄkhand,29.67,78.9098,2022,1,0.748,-0.061,-0.7063,890,18.02,15.52,21.02,,55.0,7.5,,,,2.5
Amaldu,UttarÄkhand,29.9333,78.5333,2022,1,0.4044,0.0861,-0.4537,1406,17.46,14.96,20.46,,55.0,7.5,,,,2.5
Kimsar,Jammu and KashmÄ«r,34.5,74.5333,2022,1,0.2701,-0.5873,-0.3082,3058,-2.88,-5.38,0.1200000000000001,,55.0,7.5,,,,2.5
Sinduri,HimÄchal Pradesh,30.7167,77.15,2022,1,0.3538,0.0603,-0.4189,943,17.85,15.350000000000001,20.85,,55.0,7.5,,,,2.5
Gorakhpur,Uttar Pradesh,26.7611,83.3667,2022,1,0.1225,0.0841,-0.1567,84,24.31,21.81,27.31,,55.0,7.5,,,,2.5
Guntur,Andhra Pradesh,16.3,80.45,2022,1,0.1959,0.0355,-0.2179,34,34.23,31.729999999999997,37.23,,55.0,7.5,,,,2.5
Karaikandi,Assam,24.8309,92.6143,2022,1,0.5852,-0.2057,-0.4961,20,24.87,22.37,27.87,,55.0,7.5,,,,2.5
Mumbai,MahÄrÄshtra,19.0758,72.8775,2022,1,0.0609,0.0812,-0.1327,5,39.79,23.31008064516129,33.2,14.2,64.56397849462365,10.32875,0.001411290322580645,19.07283,72.88261,6.5
Kolkata,West Bengal,22.5675,88.37,2022,1,0.0836,0.0501,-0.1675,6,36.02,18.926102150537638,30.6,9.0,71.28346774193548,7.722836021505376,0.016223118279569893,22.56263,88.36304,6.5
Delhi,Delhi,28.66,77.23,2022,1,0.1262,0.0749,-0.2029,219,34.97,32.47,37.97,,55.0,7.5,,,,2.5
Chennai,Tamil NÄdu,13.0825,80.275,2022,1,0.0565,0.2518,-0.1244,9,34.42,24.796142473118277,30.5,17.3,74.35887096774194,11.460672043010751,0.02995967741935484,13.08784,80.27847,6.5
Bangalore,KarnÄtaka,12.9791,77.5913,2022,1,0.4292,-0.1247,-0.4359,924,32.87,30.369999999999997,35.87,,55.0,7.5,,,,2.5
Ahmedabad,GujarÄt,23.0219,72.5797,2022,1,0.2178,-0.0024,-0.2924,52,38.72,36.22,41.72,,55.0,7.5,,,,2.5
Pune,MahÄrÄshtra,18.5211,73.8553,2022,1,0.3533,-0.0199,-0.375,554,38.39,35.89,41.39,,55.0,7.5,,,,2.5
Hyderabad,TelangÄna,17.3617,78.4747,2022,1,0.0998,0.1446,-0.1939,508,37.75,21.84111559139785,33.6,10.9,59.34206989247312,8.333333333333334,0.00836021505376344,17.38405,78.45636,6.5
Surat,GujarÄt,21.205,72.84,2022,1,0.1438,0.0632,-0.2281,14,39.88,22.131034946236557,35.0,11.6,55.53709677419355,11.153575268817205,0.0017069892473118278,21.19594,72.83023,6.5
Prayagraj,Uttar Pradesh,25.45,81.85,2022,1,0.2571,0.0524,-0.3365,95,36.1,33.6,39.1,,55.0,7.5,,,,2.5
Kanpur,GujarÄt,24.285,72.6933,2022,1,0.4994,-0.0781,-0.5193,335,43.36,14.61231182795699,27.4,4.1,77.39435483870967,8.008198924731182,0.0314247311827957,26.46523,80.34975,6.5
Kanpur,Uttar Pradesh,26.4725,80.3311,2022,1,0.108,0.0667,-0.1829,132,36.41,14.61231182795699,27.4,4.1,77.39435483870967,8.008198924731182,0.0314247311827957,26.46523,80.34975,6.5
Belahi,BihÄr,25.7167,86.4,2022,1,0.1855,0.0934,-0.2233,41,29.31,26.81,32.31,,55.0,7.5,,,,2.5
Vadodara,GujarÄt,22.3,73.2,2022,1,0.2601,0.0169,-0.3263,38,39.31,20.783776881720428,33.5,8.6,55.36854838709677,8.284059139784947,0.004986559139784946,22.29941,73.20812,6.5
Nadampalaiyam,Tamil NÄdu,11.1793,77.376,2022,1,0.1218,0.1332,-0.1949,318,39.37,36.87,42.37,,55.0,7.5,,,,2.5
Lucknow,Uttar Pradesh,26.847,80.947,2022,1,0.0911,0.083,-0.1652,115,36.21,14.294059139784947,26.8,3.5,77.76411290322581,8.090174731182795,0.03786290322580645,26.83928,80.92313,6.5
Kannankulam,Kerala,10.4799,76.1131,2022,1,0.4298,-0.0722,-0.4298,13,32.94,30.439999999999998,35.94,,55.0,7.5,,,,2.5
Mahuakheraganj,UttarÄkhand,29.13,78.95,2022,1,0.3147,-0.0826,-0.3372,222,30.88,28.38,33.879999999999995,,55.0,7.5,,,,2.5
Nagla,UttarÄkhand,29.01,79.51,2022,1,0.5749,-0.1789,-0.5407,227,30.7,28.2,33.7,,55.0,7.5,,,,2.5
Jaipur,RÄjasthÄn,26.915,75.82,2022,1,0.5442,-0.1436,-0.5525,441,38.37,14.308373655913979,28.1,2.7,62.82728494623656,8.242083333333333,0.02646505376344086,26.91962,75.78781,6.5
Kottarassheri,Kerala,10.6167,76.5333,2022,1,0.2111,0.1551,-0.4121,147,33.99,31.490000000000002,36.99,,55.0,7.5,,,,2.5
Attadappa,Kerala,11.85,75.4167,2022,1,0.3225,-0.2144,-0.2581,37,33.03,30.53,36.03,,55.0,7.5,,,,2.5
Barmhan Kalan,Madhya Pradesh,23.0333,79.0167,2022,1,0.658,-0.1363,-0.668,337,38.11,35.61,41.11,,55.0,7.5,,,,2.5
Gorakhpur,ChhattÄ«sgarh,22.1688,81.6042,2022,1,0.2261,0.1103,-0.3317,305,38.18,35.68,41.18,,55.0,7.5,,,,2.5
Nagpur,MahÄrÄshtra,21.1497,79.0806,2022,1,0.3391,-0.0562,-0.3691,318,38.64,20.58133064516129,32.9,8.1,56.8377688172043,7.151948924731183,0.017419354838709676,21.14631,79.08491,6.5
Guwahati,Assam,26.1806,91.7502,2022,1,0.0609,0.1306,-0.1051,57,31.18,17.49366935483871,27.5,8.4,77.26733870967742,6.03396505376344,0.020026881720430108,26.1844,91.7458,6.5
Ghaziabad,Uttar Pradesh,28.6667,77.4167,2022,1,0.2145,0.0001,-0.2435,211,35.61,12.96893817204301,25.4,1.9,77.63467741935484,8.6725,0.047567204301075264,28.66535,77.43915,6.5
Coimbatore,Tamil NÄdu,11.0008,76.9633,2022,1,0.2248,0.0126,-0.2325,417,34.69,24.230967741935483,33.6,14.8,62.895161290322584,9.489314516129033,0.02720430107526882,11.00555,76.96612,6.5
Patna,BihÄr,25.61,85.1414,2022,1,0.1135,0.1706,-0.1958,63,33.66,15.802849462365591,26.2,7.1,77.59919354838709,8.116397849462366,0.016922043010752688,25.59408,85.13563,6.5
Rajkot,GujarÄt,22.2969,70.7984,2022,1,0.0827,0.2593,-0.1636,134,39.69,37.19,42.69,,55.0,7.5,,,,2.5
Vishakhapatnam,Andhra Pradesh,17.6939,83.2922,2022,1,0.1135,0.0963,-0.1379,12,33.17,30.67,36.17,,55.0,7.5,,,,2.5
Indore,Madhya Pradesh,22.7186,75.855,2022,1,0.0979,0.1676,-0.1812,553,39.88,17.89548387096774,31.2,6.2,60.325537634408605,8.858575268817205,0.015376344086021506,22.71792,75.8333,6.5
Abhepur,Punjab,30.6667,76.8333,2022,1,0.1555,0.0387,-0.2325,311,33.87,31.369999999999997,36.87,,55.0,7.5,,,,2.5
Gumanwala,UttarÄkhand,29.9333,77.9,2022,1,0.3692,-0.0196,-0.4164,277,30.73,28.23,33.730000000000004,,55.0,7.5,,,,2.5
Thane,MahÄrÄshtra,19.18,72.9633,2022,1,0.7183,-0.2332,-0.7417,14,38.0,23.57021505376344,35.8,11.6,59.83736559139785,7.8694758064516135,0.001532258064516129,19.19704,72.96355,6.5
Bhopal,Madhya Pradesh,23.25,77.4167,2022,1,0.0949,0.1055,-0.1584,512,36.57,17.14024193548387,31.1,6.5,64.91505376344087,8.670887096774194,0.028830645161290323,23.25469,77.40289,6.5
Agra,Uttar Pradesh,27.18,78.02,2022,1,0.2608,0.0957,-0.3809,184,36.81,13.721250000000001,26.7,3.0,77.71774193548387,7.740376344086021,0.04491935483870967,27.18333,78.01667,6.5
Peyanvilai,Tamil NÄdu,8.5674,78.1046,2022,1,0.3108,0.011,-0.3692,8,33.15,30.65,36.15,,55.0,7.5,,,,2.5
Pimpri-Chinchwad,MahÄrÄshtra,18.6278,73.8131,2022,1,0.7516,-0.3013,-0.7151,584,38.96,20.824341397849462,33.2,8.2,59.30846774193548,6.219892473118279,0.003306451612903226,18.61867,73.80375,6.5
Harbatpur,UttarÄkhand,30.45,77.73,2022,1,0.2735,0.0902,-0.3358,445,30.37,27.87,33.370000000000005,,55.0,7.5,,,,2.5
Saundhonwali,UttarÄkhand,30.3331,77.9608,2022,1,0.0728,0.0969,-0.1415,612,31.11,28.61,34.11,,55.0,7.5,,,,2.5
Ludhiana,Punjab,30.9083,75.8486,2022,1,0.3001,-0.0525,-0.3483,243,34.67,11.398319892473118,22.2,1.5,82.76639784946236,7.204583333333333,0.07833333333333332,30.91204,75.85379,6.5
Meerut,Uttar Pradesh,28.98,77.7064,2022,1,0.1106,0.108,-0.1915,228,35.16,32.66,38.16,,55.0,7.5,,,,2.5
Madurai,Tamil NÄdu,9.9197,78.1194,2022,1,0.1362,0.2269,-0.2923,141,39.67,25.47190860215054,35.2,15.1,66.73131720430108,9.643709677419354,0.034784946236559144,9.919,78.11953,6.5
Nasik,MahÄrÄshtra,20.0,73.7833,2022,1,0.1283,0.1024,-0.2168,588,39.53,37.03,42.53,,55.0,7.5,,,,2.5
Faridabad,HaryÄna,28.4167,77.3,2022,1,0.2681,0.0535,-0.3267,208,35.27,13.339932795698925,25.6,2.8,75.75255376344086,8.802217741935484,0.0397983870967742,28.41124,77.31316,6.5
Madarpur,BihÄr,26.227,84.6746,2022,1,0.1597,0.0759,-0.242,69,31.11,28.61,34.11,,55.0,7.5,,,,2.5
Najafgarh,Delhi,28.6125,76.9847,2022,1,0.083,0.0835,-0.1646,220,35.57,33.07,38.57,,55.0,7.5,,,,2.5
Jabalpur,Madhya Pradesh,23.1667,79.9333,2022,1,0.1278,0.1055,-0.2127,399,38.67,17.15013440860215,30.9,5.1,65.45712365591397,7.502379032258064,0.023911290322580644,23.16697,79.95006,6.5
Madanpur,UttarÄkhand,29.326,79.1537,2022,1,0.7355,-0.3091,-0.6786,315,30.71,28.21,33.71,,55.0,7.5,,,,2.5
Kamalwaganja Gaur,UttarÄkhand,29.2117,79.4654,2022,1,0.4452,0.066,-0.4819,383,32.06,29.560000000000002,35.06,,55.0,7.5,,,,2.5
Kalyan,MahÄrÄshtra,19.25,73.15,2022,1,0.1684,0.0972,-0.2385,10,38.95,36.45,41.95,,55.0,7.5,,,,2.5
Asansol,West Bengal,23.6833,86.9667,2022,1,0.1545,0.159,-0.2208,125,35.56,33.06,38.56,,55.0,7.5,,,,2.5
Vijayawada,Andhra Pradesh,16.5167,80.6167,2022,1,0.3224,-0.0084,-0.3632,27,32.82,24.579395161290325,34.7,14.9,70.73521505376344,6.980873655913978,0.01424731182795699,16.50745,80.6466,6.5
Vasai-Virar,MahÄrÄshtra,19.47,72.8,2022,1,0.1555,0.2725,-0.3178,0,39.02,36.52,42.02,,55.0,7.5,,,,2.5
Varanasi,Uttar Pradesh,25.3189,83.0128,2022,1,0.1807,0.0298,-0.3075,78,34.95,15.528897849462366,27.6,5.5,76.55483870967743,7.823266129032258,0.029704301075268818,25.31668,83.01041,6.5
Kalleli,Kerala,9.2,76.8833,2022,1,0.7639,-0.3099,-0.6811,133,31.02,28.52,34.019999999999996,,55.0,7.5,,,,2.5
Srinagar,Jammu and KashmÄ«r,34.0911,74.8061,2022,1,0.1369,0.1654,-0.1619,1595,26.26,-1.7122043010752688,14.3,-16.6,66.40900537634408,4.477352150537635,0.19651881720430106,34.08565,74.80555,6.5
Aurangabad,MahÄrÄshtra,19.88,75.32,2022,1,0.2314,0.0384,-0.2937,564,42.76,21.19081989247312,32.6,9.8,52.36438172043011,8.416451612903225,0.0035080645161290323,19.87757,75.34226,6.5
Dhanbad,JhÄrkhand,23.7928,86.435,2022,1,0.3383,0.0538,-0.4063,245,35.41,17.05918010752688,30.5,6.0,67.77190860215053,7.728736559139786,0.01907258064516129,23.79759,86.42992,6.5
Amritsar,Punjab,31.6269,74.877,2022,1,0.0805,0.0219,-0.1373,234,33.86,11.167325268817203,21.6,0.7,81.14543010752688,6.424623655913978,0.07563172043010753,31.62234,74.87534,6.5
Haora,West Bengal,22.58,88.3294,2022,1,0.1718,0.1274,-0.2351,12,33.78,31.28,36.78,,55.0,7.5,,,,2.5
Ranchi,JhÄrkhand,23.3556,85.3347,2022,1,0.5027,-0.05,-0.5107,643,35.79,15.78606182795699,27.8,5.8,64.33212365591397,8.793723118279571,0.016209677419354838,23.34316,85.3094,6.5
Gwalior,Madhya Pradesh,26.2125,78.1775,2022,1,0.0692,0.1121,-0.173,215,37.96,14.731962365591398,28.8,4.4,72.68924731182796,7.504677419354839,0.04174731182795699,26.22983,78.17337,6.5
Jodhpur,RÄjasthÄn,26.2944,73.0278,2022,1,0.1286,0.0577,-0.2118,251,39.88,16.466290322580644,29.5,4.3,51.160483870967745,10.243172043010752,0.007930107526881721,26.26841,73.00594,6.5
Chandigarh,ChandÄ«garh,30.7364,76.7883,2022,1,0.4154,-0.0293,-0.4404,349,33.14,12.27198924731183,23.4,3.0,74.95833333333333,8.758077956989247,0.08446236559139784,30.73629,76.7884,6.5
Raipur,ChhattÄ«sgarh,21.2379,81.6337,2022,1,0.102,0.0811,-0.1747,309,37.27,19.693870967741933,32.1,7.6,60.54744623655914,6.05239247311828,0.011868279569892472,21.23333,81.63333,6.5
Warangal,TelangÄna,17.9756,79.6011,2022,1,0.0993,0.1212,-0.1959,269,35.09,32.59,38.09,,55.0,7.5,,,,2.5
Kota,RÄjasthÄn,25.18,75.83,2022,1,0.1341,0.0145,-0.2187,230,37.13,16.201424731182797,30.9,4.0,65.39583333333333,6.7313575268817205,0.034408602150537634,25.18254,75.83907,6.5
Bareilly,Uttar Pradesh,28.364,79.415,2022,1,0.1055,0.1159,-0.1999,180,32.94,13.398158602150538,26.2,2.7,79.68387096774194,8.500013440860215,0.04321236559139785,28.36678,79.43167,6.5
Solapur,MahÄrÄshtra,17.6703,75.9011,2022,1,0.1611,0.1155,-0.223,474,40.75,24.536250000000003,34.5,13.1,44.965860215053766,10.911586021505377,0.0020161290322580645,17.67152,75.91044,6.5
Hubli,KarnÄtaka,15.3108,75.0925,2022,1,0.1955,0.0879,-0.299,618,37.22,34.72,40.22,,55.0,7.5,,,,2.5
Mysore,KarnÄtaka,12.3086,76.6531,2022,1,0.0535,0.1692,-0.1136,747,34.31,31.810000000000002,37.31,,55.0,7.5,,,,2.5
Trichinopoly,Tamil NÄdu,10.8269,78.6928,2022,1,0.2761,0.0638,-0.3096,74,35.93,33.43,38.93,,55.0,7.5,,,,2.5
Moradabad,Uttar Pradesh,28.8389,78.7769,2022,1,0.1445,0.0778,-0.2105,205,33.99,31.490000000000002,36.99,,55.0,7.5,,,,2.5
Tiruppur,Tamil NÄdu,11.1075,77.3398,2022,1,0.2321,0.0072,-0.211,305,39.28,25.208333333333332,35.5,15.6,62.428360215053765,7.9706048387096775,0.022473118279569892,11.11541,77.35456,6.5
Jamnagar,GujarÄt,22.47,70.07,2022,1,0.2001,0.0777,-0.2417,21,38.06,35.56,41.06,,55.0,7.5,,,,2.5
Gurgaon,HaryÄna,28.4667,77.0333,2022,1,0.1354,0.027,-0.2386,224,35.56,33.06,38.56,,55.0,7.5,,,,2.5
Aligarh,Uttar Pradesh,27.88,78.08,2022,1,0.2399,-0.0165,-0.2731,190,36.67,13.301666666666666,25.8,2.9,77.90201612903226,8.30231182795699,0.043857526881720434,27.88145,78.07464,6.5
Jalandhar,Punjab,31.3256,75.5792,2022,1,0.1606,0.0537,-0.2207,242,34.66,32.16,37.66,,55.0,7.5,,,,2.5
Bhubaneshwar,Odisha,20.295,85.825,2022,1,0.1572,0.0175,-0.2196,47,34.9,32.4,37.9,,55.0,7.5,,,,2.5
Bhayandar,MahÄrÄshtra,19.3,72.85,2022,1,0.2314,0.1594,-0.3081,9,37.98,35.48,40.98,,55.0,7.5,,,,2.5
Narela,Delhi,28.85,77.1,2022,1,0.542,-0.1582,-0.53,212,33.13,30.630000000000003,36.13,,55.0,7.5,,,,2.5
Shishgarh,Uttar Pradesh,28.72,79.32,2022,1,0.7929,-0.359,-0.7208,181,29.54,27.04,32.54,,55.0,7.5,,,,2.5
Thiruvananthapuram,Kerala,8.4875,76.9525,2022,1,0.0642,0.0869,-0.1358,15,36.94,34.44,39.94,,55.0,7.5,,,,2.5
Dispur,Assam,26.15,91.77,2022,1,0.3314,0.0869,-0.3627,116,32.28,29.78,35.28,,55.0,7.5,,,,2.5
Durgapur,West Bengal,23.55,87.32,2022,1,0.2914,0.0446,-0.3502,90,34.86,32.36,37.86,,55.0,7.5,,,,2.5
Bhiwandi,MahÄrÄshtra,19.3,73.0667,2022,1,0.0318,-0.1224,-0.0899,25,42.5,40.0,45.5,,55.0,7.5,,,,2.5
Saharanpur,Uttar Pradesh,29.964,77.546,2022,1,0.0935,0.0976,-0.1656,280,33.89,31.39,36.89,,55.0,7.5,,,,2.5
Shiliguri,West Bengal,26.72,88.42,2022,1,0.2271,0.0383,-0.2563,119,34.37,31.869999999999997,37.37,,55.0,7.5,,,,2.5
Avadi,Tamil NÄdu,13.1147,80.1098,2022,1,0.2326,0.1181,-0.2918,32,34.68,32.18,37.68,,55.0,7.5,,,,2.5
Salem,Tamil NÄdu,11.65,78.1667,2022,1,0.0729,0.1175,-0.2041,285,37.08,34.58,40.08,,55.0,7.5,,,,2.5
Jui,UttarÄkhand,29.67,78.9098,2022,1,0.7423,-0.0174,-0.7167,890,28.21,25.71,31.21,,55.0,7.5,,,,2.5
Amaldu,UttarÄkhand,29.9333,78.5333,2022,1,0.3651,0.0804,-0.4039,1406,28.36,25.86,31.36,,55.0,7.5,,,,2.5
Kimsar,Jammu and KashmÄ«r,34.5,74.5333,2022,1,0.5303,-0.541,-0.5724,3058,8.85,6.35,11.85,,55.0,7.5,,,,2.5
Sinduri,HimÄchal Pradesh,30.7167,77.15,2022,1,0.408,0.0054,-0.4532,943,28.35,25.85,31.35,,55.0,7.5,,,,2.5
Gorakhpur,Uttar Pradesh,26.7611,83.3667,2022,1,0.1252,0.1177,-0.1848,84,34.3,31.799999999999997,37.3,,55.0,7.5,,,,2.5
Guntur,Andhra Pradesh,16.3,80.45,2022,1,0.1024,0.153,-0.1631,34,34.98,32.48,37.98,,55.0,7.5,,,,2.5
Karaikandi,Assam,24.8309,92.6143,2022,1,0.5921,-0.1238,-0.5306,20,31.38,28.88,34.379999999999995,,55.0,7.5,,,,2.5
Mumbai,MahÄrÄshtra,19.0758,72.8775,2022,1,0.0708,0.0683,-0.1155,5,39.66,23.31008064516129,33.2,14.2,64.56397849462365,10.32875,0.001411290322580645,19.07283,72.88261,6.5
Kolkata,West Bengal,22.5675,88.37,2022,1,0.0766,0.0606,-0.1733,6,36.44,18.926102150537638,30.6,9.0,71.28346774193548,7.722836021505376,0.016223118279569893,22.56263,88.36304,6.5
Delhi,Delhi,28.66,77.23,2022,1,0.1995,0.0359,-0.3081,219,39.2,36.7,42.2,,55.0,7.5,,,,2.5
Chennai,Tamil NÄdu,13.0825,80.275,2022,1,0.0487,0.1833,-0.1007,9,37.94,24.796142473118277,30.5,17.3,74.35887096774194,11.460672043010751,0.02995967741935484,13.08784,80.27847,6.5
Bangalore,KarnÄtaka,12.9791,77.5913,2022,1,0.4535,-0.1222,-0.4347,924,34.2,31.700000000000003,37.2,,55.0,7.5,,,,2.5
Ahmedabad,GujarÄt,23.0219,72.5797,2022,1,0.3088,-0.0319,-0.3473,52,42.6,40.1,45.6,,55.0,7.5,,,,2.5
Pune,MahÄrÄshtra,18.5211,73.8553,2022,1,0.2397,0.0196,-0.2891,554,40.45,37.95,43.45,,55.0,7.5,,,,2.5
Hyderabad,TelangÄna,17.3617,78.4747,2022,1,0.109,0.1124,-0.2384,508,38.33,21.84111559139785,33.6,10.9,59.34206989247312,8.333333333333334,0.00836021505376344,17.38405,78.45636,6.5
Surat,GujarÄt,21.205,72.84,2022,1,0.163,0.0858,-0.2766,14,41.98,22.131034946236557,35.0,11.6,55.53709677419355,11.153575268817205,0.0017069892473118278,21.19594,72.83023,6.5
Prayagraj,Uttar Pradesh,25.45,81.85,2022,1,0.3066,0.0203,-0.389,95,39.78,37.28,42.78,,55.0,7.5,,,,2.5
Kanpur,GujarÄt,24.285,72.6933,2022,1,0.3915,-0.025,-0.4429,335,48.6,14.61231182795699,27.4,4.1,77.39435483870967,8.008198924731182,0.0314247311827957,26.46523,80.34975,6.5
Kanpur,Uttar Pradesh,26.4725,80.3311,2022,1,0.1125,0.0843,-0.1761,132,40.44,14.61231182795699,27.4,4.1,77.39435483870967,8.008198924731182,0.0314247311827957,26.46523,80.34975,6.5
Belahi,BihÄr,25.7167,86.4,2022,1,0.4744,-0.146,-0.4284,41,31.33,28.83,34.33,,55.0,7.5,,,,2.5
Vadodara,GujarÄt,22.3,73.2,2022,1,0.2022,0.02,-0.2653,38,42.3,20.783776881720428,33.5,8.6,55.36854838709677,8.284059139784947,0.004986559139784946,22.29941,73.20812,6.5
Nadampalaiyam,Tamil NÄdu,11.1793,77.376,2022,1,0.1485,0.1363,-0.2222,318,38.46,35.96,41.46,,55.0,7.5,,,,2.5
Lucknow,Uttar Pradesh,26.847,80.947,2022,1,0.0925,0.1033,-0.1613,115,39.11,14.294059139784947,26.8,3.5,77.76411290322581,8.090174731182795,0.03786290322580645,26.83928,80.92313,6.5
Kannankulam,Kerala,10.4799,76.1131,2022,1,0.0218,-0.0049,-0.018,13,31.91,29.41,34.91,,55.0,7.5,,,,2.5
Mahuakheraganj,UttarÄkhand,29.13,78.95,2022,1,0.2112,0.0121,-0.2974,222,36.27,33.77,39.27,,55.0,7.5,,,,2.5
Nagla,UttarÄkhand,29.01,79.51,2022,1,0.4307,0.0412,-0.4782,227,35.52,33.02,38.52,,55.0,7.5,,,,2.5
Jaipur,RÄjasthÄn,26.915,75.82,2022,1,0.3988,-0.039,-0.4581,441,41.61,14.308373655913979,28.1,2.7,62.82728494623656,8.242083333333333,0.02646505376344086,26.91962,75.78781,6.5
Kottarassheri,Kerala,10.6167,76.5333,2022,1,0.1776,-0.0362,-0.1699,147,32.44,29.939999999999998,35.44,,55.0,7.5,,,,2.5
Attadappa,Kerala,11.85,75.4167,2022,1,0.5831,-0.1749,-0.5134,37,31.94,29.44,34.94,,55.0,7.5,,,,2.5
Barmhan Kalan,Madhya Pradesh,23.0333,79.0167,2022,1,0.471,-0.021,-0.5267,337,41.98,39.48,44.98,,55.0,7.5,,,,2.5
Gorakhpur,ChhattÄ«sgarh,22.1688,81.6042,2022,1,0.1901,0.1322,-0.3217,305,43.71,41.21,46.71,,55.0,7.5,,,,2.5
Nagpur,MahÄrÄshtra,21.1497,79.0806,2022,1,0.2484,0.0162,-0.3175,318,41.55,20.58133064516129,32.9,8.1,56.8377688172043,7.151948924731183,0.017419354838709676,21.14631,79.08491,6.5
Guwahati,Assam,26.1806,91.7502,2022,1,0.0688,0.1458,-0.1127,57,29.87,17.49366935483871,27.5,8.4,77.26733870967742,6.03396505376344,0.020026881720430108,26.1844,91.7458,6.5
Ghaziabad,Uttar Pradesh,28.6667,77.4167,2022,1,0.1969,0.0107,-0.2561,211,39.35,12.96893817204301,25.4,1.9,77.63467741935484,8.6725,0.047567204301075264,28.66535,77.43915,6.5
Coimbatore,Tamil NÄdu,11.0008,76.9633,2022,1,0.296,0.0336,-0.302,417,37.12,24.230967741935483,33.6,14.8,62.895161290322584,9.489314516129033,0.02720430107526882,11.00555,76.96612,6.5
Patna,BihÄr,25.61,85.1414,2022,1,0.1028,0.175,-0.2162,63,35.34,15.802849462365591,26.2,7.1,77.59919354838709,8.116397849462366,0.016922043010752688,25.59408,85.13563,6.5
Rajkot,GujarÄt,22.2969,70.7984,2022,1,0.0912,0.1507,-0.1727,134,43.64,41.14,46.64,,55.0,7.5,,,,2.5
Vishakhapatnam,Andhra Pradesh,17.6939,83.2922,2022,1,0.294,0.095,-0.3518,12,34.86,32.36,37.86,,55.0,7.5,,,,2.5
Indore,Madhya Pradesh,22.7186,75.855,2022,1,0.0884,0.1636,-0.1933,553,42.72,17.89548387096774,31.2,6.2,60.325537634408605,8.858575268817205,0.015376344086021506,22.71792,75.8333,6.5
Abhepur,Punjab,30.6667,76.8333,2022,1,0.1739,0.0194,-0.2634,311,38.6,36.1,41.6,,55.0,7.5,,,,2.5
Gumanwala,UttarÄkhand,29.9333,77.9,2022,1,0.2372,0.093,-0.3674,277,35.51,33.01,38.51,,55.0,7.5,,,,2.5
Thane,MahÄrÄshtra,19.18,72.9633,2022,1,0.594,-0.2013,-0.605,14,37.18,23.57021505376344,35.8,11.6,59.83736559139785,7.8694758064516135,0.001532258064516129,19.19704,72.96355,6.5
Bhopal,Madhya Pradesh,23.25,77.4167,2022,1,0.0961,0.0995,-0.1651,512,40.07,17.14024193548387,31.1,6.5,64.91505376344087,8.670887096774194,0.028830645161290323,23.25469,77.40289,6.5
Agra,Uttar Pradesh,27.18,78.02,2022,1,0.2274,0.0874,-0.3568,184,40.82,13.721250000000001,26.7,3.0,77.71774193548387,7.740376344086021,0.04491935483870967,27.18333,78.01667,6.5
Peyanvilai,Tamil NÄdu,8.5674,78.1046,2022,1,0.2267,0.0229,-0.2956,8,37.55,35.05,40.55,,55.0,7.5,,,,2.5
Pimpri-Chinchwad,MahÄrÄshtra,18.6278,73.8131,2022,1,0.7273,-0.265,-0.7185,584,41.88,20.824341397849462,33.2,8.2,59.30846774193548,6.219892473118279,0.003306451612903226,18.61867,73.80375,6.5
Harbatpur,UttarÄkhand,30.45,77.73,2022,1,0.2418,0.0739,-0.3203,445,36.28,33.78,39.28,,55.0,7.5,,,,2.5
Saundhonwali,UttarÄkhand,30.3331,77.9608,2022,1,0.0504,0.079,-0.1331,612,35.86,33.36,38.86,,55.0,7.5,,,,2.5
Ludhiana,Punjab,30.9083,75.8486,2022,1,0.3006,-0.0667,-0.3602,243,39.42,11.398319892473118,22.2,1.5,82.76639784946236,7.204583333333333,0.07833333333333332,30.91204,75.85379,6.5
Meerut,Uttar Pradesh,28.98,77.7064,2022,1,0.1051,0.099,-0.2103,228,39.41,36.91,42.41,,55.0,7.5,,,,2.5
Madurai,Tamil NÄdu,9.9197,78.1194,2022,1,0.0466,-0.1263,-0.0099,141,38.77,25.47190860215054,35.2,15.1,66.73131720430108,9.643709677419354,0.034784946236559144,9.919,78.11953,6.5
Nasik,MahÄrÄshtra,20.0,73.7833,2022,1,0.119,0.1099,-0.2064,588,41.74,39.24,44.74,,55.0,7.5,,,,2.5
Faridabad,HaryÄna,28.4167,77.3,2022,1,0.3044,0.0038,-0.3408,208,40.18,13.339932795698925,25.6,2.8,75.75255376344086,8.802217741935484,0.0397983870967742,28.41124,77.31316,6.5
Madarpur,BihÄr,26.227,84.6746,2022,1,0.1717,0.0879,-0.2526,69,34.38,31.880000000000003,37.38,,55.0,7.5,,,,2.5
Najafgarh,Delhi,28.6125,76.9847,2022,1,0.0796,0.0854,-0.1771,220,40.58,38.08,43.58,,55.0,7.5,,,,2.5
Jabalpur,Madhya Pradesh,23.1667,79.9333,2022,1,0.1226,0.1115,-0.2283,399,42.58,17.15013440860215,30.9,5.1,65.45712365591397,7.502379032258064,0.023911290322580644,23.16697,79.95006,6.5
Madanpur,UttarÄkhand,29.326,79.1537,2022,1,0.2303,0.1038,-0.3905,315,36.96,34.46,39.96,,55.0,7.5,,,,2.5
Kamalwaganja Gaur,UttarÄkhand,29.2117,79.4654,2022,1,0.4479,0.0617,-0.4946,383,38.6,36.1,41.6,,55.0,7.5,,,,2.5
Kalyan,MahÄrÄshtra,19.25,73.15,2022,1,0.1839,0.0814,-0.2511,10,39.88,37.38,42.88,,55.0,7.5,,,,2.5
Asansol,West Bengal,23.6833,86.9667,2022,1,0.1233,0.1401,-0.2154,125,38.1,35.6,41.1,,55.0,7.5,,,,2.5
Vijayawada,Andhra Pradesh,16.5167,80.6167,2022,1,0.3336,-0.0098,-0.3388,27,33.27,24.579395161290325,34.7,14.9,70.73521505376344,6.980873655913978,0.01424731182795699,16.50745,80.6466,6.5
Vasai-Virar,MahÄrÄshtra,19.47,72.8,2022,1,0.1497,0.2182,-0.2712,0,40.45,37.95,43.45,,55.0,7.5,,,,2.5
Varanasi,Uttar Pradesh,25.3189,83.0128,2022,1,0.2002,0.0599,-0.3185,78,39.14,15.528897849462366,27.6,5.5,76.55483870967743,7.823266129032258,0.029704301075268818,25.31668,83.01041,6.5
Kalleli,Kerala,9.2,76.8833,2022,1,0.4492,-0.3262,-0.3802,133,29.68,27.18,32.68,,55.0,7.5,,,,2.5
Srinagar,Jammu and KashmÄ«r,34.0911,74.8061,2022,1,0.1274,0.0894,-0.1709,1595,30.36,-1.7122043010752688,14.3,-16.6,66.40900537634408,4.477352150537635,0.19651881720430106,34.08565,74.80555,6.5
Aurangabad,MahÄrÄshtra,19.88,75.32,2022,1,0.221,0.0528,-0.3057,564,44.68,21.19081989247312,32.6,9.8,52.36438172043011,8.416451612903225,0.0035080645161290323,19.87757,75.34226,6.5
Dhanbad,JhÄrkhand,23.7928,86.435,2022,1,0.4535,0.0128,-0.5512,245,37.81,17.05918010752688,30.5,6.0,67.77190860215053,7.728736559139786,0.01907258064516129,23.79759,86.42992,6.5
Amritsar,Punjab,31.6269,74.877,2022,1,0.0663,0.0423,-0.1465,234,38.91,11.167325268817203,21.6,0.7,81.14543010752688,6.424623655913978,0.07563172043010753,31.62234,74.87534,6.5
Haora,West Bengal,22.58,88.3294,2022,1,0.151,0.1504,-0.2267,12,34.52,32.02,37.52,,55.0,7.5,,,,2.5
Ranchi,JhÄrkhand,23.3556,85.3347,2022,1,0.5286,-0.106,-0.5406,643,39.05,15.78606182795699,27.8,5.8,64.33212365591397,8.793723118279571,0.016209677419354838,23.34316,85.3094,6.5
Gwalior,Madhya Pradesh,26.2125,78.1775,2022,1,0.0579,0.1393,-0.1908,215,42.22,14.731962365591398,28.8,4.4,72.68924731182796,7.504677419354839,0.04174731182795699,26.22983,78.17337,6.5
Jodhpur,RÄjasthÄn,26.2944,73.0278,2022,1,0.1581,0.0344,-0.2274,251,43.14,16.466290322580644,29.5,4.3,51.160483870967745,10.243172043010752,0.007930107526881721,26.26841,73.00594,6.5
Chandigarh,ChandÄ«garh,30.7364,76.7883,2022,1,0.411,-0.0535,-0.4541,349,37.32,12.27198924731183,23.4,3.0,74.95833333333333,8.758077956989247,0.08446236559139784,30.73629,76.7884,6.5
Raipur,ChhattÄ«sgarh,21.2379,81.6337,2022,1,0.1098,0.0504,-0.1752,309,38.6,19.693870967741933,32.1,7.6,60.54744623655914,6.05239247311828,0.011868279569892472,21.23333,81.63333,6.5
Warangal,TelangÄna,17.9756,79.6011,2022,1,0.0978,0.1456,-0.1841,269,36.6,34.1,39.6,,55.0,7.5,,,,2.5
Kota,RÄjasthÄn,25.18,75.83,2022,1,0.1032,0.0353,-0.1974,230,41.38,16.201424731182797,30.9,4.0,65.39583333333333,6.7313575268817205,0.034408602150537634,25.18254,75.83907,6.5
Bareilly,Uttar Pradesh,28.364,79.415,2022,1,0.1069,0.1133,-0.1735,180,38.68,13.398158602150538,26.2,2.7,79.68387096774194,8.500013440860215,0.04321236559139785,28.36678,79.43167,6.5
Solapur,MahÄrÄshtra,17.6703,75.9011,2022,1,0.1697,0.1027,-0.2066,474,41.74,24.536250000000003,34.5,13.1,44.965860215053766,10.911586021505377,0.0020161290322580645,17.67152,75.91044,6.5
Hubli,KarnÄtaka,15.3108,75.0925,2022,1,0.2189,0.1191,-0.2645,618,35.46,32.96,38.46,,55.0,7.5,,,,2.5
Mysore,KarnÄtaka,12.3086,76.6531,2022,1,0.0597,0.2033,-0.0989,747,32.29,29.79,35.29,,55.0,7.5,,,,2.5
Trichinopoly,Tamil NÄdu,10.8269,78.6928,2022,1,0.2587,0.0389,-0.2751,74,38.36,35.86,41.36,,55.0,7.5,,,,2.5
Moradabad,Uttar Pradesh,28.8389,78.7769,2022,1,0.1138,0.0736,-0.2218,205,38.62,36.12,41.62,,55.0,7.5,,,,2.5
Tiruppur,Tamil NÄdu,11.1075,77.3398,2022,1,0.3518,-0.0873,-0.3033,305,36.19,25.208333333333332,35.5,15.6,62.428360215053765,7.9706048387096775,0.022473118279569892,11.11541,77.35456,6.5
Jamnagar,GujarÄt,22.47,70.07,2022,1,0.1965,0.0231,-0.2502,21,41.59,39.09,44.59,,55.0,7.5,,,,2.5
Gurgaon,HaryÄna,28.4667,77.0333,2022,1,0.1991,-0.0064,-0.2865,224,40.0,37.5,43.0,,55.0,7.5,,,,2.5
Aligarh,Uttar Pradesh,27.88,78.08,2022,1,0.2231,0.0072,-0.2828,190,40.8,13.301666666666666,25.8,2.9,77.90201612903226,8.30231182795699,0.043857526881720434,27.88145,78.07464,6.5
Jalandhar,Punjab,31.3256,75.5792,2022,1,0.1387,0.0496,-0.2177,242,39.2,36.7,42.2,,55.0,7.5,,,,2.5
Bhubaneshwar,Odisha,20.295,85.825,2022,1,0.1429,0.0396,-0.2325,47,36.06,33.56,39.06,,55.0,7.5,,,,2.5
Bhayandar,MahÄrÄshtra,19.3,72.85,2022,1,0.2014,0.1424,-0.2558,9,38.62,36.12,41.62,,55.0,7.5,,,,2.5
Narela,Delhi,28.85,77.1,2022,1,0.5032,-0.1469,-0.5264,212,38.83,36.33,41.83,,55.0,7.5,,,,2.5
Shishgarh,Uttar Pradesh,28.72,79.32,2022,1,0.5242,-0.0875,-0.5482,181,35.08,32.58,38.08,,55.0,7.5,,,,2.5
Thiruvananthapuram,Kerala,8.4875,76.9525,2022,1,0.0668,0.0654,-0.1156,15,33.52,31.020000000000003,36.52,,55.0,7.5,,,,2.5
Dispur,Assam,26.15,91.77,2022,1,0.5452,-0.0332,-0.4866,116,31.34,28.84,34.34,,55.0,7.5,,,,2.5
Durgapur,West Bengal,23.55,87.32,2022,1,0.2599,0.0559,-0.3329,90,37.38,34.88,40.38,,55.0,7.5,,,,2.5
Bhiwandi,MahÄrÄshtra,19.3,73.0667,2022,1,0.0423,-0.0705,-0.1072,25,42.36,39.86,45.36,,55.0,7.5,,,,2.5
Saharanpur,Uttar Pradesh,29.964,77.546,2022,1,0.1023,0.102,-0.2179,280,38.18,35.68,41.18,,55.0,7.5,,,,2.5
Shiliguri,West Bengal,26.72,88.42,2022,1,0.2095,-0.048,-0.2086,119,31.68,29.18,34.68,,55.0,7.5,,,,2.5
Avadi,Tamil NÄdu,13.1147,80.1098,2022,1,0.2637,0.0742,-0.3308,32,37.94,35.44,40.94,,55.0,7.5,,,,2.5
Salem,Tamil NÄdu,11.65,78.1667,2022,1,0.058,0.0905,-0.1631,285,38.04,35.54,41.04,,55.0,7.5,,,,2.5
Jui,UttarÄkhand,29.67,78.9098,2022,1,0.7855,-0.1791,-0.7195,890,31.79,29.29,34.79,,55.0,7.5,,,,2.5
Amaldu,UttarÄkhand,29.9333,78.5333,2022,1,0.282,0.1049,-0.3506,1406,33.1,30.6,36.1,,55.0,7.5,,,,2.5
Kimsar,Jammu and KashmÄ«r,34.5,74.5333,2022,1,0.6358,-0.0928,-0.6042,3058,19.25,16.75,22.25,,55.0,7.5,,,,2.5
Sinduri,HimÄchal Pradesh,30.7167,77.15,2022,1,0.42,-0.0369,-0.4631,943,33.56,31.060000000000002,36.56,,55.0,7.5,,,,2.5
Gorakhpur,Uttar Pradesh,26.7611,83.3667,2022,1,0.14,0.095,-0.2368,84,36.86,34.36,39.86,,55.0,7.5,,,,2.5
Guntur,Andhra Pradesh,16.3,80.45,2022,1,0.161,0.1014,-0.2076,34,37.7,35.2,40.7,,55.0,7.5,,,,2.5
Karaikandi,Assam,24.8309,92.6143,2022,1,0.6172,-0.2191,-0.517,20,27.78,25.28,30.78,,55.0,7.5,,,,2.5
Mumbai,MahÄrÄshtra,19.0758,72.8775,2022,1,0.0568,0.0004,-0.1372,5,36.04,23.31008064516129,33.2,14.2,64.56397849462365,10.32875,0.001411290322580645,19.07283,72.88261,6.5
Kolkata,West Bengal,22.5675,88.37,2022,1,0.0365,-0.0266,-0.0269,6,34.62,18.926102150537638,30.6,9.0,71.28346774193548,7.722836021505376,0.016223118279569893,22.56263,88.36304,6.5
Delhi,Delhi,28.66,77.23,2022,1,0.2307,0.0337,-0.3013,219,35.07,32.57,38.07,,55.0,7.5,,,,2.5
Chennai,Tamil NÄdu,13.0825,80.275,2022,1,0.0133,0.2946,-0.0521,9,35.88,24.796142473118277,30.5,17.3,74.35887096774194,11.460672043010751,0.02995967741935484,13.08784,80.27847,6.5
Bangalore,KarnÄtaka,12.9791,77.5913,2022,1,0.2703,-0.1114,-0.2434,924,29.77,27.27,32.769999999999996,,55.0,7.5,,,,2.5
Ahmedabad,GujarÄt,23.0219,72.5797,2022,1,0.2926,-0.0502,-0.3266,52,38.65,36.15,41.65,,55.0,7.5,,,,2.5
Pune,MahÄrÄshtra,18.5211,73.8553,2022,1,0.3213,0.0005,-0.3503,554,36.67,34.17,39.67,,55.0,7.5,,,,2.5
Hyderabad,TelangÄna,17.3617,78.4747,2022,1,0.0851,0.0648,-0.1586,508,37.44,21.84111559139785,33.6,10.9,59.34206989247312,8.333333333333334,0.00836021505376344,17.38405,78.45636,6.5
Surat,GujarÄt,21.205,72.84,2022,1,0.166,0.0714,-0.2453,14,38.94,22.131034946236557,35.0,11.6,55.53709677419355,11.153575268817205,0.0017069892473118278,21.19594,72.83023,6.5
Prayagraj,Uttar Pradesh,25.45,81.85,2022,1,0.258,0.0207,-0.3054,95,36.22,33.72,39.22,,55.0,7.5,,,,2.5
Kanpur,GujarÄt,24.285,72.6933,2022,1,0.3179,0.0049,-0.3666,335,44.44,14.61231182795699,27.4,4.1,77.39435483870967,8.008198924731182,0.0314247311827957,26.46523,80.34975,6.5
Kanpur,Uttar Pradesh,26.4725,80.3311,2022,1,0.1018,0.0993,-0.1798,132,37.0,14.61231182795699,27.4,4.1,77.39435483870967,8.008198924731182,0.0314247311827957,26.46523,80.34975,6.5
Belahi,BihÄr,25.7167,86.4,2022,1,0.6245,-0.1905,-0.557,41,33.17,30.67,36.17,,55.0,7.5,,,,2.5
Vadodara,GujarÄt,22.3,73.2,2022,1,0.2167,0.0075,-0.2835,38,38.92,20.783776881720428,33.5,8.6,55.36854838709677,8.284059139784947,0.004986559139784946,22.29941,73.20812,6.5
Nadampalaiyam,Tamil NÄdu,11.1793,77.376,2022,1,0.1439,0.0984,-0.1901,318,35.96,33.46,38.96,,55.0,7.5,,,,2.5
Lucknow,Uttar Pradesh,26.847,80.947,2022,1,0.092,0.0919,-0.1525,115,35.25,14.294059139784947,26.8,3.5,77.76411290322581,8.090174731182795,0.03786290322580645,26.83928,80.92313,6.5
Kannankulam,Kerala,10.4799,76.1131,2022,1,0.1324,-0.0706,-0.0961,13,30.86,28.36,33.86,,55.0,7.5,,,,2.5
Mahuakheraganj,UttarÄkhand,29.13,78.95,2022,1,0.2789,-0.0258,-0.3078,222,33.11,30.61,36.11,,55.0,7.5,,,,2.5
Nagla,UttarÄkhand,29.01,79.51,2022,1,0.3559,0.0569,-0.3822,227,34.76,32.26,37.76,,55.0,7.5,,,,2.5
Jaipur,RÄjasthÄn,26.915,75.82,2022,1,0.4007,-0.0436,-0.4585,441,39.55,14.308373655913979,28.1,2.7,62.82728494623656,8.242083333333333,0.02646505376344086,26.91962,75.78781,6.5
Kottarassheri,Kerala,10.6167,76.5333,2022,1,0.3625,-0.0534,-0.3498,147,28.97,26.47,31.97,,55.0,7.5,,,,2.5
Attadappa,Kerala,11.85,75.4167,2022,1,-0.0762,-0.3977,0.1578,37,27.21,24.71,30.21,,55.0,7.5,,,,2.5
Barmhan Kalan,Madhya Pradesh,23.0333,79.0167,2022,1,0.4203,-0.0282,-0.5021,337,39.07,36.57,42.07,,55.0,7.5,,,,2.5
Gorakhpur,ChhattÄ«sgarh,22.1688,81.6042,2022,1,0.157,0.1067,-0.304,305,41.48,38.98,44.48,,55.0,7.5,,,,2.5
Nagpur,MahÄrÄshtra,21.1497,79.0806,2022,1,0.227,0.0005,-0.2953,318,39.78,20.58133064516129,32.9,8.1,56.8377688172043,7.151948924731183,0.017419354838709676,21.14631,79.08491,6.5
Guwahati,Assam,26.1806,91.7502,2022,1,0.0704,0.1733,-0.0886,57,32.56,17.49366935483871,27.5,8.4,77.26733870967742,6.03396505376344,0.020026881720430108,26.1844,91.7458,6.5
Ghaziabad,Uttar Pradesh,28.6667,77.4167,2022,1,0.2276,0.0254,-0.2609,211,35.4,12.96893817204301,25.4,1.9,77.63467741935484,8.6725,0.047567204301075264,28.66535,77.43915,6.5
Coimbatore,Tamil NÄdu,11.0008,76.9633,2022,1,0.3306,0.0,-0.3285,417,37.04,24.230967741935483,33.6,14.8,62.895161290322584,9.489314516129033,0.02720430107526882,11.00555,76.96612,6.5
Patna,BihÄr,25.61,85.1414,2022,1,0.0906,0.1416,-0.1425,63,34.14,15.802849462365591,26.2,7.1,77.59919354838709,8.116397849462366,0.016922043010752688,25.59408,85.13563,6.5
Rajkot,GujarÄt,22.2969,70.7984,2022,1,0.0973,0.1002,-0.1635,134,40.72,38.22,43.72,,55.0,7.5,,,,2.5
Vishakhapatnam,Andhra Pradesh,17.6939,83.2922,2022,1,0.2776,0.0488,-0.3253,12,32.42,29.92,35.42,,55.0,7.5,,,,2.5
Indore,Madhya Pradesh,22.7186,75.855,2022,1,0.0702,0.1319,-0.1546,553,40.82,17.89548387096774,31.2,6.2,60.325537634408605,8.858575268817205,0.015376344086021506,22.71792,75.8333,6.5
Abhepur,Punjab,30.6667,76.8333,2022,1,0.1438,0.0427,-0.2075,311,36.37,33.87,39.37,,55.0,7.5,,,,2.5
Gumanwala,UttarÄkhand,29.9333,77.9,2022,1,0.2107,0.0986,-0.3123,277,33.1,30.6,36.1,,55.0,7.5,,,,2.5
Thane,MahÄrÄshtra,19.18,72.9633,2022,1,0.4285,-0.2108,-0.4635,14,34.82,23.57021505376344,35.8,11.6,59.83736559139785,7.8694758064516135,0.001532258064516129,19.19704,72.96355,6.5
Bhopal,Madhya Pradesh,23.25,77.4167,2022,1,0.0744,0.0924,-0.1409,512,38.41,17.14024193548387,31.1,6.5,64.91505376344087,8.670887096774194,0.028830645161290323,23.25469,77.40289,6.5
Agra,Uttar Pradesh,27.18,78.02,2022,1,0.212,0.1039,-0.3608,184,37.3,13.721250000000001,26.7,3.0,77.71774193548387,7.740376344086021,0.04491935483870967,27.18333,78.01667,6.5
Peyanvilai,Tamil NÄdu,8.5674,78.1046,2022,1,0.2404,0.0148,-0.295,8,36.07,33.57,39.07,,55.0,7.5,,,,2.5
Pimpri-Chinchwad,MahÄrÄshtra,18.6278,73.8131,2022,1,0.5824,-0.2184,-0.5706,584,37.74,20.824341397849462,33.2,8.2,59.30846774193548,6.219892473118279,0.003306451612903226,18.61867,73.80375,6.5
Harbatpur,UttarÄkhand,30.45,77.73,2022,1,0.1635,0.0368,-0.1707,445,34.09,31.590000000000003,37.09,,55.0,7.5,,,,2.5
Saundhonwali,UttarÄkhand,30.3331,77.9608,2022,1,0.0656,0.0691,-0.1212,612,33.85,31.35,36.85,,55.0,7.5,,,,2.5
Ludhiana,Punjab,30.9083,75.8486,2022,1,0.2848,-0.0149,-0.3691,243,37.77,11.398319892473118,22.2,1.5,82.76639784946236,7.204583333333333,0.07833333333333332,30.91204,75.85379,6.5
Meerut,Uttar Pradesh,28.98,77.7064,2022,1,0.0851,0.0968,-0.1816,228,35.38,32.88,38.38,,55.0,7.5,,,,2.5
Madurai,Tamil NÄdu,9.9197,78.1194,2022,1,0.1253,0.2887,-0.2576,141,38.68,25.47190860215054,35.2,15.1,66.73131720430108,9.643709677419354,0.034784946236559144,9.919,78.11953,6.5
Nasik,MahÄrÄshtra,20.0,73.7833,2022,1,0.1004,0.0819,-0.1403,588,38.66,36.16,41.66,,55.0,7.5,,,,2.5
Faridabad,HaryÄna,28.4167,77.3,2022,1,0.2611,0.0339,-0.321,208,35.34,13.339932795698925,25.6,2.8,75.75255376344086,8.802217741935484,0.0397983870967742,28.41124,77.31316,6.5
Madarpur,BihÄr,26.227,84.6746,2022,1,0.1567,0.0675,-0.1979,69,35.79,33.29,38.79,,55.0,7.5,,,,2.5
Najafgarh,Delhi,28.6125,76.9847,2022,1,0.0635,0.1247,-0.1779,220,36.97,34.47,39.97,,55.0,7.5,,,,2.5
Jabalpur,Madhya Pradesh,23.1667,79.9333,2022,1,0.1054,0.0893,-0.2018,399,40.34,17.15013440860215,30.9,5.1,65.45712365591397,7.502379032258064,0.023911290322580644,23.16697,79.95006,6.5
Madanpur,UttarÄkhand,29.326,79.1537,2022,1,0.1942,0.0624,-0.2824,315,32.7,30.200000000000003,35.7,,55.0,7.5,,,,2.5
Kamalwaganja Gaur,UttarÄkhand,29.2117,79.4654,2022,1,0.4013,0.0635,-0.4389,383,34.85,32.35,37.85,,55.0,7.5,,,,2.5
Kalyan,MahÄrÄshtra,19.25,73.15,2022,1,0.1566,0.0462,-0.2162,10,37.76,35.26,40.76,,55.0,7.5,,,,2.5
Asansol,West Bengal,23.6833,86.9667,2022,1,0.1401,0.1123,-0.2087,125,36.31,33.81,39.31,,55.0,7.5,,,,2.5
Vijayawada,Andhra Pradesh,16.5167,80.6167,2022,1,0.0108,-0.0052,0.0149,27,34.34,24.579395161290325,34.7,14.9,70.73521505376344,6.980873655913978,0.01424731182795699,16.50745,80.6466,6.5
Vasai-Virar,MahÄrÄshtra,19.47,72.8,2022,1,0.1272,0.0494,-0.1923,0,36.11,33.61,39.11,,55.0,7.5,,,,2.5
Varanasi,Uttar Pradesh,25.3189,83.0128,2022,1,0.1704,0.0781,-0.2426,78,36.61,15.528897849462366,27.6,5.5,76.55483870967743,7.823266129032258,0.029704301075268818,25.31668,83.01041,6.5
Kalleli,Kerala,9.2,76.8833,2022,1,0.5288,-0.3444,-0.4392,133,28.89,26.39,31.89,,55.0,7.5,,,,2.5
Srinagar,Jammu and KashmÄ«r,34.0911,74.8061,2022,1,0.1479,0.1686,-0.1839,1595,33.36,-1.7122043010752688,14.3,-16.6,66.40900537634408,4.477352150537635,0.19651881720430106,34.08565,74.80555,6.5
Aurangabad,MahÄrÄshtra,19.88,75.32,2022,1,0.2257,0.0249,-0.2978,564,42.11,21.19081989247312,32.6,9.8,52.36438172043011,8.416451612903225,0.0035080645161290323,19.87757,75.34226,6.5
Dhanbad,JhÄrkhand,23.7928,86.435,2022,1,0.4271,-0.0095,-0.4638,245,34.35,17.05918010752688,30.5,6.0,67.77190860215053,7.728736559139786,0.01907258064516129,23.79759,86.42992,6.5
Amritsar,Punjab,31.6269,74.877,2022,1,0.054,0.0772,-0.1449,234,39.61,11.167325268817203,21.6,0.7,81.14543010752688,6.424623655913978,0.07563172043010753,31.62234,74.87534,6.5
Haora,West Bengal,22.58,88.3294,2022,1,-0.1588,0.0366,0.2012,12,34.1,31.6,37.1,,55.0,7.5,,,,2.5
Ranchi,JhÄrkhand,23.3556,85.3347,2022,1,0.54,-0.1314,-0.5213,643,35.81,15.78606182795699,27.8,5.8,64.33212365591397,8.793723118279571,0.016209677419354838,23.34316,85.3094,6.5
Gwalior,Madhya Pradesh,26.2125,78.1775,2022,1,0.0966,0.1141,-0.1694,215,39.83,14.731962365591398,28.8,4.4,72.68924731182796,7.504677419354839,0.04174731182795699,26.22983,78.17337,6.5
Jodhpur,RÄjasthÄn,26.2944,73.0278,2022,1,0.1238,0.0493,-0.1878,251,40.74,16.466290322580644,29.5,4.3,51.160483870967745,10.243172043010752,0.007930107526881721,26.26841,73.00594,6.5
Chandigarh,ChandÄ«garh,30.7364,76.7883,2022,1,0.3881,-0.0467,-0.4038,349,35.09,12.27198924731183,23.4,3.0,74.95833333333333,8.758077956989247,0.08446236559139784,30.73629,76.7884,6.5
Raipur,ChhattÄ«sgarh,21.2379,81.6337,2022,1,0.0784,0.0946,-0.1436,309,37.74,19.693870967741933,32.1,7.6,60.54744623655914,6.05239247311828,0.011868279569892472,21.23333,81.63333,6.5
Warangal,TelangÄna,17.9756,79.6011,2022,1,0.0441,0.1292,-0.1188,269,38.13,35.63,41.13,,55.0,7.5,,,,2.5
Kota,RÄjasthÄn,25.18,75.83,2022,1,0.0915,0.0763,-0.1598,230,39.6,16.201424731182797,30.9,4.0,65.39583333333333,6.7313575268817205,0.034408602150537634,25.18254,75.83907,6.5
Bareilly,Uttar Pradesh,28.364,79.415,2022,1,0.0848,0.1148,-0.1549,180,34.82,13.398158602150538,26.2,2.7,79.68387096774194,8.500013440860215,0.04321236559139785,28.36678,79.43167,6.5
Solapur,MahÄrÄshtra,17.6703,75.9011,2022,1,0.1655,0.106,-0.2405,474,38.17,24.536250000000003,34.5,13.1,44.965860215053766,10.911586021505377,0.0020161290322580645,17.67152,75.91044,6.5
Hubli,KarnÄtaka,15.3108,75.0925,2022,1,0.1896,0.0467,-0.1554,618,31.79,29.29,34.79,,55.0,7.5,,,,2.5
Mysore,KarnÄtaka,12.3086,76.6531,2022,1,0.0145,0.1393,-0.0745,747,32.32,29.82,35.32,,55.0,7.5,,,,2.5
Trichinopoly,Tamil NÄdu,10.8269,78.6928,2022,1,0.2125,-0.0343,-0.2473,74,36.88,34.38,39.88,,55.0,7.5,,,,2.5
Moradabad,Uttar Pradesh,28.8389,78.7769,2022,1,0.1294,0.1082,-0.1746,205,35.03,32.53,38.03,,55.0,7.5,,,,2.5
Tiruppur,Tamil NÄdu,11.1075,77.3398,2022,1,0.4491,-0.0895,-0.4411,305,37.61,25.208333333333332,35.5,15.6,62.428360215053765,7.9706048387096775,0.022473118279569892,11.11541,77.35456,6.5
Jamnagar,GujarÄt,22.47,70.07,2022,1,0.1675,0.0289,-0.2191,21,39.01,36.51,42.01,,55.0,7.5,,,,2.5
Gurgaon,HaryÄna,28.4667,77.0333,2022,1,0.2152,0.0316,-0.3121,224,35.87,33.37,38.87,,55.0,7.5,,,,2.5
Aligarh,Uttar Pradesh,27.88,78.08,2022,1,0.2112,0.0139,-0.2707,190,36.44,13.301666666666666,25.8,2.9,77.90201612903226,8.30231182795699,0.043857526881720434,27.88145,78.07464,6.5
Jalandhar,Punjab,31.3256,75.5792,2022,1,0.0995,0.1118,-0.1766,242,39.23,36.73,42.23,,55.0,7.5,,,,2.5
Bhubaneshwar,Odisha,20.295,85.825,2022,1,0.1292,0.0212,-0.1917,47,35.09,32.59,38.09,,55.0,7.5,,,,2.5
Bhayandar,MahÄrÄshtra,19.3,72.85,2022,1,0.1865,0.0627,-0.2393,9,34.82,32.32,37.82,,55.0,7.5,,,,2.5
Narela,Delhi,28.85,77.1,2022,1,0.4917,-0.1392,-0.5445,212,35.04,32.54,38.04,,55.0,7.5,,,,2.5
Shishgarh,Uttar Pradesh,28.72,79.32,2022,1,0.2873,0.0442,-0.3583,181,32.55,30.049999999999997,35.55,,55.0,7.5,,,,2.5
Thiruvananthapuram,Kerala,8.4875,76.9525,2022,1,-0.0329,0.0536,0.0171,15,31.94,29.44,34.94,,55.0,7.5,,,,2.5
Dispur,Assam,26.15,91.77,2022,1,0.6013,-0.0843,-0.5158,116,35.51,33.01,38.51,,55.0,7.5,,,,2.5
Durgapur,West Bengal,23.55,87.32,2022,1,0.3308,0.0109,-0.3512,90,33.11,30.61,36.11,,55.0,7.5,,,,2.5
Bhiwandi,MahÄrÄshtra,19.3,73.0667,2022,1,0.0217,-0.1313,-0.068,25,39.52,37.02,42.52,,55.0,7.5,,,,2.5
Saharanpur,Uttar Pradesh,29.964,77.546,2022,1,0.0943,0.0999,-0.1511,280,35.11,32.61,38.11,,55.0,7.5,,,,2.5
Shiliguri,West Bengal,26.72,88.42,2022,1,0.1634,-0.0083,-0.1818,119,35.85,33.35,38.85,,55.0,7.5,,,,2.5
Avadi,Tamil NÄdu,13.1147,80.1098,2022,1,0.2807,0.0232,-0.3323,32,35.63,33.13,38.63,,55.0,7.5,,,,2.5
Salem,Tamil NÄdu,11.65,78.1667,2022,1,0.0358,0.0424,-0.1282,285,36.07,33.57,39.07,,55.0,7.5,,,,2.5
Jui,UttarÄkhand,29.67,78.9098,2022,1,0.7684,-0.1959,-0.7161,890,28.97,26.47,31.97,,55.0,7.5,,,,2.5
Amaldu,UttarÄkhand,29.9333,78.5333,2022,1,0.2545,0.1093,-0.3176,1406,29.16,26.66,32.16,,55.0,7.5,,,,2.5
Kimsar,Jammu and KashmÄ«r,34.5,74.5333,2022,1,0.6147,-0.1209,-0.5707,3058,18.83,16.33,21.83,,55.0,7.5,,,,2.5
Sinduri,HimÄchal Pradesh,30.7167,77.15,2022,1,0.4265,-0.0372,-0.443,943,29.86,27.36,32.86,,55.0,7.5,,,,2.5
Gorakhpur,Uttar Pradesh,26.7611,83.3667,2022,1,0.1127,0.0849,-0.172,84,36.09,33.59,39.09,,55.0,7.5,,,,2.5
Guntur,Andhra Pradesh,16.3,80.45,2022,1,-0.0269,-0.0687,0.0601,34,37.25,34.75,40.25,,55.0,7.5,,,,2.5
Karaikandi,Assam,24.8309,92.6143,2022,1,0.5977,-0.2212,-0.4817,20,29.55,27.05,32.55,,55.0,7.5,,,,2.5
Mumbai,MahÄrÄshtra,19.0758,72.8775,2022,1,0.0321,-0.1596,0.0572,5,38.39,23.31008064516129,33.2,14.2,64.56397849462365,10.32875,0.001411290322580645,19.07283,72.88261,6.5
Kolkata,West Bengal,22.5675,88.37,2022,1,-0.1073,0.054,0.0307,6,36.2,18.926102150537638,30.6,9.0,71.28346774193548,7.722836021505376,0.016223118279569893,22.56263,88.36304,6.5
Delhi,Delhi,28.66,77.23,2022,1,0.1701,-0.0075,-0.2651,219,38.15,35.65,41.15,,55.0,7.5,,,,2.5
Chennai,Tamil NÄdu,13.0825,80.275,2022,1,0.048,0.2023,-0.0749,9,36.82,24.796142473118277,30.5,17.3,74.35887096774194,11.460672043010751,0.02995967741935484,13.08784,80.27847,6.5
Bangalore,KarnÄtaka,12.9791,77.5913,2022,1,0.3883,-0.1248,-0.3628,924,30.61,28.11,33.61,,55.0,7.5,,,,2.5
Ahmedabad,GujarÄt,23.0219,72.5797,2022,1,0.3214,-0.0264,-0.3264,52,36.97,34.47,39.97,,55.0,7.5,,,,2.5
Pune,MahÄrÄshtra,18.5211,73.8553,2022,1,-0.0208,0.0283,0.0164,554,33.9,31.4,36.9,,55.0,7.5,,,,2.5
Hyderabad,TelangÄna,17.3617,78.4747,2022,1,0.0785,0.0614,-0.182,508,36.91,21.84111559139785,33.6,10.9,59.34206989247312,8.333333333333334,0.00836021505376344,17.38405,78.45636,6.5
Surat,GujarÄt,21.205,72.84,2022,1,0.0696,-0.0348,-0.0524,14,37.15,22.131034946236557,35.0,11.6,55.53709677419355,11.153575268817205,0.0017069892473118278,21.19594,72.83023,6.5
Prayagraj,Uttar Pradesh,25.45,81.85,2022,1,0.2973,0.0068,-0.365,95,37.51,35.01,40.51,,55.0,7.5,,,,2.5
Kanpur,GujarÄt,24.285,72.6933,2022,1,0.3452,-0.016,-0.4033,335,40.26,14.61231182795699,27.4,4.1,77.39435483870967,8.008198924731182,0.0314247311827957,26.46523,80.34975,6.5
Kanpur,Uttar Pradesh,26.4725,80.3311,2022,1,0.0878,0.055,-0.1191,132,39.61,14.61231182795699,27.4,4.1,77.39435483870967,8.008198924731182,0.0314247311827957,26.46523,80.34975,6.5
Belahi,BihÄr,25.7167,86.4,2022,1,0.4107,-0.0719,-0.3808,41,35.71,33.21,38.71,,55.0,7.5,,,,2.5
Vadodara,GujarÄt,22.3,73.2,2022,1,0.1461,0.025,-0.1803,38,36.29,20.783776881720428,33.5,8.6,55.36854838709677,8.284059139784947,0.004986559139784946,22.29941,73.20812,6.5
Nadampalaiyam,Tamil NÄdu,11.1793,77.376,2022,1,0.1417,0.0241,-0.1793,318,35.84,33.34,38.84,,55.0,7.5,,,,2.5
Lucknow,Uttar Pradesh,26.847,80.947,2022,1,0.0819,0.1072,-0.1417,115,37.36,14.294059139784947,26.8,3.5,77.76411290322581,8.090174731182795,0.03786290322580645,26.83928,80.92313,6.5
Kannankulam,Kerala,10.4799,76.1131,2022,1,0.0861,-0.3412,-0.0194,13,29.28,26.78,32.28,,55.0,7.5,,,,2.5
Mahuakheraganj,UttarÄkhand,29.13,78.95,2022,1,0.3362,-0.0599,-0.3366,222,34.33,31.83,37.33,,55.0,7.5,,,,2.5
Nagla,UttarÄkhand,29.01,79.51,2022,1,0.3199,0.0525,-0.3685,227,35.93,33.43,38.93,,55.0,7.5,,,,2.5
Jaipur,RÄjasthÄn,26.915,75.82,2022,1,0.377,-0.0658,-0.3611,441,38.31,14.308373655913979,28.1,2.7,62.82728494623656,8.242083333333333,0.02646505376344086,26.91962,75.78781,6.5
Attadappa,Kerala,11.85,75.4167,2022,1,0.3074,-0.1746,-0.2542,37,28.49,25.99,31.49,,55.0,7.5,,,,2.5
Barmhan Kalan,Madhya Pradesh,23.0333,79.0167,2022,1,0.4548,-0.0455,-0.51,337,38.38,35.88,41.38,,55.0,7.5,,,,2.5
Gorakhpur,ChhattÄ«sgarh,22.1688,81.6042,2022,1,0.1524,0.1129,-0.2947,305,45.48,42.98,48.48,,55.0,7.5,,,,2.5
Nagpur,MahÄrÄshtra,21.1497,79.0806,2022,1,0.2507,-0.0334,-0.3098,318,39.61,20.58133064516129,32.9,8.1,56.8377688172043,7.151948924731183,0.017419354838709676,21.14631,79.08491,6.5
Ghaziabad,Uttar Pradesh,28.6667,77.4167,2022,1,0.2044,-0.0187,-0.227,211,36.91,12.96893817204301,25.4,1.9,77.63467741935484,8.6725,0.047567204301075264,28.66535,77.43915,6.5
Coimbatore,Tamil NÄdu,11.0008,76.9633,2022,1,0.2992,0.0521,-0.3166,417,35.7,24.230967741935483,33.6,14.8,62.895161290322584,9.489314516129033,0.02720430107526882,11.00555,76.96612,6.5
Patna,BihÄr,25.61,85.1414,2022,1,-0.0392,0.1166,-0.0561,63,35.44,15.802849462365591,26.2,7.1,77.59919354838709,8.116397849462366,0.016922043010752688,25.59408,85.13563,6.5
Rajkot,GujarÄt,22.2969,70.7984,2022,1,0.0716,-0.0037,-0.0498,134,34.68,32.18,37.68,,55.0,7.5,,,,2.5
Indore,Madhya Pradesh,22.7186,75.855,2022,1,0.0565,0.1687,-0.1611,553,38.22,17.89548387096774,31.2,6.2,60.325537634408605,8.858575268817205,0.015376344086021506,22.71792,75.8333,6.5
Abhepur,Punjab,30.6667,76.8333,2022,1,0.1455,0.0157,-0.2277,311,40.12,37.62,43.12,,55.0,7.5,,,,2.5
Gumanwala,UttarÄkhand,29.9333,77.9,2022,1,0.3204,0.0036,-0.3934,277,34.55,32.05,37.55,,55.0,7.5,,,,2.5
Thane,MahÄrÄshtra,19.18,72.9633,2022,1,-0.0512,-0.1637,0.0604,14,35.59,23.57021505376344,35.8,11.6,59.83736559139785,7.8694758064516135,0.001532258064516129,19.19704,72.96355,6.5
Bhopal,Madhya Pradesh,23.25,77.4167,2022,1,0.0687,0.0614,-0.1021,512,35.53,17.14024193548387,31.1,6.5,64.91505376344087,8.670887096774194,0.028830645161290323,23.25469,77.40289,6.5
Agra,Uttar Pradesh,27.18,78.02,2022,1,0.1828,0.0816,-0.3058,184,39.18,13.721250000000001,26.7,3.0,77.71774193548387,7.740376344086021,0.04491935483870967,27.18333,78.01667,6.5
Peyanvilai,Tamil NÄdu,8.5674,78.1046,2022,1,0.1451,0.0592,-0.205,8,37.99,35.49,40.99,,55.0,7.5,,,,2.5
Pimpri-Chinchwad,MahÄrÄshtra,18.6278,73.8131,2022,1,0.6032,-0.2763,-0.5515,584,35.69,20.824341397849462,33.2,8.2,59.30846774193548,6.219892473118279,0.003306451612903226,18.61867,73.80375,6.5
Harbatpur,UttarÄkhand,30.45,77.73,2022,1,0.2393,0.0657,-0.3085,445,37.24,34.74,40.24,,55.0,7.5,,,,2.5
Saundhonwali,UttarÄkhand,30.3331,77.9608,2022,1,0.0569,0.0574,-0.1179,612,36.61,34.11,39.61,,55.0,7.5,,,,2.5
Ludhiana,Punjab,30.9083,75.8486,2022,1,0.3086,-0.0263,-0.3406,243,38.76,11.398319892473118,22.2,1.5,82.76639784946236,7.204583333333333,0.07833333333333332,30.91204,75.85379,6.5
Meerut,Uttar Pradesh,28.98,77.7064,2022,1,0.1004,0.0704,-0.1827,228,38.82,36.32,41.82,,55.0,7.5,,,,2.5
Madurai,Tamil NÄdu,9.9197,78.1194,2022,1,0.1403,0.2703,-0.3356,141,38.37,25.47190860215054,35.2,15.1,66.73131720430108,9.643709677419354,0.034784946236559144,9.919,78.11953,6.5
Nasik,MahÄrÄshtra,20.0,73.7833,2022,1,0.0765,0.0979,-0.1469,588,35.6,33.1,38.6,,55.0,7.5,,,,2.5
Faridabad,HaryÄna,28.4167,77.3,2022,1,0.2336,-0.018,-0.267,208,37.46,13.339932795698925,25.6,2.8,75.75255376344086,8.802217741935484,0.0397983870967742,28.41124,77.31316,6.5
Madarpur,BihÄr,26.227,84.6746,2022,1,0.0845,0.0539,-0.1001,69,36.78,34.28,39.78,,55.0,7.5,,,,2.5
Najafgarh,Delhi,28.6125,76.9847,2022,1,0.0686,0.0993,-0.1205,220,38.99,36.49,41.99,,55.0,7.5,,,,2.5
Jabalpur,Madhya Pradesh,23.1667,79.9333,2022,1,0.0467,0.0643,-0.1209,399,43.41,17.15013440860215,30.9,5.1,65.45712365591397,7.502379032258064,0.023911290322580644,23.16697,79.95006,6.5
Madanpur,UttarÄkhand,29.326,79.1537,2022,1,0.2685,0.0006,-0.3155,315,35.06,32.56,38.06,,55.0,7.5,,,,2.5
Kamalwaganja Gaur,UttarÄkhand,29.2117,79.4654,2022,1,0.3543,0.0294,-0.4169,383,37.08,34.58,40.08,,55.0,7.5,,,,2.5
Kalyan,MahÄrÄshtra,19.25,73.15,2022,1,-0.0224,-0.1005,0.0519,10,38.65,36.15,41.65,,55.0,7.5,,,,2.5
Asansol,West Bengal,23.6833,86.9667,2022,1,0.1874,0.0959,-0.2266,125,35.49,32.99,38.49,,55.0,7.5,,,,2.5
Vijayawada,Andhra Pradesh,16.5167,80.6167,2022,1,0.304,-0.0708,-0.2406,27,37.33,24.579395161290325,34.7,14.9,70.73521505376344,6.980873655913978,0.01424731182795699,16.50745,80.6466,6.5
Vasai-Virar,MahÄrÄshtra,19.47,72.8,2022,1,0.1601,-0.1522,-0.0613,0,35.64,33.14,38.64,,55.0,7.5,,,,2.5
Varanasi,Uttar Pradesh,25.3189,83.0128,2022,1,0.128,0.0923,-0.1945,78,37.09,15.528897849462366,27.6,5.5,76.55483870967743,7.823266129032258,0.029704301075268818,25.31668,83.01041,6.5
Kalleli,Kerala,9.2,76.8833,2022,1,0.0007,-0.0949,-0.0447,133,32.75,30.25,35.75,,55.0,7.5,,,,2.5
Srinagar,Jammu and KashmÄ«r,34.0911,74.8061,2022,1,0.133,0.16,-0.1823,1595,35.43,-1.7122043010752688,14.3,-16.6,66.40900537634408,4.477352150537635,0.19651881720430106,34.08565,74.80555,6.5
Aurangabad,MahÄrÄshtra,19.88,75.32,2022,1,0.248,0.0235,-0.3252,564,36.63,21.19081989247312,32.6,9.8,52.36438172043011,8.416451612903225,0.0035080645161290323,19.87757,75.34226,6.5
Dhanbad,JhÄrkhand,23.7928,86.435,2022,1,0.3849,-0.0262,-0.4179,245,35.56,17.05918010752688,30.5,6.0,67.77190860215053,7.728736559139786,0.01907258064516129,23.79759,86.42992,6.5
Amritsar,Punjab,31.6269,74.877,2022,1,0.0639,0.0605,-0.1441,234,40.05,11.167325268817203,21.6,0.7,81.14543010752688,6.424623655913978,0.07563172043010753,31.62234,74.87534,6.5
Ranchi,JhÄrkhand,23.3556,85.3347,2022,1,0.5625,-0.1315,-0.5536,643,35.44,15.78606182795699,27.8,5.8,64.33212365591397,8.793723118279571,0.016209677419354838,23.34316,85.3094,6.5
Gwalior,Madhya Pradesh,26.2125,78.1775,2022,1,0.0746,0.1396,-0.1882,215,39.86,14.731962365591398,28.8,4.4,72.68924731182796,7.504677419354839,0.04174731182795699,26.22983,78.17337,6.5
Jodhpur,RÄjasthÄn,26.2944,73.0278,2022,1,0.1253,0.0599,-0.1888,251,39.76,16.466290322580644,29.5,4.3,51.160483870967745,10.243172043010752,0.007930107526881721,26.26841,73.00594,6.5
Chandigarh,ChandÄ«garh,30.7364,76.7883,2022,1,0.3762,-0.0355,-0.4074,349,37.93,12.27198924731183,23.4,3.0,74.95833333333333,8.758077956989247,0.08446236559139784,30.73629,76.7884,6.5
Raipur,ChhattÄ«sgarh,21.2379,81.6337,2022,1,0.037,0.0704,-0.1316,309,38.85,19.693870967741933,32.1,7.6,60.54744623655914,6.05239247311828,0.011868279569892472,21.23333,81.63333,6.5
Warangal,TelangÄna,17.9756,79.6011,2022,1,0.0477,0.1372,-0.0674,269,37.51,35.01,40.51,,55.0,7.5,,,,2.5
Kota,RÄjasthÄn,25.18,75.83,2022,1,0.071,0.0047,-0.1381,230,36.59,16.201424731182797,30.9,4.0,65.39583333333333,6.7313575268817205,0.034408602150537634,25.18254,75.83907,6.5
Bareilly,Uttar Pradesh,28.364,79.415,2022,1,0.087,0.1429,-0.1825,180,38.98,13.398158602150538,26.2,2.7,79.68387096774194,8.500013440860215,0.04321236559139785,28.36678,79.43167,6.5
Solapur,MahÄrÄshtra,17.6703,75.9011,2022,1,0.1431,0.0786,-0.2018,474,36.27,24.536250000000003,34.5,13.1,44.965860215053766,10.911586021505377,0.0020161290322580645,17.67152,75.91044,6.5
Hubli,KarnÄtaka,15.3108,75.0925,2022,1,0.0338,-0.1729,-0.0231,618,27.85,25.35,30.85,,55.0,7.5,,,,2.5
Mysore,KarnÄtaka,12.3086,76.6531,2022,1,0.0313,0.023,-0.0647,747,30.17,27.67,33.17,,55.0,7.5,,,,2.5
Trichinopoly,Tamil NÄdu,10.8269,78.6928,2022,1,0.2695,-0.0141,-0.2875,74,35.4,32.9,38.4,,55.0,7.5,,,,2.5
Moradabad,Uttar Pradesh,28.8389,78.7769,2022,1,0.138,0.0653,-0.2064,205,37.76,35.26,40.76,,55.0,7.5,,,,2.5
Tiruppur,Tamil NÄdu,11.1075,77.3398,2022,1,0.4507,-0.0952,-0.4205,305,37.06,25.208333333333332,35.5,15.6,62.428360215053765,7.9706048387096775,0.022473118279569892,11.11541,77.35456,6.5
Jamnagar,GujarÄt,22.47,70.07,2022,1,0.1395,0.0274,-0.1604,21,36.24,33.74,39.24,,55.0,7.5,,,,2.5
Gurgaon,HaryÄna,28.4667,77.0333,2022,1,0.226,-0.0237,-0.28,224,37.32,34.82,40.32,,55.0,7.5,,,,2.5
Aligarh,Uttar Pradesh,27.88,78.08,2022,1,0.1873,-0.0158,-0.2368,190,39.82,13.301666666666666,25.8,2.9,77.90201612903226,8.30231182795699,0.043857526881720434,27.88145,78.07464,6.5
Jalandhar,Punjab,31.3256,75.5792,2022,1,0.0899,0.1035,-0.1939,242,39.21,36.71,42.21,,55.0,7.5,,,,2.5
Bhubaneshwar,Odisha,20.295,85.825,2022,1,0.0496,0.0034,-0.0871,47,34.57,32.07,37.57,,55.0,7.5,,,,2.5
Bhayandar,MahÄrÄshtra,19.3,72.85,2022,1,0.2326,0.1072,-0.2291,9,36.15,33.65,39.15,,55.0,7.5,,,,2.5
Narela,Delhi,28.85,77.1,2022,1,0.457,-0.2431,-0.4691,212,37.94,35.44,40.94,,55.0,7.5,,,,2.5
Shishgarh,Uttar Pradesh,28.72,79.32,2022,1,0.6227,-0.1526,-0.5756,181,34.16,31.659999999999997,37.16,,55.0,7.5,,,,2.5
Thiruvananthapuram,Kerala,8.4875,76.9525,2022,1,0.1106,0.0999,-0.1439,15,30.17,27.67,33.17,,55.0,7.5,,,,2.5
Durgapur,West Bengal,23.55,87.32,2022,1,0.0972,-0.1269,-0.0016,90,30.81,28.31,33.81,,55.0,7.5,,,,2.5
Bhiwandi,MahÄrÄshtra,19.3,73.0667,2022,1,0.0833,-0.0958,-0.1009,25,39.97,37.47,42.97,,55.0,7.5,,,,2.5
Saharanpur,Uttar Pradesh,29.964,77.546,2022,1,0.0905,0.0577,-0.1748,280,38.22,35.72,41.22,,55.0,7.5,,,,2.5
Avadi,Tamil NÄdu,13.1147,80.1098,2022,1,0.2838,0.0218,-0.3085,32,37.18,34.68,40.18,,55.0,7.5,,,,2.5
Salem,Tamil NÄdu,11.65,78.1667,2022,1,0.0564,0.0749,-0.1757,285,36.71,34.21,39.71,,55.0,7.5,,,,2.5
Jui,UttarÄkhand,29.67,78.9098,2022,1,0.7739,-0.2475,-0.7221,890,30.65,28.15,33.65,,55.0,7.5,,,,2.5
Amaldu,UttarÄkhand,29.9333,78.5333,2022,1,0.3459,0.0402,-0.3579,1406,32.5,30.0,35.5,,55.0,7.5,,,,2.5
Kimsar,Jammu and KashmÄ«r,34.5,74.5333,2022,1,0.5682,-0.0843,-0.5187,3058,20.42,17.92,23.42,,55.0,7.5,,,,2.5
Sinduri,HimÄchal Pradesh,30.7167,77.15,2022,1,0.3845,-0.0286,-0.4298,943,32.73,30.229999999999997,35.73,,55.0,7.5,,,,2.5
Gorakhpur,Uttar Pradesh,26.7611,83.3667,2022,1,0.0778,0.1135,-0.137,84,35.28,32.78,38.28,,55.0,7.5,,,,2.5
Guntur,Andhra Pradesh,16.3,80.45,2022,1,0.0717,0.1634,-0.1049,34,41.14,38.64,44.14,,55.0,7.5,,,,2.5
Kolkata,West Bengal,22.5675,88.37,2022,1,0.0883,-0.1052,-0.0448,6,28.6,18.926102150537638,30.6,9.0,71.28346774193548,7.722836021505376,0.016223118279569893,22.56263,88.36304,6.5
Delhi,Delhi,28.66,77.23,2022,1,0.1443,0.0388,-0.2365,219,35.66,33.16,38.66,,55.0,7.5,,,,2.5
Chennai,Tamil NÄdu,13.0825,80.275,2022,1,0.0568,0.3103,-0.0908,9,36.93,24.796142473118277,30.5,17.3,74.35887096774194,11.460672043010751,0.02995967741935484,13.08784,80.27847,6.5
Surat,GujarÄt,21.205,72.84,2022,1,-0.0789,-0.1558,0.1114,14,28.93,22.131034946236557,35.0,11.6,55.53709677419355,11.153575268817205,0.0017069892473118278,21.19594,72.83023,6.5
Prayagraj,Uttar Pradesh,25.45,81.85,2022,1,0.462,0.0286,-0.462,95,37.09,34.59,40.09,,55.0,7.5,,,,2.5
Kanpur,Uttar Pradesh,26.4725,80.3311,2022,1,0.0386,0.1031,-0.0961,132,37.78,14.61231182795699,27.4,4.1,77.39435483870967,8.008198924731182,0.0314247311827957,26.46523,80.34975,6.5
Belahi,BihÄr,25.7167,86.4,2022,1,0.1238,-0.105,-0.0744,41,34.51,32.01,37.51,,55.0,7.5,,,,2.5
Vadodara,GujarÄt,22.3,73.2,2022,1,-0.0346,-0.0598,0.0586,38,26.63,20.783776881720428,33.5,8.6,55.36854838709677,8.284059139784947,0.004986559139784946,22.29941,73.20812,5.846223118279571
Lucknow,Uttar Pradesh,26.847,80.947,2022,1,-0.0444,-0.063,0.0738,115,38.64,14.294059139784947,26.8,3.5,77.76411290322581,8.090174731182795,0.03786290322580645,26.83928,80.92313,6.5
Mahuakheraganj,UttarÄkhand,29.13,78.95,2022,1,0.1549,-0.1385,-0.1519,222,34.55,32.05,37.55,,55.0,7.5,,,,2.5
Nagla,UttarÄkhand,29.01,79.51,2022,1,0.5026,-0.006,-0.4699,227,33.69,31.189999999999998,36.69,,55.0,7.5,,,,2.5
Jaipur,RÄjasthÄn,26.915,75.82,2022,1,0.8572,-0.2322,-0.792,441,37.13,14.308373655913979,28.1,2.7,62.82728494623656,8.242083333333333,0.02646505376344086,26.91962,75.78781,6.5
Attadappa,Kerala,11.85,75.4167,2022,1,0.5151,-0.2793,-0.4531,37,29.3,26.8,32.3,,55.0,7.5,,,,2.5
Gorakhpur,ChhattÄ«sgarh,22.1688,81.6042,2022,1,0.1229,-0.0479,-0.0807,305,33.17,30.67,36.17,,55.0,7.5,,,,2.5
Nagpur,MahÄrÄshtra,21.1497,79.0806,2022,1,0.0155,-0.062,0.0172,318,33.03,20.58133064516129,32.9,8.1,56.8377688172043,7.151948924731183,0.017419354838709676,21.14631,79.08491,6.5
Guwahati,Assam,26.1806,91.7502,2022,1,0.0512,0.0964,-0.0588,57,33.61,17.49366935483871,27.5,8.4,77.26733870967742,6.03396505376344,0.020026881720430108,26.1844,91.7458,6.5
Ghaziabad,Uttar Pradesh,28.6667,77.4167,2022,1,0.169,-0.001,-0.1439,211,35.79,12.96893817204301,25.4,1.9,77.63467741935484,8.6725,0.047567204301075264,28.66535,77.43915,6.5
Patna,BihÄr,25.61,85.1414,2022,1,0.0271,0.108,-0.0683,63,37.09,15.802849462365591,26.2,7.1,77.59919354838709,8.116397849462366,0.016922043010752688,25.59408,85.13563,6.5
Vishakhapatnam,Andhra Pradesh,17.6939,83.2922,2022,1,-0.0064,-0.4129,0.0599,12,32.76,30.259999999999998,35.76,,55.0,7.5,,,,2.5
Abhepur,Punjab,30.6667,76.8333,2022,1,0.1514,0.023,-0.1661,311,34.79,32.29,37.79,,55.0,7.5,,,,2.5
Gumanwala,UttarÄkhand,29.9333,77.9,2022,1,-0.0152,-0.2327,0.0659,277,32.2,29.700000000000003,35.2,,55.0,7.5,,,,2.5
Bhopal,Madhya Pradesh,23.25,77.4167,2022,1,0.1252,0.1609,-0.1721,512,32.29,17.14024193548387,31.1,6.5,64.91505376344087,8.670887096774194,0.028830645161290323,23.25469,77.40289,6.5
Agra,Uttar Pradesh,27.18,78.02,2022,1,0.2225,0.0255,-0.2161,184,34.65,13.721250000000001,26.7,3.0,77.71774193548387,7.740376344086021,0.04491935483870967,27.18333,78.01667,6.5
Peyanvilai,Tamil NÄdu,8.5674,78.1046,2022,1,0.1299,0.048,-0.21,8,37.87,35.37,40.87,,55.0,7.5,,,,2.5
Harbatpur,UttarÄkhand,30.45,77.73,2022,1,0.3508,-0.0069,-0.3484,445,33.39,30.89,36.39,,55.0,7.5,,,,2.5
Saundhonwali,UttarÄkhand,30.3331,77.9608,2022,1,0.0543,0.0981,-0.0806,612,31.18,28.68,34.18,,55.0,7.5,,,,2.5
Ludhiana,Punjab,30.9083,75.8486,2022,1,0.2538,-0.0652,-0.2199,243,34.84,11.398319892473118,22.2,1.5,82.76639784946236,7.204583333333333,0.07833333333333332,30.91204,75.85379,6.5
Meerut,Uttar Pradesh,28.98,77.7064,2022,1,-0.1155,0.1514,0.0704,228,37.48,34.98,40.48,,55.0,7.5,,,,2.5
Madurai,Tamil NÄdu,9.9197,78.1194,2022,1,0.1003,0.1836,-0.2345,141,38.58,25.47190860215054,35.2,15.1,66.73131720430108,9.643709677419354,0.034784946236559144,9.919,78.11953,6.5
Nasik,MahÄrÄshtra,20.0,73.7833,2022,1,-0.0363,-0.1013,0.0684,588,32.43,29.93,35.43,,55.0,7.5,,,,2.5
Faridabad,HaryÄna,28.4167,77.3,2022,1,0.2264,0.0608,-0.224,208,33.77,13.339932795698925,25.6,2.8,75.75255376344086,8.802217741935484,0.0397983870967742,28.41124,77.31316,6.5
Madarpur,BihÄr,26.227,84.6746,2022,1,0.1368,-0.0136,-0.137,69,37.07,34.57,40.07,,55.0,7.5,,,,2.5
Najafgarh,Delhi,28.6125,76.9847,2022,1,0.0644,0.1058,-0.0931,220,37.1,34.6,40.1,,55.0,7.5,,,,2.5
Jabalpur,Madhya Pradesh,23.1667,79.9333,2022,1,0.0009,0.0308,-0.002,399,36.15,17.15013440860215,30.9,5.1,65.45712365591397,7.502379032258064,0.023911290322580644,23.16697,79.95006,6.5
Madanpur,UttarÄkhand,29.326,79.1537,2022,1,0.1383,-0.0698,-0.1266,315,36.23,33.73,39.23,,55.0,7.5,,,,2.5
Kamalwaganja Gaur,UttarÄkhand,29.2117,79.4654,2022,1,0.7186,-0.1603,-0.6085,383,35.68,33.18,38.68,,55.0,7.5,,,,2.5
Asansol,West Bengal,23.6833,86.9667,2022,1,-0.0271,-0.2156,0.0541,125,32.47,29.97,35.47,,55.0,7.5,,,,2.5
Vijayawada,Andhra Pradesh,16.5167,80.6167,2022,1,0.4824,-0.0742,-0.4603,27,33.91,24.579395161290325,34.7,14.9,70.73521505376344,6.980873655913978,0.01424731182795699,16.50745,80.6466,6.5
Vasai-Virar,MahÄrÄshtra,19.47,72.8,2022,1,0.0622,-0.2415,-0.0292,0,31.71,29.21,34.71,,55.0,7.5,,,,2.5
Varanasi,Uttar Pradesh,25.3189,83.0128,2022,1,0.1385,0.0883,-0.2238,78,38.3,15.528897849462366,27.6,5.5,76.55483870967743,7.823266129032258,0.029704301075268818,25.31668,83.01041,6.5
Srinagar,Jammu and KashmÄ«r,34.0911,74.8061,2022,1,0.1109,0.1515,-0.1291,1595,35.24,-1.7122043010752688,14.3,-16.6,66.40900537634408,4.477352150537635,0.19651881720430106,34.08565,74.80555,6.5
Amritsar,Punjab,31.6269,74.877,2022,1,0.0203,0.0797,-0.0189,234,31.76,11.167325268817203,21.6,0.7,81.14543010752688,6.424623655913978,0.07563172043010753,31.62234,74.87534,6.5
Haora,West Bengal,22.58,88.3294,2022,1,0.1415,-0.0244,-0.1068,12,32.65,30.15,35.65,,55.0,7.5,,,,2.5
Ranchi,JhÄrkhand,23.3556,85.3347,2022,1,-0.0569,-0.1142,0.0831,643,33.35,15.78606182795699,27.8,5.8,64.33212365591397,8.793723118279571,0.016209677419354838,23.34316,85.3094,6.5
Gwalior,Madhya Pradesh,26.2125,78.1775,2022,1,0.0256,0.1208,-0.0786,215,35.56,14.731962365591398,28.8,4.4,72.68924731182796,7.504677419354839,0.04174731182795699,26.22983,78.17337,6.5
Jodhpur,RÄjasthÄn,26.2944,73.0278,2022,1,0.0653,-0.0751,-0.0238,251,34.6,16.466290322580644,29.5,4.3,51.160483870967745,10.243172043010752,0.007930107526881721,26.26841,73.00594,6.5
Chandigarh,ChandÄ«garh,30.7364,76.7883,2022,1,0.4391,-0.0255,-0.4108,349,33.96,12.27198924731183,23.4,3.0,74.95833333333333,8.758077956989247,0.08446236559139784,30.73629,76.7884,6.5
Warangal,TelangÄna,17.9756,79.6011,2022,1,0.0484,-0.1547,0.041,269,33.79,31.29,36.79,,55.0,7.5,,,,2.5
Kota,RÄjasthÄn,25.18,75.83,2022,1,-0.0555,-0.0935,0.0921,230,32.59,16.201424731182797,30.9,4.0,65.39583333333333,6.7313575268817205,0.034408602150537634,25.18254,75.83907,6.5
Bareilly,Uttar Pradesh,28.364,79.415,2022,1,0.0069,0.2737,-0.0708,180,38.39,13.398158602150538,26.2,2.7,79.68387096774194,8.500013440860215,0.04321236559139785,28.36678,79.43167,6.5
Solapur,MahÄrÄshtra,17.6703,75.9011,2022,1,0.0511,-0.023,-0.0305,474,33.21,24.536250000000003,34.5,13.1,44.965860215053766,10.911586021505377,0.0020161290322580645,17.67152,75.91044,6.5
Hubli,KarnÄtaka,15.3108,75.0925,2022,1,0.0167,-0.121,0.0417,618,31.11,28.61,34.11,,55.0,7.5,,,,2.5
Trichinopoly,Tamil NÄdu,10.8269,78.6928,2022,1,0.2954,-0.0228,-0.3557,74,36.18,33.68,39.18,,55.0,7.5,,,,2.5
Moradabad,Uttar Pradesh,28.8389,78.7769,2022,1,0.0023,0.0975,-0.0325,205,39.63,37.13,42.63,,55.0,7.5,,,,2.5
Tiruppur,Tamil NÄdu,11.1075,77.3398,2022,1,0.2478,-0.0927,-0.2245,305,37.71,25.208333333333332,35.5,15.6,62.428360215053765,7.9706048387096775,0.022473118279569892,11.11541,77.35456,6.5
Gurgaon,HaryÄna,28.4667,77.0333,2022,1,0.1855,-0.0179,-0.2405,224,37.31,34.81,40.31,,55.0,7.5,,,,2.5
Aligarh,Uttar Pradesh,27.88,78.08,2022,1,0.1784,-0.0232,-0.1851,190,38.88,13.301666666666666,25.8,2.9,77.90201612903226,8.30231182795699,0.043857526881720434,27.88145,78.07464,6.5
Jalandhar,Punjab,31.3256,75.5792,2022,1,-0.0163,0.015,0.0221,242,34.06,31.560000000000002,37.06,,55.0,7.5,,,,2.5
Bhayandar,MahÄrÄshtra,19.3,72.85,2022,1,0.3003,0.0559,-0.3082,9,32.35,29.85,35.35,,55.0,7.5,,,,2.5
Narela,Delhi,28.85,77.1,2022,1,0.6034,-0.3476,-0.5064,212,34.9,32.4,37.9,,55.0,7.5,,,,2.5
Shishgarh,Uttar Pradesh,28.72,79.32,2022,1,0.2366,-0.3709,-0.1689,181,33.43,30.93,36.43,,55.0,7.5,,,,2.5
Dispur,Assam,26.15,91.77,2022,1,0.7659,-0.346,-0.62,116,36.39,33.89,39.39,,55.0,7.5,,,,2.5
Durgapur,West Bengal,23.55,87.32,2022,1,0.3416,-0.0012,-0.3576,90,29.11,26.61,32.11,,55.0,7.5,,,,2.5
Saharanpur,Uttar Pradesh,29.964,77.546,2022,1,0.057,0.0934,-0.0693,280,34.94,32.44,37.94,,55.0,7.5,,,,2.5
Avadi,Tamil NÄdu,13.1147,80.1098,2022,1,0.2216,-0.0236,-0.2285,32,34.76,32.26,37.76,,55.0,7.5,,,,2.5
Salem,Tamil NÄdu,11.65,78.1667,2022,1,0.0639,0.0396,-0.1161,285,38.05,35.55,41.05,,55.0,7.5,,,,2.5
Jui,UttarÄkhand,29.67,78.9098,2022,1,0.16,-0.0933,-0.1258,890,28.64,26.14,31.64,,55.0,7.5,,,,2.5
Amaldu,UttarÄkhand,29.9333,78.5333,2022,1,0.1176,-0.1155,-0.0664,1406,25.78,23.28,28.78,,55.0,7.5,,,,2.5
Kimsar,Jammu and KashmÄ«r,34.5,74.5333,2022,1,0.0957,-0.2087,-0.0529,3058,18.85,16.35,21.85,,55.0,7.5,,,,2.5
Sinduri,HimÄchal Pradesh,30.7167,77.15,2022,1,0.4432,-0.2327,-0.366,943,23.79,21.29,26.79,,55.0,7.5,,,,2.5
Gorakhpur,Uttar Pradesh,26.7611,83.3667,2022,1,0.0688,0.0518,-0.0588,84,37.98,35.48,40.98,,55.0,7.5,,,,2.5
Guntur,Andhra Pradesh,16.3,80.45,2022,1,0.1551,0.072,-0.2019,34,36.55,34.05,39.55,,55.0,7.5,,,,2.5
Karaikandi,Assam,24.8309,92.6143,2022,1,0.1866,-0.1282,-0.1644,20,27.34,24.84,30.34,,55.0,7.5,,,,2.5
Mumbai,MahÄrÄshtra,19.0758,72.8775,2022,1,0.0088,-0.0718,0.0073,5,31.81,23.31008064516129,33.2,14.2,64.56397849462365,10.32875,0.001411290322580645,19.07283,72.88261,6.5
Kolkata,West Bengal,22.5675,88.37,2022,1,0.0429,0.0736,-0.113,6,34.87,18.926102150537638,30.6,9.0,71.28346774193548,7.722836021505376,0.016223118279569893,22.56263,88.36304,6.5
Delhi,Delhi,28.66,77.23,2022,1,0.1638,-0.0221,-0.2232,219,32.66,30.159999999999997,35.66,,55.0,7.5,,,,2.5
Chennai,Tamil NÄdu,13.0825,80.275,2022,1,0.0525,0.2406,-0.083,9,37.27,24.796142473118277,30.5,17.3,74.35887096774194,11.460672043010751,0.02995967741935484,13.08784,80.27847,6.5
Bangalore,KarnÄtaka,12.9791,77.5913,2022,1,-0.0381,-0.0965,0.0545,924,31.12,28.62,34.120000000000005,,55.0,7.5,,,,2.5
Ahmedabad,GujarÄt,23.0219,72.5797,2022,1,-0.0164,-0.0194,0.0455,52,26.89,24.39,29.89,,55.0,7.5,,,,2.5
Pune,MahÄrÄshtra,18.5211,73.8553,2022,1,-0.0235,-0.083,0.037,554,31.69,29.19,34.69,,55.0,7.5,,,,2.5
Hyderabad,TelangÄna,17.3617,78.4747,2022,1,-0.0269,0.0736,-0.0083,508,37.01,21.84111559139785,33.6,10.9,59.34206989247312,8.333333333333334,0.00836021505376344,17.38405,78.45636,6.5
Prayagraj,Uttar Pradesh,25.45,81.85,2022,1,-0.003,-0.0765,0.031,95,32.43,29.93,35.43,,55.0,7.5,,,,2.5
Kanpur,GujarÄt,24.285,72.6933,2022,1,0.56,-0.2271,-0.4756,335,26.4,14.61231182795699,27.4,4.1,77.39435483870967,8.008198924731182,0.0314247311827957,26.46523,80.34975,6.5
Kanpur,Uttar Pradesh,26.4725,80.3311,2022,1,-0.0241,-0.0475,0.059,132,35.3,14.61231182795699,27.4,4.1,77.39435483870967,8.008198924731182,0.0314247311827957,26.46523,80.34975,6.5
Belahi,BihÄr,25.7167,86.4,2022,1,0.2211,-0.2193,-0.1143,41,28.85,26.35,31.85,,55.0,7.5,,,,2.5
Vadodara,GujarÄt,22.3,73.2,2022,1,-0.0408,-0.1497,0.0959,38,32.87,20.783776881720428,33.5,8.6,55.36854838709677,8.284059139784947,0.004986559139784946,22.29941,73.20812,6.5
Nadampalaiyam,Tamil NÄdu,11.1793,77.376,2022,1,0.1301,0.1014,-0.1866,318,39.53,37.03,42.53,,55.0,7.5,,,,2.5
Lucknow,Uttar Pradesh,26.847,80.947,2022,1,0.0061,-0.0293,0.0159,115,34.75,14.294059139784947,26.8,3.5,77.76411290322581,8.090174731182795,0.03786290322580645,26.83928,80.92313,6.5
Kannankulam,Kerala,10.4799,76.1131,2022,1,0.5477,-0.2307,-0.4898,13,24.64,22.14,27.64,,55.0,7.5,,,,2.5
Mahuakheraganj,UttarÄkhand,29.13,78.95,2022,1,0.2461,-0.1636,-0.1987,222,30.6,28.1,33.6,,55.0,7.5,,,,2.5
Nagla,UttarÄkhand,29.01,79.51,2022,1,0.0256,-0.1172,0.0047,227,31.2,28.7,34.2,,55.0,7.5,,,,2.5
Jaipur,RÄjasthÄn,26.915,75.82,2022,1,-0.059,-0.1812,0.1025,441,33.48,14.308373655913979,28.1,2.7,62.82728494623656,8.242083333333333,0.02646505376344086,26.91962,75.78781,6.5
Kottarassheri,Kerala,10.6167,76.5333,2022,1,0.5789,-0.0924,-0.4992,147,29.07,26.57,32.07,,55.0,7.5,,,,2.5
Gorakhpur,ChhattÄ«sgarh,22.1688,81.6042,2022,1,0.1558,-0.1103,-0.1025,305,27.13,24.63,30.13,,55.0,7.5,,,,2.5
Nagpur,MahÄrÄshtra,21.1497,79.0806,2022,1,0.0442,-0.1066,0.0137,318,32.71,20.58133064516129,32.9,8.1,56.8377688172043,7.151948924731183,0.017419354838709676,21.14631,79.08491,6.5
Guwahati,Assam,26.1806,91.7502,2022,1,0.0317,-0.0591,-0.0071,57,34.01,17.49366935483871,27.5,8.4,77.26733870967742,6.03396505376344,0.020026881720430108,26.1844,91.7458,6.5
Ghaziabad,Uttar Pradesh,28.6667,77.4167,2022,1,0.1155,-0.1352,-0.0901,211,35.44,12.96893817204301,25.4,1.9,77.63467741935484,8.6725,0.047567204301075264,28.66535,77.43915,6.5
Coimbatore,Tamil NÄdu,11.0008,76.9633,2022,1,0.3076,0.0179,-0.3106,417,35.64,24.230967741935483,33.6,14.8,62.895161290322584,9.489314516129033,0.02720430107526882,11.00555,76.96612,6.5
Patna,BihÄr,25.61,85.1414,2022,1,0.0619,0.065,-0.0378,63,27.35,15.802849462365591,26.2,7.1,77.59919354838709,8.116397849462366,0.016922043010752688,25.59408,85.13563,6.5
Rajkot,GujarÄt,22.2969,70.7984,2022,1,0.0495,0.0732,-0.046,134,32.59,30.090000000000003,35.59,,55.0,7.5,,,,2.5
Vishakhapatnam,Andhra Pradesh,17.6939,83.2922,2022,1,0.2881,0.0661,-0.34,12,32.36,29.86,35.36,,55.0,7.5,,,,2.5
Indore,Madhya Pradesh,22.7186,75.855,2022,1,-0.0194,0.1801,-0.0545,553,33.19,17.89548387096774,31.2,6.2,60.325537634408605,8.858575268817205,0.015376344086021506,22.71792,75.8333,6.5
Abhepur,Punjab,30.6667,76.8333,2022,1,0.1038,0.0632,-0.104,311,34.29,31.79,37.29,,55.0,7.5,,,,2.5
Gumanwala,UttarÄkhand,29.9333,77.9,2022,1,0.4837,-0.1709,-0.3988,277,32.52,30.020000000000003,35.52,,55.0,7.5,,,,2.5
Thane,MahÄrÄshtra,19.18,72.9633,2022,1,0.724,-0.2759,-0.6792,14,33.21,23.57021505376344,35.8,11.6,59.83736559139785,7.8694758064516135,0.001532258064516129,19.19704,72.96355,6.5
Bhopal,Madhya Pradesh,23.25,77.4167,2022,1,-0.0002,-0.0692,0.0234,512,32.77,17.14024193548387,31.1,6.5,64.91505376344087,8.670887096774194,0.028830645161290323,23.25469,77.40289,6.5
Agra,Uttar Pradesh,27.18,78.02,2022,1,0.3974,0.0034,-0.4455,184,33.6,13.721250000000001,26.7,3.0,77.71774193548387,7.740376344086021,0.04491935483870967,27.18333,78.01667,6.5
Peyanvilai,Tamil NÄdu,8.5674,78.1046,2022,1,0.1239,0.0886,-0.1954,8,39.57,37.07,42.57,,55.0,7.5,,,,2.5
Pimpri-Chinchwad,MahÄrÄshtra,18.6278,73.8131,2022,1,0.3365,-0.124,-0.2891,584,32.2,20.824341397849462,33.2,8.2,59.30846774193548,6.219892473118279,0.003306451612903226,18.61867,73.80375,6.5
Harbatpur,UttarÄkhand,30.45,77.73,2022,1,0.4927,-0.0859,-0.4603,445,29.48,26.98,32.480000000000004,,55.0,7.5,,,,2.5
Saundhonwali,UttarÄkhand,30.3331,77.9608,2022,1,0.1078,0.0756,-0.1273,612,29.19,26.69,32.19,,55.0,7.5,,,,2.5
Ludhiana,Punjab,30.9083,75.8486,2022,1,0.0995,-0.1953,0.0311,243,35.16,11.398319892473118,22.2,1.5,82.76639784946236,7.204583333333333,0.07833333333333332,30.91204,75.85379,6.5
Meerut,Uttar Pradesh,28.98,77.7064,2022,1,0.0621,0.1322,-0.1133,228,36.81,34.31,39.81,,55.0,7.5,,,,2.5
Madurai,Tamil NÄdu,9.9197,78.1194,2022,1,0.1342,0.2464,-0.3389,141,37.8,25.47190860215054,35.2,15.1,66.73131720430108,9.643709677419354,0.034784946236559144,9.919,78.11953,6.5
Faridabad,HaryÄna,28.4167,77.3,2022,1,0.1052,0.0167,-0.0941,208,32.63,13.339932795698925,25.6,2.8,75.75255376344086,8.802217741935484,0.0397983870967742,28.41124,77.31316,6.5
Najafgarh,Delhi,28.6125,76.9847,2022,1,0.0505,0.1501,-0.1134,220,37.33,34.83,40.33,,55.0,7.5,,,,2.5
Jabalpur,Madhya Pradesh,23.1667,79.9333,2022,1,0.0316,0.087,-0.0782,399,36.17,17.15013440860215,30.9,5.1,65.45712365591397,7.502379032258064,0.023911290322580644,23.16697,79.95006,6.5
Madanpur,UttarÄkhand,29.326,79.1537,2022,1,0.2979,-0.2721,-0.2293,315,29.99,27.49,32.989999999999995,,55.0,7.5,,,,2.5
Kamalwaganja Gaur,UttarÄkhand,29.2117,79.4654,2022,1,0.2433,-0.1844,-0.1969,383,30.56,28.06,33.56,,55.0,7.5,,,,2.5
Kalyan,MahÄrÄshtra,19.25,73.15,2022,1,0.349,0.1815,-0.3045,10,33.11,30.61,36.11,,55.0,7.5,,,,2.5
Asansol,West Bengal,23.6833,86.9667,2022,1,0.0566,-0.1041,-0.0089,125,29.75,27.25,32.75,,55.0,7.5,,,,2.5
Vijayawada,Andhra Pradesh,16.5167,80.6167,2022,1,0.4129,-0.0656,-0.406,27,31.96,24.579395161290325,34.7,14.9,70.73521505376344,6.980873655913978,0.01424731182795699,16.50745,80.6466,6.5
Vasai-Virar,MahÄrÄshtra,19.47,72.8,2022,1,-0.0479,-0.3217,0.1261,0,29.49,26.99,32.489999999999995,,55.0,7.5,,,,2.5
Varanasi,Uttar Pradesh,25.3189,83.0128,2022,1,0.0725,-0.0029,-0.1725,78,36.7,15.528897849462366,27.6,5.5,76.55483870967743,7.823266129032258,0.029704301075268818,25.31668,83.01041,6.5
Kalleli,Kerala,9.2,76.8833,2022,1,0.1592,-0.0779,-0.1244,133,27.61,25.11,30.61,,55.0,7.5,,,,2.5
Srinagar,Jammu and KashmÄ«r,34.0911,74.8061,2022,1,0.0165,0.121,-0.0375,1595,34.38,-1.7122043010752688,14.3,-16.6,66.40900537634408,4.477352150537635,0.19651881720430106,34.08565,74.80555,6.5
Aurangabad,MahÄrÄshtra,19.88,75.32,2022,1,0.0301,-0.0471,0.0034,564,34.55,21.19081989247312,32.6,9.8,52.36438172043011,8.416451612903225,0.0035080645161290323,19.87757,75.34226,6.5
Dhanbad,JhÄrkhand,23.7928,86.435,2022,1,0.4317,-0.0692,-0.3938,245,27.03,17.05918010752688,30.5,6.0,67.77190860215053,7.728736559139786,0.01907258064516129,23.79759,86.42992,6.5
Amritsar,Punjab,31.6269,74.877,2022,1,-0.0232,0.079,-0.0085,234,34.44,11.167325268817203,21.6,0.7,81.14543010752688,6.424623655913978,0.07563172043010753,31.62234,74.87534,6.5
Haora,West Bengal,22.58,88.3294,2022,1,0.1708,0.1588,-0.1777,12,34.49,31.990000000000002,37.49,,55.0,7.5,,,,2.5
Ranchi,JhÄrkhand,23.3556,85.3347,2022,1,0.6011,-0.151,-0.503,643,32.55,15.78606182795699,27.8,5.8,64.33212365591397,8.793723118279571,0.016209677419354838,23.34316,85.3094,6.5
Gwalior,Madhya Pradesh,26.2125,78.1775,2022,1,0.0301,0.0899,-0.1113,215,33.18,14.731962365591398,28.8,4.4,72.68924731182796,7.504677419354839,0.04174731182795699,26.22983,78.17337,6.5
Jodhpur,RÄjasthÄn,26.2944,73.0278,2022,1,0.0839,0.0257,-0.0619,251,37.53,16.466290322580644,29.5,4.3,51.160483870967745,10.243172043010752,0.007930107526881721,26.26841,73.00594,6.5
Chandigarh,ChandÄ«garh,30.7364,76.7883,2022,1,0.3634,-0.0402,-0.3225,349,32.85,12.27198924731183,23.4,3.0,74.95833333333333,8.758077956989247,0.08446236559139784,30.73629,76.7884,6.5
Warangal,TelangÄna,17.9756,79.6011,2022,1,0.129,0.0344,-0.1293,269,34.53,32.03,37.53,,55.0,7.5,,,,2.5
Kota,RÄjasthÄn,25.18,75.83,2022,1,-0.1118,-0.1831,0.1426,230,32.86,16.201424731182797,30.9,4.0,65.39583333333333,6.7313575268817205,0.034408602150537634,25.18254,75.83907,6.5
Bareilly,Uttar Pradesh,28.364,79.415,2022,1,-0.0191,0.1333,-0.0273,180,36.36,13.398158602150538,26.2,2.7,79.68387096774194,8.500013440860215,0.04321236559139785,28.36678,79.43167,6.5
Hubli,KarnÄtaka,15.3108,75.0925,2022,1,0.2285,-0.0515,-0.2142,618,28.05,25.55,31.05,,55.0,7.5,,,,2.5
Mysore,KarnÄtaka,12.3086,76.6531,2022,1,0.0645,0.1454,-0.1314,747,32.31,29.810000000000002,35.31,,55.0,7.5,,,,2.5
Trichinopoly,Tamil NÄdu,10.8269,78.6928,2022,1,0.1568,-0.0769,-0.1641,74,33.14,30.64,36.14,,55.0,7.5,,,,2.5
Moradabad,Uttar Pradesh,28.8389,78.7769,2022,1,0.1635,0.0647,-0.1563,205,34.34,31.840000000000003,37.34,,55.0,7.5,,,,2.5
Tiruppur,Tamil NÄdu,11.1075,77.3398,2022,1,0.4609,-0.0783,-0.4601,305,38.33,25.208333333333332,35.5,15.6,62.428360215053765,7.9706048387096775,0.022473118279569892,11.11541,77.35456,6.5
Jamnagar,GujarÄt,22.47,70.07,2022,1,0.06,-0.2149,-0.0161,21,31.35,28.85,34.35,,55.0,7.5,,,,2.5
Gurgaon,HaryÄna,28.4667,77.0333,2022,1,0.13,-0.004,-0.2056,224,34.93,32.43,37.93,,55.0,7.5,,,,2.5
Aligarh,Uttar Pradesh,27.88,78.08,2022,1,0.1742,-0.0061,-0.1983,190,37.41,13.301666666666666,25.8,2.9,77.90201612903226,8.30231182795699,0.043857526881720434,27.88145,78.07464,6.5
Jalandhar,Punjab,31.3256,75.5792,2022,1,0.0069,-0.0176,0.0317,242,37.18,34.68,40.18,,55.0,7.5,,,,2.5
Bhayandar,MahÄrÄshtra,19.3,72.85,2022,1,-0.021,-0.2178,0.0918,9,28.53,26.03,31.53,,55.0,7.5,,,,2.5
Narela,Delhi,28.85,77.1,2022,1,0.8215,-0.3991,-0.7058,212,34.67,32.17,37.67,,55.0,7.5,,,,2.5
Shishgarh,Uttar Pradesh,28.72,79.32,2022,1,0.1721,-0.2648,-0.1525,181,31.7,29.2,34.7,,55.0,7.5,,,,2.5
Thiruvananthapuram,Kerala,8.4875,76.9525,2022,1,0.0482,0.0397,-0.0575,15,34.07,31.57,37.07,,55.0,7.5,,,,2.5
Dispur,Assam,26.15,91.77,2022,1,0.4634,-0.2644,-0.3731,116,37.1,34.6,40.1,,55.0,7.5,,,,2.5
Durgapur,West Bengal,23.55,87.32,2022,1,0.1676,-0.0521,-0.1463,90,32.21,29.71,35.21,,55.0,7.5,,,,2.5
Bhiwandi,MahÄrÄshtra,19.3,73.0667,2022,1,-0.0589,-0.3384,0.1275,25,35.77,33.27,38.77,,55.0,7.5,,,,2.5
Saharanpur,Uttar Pradesh,29.964,77.546,2022,1,0.0021,0.1196,-0.0281,280,36.06,33.56,39.06,,55.0,7.5,,,,2.5
Avadi,Tamil NÄdu,13.1147,80.1098,2022,1,0.2362,-0.0088,-0.2366,32,32.87,30.369999999999997,35.87,,55.0,7.5,,,,2.5
Salem,Tamil NÄdu,11.65,78.1667,2022,1,0.0273,0.0563,-0.1228,285,36.42,33.92,39.42,,55.0,7.5,,,,2.5
Jui,UttarÄkhand,29.67,78.9098,2022,1,-0.0243,-0.1413,0.0601,890,27.67,25.17,30.67,,55.0,7.5,,,,2.5
Amaldu,UttarÄkhand,29.9333,78.5333,2022,1,0.622,-0.226,-0.5194,1406,25.68,23.18,28.68,,55.0,7.5,,,,2.5
Kimsar,Jammu and KashmÄ«r,34.5,74.5333,2022,1,-0.0048,-0.1311,-0.0071,3058,17.92,15.420000000000002,20.92,,55.0,7.5,,,,2.5
Sinduri,HimÄchal Pradesh,30.7167,77.15,2022,1,0.6276,-0.2287,-0.539,943,25.81,23.31,28.81,,55.0,7.5,,,,2.5
Gorakhpur,Uttar Pradesh,26.7611,83.3667,2022,1,0.0464,0.1219,-0.0733,84,29.78,27.28,32.78,,55.0,7.5,,,,2.5
Guntur,Andhra Pradesh,16.3,80.45,2022,1,0.2253,0.0453,-0.2361,34,37.35,34.85,40.35,,55.0,7.5,,,,2.5
Mumbai,MahÄrÄshtra,19.0758,72.8775,2022,1,0.0287,-0.1329,0.0036,5,25.61,23.31008064516129,33.2,14.2,64.56397849462365,10.32875,0.001411290322580645,19.07283,72.88261,2.2999193548387105
Kolkata,West Bengal,22.5675,88.37,2022,1,-0.0547,-0.0935,0.0611,6,37.35,18.926102150537638,30.6,9.0,71.28346774193548,7.722836021505376,0.016223118279569893,22.56263,88.36304,6.5
Delhi,Delhi,28.66,77.23,2022,1,0.0376,0.0552,0.0022,219,31.1,28.6,34.1,,55.0,7.5,,,,2.5
Chennai,Tamil NÄdu,13.0825,80.275,2022,1,0.0711,-0.0439,-0.0373,9,37.18,24.796142473118277,30.5,17.3,74.35887096774194,11.460672043010751,0.02995967741935484,13.08784,80.27847,6.5
Bangalore,KarnÄtaka,12.9791,77.5913,2022,1,0.3692,-0.1204,-0.3602,924,29.41,26.91,32.41,,55.0,7.5,,,,2.5
Ahmedabad,GujarÄt,23.0219,72.5797,2022,1,0.1387,-0.0501,-0.1409,52,34.48,31.979999999999997,37.48,,55.0,7.5,,,,2.5
Hyderabad,TelangÄna,17.3617,78.4747,2022,1,-0.0442,-0.0301,0.055,508,35.04,21.84111559139785,33.6,10.9,59.34206989247312,8.333333333333334,0.00836021505376344,17.38405,78.45636,6.5
Surat,GujarÄt,21.205,72.84,2022,1,0.0623,-0.0423,-0.0439,14,33.76,22.131034946236557,35.0,11.6,55.53709677419355,11.153575268817205,0.0017069892473118278,21.19594,72.83023,6.5
Prayagraj,Uttar Pradesh,25.45,81.85,2022,1,0.1113,0.0373,-0.0403,95,33.34,30.840000000000003,36.34,,55.0,7.5,,,,2.5
Kanpur,GujarÄt,24.285,72.6933,2022,1,0.6002,-0.1686,-0.5332,335,30.63,14.61231182795699,27.4,4.1,77.39435483870967,8.008198924731182,0.0314247311827957,26.46523,80.34975,6.5
Kanpur,Uttar Pradesh,26.4725,80.3311,2022,1,0.0774,0.0894,-0.0532,132,31.66,14.61231182795699,27.4,4.1,77.39435483870967,8.008198924731182,0.0314247311827957,26.46523,80.34975,6.5
Belahi,BihÄr,25.7167,86.4,2022,1,-0.0238,-0.0669,0.0528,41,29.45,26.95,32.45,,55.0,7.5,,,,2.5
Vadodara,GujarÄt,22.3,73.2,2022,1,0.2039,-0.0071,-0.1431,38,34.98,20.783776881720428,33.5,8.6,55.36854838709677,8.284059139784947,0.004986559139784946,22.29941,73.20812,6.5
Nadampalaiyam,Tamil NÄdu,11.1793,77.376,2022,1,0.1201,0.0852,-0.1669,318,36.88,34.38,39.88,,55.0,7.5,,,,2.5
Lucknow,Uttar Pradesh,26.847,80.947,2022,1,0.157,0.1223,-0.1521,115,35.08,14.294059139784947,26.8,3.5,77.76411290322581,8.090174731182795,0.03786290322580645,26.83928,80.92313,6.5
Kannankulam,Kerala,10.4799,76.1131,2022,1,0.2256,-0.1349,-0.1611,13,28.43,25.93,31.43,,55.0,7.5,,,,2.5
Mahuakheraganj,UttarÄkhand,29.13,78.95,2022,1,0.5129,-0.2824,-0.4191,222,29.36,26.86,32.36,,55.0,7.5,,,,2.5
Nagla,UttarÄkhand,29.01,79.51,2022,1,0.2566,-0.1329,-0.2006,227,29.33,26.83,32.33,,55.0,7.5,,,,2.5
Jaipur,RÄjasthÄn,26.915,75.82,2022,1,0.6181,-0.1607,-0.6029,441,34.06,14.308373655913979,28.1,2.7,62.82728494623656,8.242083333333333,0.02646505376344086,26.91962,75.78781,6.5
Kottarassheri,Kerala,10.6167,76.5333,2022,1,0.3828,-0.1247,-0.3181,147,27.16,24.66,30.16,,55.0,7.5,,,,2.5
Attadappa,Kerala,11.85,75.4167,2022,1,0.7978,-0.3241,-0.6921,37,28.87,26.37,31.87,,55.0,7.5,,,,2.5
Barmhan Kalan,Madhya Pradesh,23.0333,79.0167,2022,1,0.7635,-0.3104,-0.6318,337,28.54,26.04,31.54,,55.0,7.5,,,,2.5
Gorakhpur,ChhattÄ«sgarh,22.1688,81.6042,2022,1,0.4411,-0.1007,-0.4123,305,27.35,24.85,30.35,,55.0,7.5,,,,2.5
Guwahati,Assam,26.1806,91.7502,2022,1,0.0655,0.1798,-0.0895,57,34.8,17.49366935483871,27.5,8.4,77.26733870967742,6.03396505376344,0.020026881720430108,26.1844,91.7458,6.5
Ghaziabad,Uttar Pradesh,28.6667,77.4167,2022,1,0.1926,-0.0083,-0.1961,211,32.44,12.96893817204301,25.4,1.9,77.63467741935484,8.6725,0.047567204301075264,28.66535,77.43915,6.5
Coimbatore,Tamil NÄdu,11.0008,76.9633,2022,1,0.3364,0.0185,-0.3373,417,36.64,24.230967741935483,33.6,14.8,62.895161290322584,9.489314516129033,0.02720430107526882,11.00555,76.96612,6.5
Patna,BihÄr,25.61,85.1414,2022,1,0.0001,-0.127,0.0439,63,33.71,15.802849462365591,26.2,7.1,77.59919354838709,8.116397849462366,0.016922043010752688,25.59408,85.13563,6.5
Rajkot,GujarÄt,22.2969,70.7984,2022,1,-0.0144,-0.0945,0.0249,134,32.47,29.97,35.47,,55.0,7.5,,,,2.5
Vishakhapatnam,Andhra Pradesh,17.6939,83.2922,2022,1,0.1127,0.0767,-0.1308,12,33.95,31.450000000000003,36.95,,55.0,7.5,,,,2.5
Indore,Madhya Pradesh,22.7186,75.855,2022,1,0.0693,0.1167,-0.1662,553,34.09,17.89548387096774,31.2,6.2,60.325537634408605,8.858575268817205,0.015376344086021506,22.71792,75.8333,6.5
Abhepur,Punjab,30.6667,76.8333,2022,1,-0.0084,-0.0109,0.0395,311,31.53,29.03,34.53,,55.0,7.5,,,,2.5
Gumanwala,UttarÄkhand,29.9333,77.9,2022,1,0.311,-0.0134,-0.2539,277,29.13,26.63,32.129999999999995,,55.0,7.5,,,,2.5
Bhopal,Madhya Pradesh,23.25,77.4167,2022,1,0.1037,0.2031,-0.1221,512,31.95,17.14024193548387,31.1,6.5,64.91505376344087,8.670887096774194,0.028830645161290323,23.25469,77.40289,6.5
Agra,Uttar Pradesh,27.18,78.02,2022,1,0.3855,0.0591,-0.463,184,32.81,13.721250000000001,26.7,3.0,77.71774193548387,7.740376344086021,0.04491935483870967,27.18333,78.01667,6.5
Peyanvilai,Tamil NÄdu,8.5674,78.1046,2022,1,0.1424,-0.0071,-0.1981,8,40.16,37.66,43.16,,55.0,7.5,,,,2.5
Pimpri-Chinchwad,MahÄrÄshtra,18.6278,73.8131,2022,1,0.3306,-0.1672,-0.3002,584,29.13,20.824341397849462,33.2,8.2,59.30846774193548,6.219892473118279,0.003306451612903226,18.61867,73.80375,6.5
Harbatpur,UttarÄkhand,30.45,77.73,2022,1,0.463,-0.0524,-0.4444,445,28.47,25.97,31.47,,55.0,7.5,,,,2.5
Saundhonwali,UttarÄkhand,30.3331,77.9608,2022,1,0.0851,0.0791,-0.1323,612,29.01,26.51,32.010000000000005,,55.0,7.5,,,,2.5
Ludhiana,Punjab,30.9083,75.8486,2022,1,0.3503,-0.0683,-0.3117,243,32.9,11.398319892473118,22.2,1.5,82.76639784946236,7.204583333333333,0.07833333333333332,30.91204,75.85379,6.5
Meerut,Uttar Pradesh,28.98,77.7064,2022,1,0.0661,0.1026,-0.1127,228,33.26,30.759999999999998,36.26,,55.0,7.5,,,,2.5
Madurai,Tamil NÄdu,9.9197,78.1194,2022,1,0.1248,0.2846,-0.3405,141,38.97,25.47190860215054,35.2,15.1,66.73131720430108,9.643709677419354,0.034784946236559144,9.919,78.11953,6.5
Nasik,MahÄrÄshtra,20.0,73.7833,2022,1,-0.0383,-0.1668,0.0724,588,30.79,28.29,33.79,,55.0,7.5,,,,2.5
Faridabad,HaryÄna,28.4167,77.3,2022,1,0.1873,-0.0292,-0.1505,208,33.06,13.339932795698925,25.6,2.8,75.75255376344086,8.802217741935484,0.0397983870967742,28.41124,77.31316,6.5
Madarpur,BihÄr,26.227,84.6746,2022,1,0.1743,-0.0911,-0.075,69,27.21,24.71,30.21,,55.0,7.5,,,,2.5
Najafgarh,Delhi,28.6125,76.9847,2022,1,0.0197,0.1314,-0.0335,220,32.4,29.9,35.4,,55.0,7.5,,,,2.5
Jabalpur,Madhya Pradesh,23.1667,79.9333,2022,1,-0.0254,-0.0793,0.0971,399,32.82,17.15013440860215,30.9,5.1,65.45712365591397,7.502379032258064,0.023911290322580644,23.16697,79.95006,6.5
Madanpur,UttarÄkhand,29.326,79.1537,2022,1,0.7167,-0.3293,-0.6036,315,28.37,25.87,31.37,,55.0,7.5,,,,2.5
Kamalwaganja Gaur,UttarÄkhand,29.2117,79.4654,2022,1,0.0942,-0.1446,-0.0281,383,31.18,28.68,34.18,,55.0,7.5,,,,2.5
Vijayawada,Andhra Pradesh,16.5167,80.6167,2022,1,0.3798,-0.0825,-0.3436,27,33.58,24.579395161290325,34.7,14.9,70.73521505376344,6.980873655913978,0.01424731182795699,16.50745,80.6466,6.5
Vasai-Virar,MahÄrÄshtra,19.47,72.8,2022,1,0.0758,-0.2554,-0.0368,0,26.32,23.82,29.32,,55.0,7.5,,,,2.5
Varanasi,Uttar Pradesh,25.3189,83.0128,2022,1,-0.0069,-0.0308,-0.0064,78,34.12,15.528897849462366,27.6,5.5,76.55483870967743,7.823266129032258,0.029704301075268818,25.31668,83.01041,6.5
Kalleli,Kerala,9.2,76.8833,2022,1,0.8485,-0.205,-0.7535,133,29.65,27.15,32.65,,55.0,7.5,,,,2.5
Srinagar,Jammu and KashmÄ«r,34.0911,74.8061,2022,1,0.1316,0.1941,-0.1615,1595,31.32,-1.7122043010752688,14.3,-16.6,66.40900537634408,4.477352150537635,0.19651881720430106,34.08565,74.80555,6.5
Aurangabad,MahÄrÄshtra,19.88,75.32,2022,1,0.005,-0.1328,0.0328,564,29.95,21.19081989247312,32.6,9.8,52.36438172043011,8.416451612903225,0.0035080645161290323,19.87757,75.34226,6.5
Dhanbad,JhÄrkhand,23.7928,86.435,2022,1,0.01,-0.2482,0.0377,245,32.71,17.05918010752688,30.5,6.0,67.77190860215053,7.728736559139786,0.01907258064516129,23.79759,86.42992,6.5
Amritsar,Punjab,31.6269,74.877,2022,1,0.0695,0.0631,-0.1348,234,34.02,11.167325268817203,21.6,0.7,81.14543010752688,6.424623655913978,0.07563172043010753,31.62234,74.87534,6.5
Haora,West Bengal,22.58,88.3294,2022,1,0.2,0.1258,-0.1977,12,35.63,33.13,38.63,,55.0,7.5,,,,2.5
Ranchi,JhÄrkhand,23.3556,85.3347,2022,1,0.1583,-0.1692,-0.1275,643,31.52,15.78606182795699,27.8,5.8,64.33212365591397,8.793723118279571,0.016209677419354838,23.34316,85.3094,6.5
Gwalior,Madhya Pradesh,26.2125,78.1775,2022,1,0.1135,-0.0748,-0.0286,215,32.21,14.731962365591398,28.8,4.4,72.68924731182796,7.504677419354839,0.04174731182795699,26.22983,78.17337,6.5
Jodhpur,RÄjasthÄn,26.2944,73.0278,2022,1,0.1658,0.0835,-0.2165,251,34.86,16.466290322580644,29.5,4.3,51.160483870967745,10.243172043010752,0.007930107526881721,26.26841,73.00594,6.5
Chandigarh,ChandÄ«garh,30.7364,76.7883,2022,1,0.0069,-0.0953,0.0333,349,30.56,12.27198924731183,23.4,3.0,74.95833333333333,8.758077956989247,0.08446236559139784,30.73629,76.7884,6.5
Warangal,TelangÄna,17.9756,79.6011,2022,1,0.0786,0.1872,-0.1174,269,34.99,32.49,37.99,,55.0,7.5,,,,2.5
Kota,RÄjasthÄn,25.18,75.83,2022,1,0.1343,0.0053,-0.1747,230,31.92,16.201424731182797,30.9,4.0,65.39583333333333,6.7313575268817205,0.034408602150537634,25.18254,75.83907,6.5
Bareilly,Uttar Pradesh,28.364,79.415,2022,1,-0.0635,0.2066,0.0031,180,35.55,13.398158602150538,26.2,2.7,79.68387096774194,8.500013440860215,0.04321236559139785,28.36678,79.43167,6.5
Hubli,KarnÄtaka,15.3108,75.0925,2022,1,0.2936,0.0475,-0.2809,618,28.47,25.97,31.47,,55.0,7.5,,,,2.5
Mysore,KarnÄtaka,12.3086,76.6531,2022,1,0.1119,-0.0683,-0.0805,747,30.34,27.84,33.34,,55.0,7.5,,,,2.5
Trichinopoly,Tamil NÄdu,10.8269,78.6928,2022,1,0.3118,-0.0121,-0.3808,74,36.2,33.7,39.2,,55.0,7.5,,,,2.5
Moradabad,Uttar Pradesh,28.8389,78.7769,2022,1,-0.0827,0.042,0.0851,205,33.97,31.47,36.97,,55.0,7.5,,,,2.5
Tiruppur,Tamil NÄdu,11.1075,77.3398,2022,1,0.4579,-0.0698,-0.4538,305,37.32,25.208333333333332,35.5,15.6,62.428360215053765,7.9706048387096775,0.022473118279569892,11.11541,77.35456,6.5
Jamnagar,GujarÄt,22.47,70.07,2022,1,0.2603,-0.0467,-0.2097,21,34.06,31.560000000000002,37.06,,55.0,7.5,,,,2.5
Gurgaon,HaryÄna,28.4667,77.0333,2022,1,0.1408,-0.0093,-0.1394,224,32.68,30.18,35.68,,55.0,7.5,,,,2.5
Aligarh,Uttar Pradesh,27.88,78.08,2022,1,0.213,-0.0053,-0.2262,190,34.6,13.301666666666666,25.8,2.9,77.90201612903226,8.30231182795699,0.043857526881720434,27.88145,78.07464,6.5
Jalandhar,Punjab,31.3256,75.5792,2022,1,0.1697,0.026,-0.1708,242,33.81,31.310000000000002,36.81,,55.0,7.5,,,,2.5
Bhayandar,MahÄrÄshtra,19.3,72.85,2022,1,0.0533,-0.1249,-0.0647,9,28.55,26.05,31.55,,55.0,7.5,,,,2.5
Narela,Delhi,28.85,77.1,2022,1,0.7535,-0.382,-0.6637,212,31.65,29.15,34.65,,55.0,7.5,,,,2.5
Shishgarh,Uttar Pradesh,28.72,79.32,2022,1,0.3315,-0.1294,-0.2293,181,30.41,27.91,33.41,,55.0,7.5,,,,2.5
Thiruvananthapuram,Kerala,8.4875,76.9525,2022,1,0.0621,0.0835,-0.0956,15,34.37,31.869999999999997,37.37,,55.0,7.5,,,,2.5
Saharanpur,Uttar Pradesh,29.964,77.546,2022,1,-0.0087,0.0324,0.0158,280,32.43,29.93,35.43,,55.0,7.5,,,,2.5
Shiliguri,West Bengal,26.72,88.42,2022,1,0.0142,-0.0572,0.0034,119,35.21,32.71,38.21,,55.0,7.5,,,,2.5
Avadi,Tamil NÄdu,13.1147,80.1098,2022,1,0.2607,-0.0158,-0.2712,32,38.09,35.59,41.09,,55.0,7.5,,,,2.5
Salem,Tamil NÄdu,11.65,78.1667,2022,1,0.0573,0.0567,-0.1558,285,39.14,36.64,42.14,,55.0,7.5,,,,2.5
Jui,UttarÄkhand,29.67,78.9098,2022,1,0.208,-0.1635,-0.1363,890,25.58,23.08,28.58,,55.0,7.5,,,,2.5
Amaldu,UttarÄkhand,29.9333,78.5333,2022,1,0.7527,-0.237,-0.6221,1406,25.67,23.17,28.67,,55.0,7.5,,,,2.5
Kimsar,Jammu and KashmÄ«r,34.5,74.5333,2022,1,0.6368,-0.1379,-0.5808,3058,16.91,14.41,19.91,,55.0,7.5,,,,2.5
Sinduri,HimÄchal Pradesh,30.7167,77.15,2022,1,0.5656,-0.2139,-0.5062,943,25.61,23.11,28.61,,55.0,7.5,,,,2.5
Gorakhpur,Uttar Pradesh,26.7611,83.3667,2022,1,0.0476,-0.0049,-0.0065,84,30.26,27.76,33.260000000000005,,55.0,7.5,,,,2.5
Guntur,Andhra Pradesh,16.3,80.45,2022,1,0.0697,0.1589,-0.0015,34,38.89,36.39,41.89,,55.0,7.5,,,,2.5
Karaikandi,Assam,24.8309,92.6143,2022,1,0.7606,-0.2921,-0.6212,20,31.88,29.38,34.879999999999995,,55.0,7.5,,,,2.5
Mumbai,MahÄrÄshtra,19.0758,72.8775,2022,1,0.0171,-0.1548,0.0102,5,37.99,23.31008064516129,33.2,14.2,64.56397849462365,10.32875,0.001411290322580645,19.07283,72.88261,6.5
Kolkata,West Bengal,22.5675,88.37,2022,1,0.0733,0.0018,-0.1411,6,34.95,18.926102150537638,30.6,9.0,71.28346774193548,7.722836021505376,0.016223118279569893,22.56263,88.36304,6.5
Delhi,Delhi,28.66,77.23,2022,1,0.1876,0.031,-0.2172,219,28.95,26.45,31.95,,55.0,7.5,,,,2.5
Chennai,Tamil NÄdu,13.0825,80.275,2022,1,0.0273,0.0894,-0.0153,9,33.77,24.796142473118277,30.5,17.3,74.35887096774194,11.460672043010751,0.02995967741935484,13.08784,80.27847,6.5
Bangalore,KarnÄtaka,12.9791,77.5913,2022,1,0.302,-0.0545,-0.2778,924,30.39,27.89,33.39,,55.0,7.5,,,,2.5
Ahmedabad,GujarÄt,23.0219,72.5797,2022,1,0.3103,-0.0657,-0.3627,52,34.69,32.19,37.69,,55.0,7.5,,,,2.5
Pune,MahÄrÄshtra,18.5211,73.8553,2022,1,0.1557,-0.0257,-0.1293,554,31.57,29.07,34.57,,55.0,7.5,,,,2.5
Hyderabad,TelangÄna,17.3617,78.4747,2022,1,0.103,0.2059,-0.1528,508,33.09,21.84111559139785,33.6,10.9,59.34206989247312,8.333333333333334,0.00836021505376344,17.38405,78.45636,6.5
Surat,GujarÄt,21.205,72.84,2022,1,0.1357,0.0589,-0.1924,14,36.07,22.131034946236557,35.0,11.6,55.53709677419355,11.153575268817205,0.0017069892473118278,21.19594,72.83023,6.5
Prayagraj,Uttar Pradesh,25.45,81.85,2022,1,0.3516,-0.077,-0.3696,95,31.01,28.51,34.010000000000005,,55.0,7.5,,,,2.5
Kanpur,GujarÄt,24.285,72.6933,2022,1,0.5954,-0.1597,-0.5792,335,33.27,14.61231182795699,27.4,4.1,77.39435483870967,8.008198924731182,0.0314247311827957,26.46523,80.34975,6.5
Kanpur,Uttar Pradesh,26.4725,80.3311,2022,1,0.1352,0.1153,-0.1821,132,31.49,14.61231182795699,27.4,4.1,77.39435483870967,8.008198924731182,0.0314247311827957,26.46523,80.34975,6.5
Belahi,BihÄr,25.7167,86.4,2022,1,0.1785,-0.2035,-0.0783,41,29.73,27.23,32.730000000000004,,55.0,7.5,,,,2.5
Vadodara,GujarÄt,22.3,73.2,2022,1,0.3113,-0.0481,-0.3181,38,34.65,20.783776881720428,33.5,8.6,55.36854838709677,8.284059139784947,0.004986559139784946,22.29941,73.20812,6.5
Nadampalaiyam,Tamil NÄdu,11.1793,77.376,2022,1,0.1219,0.0392,-0.1627,318,31.97,29.47,34.97,,55.0,7.5,,,,2.5
Lucknow,Uttar Pradesh,26.847,80.947,2022,1,0.1265,0.154,-0.1604,115,31.07,14.294059139784947,26.8,3.5,77.76411290322581,8.090174731182795,0.03786290322580645,26.83928,80.92313,6.5
Kannankulam,Kerala,10.4799,76.1131,2022,1,0.3468,-0.2643,-0.2795,13,27.88,25.38,30.88,,55.0,7.5,,,,2.5
Mahuakheraganj,UttarÄkhand,29.13,78.95,2022,1,0.2827,-0.0643,-0.3143,222,28.21,25.71,31.21,,55.0,7.5,,,,2.5
Nagla,UttarÄkhand,29.01,79.51,2022,1,0.6588,-0.2143,-0.6028,227,28.45,25.95,31.45,,55.0,7.5,,,,2.5
Jaipur,RÄjasthÄn,26.915,75.82,2022,1,0.6284,-0.1555,-0.6301,441,32.35,14.308373655913979,28.1,2.7,62.82728494623656,8.242083333333333,0.02646505376344086,26.91962,75.78781,6.5
Kottarassheri,Kerala,10.6167,76.5333,2022,1,0.4663,-0.0015,-0.4536,147,29.13,26.63,32.129999999999995,,55.0,7.5,,,,2.5
Attadappa,Kerala,11.85,75.4167,2022,1,0.6937,-0.3243,-0.6242,37,27.99,25.49,30.99,,55.0,7.5,,,,2.5
Barmhan Kalan,Madhya Pradesh,23.0333,79.0167,2022,1,0.7606,-0.2712,-0.6729,337,32.05,29.549999999999997,35.05,,55.0,7.5,,,,2.5
Gorakhpur,ChhattÄ«sgarh,22.1688,81.6042,2022,1,0.4759,-0.0717,-0.4993,305,28.01,25.51,31.01,,55.0,7.5,,,,2.5
Nagpur,MahÄrÄshtra,21.1497,79.0806,2022,1,0.3859,-0.0994,-0.4039,318,31.37,20.58133064516129,32.9,8.1,56.8377688172043,7.151948924731183,0.017419354838709676,21.14631,79.08491,6.5
Guwahati,Assam,26.1806,91.7502,2022,1,0.0897,0.1545,-0.1059,57,30.7,17.49366935483871,27.5,8.4,77.26733870967742,6.03396505376344,0.020026881720430108,26.1844,91.7458,6.5
Ghaziabad,Uttar Pradesh,28.6667,77.4167,2022,1,0.2383,-0.019,-0.2466,211,29.23,12.96893817204301,25.4,1.9,77.63467741935484,8.6725,0.047567204301075264,28.66535,77.43915,6.5
Coimbatore,Tamil NÄdu,11.0008,76.9633,2022,1,0.0512,-0.094,-0.0313,417,35.57,24.230967741935483,33.6,14.8,62.895161290322584,9.489314516129033,0.02720430107526882,11.00555,76.96612,6.5
Patna,BihÄr,25.61,85.1414,2022,1,0.1136,0.1993,-0.1568,63,31.39,15.802849462365591,26.2,7.1,77.59919354838709,8.116397849462366,0.016922043010752688,25.59408,85.13563,6.5
Rajkot,GujarÄt,22.2969,70.7984,2022,1,0.0301,0.1635,-0.0471,134,37.09,34.59,40.09,,55.0,7.5,,,,2.5
Vishakhapatnam,Andhra Pradesh,17.6939,83.2922,2022,1,0.2973,-0.0042,-0.2838,12,31.47,28.97,34.47,,55.0,7.5,,,,2.5
Indore,Madhya Pradesh,22.7186,75.855,2022,1,0.0642,0.1225,-0.169,553,33.83,17.89548387096774,31.2,6.2,60.325537634408605,8.858575268817205,0.015376344086021506,22.71792,75.8333,6.5
Abhepur,Punjab,30.6667,76.8333,2022,1,0.2309,0.0246,-0.2699,311,29.23,26.73,32.230000000000004,,55.0,7.5,,,,2.5
Gumanwala,UttarÄkhand,29.9333,77.9,2022,1,0.4888,-0.014,-0.4822,277,27.27,24.77,30.27,,55.0,7.5,,,,2.5
Thane,MahÄrÄshtra,19.18,72.9633,2022,1,0.6589,-0.2074,-0.5832,14,34.13,23.57021505376344,35.8,11.6,59.83736559139785,7.8694758064516135,0.001532258064516129,19.19704,72.96355,6.5
Bhopal,Madhya Pradesh,23.25,77.4167,2022,1,0.1632,0.1469,-0.2055,512,31.13,17.14024193548387,31.1,6.5,64.91505376344087,8.670887096774194,0.028830645161290323,23.25469,77.40289,6.5
Agra,Uttar Pradesh,27.18,78.02,2022,1,0.5423,0.0295,-0.591,184,29.87,13.721250000000001,26.7,3.0,77.71774193548387,7.740376344086021,0.04491935483870967,27.18333,78.01667,6.5
Peyanvilai,Tamil NÄdu,8.5674,78.1046,2022,1,0.1587,-0.0678,-0.1286,8,35.79,33.29,38.79,,55.0,7.5,,,,2.5
Pimpri-Chinchwad,MahÄrÄshtra,18.6278,73.8131,2022,1,0.1421,-0.0885,-0.1194,584,33.2,20.824341397849462,33.2,8.2,59.30846774193548,6.219892473118279,0.003306451612903226,18.61867,73.80375,6.5
Harbatpur,UttarÄkhand,30.45,77.73,2022,1,0.4352,-0.0059,-0.4445,445,27.41,24.91,30.41,,55.0,7.5,,,,2.5
Saundhonwali,UttarÄkhand,30.3331,77.9608,2022,1,0.1087,0.117,-0.1503,612,26.55,24.05,29.55,,55.0,7.5,,,,2.5
Ludhiana,Punjab,30.9083,75.8486,2022,1,0.399,-0.1008,-0.4146,243,29.53,11.398319892473118,22.2,1.5,82.76639784946236,7.204583333333333,0.07833333333333332,30.91204,75.85379,6.5
Meerut,Uttar Pradesh,28.98,77.7064,2022,1,0.0223,0.156,-0.0627,228,29.07,26.57,32.07,,55.0,7.5,,,,2.5
Madurai,Tamil NÄdu,9.9197,78.1194,2022,1,0.0988,0.2633,-0.2597,141,36.85,25.47190860215054,35.2,15.1,66.73131720430108,9.643709677419354,0.034784946236559144,9.919,78.11953,6.5
Nasik,MahÄrÄshtra,20.0,73.7833,2022,1,0.126,0.0979,-0.164,588,31.97,29.47,34.97,,55.0,7.5,,,,2.5
Faridabad,HaryÄna,28.4167,77.3,2022,1,0.3143,0.0387,-0.3121,208,28.91,13.339932795698925,25.6,2.8,75.75255376344086,8.802217741935484,0.0397983870967742,28.41124,77.31316,6.5
Madarpur,BihÄr,26.227,84.6746,2022,1,0.1984,0.0208,-0.2121,69,31.2,28.7,34.2,,55.0,7.5,,,,2.5
Najafgarh,Delhi,28.6125,76.9847,2022,1,0.0951,0.0921,-0.1559,220,29.35,26.85,32.35,,55.0,7.5,,,,2.5
Jabalpur,Madhya Pradesh,23.1667,79.9333,2022,1,0.1494,0.1243,-0.2365,399,31.45,17.15013440860215,30.9,5.1,65.45712365591397,7.502379032258064,0.023911290322580644,23.16697,79.95006,6.5
Madanpur,UttarÄkhand,29.326,79.1537,2022,1,0.7101,-0.1944,-0.6119,315,27.39,24.89,30.39,,55.0,7.5,,,,2.5
Kamalwaganja Gaur,UttarÄkhand,29.2117,79.4654,2022,1,0.768,-0.2187,-0.6534,383,28.89,26.39,31.89,,55.0,7.5,,,,2.5
Kalyan,MahÄrÄshtra,19.25,73.15,2022,1,0.1845,0.1465,-0.1975,10,31.0,28.5,34.0,,55.0,7.5,,,,2.5
Asansol,West Bengal,23.6833,86.9667,2022,1,0.2829,0.1341,-0.3068,125,33.4,30.9,36.4,,55.0,7.5,,,,2.5
Vijayawada,Andhra Pradesh,16.5167,80.6167,2022,1,0.4241,-0.1152,-0.4011,27,31.11,24.579395161290325,34.7,14.9,70.73521505376344,6.980873655913978,0.01424731182795699,16.50745,80.6466,6.5
Vasai-Virar,MahÄrÄshtra,19.47,72.8,2022,1,0.0868,0.0128,-0.1134,0,31.41,28.91,34.41,,55.0,7.5,,,,2.5
Varanasi,Uttar Pradesh,25.3189,83.0128,2022,1,0.1813,0.0143,-0.256,78,33.23,15.528897849462366,27.6,5.5,76.55483870967743,7.823266129032258,0.029704301075268818,25.31668,83.01041,6.5
Kalleli,Kerala,9.2,76.8833,2022,1,0.1991,-0.2034,-0.1338,133,28.29,25.79,31.29,,55.0,7.5,,,,2.5
Srinagar,Jammu and KashmÄ«r,34.0911,74.8061,2022,1,0.113,0.165,-0.1514,1595,23.16,-1.7122043010752688,14.3,-16.6,66.40900537634408,4.477352150537635,0.19651881720430106,34.08565,74.80555,6.5
Aurangabad,MahÄrÄshtra,19.88,75.32,2022,1,0.1921,-0.081,-0.1713,564,32.01,21.19081989247312,32.6,9.8,52.36438172043011,8.416451612903225,0.0035080645161290323,19.87757,75.34226,6.5
Dhanbad,JhÄrkhand,23.7928,86.435,2022,1,0.0374,-0.065,0.0049,245,32.58,17.05918010752688,30.5,6.0,67.77190860215053,7.728736559139786,0.01907258064516129,23.79759,86.42992,6.5
Amritsar,Punjab,31.6269,74.877,2022,1,0.0644,0.0271,-0.1277,234,29.53,11.167325268817203,21.6,0.7,81.14543010752688,6.424623655913978,0.07563172043010753,31.62234,74.87534,6.5
Haora,West Bengal,22.58,88.3294,2022,1,0.2331,0.1324,-0.244,12,30.45,27.95,33.45,,55.0,7.5,,,,2.5
Ranchi,JhÄrkhand,23.3556,85.3347,2022,1,0.69,-0.1295,-0.6241,643,31.59,15.78606182795699,27.8,5.8,64.33212365591397,8.793723118279571,0.016209677419354838,23.34316,85.3094,6.5
Gwalior,Madhya Pradesh,26.2125,78.1775,2022,1,0.0733,0.1197,-0.1577,215,30.91,14.731962365591398,28.8,4.4,72.68924731182796,7.504677419354839,0.04174731182795699,26.22983,78.17337,6.5
Jodhpur,RÄjasthÄn,26.2944,73.0278,2022,1,0.1749,0.0681,-0.2505,251,35.8,16.466290322580644,29.5,4.3,51.160483870967745,10.243172043010752,0.007930107526881721,26.26841,73.00594,6.5
Chandigarh,ChandÄ«garh,30.7364,76.7883,2022,1,0.4693,-0.103,-0.4331,349,28.45,12.27198924731183,23.4,3.0,74.95833333333333,8.758077956989247,0.08446236559139784,30.73629,76.7884,6.5
Raipur,ChhattÄ«sgarh,21.2379,81.6337,2022,1,0.1466,0.0846,-0.1721,309,33.17,19.693870967741933,32.1,7.6,60.54744623655914,6.05239247311828,0.011868279569892472,21.23333,81.63333,6.5
Warangal,TelangÄna,17.9756,79.6011,2022,1,0.1214,0.106,-0.1884,269,31.65,29.15,34.65,,55.0,7.5,,,,2.5
Kota,RÄjasthÄn,25.18,75.83,2022,1,0.1652,-0.0444,-0.1783,230,32.11,16.201424731182797,30.9,4.0,65.39583333333333,6.7313575268817205,0.034408602150537634,25.18254,75.83907,6.5
Bareilly,Uttar Pradesh,28.364,79.415,2022,1,0.0899,0.1128,-0.1575,180,29.91,13.398158602150538,26.2,2.7,79.68387096774194,8.500013440860215,0.04321236559139785,28.36678,79.43167,6.5
Solapur,MahÄrÄshtra,17.6703,75.9011,2022,1,0.1394,0.0996,-0.1967,474,33.37,24.536250000000003,34.5,13.1,44.965860215053766,10.911586021505377,0.0020161290322580645,17.67152,75.91044,6.5
Hubli,KarnÄtaka,15.3108,75.0925,2022,1,0.2695,0.0357,-0.2768,618,31.55,29.05,34.55,,55.0,7.5,,,,2.5
Mysore,KarnÄtaka,12.3086,76.6531,2022,1,-0.0161,0.1411,-0.0341,747,28.95,26.45,31.95,,55.0,7.5,,,,2.5
Trichinopoly,Tamil NÄdu,10.8269,78.6928,2022,1,0.2485,-0.0071,-0.2422,74,32.09,29.590000000000003,35.09,,55.0,7.5,,,,2.5
Moradabad,Uttar Pradesh,28.8389,78.7769,2022,1,0.1718,0.0767,-0.1693,205,29.73,27.23,32.730000000000004,,55.0,7.5,,,,2.5
Tiruppur,Tamil NÄdu,11.1075,77.3398,2022,1,0.3603,-0.0192,-0.3548,305,33.29,25.208333333333332,35.5,15.6,62.428360215053765,7.9706048387096775,0.022473118279569892,11.11541,77.35456,6.5
Jamnagar,GujarÄt,22.47,70.07,2022,1,0.2356,0.049,-0.2533,21,36.67,34.17,39.67,,55.0,7.5,,,,2.5
Gurgaon,HaryÄna,28.4667,77.0333,2022,1,0.2007,-0.0391,-0.2843,224,29.03,26.53,32.03,,55.0,7.5,,,,2.5
Aligarh,Uttar Pradesh,27.88,78.08,2022,1,0.2191,0.0154,-0.2381,190,30.45,13.301666666666666,25.8,2.9,77.90201612903226,8.30231182795699,0.043857526881720434,27.88145,78.07464,6.5
Jalandhar,Punjab,31.3256,75.5792,2022,1,0.1721,0.0282,-0.2343,242,30.19,27.69,33.19,,55.0,7.5,,,,2.5
Bhubaneshwar,Odisha,20.295,85.825,2022,1,0.1415,-0.0126,-0.2128,47,32.61,30.11,35.61,,55.0,7.5,,,,2.5
Bhayandar,MahÄrÄshtra,19.3,72.85,2022,1,0.0584,-0.0633,-0.0283,9,33.27,30.770000000000003,36.27,,55.0,7.5,,,,2.5
Narela,Delhi,28.85,77.1,2022,1,0.7193,-0.2884,-0.6638,212,28.11,25.61,31.11,,55.0,7.5,,,,2.5
Shishgarh,Uttar Pradesh,28.72,79.32,2022,1,0.553,-0.0378,-0.5278,181,27.53,25.03,30.53,,55.0,7.5,,,,2.5
Thiruvananthapuram,Kerala,8.4875,76.9525,2022,1,-0.0008,-0.163,0.0391,15,37.99,35.49,40.99,,55.0,7.5,,,,2.5
Dispur,Assam,26.15,91.77,2022,1,0.8004,-0.3213,-0.681,116,29.77,27.27,32.769999999999996,,55.0,7.5,,,,2.5
Durgapur,West Bengal,23.55,87.32,2022,1,0.3965,-0.001,-0.3849,90,30.41,27.91,33.41,,55.0,7.5,,,,2.5
Bhiwandi,MahÄrÄshtra,19.3,73.0667,2022,1,0.0254,-0.1279,-0.0856,25,37.69,35.19,40.69,,55.0,7.5,,,,2.5
Saharanpur,Uttar Pradesh,29.964,77.546,2022,1,0.0773,0.0862,-0.1557,280,29.63,27.13,32.629999999999995,,55.0,7.5,,,,2.5
Shiliguri,West Bengal,26.72,88.42,2022,1,0.0783,0.0691,-0.0603,119,32.27,29.770000000000003,35.27,,55.0,7.5,,,,2.5
Avadi,Tamil NÄdu,13.1147,80.1098,2022,1,0.0316,-0.1393,-0.0299,32,33.41,30.909999999999997,36.41,,55.0,7.5,,,,2.5
Salem,Tamil NÄdu,11.65,78.1667,2022,1,0.0518,0.0273,-0.0667,285,33.01,30.509999999999998,36.01,,55.0,7.5,,,,2.5
Jui,UttarÄkhand,29.67,78.9098,2022,1,0.8679,-0.2638,-0.7744,890,22.49,19.99,25.49,,55.0,7.5,,,,2.5
Amaldu,UttarÄkhand,29.9333,78.5333,2022,1,0.7068,-0.1732,-0.6411,1406,21.87,19.37,24.87,,55.0,7.5,,,,2.5
Kimsar,Jammu and KashmÄ«r,34.5,74.5333,2022,1,0.6602,-0.2303,-0.6316,3058,14.43,11.93,17.43,,55.0,7.5,,,,2.5
Sinduri,HimÄchal Pradesh,30.7167,77.15,2022,1,0.6555,-0.1786,-0.6287,943,23.71,21.21,26.71,,55.0,7.5,,,,2.5
Gorakhpur,Uttar Pradesh,26.7611,83.3667,2022,1,0.1677,0.0794,-0.215,84,31.25,28.75,34.25,,55.0,7.5,,,,2.5
Guntur,Andhra Pradesh,16.3,80.45,2022,1,0.3022,0.0085,-0.3234,34,34.23,31.729999999999997,37.23,,55.0,7.5,,,,2.5
Karaikandi,Assam,24.8309,92.6143,2022,1,0.2695,-0.252,-0.2119,20,28.87,26.37,31.87,,55.0,7.5,,,,2.5
Mumbai,MahÄrÄshtra,19.0758,72.8775,2022,1,0.0857,0.029,-0.133,5,35.36,23.31008064516129,33.2,14.2,64.56397849462365,10.32875,0.001411290322580645,19.07283,72.88261,6.5
Kolkata,West Bengal,22.5675,88.37,2022,1,0.101,0.0094,-0.1573,6,31.67,18.926102150537638,30.6,9.0,71.28346774193548,7.722836021505376,0.016223118279569893,22.56263,88.36304,6.5
Delhi,Delhi,28.66,77.23,2022,1,0.1247,-0.0399,-0.1295,219,25.98,23.48,28.98,,55.0,7.5,,,,2.5
Chennai,Tamil NÄdu,13.0825,80.275,2022,1,0.0562,0.023,-0.0147,9,29.01,24.796142473118277,30.5,17.3,74.35887096774194,11.460672043010751,0.02995967741935484,13.08784,80.27847,4.213857526881725
Bangalore,KarnÄtaka,12.9791,77.5913,2022,1,0.3181,-0.0308,-0.3184,924,28.02,25.52,31.02,,55.0,7.5,,,,2.5
Ahmedabad,GujarÄt,23.0219,72.5797,2022,1,0.2432,-0.023,-0.2966,52,31.76,29.26,34.760000000000005,,55.0,7.5,,,,2.5
Pune,MahÄrÄshtra,18.5211,73.8553,2022,1,0.2913,-0.0436,-0.3167,554,30.39,27.89,33.39,,55.0,7.5,,,,2.5
Hyderabad,TelangÄna,17.3617,78.4747,2022,1,0.0412,0.0555,-0.0394,508,31.21,21.84111559139785,33.6,10.9,59.34206989247312,8.333333333333334,0.00836021505376344,17.38405,78.45636,6.5
Surat,GujarÄt,21.205,72.84,2022,1,0.1359,0.0451,-0.2067,14,34.13,22.131034946236557,35.0,11.6,55.53709677419355,11.153575268817205,0.0017069892473118278,21.19594,72.83023,6.5
Prayagraj,Uttar Pradesh,25.45,81.85,2022,1,0.3552,-0.0252,-0.3493,95,27.19,24.69,30.19,,55.0,7.5,,,,2.5
Kanpur,GujarÄt,24.285,72.6933,2022,1,0.6008,-0.1599,-0.5955,335,31.08,14.61231182795699,27.4,4.1,77.39435483870967,8.008198924731182,0.0314247311827957,26.46523,80.34975,6.5
Kanpur,Uttar Pradesh,26.4725,80.3311,2022,1,0.1225,0.0384,-0.1766,132,27.36,14.61231182795699,27.4,4.1,77.39435483870967,8.008198924731182,0.0314247311827957,26.46523,80.34975,6.5
Belahi,BihÄr,25.7167,86.4,2022,1,0.1879,-0.2389,-0.135,41,28.95,26.45,31.95,,55.0,7.5,,,,2.5
Vadodara,GujarÄt,22.3,73.2,2022,1,0.2797,-0.0031,-0.2857,38,32.4,20.783776881720428,33.5,8.6,55.36854838709677,8.284059139784947,0.004986559139784946,22.29941,73.20812,6.5
Nadampalaiyam,Tamil NÄdu,11.1793,77.376,2022,1,0.1555,0.0233,-0.1618,318,31.3,28.8,34.3,,55.0,7.5,,,,2.5
Lucknow,Uttar Pradesh,26.847,80.947,2022,1,0.0983,0.0949,-0.135,115,27.45,14.294059139784947,26.8,3.5,77.76411290322581,8.090174731182795,0.03786290322580645,26.83928,80.92313,6.5
Kannankulam,Kerala,10.4799,76.1131,2022,1,0.41,-0.1676,-0.3634,13,29.94,27.44,32.94,,55.0,7.5,,,,2.5
Mahuakheraganj,UttarÄkhand,29.13,78.95,2022,1,0.1968,0.0194,-0.242,222,26.74,24.24,29.74,,55.0,7.5,,,,2.5
Nagla,UttarÄkhand,29.01,79.51,2022,1,0.4084,0.0226,-0.4199,227,26.16,23.66,29.16,,55.0,7.5,,,,2.5
Jaipur,RÄjasthÄn,26.915,75.82,2022,1,0.6024,-0.1357,-0.6114,441,28.44,14.308373655913979,28.1,2.7,62.82728494623656,8.242083333333333,0.02646505376344086,26.91962,75.78781,6.5
Kottarassheri,Kerala,10.6167,76.5333,2022,1,0.5103,0.0477,-0.4831,147,29.08,26.58,32.08,,55.0,7.5,,,,2.5
Attadappa,Kerala,11.85,75.4167,2022,1,0.6955,-0.2879,-0.6111,37,30.14,27.64,33.14,,55.0,7.5,,,,2.5
Barmhan Kalan,Madhya Pradesh,23.0333,79.0167,2022,1,0.6631,-0.2165,-0.6043,337,29.02,26.52,32.019999999999996,,55.0,7.5,,,,2.5
Gorakhpur,ChhattÄ«sgarh,22.1688,81.6042,2022,1,0.3891,-0.0127,-0.4373,305,28.17,25.67,31.17,,55.0,7.5,,,,2.5
Nagpur,MahÄrÄshtra,21.1497,79.0806,2022,1,0.3321,-0.1075,-0.353,318,29.19,20.58133064516129,32.9,8.1,56.8377688172043,7.151948924731183,0.017419354838709676,21.14631,79.08491,6.5
Guwahati,Assam,26.1806,91.7502,2022,1,0.089,0.1384,-0.1183,57,27.4,17.49366935483871,27.5,8.4,77.26733870967742,6.03396505376344,0.020026881720430108,26.1844,91.7458,6.5
Ghaziabad,Uttar Pradesh,28.6667,77.4167,2022,1,0.1425,-0.0953,-0.1626,211,26.83,12.96893817204301,25.4,1.9,77.63467741935484,8.6725,0.047567204301075264,28.66535,77.43915,6.5
Coimbatore,Tamil NÄdu,11.0008,76.9633,2022,1,0.2728,0.0123,-0.2507,417,31.84,24.230967741935483,33.6,14.8,62.895161290322584,9.489314516129033,0.02720430107526882,11.00555,76.96612,6.5
Patna,BihÄr,25.61,85.1414,2022,1,0.1149,0.1796,-0.175,63,27.6,15.802849462365591,26.2,7.1,77.59919354838709,8.116397849462366,0.016922043010752688,25.59408,85.13563,6.5
Rajkot,GujarÄt,22.2969,70.7984,2022,1,0.0739,0.1653,-0.1101,134,33.11,30.61,36.11,,55.0,7.5,,,,2.5
Vishakhapatnam,Andhra Pradesh,17.6939,83.2922,2022,1,0.2904,0.0631,-0.3279,12,30.72,28.22,33.72,,55.0,7.5,,,,2.5
Indore,Madhya Pradesh,22.7186,75.855,2022,1,0.0931,0.0545,-0.2082,553,30.85,17.89548387096774,31.2,6.2,60.325537634408605,8.858575268817205,0.015376344086021506,22.71792,75.8333,6.5
Abhepur,Punjab,30.6667,76.8333,2022,1,0.2058,0.0012,-0.2362,311,25.0,22.5,28.0,,55.0,7.5,,,,2.5
Gumanwala,UttarÄkhand,29.9333,77.9,2022,1,0.334,0.0765,-0.4245,277,24.58,22.08,27.58,,55.0,7.5,,,,2.5
Thane,MahÄrÄshtra,19.18,72.9633,2022,1,0.6375,-0.1849,-0.577,14,32.5,23.57021505376344,35.8,11.6,59.83736559139785,7.8694758064516135,0.001532258064516129,19.19704,72.96355,6.5
Bhopal,Madhya Pradesh,23.25,77.4167,2022,1,0.1273,0.1401,-0.1698,512,28.24,17.14024193548387,31.1,6.5,64.91505376344087,8.670887096774194,0.028830645161290323,23.25469,77.40289,6.5
Agra,Uttar Pradesh,27.18,78.02,2022,1,0.4665,-0.0469,-0.4762,184,25.5,13.721250000000001,26.7,3.0,77.71774193548387,7.740376344086021,0.04491935483870967,27.18333,78.01667,6.5
Peyanvilai,Tamil NÄdu,8.5674,78.1046,2022,1,0.0516,-0.1308,-0.0066,8,30.98,28.48,33.980000000000004,,55.0,7.5,,,,2.5
Pimpri-Chinchwad,MahÄrÄshtra,18.6278,73.8131,2022,1,0.7095,-0.2125,-0.6692,584,31.06,20.824341397849462,33.2,8.2,59.30846774193548,6.219892473118279,0.003306451612903226,18.61867,73.80375,6.5
Harbatpur,UttarÄkhand,30.45,77.73,2022,1,0.3298,0.0761,-0.3424,445,24.42,21.92,27.42,,55.0,7.5,,,,2.5
Saundhonwali,UttarÄkhand,30.3331,77.9608,2022,1,0.1004,0.1199,-0.1564,612,23.35,20.85,26.35,,55.0,7.5,,,,2.5
Ludhiana,Punjab,30.9083,75.8486,2022,1,0.2608,-0.0777,-0.2738,243,25.25,11.398319892473118,22.2,1.5,82.76639784946236,7.204583333333333,0.07833333333333332,30.91204,75.85379,6.5
Meerut,Uttar Pradesh,28.98,77.7064,2022,1,0.043,0.0516,-0.0528,228,26.26,23.76,29.26,,55.0,7.5,,,,2.5
Madurai,Tamil NÄdu,9.9197,78.1194,2022,1,0.056,0.2425,-0.0844,141,32.69,25.47190860215054,35.2,15.1,66.73131720430108,9.643709677419354,0.034784946236559144,9.919,78.11953,6.5
Nasik,MahÄrÄshtra,20.0,73.7833,2022,1,0.1423,0.0805,-0.2168,588,30.46,27.96,33.46,,55.0,7.5,,,,2.5
Faridabad,HaryÄna,28.4167,77.3,2022,1,0.1987,0.0659,-0.2349,208,26.48,13.339932795698925,25.6,2.8,75.75255376344086,8.802217741935484,0.0397983870967742,28.41124,77.31316,6.5
Madarpur,BihÄr,26.227,84.6746,2022,1,0.1646,0.0299,-0.2351,69,27.47,24.97,30.47,,55.0,7.5,,,,2.5
Najafgarh,Delhi,28.6125,76.9847,2022,1,0.0757,0.0706,-0.0461,220,26.66,24.16,29.66,,55.0,7.5,,,,2.5
Jabalpur,Madhya Pradesh,23.1667,79.9333,2022,1,0.1023,0.1358,-0.1573,399,29.02,17.15013440860215,30.9,5.1,65.45712365591397,7.502379032258064,0.023911290322580644,23.16697,79.95006,6.5
Madanpur,UttarÄkhand,29.326,79.1537,2022,1,0.4297,0.0267,-0.4345,315,25.23,22.73,28.23,,55.0,7.5,,,,2.5
Kamalwaganja Gaur,UttarÄkhand,29.2117,79.4654,2022,1,0.592,-0.1288,-0.56,383,26.0,23.5,29.0,,55.0,7.5,,,,2.5
Kalyan,MahÄrÄshtra,19.25,73.15,2022,1,0.2671,0.137,-0.2998,10,32.57,30.07,35.57,,55.0,7.5,,,,2.5
Asansol,West Bengal,23.6833,86.9667,2022,1,0.2255,0.098,-0.2559,125,29.34,26.84,32.34,,55.0,7.5,,,,2.5
Vijayawada,Andhra Pradesh,16.5167,80.6167,2022,1,0.4634,-0.151,-0.405,27,30.22,24.579395161290325,34.7,14.9,70.73521505376344,6.980873655913978,0.01424731182795699,16.50745,80.6466,5.640604838709674
Vasai-Virar,MahÄrÄshtra,19.47,72.8,2022,1,0.1389,0.2035,-0.1864,0,32.09,29.590000000000003,35.09,,55.0,7.5,,,,2.5
Varanasi,Uttar Pradesh,25.3189,83.0128,2022,1,0.1837,0.0007,-0.2434,78,26.75,15.528897849462366,27.6,5.5,76.55483870967743,7.823266129032258,0.029704301075268818,25.31668,83.01041,6.5
Kalleli,Kerala,9.2,76.8833,2022,1,0.1599,-0.1904,-0.1159,133,27.91,25.41,30.91,,55.0,7.5,,,,2.5
Srinagar,Jammu and KashmÄ«r,34.0911,74.8061,2022,1,0.0054,0.0551,0.0231,1595,15.53,-1.7122043010752688,14.3,-16.6,66.40900537634408,4.477352150537635,0.19651881720430106,34.08565,74.80555,6.5
Aurangabad,MahÄrÄshtra,19.88,75.32,2022,1,0.4486,-0.0962,-0.4402,564,31.48,21.19081989247312,32.6,9.8,52.36438172043011,8.416451612903225,0.0035080645161290323,19.87757,75.34226,6.5
Dhanbad,JhÄrkhand,23.7928,86.435,2022,1,0.4556,0.0091,-0.5027,245,29.17,17.05918010752688,30.5,6.0,67.77190860215053,7.728736559139786,0.01907258064516129,23.79759,86.42992,6.5
Amritsar,Punjab,31.6269,74.877,2022,1,-0.0126,-0.0231,-0.0728,234,25.33,11.167325268817203,21.6,0.7,81.14543010752688,6.424623655913978,0.07563172043010753,31.62234,74.87534,6.5
Haora,West Bengal,22.58,88.3294,2022,1,0.1775,0.138,-0.1989,12,29.71,27.21,32.71,,55.0,7.5,,,,2.5
Ranchi,JhÄrkhand,23.3556,85.3347,2022,1,0.5892,-0.1012,-0.5443,643,26.83,15.78606182795699,27.8,5.8,64.33212365591397,8.793723118279571,0.016209677419354838,23.34316,85.3094,6.5
Gwalior,Madhya Pradesh,26.2125,78.1775,2022,1,0.0198,0.1655,-0.0959,215,27.77,14.731962365591398,28.8,4.4,72.68924731182796,7.504677419354839,0.04174731182795699,26.22983,78.17337,6.5
Jodhpur,RÄjasthÄn,26.2944,73.0278,2022,1,0.1632,0.0715,-0.2287,251,30.52,16.466290322580644,29.5,4.3,51.160483870967745,10.243172043010752,0.007930107526881721,26.26841,73.00594,6.5
Chandigarh,ChandÄ«garh,30.7364,76.7883,2022,1,0.4347,-0.1063,-0.3955,349,24.07,12.27198924731183,23.4,3.0,74.95833333333333,8.758077956989247,0.08446236559139784,30.73629,76.7884,6.5
Raipur,ChhattÄ«sgarh,21.2379,81.6337,2022,1,0.116,0.0631,-0.194,309,29.59,19.693870967741933,32.1,7.6,60.54744623655914,6.05239247311828,0.011868279569892472,21.23333,81.63333,6.5
Warangal,TelangÄna,17.9756,79.6011,2022,1,0.0906,0.0878,-0.1534,269,31.07,28.57,34.07,,55.0,7.5,,,,2.5
Kota,RÄjasthÄn,25.18,75.83,2022,1,0.1133,0.0435,-0.1956,230,29.08,16.201424731182797,30.9,4.0,65.39583333333333,6.7313575268817205,0.034408602150537634,25.18254,75.83907,6.5
Bareilly,Uttar Pradesh,28.364,79.415,2022,1,0.0635,0.11,-0.1003,180,26.21,13.398158602150538,26.2,2.7,79.68387096774194,8.500013440860215,0.04321236559139785,28.36678,79.43167,6.5
Solapur,MahÄrÄshtra,17.6703,75.9011,2022,1,0.1577,0.0712,-0.22,474,31.74,24.536250000000003,34.5,13.1,44.965860215053766,10.911586021505377,0.0020161290322580645,17.67152,75.91044,6.5
Hubli,KarnÄtaka,15.3108,75.0925,2022,1,0.2526,0.0676,-0.2801,618,30.91,28.41,33.91,,55.0,7.5,,,,2.5
Mysore,KarnÄtaka,12.3086,76.6531,2022,1,0.045,0.1048,-0.0965,747,29.86,27.36,32.86,,55.0,7.5,,,,2.5
Trichinopoly,Tamil NÄdu,10.8269,78.6928,2022,1,0.0455,-0.0808,-0.0033,74,31.61,29.11,34.61,,55.0,7.5,,,,2.5
Moradabad,Uttar Pradesh,28.8389,78.7769,2022,1,0.0876,0.0742,-0.0935,205,26.3,23.8,29.3,,55.0,7.5,,,,2.5
Tiruppur,Tamil NÄdu,11.1075,77.3398,2022,1,0.2635,0.0256,-0.2453,305,33.2,25.208333333333332,35.5,15.6,62.428360215053765,7.9706048387096775,0.022473118279569892,11.11541,77.35456,6.5
Jamnagar,GujarÄt,22.47,70.07,2022,1,0.2537,0.066,-0.2945,21,32.63,30.130000000000003,35.63,,55.0,7.5,,,,2.5
Gurgaon,HaryÄna,28.4667,77.0333,2022,1,0.1506,-0.0202,-0.196,224,26.55,24.05,29.55,,55.0,7.5,,,,2.5
Aligarh,Uttar Pradesh,27.88,78.08,2022,1,0.1949,0.0135,-0.2361,190,27.48,13.301666666666666,25.8,2.9,77.90201612903226,8.30231182795699,0.043857526881720434,27.88145,78.07464,6.5
Jalandhar,Punjab,31.3256,75.5792,2022,1,0.1493,-0.0229,-0.1788,242,25.11,22.61,28.11,,55.0,7.5,,,,2.5
Bhubaneshwar,Odisha,20.295,85.825,2022,1,0.1847,-0.0558,-0.2318,47,30.47,27.97,33.47,,55.0,7.5,,,,2.5
Bhayandar,MahÄrÄshtra,19.3,72.85,2022,1,0.2203,0.1676,-0.2344,9,33.18,30.68,36.18,,55.0,7.5,,,,2.5
Narela,Delhi,28.85,77.1,2022,1,0.3055,-0.0829,-0.2928,212,26.1,23.6,29.1,,55.0,7.5,,,,2.5
Shishgarh,Uttar Pradesh,28.72,79.32,2022,1,0.3661,-0.0257,-0.3921,181,24.52,22.02,27.52,,55.0,7.5,,,,2.5
Thiruvananthapuram,Kerala,8.4875,76.9525,2022,1,-0.0309,-0.1625,0.0654,15,35.94,33.44,38.94,,55.0,7.5,,,,2.5
Dispur,Assam,26.15,91.77,2022,1,0.6855,-0.1979,-0.5959,116,28.18,25.68,31.18,,55.0,7.5,,,,2.5
Durgapur,West Bengal,23.55,87.32,2022,1,0.3426,0.0128,-0.3906,90,28.61,26.11,31.61,,55.0,7.5,,,,2.5
Bhiwandi,MahÄrÄshtra,19.3,73.0667,2022,1,0.0711,-0.1152,-0.1431,25,36.12,33.62,39.12,,55.0,7.5,,,,2.5
Saharanpur,Uttar Pradesh,29.964,77.546,2022,1,0.038,0.0077,-0.0575,280,25.88,23.38,28.88,,55.0,7.5,,,,2.5
Shiliguri,West Bengal,26.72,88.42,2022,1,0.0876,0.1617,-0.1238,119,30.83,28.33,33.83,,55.0,7.5,,,,2.5
Avadi,Tamil NÄdu,13.1147,80.1098,2022,1,0.328,-0.0023,-0.3204,32,28.39,25.89,31.39,,55.0,7.5,,,,2.5
Salem,Tamil NÄdu,11.65,78.1667,2022,1,-0.0214,-0.1524,0.0608,285,33.31,30.810000000000002,36.31,,55.0,7.5,,,,2.5
Jui,UttarÄkhand,29.67,78.9098,2022,1,0.8486,-0.2784,-0.7602,890,20.54,18.04,23.54,,55.0,7.5,,,,2.5
Amaldu,UttarÄkhand,29.9333,78.5333,2022,1,0.6585,-0.1012,-0.6342,1406,19.54,17.04,22.54,,55.0,7.5,,,,2.5
Kimsar,Jammu and KashmÄ«r,34.5,74.5333,2022,1,0.2952,-0.661,-0.2472,3058,3.37,0.8700000000000001,6.37,,55.0,7.5,,,,2.5
Sinduri,HimÄchal Pradesh,30.7167,77.15,2022,1,0.5332,-0.05,-0.5276,943,20.73,18.23,23.73,,55.0,7.5,,,,2.5
Gorakhpur,Uttar Pradesh,26.7611,83.3667,2022,1,0.1436,0.0735,-0.1981,84,27.64,25.14,30.64,,55.0,7.5,,,,2.5
Guntur,Andhra Pradesh,16.3,80.45,2022,1,0.2951,0.0061,-0.2968,34,32.89,30.39,35.89,,55.0,7.5,,,,2.5
Karaikandi,Assam,24.8309,92.6143,2022,1,0.8307,-0.3156,-0.6996,20,27.65,25.15,30.65,,55.0,7.5,,,,2.5
Mumbai,MahÄrÄshtra,19.0758,72.8775,2022,1,0.0395,0.0148,-0.0703,5,34.66,23.31008064516129,33.2,14.2,64.56397849462365,10.32875,0.001411290322580645,19.07283,72.88261,6.5
Kolkata,West Bengal,22.5675,88.37,2022,1,0.102,-0.0051,-0.1631,6,26.89,18.926102150537638,30.6,9.0,71.28346774193548,7.722836021505376,0.016223118279569893,22.56263,88.36304,6.5
Delhi,Delhi,28.66,77.23,2022,1,0.092,0.0521,-0.1726,219,19.9,17.4,22.9,,55.0,7.5,,,,2.5
Chennai,Tamil NÄdu,13.0825,80.275,2022,1,0.0081,-0.1787,0.0075,9,29.84,24.796142473118277,30.5,17.3,74.35887096774194,11.460672043010751,0.02995967741935484,13.08784,80.27847,5.043857526881723
Bangalore,KarnÄtaka,12.9791,77.5913,2022,1,0.1248,0.017,-0.201,924,27.94,25.44,30.94,,55.0,7.5,,,,2.5
Ahmedabad,GujarÄt,23.0219,72.5797,2022,1,0.2556,-0.0577,-0.2785,52,27.62,25.12,30.62,,55.0,7.5,,,,2.5
Pune,MahÄrÄshtra,18.5211,73.8553,2022,1,0.2255,-0.0329,-0.2552,554,29.23,26.73,32.230000000000004,,55.0,7.5,,,,2.5
Hyderabad,TelangÄna,17.3617,78.4747,2022,1,0.0441,0.2048,-0.1046,508,30.31,21.84111559139785,33.6,10.9,59.34206989247312,8.333333333333334,0.00836021505376344,17.38405,78.45636,6.5
Surat,GujarÄt,21.205,72.84,2022,1,0.1229,0.071,-0.2042,14,31.37,22.131034946236557,35.0,11.6,55.53709677419355,11.153575268817205,0.0017069892473118278,21.19594,72.83023,6.5
Prayagraj,Uttar Pradesh,25.45,81.85,2022,1,0.3001,-0.0362,-0.316,95,22.57,20.07,25.57,,55.0,7.5,,,,2.5
Kanpur,GujarÄt,24.285,72.6933,2022,1,0.6038,-0.1695,-0.6027,335,26.83,14.61231182795699,27.4,4.1,77.39435483870967,8.008198924731182,0.0314247311827957,26.46523,80.34975,6.5
Kanpur,Uttar Pradesh,26.4725,80.3311,2022,1,0.1256,0.0622,-0.1817,132,22.39,14.61231182795699,27.4,4.1,77.39435483870967,8.008198924731182,0.0314247311827957,26.46523,80.34975,6.5
Belahi,BihÄr,25.7167,86.4,2022,1,0.2552,-0.3179,-0.2062,41,23.12,20.62,26.12,,55.0,7.5,,,,2.5
Vadodara,GujarÄt,22.3,73.2,2022,1,0.1868,0.0254,-0.2312,38,29.5,20.783776881720428,33.5,8.6,55.36854838709677,8.284059139784947,0.004986559139784946,22.29941,73.20812,6.5
Nadampalaiyam,Tamil NÄdu,11.1793,77.376,2022,1,0.1335,0.0518,-0.1701,318,30.27,27.77,33.269999999999996,,55.0,7.5,,,,2.5
Lucknow,Uttar Pradesh,26.847,80.947,2022,1,0.0771,0.0637,-0.1443,115,22.7,14.294059139784947,26.8,3.5,77.76411290322581,8.090174731182795,0.03786290322580645,26.83928,80.92313,6.5
Kannankulam,Kerala,10.4799,76.1131,2022,1,0.4953,-0.1538,-0.439,13,28.01,25.51,31.01,,55.0,7.5,,,,2.5
Mahuakheraganj,UttarÄkhand,29.13,78.95,2022,1,0.2731,-0.124,-0.2871,222,21.31,18.81,24.31,,55.0,7.5,,,,2.5
Nagla,UttarÄkhand,29.01,79.51,2022,1,0.511,-0.1536,-0.4598,227,20.73,18.23,23.73,,55.0,7.5,,,,2.5
Jaipur,RÄjasthÄn,26.915,75.82,2022,1,0.5668,-0.1479,-0.591,441,23.44,14.308373655913979,28.1,2.7,62.82728494623656,8.242083333333333,0.02646505376344086,26.91962,75.78781,6.5
Kottarassheri,Kerala,10.6167,76.5333,2022,1,0.4565,0.1639,-0.4501,147,28.69,26.19,31.69,,55.0,7.5,,,,2.5
Attadappa,Kerala,11.85,75.4167,2022,1,0.8218,-0.3284,-0.7402,37,30.5,28.0,33.5,,55.0,7.5,,,,2.5
Barmhan Kalan,Madhya Pradesh,23.0333,79.0167,2022,1,0.6386,-0.2103,-0.5823,337,25.43,22.93,28.43,,55.0,7.5,,,,2.5
Gorakhpur,ChhattÄ«sgarh,22.1688,81.6042,2022,1,0.3224,0.0489,-0.4051,305,27.71,25.21,30.71,,55.0,7.5,,,,2.5
Nagpur,MahÄrÄshtra,21.1497,79.0806,2022,1,0.3237,-0.1003,-0.3474,318,27.76,20.58133064516129,32.9,8.1,56.8377688172043,7.151948924731183,0.017419354838709676,21.14631,79.08491,6.5
Guwahati,Assam,26.1806,91.7502,2022,1,0.0624,0.115,-0.0881,57,23.98,17.49366935483871,27.5,8.4,77.26733870967742,6.03396505376344,0.020026881720430108,26.1844,91.7458,6.486330645161292
Ghaziabad,Uttar Pradesh,28.6667,77.4167,2022,1,0.1834,-0.0042,-0.1987,211,20.69,12.96893817204301,25.4,1.9,77.63467741935484,8.6725,0.047567204301075264,28.66535,77.43915,6.5
Coimbatore,Tamil NÄdu,11.0008,76.9633,2022,1,0.2812,0.0224,-0.263,417,32.17,24.230967741935483,33.6,14.8,62.895161290322584,9.489314516129033,0.02720430107526882,11.00555,76.96612,6.5
Patna,BihÄr,25.61,85.1414,2022,1,0.061,0.0543,-0.1141,63,23.11,15.802849462365591,26.2,7.1,77.59919354838709,8.116397849462366,0.016922043010752688,25.59408,85.13563,6.5
Rajkot,GujarÄt,22.2969,70.7984,2022,1,0.062,0.1428,-0.1042,134,29.28,26.78,32.28,,55.0,7.5,,,,2.5
Vishakhapatnam,Andhra Pradesh,17.6939,83.2922,2022,1,0.2217,0.0066,-0.211,12,28.48,25.98,31.48,,55.0,7.5,,,,2.5
Indore,Madhya Pradesh,22.7186,75.855,2022,1,0.054,0.067,-0.153,553,27.49,17.89548387096774,31.2,6.2,60.325537634408605,8.858575268817205,0.015376344086021506,22.71792,75.8333,6.5
Abhepur,Punjab,30.6667,76.8333,2022,1,0.1838,-0.0264,-0.2033,311,19.27,16.77,22.27,,55.0,7.5,,,,2.5
Gumanwala,UttarÄkhand,29.9333,77.9,2022,1,0.1299,-0.0531,-0.1305,277,19.02,16.52,22.02,,55.0,7.5,,,,2.5
Thane,MahÄrÄshtra,19.18,72.9633,2022,1,0.4852,-0.105,-0.4569,14,31.49,23.57021505376344,35.8,11.6,59.83736559139785,7.8694758064516135,0.001532258064516129,19.19704,72.96355,6.5
Bhopal,Madhya Pradesh,23.25,77.4167,2022,1,0.1406,0.1573,-0.1851,512,25.0,17.14024193548387,31.1,6.5,64.91505376344087,8.670887096774194,0.028830645161290323,23.25469,77.40289,6.5
Agra,Uttar Pradesh,27.18,78.02,2022,1,0.3411,0.0381,-0.4412,184,20.92,13.721250000000001,26.7,3.0,77.71774193548387,7.740376344086021,0.04491935483870967,27.18333,78.01667,6.5
Peyanvilai,Tamil NÄdu,8.5674,78.1046,2022,1,0.1784,-0.226,-0.1663,8,30.32,27.82,33.32,,55.0,7.5,,,,2.5
Pimpri-Chinchwad,MahÄrÄshtra,18.6278,73.8131,2022,1,0.6585,-0.2066,-0.6111,584,30.85,20.824341397849462,33.2,8.2,59.30846774193548,6.219892473118279,0.003306451612903226,18.61867,73.80375,6.5
Harbatpur,UttarÄkhand,30.45,77.73,2022,1,0.2599,-0.0102,-0.2322,445,19.3,16.8,22.3,,55.0,7.5,,,,2.5
Saundhonwali,UttarÄkhand,30.3331,77.9608,2022,1,0.1408,0.0502,-0.184,612,18.26,15.760000000000002,21.26,,55.0,7.5,,,,2.5
Ludhiana,Punjab,30.9083,75.8486,2022,1,0.1383,-0.0952,-0.1114,243,19.54,11.398319892473118,22.2,1.5,82.76639784946236,7.204583333333333,0.07833333333333332,30.91204,75.85379,6.5
Meerut,Uttar Pradesh,28.98,77.7064,2022,1,0.0633,0.096,-0.1354,228,18.87,16.37,21.87,,55.0,7.5,,,,2.5
Madurai,Tamil NÄdu,9.9197,78.1194,2022,1,0.1452,0.3044,-0.3284,141,32.73,25.47190860215054,35.2,15.1,66.73131720430108,9.643709677419354,0.034784946236559144,9.919,78.11953,6.5
Nasik,MahÄrÄshtra,20.0,73.7833,2022,1,0.1237,0.0956,-0.1981,588,28.75,26.25,31.75,,55.0,7.5,,,,2.5
Faridabad,HaryÄna,28.4167,77.3,2022,1,0.2709,0.0837,-0.3324,208,20.64,13.339932795698925,25.6,2.8,75.75255376344086,8.802217741935484,0.0397983870967742,28.41124,77.31316,6.5
Madarpur,BihÄr,26.227,84.6746,2022,1,0.1403,0.0095,-0.1822,69,23.0,20.5,26.0,,55.0,7.5,,,,2.5
Najafgarh,Delhi,28.6125,76.9847,2022,1,0.0574,0.0348,-0.1058,220,20.49,17.99,23.49,,55.0,7.5,,,,2.5
Jabalpur,Madhya Pradesh,23.1667,79.9333,2022,1,0.1129,0.1307,-0.193,399,26.39,17.15013440860215,30.9,5.1,65.45712365591397,7.502379032258064,0.023911290322580644,23.16697,79.95006,6.5
Madanpur,UttarÄkhand,29.326,79.1537,2022,1,0.3107,0.0059,-0.3354,315,21.22,18.72,24.22,,55.0,7.5,,,,2.5
Kamalwaganja Gaur,UttarÄkhand,29.2117,79.4654,2022,1,0.5143,-0.0826,-0.4893,383,21.51,19.01,24.51,,55.0,7.5,,,,2.5
Kalyan,MahÄrÄshtra,19.25,73.15,2022,1,0.1722,0.1622,-0.2254,10,32.2,29.700000000000003,35.2,,55.0,7.5,,,,2.5
Asansol,West Bengal,23.6833,86.9667,2022,1,0.1315,0.0863,-0.1695,125,24.7,22.2,27.7,,55.0,7.5,,,,2.5
Vijayawada,Andhra Pradesh,16.5167,80.6167,2022,1,0.1714,-0.1267,-0.0712,27,27.68,24.579395161290325,34.7,14.9,70.73521505376344,6.980873655913978,0.01424731182795699,16.50745,80.6466,3.1006048387096747
Vasai-Virar,MahÄrÄshtra,19.47,72.8,2022,1,0.0926,0.3038,-0.1411,0,31.8,29.3,34.8,,55.0,7.5,,,,2.5
Varanasi,Uttar Pradesh,25.3189,83.0128,2022,1,0.1175,-0.0293,-0.1651,78,21.47,15.528897849462366,27.6,5.5,76.55483870967743,7.823266129032258,0.029704301075268818,25.31668,83.01041,5.941102150537633
Kalleli,Kerala,9.2,76.8833,2022,1,0.5944,-0.1251,-0.5457,133,30.31,27.81,33.31,,55.0,7.5,,,,2.5
Srinagar,Jammu and KashmÄ«r,34.0911,74.8061,2022,1,-0.0266,-0.0963,0.0322,1595,8.9,-1.7122043010752688,14.3,-16.6,66.40900537634408,4.477352150537635,0.19651881720430106,34.08565,74.80555,6.5
Aurangabad,MahÄrÄshtra,19.88,75.32,2022,1,0.4303,-0.114,-0.4457,564,29.79,21.19081989247312,32.6,9.8,52.36438172043011,8.416451612903225,0.0035080645161290323,19.87757,75.34226,6.5
Dhanbad,JhÄrkhand,23.7928,86.435,2022,1,0.2748,0.017,-0.283,245,24.75,17.05918010752688,30.5,6.0,67.77190860215053,7.728736559139786,0.01907258064516129,23.79759,86.42992,6.5
Amritsar,Punjab,31.6269,74.877,2022,1,0.071,-0.0253,-0.1265,234,19.36,11.167325268817203,21.6,0.7,81.14543010752688,6.424623655913978,0.07563172043010753,31.62234,74.87534,6.5
Haora,West Bengal,22.58,88.3294,2022,1,0.1045,0.0759,-0.1028,12,25.2,22.7,28.2,,55.0,7.5,,,,2.5
Ranchi,JhÄrkhand,23.3556,85.3347,2022,1,0.4891,-0.0694,-0.4627,643,24.47,15.78606182795699,27.8,5.8,64.33212365591397,8.793723118279571,0.016209677419354838,23.34316,85.3094,6.5
Gwalior,Madhya Pradesh,26.2125,78.1775,2022,1,0.0656,0.1536,-0.1661,215,22.24,14.731962365591398,28.8,4.4,72.68924731182796,7.504677419354839,0.04174731182795699,26.22983,78.17337,6.5
Jodhpur,RÄjasthÄn,26.2944,73.0278,2022,1,0.1749,0.0794,-0.2501,251,25.09,16.466290322580644,29.5,4.3,51.160483870967745,10.243172043010752,0.007930107526881721,26.26841,73.00594,6.5
Chandigarh,ChandÄ«garh,30.7364,76.7883,2022,1,0.3785,-0.1002,-0.3462,349,17.64,12.27198924731183,23.4,3.0,74.95833333333333,8.758077956989247,0.08446236559139784,30.73629,76.7884,5.368010752688171
Raipur,ChhattÄ«sgarh,21.2379,81.6337,2022,1,0.0578,0.0836,-0.1228,309,28.31,19.693870967741933,32.1,7.6,60.54744623655914,6.05239247311828,0.011868279569892472,21.23333,81.63333,6.5
Warangal,TelangÄna,17.9756,79.6011,2022,1,0.0667,0.1082,-0.1182,269,30.41,27.91,33.41,,55.0,7.5,,,,2.5
Kota,RÄjasthÄn,25.18,75.83,2022,1,0.0966,0.0538,-0.1688,230,24.25,16.201424731182797,30.9,4.0,65.39583333333333,6.7313575268817205,0.034408602150537634,25.18254,75.83907,6.5
Bareilly,Uttar Pradesh,28.364,79.415,2022,1,0.0429,0.0929,-0.0913,180,20.68,13.398158602150538,26.2,2.7,79.68387096774194,8.500013440860215,0.04321236559139785,28.36678,79.43167,6.5
Solapur,MahÄrÄshtra,17.6703,75.9011,2022,1,0.1827,0.0984,-0.241,474,32.3,24.536250000000003,34.5,13.1,44.965860215053766,10.911586021505377,0.0020161290322580645,17.67152,75.91044,6.5
Hubli,KarnÄtaka,15.3108,75.0925,2022,1,0.2446,0.0704,-0.279,618,30.73,28.23,33.730000000000004,,55.0,7.5,,,,2.5
Mysore,KarnÄtaka,12.3086,76.6531,2022,1,0.0451,0.1772,-0.0714,747,29.81,27.31,32.81,,55.0,7.5,,,,2.5
Trichinopoly,Tamil NÄdu,10.8269,78.6928,2022,1,0.3895,0.0237,-0.3919,74,30.63,28.13,33.629999999999995,,55.0,7.5,,,,2.5
Moradabad,Uttar Pradesh,28.8389,78.7769,2022,1,0.0679,0.0195,-0.0798,205,20.82,18.32,23.82,,55.0,7.5,,,,2.5
Tiruppur,Tamil NÄdu,11.1075,77.3398,2022,1,0.253,0.0206,-0.2487,305,31.9,25.208333333333332,35.5,15.6,62.428360215053765,7.9706048387096775,0.022473118279569892,11.11541,77.35456,6.5
Jamnagar,GujarÄt,22.47,70.07,2022,1,0.2451,0.0645,-0.2752,21,28.15,25.65,31.15,,55.0,7.5,,,,2.5
Gurgaon,HaryÄna,28.4667,77.0333,2022,1,0.1857,-0.0207,-0.2618,224,20.09,17.59,23.09,,55.0,7.5,,,,2.5
Aligarh,Uttar Pradesh,27.88,78.08,2022,1,0.1702,0.0187,-0.225,190,21.42,13.301666666666666,25.8,2.9,77.90201612903226,8.30231182795699,0.043857526881720434,27.88145,78.07464,6.5
Jalandhar,Punjab,31.3256,75.5792,2022,1,0.1383,0.0207,-0.2287,242,20.46,17.96,23.46,,55.0,7.5,,,,2.5
Bhubaneshwar,Odisha,20.295,85.825,2022,1,0.1333,-0.0509,-0.1713,47,28.48,25.98,31.48,,55.0,7.5,,,,2.5
Bhayandar,MahÄrÄshtra,19.3,72.85,2022,1,0.1963,0.1387,-0.2145,9,32.32,29.82,35.32,,55.0,7.5,,,,2.5
Narela,Delhi,28.85,77.1,2022,1,0.3545,0.0021,-0.4818,212,20.32,17.82,23.32,,55.0,7.5,,,,2.5
Shishgarh,Uttar Pradesh,28.72,79.32,2022,1,0.6669,-0.3358,-0.5991,181,18.81,16.31,21.81,,55.0,7.5,,,,2.5
Thiruvananthapuram,Kerala,8.4875,76.9525,2022,1,0.0203,-0.0713,0.0193,15,33.98,31.479999999999997,36.98,,55.0,7.5,,,,2.5
Dispur,Assam,26.15,91.77,2022,1,0.5586,-0.1093,-0.5063,116,24.35,21.85,27.35,,55.0,7.5,,,,2.5
Durgapur,West Bengal,23.55,87.32,2022,1,0.2106,0.0308,-0.2197,90,24.68,22.18,27.68,,55.0,7.5,,,,2.5
Bhiwandi,MahÄrÄshtra,19.3,73.0667,2022,1,0.0649,-0.072,-0.14,25,35.02,32.52,38.02,,55.0,7.5,,,,2.5
Saharanpur,Uttar Pradesh,29.964,77.546,2022,1,0.0136,-0.085,0.0108,280,20.1,17.6,23.1,,55.0,7.5,,,,2.5
Shiliguri,West Bengal,26.72,88.42,2022,1,0.0941,0.1414,-0.1365,119,27.04,24.54,30.04,,55.0,7.5,,,,2.5
Avadi,Tamil NÄdu,13.1147,80.1098,2022,1,0.0004,-0.3065,0.0655,32,28.78,26.28,31.78,,55.0,7.5,,,,2.5
Salem,Tamil NÄdu,11.65,78.1667,2022,1,0.0699,0.1066,-0.175,285,33.04,30.54,36.04,,55.0,7.5,,,,2.5
Jui,UttarÄkhand,29.67,78.9098,2022,1,0.8249,-0.2054,-0.7487,890,17.04,14.54,20.04,,55.0,7.5,,,,2.5
Amaldu,UttarÄkhand,29.9333,78.5333,2022,1,0.544,0.0049,-0.5741,1406,16.17,13.670000000000002,19.17,,55.0,7.5,,,,2.5
Kimsar,Jammu and KashmÄ«r,34.5,74.5333,2022,1,0.6143,-0.5691,-0.6362,3058,-0.02,-2.52,2.98,,55.0,7.5,,,,2.5
Sinduri,HimÄchal Pradesh,30.7167,77.15,2022,1,0.4453,-0.0055,-0.494,943,17.91,15.41,20.91,,55.0,7.5,,,,2.5
Gorakhpur,Uttar Pradesh,26.7611,83.3667,2022,1,0.1073,0.0271,-0.1472,84,22.31,19.81,25.31,,55.0,7.5,,,,2.5
Guntur,Andhra Pradesh,16.3,80.45,2022,1,0.1241,0.0075,-0.0522,34,30.72,28.22,33.72,,55.0,7.5,,,,2.5
Karaikandi,Assam,24.8309,92.6143,2022,1,0.6795,-0.2295,-0.5961,20,24.48,21.98,27.48,,55.0,7.5,,,,2.5
Mumbai,MahÄrÄshtra,19.0758,72.8775,2023,1,0.0636,0.037,-0.1081,5,32.77,23.31008064516129,33.2,14.2,64.56397849462365,10.32875,0.001411290322580645,19.07283,72.88261,6.5
Kolkata,West Bengal,22.5675,88.37,2023,1,0.0306,-0.012,-0.0638,6,25.71,18.926102150537638,30.6,9.0,71.28346774193548,7.722836021505376,0.016223118279569893,22.56263,88.36304,6.5
Delhi,Delhi,28.66,77.23,2023,1,0.0714,0.0302,-0.1099,219,19.03,16.53,22.03,,55.0,7.5,,,,2.5
Chennai,Tamil NÄdu,13.0825,80.275,2023,1,0.0349,0.2455,-0.076,9,31.24,24.796142473118277,30.5,17.3,74.35887096774194,11.460672043010751,0.02995967741935484,13.08784,80.27847,6.443857526881722
Bangalore,KarnÄtaka,12.9791,77.5913,2023,1,0.2625,-0.0213,-0.2992,924,27.46,24.96,30.46,,55.0,7.5,,,,2.5
Ahmedabad,GujarÄt,23.0219,72.5797,2023,1,0.2402,-0.0603,-0.2858,52,24.75,22.25,27.75,,55.0,7.5,,,,2.5
Pune,MahÄrÄshtra,18.5211,73.8553,2023,1,0.1858,0.0159,-0.2255,554,29.01,26.51,32.010000000000005,,55.0,7.5,,,,2.5
Hyderabad,TelangÄna,17.3617,78.4747,2023,1,0.0755,0.1935,-0.133,508,30.07,21.84111559139785,33.6,10.9,59.34206989247312,8.333333333333334,0.00836021505376344,17.38405,78.45636,6.5
Surat,GujarÄt,21.205,72.84,2023,1,0.1258,0.0641,-0.1971,14,28.78,22.131034946236557,35.0,11.6,55.53709677419355,11.153575268817205,0.0017069892473118278,21.19594,72.83023,6.5
Prayagraj,Uttar Pradesh,25.45,81.85,2023,1,0.2549,-0.0053,-0.27,95,20.59,18.09,23.59,,55.0,7.5,,,,2.5
Kanpur,GujarÄt,24.285,72.6933,2023,1,0.5605,-0.1698,-0.5733,335,24.13,14.61231182795699,27.4,4.1,77.39435483870967,8.008198924731182,0.0314247311827957,26.46523,80.34975,6.5
Kanpur,Uttar Pradesh,26.4725,80.3311,2023,1,0.1171,0.0201,-0.1551,132,19.42,14.61231182795699,27.4,4.1,77.39435483870967,8.008198924731182,0.0314247311827957,26.46523,80.34975,4.807688172043012
Belahi,BihÄr,25.7167,86.4,2023,1,0.3099,-0.1804,-0.248,41,19.39,16.89,22.39,,55.0,7.5,,,,2.5
Vadodara,GujarÄt,22.3,73.2,2023,1,0.1838,0.0215,-0.2168,38,26.75,20.783776881720428,33.5,8.6,55.36854838709677,8.284059139784947,0.004986559139784946,22.29941,73.20812,5.966223118279572
Nadampalaiyam,Tamil NÄdu,11.1793,77.376,2023,1,0.1345,0.0937,-0.1932,318,31.28,28.78,34.28,,55.0,7.5,,,,2.5
Lucknow,Uttar Pradesh,26.847,80.947,2023,1,0.0941,0.0475,-0.1179,115,20.14,14.294059139784947,26.8,3.5,77.76411290322581,8.090174731182795,0.03786290322580645,26.83928,80.92313,5.8459408602150535
Kannankulam,Kerala,10.4799,76.1131,2023,1,0.4359,-0.175,-0.4112,13,29.25,26.75,32.25,,55.0,7.5,,,,2.5
Mahuakheraganj,UttarÄkhand,29.13,78.95,2023,1,0.007,-0.0972,0.0192,222,19.62,17.12,22.62,,55.0,7.5,,,,2.5
Nagla,UttarÄkhand,29.01,79.51,2023,1,0.0716,-0.0943,-0.0471,227,19.3,16.8,22.3,,55.0,7.5,,,,2.5
Jaipur,RÄjasthÄn,26.915,75.82,2023,1,0.6202,-0.2,-0.6234,441,19.75,14.308373655913979,28.1,2.7,62.82728494623656,8.242083333333333,0.02646505376344086,26.91962,75.78781,5.441626344086021
Kottarassheri,Kerala,10.6167,76.5333,2023,1,0.2868,0.2693,-0.3866,147,28.62,26.12,31.62,,55.0,7.5,,,,2.5
Attadappa,Kerala,11.85,75.4167,2023,1,0.7586,-0.316,-0.689,37,31.37,28.87,34.370000000000005,,55.0,7.5,,,,2.5
Barmhan Kalan,Madhya Pradesh,23.0333,79.0167,2023,1,0.6396,-0.1954,-0.6058,337,23.15,20.65,26.15,,55.0,7.5,,,,2.5
Gorakhpur,ChhattÄ«sgarh,22.1688,81.6042,2023,1,0.2819,0.0251,-0.3711,305,26.75,24.25,29.75,,55.0,7.5,,,,2.5
Nagpur,MahÄrÄshtra,21.1497,79.0806,2023,1,0.2979,-0.058,-0.329,318,27.1,20.58133064516129,32.9,8.1,56.8377688172043,7.151948924731183,0.017419354838709676,21.14631,79.08491,6.5
Guwahati,Assam,26.1806,91.7502,2023,1,0.0436,0.0781,-0.0685,57,22.13,17.49366935483871,27.5,8.4,77.26733870967742,6.03396505376344,0.020026881720430108,26.1844,91.7458,4.636330645161291
Ghaziabad,Uttar Pradesh,28.6667,77.4167,2023,1,-0.0098,-0.0773,0.0272,211,19.37,12.96893817204301,25.4,1.9,77.63467741935484,8.6725,0.047567204301075264,28.66535,77.43915,6.40106182795699
Coimbatore,Tamil NÄdu,11.0008,76.9633,2023,1,0.2781,0.0293,-0.269,417,31.33,24.230967741935483,33.6,14.8,62.895161290322584,9.489314516129033,0.02720430107526882,11.00555,76.96612,6.5
Patna,BihÄr,25.61,85.1414,2023,1,0.0258,0.0829,-0.0382,63,21.25,15.802849462365591,26.2,7.1,77.59919354838709,8.116397849462366,0.016922043010752688,25.59408,85.13563,5.447150537634409
Rajkot,GujarÄt,22.2969,70.7984,2023,1,0.1042,0.1963,-0.1539,134,25.99,23.49,28.99,,55.0,7.5,,,,2.5
Vishakhapatnam,Andhra Pradesh,17.6939,83.2922,2023,1,0.0799,-0.001,-0.0555,12,29.25,26.75,32.25,,55.0,7.5,,,,2.5
Indore,Madhya Pradesh,22.7186,75.855,2023,1,0.0745,0.061,-0.179,553,24.99,17.89548387096774,31.2,6.2,60.325537634408605,8.858575268817205,0.015376344086021506,22.71792,75.8333,6.5
Abhepur,Punjab,30.6667,76.8333,2023,1,0.0322,-0.156,0.0017,311,18.17,15.670000000000002,21.17,,55.0,7.5,,,,2.5
Gumanwala,UttarÄkhand,29.9333,77.9,2023,1,0.0501,-0.0792,-0.0232,277,18.12,15.620000000000001,21.12,,55.0,7.5,,,,2.5
Thane,MahÄrÄshtra,19.18,72.9633,2023,1,0.5565,-0.1247,-0.5458,14,29.94,23.57021505376344,35.8,11.6,59.83736559139785,7.8694758064516135,0.001532258064516129,19.19704,72.96355,6.36978494623656
Bhopal,Madhya Pradesh,23.25,77.4167,2023,1,0.1116,0.1446,-0.1332,512,22.21,17.14024193548387,31.1,6.5,64.91505376344087,8.670887096774194,0.028830645161290323,23.25469,77.40289,5.0697580645161295
Agra,Uttar Pradesh,27.18,78.02,2023,1,0.2556,0.0716,-0.2906,184,16.7,13.721250000000001,26.7,3.0,77.71774193548387,7.740376344086021,0.04491935483870967,27.18333,78.01667,2.978749999999998
Peyanvilai,Tamil NÄdu,8.5674,78.1046,2023,1,0.24,0.0199,-0.2823,8,28.22,25.72,31.22,,55.0,7.5,,,,2.5
Pimpri-Chinchwad,MahÄrÄshtra,18.6278,73.8131,2023,1,0.513,-0.1476,-0.5063,584,29.73,20.824341397849462,33.2,8.2,59.30846774193548,6.219892473118279,0.003306451612903226,18.61867,73.80375,6.5
Harbatpur,UttarÄkhand,30.45,77.73,2023,1,0.1348,-0.1168,-0.0902,445,17.2,14.7,20.2,,55.0,7.5,,,,2.5
Saundhonwali,UttarÄkhand,30.3331,77.9608,2023,1,0.055,0.08,-0.1329,612,17.51,15.010000000000002,20.51,,55.0,7.5,,,,2.5
Ludhiana,Punjab,30.9083,75.8486,2023,1,0.213,-0.0898,-0.2266,243,16.93,11.398319892473118,22.2,1.5,82.76639784946236,7.204583333333333,0.07833333333333332,30.91204,75.85379,5.531680107526881
Meerut,Uttar Pradesh,28.98,77.7064,2023,1,-0.0364,-0.0655,0.0759,228,19.06,16.56,22.06,,55.0,7.5,,,,2.5
Madurai,Tamil NÄdu,9.9197,78.1194,2023,1,0.1499,0.2962,-0.3093,141,32.02,25.47190860215054,35.2,15.1,66.73131720430108,9.643709677419354,0.034784946236559144,9.919,78.11953,6.5
Nasik,MahÄrÄshtra,20.0,73.7833,2023,1,0.1242,0.0895,-0.1998,588,28.12,25.62,31.12,,55.0,7.5,,,,2.5
Faridabad,HaryÄna,28.4167,77.3,2023,1,0.1703,0.0624,-0.2082,208,19.07,13.339932795698925,25.6,2.8,75.75255376344086,8.802217741935484,0.0397983870967742,28.41124,77.31316,5.730067204301076
Madarpur,BihÄr,26.227,84.6746,2023,1,0.1121,0.011,-0.1606,69,20.16,17.66,23.16,,55.0,7.5,,,,2.5
Najafgarh,Delhi,28.6125,76.9847,2023,1,0.0209,-0.051,-0.0377,220,17.86,15.36,20.86,,55.0,7.5,,,,2.5
Jabalpur,Madhya Pradesh,23.1667,79.9333,2023,1,0.1023,0.0644,-0.1721,399,24.59,17.15013440860215,30.9,5.1,65.45712365591397,7.502379032258064,0.023911290322580644,23.16697,79.95006,6.5
Madanpur,UttarÄkhand,29.326,79.1537,2023,1,0.4341,-0.236,-0.3598,315,19.06,16.56,22.06,,55.0,7.5,,,,2.5
Kamalwaganja Gaur,UttarÄkhand,29.2117,79.4654,2023,1,0.3265,-0.0393,-0.3118,383,19.64,17.14,22.64,,55.0,7.5,,,,2.5
Kalyan,MahÄrÄshtra,19.25,73.15,2023,1,0.186,0.1129,-0.2453,10,30.26,27.76,33.260000000000005,,55.0,7.5,,,,2.5
Asansol,West Bengal,23.6833,86.9667,2023,1,0.1715,0.0903,-0.2125,125,23.74,21.24,26.74,,55.0,7.5,,,,2.5
Vijayawada,Andhra Pradesh,16.5167,80.6167,2023,1,0.3274,-0.0849,-0.2971,27,28.69,24.579395161290325,34.7,14.9,70.73521505376344,6.980873655913978,0.01424731182795699,16.50745,80.6466,4.110604838709676
Vasai-Virar,MahÄrÄshtra,19.47,72.8,2023,1,0.0879,0.2745,-0.1718,0,30.88,28.38,33.879999999999995,,55.0,7.5,,,,2.5
Varanasi,Uttar Pradesh,25.3189,83.0128,2023,1,0.1324,-0.0439,-0.1887,78,19.52,15.528897849462366,27.6,5.5,76.55483870967743,7.823266129032258,0.029704301075268818,25.31668,83.01041,3.9911021505376336
Kalleli,Kerala,9.2,76.8833,2023,1,0.6313,-0.0448,-0.6017,133,28.97,26.47,31.97,,55.0,7.5,,,,2.5
Srinagar,Jammu and KashmÄ«r,34.0911,74.8061,2023,1,-0.023,0.0742,0.0274,1595,5.32,-1.7122043010752688,14.3,-16.6,66.40900537634408,4.477352150537635,0.19651881720430106,34.08565,74.80555,6.5
Aurangabad,MahÄrÄshtra,19.88,75.32,2023,1,0.3848,-0.0722,-0.4271,564,29.64,21.19081989247312,32.6,9.8,52.36438172043011,8.416451612903225,0.0035080645161290323,19.87757,75.34226,6.5
Dhanbad,JhÄrkhand,23.7928,86.435,2023,1,0.3466,0.0562,-0.3966,245,24.82,17.05918010752688,30.5,6.0,67.77190860215053,7.728736559139786,0.01907258064516129,23.79759,86.42992,6.5
Amritsar,Punjab,31.6269,74.877,2023,1,0.0767,-0.0473,-0.1294,234,16.78,11.167325268817203,21.6,0.7,81.14543010752688,6.424623655913978,0.07563172043010753,31.62234,74.87534,5.612674731182798
Haora,West Bengal,22.58,88.3294,2023,1,0.0834,0.0338,-0.1344,12,24.14,21.64,27.14,,55.0,7.5,,,,2.5
Ranchi,JhÄrkhand,23.3556,85.3347,2023,1,0.3073,0.0054,-0.3512,643,25.36,15.78606182795699,27.8,5.8,64.33212365591397,8.793723118279571,0.016209677419354838,23.34316,85.3094,6.5
Gwalior,Madhya Pradesh,26.2125,78.1775,2023,1,0.0786,0.0944,-0.1487,215,19.79,14.731962365591398,28.8,4.4,72.68924731182796,7.504677419354839,0.04174731182795699,26.22983,78.17337,5.058037634408601
Jodhpur,RÄjasthÄn,26.2944,73.0278,2023,1,0.1637,0.0601,-0.2563,251,21.05,16.466290322580644,29.5,4.3,51.160483870967745,10.243172043010752,0.007930107526881721,26.26841,73.00594,4.583709677419357
Chandigarh,ChandÄ«garh,30.7364,76.7883,2023,1,0.0219,-0.1965,-0.0164,349,17.1,12.27198924731183,23.4,3.0,74.95833333333333,8.758077956989247,0.08446236559139784,30.73629,76.7884,4.828010752688172
Raipur,ChhattÄ«sgarh,21.2379,81.6337,2023,1,0.0627,0.06,-0.1207,309,27.4,19.693870967741933,32.1,7.6,60.54744623655914,6.05239247311828,0.011868279569892472,21.23333,81.63333,6.5
Warangal,TelangÄna,17.9756,79.6011,2023,1,0.0983,0.1045,-0.1601,269,29.06,26.56,32.06,,55.0,7.5,,,,2.5
Kota,RÄjasthÄn,25.18,75.83,2023,1,0.0274,-0.0329,-0.0347,230,21.44,16.201424731182797,30.9,4.0,65.39583333333333,6.7313575268817205,0.034408602150537634,25.18254,75.83907,5.238575268817204
Bareilly,Uttar Pradesh,28.364,79.415,2023,1,0.0616,0.076,-0.099,180,20.7,13.398158602150538,26.2,2.7,79.68387096774194,8.500013440860215,0.04321236559139785,28.36678,79.43167,6.5
Solapur,MahÄrÄshtra,17.6703,75.9011,2023,1,0.1645,0.0902,-0.2247,474,31.1,24.536250000000003,34.5,13.1,44.965860215053766,10.911586021505377,0.0020161290322580645,17.67152,75.91044,6.5
Hubli,KarnÄtaka,15.3108,75.0925,2023,1,0.2391,0.0707,-0.2964,618,30.96,28.46,33.96,,55.0,7.5,,,,2.5
Mysore,KarnÄtaka,12.3086,76.6531,2023,1,0.0768,0.1096,-0.1095,747,29.32,26.82,32.32,,55.0,7.5,,,,2.5
Trichinopoly,Tamil NÄdu,10.8269,78.6928,2023,1,0.383,-0.0104,-0.4083,74,29.86,27.36,32.86,,55.0,7.5,,,,2.5
Moradabad,Uttar Pradesh,28.8389,78.7769,2023,1,-0.1373,0.0882,0.1541,205,19.49,16.99,22.49,,55.0,7.5,,,,2.5
Tiruppur,Tamil NÄdu,11.1075,77.3398,2023,1,0.2268,0.0135,-0.2246,305,31.75,25.208333333333332,35.5,15.6,62.428360215053765,7.9706048387096775,0.022473118279569892,11.11541,77.35456,6.5
Jamnagar,GujarÄt,22.47,70.07,2023,1,0.2629,0.1006,-0.3037,21,25.65,23.15,28.65,,55.0,7.5,,,,2.5
Gurgaon,HaryÄna,28.4667,77.0333,2023,1,0.0038,-0.0897,-0.0102,224,18.43,15.93,21.43,,55.0,7.5,,,,2.5
Aligarh,Uttar Pradesh,27.88,78.08,2023,1,0.1487,-0.0139,-0.1889,190,18.7,13.301666666666666,25.8,2.9,77.90201612903226,8.30231182795699,0.043857526881720434,27.88145,78.07464,5.398333333333333
Jalandhar,Punjab,31.3256,75.5792,2023,1,0.0369,0.0013,-0.051,242,16.84,14.34,19.84,,55.0,7.5,,,,2.5
Bhubaneshwar,Odisha,20.295,85.825,2023,1,0.0954,-0.0607,-0.1331,47,29.13,26.63,32.129999999999995,,55.0,7.5,,,,2.5
Bhayandar,MahÄrÄshtra,19.3,72.85,2023,1,0.2135,0.107,-0.2764,9,30.54,28.04,33.54,,55.0,7.5,,,,2.5
Narela,Delhi,28.85,77.1,2023,1,-0.0042,0.0491,0.0008,212,17.26,14.760000000000002,20.26,,55.0,7.5,,,,2.5
Shishgarh,Uttar Pradesh,28.72,79.32,2023,1,0.623,-0.3854,-0.5172,181,18.68,16.18,21.68,,55.0,7.5,,,,2.5
Thiruvananthapuram,Kerala,8.4875,76.9525,2023,1,0.0837,0.0722,-0.1336,15,33.74,31.240000000000002,36.74,,55.0,7.5,,,,2.5
Dispur,Assam,26.15,91.77,2023,1,0.3496,0.0176,-0.3278,116,23.61,21.11,26.61,,55.0,7.5,,,,2.5
Durgapur,West Bengal,23.55,87.32,2023,1,0.0929,-0.0053,-0.0924,90,24.07,21.57,27.07,,55.0,7.5,,,,2.5
Bhiwandi,MahÄrÄshtra,19.3,73.0667,2023,1,0.0776,-0.077,-0.1488,25,33.22,30.72,36.22,,55.0,7.5,,,,2.5
Saharanpur,Uttar Pradesh,29.964,77.546,2023,1,-0.0544,-0.0934,0.083,280,20.15,17.65,23.15,,55.0,7.5,,,,2.5
Shiliguri,West Bengal,26.72,88.42,2023,1,0.1466,0.0833,-0.1677,119,23.63,21.13,26.63,,55.0,7.5,,,,2.5
Avadi,Tamil NÄdu,13.1147,80.1098,2023,1,0.3298,-0.0191,-0.332,32,29.74,27.24,32.739999999999995,,55.0,7.5,,,,2.5
Salem,Tamil NÄdu,11.65,78.1667,2023,1,0.0861,0.0964,-0.1876,285,31.54,29.04,34.54,,55.0,7.5,,,,2.5
Jui,UttarÄkhand,29.67,78.9098,2023,1,0.7556,-0.1655,-0.6728,890,16.43,13.93,19.43,,55.0,7.5,,,,2.5
Amaldu,UttarÄkhand,29.9333,78.5333,2023,1,0.3782,0.1041,-0.4889,1406,15.34,12.84,18.34,,55.0,7.5,,,,2.5
Kimsar,Jammu and KashmÄ«r,34.5,74.5333,2023,1,0.1346,-0.7235,-0.1169,3058,-6.38,-8.879999999999999,-3.38,,55.0,7.5,,,,2.499999999999999
Sinduri,HimÄchal Pradesh,30.7167,77.15,2023,1,0.4393,0.0365,-0.4872,943,16.82,14.32,19.82,,55.0,7.5,,,,2.5
Gorakhpur,Uttar Pradesh,26.7611,83.3667,2023,1,0.0413,-0.0103,-0.0277,84,20.62,18.12,23.62,,55.0,7.5,,,,2.5
Guntur,Andhra Pradesh,16.3,80.45,2023,1,0.1144,0.0396,-0.1065,34,31.39,28.89,34.39,,55.0,7.5,,,,2.5
Karaikandi,Assam,24.8309,92.6143,2023,1,0.3241,-0.1159,-0.2952,20,23.68,21.18,26.68,,55.0,7.5,,,,2.5
Mumbai,MahÄrÄshtra,19.0758,72.8775,2023,1,0.0657,0.0232,-0.1455,5,38.0,23.31008064516129,33.2,14.2,64.56397849462365,10.32875,0.001411290322580645,19.07283,72.88261,6.5
Kolkata,West Bengal,22.5675,88.37,2023,1,0.0688,0.0056,-0.1317,6,31.96,18.926102150537638,30.6,9.0,71.28346774193548,7.722836021505376,0.016223118279569893,22.56263,88.36304,6.5
Delhi,Delhi,28.66,77.23,2023,1,0.1965,0.084,-0.2572,219,25.74,23.24,28.74,,55.0,7.5,,,,2.5
Chennai,Tamil NÄdu,13.0825,80.275,2023,1,0.0281,0.2509,-0.0679,9,34.29,24.796142473118277,30.5,17.3,74.35887096774194,11.460672043010751,0.02995967741935484,13.08784,80.27847,6.5
Bangalore,KarnÄtaka,12.9791,77.5913,2023,1,0.2632,-0.0091,-0.3131,924,31.52,29.02,34.519999999999996,,55.0,7.5,,,,2.5
Ahmedabad,GujarÄt,23.0219,72.5797,2023,1,0.2352,-0.0169,-0.2871,52,32.32,29.82,35.32,,55.0,7.5,,,,2.5
Pune,MahÄrÄshtra,18.5211,73.8553,2023,1,0.2516,0.0048,-0.2965,554,33.88,31.380000000000003,36.88,,55.0,7.5,,,,2.5
Hyderabad,TelangÄna,17.3617,78.4747,2023,1,0.1237,0.1403,-0.2144,508,34.27,21.84111559139785,33.6,10.9,59.34206989247312,8.333333333333334,0.00836021505376344,17.38405,78.45636,6.5
Surat,GujarÄt,21.205,72.84,2023,1,0.135,0.05,-0.1957,14,35.04,22.131034946236557,35.0,11.6,55.53709677419355,11.153575268817205,0.0017069892473118278,21.19594,72.83023,6.5
Prayagraj,Uttar Pradesh,25.45,81.85,2023,1,0.295,0.038,-0.3175,95,27.77,25.27,30.77,,55.0,7.5,,,,2.5
Kanpur,GujarÄt,24.285,72.6933,2023,1,0.5527,-0.1415,-0.5555,335,31.47,14.61231182795699,27.4,4.1,77.39435483870967,8.008198924731182,0.0314247311827957,26.46523,80.34975,6.5
Kanpur,Uttar Pradesh,26.4725,80.3311,2023,1,0.1141,0.0824,-0.1577,132,27.25,14.61231182795699,27.4,4.1,77.39435483870967,8.008198924731182,0.0314247311827957,26.46523,80.34975,6.5
Belahi,BihÄr,25.7167,86.4,2023,1,0.2862,-0.0016,-0.2854,41,23.58,21.08,26.58,,55.0,7.5,,,,2.5
Vadodara,GujarÄt,22.3,73.2,2023,1,0.229,0.0099,-0.2596,38,33.44,20.783776881720428,33.5,8.6,55.36854838709677,8.284059139784947,0.004986559139784946,22.29941,73.20812,6.5
Nadampalaiyam,Tamil NÄdu,11.1793,77.376,2023,1,0.1237,0.0964,-0.1849,318,37.16,34.66,40.16,,55.0,7.5,,,,2.5
Lucknow,Uttar Pradesh,26.847,80.947,2023,1,0.1137,0.0539,-0.1554,115,27.61,14.294059139784947,26.8,3.5,77.76411290322581,8.090174731182795,0.03786290322580645,26.83928,80.92313,6.5
Kannankulam,Kerala,10.4799,76.1131,2023,1,0.3743,-0.114,-0.372,13,31.99,29.49,34.989999999999995,,55.0,7.5,,,,2.5
Mahuakheraganj,UttarÄkhand,29.13,78.95,2023,1,0.3544,-0.1678,-0.3529,222,22.91,20.41,25.91,,55.0,7.5,,,,2.5
Nagla,UttarÄkhand,29.01,79.51,2023,1,0.5727,-0.1988,-0.5591,227,23.27,20.77,26.27,,55.0,7.5,,,,2.5
Jaipur,RÄjasthÄn,26.915,75.82,2023,1,0.6725,-0.2442,-0.6265,441,28.41,14.308373655913979,28.1,2.7,62.82728494623656,8.242083333333333,0.02646505376344086,26.91962,75.78781,6.5
Kottarassheri,Kerala,10.6167,76.5333,2023,1,0.2604,0.2544,-0.3869,147,29.89,27.39,32.89,,55.0,7.5,,,,2.5
Attadappa,Kerala,11.85,75.4167,2023,1,0.681,-0.2482,-0.6087,37,33.05,30.549999999999997,36.05,,55.0,7.5,,,,2.5
Barmhan Kalan,Madhya Pradesh,23.0333,79.0167,2023,1,0.6514,-0.1134,-0.6495,337,28.79,26.29,31.79,,55.0,7.5,,,,2.5
Gorakhpur,ChhattÄ«sgarh,22.1688,81.6042,2023,1,0.2493,0.0546,-0.3388,305,31.01,28.51,34.010000000000005,,55.0,7.5,,,,2.5
Nagpur,MahÄrÄshtra,21.1497,79.0806,2023,1,0.3063,-0.109,-0.3678,318,32.13,20.58133064516129,32.9,8.1,56.8377688172043,7.151948924731183,0.017419354838709676,21.14631,79.08491,6.5
Guwahati,Assam,26.1806,91.7502,2023,1,0.0159,0.0788,-0.0308,57,24.56,17.49366935483871,27.5,8.4,77.26733870967742,6.03396505376344,0.020026881720430108,26.1844,91.7458,6.5
Ghaziabad,Uttar Pradesh,28.6667,77.4167,2023,1,0.2147,-0.0054,-0.2298,211,25.84,12.96893817204301,25.4,1.9,77.63467741935484,8.6725,0.047567204301075264,28.66535,77.43915,6.5
Coimbatore,Tamil NÄdu,11.0008,76.9633,2023,1,0.3236,0.0008,-0.3309,417,34.52,24.230967741935483,33.6,14.8,62.895161290322584,9.489314516129033,0.02720430107526882,11.00555,76.96612,6.5
Patna,BihÄr,25.61,85.1414,2023,1,0.1062,0.1559,-0.1582,63,27.46,15.802849462365591,26.2,7.1,77.59919354838709,8.116397849462366,0.016922043010752688,25.59408,85.13563,6.5
Rajkot,GujarÄt,22.2969,70.7984,2023,1,0.1115,0.2559,-0.1938,134,33.75,31.25,36.75,,55.0,7.5,,,,2.5
Vishakhapatnam,Andhra Pradesh,17.6939,83.2922,2023,1,0.1268,0.1349,-0.173,12,31.89,29.39,34.89,,55.0,7.5,,,,2.5
Indore,Madhya Pradesh,22.7186,75.855,2023,1,0.0745,0.0939,-0.2079,553,32.29,17.89548387096774,31.2,6.2,60.325537634408605,8.858575268817205,0.015376344086021506,22.71792,75.8333,6.5
Abhepur,Punjab,30.6667,76.8333,2023,1,0.2212,0.0135,-0.2775,311,25.13,22.63,28.13,,55.0,7.5,,,,2.5
Gumanwala,UttarÄkhand,29.9333,77.9,2023,1,0.4559,-0.0223,-0.5013,277,22.7,20.2,25.7,,55.0,7.5,,,,2.5
Thane,MahÄrÄshtra,19.18,72.9633,2023,1,0.5381,-0.0836,-0.5536,14,35.71,23.57021505376344,35.8,11.6,59.83736559139785,7.8694758064516135,0.001532258064516129,19.19704,72.96355,6.5
Bhopal,Madhya Pradesh,23.25,77.4167,2023,1,0.0995,0.118,-0.1709,512,28.71,17.14024193548387,31.1,6.5,64.91505376344087,8.670887096774194,0.028830645161290323,23.25469,77.40289,6.5
Agra,Uttar Pradesh,27.18,78.02,2023,1,0.3658,0.0688,-0.4696,184,26.09,13.721250000000001,26.7,3.0,77.71774193548387,7.740376344086021,0.04491935483870967,27.18333,78.01667,6.5
Peyanvilai,Tamil NÄdu,8.5674,78.1046,2023,1,0.1768,0.0837,-0.2617,8,30.53,28.03,33.53,,55.0,7.5,,,,2.5
Pimpri-Chinchwad,MahÄrÄshtra,18.6278,73.8131,2023,1,0.3905,-0.029,-0.4495,584,35.01,20.824341397849462,33.2,8.2,59.30846774193548,6.219892473118279,0.003306451612903226,18.61867,73.80375,6.5
Harbatpur,UttarÄkhand,30.45,77.73,2023,1,0.1617,0.1158,-0.2709,445,22.24,19.74,25.24,,55.0,7.5,,,,2.5
Saundhonwali,UttarÄkhand,30.3331,77.9608,2023,1,0.077,0.0345,-0.1293,612,23.22,20.72,26.22,,55.0,7.5,,,,2.5
Ludhiana,Punjab,30.9083,75.8486,2023,1,0.2386,-0.0197,-0.2623,243,24.28,11.398319892473118,22.2,1.5,82.76639784946236,7.204583333333333,0.07833333333333332,30.91204,75.85379,6.5
Meerut,Uttar Pradesh,28.98,77.7064,2023,1,0.096,0.0959,-0.1625,228,25.7,23.2,28.7,,55.0,7.5,,,,2.5
Madurai,Tamil NÄdu,9.9197,78.1194,2023,1,0.1417,0.2679,-0.3253,141,34.34,25.47190860215054,35.2,15.1,66.73131720430108,9.643709677419354,0.034784946236559144,9.919,78.11953,6.5
Nasik,MahÄrÄshtra,20.0,73.7833,2023,1,0.1322,0.0671,-0.2052,588,33.63,31.130000000000003,36.63,,55.0,7.5,,,,2.5
Faridabad,HaryÄna,28.4167,77.3,2023,1,0.2694,0.061,-0.3177,208,26.14,13.339932795698925,25.6,2.8,75.75255376344086,8.802217741935484,0.0397983870967742,28.41124,77.31316,6.5
Madarpur,BihÄr,26.227,84.6746,2023,1,0.0764,0.1156,-0.1453,69,24.65,22.15,27.65,,55.0,7.5,,,,2.5
Najafgarh,Delhi,28.6125,76.9847,2023,1,0.0788,0.0438,-0.138,220,25.19,22.69,28.19,,55.0,7.5,,,,2.5
Jabalpur,Madhya Pradesh,23.1667,79.9333,2023,1,0.1249,0.0906,-0.2226,399,30.52,17.15013440860215,30.9,5.1,65.45712365591397,7.502379032258064,0.023911290322580644,23.16697,79.95006,6.5
Madanpur,UttarÄkhand,29.326,79.1537,2023,1,0.8127,-0.4641,-0.7129,315,23.33,20.83,26.33,,55.0,7.5,,,,2.5
Kamalwaganja Gaur,UttarÄkhand,29.2117,79.4654,2023,1,0.423,0.0605,-0.4293,383,24.22,21.72,27.22,,55.0,7.5,,,,2.5
Kalyan,MahÄrÄshtra,19.25,73.15,2023,1,0.1877,0.0941,-0.2579,10,35.78,33.28,38.78,,55.0,7.5,,,,2.5
Asansol,West Bengal,23.6833,86.9667,2023,1,0.0865,0.1525,-0.1634,125,29.86,27.36,32.86,,55.0,7.5,,,,2.5
Vijayawada,Andhra Pradesh,16.5167,80.6167,2023,1,0.3704,-0.0266,-0.3709,27,31.49,24.579395161290325,34.7,14.9,70.73521505376344,6.980873655913978,0.01424731182795699,16.50745,80.6466,6.5
Vasai-Virar,MahÄrÄshtra,19.47,72.8,2023,1,0.1341,0.2659,-0.237,0,36.6,34.1,39.6,,55.0,7.5,,,,2.5
Varanasi,Uttar Pradesh,25.3189,83.0128,2023,1,0.177,0.0115,-0.2767,78,27.07,15.528897849462366,27.6,5.5,76.55483870967743,7.823266129032258,0.029704301075268818,25.31668,83.01041,6.5
Kalleli,Kerala,9.2,76.8833,2023,1,0.6919,-0.1146,-0.6423,133,30.31,27.81,33.31,,55.0,7.5,,,,2.5
Srinagar,Jammu and KashmÄ«r,34.0911,74.8061,2023,1,-0.0084,-0.0807,0.0261,1595,14.15,-1.7122043010752688,14.3,-16.6,66.40900537634408,4.477352150537635,0.19651881720430106,34.08565,74.80555,6.5
Aurangabad,MahÄrÄshtra,19.88,75.32,2023,1,0.3752,-0.0549,-0.4179,564,35.06,21.19081989247312,32.6,9.8,52.36438172043011,8.416451612903225,0.0035080645161290323,19.87757,75.34226,6.5
Dhanbad,JhÄrkhand,23.7928,86.435,2023,1,0.2719,0.0985,-0.3684,245,30.14,17.05918010752688,30.5,6.0,67.77190860215053,7.728736559139786,0.01907258064516129,23.79759,86.42992,6.5
Amritsar,Punjab,31.6269,74.877,2023,1,0.1217,-0.0068,-0.1827,234,24.53,11.167325268817203,21.6,0.7,81.14543010752688,6.424623655913978,0.07563172043010753,31.62234,74.87534,6.5
Haora,West Bengal,22.58,88.3294,2023,1,0.1156,0.138,-0.175,12,29.51,27.01,32.510000000000005,,55.0,7.5,,,,2.5
Ranchi,JhÄrkhand,23.3556,85.3347,2023,1,0.3597,-0.0102,-0.3923,643,29.51,15.78606182795699,27.8,5.8,64.33212365591397,8.793723118279571,0.016209677419354838,23.34316,85.3094,6.5
Gwalior,Madhya Pradesh,26.2125,78.1775,2023,1,0.0994,0.1319,-0.216,215,28.71,14.731962365591398,28.8,4.4,72.68924731182796,7.504677419354839,0.04174731182795699,26.22983,78.17337,6.5
Jodhpur,RÄjasthÄn,26.2944,73.0278,2023,1,0.1892,0.0451,-0.2399,251,30.03,16.466290322580644,29.5,4.3,51.160483870967745,10.243172043010752,0.007930107526881721,26.26841,73.00594,6.5
Chandigarh,ChandÄ«garh,30.7364,76.7883,2023,1,0.4053,-0.0381,-0.4176,349,23.36,12.27198924731183,23.4,3.0,74.95833333333333,8.758077956989247,0.08446236559139784,30.73629,76.7884,6.5
Raipur,ChhattÄ«sgarh,21.2379,81.6337,2023,1,0.0771,0.0624,-0.161,309,32.32,19.693870967741933,32.1,7.6,60.54744623655914,6.05239247311828,0.011868279569892472,21.23333,81.63333,6.5
Warangal,TelangÄna,17.9756,79.6011,2023,1,0.0907,0.1265,-0.1722,269,32.88,30.380000000000003,35.88,,55.0,7.5,,,,2.5
Kota,RÄjasthÄn,25.18,75.83,2023,1,0.1313,-0.0187,-0.2281,230,28.95,16.201424731182797,30.9,4.0,65.39583333333333,6.7313575268817205,0.034408602150537634,25.18254,75.83907,6.5
Bareilly,Uttar Pradesh,28.364,79.415,2023,1,0.0688,0.1185,-0.114,180,24.89,13.398158602150538,26.2,2.7,79.68387096774194,8.500013440860215,0.04321236559139785,28.36678,79.43167,6.5
Solapur,MahÄrÄshtra,17.6703,75.9011,2023,1,0.1687,0.0954,-0.2255,474,35.89,24.536250000000003,34.5,13.1,44.965860215053766,10.911586021505377,0.0020161290322580645,17.67152,75.91044,6.5
Hubli,KarnÄtaka,15.3108,75.0925,2023,1,0.1964,0.081,-0.2876,618,34.98,32.48,37.98,,55.0,7.5,,,,2.5
Mysore,KarnÄtaka,12.3086,76.6531,2023,1,0.0667,0.1528,-0.1244,747,33.52,31.020000000000003,36.52,,55.0,7.5,,,,2.5
Trichinopoly,Tamil NÄdu,10.8269,78.6928,2023,1,0.3088,0.038,-0.3541,74,33.12,30.619999999999997,36.12,,55.0,7.5,,,,2.5
Moradabad,Uttar Pradesh,28.8389,78.7769,2023,1,0.1401,0.0725,-0.1666,205,24.48,21.98,27.48,,55.0,7.5,,,,2.5
Tiruppur,Tamil NÄdu,11.1075,77.3398,2023,1,0.2664,0.0625,-0.2886,305,36.5,25.208333333333332,35.5,15.6,62.428360215053765,7.9706048387096775,0.022473118279569892,11.11541,77.35456,6.5
Jamnagar,GujarÄt,22.47,70.07,2023,1,0.2204,0.1038,-0.2688,21,32.48,29.979999999999997,35.48,,55.0,7.5,,,,2.5
Gurgaon,HaryÄna,28.4667,77.0333,2023,1,0.1944,-0.0538,-0.2632,224,25.19,22.69,28.19,,55.0,7.5,,,,2.5
Aligarh,Uttar Pradesh,27.88,78.08,2023,1,0.2274,-0.0209,-0.271,190,26.42,13.301666666666666,25.8,2.9,77.90201612903226,8.30231182795699,0.043857526881720434,27.88145,78.07464,6.5
Jalandhar,Punjab,31.3256,75.5792,2023,1,0.1204,0.0406,-0.1836,242,23.78,21.28,26.78,,55.0,7.5,,,,2.5
Bhubaneshwar,Odisha,20.295,85.825,2023,1,0.1334,-0.0194,-0.1973,47,32.59,30.090000000000003,35.59,,55.0,7.5,,,,2.5
Bhayandar,MahÄrÄshtra,19.3,72.85,2023,1,0.153,0.1217,-0.2013,9,35.29,32.79,38.29,,55.0,7.5,,,,2.5
Narela,Delhi,28.85,77.1,2023,1,0.3489,0.0454,-0.4662,212,24.14,21.64,27.14,,55.0,7.5,,,,2.5
Shishgarh,Uttar Pradesh,28.72,79.32,2023,1,0.6363,-0.3864,-0.5585,181,23.11,20.61,26.11,,55.0,7.5,,,,2.5
Thiruvananthapuram,Kerala,8.4875,76.9525,2023,1,0.0609,0.092,-0.1298,15,34.74,32.24,37.74,,55.0,7.5,,,,2.5
Dispur,Assam,26.15,91.77,2023,1,0.1185,0.0377,-0.1006,116,26.0,23.5,29.0,,55.0,7.5,,,,2.5
Durgapur,West Bengal,23.55,87.32,2023,1,0.2084,0.07,-0.2964,90,29.97,27.47,32.97,,55.0,7.5,,,,2.5
Bhiwandi,MahÄrÄshtra,19.3,73.0667,2023,1,0.0639,-0.0875,-0.1655,25,39.63,37.13,42.63,,55.0,7.5,,,,2.5
Saharanpur,Uttar Pradesh,29.964,77.546,2023,1,0.0843,0.0432,-0.1846,280,25.33,22.83,28.33,,55.0,7.5,,,,2.5
Shiliguri,West Bengal,26.72,88.42,2023,1,0.1385,0.0888,-0.1786,119,28.2,25.7,31.2,,55.0,7.5,,,,2.5
Avadi,Tamil NÄdu,13.1147,80.1098,2023,1,0.1898,0.0451,-0.1444,32,33.09,30.590000000000003,36.09,,55.0,7.5,,,,2.5
Salem,Tamil NÄdu,11.65,78.1667,2023,1,0.0986,0.1297,-0.2266,285,34.12,31.619999999999997,37.12,,55.0,7.5,,,,2.5
Jui,UttarÄkhand,29.67,78.9098,2023,1,0.7841,-0.0612,-0.7497,890,20.95,18.45,23.95,,55.0,7.5,,,,2.5
Amaldu,UttarÄkhand,29.9333,78.5333,2023,1,0.2962,0.154,-0.402,1406,20.72,18.22,23.72,,55.0,7.5,,,,2.5
Kimsar,Jammu and KashmÄ«r,34.5,74.5333,2023,1,0.0093,-0.2718,-0.0039,3058,-3.45,-5.95,-0.4500000000000002,,55.0,7.5,,,,2.5
Sinduri,HimÄchal Pradesh,30.7167,77.15,2023,1,0.3832,0.0662,-0.4407,943,22.16,19.66,25.16,,55.0,7.5,,,,2.5
Gorakhpur,Uttar Pradesh,26.7611,83.3667,2023,1,0.1288,0.0835,-0.1832,84,26.32,23.82,29.32,,55.0,7.5,,,,2.5
Guntur,Andhra Pradesh,16.3,80.45,2023,1,0.1719,0.0603,-0.2289,34,34.37,31.869999999999997,37.37,,55.0,7.5,,,,2.5
Karaikandi,Assam,24.8309,92.6143,2023,1,0.3587,-0.0549,-0.3253,20,26.15,23.65,29.15,,55.0,7.5,,,,2.5
Mumbai,MahÄrÄshtra,19.0758,72.8775,2023,1,0.0815,0.015,-0.1408,5,37.83,23.31008064516129,33.2,14.2,64.56397849462365,10.32875,0.001411290322580645,19.07283,72.88261,6.5
Kolkata,West Bengal,22.5675,88.37,2023,1,-0.1033,0.1447,0.0295,6,34.12,18.926102150537638,30.6,9.0,71.28346774193548,7.722836021505376,0.016223118279569893,22.56263,88.36304,6.5
Delhi,Delhi,28.66,77.23,2023,1,0.1374,0.1332,-0.199,219,31.53,29.03,34.53,,55.0,7.5,,,,2.5
Chennai,Tamil NÄdu,13.0825,80.275,2023,1,0.0711,0.2587,-0.1001,9,33.99,24.796142473118277,30.5,17.3,74.35887096774194,11.460672043010751,0.02995967741935484,13.08784,80.27847,6.5
Bangalore,KarnÄtaka,12.9791,77.5913,2023,1,0.2814,0.0148,-0.3316,924,32.49,29.990000000000002,35.49,,55.0,7.5,,,,2.5
Ahmedabad,GujarÄt,23.0219,72.5797,2023,1,0.2825,-0.037,-0.3332,52,34.53,32.03,37.53,,55.0,7.5,,,,2.5
Pune,MahÄrÄshtra,18.5211,73.8553,2023,1,0.3192,-0.0522,-0.3399,554,35.06,32.56,38.06,,55.0,7.5,,,,2.5
Hyderabad,TelangÄna,17.3617,78.4747,2023,1,0.0866,0.126,-0.1744,508,36.5,21.84111559139785,33.6,10.9,59.34206989247312,8.333333333333334,0.00836021505376344,17.38405,78.45636,6.5
Surat,GujarÄt,21.205,72.84,2023,1,0.1249,0.0729,-0.1873,14,36.13,22.131034946236557,35.0,11.6,55.53709677419355,11.153575268817205,0.0017069892473118278,21.19594,72.83023,6.5
Prayagraj,Uttar Pradesh,25.45,81.85,2023,1,0.2522,0.0667,-0.2978,95,34.17,31.67,37.17,,55.0,7.5,,,,2.5
Kanpur,GujarÄt,24.285,72.6933,2023,1,0.4824,-0.0864,-0.5055,335,35.77,14.61231182795699,27.4,4.1,77.39435483870967,8.008198924731182,0.0314247311827957,26.46523,80.34975,6.5
Kanpur,Uttar Pradesh,26.4725,80.3311,2023,1,0.0879,0.0566,-0.1549,132,32.93,14.61231182795699,27.4,4.1,77.39435483870967,8.008198924731182,0.0314247311827957,26.46523,80.34975,6.5
Belahi,BihÄr,25.7167,86.4,2023,1,0.5627,-0.1801,-0.5255,41,28.86,26.36,31.86,,55.0,7.5,,,,2.5
Vadodara,GujarÄt,22.3,73.2,2023,1,0.2917,-0.0222,-0.31,38,35.56,20.783776881720428,33.5,8.6,55.36854838709677,8.284059139784947,0.004986559139784946,22.29941,73.20812,6.5
Nadampalaiyam,Tamil NÄdu,11.1793,77.376,2023,1,0.0956,0.1224,-0.1802,318,38.9,36.4,41.9,,55.0,7.5,,,,2.5
Lucknow,Uttar Pradesh,26.847,80.947,2023,1,0.0957,0.0863,-0.132,115,33.3,14.294059139784947,26.8,3.5,77.76411290322581,8.090174731182795,0.03786290322580645,26.83928,80.92313,6.5
Kannankulam,Kerala,10.4799,76.1131,2023,1,0.3789,-0.1189,-0.3769,13,33.15,30.65,36.15,,55.0,7.5,,,,2.5
Mahuakheraganj,UttarÄkhand,29.13,78.95,2023,1,0.2628,-0.0555,-0.2882,222,28.33,25.83,31.33,,55.0,7.5,,,,2.5
Nagla,UttarÄkhand,29.01,79.51,2023,1,0.6725,-0.196,-0.6301,227,27.65,25.15,30.65,,55.0,7.5,,,,2.5
Jaipur,RÄjasthÄn,26.915,75.82,2023,1,0.4906,-0.1667,-0.4792,441,31.53,14.308373655913979,28.1,2.7,62.82728494623656,8.242083333333333,0.02646505376344086,26.91962,75.78781,6.5
Kottarassheri,Kerala,10.6167,76.5333,2023,1,0.2523,0.2712,-0.3767,147,32.37,29.869999999999997,35.37,,55.0,7.5,,,,2.5
Attadappa,Kerala,11.85,75.4167,2023,1,0.659,-0.2049,-0.6099,37,35.05,32.55,38.05,,55.0,7.5,,,,2.5
Barmhan Kalan,Madhya Pradesh,23.0333,79.0167,2023,1,0.5768,-0.0792,-0.5813,337,35.06,32.56,38.06,,55.0,7.5,,,,2.5
Gorakhpur,ChhattÄ«sgarh,22.1688,81.6042,2023,1,0.2222,0.0925,-0.3346,305,35.53,33.03,38.53,,55.0,7.5,,,,2.5
Nagpur,MahÄrÄshtra,21.1497,79.0806,2023,1,0.3514,-0.0779,-0.3957,318,35.03,20.58133064516129,32.9,8.1,56.8377688172043,7.151948924731183,0.017419354838709676,21.14631,79.08491,6.5
Guwahati,Assam,26.1806,91.7502,2023,1,0.0561,0.1434,-0.0875,57,28.86,17.49366935483871,27.5,8.4,77.26733870967742,6.03396505376344,0.020026881720430108,26.1844,91.7458,6.5
Ghaziabad,Uttar Pradesh,28.6667,77.4167,2023,1,0.2023,0.0261,-0.2458,211,31.63,12.96893817204301,25.4,1.9,77.63467741935484,8.6725,0.047567204301075264,28.66535,77.43915,6.5
Coimbatore,Tamil NÄdu,11.0008,76.9633,2023,1,0.1282,0.0114,-0.112,417,36.84,24.230967741935483,33.6,14.8,62.895161290322584,9.489314516129033,0.02720430107526882,11.00555,76.96612,6.5
Patna,BihÄr,25.61,85.1414,2023,1,0.134,0.1858,-0.2381,63,34.03,15.802849462365591,26.2,7.1,77.59919354838709,8.116397849462366,0.016922043010752688,25.59408,85.13563,6.5
Rajkot,GujarÄt,22.2969,70.7984,2023,1,0.0768,0.2003,-0.1051,134,35.95,33.45,38.95,,55.0,7.5,,,,2.5
Vishakhapatnam,Andhra Pradesh,17.6939,83.2922,2023,1,0.1992,0.0022,-0.2288,12,32.61,30.11,35.61,,55.0,7.5,,,,2.5
Indore,Madhya Pradesh,22.7186,75.855,2023,1,0.0574,0.1301,-0.1806,553,36.17,17.89548387096774,31.2,6.2,60.325537634408605,8.858575268817205,0.015376344086021506,22.71792,75.8333,6.5
Abhepur,Punjab,30.6667,76.8333,2023,1,0.1657,0.0387,-0.2508,311,29.59,27.09,32.59,,55.0,7.5,,,,2.5
Gumanwala,UttarÄkhand,29.9333,77.9,2023,1,0.3872,0.0491,-0.4197,277,26.69,24.19,29.69,,55.0,7.5,,,,2.5
Thane,MahÄrÄshtra,19.18,72.9633,2023,1,0.646,-0.2042,-0.6007,14,34.9,23.57021505376344,35.8,11.6,59.83736559139785,7.8694758064516135,0.001532258064516129,19.19704,72.96355,6.5
Bhopal,Madhya Pradesh,23.25,77.4167,2023,1,0.093,0.1057,-0.1556,512,32.45,17.14024193548387,31.1,6.5,64.91505376344087,8.670887096774194,0.028830645161290323,23.25469,77.40289,6.5
Agra,Uttar Pradesh,27.18,78.02,2023,1,0.2755,0.0933,-0.3765,184,31.92,13.721250000000001,26.7,3.0,77.71774193548387,7.740376344086021,0.04491935483870967,27.18333,78.01667,6.5
Peyanvilai,Tamil NÄdu,8.5674,78.1046,2023,1,0.1113,0.1097,-0.2139,8,34.42,31.92,37.42,,55.0,7.5,,,,2.5
Pimpri-Chinchwad,MahÄrÄshtra,18.6278,73.8131,2023,1,0.7135,-0.3327,-0.6737,584,36.17,20.824341397849462,33.2,8.2,59.30846774193548,6.219892473118279,0.003306451612903226,18.61867,73.80375,6.5
Harbatpur,UttarÄkhand,30.45,77.73,2023,1,0.199,0.1206,-0.2924,445,27.56,25.06,30.56,,55.0,7.5,,,,2.5
Saundhonwali,UttarÄkhand,30.3331,77.9608,2023,1,0.0545,0.1005,-0.1257,612,28.38,25.88,31.38,,55.0,7.5,,,,2.5
Ludhiana,Punjab,30.9083,75.8486,2023,1,0.2862,-0.0448,-0.3233,243,29.1,11.398319892473118,22.2,1.5,82.76639784946236,7.204583333333333,0.07833333333333332,30.91204,75.85379,6.5
Meerut,Uttar Pradesh,28.98,77.7064,2023,1,0.1057,0.09,-0.1637,228,31.75,29.25,34.75,,55.0,7.5,,,,2.5
Madurai,Tamil NÄdu,9.9197,78.1194,2023,1,0.1279,0.3035,-0.2937,141,38.26,25.47190860215054,35.2,15.1,66.73131720430108,9.643709677419354,0.034784946236559144,9.919,78.11953,6.5
Nasik,MahÄrÄshtra,20.0,73.7833,2023,1,0.0853,0.1005,-0.1591,588,34.23,31.729999999999997,37.23,,55.0,7.5,,,,2.5
Faridabad,HaryÄna,28.4167,77.3,2023,1,0.3049,0.0525,-0.3342,208,31.03,13.339932795698925,25.6,2.8,75.75255376344086,8.802217741935484,0.0397983870967742,28.41124,77.31316,6.5
Madarpur,BihÄr,26.227,84.6746,2023,1,0.0995,0.1058,-0.1694,69,32.41,29.909999999999997,35.41,,55.0,7.5,,,,2.5
Najafgarh,Delhi,28.6125,76.9847,2023,1,0.0611,0.0617,-0.1383,220,31.34,28.84,34.34,,55.0,7.5,,,,2.5
Jabalpur,Madhya Pradesh,23.1667,79.9333,2023,1,0.1007,0.0971,-0.213,399,35.36,17.15013440860215,30.9,5.1,65.45712365591397,7.502379032258064,0.023911290322580644,23.16697,79.95006,6.5
Madanpur,UttarÄkhand,29.326,79.1537,2023,1,0.759,-0.385,-0.6947,315,27.7,25.2,30.7,,55.0,7.5,,,,2.5
Kamalwaganja Gaur,UttarÄkhand,29.2117,79.4654,2023,1,0.4382,0.0302,-0.4496,383,29.56,27.06,32.56,,55.0,7.5,,,,2.5
Kalyan,MahÄrÄshtra,19.25,73.15,2023,1,0.2246,0.1146,-0.2974,10,36.53,34.03,39.53,,55.0,7.5,,,,2.5
Asansol,West Bengal,23.6833,86.9667,2023,1,0.1148,0.1647,-0.2041,125,34.8,32.3,37.8,,55.0,7.5,,,,2.5
Vijayawada,Andhra Pradesh,16.5167,80.6167,2023,1,0.2975,0.009,-0.3131,27,32.26,24.579395161290325,34.7,14.9,70.73521505376344,6.980873655913978,0.01424731182795699,16.50745,80.6466,6.5
Vasai-Virar,MahÄrÄshtra,19.47,72.8,2023,1,0.1192,0.2656,-0.1728,0,37.06,34.56,40.06,,55.0,7.5,,,,2.5
Varanasi,Uttar Pradesh,25.3189,83.0128,2023,1,0.1776,0.0396,-0.2605,78,33.75,15.528897849462366,27.6,5.5,76.55483870967743,7.823266129032258,0.029704301075268818,25.31668,83.01041,6.5
Kalleli,Kerala,9.2,76.8833,2023,1,0.799,-0.2519,-0.6821,133,31.27,28.77,34.269999999999996,,55.0,7.5,,,,2.5
Srinagar,Jammu and KashmÄ«r,34.0911,74.8061,2023,1,0.1104,0.1277,-0.142,1595,23.28,-1.7122043010752688,14.3,-16.6,66.40900537634408,4.477352150537635,0.19651881720430106,34.08565,74.80555,6.5
Aurangabad,MahÄrÄshtra,19.88,75.32,2023,1,0.3279,-0.0238,-0.3678,564,36.43,21.19081989247312,32.6,9.8,52.36438172043011,8.416451612903225,0.0035080645161290323,19.87757,75.34226,6.5
Dhanbad,JhÄrkhand,23.7928,86.435,2023,1,0.4414,-0.0034,-0.4978,245,34.4,17.05918010752688,30.5,6.0,67.77190860215053,7.728736559139786,0.01907258064516129,23.79759,86.42992,6.5
Amritsar,Punjab,31.6269,74.877,2023,1,0.0805,0.0225,-0.1379,234,28.94,11.167325268817203,21.6,0.7,81.14543010752688,6.424623655913978,0.07563172043010753,31.62234,74.87534,6.5
Haora,West Bengal,22.58,88.3294,2023,1,0.1414,0.0113,-0.1908,12,32.87,30.369999999999997,35.87,,55.0,7.5,,,,2.5
Ranchi,JhÄrkhand,23.3556,85.3347,2023,1,0.4315,-0.0732,-0.453,643,33.5,15.78606182795699,27.8,5.8,64.33212365591397,8.793723118279571,0.016209677419354838,23.34316,85.3094,6.5
Gwalior,Madhya Pradesh,26.2125,78.1775,2023,1,0.081,0.1035,-0.1565,215,32.04,14.731962365591398,28.8,4.4,72.68924731182796,7.504677419354839,0.04174731182795699,26.22983,78.17337,6.5
Jodhpur,RÄjasthÄn,26.2944,73.0278,2023,1,0.187,0.0658,-0.2498,251,34.13,16.466290322580644,29.5,4.3,51.160483870967745,10.243172043010752,0.007930107526881721,26.26841,73.00594,6.5
Chandigarh,ChandÄ«garh,30.7364,76.7883,2023,1,0.409,-0.0128,-0.4154,349,27.87,12.27198924731183,23.4,3.0,74.95833333333333,8.758077956989247,0.08446236559139784,30.73629,76.7884,6.5
Raipur,ChhattÄ«sgarh,21.2379,81.6337,2023,1,0.0788,0.1078,-0.1418,309,34.79,19.693870967741933,32.1,7.6,60.54744623655914,6.05239247311828,0.011868279569892472,21.23333,81.63333,6.5
Warangal,TelangÄna,17.9756,79.6011,2023,1,0.1017,0.0986,-0.1672,269,33.14,30.64,36.14,,55.0,7.5,,,,2.5
Kota,RÄjasthÄn,25.18,75.83,2023,1,0.1308,-0.0326,-0.1628,230,32.01,16.201424731182797,30.9,4.0,65.39583333333333,6.7313575268817205,0.034408602150537634,25.18254,75.83907,6.5
Bareilly,Uttar Pradesh,28.364,79.415,2023,1,0.1013,0.1372,-0.1536,180,31.81,13.398158602150538,26.2,2.7,79.68387096774194,8.500013440860215,0.04321236559139785,28.36678,79.43167,6.5
Solapur,MahÄrÄshtra,17.6703,75.9011,2023,1,0.2549,0.1,-0.314,474,38.87,24.536250000000003,34.5,13.1,44.965860215053766,10.911586021505377,0.0020161290322580645,17.67152,75.91044,6.5
Hubli,KarnÄtaka,15.3108,75.0925,2023,1,0.1897,0.0945,-0.2815,618,38.6,36.1,41.6,,55.0,7.5,,,,2.5
Mysore,KarnÄtaka,12.3086,76.6531,2023,1,0.0843,0.1242,-0.1201,747,35.67,33.17,38.67,,55.0,7.5,,,,2.5
Trichinopoly,Tamil NÄdu,10.8269,78.6928,2023,1,0.3088,0.0308,-0.3635,74,35.74,33.24,38.74,,55.0,7.5,,,,2.5
Moradabad,Uttar Pradesh,28.8389,78.7769,2023,1,0.196,0.0794,-0.2436,205,31.57,29.07,34.57,,55.0,7.5,,,,2.5
Tiruppur,Tamil NÄdu,11.1075,77.3398,2023,1,0.3902,0.0208,-0.4076,305,37.87,25.208333333333332,35.5,15.6,62.428360215053765,7.9706048387096775,0.022473118279569892,11.11541,77.35456,6.5
Jamnagar,GujarÄt,22.47,70.07,2023,1,0.2091,0.0826,-0.2513,21,36.14,33.64,39.14,,55.0,7.5,,,,2.5
Gurgaon,HaryÄna,28.4667,77.0333,2023,1,0.1385,0.0029,-0.2319,224,30.74,28.24,33.739999999999995,,55.0,7.5,,,,2.5
Aligarh,Uttar Pradesh,27.88,78.08,2023,1,0.1889,-0.0152,-0.2219,190,32.1,13.301666666666666,25.8,2.9,77.90201612903226,8.30231182795699,0.043857526881720434,27.88145,78.07464,6.5
Jalandhar,Punjab,31.3256,75.5792,2023,1,0.0953,0.0834,-0.1681,242,29.72,27.22,32.72,,55.0,7.5,,,,2.5
Bhubaneshwar,Odisha,20.295,85.825,2023,1,0.1242,0.0071,-0.183,47,33.97,31.47,36.97,,55.0,7.5,,,,2.5
Bhayandar,MahÄrÄshtra,19.3,72.85,2023,1,0.2153,0.2051,-0.2764,9,36.18,33.68,39.18,,55.0,7.5,,,,2.5
Narela,Delhi,28.85,77.1,2023,1,0.3581,0.0463,-0.45,212,29.78,27.28,32.78,,55.0,7.5,,,,2.5
Shishgarh,Uttar Pradesh,28.72,79.32,2023,1,0.7866,-0.3093,-0.7159,181,27.67,25.17,30.67,,55.0,7.5,,,,2.5
Thiruvananthapuram,Kerala,8.4875,76.9525,2023,1,0.0893,0.0986,-0.1468,15,37.44,34.94,40.44,,55.0,7.5,,,,2.5
Dispur,Assam,26.15,91.77,2023,1,0.2927,0.1289,-0.29,116,30.01,27.51,33.010000000000005,,55.0,7.5,,,,2.5
Durgapur,West Bengal,23.55,87.32,2023,1,0.2903,0.0682,-0.3367,90,34.72,32.22,37.72,,55.0,7.5,,,,2.5
Bhiwandi,MahÄrÄshtra,19.3,73.0667,2023,1,0.0806,-0.0499,-0.1773,25,39.65,37.15,42.65,,55.0,7.5,,,,2.5
Saharanpur,Uttar Pradesh,29.964,77.546,2023,1,0.0544,0.0851,-0.1321,280,30.29,27.79,33.29,,55.0,7.5,,,,2.5
Shiliguri,West Bengal,26.72,88.42,2023,1,0.1778,0.0462,-0.1839,119,31.79,29.29,34.79,,55.0,7.5,,,,2.5
Avadi,Tamil NÄdu,13.1147,80.1098,2023,1,0.1888,0.0848,-0.2096,32,34.99,32.49,37.99,,55.0,7.5,,,,2.5
Salem,Tamil NÄdu,11.65,78.1667,2023,1,0.0725,0.1378,-0.1698,285,37.94,35.44,40.94,,55.0,7.5,,,,2.5
Jui,UttarÄkhand,29.67,78.9098,2023,1,0.7509,-0.077,-0.7258,890,25.04,22.54,28.04,,55.0,7.5,,,,2.5
Amaldu,UttarÄkhand,29.9333,78.5333,2023,1,0.2446,0.1754,-0.3409,1406,24.36,21.86,27.36,,55.0,7.5,,,,2.5
Kimsar,Jammu and KashmÄ«r,34.5,74.5333,2023,1,-0.0591,-0.4305,0.0702,3058,1.66,-0.8400000000000001,4.66,,55.0,7.5,,,,2.5
Sinduri,HimÄchal Pradesh,30.7167,77.15,2023,1,0.1322,-0.0291,-0.139,943,24.54,22.04,27.54,,55.0,7.5,,,,2.5
Gorakhpur,Uttar Pradesh,26.7611,83.3667,2023,1,0.1076,0.0815,-0.143,84,34.36,31.86,37.36,,55.0,7.5,,,,2.5
Guntur,Andhra Pradesh,16.3,80.45,2023,1,0.0038,-0.0798,0.0344,34,35.06,32.56,38.06,,55.0,7.5,,,,2.5
Karaikandi,Assam,24.8309,92.6143,2023,1,0.4987,-0.0649,-0.3959,20,26.97,24.47,29.97,,55.0,7.5,,,,2.5
Mumbai,MahÄrÄshtra,19.0758,72.8775,2023,1,0.0921,0.0653,-0.1618,5,39.9,23.31008064516129,33.2,14.2,64.56397849462365,10.32875,0.001411290322580645,19.07283,72.88261,6.5
Kolkata,West Bengal,22.5675,88.37,2023,1,0.0758,0.0353,-0.1725,6,40.07,18.926102150537638,30.6,9.0,71.28346774193548,7.722836021505376,0.016223118279569893,22.56263,88.36304,6.5
Delhi,Delhi,28.66,77.23,2023,1,0.1742,0.0614,-0.2959,219,35.83,33.33,38.83,,55.0,7.5,,,,2.5
Chennai,Tamil NÄdu,13.0825,80.275,2023,1,0.0609,0.2656,-0.0662,9,37.8,24.796142473118277,30.5,17.3,74.35887096774194,11.460672043010751,0.02995967741935484,13.08784,80.27847,6.5
Bangalore,KarnÄtaka,12.9791,77.5913,2023,1,0.299,-0.0002,-0.3385,924,35.16,32.66,38.16,,55.0,7.5,,,,2.5
Ahmedabad,GujarÄt,23.0219,72.5797,2023,1,0.3386,-0.0822,-0.3594,52,39.92,37.42,42.92,,55.0,7.5,,,,2.5
Pune,MahÄrÄshtra,18.5211,73.8553,2023,1,0.38,-0.0377,-0.3895,554,38.18,35.68,41.18,,55.0,7.5,,,,2.5
Hyderabad,TelangÄna,17.3617,78.4747,2023,1,0.1072,0.1306,-0.2235,508,38.95,21.84111559139785,33.6,10.9,59.34206989247312,8.333333333333334,0.00836021505376344,17.38405,78.45636,6.5
Surat,GujarÄt,21.205,72.84,2023,1,0.1658,0.1279,-0.2804,14,39.82,22.131034946236557,35.0,11.6,55.53709677419355,11.153575268817205,0.0017069892473118278,21.19594,72.83023,6.5
Prayagraj,Uttar Pradesh,25.45,81.85,2023,1,0.3183,0.0413,-0.3833,95,39.7,37.2,42.7,,55.0,7.5,,,,2.5
Kanpur,GujarÄt,24.285,72.6933,2023,1,0.4413,-0.0407,-0.4493,335,41.85,14.61231182795699,27.4,4.1,77.39435483870967,8.008198924731182,0.0314247311827957,26.46523,80.34975,6.5
Kanpur,Uttar Pradesh,26.4725,80.3311,2023,1,0.0845,0.1146,-0.1355,132,37.41,14.61231182795699,27.4,4.1,77.39435483870967,8.008198924731182,0.0314247311827957,26.46523,80.34975,6.5
Belahi,BihÄr,25.7167,86.4,2023,1,0.6523,-0.2084,-0.5907,41,32.78,30.28,35.78,,55.0,7.5,,,,2.5
Vadodara,GujarÄt,22.3,73.2,2023,1,0.2607,-0.0062,-0.304,38,41.11,20.783776881720428,33.5,8.6,55.36854838709677,8.284059139784947,0.004986559139784946,22.29941,73.20812,6.5
Nadampalaiyam,Tamil NÄdu,11.1793,77.376,2023,1,0.1241,0.1198,-0.1893,318,41.0,38.5,44.0,,55.0,7.5,,,,2.5
Lucknow,Uttar Pradesh,26.847,80.947,2023,1,0.0995,0.0725,-0.1554,115,37.98,14.294059139784947,26.8,3.5,77.76411290322581,8.090174731182795,0.03786290322580645,26.83928,80.92313,6.5
Kannankulam,Kerala,10.4799,76.1131,2023,1,0.4058,-0.1085,-0.4139,13,32.75,30.25,35.75,,55.0,7.5,,,,2.5
Mahuakheraganj,UttarÄkhand,29.13,78.95,2023,1,0.1771,-0.04,-0.226,222,33.69,31.189999999999998,36.69,,55.0,7.5,,,,2.5
Nagla,UttarÄkhand,29.01,79.51,2023,1,0.4949,-0.0088,-0.509,227,34.6,32.1,37.6,,55.0,7.5,,,,2.5
Jaipur,RÄjasthÄn,26.915,75.82,2023,1,0.3732,-0.0358,-0.4487,441,37.94,14.308373655913979,28.1,2.7,62.82728494623656,8.242083333333333,0.02646505376344086,26.91962,75.78781,6.5
Kottarassheri,Kerala,10.6167,76.5333,2023,1,0.2583,0.2327,-0.3463,147,34.88,32.38,37.88,,55.0,7.5,,,,2.5
Attadappa,Kerala,11.85,75.4167,2023,1,0.664,-0.1769,-0.6105,37,34.37,31.869999999999997,37.37,,55.0,7.5,,,,2.5
Barmhan Kalan,Madhya Pradesh,23.0333,79.0167,2023,1,0.4989,-0.0115,-0.5521,337,37.23,34.73,40.23,,55.0,7.5,,,,2.5
Gorakhpur,ChhattÄ«sgarh,22.1688,81.6042,2023,1,0.1936,0.1531,-0.281,305,38.64,36.14,41.64,,55.0,7.5,,,,2.5
Nagpur,MahÄrÄshtra,21.1497,79.0806,2023,1,0.3394,-0.0782,-0.3768,318,37.05,20.58133064516129,32.9,8.1,56.8377688172043,7.151948924731183,0.017419354838709676,21.14631,79.08491,6.5
Guwahati,Assam,26.1806,91.7502,2023,1,0.0638,0.1495,-0.1215,57,30.22,17.49366935483871,27.5,8.4,77.26733870967742,6.03396505376344,0.020026881720430108,26.1844,91.7458,6.5
Ghaziabad,Uttar Pradesh,28.6667,77.4167,2023,1,0.2363,-0.0138,-0.2591,211,35.93,12.96893817204301,25.4,1.9,77.63467741935484,8.6725,0.047567204301075264,28.66535,77.43915,6.5
Coimbatore,Tamil NÄdu,11.0008,76.9633,2023,1,0.355,0.0026,-0.364,417,37.14,24.230967741935483,33.6,14.8,62.895161290322584,9.489314516129033,0.02720430107526882,11.00555,76.96612,6.5
Patna,BihÄr,25.61,85.1414,2023,1,0.1481,0.0999,-0.2281,63,38.18,15.802849462365591,26.2,7.1,77.59919354838709,8.116397849462366,0.016922043010752688,25.59408,85.13563,6.5
Rajkot,GujarÄt,22.2969,70.7984,2023,1,0.051,0.1193,-0.1158,134,40.84,38.34,43.84,,55.0,7.5,,,,2.5
Vishakhapatnam,Andhra Pradesh,17.6939,83.2922,2023,1,0.2391,0.1087,-0.2823,12,36.72,34.22,39.72,,55.0,7.5,,,,2.5
Indore,Madhya Pradesh,22.7186,75.855,2023,1,0.0701,0.1276,-0.1951,553,39.92,17.89548387096774,31.2,6.2,60.325537634408605,8.858575268817205,0.015376344086021506,22.71792,75.8333,6.5
Abhepur,Punjab,30.6667,76.8333,2023,1,0.1774,0.0108,-0.2456,311,35.37,32.87,38.37,,55.0,7.5,,,,2.5
Gumanwala,UttarÄkhand,29.9333,77.9,2023,1,0.401,0.054,-0.3795,277,32.8,30.299999999999997,35.8,,55.0,7.5,,,,2.5
Thane,MahÄrÄshtra,19.18,72.9633,2023,1,0.6065,-0.1867,-0.5816,14,38.06,23.57021505376344,35.8,11.6,59.83736559139785,7.8694758064516135,0.001532258064516129,19.19704,72.96355,6.5
Bhopal,Madhya Pradesh,23.25,77.4167,2023,1,0.0966,0.1161,-0.1512,512,36.94,17.14024193548387,31.1,6.5,64.91505376344087,8.670887096774194,0.028830645161290323,23.25469,77.40289,6.5
Agra,Uttar Pradesh,27.18,78.02,2023,1,0.2348,0.1081,-0.37,184,36.86,13.721250000000001,26.7,3.0,77.71774193548387,7.740376344086021,0.04491935483870967,27.18333,78.01667,6.5
Peyanvilai,Tamil NÄdu,8.5674,78.1046,2023,1,0.1384,0.1508,-0.2367,8,38.64,36.14,41.64,,55.0,7.5,,,,2.5
Pimpri-Chinchwad,MahÄrÄshtra,18.6278,73.8131,2023,1,0.7336,-0.2773,-0.7206,584,41.13,20.824341397849462,33.2,8.2,59.30846774193548,6.219892473118279,0.003306451612903226,18.61867,73.80375,6.5
Harbatpur,UttarÄkhand,30.45,77.73,2023,1,0.1923,0.0328,-0.3091,445,32.44,29.939999999999998,35.44,,55.0,7.5,,,,2.5
Saundhonwali,UttarÄkhand,30.3331,77.9608,2023,1,0.0182,-0.0355,-0.0179,612,31.25,28.75,34.25,,55.0,7.5,,,,2.5
Ludhiana,Punjab,30.9083,75.8486,2023,1,0.2985,-0.0519,-0.3212,243,35.91,11.398319892473118,22.2,1.5,82.76639784946236,7.204583333333333,0.07833333333333332,30.91204,75.85379,6.5
Meerut,Uttar Pradesh,28.98,77.7064,2023,1,0.1028,0.0765,-0.19,228,36.12,33.62,39.12,,55.0,7.5,,,,2.5
Madurai,Tamil NÄdu,9.9197,78.1194,2023,1,0.132,0.3051,-0.3248,141,40.63,25.47190860215054,35.2,15.1,66.73131720430108,9.643709677419354,0.034784946236559144,9.919,78.11953,6.5
Nasik,MahÄrÄshtra,20.0,73.7833,2023,1,0.0905,0.1209,-0.1553,588,38.8,36.3,41.8,,55.0,7.5,,,,2.5
Faridabad,HaryÄna,28.4167,77.3,2023,1,0.3108,0.0021,-0.3326,208,36.56,13.339932795698925,25.6,2.8,75.75255376344086,8.802217741935484,0.0397983870967742,28.41124,77.31316,6.5
Madarpur,BihÄr,26.227,84.6746,2023,1,0.1509,0.0717,-0.2105,69,37.09,34.59,40.09,,55.0,7.5,,,,2.5
Najafgarh,Delhi,28.6125,76.9847,2023,1,0.0635,0.0623,-0.1065,220,37.52,35.02,40.52,,55.0,7.5,,,,2.5
Jabalpur,Madhya Pradesh,23.1667,79.9333,2023,1,0.1016,0.0454,-0.1969,399,38.34,17.15013440860215,30.9,5.1,65.45712365591397,7.502379032258064,0.023911290322580644,23.16697,79.95006,6.5
Madanpur,UttarÄkhand,29.326,79.1537,2023,1,0.3398,-0.036,-0.383,315,33.55,31.049999999999997,36.55,,55.0,7.5,,,,2.5
Kamalwaganja Gaur,UttarÄkhand,29.2117,79.4654,2023,1,0.4651,-0.0577,-0.4566,383,35.1,32.6,38.1,,55.0,7.5,,,,2.5
Kalyan,MahÄrÄshtra,19.25,73.15,2023,1,0.2425,0.0947,-0.3192,10,40.81,38.31,43.81,,55.0,7.5,,,,2.5
Asansol,West Bengal,23.6833,86.9667,2023,1,0.1379,0.1408,-0.214,125,38.82,36.32,41.82,,55.0,7.5,,,,2.5
Vijayawada,Andhra Pradesh,16.5167,80.6167,2023,1,0.3331,-0.0097,-0.3206,27,35.33,24.579395161290325,34.7,14.9,70.73521505376344,6.980873655913978,0.01424731182795699,16.50745,80.6466,6.5
Vasai-Virar,MahÄrÄshtra,19.47,72.8,2023,1,0.1491,0.2458,-0.2162,0,40.61,38.11,43.61,,55.0,7.5,,,,2.5
Varanasi,Uttar Pradesh,25.3189,83.0128,2023,1,0.1669,0.0487,-0.2377,78,36.06,15.528897849462366,27.6,5.5,76.55483870967743,7.823266129032258,0.029704301075268818,25.31668,83.01041,6.5
Kalleli,Kerala,9.2,76.8833,2023,1,0.8672,-0.3078,-0.7627,133,31.17,28.67,34.17,,55.0,7.5,,,,2.5
Srinagar,Jammu and KashmÄ«r,34.0911,74.8061,2023,1,0.0808,0.0623,-0.092,1595,30.59,-1.7122043010752688,14.3,-16.6,66.40900537634408,4.477352150537635,0.19651881720430106,34.08565,74.80555,6.5
Aurangabad,MahÄrÄshtra,19.88,75.32,2023,1,0.282,-0.0088,-0.3052,564,40.46,21.19081989247312,32.6,9.8,52.36438172043011,8.416451612903225,0.0035080645161290323,19.87757,75.34226,6.5
Dhanbad,JhÄrkhand,23.7928,86.435,2023,1,0.451,-0.0017,-0.4663,245,38.6,17.05918010752688,30.5,6.0,67.77190860215053,7.728736559139786,0.01907258064516129,23.79759,86.42992,6.5
Amritsar,Punjab,31.6269,74.877,2023,1,0.0605,0.0235,-0.1234,234,36.81,11.167325268817203,21.6,0.7,81.14543010752688,6.424623655913978,0.07563172043010753,31.62234,74.87534,6.5
Haora,West Bengal,22.58,88.3294,2023,1,0.1986,0.1208,-0.2788,12,37.96,35.46,40.96,,55.0,7.5,,,,2.5
Ranchi,JhÄrkhand,23.3556,85.3347,2023,1,0.4412,-0.015,-0.4546,643,37.08,15.78606182795699,27.8,5.8,64.33212365591397,8.793723118279571,0.016209677419354838,23.34316,85.3094,6.5
Gwalior,Madhya Pradesh,26.2125,78.1775,2023,1,0.0842,0.1226,-0.1678,215,39.37,14.731962365591398,28.8,4.4,72.68924731182796,7.504677419354839,0.04174731182795699,26.22983,78.17337,6.5
Jodhpur,RÄjasthÄn,26.2944,73.0278,2023,1,0.1409,0.0591,-0.1994,251,39.0,16.466290322580644,29.5,4.3,51.160483870967745,10.243172043010752,0.007930107526881721,26.26841,73.00594,6.5
Chandigarh,ChandÄ«garh,30.7364,76.7883,2023,1,0.4451,-0.0558,-0.4687,349,32.75,12.27198924731183,23.4,3.0,74.95833333333333,8.758077956989247,0.08446236559139784,30.73629,76.7884,6.5
Raipur,ChhattÄ«sgarh,21.2379,81.6337,2023,1,0.105,0.0133,-0.1678,309,36.89,19.693870967741933,32.1,7.6,60.54744623655914,6.05239247311828,0.011868279569892472,21.23333,81.63333,6.5
Warangal,TelangÄna,17.9756,79.6011,2023,1,0.0698,0.1735,-0.1454,269,35.82,33.32,38.82,,55.0,7.5,,,,2.5
Kota,RÄjasthÄn,25.18,75.83,2023,1,0.1004,-0.0151,-0.1505,230,39.0,16.201424731182797,30.9,4.0,65.39583333333333,6.7313575268817205,0.034408602150537634,25.18254,75.83907,6.5
Bareilly,Uttar Pradesh,28.364,79.415,2023,1,0.0931,0.1222,-0.196,180,36.98,13.398158602150538,26.2,2.7,79.68387096774194,8.500013440860215,0.04321236559139785,28.36678,79.43167,6.5
Solapur,MahÄrÄshtra,17.6703,75.9011,2023,1,0.1935,0.0906,-0.2412,474,41.99,24.536250000000003,34.5,13.1,44.965860215053766,10.911586021505377,0.0020161290322580645,17.67152,75.91044,6.5
Hubli,KarnÄtaka,15.3108,75.0925,2023,1,0.1773,0.1309,-0.2471,618,41.66,39.16,44.66,,55.0,7.5,,,,2.5
Mysore,KarnÄtaka,12.3086,76.6531,2023,1,0.0719,0.2024,-0.136,747,37.68,35.18,40.68,,55.0,7.5,,,,2.5
Trichinopoly,Tamil NÄdu,10.8269,78.6928,2023,1,0.2703,0.0784,-0.3343,74,38.83,36.33,41.83,,55.0,7.5,,,,2.5
Moradabad,Uttar Pradesh,28.8389,78.7769,2023,1,0.1989,0.0422,-0.2608,205,36.61,34.11,39.61,,55.0,7.5,,,,2.5
Tiruppur,Tamil NÄdu,11.1075,77.3398,2023,1,0.4105,-0.0402,-0.3914,305,39.79,25.208333333333332,35.5,15.6,62.428360215053765,7.9706048387096775,0.022473118279569892,11.11541,77.35456,6.5
Jamnagar,GujarÄt,22.47,70.07,2023,1,0.1923,0.0506,-0.2221,21,38.92,36.42,41.92,,55.0,7.5,,,,2.5
Gurgaon,HaryÄna,28.4667,77.0333,2023,1,0.2063,-0.0398,-0.2769,224,36.8,34.3,39.8,,55.0,7.5,,,,2.5
Aligarh,Uttar Pradesh,27.88,78.08,2023,1,0.1942,-0.0022,-0.2443,190,37.44,13.301666666666666,25.8,2.9,77.90201612903226,8.30231182795699,0.043857526881720434,27.88145,78.07464,6.5
Jalandhar,Punjab,31.3256,75.5792,2023,1,0.1486,0.0517,-0.2025,242,37.0,34.5,40.0,,55.0,7.5,,,,2.5
Bhubaneshwar,Odisha,20.295,85.825,2023,1,0.1322,0.0006,-0.1941,47,37.96,35.46,40.96,,55.0,7.5,,,,2.5
Bhayandar,MahÄrÄshtra,19.3,72.85,2023,1,0.23,0.1661,-0.267,9,37.23,34.73,40.23,,55.0,7.5,,,,2.5
Narela,Delhi,28.85,77.1,2023,1,0.4124,0.0015,-0.439,212,34.83,32.33,37.83,,55.0,7.5,,,,2.5
Shishgarh,Uttar Pradesh,28.72,79.32,2023,1,0.3847,-0.0327,-0.4294,181,32.07,29.57,35.07,,55.0,7.5,,,,2.5
Thiruvananthapuram,Kerala,8.4875,76.9525,2023,1,0.0495,0.1134,-0.1202,15,35.56,33.06,38.56,,55.0,7.5,,,,2.5
Dispur,Assam,26.15,91.77,2023,1,0.5988,-0.0728,-0.5356,116,33.5,31.0,36.5,,55.0,7.5,,,,2.5
Durgapur,West Bengal,23.55,87.32,2023,1,0.2897,0.0611,-0.3288,90,40.15,37.65,43.15,,55.0,7.5,,,,2.5
Bhiwandi,MahÄrÄshtra,19.3,73.0667,2023,1,0.0403,-0.0573,-0.1117,25,43.63,41.13,46.63,,55.0,7.5,,,,2.5
Saharanpur,Uttar Pradesh,29.964,77.546,2023,1,0.0881,0.0822,-0.1806,280,35.57,33.07,38.57,,55.0,7.5,,,,2.5
Shiliguri,West Bengal,26.72,88.42,2023,1,0.1799,0.0575,-0.1783,119,32.64,30.14,35.64,,55.0,7.5,,,,2.5
Avadi,Tamil NÄdu,13.1147,80.1098,2023,1,0.2485,0.0435,-0.2671,32,37.32,34.82,40.32,,55.0,7.5,,,,2.5
Salem,Tamil NÄdu,11.65,78.1667,2023,1,0.0829,0.1233,-0.2156,285,39.19,36.69,42.19,,55.0,7.5,,,,2.5
Jui,UttarÄkhand,29.67,78.9098,2023,1,0.8037,-0.1884,-0.7349,890,28.18,25.68,31.18,,55.0,7.5,,,,2.5
Amaldu,UttarÄkhand,29.9333,78.5333,2023,1,0.3111,0.0471,-0.3159,1406,27.72,25.22,30.72,,55.0,7.5,,,,2.5
Kimsar,Jammu and KashmÄ«r,34.5,74.5333,2023,1,0.0648,-0.5086,-0.0564,3058,6.73,4.23,9.73,,55.0,7.5,,,,2.5
Sinduri,HimÄchal Pradesh,30.7167,77.15,2023,1,0.4244,-0.0237,-0.4724,943,28.72,26.22,31.72,,55.0,7.5,,,,2.5
Gorakhpur,Uttar Pradesh,26.7611,83.3667,2023,1,0.1403,0.0426,-0.1996,84,39.96,37.46,42.96,,55.0,7.5,,,,2.5
Guntur,Andhra Pradesh,16.3,80.45,2023,1,0.2256,0.0816,-0.2549,34,39.7,37.2,42.7,,55.0,7.5,,,,2.5
Karaikandi,Assam,24.8309,92.6143,2023,1,0.6833,-0.2051,-0.5951,20,29.94,27.44,32.94,,55.0,7.5,,,,2.5
Mumbai,MahÄrÄshtra,19.0758,72.8775,2023,1,0.0673,0.0116,-0.1305,5,39.43,23.31008064516129,33.2,14.2,64.56397849462365,10.32875,0.001411290322580645,19.07283,72.88261,6.5
Kolkata,West Bengal,22.5675,88.37,2023,1,0.0164,0.049,-0.0058,6,37.2,18.926102150537638,30.6,9.0,71.28346774193548,7.722836021505376,0.016223118279569893,22.56263,88.36304,6.5
Delhi,Delhi,28.66,77.23,2023,1,0.2419,0.0094,-0.3034,219,36.21,33.71,39.21,,55.0,7.5,,,,2.5
Chennai,Tamil NÄdu,13.0825,80.275,2023,1,0.0331,0.2746,-0.0444,9,37.48,24.796142473118277,30.5,17.3,74.35887096774194,11.460672043010751,0.02995967741935484,13.08784,80.27847,6.5
Bangalore,KarnÄtaka,12.9791,77.5913,2023,1,0.3305,-0.0419,-0.3447,924,32.85,30.35,35.85,,55.0,7.5,,,,2.5
Ahmedabad,GujarÄt,23.0219,72.5797,2023,1,0.3233,-0.0263,-0.3299,52,39.72,37.22,42.72,,55.0,7.5,,,,2.5
Pune,MahÄrÄshtra,18.5211,73.8553,2023,1,0.3962,-0.0319,-0.4145,554,39.28,36.78,42.28,,55.0,7.5,,,,2.5
Hyderabad,TelangÄna,17.3617,78.4747,2023,1,0.115,0.0907,-0.2154,508,38.78,21.84111559139785,33.6,10.9,59.34206989247312,8.333333333333334,0.00836021505376344,17.38405,78.45636,6.5
Surat,GujarÄt,21.205,72.84,2023,1,0.1482,0.1135,-0.2085,14,41.26,22.131034946236557,35.0,11.6,55.53709677419355,11.153575268817205,0.0017069892473118278,21.19594,72.83023,6.5
Prayagraj,Uttar Pradesh,25.45,81.85,2023,1,0.3388,0.0139,-0.3945,95,37.68,35.18,40.68,,55.0,7.5,,,,2.5
Kanpur,GujarÄt,24.285,72.6933,2023,1,0.4145,-0.0416,-0.4337,335,40.29,14.61231182795699,27.4,4.1,77.39435483870967,8.008198924731182,0.0314247311827957,26.46523,80.34975,6.5
Kanpur,Uttar Pradesh,26.4725,80.3311,2023,1,0.0885,0.0734,-0.1593,132,37.86,14.61231182795699,27.4,4.1,77.39435483870967,8.008198924731182,0.0314247311827957,26.46523,80.34975,6.5
Belahi,BihÄr,25.7167,86.4,2023,1,0.5313,-0.1256,-0.5089,41,36.3,33.8,39.3,,55.0,7.5,,,,2.5
Vadodara,GujarÄt,22.3,73.2,2023,1,0.2475,0.0188,-0.2771,38,41.23,20.783776881720428,33.5,8.6,55.36854838709677,8.284059139784947,0.004986559139784946,22.29941,73.20812,6.5
Nadampalaiyam,Tamil NÄdu,11.1793,77.376,2023,1,0.1197,0.0445,-0.1526,318,36.39,33.89,39.39,,55.0,7.5,,,,2.5
Lucknow,Uttar Pradesh,26.847,80.947,2023,1,0.0755,0.1021,-0.1377,115,38.17,14.294059139784947,26.8,3.5,77.76411290322581,8.090174731182795,0.03786290322580645,26.83928,80.92313,6.5
Kannankulam,Kerala,10.4799,76.1131,2023,1,0.3867,-0.2094,-0.3603,13,29.72,27.22,32.72,,55.0,7.5,,,,2.5
Mahuakheraganj,UttarÄkhand,29.13,78.95,2023,1,0.2452,-0.1047,-0.2653,222,32.31,29.810000000000002,35.31,,55.0,7.5,,,,2.5
Nagla,UttarÄkhand,29.01,79.51,2023,1,0.4743,0.0364,-0.4767,227,34.48,31.979999999999997,37.48,,55.0,7.5,,,,2.5
Jaipur,RÄjasthÄn,26.915,75.82,2023,1,0.1815,-0.0132,-0.1467,441,38.12,14.308373655913979,28.1,2.7,62.82728494623656,8.242083333333333,0.02646505376344086,26.91962,75.78781,6.5
Kottarassheri,Kerala,10.6167,76.5333,2023,1,0.2919,0.0409,-0.2772,147,30.67,28.17,33.67,,55.0,7.5,,,,2.5
Attadappa,Kerala,11.85,75.4167,2023,1,0.52,-0.1621,-0.4859,37,34.7,32.2,37.7,,55.0,7.5,,,,2.5
Barmhan Kalan,Madhya Pradesh,23.0333,79.0167,2023,1,0.5747,-0.0483,-0.6199,337,39.95,37.45,42.95,,55.0,7.5,,,,2.5
Gorakhpur,ChhattÄ«sgarh,22.1688,81.6042,2023,1,0.1912,0.1169,-0.287,305,42.96,40.46,45.96,,55.0,7.5,,,,2.5
Nagpur,MahÄrÄshtra,21.1497,79.0806,2023,1,0.3151,-0.0804,-0.3688,318,39.22,20.58133064516129,32.9,8.1,56.8377688172043,7.151948924731183,0.017419354838709676,21.14631,79.08491,6.5
Guwahati,Assam,26.1806,91.7502,2023,1,0.0644,0.1848,-0.1053,57,33.17,17.49366935483871,27.5,8.4,77.26733870967742,6.03396505376344,0.020026881720430108,26.1844,91.7458,6.5
Ghaziabad,Uttar Pradesh,28.6667,77.4167,2023,1,0.2151,0.0252,-0.2571,211,37.41,12.96893817204301,25.4,1.9,77.63467741935484,8.6725,0.047567204301075264,28.66535,77.43915,6.5
Coimbatore,Tamil NÄdu,11.0008,76.9633,2023,1,0.2847,0.0119,-0.3015,417,36.4,24.230967741935483,33.6,14.8,62.895161290322584,9.489314516129033,0.02720430107526882,11.00555,76.96612,6.5
Patna,BihÄr,25.61,85.1414,2023,1,0.1255,0.1304,-0.22,63,36.62,15.802849462365591,26.2,7.1,77.59919354838709,8.116397849462366,0.016922043010752688,25.59408,85.13563,6.5
Rajkot,GujarÄt,22.2969,70.7984,2023,1,0.0394,0.0842,-0.0676,134,41.05,38.55,44.05,,55.0,7.5,,,,2.5
Vishakhapatnam,Andhra Pradesh,17.6939,83.2922,2023,1,0.3298,0.0277,-0.3849,12,33.85,31.35,36.85,,55.0,7.5,,,,2.5
Indore,Madhya Pradesh,22.7186,75.855,2023,1,0.0449,0.1412,-0.19,553,40.44,17.89548387096774,31.2,6.2,60.325537634408605,8.858575268817205,0.015376344086021506,22.71792,75.8333,6.5
Abhepur,Punjab,30.6667,76.8333,2023,1,0.1529,-0.0053,-0.2201,311,36.1,33.6,39.1,,55.0,7.5,,,,2.5
Gumanwala,UttarÄkhand,29.9333,77.9,2023,1,0.3915,0.0735,-0.4188,277,32.27,29.770000000000003,35.27,,55.0,7.5,,,,2.5
Thane,MahÄrÄshtra,19.18,72.9633,2023,1,0.6283,-0.2266,-0.6041,14,36.18,23.57021505376344,35.8,11.6,59.83736559139785,7.8694758064516135,0.001532258064516129,19.19704,72.96355,6.5
Bhopal,Madhya Pradesh,23.25,77.4167,2023,1,0.0875,0.1084,-0.1411,512,36.74,17.14024193548387,31.1,6.5,64.91505376344087,8.670887096774194,0.028830645161290323,23.25469,77.40289,6.5
Agra,Uttar Pradesh,27.18,78.02,2023,1,0.2271,0.1141,-0.3545,184,39.38,13.721250000000001,26.7,3.0,77.71774193548387,7.740376344086021,0.04491935483870967,27.18333,78.01667,6.5
Peyanvilai,Tamil NÄdu,8.5674,78.1046,2023,1,0.1892,0.0224,-0.2711,8,36.96,34.46,39.96,,55.0,7.5,,,,2.5
Pimpri-Chinchwad,MahÄrÄshtra,18.6278,73.8131,2023,1,0.7013,-0.227,-0.6936,584,40.75,20.824341397849462,33.2,8.2,59.30846774193548,6.219892473118279,0.003306451612903226,18.61867,73.80375,6.5
Harbatpur,UttarÄkhand,30.45,77.73,2023,1,0.2139,0.0455,-0.3239,445,33.86,31.36,36.86,,55.0,7.5,,,,2.5
Saundhonwali,UttarÄkhand,30.3331,77.9608,2023,1,0.0271,0.0873,-0.1107,612,33.5,31.0,36.5,,55.0,7.5,,,,2.5
Ludhiana,Punjab,30.9083,75.8486,2023,1,0.3216,-0.048,-0.3461,243,36.79,11.398319892473118,22.2,1.5,82.76639784946236,7.204583333333333,0.07833333333333332,30.91204,75.85379,6.5
Meerut,Uttar Pradesh,28.98,77.7064,2023,1,0.0982,0.1197,-0.1582,228,38.32,35.82,41.32,,55.0,7.5,,,,2.5
Madurai,Tamil NÄdu,9.9197,78.1194,2023,1,0.1191,0.2522,-0.3295,141,37.1,25.47190860215054,35.2,15.1,66.73131720430108,9.643709677419354,0.034784946236559144,9.919,78.11953,6.5
Nasik,MahÄrÄshtra,20.0,73.7833,2023,1,0.087,0.1316,-0.1521,588,39.44,36.94,42.44,,55.0,7.5,,,,2.5
Faridabad,HaryÄna,28.4167,77.3,2023,1,0.2941,-0.0069,-0.3264,208,36.4,13.339932795698925,25.6,2.8,75.75255376344086,8.802217741935484,0.0397983870967742,28.41124,77.31316,6.5
Madarpur,BihÄr,26.227,84.6746,2023,1,0.1328,0.1004,-0.1977,69,38.54,36.04,41.54,,55.0,7.5,,,,2.5
Najafgarh,Delhi,28.6125,76.9847,2023,1,0.0603,0.0634,-0.1355,220,37.15,34.65,40.15,,55.0,7.5,,,,2.5
Jabalpur,Madhya Pradesh,23.1667,79.9333,2023,1,0.0966,0.091,-0.195,399,39.65,17.15013440860215,30.9,5.1,65.45712365591397,7.502379032258064,0.023911290322580644,23.16697,79.95006,6.5
Madanpur,UttarÄkhand,29.326,79.1537,2023,1,0.3579,0.0273,-0.3971,315,35.31,32.81,38.31,,55.0,7.5,,,,2.5
Kamalwaganja Gaur,UttarÄkhand,29.2117,79.4654,2023,1,0.5583,-0.0557,-0.5459,383,35.23,32.73,38.23,,55.0,7.5,,,,2.5
Kalyan,MahÄrÄshtra,19.25,73.15,2023,1,0.1984,0.107,-0.2505,10,39.51,37.01,42.51,,55.0,7.5,,,,2.5
Asansol,West Bengal,23.6833,86.9667,2023,1,0.1128,0.1343,-0.2121,125,37.76,35.26,40.76,,55.0,7.5,,,,2.5
Vijayawada,Andhra Pradesh,16.5167,80.6167,2023,1,0.3804,-0.0431,-0.3833,27,35.3,24.579395161290325,34.7,14.9,70.73521505376344,6.980873655913978,0.01424731182795699,16.50745,80.6466,6.5
Vasai-Virar,MahÄrÄshtra,19.47,72.8,2023,1,0.1895,0.1817,-0.2544,0,39.41,36.91,42.41,,55.0,7.5,,,,2.5
Varanasi,Uttar Pradesh,25.3189,83.0128,2023,1,0.1705,0.0962,-0.2606,78,37.78,15.528897849462366,27.6,5.5,76.55483870967743,7.823266129032258,0.029704301075268818,25.31668,83.01041,6.5
Kalleli,Kerala,9.2,76.8833,2023,1,0.6071,-0.3286,-0.5601,133,27.93,25.43,30.93,,55.0,7.5,,,,2.5
Srinagar,Jammu and KashmÄ«r,34.0911,74.8061,2023,1,0.1252,0.0628,-0.1425,1595,31.24,-1.7122043010752688,14.3,-16.6,66.40900537634408,4.477352150537635,0.19651881720430106,34.08565,74.80555,6.5
Aurangabad,MahÄrÄshtra,19.88,75.32,2023,1,0.3225,-0.0123,-0.3597,564,40.34,21.19081989247312,32.6,9.8,52.36438172043011,8.416451612903225,0.0035080645161290323,19.87757,75.34226,6.5
Dhanbad,JhÄrkhand,23.7928,86.435,2023,1,0.4532,0.013,-0.4821,245,38.87,17.05918010752688,30.5,6.0,67.77190860215053,7.728736559139786,0.01907258064516129,23.79759,86.42992,6.5
Amritsar,Punjab,31.6269,74.877,2023,1,0.0516,0.0578,-0.1302,234,38.14,11.167325268817203,21.6,0.7,81.14543010752688,6.424623655913978,0.07563172043010753,31.62234,74.87534,6.5
Haora,West Bengal,22.58,88.3294,2023,1,0.015,0.0635,-0.0013,12,36.36,33.86,39.36,,55.0,7.5,,,,2.5
Ranchi,JhÄrkhand,23.3556,85.3347,2023,1,0.3903,-0.045,-0.4034,643,39.23,15.78606182795699,27.8,5.8,64.33212365591397,8.793723118279571,0.016209677419354838,23.34316,85.3094,6.5
Gwalior,Madhya Pradesh,26.2125,78.1775,2023,1,0.0628,0.1296,-0.1568,215,39.58,14.731962365591398,28.8,4.4,72.68924731182796,7.504677419354839,0.04174731182795699,26.22983,78.17337,6.5
Jodhpur,RÄjasthÄn,26.2944,73.0278,2023,1,0.1764,0.0428,-0.229,251,39.38,16.466290322580644,29.5,4.3,51.160483870967745,10.243172043010752,0.007930107526881721,26.26841,73.00594,6.5
Chandigarh,ChandÄ«garh,30.7364,76.7883,2023,1,0.453,-0.0553,-0.4667,349,35.01,12.27198924731183,23.4,3.0,74.95833333333333,8.758077956989247,0.08446236559139784,30.73629,76.7884,6.5
Raipur,ChhattÄ«sgarh,21.2379,81.6337,2023,1,0.0687,0.114,-0.1316,309,38.12,19.693870967741933,32.1,7.6,60.54744623655914,6.05239247311828,0.011868279569892472,21.23333,81.63333,6.5
Warangal,TelangÄna,17.9756,79.6011,2023,1,0.0861,0.1372,-0.1103,269,37.86,35.36,40.86,,55.0,7.5,,,,2.5
Kota,RÄjasthÄn,25.18,75.83,2023,1,0.1011,0.0269,-0.1416,230,39.22,16.201424731182797,30.9,4.0,65.39583333333333,6.7313575268817205,0.034408602150537634,25.18254,75.83907,6.5
Bareilly,Uttar Pradesh,28.364,79.415,2023,1,0.0865,0.1187,-0.1813,180,36.52,13.398158602150538,26.2,2.7,79.68387096774194,8.500013440860215,0.04321236559139785,28.36678,79.43167,6.5
Solapur,MahÄrÄshtra,17.6703,75.9011,2023,1,0.1901,0.0707,-0.2365,474,40.09,24.536250000000003,34.5,13.1,44.965860215053766,10.911586021505377,0.0020161290322580645,17.67152,75.91044,6.5
Hubli,KarnÄtaka,15.3108,75.0925,2023,1,0.1664,0.1457,-0.2245,618,39.33,36.83,42.33,,55.0,7.5,,,,2.5
Mysore,KarnÄtaka,12.3086,76.6531,2023,1,0.058,0.1592,-0.1061,747,33.06,30.560000000000002,36.06,,55.0,7.5,,,,2.5
Trichinopoly,Tamil NÄdu,10.8269,78.6928,2023,1,0.2155,-0.0115,-0.2226,74,36.67,34.17,39.67,,55.0,7.5,,,,2.5
Moradabad,Uttar Pradesh,28.8389,78.7769,2023,1,0.1623,0.0543,-0.2115,205,36.42,33.92,39.42,,55.0,7.5,,,,2.5
Tiruppur,Tamil NÄdu,11.1075,77.3398,2023,1,0.077,-0.0949,-0.0394,305,36.55,25.208333333333332,35.5,15.6,62.428360215053765,7.9706048387096775,0.022473118279569892,11.11541,77.35456,6.5
Jamnagar,GujarÄt,22.47,70.07,2023,1,0.1927,0.0334,-0.2053,21,38.66,36.16,41.66,,55.0,7.5,,,,2.5
Gurgaon,HaryÄna,28.4667,77.0333,2023,1,0.2036,-0.0443,-0.2602,224,37.48,34.98,40.48,,55.0,7.5,,,,2.5
Aligarh,Uttar Pradesh,27.88,78.08,2023,1,0.1972,0.0194,-0.2407,190,38.02,13.301666666666666,25.8,2.9,77.90201612903226,8.30231182795699,0.043857526881720434,27.88145,78.07464,6.5
Jalandhar,Punjab,31.3256,75.5792,2023,1,0.1073,0.0866,-0.1751,242,38.06,35.56,41.06,,55.0,7.5,,,,2.5
Bhubaneshwar,Odisha,20.295,85.825,2023,1,0.1615,0.0161,-0.2305,47,35.31,32.81,38.31,,55.0,7.5,,,,2.5
Bhayandar,MahÄrÄshtra,19.3,72.85,2023,1,0.2347,0.119,-0.2812,9,38.97,36.47,41.97,,55.0,7.5,,,,2.5
Narela,Delhi,28.85,77.1,2023,1,0.5749,-0.1276,-0.5571,212,35.05,32.55,38.05,,55.0,7.5,,,,2.5
Shishgarh,Uttar Pradesh,28.72,79.32,2023,1,0.7223,-0.2748,-0.656,181,33.41,30.909999999999997,36.41,,55.0,7.5,,,,2.5
Thiruvananthapuram,Kerala,8.4875,76.9525,2023,1,0.0797,-0.165,-0.053,15,32.81,30.310000000000002,35.81,,55.0,7.5,,,,2.5
Dispur,Assam,26.15,91.77,2023,1,0.6947,-0.1986,-0.6118,116,34.58,32.08,37.58,,55.0,7.5,,,,2.5
Durgapur,West Bengal,23.55,87.32,2023,1,0.3115,0.0181,-0.3273,90,37.31,34.81,40.31,,55.0,7.5,,,,2.5
Bhiwandi,MahÄrÄshtra,19.3,73.0667,2023,1,0.0164,-0.1215,-0.0747,25,41.66,39.16,44.66,,55.0,7.5,,,,2.5
Saharanpur,Uttar Pradesh,29.964,77.546,2023,1,0.0807,0.0833,-0.19,280,35.34,32.84,38.34,,55.0,7.5,,,,2.5
Shiliguri,West Bengal,26.72,88.42,2023,1,0.199,0.0345,-0.2207,119,34.79,32.29,37.79,,55.0,7.5,,,,2.5
Avadi,Tamil NÄdu,13.1147,80.1098,2023,1,0.2649,0.0408,-0.3005,32,37.78,35.28,40.78,,55.0,7.5,,,,2.5
Salem,Tamil NÄdu,11.65,78.1667,2023,1,0.0865,0.0582,-0.2049,285,35.85,33.35,38.85,,55.0,7.5,,,,2.5
Jui,UttarÄkhand,29.67,78.9098,2023,1,0.7798,-0.2169,-0.6896,890,29.36,26.86,32.36,,55.0,7.5,,,,2.5
Amaldu,UttarÄkhand,29.9333,78.5333,2023,1,0.3505,0.0624,-0.3813,1406,28.83,26.33,31.83,,55.0,7.5,,,,2.5
Kimsar,Jammu and KashmÄ«r,34.5,74.5333,2023,1,0.4471,-0.3828,-0.4173,3058,14.55,12.05,17.55,,55.0,7.5,,,,2.5
Sinduri,HimÄchal Pradesh,30.7167,77.15,2023,1,0.4979,-0.0614,-0.4791,943,28.81,26.31,31.81,,55.0,7.5,,,,2.5
Gorakhpur,Uttar Pradesh,26.7611,83.3667,2023,1,0.0987,0.0839,-0.1626,84,38.57,36.07,41.57,,55.0,7.5,,,,2.5
Guntur,Andhra Pradesh,16.3,80.45,2023,1,0.1707,0.1142,-0.2362,34,39.24,36.74,42.24,,55.0,7.5,,,,2.5
Karaikandi,Assam,24.8309,92.6143,2023,1,0.6505,-0.2111,-0.5472,20,30.21,27.71,33.21,,55.0,7.5,,,,2.5
Mumbai,MahÄrÄshtra,19.0758,72.8775,2023,1,0.0719,0.0448,-0.1265,5,35.05,23.31008064516129,33.2,14.2,64.56397849462365,10.32875,0.001411290322580645,19.07283,72.88261,6.5
Kolkata,West Bengal,22.5675,88.37,2023,1,0.0445,0.0424,-0.1499,6,33.89,18.926102150537638,30.6,9.0,71.28346774193548,7.722836021505376,0.016223118279569893,22.56263,88.36304,6.5
Delhi,Delhi,28.66,77.23,2023,1,0.2141,0.0364,-0.29,219,35.25,32.75,38.25,,55.0,7.5,,,,2.5
Chennai,Tamil NÄdu,13.0825,80.275,2023,1,0.0851,0.0073,-0.0902,9,36.88,24.796142473118277,30.5,17.3,74.35887096774194,11.460672043010751,0.02995967741935484,13.08784,80.27847,6.5
Bangalore,KarnÄtaka,12.9791,77.5913,2023,1,0.1932,-0.0716,-0.1695,924,29.71,27.21,32.71,,55.0,7.5,,,,2.5
Ahmedabad,GujarÄt,23.0219,72.5797,2023,1,0.3786,-0.1111,-0.3855,52,34.28,31.78,37.28,,55.0,7.5,,,,2.5
Pune,MahÄrÄshtra,18.5211,73.8553,2023,1,0.3525,-0.0249,-0.3476,554,35.3,32.8,38.3,,55.0,7.5,,,,2.5
Hyderabad,TelangÄna,17.3617,78.4747,2023,1,0.0785,0.0804,-0.1489,508,37.84,21.84111559139785,33.6,10.9,59.34206989247312,8.333333333333334,0.00836021505376344,17.38405,78.45636,6.5
Surat,GujarÄt,21.205,72.84,2023,1,0.1768,0.1035,-0.2501,14,37.35,22.131034946236557,35.0,11.6,55.53709677419355,11.153575268817205,0.0017069892473118278,21.19594,72.83023,6.5
Prayagraj,Uttar Pradesh,25.45,81.85,2023,1,0.3167,0.0093,-0.3586,95,38.72,36.22,41.72,,55.0,7.5,,,,2.5
Kanpur,GujarÄt,24.285,72.6933,2023,1,0.3797,-0.0255,-0.351,335,35.01,14.61231182795699,27.4,4.1,77.39435483870967,8.008198924731182,0.0314247311827957,26.46523,80.34975,6.5
Kanpur,Uttar Pradesh,26.4725,80.3311,2023,1,0.087,0.088,-0.1427,132,37.94,14.61231182795699,27.4,4.1,77.39435483870967,8.008198924731182,0.0314247311827957,26.46523,80.34975,6.5
Belahi,BihÄr,25.7167,86.4,2023,1,0.5554,-0.1522,-0.5255,41,39.14,36.64,42.14,,55.0,7.5,,,,2.5
Vadodara,GujarÄt,22.3,73.2,2023,1,0.2113,-0.0105,-0.2378,38,36.79,20.783776881720428,33.5,8.6,55.36854838709677,8.284059139784947,0.004986559139784946,22.29941,73.20812,6.5
Nadampalaiyam,Tamil NÄdu,11.1793,77.376,2023,1,0.0913,0.1091,-0.1561,318,38.31,35.81,41.31,,55.0,7.5,,,,2.5
Lucknow,Uttar Pradesh,26.847,80.947,2023,1,0.069,0.0959,-0.1379,115,40.14,14.294059139784947,26.8,3.5,77.76411290322581,8.090174731182795,0.03786290322580645,26.83928,80.92313,6.5
Mahuakheraganj,UttarÄkhand,29.13,78.95,2023,1,0.2395,-0.0628,-0.2616,222,35.15,32.65,38.15,,55.0,7.5,,,,2.5
Nagla,UttarÄkhand,29.01,79.51,2023,1,0.3119,0.0783,-0.3741,227,39.37,36.87,42.37,,55.0,7.5,,,,2.5
Jaipur,RÄjasthÄn,26.915,75.82,2023,1,0.4407,-0.0691,-0.4714,441,35.8,14.308373655913979,28.1,2.7,62.82728494623656,8.242083333333333,0.02646505376344086,26.91962,75.78781,6.5
Attadappa,Kerala,11.85,75.4167,2023,1,0.6435,-0.2457,-0.5589,37,30.03,27.53,33.03,,55.0,7.5,,,,2.5
Barmhan Kalan,Madhya Pradesh,23.0333,79.0167,2023,1,0.5302,-0.0186,-0.6309,337,39.6,37.1,42.6,,55.0,7.5,,,,2.5
Gorakhpur,ChhattÄ«sgarh,22.1688,81.6042,2023,1,0.1372,0.0322,-0.0093,305,42.08,39.58,45.08,,55.0,7.5,,,,2.5
Nagpur,MahÄrÄshtra,21.1497,79.0806,2023,1,0.328,-0.0689,-0.3574,318,39.72,20.58133064516129,32.9,8.1,56.8377688172043,7.151948924731183,0.017419354838709676,21.14631,79.08491,6.5
Guwahati,Assam,26.1806,91.7502,2023,1,0.0582,0.1996,-0.0894,57,33.51,17.49366935483871,27.5,8.4,77.26733870967742,6.03396505376344,0.020026881720430108,26.1844,91.7458,6.5
Ghaziabad,Uttar Pradesh,28.6667,77.4167,2023,1,0.1671,0.0403,-0.2098,211,37.89,12.96893817204301,25.4,1.9,77.63467741935484,8.6725,0.047567204301075264,28.66535,77.43915,6.5
Coimbatore,Tamil NÄdu,11.0008,76.9633,2023,1,0.2235,-0.0641,-0.2467,417,37.0,24.230967741935483,33.6,14.8,62.895161290322584,9.489314516129033,0.02720430107526882,11.00555,76.96612,6.5
Patna,BihÄr,25.61,85.1414,2023,1,0.0986,0.0989,-0.1634,63,38.76,15.802849462365591,26.2,7.1,77.59919354838709,8.116397849462366,0.016922043010752688,25.59408,85.13563,6.5
Rajkot,GujarÄt,22.2969,70.7984,2023,1,0.0403,0.0772,-0.0636,134,36.48,33.98,39.48,,55.0,7.5,,,,2.5
Vishakhapatnam,Andhra Pradesh,17.6939,83.2922,2023,1,0.1803,-0.0494,-0.0195,12,36.71,34.21,39.71,,55.0,7.5,,,,2.5
Indore,Madhya Pradesh,22.7186,75.855,2023,1,0.0351,0.1547,-0.1779,553,35.19,17.89548387096774,31.2,6.2,60.325537634408605,8.858575268817205,0.015376344086021506,22.71792,75.8333,6.5
Abhepur,Punjab,30.6667,76.8333,2023,1,0.1644,0.006,-0.2143,311,36.82,34.32,39.82,,55.0,7.5,,,,2.5
Gumanwala,UttarÄkhand,29.9333,77.9,2023,1,0.4515,0.0188,-0.468,277,36.02,33.52,39.02,,55.0,7.5,,,,2.5
Thane,MahÄrÄshtra,19.18,72.9633,2023,1,0.662,-0.2347,-0.6854,14,34.52,23.57021505376344,35.8,11.6,59.83736559139785,7.8694758064516135,0.001532258064516129,19.19704,72.96355,6.5
Bhopal,Madhya Pradesh,23.25,77.4167,2023,1,0.0103,0.1036,-0.0473,512,37.17,17.14024193548387,31.1,6.5,64.91505376344087,8.670887096774194,0.028830645161290323,23.25469,77.40289,6.5
Agra,Uttar Pradesh,27.18,78.02,2023,1,0.1988,0.0847,-0.3135,184,38.61,13.721250000000001,26.7,3.0,77.71774193548387,7.740376344086021,0.04491935483870967,27.18333,78.01667,6.5
Peyanvilai,Tamil NÄdu,8.5674,78.1046,2023,1,0.1774,0.0875,-0.2713,8,39.35,36.85,42.35,,55.0,7.5,,,,2.5
Pimpri-Chinchwad,MahÄrÄshtra,18.6278,73.8131,2023,1,0.6674,-0.2371,-0.6373,584,36.78,20.824341397849462,33.2,8.2,59.30846774193548,6.219892473118279,0.003306451612903226,18.61867,73.80375,6.5
Harbatpur,UttarÄkhand,30.45,77.73,2023,1,0.1842,0.0461,-0.2653,445,35.4,32.9,38.4,,55.0,7.5,,,,2.5
Saundhonwali,UttarÄkhand,30.3331,77.9608,2023,1,0.0369,0.0804,-0.0992,612,35.26,32.76,38.26,,55.0,7.5,,,,2.5
Ludhiana,Punjab,30.9083,75.8486,2023,1,0.3407,-0.0522,-0.3463,243,39.04,11.398319892473118,22.2,1.5,82.76639784946236,7.204583333333333,0.07833333333333332,30.91204,75.85379,6.5
Meerut,Uttar Pradesh,28.98,77.7064,2023,1,0.0684,0.1192,-0.1608,228,38.55,36.05,41.55,,55.0,7.5,,,,2.5
Madurai,Tamil NÄdu,9.9197,78.1194,2023,1,0.1017,0.2691,-0.2586,141,39.46,25.47190860215054,35.2,15.1,66.73131720430108,9.643709677419354,0.034784946236559144,9.919,78.11953,6.5
Nasik,MahÄrÄshtra,20.0,73.7833,2023,1,0.076,0.1138,-0.1077,588,36.23,33.73,39.23,,55.0,7.5,,,,2.5
Faridabad,HaryÄna,28.4167,77.3,2023,1,0.2809,-0.0161,-0.2913,208,36.27,13.339932795698925,25.6,2.8,75.75255376344086,8.802217741935484,0.0397983870967742,28.41124,77.31316,6.5
Madarpur,BihÄr,26.227,84.6746,2023,1,0.1067,0.1291,-0.1828,69,42.8,40.3,45.8,,55.0,7.5,,,,2.5
Najafgarh,Delhi,28.6125,76.9847,2023,1,0.0325,0.0714,-0.0908,220,37.9,35.4,40.9,,55.0,7.5,,,,2.5
Jabalpur,Madhya Pradesh,23.1667,79.9333,2023,1,0.084,0.0995,-0.1708,399,41.98,17.15013440860215,30.9,5.1,65.45712365591397,7.502379032258064,0.023911290322580644,23.16697,79.95006,6.5
Madanpur,UttarÄkhand,29.326,79.1537,2023,1,0.1183,0.0867,-0.2027,315,40.8,38.3,43.8,,55.0,7.5,,,,2.5
Kamalwaganja Gaur,UttarÄkhand,29.2117,79.4654,2023,1,0.2897,0.0433,-0.3203,383,40.95,38.45,43.95,,55.0,7.5,,,,2.5
Kalyan,MahÄrÄshtra,19.25,73.15,2023,1,0.0337,-0.0813,0.0134,10,37.29,34.79,40.29,,55.0,7.5,,,,2.5
Asansol,West Bengal,23.6833,86.9667,2023,1,0.1068,0.1173,-0.1711,125,40.24,37.74,43.24,,55.0,7.5,,,,2.5
Vijayawada,Andhra Pradesh,16.5167,80.6167,2023,1,0.3642,-0.0599,-0.3483,27,36.19,24.579395161290325,34.7,14.9,70.73521505376344,6.980873655913978,0.01424731182795699,16.50745,80.6466,6.5
Vasai-Virar,MahÄrÄshtra,19.47,72.8,2023,1,0.1606,0.1002,-0.2261,0,34.81,32.31,37.81,,55.0,7.5,,,,2.5
Varanasi,Uttar Pradesh,25.3189,83.0128,2023,1,0.1873,0.0735,-0.2384,78,39.3,15.528897849462366,27.6,5.5,76.55483870967743,7.823266129032258,0.029704301075268818,25.31668,83.01041,6.5
Kalleli,Kerala,9.2,76.8833,2023,1,0.7274,-0.2898,-0.6343,133,27.31,24.81,30.31,,55.0,7.5,,,,2.5
Srinagar,Jammu and KashmÄ«r,34.0911,74.8061,2023,1,0.1277,0.1549,-0.1534,1595,34.64,-1.7122043010752688,14.3,-16.6,66.40900537634408,4.477352150537635,0.19651881720430106,34.08565,74.80555,6.5
Aurangabad,MahÄrÄshtra,19.88,75.32,2023,1,0.316,-0.0763,-0.3098,564,38.34,21.19081989247312,32.6,9.8,52.36438172043011,8.416451612903225,0.0035080645161290323,19.87757,75.34226,6.5
Dhanbad,JhÄrkhand,23.7928,86.435,2023,1,0.4472,-0.0901,-0.4732,245,39.53,17.05918010752688,30.5,6.0,67.77190860215053,7.728736559139786,0.01907258064516129,23.79759,86.42992,6.5
Amritsar,Punjab,31.6269,74.877,2023,1,0.037,0.0624,-0.0947,234,36.74,11.167325268817203,21.6,0.7,81.14543010752688,6.424623655913978,0.07563172043010753,31.62234,74.87534,6.5
Haora,West Bengal,22.58,88.3294,2023,1,0.1975,0.0726,-0.2682,12,34.43,31.93,37.43,,55.0,7.5,,,,2.5
Ranchi,JhÄrkhand,23.3556,85.3347,2023,1,0.441,-0.0526,-0.4666,643,38.84,15.78606182795699,27.8,5.8,64.33212365591397,8.793723118279571,0.016209677419354838,23.34316,85.3094,6.5
Gwalior,Madhya Pradesh,26.2125,78.1775,2023,1,0.0116,0.1603,-0.0875,215,37.67,14.731962365591398,28.8,4.4,72.68924731182796,7.504677419354839,0.04174731182795699,26.22983,78.17337,6.5
Jodhpur,RÄjasthÄn,26.2944,73.0278,2023,1,0.1231,0.0536,-0.1822,251,34.02,16.466290322580644,29.5,4.3,51.160483870967745,10.243172043010752,0.007930107526881721,26.26841,73.00594,6.5
Chandigarh,ChandÄ«garh,30.7364,76.7883,2023,1,0.3735,-0.0303,-0.3856,349,36.35,12.27198924731183,23.4,3.0,74.95833333333333,8.758077956989247,0.08446236559139784,30.73629,76.7884,6.5
Raipur,ChhattÄ«sgarh,21.2379,81.6337,2023,1,0.0654,0.0935,-0.1207,309,39.96,19.693870967741933,32.1,7.6,60.54744623655914,6.05239247311828,0.011868279569892472,21.23333,81.63333,6.5
Warangal,TelangÄna,17.9756,79.6011,2023,1,0.0795,0.129,-0.1465,269,39.3,36.8,42.3,,55.0,7.5,,,,2.5
Kota,RÄjasthÄn,25.18,75.83,2023,1,0.0768,0.0277,-0.1153,230,38.87,16.201424731182797,30.9,4.0,65.39583333333333,6.7313575268817205,0.034408602150537634,25.18254,75.83907,6.5
Bareilly,Uttar Pradesh,28.364,79.415,2023,1,0.0732,0.1296,-0.1643,180,39.43,13.398158602150538,26.2,2.7,79.68387096774194,8.500013440860215,0.04321236559139785,28.36678,79.43167,6.5
Solapur,MahÄrÄshtra,17.6703,75.9011,2023,1,0.2172,0.0438,-0.2666,474,38.03,24.536250000000003,34.5,13.1,44.965860215053766,10.911586021505377,0.0020161290322580645,17.67152,75.91044,6.5
Hubli,KarnÄtaka,15.3108,75.0925,2023,1,0.0576,0.0697,-0.081,618,35.34,32.84,38.34,,55.0,7.5,,,,2.5
Mysore,KarnÄtaka,12.3086,76.6531,2023,1,0.1131,0.038,-0.144,747,32.43,29.93,35.43,,55.0,7.5,,,,2.5
Trichinopoly,Tamil NÄdu,10.8269,78.6928,2023,1,0.2919,0.0461,-0.339,74,36.76,34.26,39.76,,55.0,7.5,,,,2.5
Moradabad,Uttar Pradesh,28.8389,78.7769,2023,1,0.1128,0.0703,-0.1954,205,39.57,37.07,42.57,,55.0,7.5,,,,2.5
Tiruppur,Tamil NÄdu,11.1075,77.3398,2023,1,0.4219,-0.1122,-0.3779,305,36.93,25.208333333333332,35.5,15.6,62.428360215053765,7.9706048387096775,0.022473118279569892,11.11541,77.35456,6.5
Jamnagar,GujarÄt,22.47,70.07,2023,1,0.1563,0.0298,-0.1547,21,35.36,32.86,38.36,,55.0,7.5,,,,2.5
Gurgaon,HaryÄna,28.4667,77.0333,2023,1,0.2342,-0.0593,-0.2838,224,36.73,34.23,39.73,,55.0,7.5,,,,2.5
Aligarh,Uttar Pradesh,27.88,78.08,2023,1,0.1811,0.0242,-0.2203,190,39.86,13.301666666666666,25.8,2.9,77.90201612903226,8.30231182795699,0.043857526881720434,27.88145,78.07464,6.5
Jalandhar,Punjab,31.3256,75.5792,2023,1,0.1123,0.0701,-0.1502,242,37.77,35.27,40.77,,55.0,7.5,,,,2.5
Bhubaneshwar,Odisha,20.295,85.825,2023,1,0.1473,0.0582,-0.2151,47,37.34,34.84,40.34,,55.0,7.5,,,,2.5
Bhayandar,MahÄrÄshtra,19.3,72.85,2023,1,0.1906,0.0718,-0.2476,9,34.16,31.659999999999997,37.16,,55.0,7.5,,,,2.5
Narela,Delhi,28.85,77.1,2023,1,0.5506,-0.1003,-0.5498,212,37.01,34.51,40.01,,55.0,7.5,,,,2.5
Shishgarh,Uttar Pradesh,28.72,79.32,2023,1,0.4773,-0.0611,-0.4343,181,35.32,32.82,38.32,,55.0,7.5,,,,2.5
Thiruvananthapuram,Kerala,8.4875,76.9525,2023,1,-0.0173,-0.105,0.0491,15,28.91,26.41,31.91,,55.0,7.5,,,,2.5
Dispur,Assam,26.15,91.77,2023,1,0.6778,-0.1862,-0.5603,116,35.29,32.79,38.29,,55.0,7.5,,,,2.5
Durgapur,West Bengal,23.55,87.32,2023,1,0.3468,-0.0227,-0.361,90,36.89,34.39,39.89,,55.0,7.5,,,,2.5
Bhiwandi,MahÄrÄshtra,19.3,73.0667,2023,1,0.0476,-0.11,-0.1053,25,42.78,40.28,45.78,,55.0,7.5,,,,2.5
Saharanpur,Uttar Pradesh,29.964,77.546,2023,1,0.0731,0.0651,-0.1594,280,38.58,36.08,41.58,,55.0,7.5,,,,2.5
Shiliguri,West Bengal,26.72,88.42,2023,1,0.2609,-0.0007,-0.1466,119,35.51,33.01,38.51,,55.0,7.5,,,,2.5
Avadi,Tamil NÄdu,13.1147,80.1098,2023,1,0.1773,0.0212,-0.1826,32,38.05,35.55,41.05,,55.0,7.5,,,,2.5
Salem,Tamil NÄdu,11.65,78.1667,2023,1,0.0722,-0.086,-0.1973,285,38.08,35.58,41.08,,55.0,7.5,,,,2.5
Jui,UttarÄkhand,29.67,78.9098,2023,1,0.7765,-0.2455,-0.6765,890,33.96,31.46,36.96,,55.0,7.5,,,,2.5
Amaldu,UttarÄkhand,29.9333,78.5333,2023,1,0.2792,0.0865,-0.3458,1406,31.65,29.15,34.65,,55.0,7.5,,,,2.5
Kimsar,Jammu and KashmÄ«r,34.5,74.5333,2023,1,0.493,-0.0898,-0.4351,3058,18.91,16.41,21.91,,55.0,7.5,,,,2.5
Sinduri,HimÄchal Pradesh,30.7167,77.15,2023,1,0.5259,-0.1373,-0.4993,943,30.02,27.52,33.019999999999996,,55.0,7.5,,,,2.5
Gorakhpur,Uttar Pradesh,26.7611,83.3667,2023,1,0.091,0.0869,-0.1542,84,40.64,38.14,43.64,,55.0,7.5,,,,2.5
Guntur,Andhra Pradesh,16.3,80.45,2023,1,0.1356,0.119,-0.1731,34,39.55,37.05,42.55,,55.0,7.5,,,,2.5
Kolkata,West Bengal,22.5675,88.37,2023,1,-0.0301,0.0373,0.0292,6,27.51,18.926102150537638,30.6,9.0,71.28346774193548,7.722836021505376,0.016223118279569893,22.56263,88.36304,6.5
Delhi,Delhi,28.66,77.23,2023,1,0.0135,-0.2511,0.0052,219,33.74,31.240000000000002,36.74,,55.0,7.5,,,,2.5
Chennai,Tamil NÄdu,13.0825,80.275,2023,1,0.0879,0.1341,-0.0777,9,35.87,24.796142473118277,30.5,17.3,74.35887096774194,11.460672043010751,0.02995967741935484,13.08784,80.27847,6.5
Prayagraj,Uttar Pradesh,25.45,81.85,2023,1,0.2722,-0.0625,-0.2369,95,37.51,35.01,40.51,,55.0,7.5,,,,2.5
Kanpur,Uttar Pradesh,26.4725,80.3311,2023,1,-0.0006,-0.0727,0.0169,132,36.33,14.61231182795699,27.4,4.1,77.39435483870967,8.008198924731182,0.0314247311827957,26.46523,80.34975,6.5
Belahi,BihÄr,25.7167,86.4,2023,1,0.721,-0.1934,-0.5691,41,32.39,29.89,35.39,,55.0,7.5,,,,2.5
Nadampalaiyam,Tamil NÄdu,11.1793,77.376,2023,1,0.0947,0.096,-0.1449,318,37.47,34.97,40.47,,55.0,7.5,,,,2.5
Kannankulam,Kerala,10.4799,76.1131,2023,1,0.1478,-0.1258,-0.1447,13,28.14,25.64,31.14,,55.0,7.5,,,,2.5
Attadappa,Kerala,11.85,75.4167,2023,1,0.4139,-0.2362,-0.3497,37,25.75,23.25,28.75,,55.0,7.5,,,,2.5
Gorakhpur,ChhattÄ«sgarh,22.1688,81.6042,2023,1,0.0913,0.0363,-0.0779,305,31.67,29.17,34.67,,55.0,7.5,,,,2.5
Nagpur,MahÄrÄshtra,21.1497,79.0806,2023,1,-0.0674,-0.055,0.0985,318,30.89,20.58133064516129,32.9,8.1,56.8377688172043,7.151948924731183,0.017419354838709676,21.14631,79.08491,6.5
Ghaziabad,Uttar Pradesh,28.6667,77.4167,2023,1,0.0586,-0.065,-0.0268,211,31.92,12.96893817204301,25.4,1.9,77.63467741935484,8.6725,0.047567204301075264,28.66535,77.43915,6.5
Coimbatore,Tamil NÄdu,11.0008,76.9633,2023,1,0.1263,0.0139,-0.1142,417,36.29,24.230967741935483,33.6,14.8,62.895161290322584,9.489314516129033,0.02720430107526882,11.00555,76.96612,6.5
Rajkot,GujarÄt,22.2969,70.7984,2023,1,0.0362,-0.0854,0.0225,134,28.89,26.39,31.89,,55.0,7.5,,,,2.5
Vishakhapatnam,Andhra Pradesh,17.6939,83.2922,2023,1,0.2965,0.0798,-0.3185,12,31.25,28.75,34.25,,55.0,7.5,,,,2.5
Abhepur,Punjab,30.6667,76.8333,2023,1,0.2087,-0.0986,-0.0339,311,32.59,30.090000000000003,35.59,,55.0,7.5,,,,2.5
Bhopal,Madhya Pradesh,23.25,77.4167,2023,1,0.0397,0.0852,-0.0574,512,31.59,17.14024193548387,31.1,6.5,64.91505376344087,8.670887096774194,0.028830645161290323,23.25469,77.40289,6.5
Agra,Uttar Pradesh,27.18,78.02,2023,1,0.1855,0.0012,-0.1179,184,35.31,13.721250000000001,26.7,3.0,77.71774193548387,7.740376344086021,0.04491935483870967,27.18333,78.01667,6.5
Peyanvilai,Tamil NÄdu,8.5674,78.1046,2023,1,0.1531,0.065,-0.2291,8,39.38,36.88,42.38,,55.0,7.5,,,,2.5
Pimpri-Chinchwad,MahÄrÄshtra,18.6278,73.8131,2023,1,-0.003,-0.0942,0.0205,584,26.59,20.824341397849462,33.2,8.2,59.30846774193548,6.219892473118279,0.003306451612903226,18.61867,73.80375,5.765658602150538
Harbatpur,UttarÄkhand,30.45,77.73,2023,1,0.2466,-0.1286,-0.1925,445,28.43,25.93,31.43,,55.0,7.5,,,,2.5
Saundhonwali,UttarÄkhand,30.3331,77.9608,2023,1,0.0359,0.038,-0.0966,612,31.85,29.35,34.85,,55.0,7.5,,,,2.5
Ludhiana,Punjab,30.9083,75.8486,2023,1,0.3475,-0.0597,-0.3203,243,31.37,11.398319892473118,22.2,1.5,82.76639784946236,7.204583333333333,0.07833333333333332,30.91204,75.85379,6.5
Meerut,Uttar Pradesh,28.98,77.7064,2023,1,-0.0507,0.0251,0.0748,228,33.61,31.11,36.61,,55.0,7.5,,,,2.5
Madurai,Tamil NÄdu,9.9197,78.1194,2023,1,0.1138,0.275,-0.2986,141,38.2,25.47190860215054,35.2,15.1,66.73131720430108,9.643709677419354,0.034784946236559144,9.919,78.11953,6.5
Faridabad,HaryÄna,28.4167,77.3,2023,1,0.0268,-0.078,-0.0078,208,35.75,13.339932795698925,25.6,2.8,75.75255376344086,8.802217741935484,0.0397983870967742,28.41124,77.31316,6.5
Madarpur,BihÄr,26.227,84.6746,2023,1,-0.0364,0.0287,0.0781,69,34.87,32.37,37.87,,55.0,7.5,,,,2.5
Najafgarh,Delhi,28.6125,76.9847,2023,1,0.0119,-0.0336,-0.0188,220,38.23,35.73,41.23,,55.0,7.5,,,,2.5
Jabalpur,Madhya Pradesh,23.1667,79.9333,2023,1,0.0165,0.0381,0.0015,399,31.65,17.15013440860215,30.9,5.1,65.45712365591397,7.502379032258064,0.023911290322580644,23.16697,79.95006,6.5
Madanpur,UttarÄkhand,29.326,79.1537,2023,1,0.4286,-0.1153,-0.3616,315,31.42,28.92,34.42,,55.0,7.5,,,,2.5
Kamalwaganja Gaur,UttarÄkhand,29.2117,79.4654,2023,1,0.7668,-0.1713,-0.6349,383,31.77,29.27,34.769999999999996,,55.0,7.5,,,,2.5
Asansol,West Bengal,23.6833,86.9667,2023,1,0.012,-0.1647,0.0373,125,31.22,28.72,34.22,,55.0,7.5,,,,2.5
Varanasi,Uttar Pradesh,25.3189,83.0128,2023,1,-0.0533,-0.0407,0.0749,78,34.58,15.528897849462366,27.6,5.5,76.55483870967743,7.823266129032258,0.029704301075268818,25.31668,83.01041,6.5
Kalleli,Kerala,9.2,76.8833,2023,1,0.8848,-0.2674,-0.7926,133,26.7,24.2,29.7,,55.0,7.5,,,,2.5
Srinagar,Jammu and KashmÄ«r,34.0911,74.8061,2023,1,0.0035,0.0519,-0.0198,1595,35.41,-1.7122043010752688,14.3,-16.6,66.40900537634408,4.477352150537635,0.19651881720430106,34.08565,74.80555,6.5
Dhanbad,JhÄrkhand,23.7928,86.435,2023,1,0.0851,-0.0567,-0.0441,245,29.63,17.05918010752688,30.5,6.0,67.77190860215053,7.728736559139786,0.01907258064516129,23.79759,86.42992,6.5
Amritsar,Punjab,31.6269,74.877,2023,1,-0.0205,0.0345,0.02,234,33.22,11.167325268817203,21.6,0.7,81.14543010752688,6.424623655913978,0.07563172043010753,31.62234,74.87534,6.5
Haora,West Bengal,22.58,88.3294,2023,1,-0.0443,-0.1624,0.0803,12,17.6,15.100000000000001,20.6,,55.0,7.5,,,,2.5
Gwalior,Madhya Pradesh,26.2125,78.1775,2023,1,0.0145,-0.0329,0.0084,215,35.79,14.731962365591398,28.8,4.4,72.68924731182796,7.504677419354839,0.04174731182795699,26.22983,78.17337,6.5
Jodhpur,RÄjasthÄn,26.2944,73.0278,2023,1,0.1612,0.0608,-0.203,251,34.62,16.466290322580644,29.5,4.3,51.160483870967745,10.243172043010752,0.007930107526881721,26.26841,73.00594,6.5
Chandigarh,ChandÄ«garh,30.7364,76.7883,2023,1,0.1617,-0.0845,-0.1339,349,30.85,12.27198924731183,23.4,3.0,74.95833333333333,8.758077956989247,0.08446236559139784,30.73629,76.7884,6.5
Raipur,ChhattÄ«sgarh,21.2379,81.6337,2023,1,0.0936,0.0526,-0.1163,309,30.73,19.693870967741933,32.1,7.6,60.54744623655914,6.05239247311828,0.011868279569892472,21.23333,81.63333,6.5
Warangal,TelangÄna,17.9756,79.6011,2023,1,0.0714,0.1582,-0.1294,269,33.27,30.770000000000003,36.27,,55.0,7.5,,,,2.5
Kota,RÄjasthÄn,25.18,75.83,2023,1,-0.027,-0.0954,0.0542,230,32.45,16.201424731182797,30.9,4.0,65.39583333333333,6.7313575268817205,0.034408602150537634,25.18254,75.83907,6.5
Mysore,KarnÄtaka,12.3086,76.6531,2023,1,0.0047,-0.0349,-0.0073,747,31.03,28.53,34.03,,55.0,7.5,,,,2.5
Trichinopoly,Tamil NÄdu,10.8269,78.6928,2023,1,-0.0525,0.0062,0.0583,74,37.48,34.98,40.48,,55.0,7.5,,,,2.5
Tiruppur,Tamil NÄdu,11.1075,77.3398,2023,1,0.2936,-0.091,-0.2705,305,37.51,25.208333333333332,35.5,15.6,62.428360215053765,7.9706048387096775,0.022473118279569892,11.11541,77.35456,6.5
Jamnagar,GujarÄt,22.47,70.07,2023,1,-0.0246,-0.0822,0.07,21,29.26,26.76,32.260000000000005,,55.0,7.5,,,,2.5
Gurgaon,HaryÄna,28.4667,77.0333,2023,1,0.1574,0.0008,-0.2088,224,36.67,34.17,39.67,,55.0,7.5,,,,2.5
Jalandhar,Punjab,31.3256,75.5792,2023,1,0.0998,0.0713,-0.0984,242,34.36,31.86,37.36,,55.0,7.5,,,,2.5
Narela,Delhi,28.85,77.1,2023,1,0.2123,-0.1736,-0.2109,212,32.58,30.08,35.58,,55.0,7.5,,,,2.5
Thiruvananthapuram,Kerala,8.4875,76.9525,2023,1,0.121,0.0176,-0.1623,15,26.84,24.34,29.84,,55.0,7.5,,,,2.5
Avadi,Tamil NÄdu,13.1147,80.1098,2023,1,0.2131,-0.0249,-0.1893,32,36.17,33.67,39.17,,55.0,7.5,,,,2.5
Salem,Tamil NÄdu,11.65,78.1667,2023,1,0.1062,-0.0261,-0.146,285,35.49,32.99,38.49,,55.0,7.5,,,,2.5
Jui,UttarÄkhand,29.67,78.9098,2023,1,0.7956,-0.2498,-0.6547,890,29.33,26.83,32.33,,55.0,7.5,,,,2.5
Amaldu,UttarÄkhand,29.9333,78.5333,2023,1,0.2954,-0.2164,-0.2268,1406,27.01,24.51,30.01,,55.0,7.5,,,,2.5
Kimsar,Jammu and KashmÄ«r,34.5,74.5333,2023,1,-0.0094,-0.1162,0.0336,3058,16.72,14.219999999999999,19.72,,55.0,7.5,,,,2.5
Sinduri,HimÄchal Pradesh,30.7167,77.15,2023,1,0.4648,-0.1582,-0.3799,943,29.71,27.21,32.71,,55.0,7.5,,,,2.5
Gorakhpur,Uttar Pradesh,26.7611,83.3667,2023,1,0.0141,-0.0522,0.047,84,37.83,35.33,40.83,,55.0,7.5,,,,2.5
Mumbai,MahÄrÄshtra,19.0758,72.8775,2023,1,0.0455,-0.0851,-0.0231,5,33.91,23.31008064516129,33.2,14.2,64.56397849462365,10.32875,0.001411290322580645,19.07283,72.88261,6.5
Kolkata,West Bengal,22.5675,88.37,2023,1,-0.0588,-0.1455,0.0783,6,35.69,18.926102150537638,30.6,9.0,71.28346774193548,7.722836021505376,0.016223118279569893,22.56263,88.36304,6.5
Delhi,Delhi,28.66,77.23,2023,1,0.2331,0.0378,-0.307,219,31.62,29.12,34.620000000000005,,55.0,7.5,,,,2.5
Chennai,Tamil NÄdu,13.0825,80.275,2023,1,0.0668,0.075,-0.04,9,38.22,24.796142473118277,30.5,17.3,74.35887096774194,11.460672043010751,0.02995967741935484,13.08784,80.27847,6.5
Bangalore,KarnÄtaka,12.9791,77.5913,2023,1,0.2742,-0.0131,-0.2981,924,29.53,27.03,32.53,,55.0,7.5,,,,2.5
Ahmedabad,GujarÄt,23.0219,72.5797,2023,1,0.0976,-0.0561,-0.0912,52,31.69,29.19,34.69,,55.0,7.5,,,,2.5
Pune,MahÄrÄshtra,18.5211,73.8553,2023,1,-0.0735,-0.2402,0.1103,554,30.82,28.32,33.82,,55.0,7.5,,,,2.5
Hyderabad,TelangÄna,17.3617,78.4747,2023,1,-0.0012,0.0123,0.0065,508,33.68,21.84111559139785,33.6,10.9,59.34206989247312,8.333333333333334,0.00836021505376344,17.38405,78.45636,6.5
Surat,GujarÄt,21.205,72.84,2023,1,0.0115,-0.051,-0.0178,14,32.79,22.131034946236557,35.0,11.6,55.53709677419355,11.153575268817205,0.0017069892473118278,21.19594,72.83023,6.5
Prayagraj,Uttar Pradesh,25.45,81.85,2023,1,0.3877,-0.083,-0.2819,95,32.71,30.21,35.71,,55.0,7.5,,,,2.5
Kanpur,GujarÄt,24.285,72.6933,2023,1,0.3071,-0.0931,-0.3077,335,30.07,14.61231182795699,27.4,4.1,77.39435483870967,8.008198924731182,0.0314247311827957,26.46523,80.34975,6.5
Kanpur,Uttar Pradesh,26.4725,80.3311,2023,1,0.0221,0.0018,-0.0265,132,35.46,14.61231182795699,27.4,4.1,77.39435483870967,8.008198924731182,0.0314247311827957,26.46523,80.34975,6.5
Vadodara,GujarÄt,22.3,73.2,2023,1,-0.0694,-0.2262,0.156,38,32.67,20.783776881720428,33.5,8.6,55.36854838709677,8.284059139784947,0.004986559139784946,22.29941,73.20812,6.5
Nadampalaiyam,Tamil NÄdu,11.1793,77.376,2023,1,0.0863,0.0851,-0.1522,318,40.34,37.84,43.34,,55.0,7.5,,,,2.5
Lucknow,Uttar Pradesh,26.847,80.947,2023,1,-0.063,-0.2067,0.1312,115,32.73,14.294059139784947,26.8,3.5,77.76411290322581,8.090174731182795,0.03786290322580645,26.83928,80.92313,6.5
Kannankulam,Kerala,10.4799,76.1131,2023,1,0.5011,-0.2366,-0.4602,13,28.93,26.43,31.93,,55.0,7.5,,,,2.5
Mahuakheraganj,UttarÄkhand,29.13,78.95,2023,1,0.2269,-0.0779,-0.2133,222,29.74,27.24,32.739999999999995,,55.0,7.5,,,,2.5
Nagla,UttarÄkhand,29.01,79.51,2023,1,0.6351,-0.1828,-0.5554,227,29.43,26.93,32.43,,55.0,7.5,,,,2.5
Jaipur,RÄjasthÄn,26.915,75.82,2023,1,0.4551,-0.0883,-0.4963,441,31.57,14.308373655913979,28.1,2.7,62.82728494623656,8.242083333333333,0.02646505376344086,26.91962,75.78781,6.5
Kottarassheri,Kerala,10.6167,76.5333,2023,1,0.5619,-0.081,-0.5363,147,29.42,26.92,32.42,,55.0,7.5,,,,2.5
Attadappa,Kerala,11.85,75.4167,2023,1,0.2277,-0.1629,-0.1657,37,30.51,28.01,33.510000000000005,,55.0,7.5,,,,2.5
Barmhan Kalan,Madhya Pradesh,23.0333,79.0167,2023,1,-0.055,-0.1944,0.1057,337,30.31,27.81,33.31,,55.0,7.5,,,,2.5
Gorakhpur,ChhattÄ«sgarh,22.1688,81.6042,2023,1,0.3733,-0.0716,-0.37,305,27.88,25.38,30.88,,55.0,7.5,,,,2.5
Nagpur,MahÄrÄshtra,21.1497,79.0806,2023,1,0.0587,-0.1022,-0.0037,318,33.75,20.58133064516129,32.9,8.1,56.8377688172043,7.151948924731183,0.017419354838709676,21.14631,79.08491,6.5
Guwahati,Assam,26.1806,91.7502,2023,1,0.0404,-0.0422,0.0055,57,33.12,17.49366935483871,27.5,8.4,77.26733870967742,6.03396505376344,0.020026881720430108,26.1844,91.7458,6.5
Ghaziabad,Uttar Pradesh,28.6667,77.4167,2023,1,0.335,-0.054,-0.3301,211,32.15,12.96893817204301,25.4,1.9,77.63467741935484,8.6725,0.047567204301075264,28.66535,77.43915,6.5
Coimbatore,Tamil NÄdu,11.0008,76.9633,2023,1,0.3062,0.0335,-0.3203,417,37.95,24.230967741935483,33.6,14.8,62.895161290322584,9.489314516129033,0.02720430107526882,11.00555,76.96612,6.5
Patna,BihÄr,25.61,85.1414,2023,1,0.0007,0.1253,-0.0161,63,32.19,15.802849462365591,26.2,7.1,77.59919354838709,8.116397849462366,0.016922043010752688,25.59408,85.13563,6.5
Rajkot,GujarÄt,22.2969,70.7984,2023,1,-0.0828,-0.2531,0.125,134,31.16,28.66,34.16,,55.0,7.5,,,,2.5
Vishakhapatnam,Andhra Pradesh,17.6939,83.2922,2023,1,0.1708,0.0491,-0.1045,12,35.21,32.71,38.21,,55.0,7.5,,,,2.5
Indore,Madhya Pradesh,22.7186,75.855,2023,1,-0.1244,-0.0649,0.1679,553,33.31,17.89548387096774,31.2,6.2,60.325537634408605,8.858575268817205,0.015376344086021506,22.71792,75.8333,6.5
Abhepur,Punjab,30.6667,76.8333,2023,1,0.1771,-0.0073,-0.1952,311,33.2,30.700000000000003,36.2,,55.0,7.5,,,,2.5
Gumanwala,UttarÄkhand,29.9333,77.9,2023,1,0.2988,-0.1298,-0.2449,277,29.71,27.21,32.71,,55.0,7.5,,,,2.5
Thane,MahÄrÄshtra,19.18,72.9633,2023,1,0.1009,-0.1166,-0.1102,14,29.48,23.57021505376344,35.8,11.6,59.83736559139785,7.8694758064516135,0.001532258064516129,19.19704,72.96355,5.9097849462365595
Bhopal,Madhya Pradesh,23.25,77.4167,2023,1,-0.111,-0.1444,0.1592,512,26.49,17.14024193548387,31.1,6.5,64.91505376344087,8.670887096774194,0.028830645161290323,23.25469,77.40289,6.5
Agra,Uttar Pradesh,27.18,78.02,2023,1,0.4079,-0.0217,-0.4424,184,33.64,13.721250000000001,26.7,3.0,77.71774193548387,7.740376344086021,0.04491935483870967,27.18333,78.01667,6.5
Peyanvilai,Tamil NÄdu,8.5674,78.1046,2023,1,0.1433,0.1009,-0.2383,8,40.76,38.26,43.76,,55.0,7.5,,,,2.5
Pimpri-Chinchwad,MahÄrÄshtra,18.6278,73.8131,2023,1,-0.0754,-0.3939,0.1156,584,31.05,20.824341397849462,33.2,8.2,59.30846774193548,6.219892473118279,0.003306451612903226,18.61867,73.80375,6.5
Harbatpur,UttarÄkhand,30.45,77.73,2023,1,0.0325,-0.1203,-0.0352,445,29.05,26.55,32.05,,55.0,7.5,,,,2.5
Saundhonwali,UttarÄkhand,30.3331,77.9608,2023,1,0.0651,0.07,-0.0622,612,30.28,27.78,33.28,,55.0,7.5,,,,2.5
Ludhiana,Punjab,30.9083,75.8486,2023,1,-0.0035,-0.099,0.0258,243,31.61,11.398319892473118,22.2,1.5,82.76639784946236,7.204583333333333,0.07833333333333332,30.91204,75.85379,6.5
Meerut,Uttar Pradesh,28.98,77.7064,2023,1,0.0977,0.1127,-0.1755,228,33.06,30.560000000000002,36.06,,55.0,7.5,,,,2.5
Madurai,Tamil NÄdu,9.9197,78.1194,2023,1,0.1248,0.2902,-0.3339,141,36.93,25.47190860215054,35.2,15.1,66.73131720430108,9.643709677419354,0.034784946236559144,9.919,78.11953,6.5
Nasik,MahÄrÄshtra,20.0,73.7833,2023,1,-0.0466,-0.1932,0.0876,588,29.62,27.12,32.620000000000005,,55.0,7.5,,,,2.5
Faridabad,HaryÄna,28.4167,77.3,2023,1,0.3477,0.0411,-0.3874,208,31.67,13.339932795698925,25.6,2.8,75.75255376344086,8.802217741935484,0.0397983870967742,28.41124,77.31316,6.5
Madarpur,BihÄr,26.227,84.6746,2023,1,0.056,0.0394,-0.0455,69,29.71,27.21,32.71,,55.0,7.5,,,,2.5
Najafgarh,Delhi,28.6125,76.9847,2023,1,0.0374,0.0845,-0.0881,220,33.16,30.659999999999997,36.16,,55.0,7.5,,,,2.5
Jabalpur,Madhya Pradesh,23.1667,79.9333,2023,1,-0.1146,-0.0307,0.1129,399,31.57,17.15013440860215,30.9,5.1,65.45712365591397,7.502379032258064,0.023911290322580644,23.16697,79.95006,6.5
Madanpur,UttarÄkhand,29.326,79.1537,2023,1,0.118,-0.165,-0.0611,315,29.16,26.66,32.16,,55.0,7.5,,,,2.5
Kamalwaganja Gaur,UttarÄkhand,29.2117,79.4654,2023,1,0.116,-0.1161,-0.0803,383,29.73,27.23,32.730000000000004,,55.0,7.5,,,,2.5
Kalyan,MahÄrÄshtra,19.25,73.15,2023,1,0.238,0.0579,-0.2352,10,32.99,30.490000000000002,35.99,,55.0,7.5,,,,2.5
Asansol,West Bengal,23.6833,86.9667,2023,1,0.1078,0.0862,-0.1302,125,32.52,30.020000000000003,35.52,,55.0,7.5,,,,2.5
Vijayawada,Andhra Pradesh,16.5167,80.6167,2023,1,0.1306,-0.0872,-0.0952,27,35.12,24.579395161290325,34.7,14.9,70.73521505376344,6.980873655913978,0.01424731182795699,16.50745,80.6466,6.5
Vasai-Virar,MahÄrÄshtra,19.47,72.8,2023,1,0.1208,-0.0091,-0.1177,0,27.19,24.69,30.19,,55.0,7.5,,,,2.5
Varanasi,Uttar Pradesh,25.3189,83.0128,2023,1,0.1549,0.0318,-0.2189,78,27.68,15.528897849462366,27.6,5.5,76.55483870967743,7.823266129032258,0.029704301075268818,25.31668,83.01041,6.5
Kalleli,Kerala,9.2,76.8833,2023,1,0.8583,-0.2918,-0.7682,133,26.95,24.45,29.95,,55.0,7.5,,,,2.5
Srinagar,Jammu and KashmÄ«r,34.0911,74.8061,2023,1,0.1244,0.1393,-0.1534,1595,33.85,-1.7122043010752688,14.3,-16.6,66.40900537634408,4.477352150537635,0.19651881720430106,34.08565,74.80555,6.5
Aurangabad,MahÄrÄshtra,19.88,75.32,2023,1,0.0136,-0.0801,0.0228,564,30.94,21.19081989247312,32.6,9.8,52.36438172043011,8.416451612903225,0.0035080645161290323,19.87757,75.34226,6.5
Dhanbad,JhÄrkhand,23.7928,86.435,2023,1,0.3993,-0.034,-0.349,245,34.63,17.05918010752688,30.5,6.0,67.77190860215053,7.728736559139786,0.01907258064516129,23.79759,86.42992,6.5
Amritsar,Punjab,31.6269,74.877,2023,1,0.0516,0.0648,-0.0822,234,32.44,11.167325268817203,21.6,0.7,81.14543010752688,6.424623655913978,0.07563172043010753,31.62234,74.87534,6.5
Haora,West Bengal,22.58,88.3294,2023,1,0.0025,-0.0427,0.0082,12,34.59,32.09,37.59,,55.0,7.5,,,,2.5
Ranchi,JhÄrkhand,23.3556,85.3347,2023,1,0.0119,-0.0864,0.0228,643,33.29,15.78606182795699,27.8,5.8,64.33212365591397,8.793723118279571,0.016209677419354838,23.34316,85.3094,6.5
Gwalior,Madhya Pradesh,26.2125,78.1775,2023,1,0.0204,-0.0081,-0.0382,215,32.68,14.731962365591398,28.8,4.4,72.68924731182796,7.504677419354839,0.04174731182795699,26.22983,78.17337,6.5
Jodhpur,RÄjasthÄn,26.2944,73.0278,2023,1,-0.0206,0.0531,0.0037,251,33.38,16.466290322580644,29.5,4.3,51.160483870967745,10.243172043010752,0.007930107526881721,26.26841,73.00594,6.5
Chandigarh,ChandÄ«garh,30.7364,76.7883,2023,1,0.2614,-0.057,-0.2554,349,31.02,12.27198924731183,23.4,3.0,74.95833333333333,8.758077956989247,0.08446236559139784,30.73629,76.7884,6.5
Raipur,ChhattÄ«sgarh,21.2379,81.6337,2023,1,-0.062,-0.0314,0.0951,309,32.87,19.693870967741933,32.1,7.6,60.54744623655914,6.05239247311828,0.011868279569892472,21.23333,81.63333,6.5
Warangal,TelangÄna,17.9756,79.6011,2023,1,0.0695,0.1246,-0.1346,269,34.94,32.44,37.94,,55.0,7.5,,,,2.5
Kota,RÄjasthÄn,25.18,75.83,2023,1,-0.1516,-0.0002,0.1796,230,31.55,16.201424731182797,30.9,4.0,65.39583333333333,6.7313575268817205,0.034408602150537634,25.18254,75.83907,6.5
Bareilly,Uttar Pradesh,28.364,79.415,2023,1,0.0619,0.1649,-0.1052,180,32.27,13.398158602150538,26.2,2.7,79.68387096774194,8.500013440860215,0.04321236559139785,28.36678,79.43167,6.5
Solapur,MahÄrÄshtra,17.6703,75.9011,2023,1,0.2134,-0.0584,-0.1918,474,33.18,24.536250000000003,34.5,13.1,44.965860215053766,10.911586021505377,0.0020161290322580645,17.67152,75.91044,6.5
Hubli,KarnÄtaka,15.3108,75.0925,2023,1,0.0621,0.044,-0.1151,618,31.79,29.29,34.79,,55.0,7.5,,,,2.5
Mysore,KarnÄtaka,12.3086,76.6531,2023,1,0.1028,-0.059,-0.0911,747,32.44,29.939999999999998,35.44,,55.0,7.5,,,,2.5
Trichinopoly,Tamil NÄdu,10.8269,78.6928,2023,1,0.35,-0.0068,-0.4023,74,36.21,33.71,39.21,,55.0,7.5,,,,2.5
Moradabad,Uttar Pradesh,28.8389,78.7769,2023,1,0.2064,0.0365,-0.272,205,33.4,30.9,36.4,,55.0,7.5,,,,2.5
Tiruppur,Tamil NÄdu,11.1075,77.3398,2023,1,0.3083,-0.0851,-0.2992,305,39.1,25.208333333333332,35.5,15.6,62.428360215053765,7.9706048387096775,0.022473118279569892,11.11541,77.35456,6.5
Jamnagar,GujarÄt,22.47,70.07,2023,1,-0.0039,0.0002,0.0129,21,31.63,29.13,34.629999999999995,,55.0,7.5,,,,2.5
Gurgaon,HaryÄna,28.4667,77.0333,2023,1,0.1742,-0.0209,-0.2308,224,33.35,30.85,36.35,,55.0,7.5,,,,2.5
Aligarh,Uttar Pradesh,27.88,78.08,2023,1,0.1775,-0.0874,-0.1589,190,35.34,13.301666666666666,25.8,2.9,77.90201612903226,8.30231182795699,0.043857526881720434,27.88145,78.07464,6.5
Jalandhar,Punjab,31.3256,75.5792,2023,1,0.1714,0.0103,-0.1812,242,31.98,29.48,34.980000000000004,,55.0,7.5,,,,2.5
Bhubaneshwar,Odisha,20.295,85.825,2023,1,0.1656,-0.0423,-0.2052,47,34.91,32.41,37.91,,55.0,7.5,,,,2.5
Bhayandar,MahÄrÄshtra,19.3,72.85,2023,1,0.1329,-0.0832,-0.1287,9,29.57,27.07,32.57,,55.0,7.5,,,,2.5
Narela,Delhi,28.85,77.1,2023,1,0.3861,-0.1486,-0.4429,212,31.2,28.7,34.2,,55.0,7.5,,,,2.5
Shishgarh,Uttar Pradesh,28.72,79.32,2023,1,0.6419,-0.2704,-0.5832,181,28.82,26.32,31.82,,55.0,7.5,,,,2.5
Thiruvananthapuram,Kerala,8.4875,76.9525,2023,1,0.0554,0.0588,-0.0815,15,31.7,29.2,34.7,,55.0,7.5,,,,2.5
Dispur,Assam,26.15,91.77,2023,1,0.6729,-0.2477,-0.5714,116,35.07,32.57,38.07,,55.0,7.5,,,,2.5
Durgapur,West Bengal,23.55,87.32,2023,1,0.2133,-0.0555,-0.1921,90,32.38,29.880000000000003,35.38,,55.0,7.5,,,,2.5
Bhiwandi,MahÄrÄshtra,19.3,73.0667,2023,1,0.1004,-0.091,-0.0579,25,37.85,35.35,40.85,,55.0,7.5,,,,2.5
Saharanpur,Uttar Pradesh,29.964,77.546,2023,1,0.0202,0.0899,-0.016,280,32.4,29.9,35.4,,55.0,7.5,,,,2.5
Shiliguri,West Bengal,26.72,88.42,2023,1,-0.0428,-0.0065,0.0584,119,34.73,32.23,37.73,,55.0,7.5,,,,2.5
Avadi,Tamil NÄdu,13.1147,80.1098,2023,1,0.2399,0.0024,-0.2199,32,37.0,34.5,40.0,,55.0,7.5,,,,2.5
Salem,Tamil NÄdu,11.65,78.1667,2023,1,0.0647,0.0924,-0.1882,285,36.86,34.36,39.86,,55.0,7.5,,,,2.5
Jui,UttarÄkhand,29.67,78.9098,2023,1,0.0746,-0.2246,-0.0278,890,25.66,23.16,28.66,,55.0,7.5,,,,2.5
Amaldu,UttarÄkhand,29.9333,78.5333,2023,1,0.3257,-0.1134,-0.2693,1406,25.98,23.48,28.98,,55.0,7.5,,,,2.5
Kimsar,Jammu and KashmÄ«r,34.5,74.5333,2023,1,0.7157,-0.2007,-0.6478,3058,17.99,15.489999999999998,20.99,,55.0,7.5,,,,2.5
Sinduri,HimÄchal Pradesh,30.7167,77.15,2023,1,0.3158,-0.2445,-0.256,943,25.18,22.68,28.18,,55.0,7.5,,,,2.5
Gorakhpur,Uttar Pradesh,26.7611,83.3667,2023,1,0.0149,0.0005,-0.0067,84,33.37,30.869999999999997,36.37,,55.0,7.5,,,,2.5
Guntur,Andhra Pradesh,16.3,80.45,2023,1,-0.0155,-0.3136,0.0667,34,35.69,33.19,38.69,,55.0,7.5,,,,2.5
Karaikandi,Assam,24.8309,92.6143,2023,1,-0.0126,-0.2222,0.0789,20,32.16,29.659999999999997,35.16,,55.0,7.5,,,,2.5
Kolkata,West Bengal,22.5675,88.37,2023,1,0.0319,0.0706,-0.0872,6,32.33,18.926102150537638,30.6,9.0,71.28346774193548,7.722836021505376,0.016223118279569893,22.56263,88.36304,6.5
Delhi,Delhi,28.66,77.23,2023,1,0.2203,0.0558,-0.2532,219,34.06,31.560000000000002,37.06,,55.0,7.5,,,,2.5
Chennai,Tamil NÄdu,13.0825,80.275,2023,1,0.0524,0.2811,-0.0779,9,35.16,24.796142473118277,30.5,17.3,74.35887096774194,11.460672043010751,0.02995967741935484,13.08784,80.27847,6.5
Bangalore,KarnÄtaka,12.9791,77.5913,2023,1,0.1607,-0.0409,-0.1539,924,29.03,26.53,32.03,,55.0,7.5,,,,2.5
Ahmedabad,GujarÄt,23.0219,72.5797,2023,1,0.0719,0.0706,-0.0619,52,27.09,24.59,30.09,,55.0,7.5,,,,2.5
Hyderabad,TelangÄna,17.3617,78.4747,2023,1,-0.0241,0.0125,0.0338,508,33.54,21.84111559139785,33.6,10.9,59.34206989247312,8.333333333333334,0.00836021505376344,17.38405,78.45636,6.5
Surat,GujarÄt,21.205,72.84,2023,1,0.0845,-0.0707,-0.0404,14,34.17,22.131034946236557,35.0,11.6,55.53709677419355,11.153575268817205,0.0017069892473118278,21.19594,72.83023,6.5
Prayagraj,Uttar Pradesh,25.45,81.85,2023,1,0.0482,-0.0373,-0.029,95,31.46,28.96,34.46,,55.0,7.5,,,,2.5
Kanpur,GujarÄt,24.285,72.6933,2023,1,0.0894,-0.0941,-0.0492,335,27.23,14.61231182795699,27.4,4.1,77.39435483870967,8.008198924731182,0.0314247311827957,26.46523,80.34975,6.5
Kanpur,Uttar Pradesh,26.4725,80.3311,2023,1,0.1066,0.0872,-0.1258,132,34.63,14.61231182795699,27.4,4.1,77.39435483870967,8.008198924731182,0.0314247311827957,26.46523,80.34975,6.5
Belahi,BihÄr,25.7167,86.4,2023,1,0.0856,-0.3027,0.001,41,31.02,28.52,34.019999999999996,,55.0,7.5,,,,2.5
Vadodara,GujarÄt,22.3,73.2,2023,1,0.0709,-0.0168,-0.0619,38,34.07,20.783776881720428,33.5,8.6,55.36854838709677,8.284059139784947,0.004986559139784946,22.29941,73.20812,6.5
Nadampalaiyam,Tamil NÄdu,11.1793,77.376,2023,1,0.0703,0.1158,-0.1289,318,40.73,38.23,43.73,,55.0,7.5,,,,2.5
Lucknow,Uttar Pradesh,26.847,80.947,2023,1,0.1607,0.045,-0.1366,115,35.19,14.294059139784947,26.8,3.5,77.76411290322581,8.090174731182795,0.03786290322580645,26.83928,80.92313,6.5
Mahuakheraganj,UttarÄkhand,29.13,78.95,2023,1,0.3356,-0.1462,-0.3018,222,29.62,27.12,32.620000000000005,,55.0,7.5,,,,2.5
Nagla,UttarÄkhand,29.01,79.51,2023,1,0.6004,-0.1833,-0.5005,227,30.38,27.88,33.379999999999995,,55.0,7.5,,,,2.5
Jaipur,RÄjasthÄn,26.915,75.82,2023,1,0.498,-0.0575,-0.5298,441,34.28,14.308373655913979,28.1,2.7,62.82728494623656,8.242083333333333,0.02646505376344086,26.91962,75.78781,6.5
Kottarassheri,Kerala,10.6167,76.5333,2023,1,0.5143,-0.1061,-0.4631,147,28.07,25.57,31.07,,55.0,7.5,,,,2.5
Barmhan Kalan,Madhya Pradesh,23.0333,79.0167,2023,1,0.2885,-0.1816,-0.1683,337,30.35,27.85,33.35,,55.0,7.5,,,,2.5
Gorakhpur,ChhattÄ«sgarh,22.1688,81.6042,2023,1,0.4836,-0.1089,-0.4438,305,27.03,24.53,30.03,,55.0,7.5,,,,2.5
Nagpur,MahÄrÄshtra,21.1497,79.0806,2023,1,0.0967,-0.2129,0.0019,318,33.13,20.58133064516129,32.9,8.1,56.8377688172043,7.151948924731183,0.017419354838709676,21.14631,79.08491,6.5
Guwahati,Assam,26.1806,91.7502,2023,1,0.0382,0.209,-0.064,57,33.02,17.49366935483871,27.5,8.4,77.26733870967742,6.03396505376344,0.020026881720430108,26.1844,91.7458,6.5
Ghaziabad,Uttar Pradesh,28.6667,77.4167,2023,1,0.2198,-0.0221,-0.1996,211,34.41,12.96893817204301,25.4,1.9,77.63467741935484,8.6725,0.047567204301075264,28.66535,77.43915,6.5
Patna,BihÄr,25.61,85.1414,2023,1,0.0199,0.1985,-0.0794,63,33.67,15.802849462365591,26.2,7.1,77.59919354838709,8.116397849462366,0.016922043010752688,25.59408,85.13563,6.5
Rajkot,GujarÄt,22.2969,70.7984,2023,1,-0.0643,0.1074,0.0446,134,30.2,27.7,33.2,,55.0,7.5,,,,2.5
Indore,Madhya Pradesh,22.7186,75.855,2023,1,-0.0946,0.042,0.0839,553,34.85,17.89548387096774,31.2,6.2,60.325537634408605,8.858575268817205,0.015376344086021506,22.71792,75.8333,6.5
Abhepur,Punjab,30.6667,76.8333,2023,1,0.1969,0.0474,-0.2226,311,33.75,31.25,36.75,,55.0,7.5,,,,2.5
Gumanwala,UttarÄkhand,29.9333,77.9,2023,1,0.5192,-0.0518,-0.4547,277,30.7,28.2,33.7,,55.0,7.5,,,,2.5
Thane,MahÄrÄshtra,19.18,72.9633,2023,1,0.051,-0.2051,-0.0156,14,28.84,23.57021505376344,35.8,11.6,59.83736559139785,7.8694758064516135,0.001532258064516129,19.19704,72.96355,5.269784946236559
Bhopal,Madhya Pradesh,23.25,77.4167,2023,1,-0.0236,-0.1823,0.0431,512,30.81,17.14024193548387,31.1,6.5,64.91505376344087,8.670887096774194,0.028830645161290323,23.25469,77.40289,6.5
Agra,Uttar Pradesh,27.18,78.02,2023,1,0.3548,0.065,-0.4472,184,34.52,13.721250000000001,26.7,3.0,77.71774193548387,7.740376344086021,0.04491935483870967,27.18333,78.01667,6.5
Peyanvilai,Tamil NÄdu,8.5674,78.1046,2023,1,0.1394,0.0377,-0.1938,8,39.03,36.53,42.03,,55.0,7.5,,,,2.5
Pimpri-Chinchwad,MahÄrÄshtra,18.6278,73.8131,2023,1,0.0487,-0.0708,-0.0203,584,30.84,20.824341397849462,33.2,8.2,59.30846774193548,6.219892473118279,0.003306451612903226,18.61867,73.80375,6.5
Harbatpur,UttarÄkhand,30.45,77.73,2023,1,0.3098,0.0746,-0.3954,445,29.73,27.23,32.730000000000004,,55.0,7.5,,,,2.5
Saundhonwali,UttarÄkhand,30.3331,77.9608,2023,1,0.0697,0.0821,-0.0918,612,31.12,28.62,34.120000000000005,,55.0,7.5,,,,2.5
Ludhiana,Punjab,30.9083,75.8486,2023,1,0.3744,-0.0746,-0.363,243,34.22,11.398319892473118,22.2,1.5,82.76639784946236,7.204583333333333,0.07833333333333332,30.91204,75.85379,6.5
Meerut,Uttar Pradesh,28.98,77.7064,2023,1,-0.0151,-0.0424,0.0593,228,34.41,31.909999999999997,37.41,,55.0,7.5,,,,2.5
Madurai,Tamil NÄdu,9.9197,78.1194,2023,1,0.1104,0.2949,-0.3368,141,40.1,25.47190860215054,35.2,15.1,66.73131720430108,9.643709677419354,0.034784946236559144,9.919,78.11953,6.5
Nasik,MahÄrÄshtra,20.0,73.7833,2023,1,0.0192,0.0342,0.004,588,31.47,28.97,34.47,,55.0,7.5,,,,2.5
Faridabad,HaryÄna,28.4167,77.3,2023,1,0.2742,0.0539,-0.2663,208,35.1,13.339932795698925,25.6,2.8,75.75255376344086,8.802217741935484,0.0397983870967742,28.41124,77.31316,6.5
Madarpur,BihÄr,26.227,84.6746,2023,1,0.0872,-0.035,-0.0257,69,29.73,27.23,32.730000000000004,,55.0,7.5,,,,2.5
Najafgarh,Delhi,28.6125,76.9847,2023,1,0.0331,0.0784,-0.0733,220,34.93,32.43,37.93,,55.0,7.5,,,,2.5
Jabalpur,Madhya Pradesh,23.1667,79.9333,2023,1,-0.0958,-0.0359,0.1595,399,33.33,17.15013440860215,30.9,5.1,65.45712365591397,7.502379032258064,0.023911290322580644,23.16697,79.95006,6.5
Madanpur,UttarÄkhand,29.326,79.1537,2023,1,0.2734,-0.1136,-0.2288,315,29.54,27.04,32.54,,55.0,7.5,,,,2.5
Kamalwaganja Gaur,UttarÄkhand,29.2117,79.4654,2023,1,0.3945,-0.1851,-0.305,383,31.0,28.5,34.0,,55.0,7.5,,,,2.5
Kalyan,MahÄrÄshtra,19.25,73.15,2023,1,-0.0553,-0.3174,0.0971,10,32.56,30.060000000000002,35.56,,55.0,7.5,,,,2.5
Asansol,West Bengal,23.6833,86.9667,2023,1,-0.0022,0.0269,0.0215,125,24.85,22.35,27.85,,55.0,7.5,,,,2.5
Vijayawada,Andhra Pradesh,16.5167,80.6167,2023,1,0.5295,-0.1604,-0.491,27,34.61,24.579395161290325,34.7,14.9,70.73521505376344,6.980873655913978,0.01424731182795699,16.50745,80.6466,6.5
Vasai-Virar,MahÄrÄshtra,19.47,72.8,2023,1,0.2192,0.1358,-0.2096,0,29.47,26.97,32.47,,55.0,7.5,,,,2.5
Varanasi,Uttar Pradesh,25.3189,83.0128,2023,1,0.0943,0.0441,-0.1158,78,33.85,15.528897849462366,27.6,5.5,76.55483870967743,7.823266129032258,0.029704301075268818,25.31668,83.01041,6.5
Kalleli,Kerala,9.2,76.8833,2023,1,0.5214,-0.2428,-0.462,133,28.61,26.11,31.61,,55.0,7.5,,,,2.5
Srinagar,Jammu and KashmÄ«r,34.0911,74.8061,2023,1,0.1417,0.1488,-0.1792,1595,31.54,-1.7122043010752688,14.3,-16.6,66.40900537634408,4.477352150537635,0.19651881720430106,34.08565,74.80555,6.5
Aurangabad,MahÄrÄshtra,19.88,75.32,2023,1,0.4124,-0.0905,-0.3698,564,33.41,21.19081989247312,32.6,9.8,52.36438172043011,8.416451612903225,0.0035080645161290323,19.87757,75.34226,6.5
Dhanbad,JhÄrkhand,23.7928,86.435,2023,1,0.4296,-0.1078,-0.3897,245,32.29,17.05918010752688,30.5,6.0,67.77190860215053,7.728736559139786,0.01907258064516129,23.79759,86.42992,6.5
Amritsar,Punjab,31.6269,74.877,2023,1,0.0829,0.0592,-0.1424,234,31.79,11.167325268817203,21.6,0.7,81.14543010752688,6.424623655913978,0.07563172043010753,31.62234,74.87534,6.5
Haora,West Bengal,22.58,88.3294,2023,1,0.1581,0.1043,-0.1608,12,11.27,8.77,14.27,,55.0,7.5,,,,2.5
Ranchi,JhÄrkhand,23.3556,85.3347,2023,1,-0.0227,-0.1287,0.0538,643,29.82,15.78606182795699,27.8,5.8,64.33212365591397,8.793723118279571,0.016209677419354838,23.34316,85.3094,6.5
Gwalior,Madhya Pradesh,26.2125,78.1775,2023,1,0.1119,-0.0975,-0.0515,215,33.58,14.731962365591398,28.8,4.4,72.68924731182796,7.504677419354839,0.04174731182795699,26.22983,78.17337,6.5
Jodhpur,RÄjasthÄn,26.2944,73.0278,2023,1,0.1373,0.0866,-0.187,251,35.71,16.466290322580644,29.5,4.3,51.160483870967745,10.243172043010752,0.007930107526881721,26.26841,73.00594,6.5
Chandigarh,ChandÄ«garh,30.7364,76.7883,2023,1,0.4367,-0.0467,-0.3906,349,32.82,12.27198924731183,23.4,3.0,74.95833333333333,8.758077956989247,0.08446236559139784,30.73629,76.7884,6.5
Raipur,ChhattÄ«sgarh,21.2379,81.6337,2023,1,0.073,0.1089,-0.0856,309,35.75,19.693870967741933,32.1,7.6,60.54744623655914,6.05239247311828,0.011868279569892472,21.23333,81.63333,6.5
Warangal,TelangÄna,17.9756,79.6011,2023,1,-0.0286,-0.2177,0.0688,269,34.85,32.35,37.85,,55.0,7.5,,,,2.5
Kota,RÄjasthÄn,25.18,75.83,2023,1,0.1501,0.0378,-0.1462,230,31.98,16.201424731182797,30.9,4.0,65.39583333333333,6.7313575268817205,0.034408602150537634,25.18254,75.83907,6.5
Bareilly,Uttar Pradesh,28.364,79.415,2023,1,0.053,0.2105,-0.13,180,34.54,13.398158602150538,26.2,2.7,79.68387096774194,8.500013440860215,0.04321236559139785,28.36678,79.43167,6.5
Solapur,MahÄrÄshtra,17.6703,75.9011,2023,1,-0.0238,-0.1334,0.0491,474,32.99,24.536250000000003,34.5,13.1,44.965860215053766,10.911586021505377,0.0020161290322580645,17.67152,75.91044,6.5
Mysore,KarnÄtaka,12.3086,76.6531,2023,1,0.0325,-0.0941,-0.0069,747,33.27,30.770000000000003,36.27,,55.0,7.5,,,,2.5
Trichinopoly,Tamil NÄdu,10.8269,78.6928,2023,1,0.2832,0.0077,-0.3239,74,38.43,35.93,41.43,,55.0,7.5,,,,2.5
Moradabad,Uttar Pradesh,28.8389,78.7769,2023,1,0.1754,0.1184,-0.1747,205,32.95,30.450000000000003,35.95,,55.0,7.5,,,,2.5
Jamnagar,GujarÄt,22.47,70.07,2023,1,0.1864,0.0309,-0.1682,21,30.66,28.16,33.66,,55.0,7.5,,,,2.5
Gurgaon,HaryÄna,28.4667,77.0333,2023,1,0.1665,-0.0637,-0.1588,224,36.62,34.12,39.62,,55.0,7.5,,,,2.5
Aligarh,Uttar Pradesh,27.88,78.08,2023,1,0.174,-0.0149,-0.1486,190,35.24,13.301666666666666,25.8,2.9,77.90201612903226,8.30231182795699,0.043857526881720434,27.88145,78.07464,6.5
Jalandhar,Punjab,31.3256,75.5792,2023,1,0.1645,0.0094,-0.176,242,34.3,31.799999999999997,37.3,,55.0,7.5,,,,2.5
Bhayandar,MahÄrÄshtra,19.3,72.85,2023,1,0.2481,0.0128,-0.2378,9,26.28,23.78,29.28,,55.0,7.5,,,,2.5
Narela,Delhi,28.85,77.1,2023,1,0.3714,-0.0969,-0.4205,212,33.16,30.659999999999997,36.16,,55.0,7.5,,,,2.5
Shishgarh,Uttar Pradesh,28.72,79.32,2023,1,0.0341,-0.0519,-0.0166,181,30.19,27.69,33.19,,55.0,7.5,,,,2.5
Thiruvananthapuram,Kerala,8.4875,76.9525,2023,1,0.0447,0.0387,-0.079,15,29.33,26.83,32.33,,55.0,7.5,,,,2.5
Dispur,Assam,26.15,91.77,2023,1,0.8421,-0.2965,-0.716,116,29.83,27.33,32.83,,55.0,7.5,,,,2.5
Bhiwandi,MahÄrÄshtra,19.3,73.0667,2023,1,0.0178,-0.201,-0.0014,25,35.11,32.61,38.11,,55.0,7.5,,,,2.5
Saharanpur,Uttar Pradesh,29.964,77.546,2023,1,-0.0883,-0.0331,0.102,280,33.54,31.04,36.54,,55.0,7.5,,,,2.5
Shiliguri,West Bengal,26.72,88.42,2023,1,0.068,0.0083,-0.0414,119,37.13,34.63,40.13,,55.0,7.5,,,,2.5
Avadi,Tamil NÄdu,13.1147,80.1098,2023,1,0.3479,0.0164,-0.3492,32,34.27,31.770000000000003,37.27,,55.0,7.5,,,,2.5
Salem,Tamil NÄdu,11.65,78.1667,2023,1,0.0414,0.0259,-0.0819,285,36.83,34.33,39.83,,55.0,7.5,,,,2.5
Jui,UttarÄkhand,29.67,78.9098,2023,1,0.1374,-0.0907,-0.0945,890,26.15,23.65,29.15,,55.0,7.5,,,,2.5
Amaldu,UttarÄkhand,29.9333,78.5333,2023,1,0.1438,-0.2323,-0.0959,1406,25.99,23.49,28.99,,55.0,7.5,,,,2.5
Kimsar,Jammu and KashmÄ«r,34.5,74.5333,2023,1,0.3347,-0.1251,-0.2991,3058,16.46,13.96,19.46,,55.0,7.5,,,,2.5
Sinduri,HimÄchal Pradesh,30.7167,77.15,2023,1,0.4198,-0.1312,-0.3494,943,26.64,24.14,29.64,,55.0,7.5,,,,2.5
Gorakhpur,Uttar Pradesh,26.7611,83.3667,2023,1,0.111,0.0904,-0.1127,84,33.1,30.6,36.1,,55.0,7.5,,,,2.5
Guntur,Andhra Pradesh,16.3,80.45,2023,1,0.1646,0.0629,-0.1966,34,37.59,35.09,40.59,,55.0,7.5,,,,2.5
Karaikandi,Assam,24.8309,92.6143,2023,1,0.7385,-0.329,-0.5781,20,30.82,28.32,33.82,,55.0,7.5,,,,2.5
Mumbai,MahÄrÄshtra,19.0758,72.8775,2023,1,0.0832,0.0572,-0.1247,5,36.78,23.31008064516129,33.2,14.2,64.56397849462365,10.32875,0.001411290322580645,19.07283,72.88261,6.5
Kolkata,West Bengal,22.5675,88.37,2023,1,0.0813,0.0288,-0.148,6,34.77,18.926102150537638,30.6,9.0,71.28346774193548,7.722836021505376,0.016223118279569893,22.56263,88.36304,6.5
Delhi,Delhi,28.66,77.23,2023,1,0.2282,-0.0017,-0.3007,219,31.11,28.61,34.11,,55.0,7.5,,,,2.5
Chennai,Tamil NÄdu,13.0825,80.275,2023,1,0.0384,0.2775,-0.035,9,34.86,24.796142473118277,30.5,17.3,74.35887096774194,11.460672043010751,0.02995967741935484,13.08784,80.27847,6.5
Bangalore,KarnÄtaka,12.9791,77.5913,2023,1,0.31,-0.0501,-0.3241,924,30.48,27.98,33.480000000000004,,55.0,7.5,,,,2.5
Ahmedabad,GujarÄt,23.0219,72.5797,2023,1,0.286,0.0238,-0.3478,52,34.77,32.27,37.77,,55.0,7.5,,,,2.5
Pune,MahÄrÄshtra,18.5211,73.8553,2023,1,0.3314,-0.0523,-0.3504,554,33.08,30.58,36.08,,55.0,7.5,,,,2.5
Hyderabad,TelangÄna,17.3617,78.4747,2023,1,0.086,0.1669,-0.1558,508,35.17,21.84111559139785,33.6,10.9,59.34206989247312,8.333333333333334,0.00836021505376344,17.38405,78.45636,6.5
Surat,GujarÄt,21.205,72.84,2023,1,0.1508,0.0787,-0.2477,14,36.49,22.131034946236557,35.0,11.6,55.53709677419355,11.153575268817205,0.0017069892473118278,21.19594,72.83023,6.5
Prayagraj,Uttar Pradesh,25.45,81.85,2023,1,0.4826,-0.0653,-0.4688,95,32.13,29.630000000000003,35.13,,55.0,7.5,,,,2.5
Kanpur,GujarÄt,24.285,72.6933,2023,1,0.581,-0.1598,-0.5501,335,31.48,14.61231182795699,27.4,4.1,77.39435483870967,8.008198924731182,0.0314247311827957,26.46523,80.34975,6.5
Kanpur,Uttar Pradesh,26.4725,80.3311,2023,1,0.1304,0.0561,-0.1861,132,32.76,14.61231182795699,27.4,4.1,77.39435483870967,8.008198924731182,0.0314247311827957,26.46523,80.34975,6.5
Belahi,BihÄr,25.7167,86.4,2023,1,0.3382,-0.2801,-0.2301,41,30.0,27.5,33.0,,55.0,7.5,,,,2.5
Vadodara,GujarÄt,22.3,73.2,2023,1,0.3005,-0.0269,-0.3106,38,35.24,20.783776881720428,33.5,8.6,55.36854838709677,8.284059139784947,0.004986559139784946,22.29941,73.20812,6.5
Nadampalaiyam,Tamil NÄdu,11.1793,77.376,2023,1,0.1019,0.099,-0.1708,318,32.4,29.9,35.4,,55.0,7.5,,,,2.5
Lucknow,Uttar Pradesh,26.847,80.947,2023,1,0.1231,0.1268,-0.1574,115,32.61,14.294059139784947,26.8,3.5,77.76411290322581,8.090174731182795,0.03786290322580645,26.83928,80.92313,6.5
Kannankulam,Kerala,10.4799,76.1131,2023,1,0.4685,-0.2157,-0.4051,13,29.72,27.22,32.72,,55.0,7.5,,,,2.5
Mahuakheraganj,UttarÄkhand,29.13,78.95,2023,1,0.2689,-0.0446,-0.2863,222,28.74,26.24,31.74,,55.0,7.5,,,,2.5
Nagla,UttarÄkhand,29.01,79.51,2023,1,0.5576,-0.1012,-0.5342,227,29.08,26.58,32.08,,55.0,7.5,,,,2.5
Jaipur,RÄjasthÄn,26.915,75.82,2023,1,0.5064,-0.1134,-0.5348,441,32.57,14.308373655913979,28.1,2.7,62.82728494623656,8.242083333333333,0.02646505376344086,26.91962,75.78781,6.5
Kottarassheri,Kerala,10.6167,76.5333,2023,1,0.5516,-0.0512,-0.4871,147,30.25,27.75,33.25,,55.0,7.5,,,,2.5
Attadappa,Kerala,11.85,75.4167,2023,1,0.5552,-0.3016,-0.4677,37,29.14,26.64,32.14,,55.0,7.5,,,,2.5
Barmhan Kalan,Madhya Pradesh,23.0333,79.0167,2023,1,0.7762,-0.3007,-0.6888,337,31.99,29.49,34.989999999999995,,55.0,7.5,,,,2.5
Gorakhpur,ChhattÄ«sgarh,22.1688,81.6042,2023,1,0.4271,-0.0752,-0.466,305,28.44,25.94,31.44,,55.0,7.5,,,,2.5
Nagpur,MahÄrÄshtra,21.1497,79.0806,2023,1,0.391,-0.1527,-0.4115,318,32.84,20.58133064516129,32.9,8.1,56.8377688172043,7.151948924731183,0.017419354838709676,21.14631,79.08491,6.5
Guwahati,Assam,26.1806,91.7502,2023,1,0.098,0.149,-0.1155,57,30.4,17.49366935483871,27.5,8.4,77.26733870967742,6.03396505376344,0.020026881720430108,26.1844,91.7458,6.5
Ghaziabad,Uttar Pradesh,28.6667,77.4167,2023,1,0.29,-0.0408,-0.3186,211,31.72,12.96893817204301,25.4,1.9,77.63467741935484,8.6725,0.047567204301075264,28.66535,77.43915,6.5
Coimbatore,Tamil NÄdu,11.0008,76.9633,2023,1,0.1166,0.0284,-0.1219,417,34.46,24.230967741935483,33.6,14.8,62.895161290322584,9.489314516129033,0.02720430107526882,11.00555,76.96612,6.5
Patna,BihÄr,25.61,85.1414,2023,1,0.1786,0.1995,-0.2432,63,32.18,15.802849462365591,26.2,7.1,77.59919354838709,8.116397849462366,0.016922043010752688,25.59408,85.13563,6.5
Rajkot,GujarÄt,22.2969,70.7984,2023,1,0.0229,0.1455,-0.0541,134,34.96,32.46,37.96,,55.0,7.5,,,,2.5
Vishakhapatnam,Andhra Pradesh,17.6939,83.2922,2023,1,0.2381,0.1027,-0.2884,12,33.32,30.82,36.32,,55.0,7.5,,,,2.5
Indore,Madhya Pradesh,22.7186,75.855,2023,1,0.0655,0.1319,-0.191,553,34.93,17.89548387096774,31.2,6.2,60.325537634408605,8.858575268817205,0.015376344086021506,22.71792,75.8333,6.5
Abhepur,Punjab,30.6667,76.8333,2023,1,0.241,0.0115,-0.2752,311,29.81,27.31,32.81,,55.0,7.5,,,,2.5
Gumanwala,UttarÄkhand,29.9333,77.9,2023,1,0.4713,0.0212,-0.4631,277,28.06,25.56,31.06,,55.0,7.5,,,,2.5
Thane,MahÄrÄshtra,19.18,72.9633,2023,1,0.7267,-0.2394,-0.6456,14,34.32,23.57021505376344,35.8,11.6,59.83736559139785,7.8694758064516135,0.001532258064516129,19.19704,72.96355,6.5
Bhopal,Madhya Pradesh,23.25,77.4167,2023,1,0.1384,0.1076,-0.1846,512,32.46,17.14024193548387,31.1,6.5,64.91505376344087,8.670887096774194,0.028830645161290323,23.25469,77.40289,6.5
Agra,Uttar Pradesh,27.18,78.02,2023,1,0.359,0.0174,-0.4409,184,31.8,13.721250000000001,26.7,3.0,77.71774193548387,7.740376344086021,0.04491935483870967,27.18333,78.01667,6.5
Pimpri-Chinchwad,MahÄrÄshtra,18.6278,73.8131,2023,1,0.718,-0.1995,-0.6469,584,33.41,20.824341397849462,33.2,8.2,59.30846774193548,6.219892473118279,0.003306451612903226,18.61867,73.80375,6.5
Harbatpur,UttarÄkhand,30.45,77.73,2023,1,0.2989,0.107,-0.3796,445,28.3,25.8,31.3,,55.0,7.5,,,,2.5
Saundhonwali,UttarÄkhand,30.3331,77.9608,2023,1,0.0554,0.0562,-0.1222,612,27.42,24.92,30.42,,55.0,7.5,,,,2.5
Ludhiana,Punjab,30.9083,75.8486,2023,1,0.339,-0.1119,-0.3428,243,29.94,11.398319892473118,22.2,1.5,82.76639784946236,7.204583333333333,0.07833333333333332,30.91204,75.85379,6.5
Meerut,Uttar Pradesh,28.98,77.7064,2023,1,0.1072,0.1171,-0.1991,228,31.74,29.24,34.739999999999995,,55.0,7.5,,,,2.5
Madurai,Tamil NÄdu,9.9197,78.1194,2023,1,0.0179,0.2639,-0.2128,141,36.16,25.47190860215054,35.2,15.1,66.73131720430108,9.643709677419354,0.034784946236559144,9.919,78.11953,6.5
Nasik,MahÄrÄshtra,20.0,73.7833,2023,1,0.136,0.1242,-0.2053,588,32.73,30.229999999999997,35.73,,55.0,7.5,,,,2.5
Faridabad,HaryÄna,28.4167,77.3,2023,1,0.2552,0.0509,-0.2781,208,31.04,13.339932795698925,25.6,2.8,75.75255376344086,8.802217741935484,0.0397983870967742,28.41124,77.31316,6.5
Madarpur,BihÄr,26.227,84.6746,2023,1,0.2032,0.0369,-0.2454,69,30.12,27.62,33.120000000000005,,55.0,7.5,,,,2.5
Najafgarh,Delhi,28.6125,76.9847,2023,1,0.0786,0.0748,-0.1376,220,31.88,29.38,34.879999999999995,,55.0,7.5,,,,2.5
Jabalpur,Madhya Pradesh,23.1667,79.9333,2023,1,0.1805,0.1703,-0.2357,399,33.3,17.15013440860215,30.9,5.1,65.45712365591397,7.502379032258064,0.023911290322580644,23.16697,79.95006,6.5
Madanpur,UttarÄkhand,29.326,79.1537,2023,1,0.7433,-0.284,-0.625,315,28.24,25.74,31.24,,55.0,7.5,,,,2.5
Kamalwaganja Gaur,UttarÄkhand,29.2117,79.4654,2023,1,0.7131,-0.1991,-0.6351,383,28.62,26.12,31.62,,55.0,7.5,,,,2.5
Kalyan,MahÄrÄshtra,19.25,73.15,2023,1,0.2864,0.1721,-0.311,10,34.18,31.68,37.18,,55.0,7.5,,,,2.5
Asansol,West Bengal,23.6833,86.9667,2023,1,0.2481,0.1724,-0.2724,125,32.14,29.64,35.14,,55.0,7.5,,,,2.5
Vijayawada,Andhra Pradesh,16.5167,80.6167,2023,1,0.5267,-0.1592,-0.4833,27,32.5,24.579395161290325,34.7,14.9,70.73521505376344,6.980873655913978,0.01424731182795699,16.50745,80.6466,6.5
Vasai-Virar,MahÄrÄshtra,19.47,72.8,2023,1,0.1497,0.2133,-0.2019,0,32.44,29.939999999999998,35.44,,55.0,7.5,,,,2.5
Varanasi,Uttar Pradesh,25.3189,83.0128,2023,1,0.1799,0.0264,-0.252,78,31.11,15.528897849462366,27.6,5.5,76.55483870967743,7.823266129032258,0.029704301075268818,25.31668,83.01041,6.5
Kalleli,Kerala,9.2,76.8833,2023,1,0.4646,-0.1773,-0.4297,133,29.2,26.7,32.2,,55.0,7.5,,,,2.5
Srinagar,Jammu and KashmÄ«r,34.0911,74.8061,2023,1,0.1187,0.1215,-0.143,1595,23.1,-1.7122043010752688,14.3,-16.6,66.40900537634408,4.477352150537635,0.19651881720430106,34.08565,74.80555,6.5
Aurangabad,MahÄrÄshtra,19.88,75.32,2023,1,0.3521,-0.041,-0.3855,564,33.78,21.19081989247312,32.6,9.8,52.36438172043011,8.416451612903225,0.0035080645161290323,19.87757,75.34226,6.5
Dhanbad,JhÄrkhand,23.7928,86.435,2023,1,0.5261,0.0038,-0.5362,245,31.82,17.05918010752688,30.5,6.0,67.77190860215053,7.728736559139786,0.01907258064516129,23.79759,86.42992,6.5
Amritsar,Punjab,31.6269,74.877,2023,1,0.0837,0.0536,-0.1371,234,29.23,11.167325268817203,21.6,0.7,81.14543010752688,6.424623655913978,0.07563172043010753,31.62234,74.87534,6.5
Haora,West Bengal,22.58,88.3294,2023,1,0.2073,0.157,-0.2312,12,32.8,30.299999999999997,35.8,,55.0,7.5,,,,2.5
Ranchi,JhÄrkhand,23.3556,85.3347,2023,1,0.4847,-0.0513,-0.4512,643,30.58,15.78606182795699,27.8,5.8,64.33212365591397,8.793723118279571,0.016209677419354838,23.34316,85.3094,6.5
Gwalior,Madhya Pradesh,26.2125,78.1775,2023,1,0.0905,0.0637,-0.1688,215,32.28,14.731962365591398,28.8,4.4,72.68924731182796,7.504677419354839,0.04174731182795699,26.22983,78.17337,6.5
Jodhpur,RÄjasthÄn,26.2944,73.0278,2023,1,0.1603,0.0635,-0.2107,251,33.61,16.466290322580644,29.5,4.3,51.160483870967745,10.243172043010752,0.007930107526881721,26.26841,73.00594,6.5
Chandigarh,ChandÄ«garh,30.7364,76.7883,2023,1,0.4668,-0.093,-0.4346,349,28.78,12.27198924731183,23.4,3.0,74.95833333333333,8.758077956989247,0.08446236559139784,30.73629,76.7884,6.5
Raipur,ChhattÄ«sgarh,21.2379,81.6337,2023,1,0.1203,0.0629,-0.1782,309,33.14,19.693870967741933,32.1,7.6,60.54744623655914,6.05239247311828,0.011868279569892472,21.23333,81.63333,6.5
Warangal,TelangÄna,17.9756,79.6011,2023,1,0.1148,0.1295,-0.1964,269,34.04,31.54,37.04,,55.0,7.5,,,,2.5
Kota,RÄjasthÄn,25.18,75.83,2023,1,0.1252,0.0165,-0.1632,230,33.25,16.201424731182797,30.9,4.0,65.39583333333333,6.7313575268817205,0.034408602150537634,25.18254,75.83907,6.5
Bareilly,Uttar Pradesh,28.364,79.415,2023,1,0.1109,0.1688,-0.19,180,32.06,13.398158602150538,26.2,2.7,79.68387096774194,8.500013440860215,0.04321236559139785,28.36678,79.43167,6.5
Solapur,MahÄrÄshtra,17.6703,75.9011,2023,1,0.234,0.0675,-0.2931,474,35.06,24.536250000000003,34.5,13.1,44.965860215053766,10.911586021505377,0.0020161290322580645,17.67152,75.91044,6.5
Hubli,KarnÄtaka,15.3108,75.0925,2023,1,0.2326,0.0838,-0.2849,618,34.45,31.950000000000003,37.45,,55.0,7.5,,,,2.5
Mysore,KarnÄtaka,12.3086,76.6531,2023,1,0.0554,0.1142,-0.0487,747,32.2,29.700000000000003,35.2,,55.0,7.5,,,,2.5
Trichinopoly,Tamil NÄdu,10.8269,78.6928,2023,1,0.3574,-0.0137,-0.3913,74,35.18,32.68,38.18,,55.0,7.5,,,,2.5
Moradabad,Uttar Pradesh,28.8389,78.7769,2023,1,0.1752,0.0632,-0.173,205,31.3,28.8,34.3,,55.0,7.5,,,,2.5
Tiruppur,Tamil NÄdu,11.1075,77.3398,2023,1,0.2978,-0.0293,-0.2254,305,34.59,25.208333333333332,35.5,15.6,62.428360215053765,7.9706048387096775,0.022473118279569892,11.11541,77.35456,6.5
Jamnagar,GujarÄt,22.47,70.07,2023,1,0.2641,0.0338,-0.2687,21,34.3,31.799999999999997,37.3,,55.0,7.5,,,,2.5
Gurgaon,HaryÄna,28.4667,77.0333,2023,1,0.2095,-0.0658,-0.2538,224,31.33,28.83,34.33,,55.0,7.5,,,,2.5
Aligarh,Uttar Pradesh,27.88,78.08,2023,1,0.2189,-0.0365,-0.2336,190,32.56,13.301666666666666,25.8,2.9,77.90201612903226,8.30231182795699,0.043857526881720434,27.88145,78.07464,6.5
Jalandhar,Punjab,31.3256,75.5792,2023,1,0.2456,-0.0494,-0.2795,242,29.8,27.3,32.8,,55.0,7.5,,,,2.5
Bhubaneshwar,Odisha,20.295,85.825,2023,1,0.2062,-0.0029,-0.241,47,32.86,30.36,35.86,,55.0,7.5,,,,2.5
Bhayandar,MahÄrÄshtra,19.3,72.85,2023,1,0.2172,0.2292,-0.2315,9,34.42,31.92,37.42,,55.0,7.5,,,,2.5
Narela,Delhi,28.85,77.1,2023,1,0.4378,-0.1192,-0.4707,212,30.75,28.25,33.75,,55.0,7.5,,,,2.5
Shishgarh,Uttar Pradesh,28.72,79.32,2023,1,0.517,-0.0285,-0.5512,181,28.8,26.3,31.8,,55.0,7.5,,,,2.5
Thiruvananthapuram,Kerala,8.4875,76.9525,2023,1,0.1144,0.0019,-0.1018,15,37.15,34.65,40.15,,55.0,7.5,,,,2.5
Dispur,Assam,26.15,91.77,2023,1,0.2577,-0.2509,-0.1977,116,31.03,28.53,34.03,,55.0,7.5,,,,2.5
Durgapur,West Bengal,23.55,87.32,2023,1,0.3667,0.0174,-0.3646,90,31.16,28.66,34.16,,55.0,7.5,,,,2.5
Bhiwandi,MahÄrÄshtra,19.3,73.0667,2023,1,0.086,-0.0979,-0.1532,25,37.66,35.16,40.66,,55.0,7.5,,,,2.5
Saharanpur,Uttar Pradesh,29.964,77.546,2023,1,0.0801,0.0745,-0.184,280,30.2,27.7,33.2,,55.0,7.5,,,,2.5
Shiliguri,West Bengal,26.72,88.42,2023,1,0.2203,-0.0632,-0.1734,119,32.81,30.310000000000002,35.81,,55.0,7.5,,,,2.5
Avadi,Tamil NÄdu,13.1147,80.1098,2023,1,0.3603,-0.0629,-0.3347,32,36.03,33.53,39.03,,55.0,7.5,,,,2.5
Salem,Tamil NÄdu,11.65,78.1667,2023,1,0.0905,0.1145,-0.1799,285,35.78,33.28,38.78,,55.0,7.5,,,,2.5
Jui,UttarÄkhand,29.67,78.9098,2023,1,0.8501,-0.2433,-0.7726,890,23.52,21.02,26.52,,55.0,7.5,,,,2.5
Amaldu,UttarÄkhand,29.9333,78.5333,2023,1,0.7112,-0.1302,-0.6545,1406,22.94,20.44,25.94,,55.0,7.5,,,,2.5
Kimsar,Jammu and KashmÄ«r,34.5,74.5333,2023,1,0.612,-0.2362,-0.568,3058,13.23,10.73,16.23,,55.0,7.5,,,,2.5
Sinduri,HimÄchal Pradesh,30.7167,77.15,2023,1,0.6527,-0.1251,-0.62,943,24.62,22.12,27.62,,55.0,7.5,,,,2.5
Gorakhpur,Uttar Pradesh,26.7611,83.3667,2023,1,0.1933,0.0475,-0.229,84,31.98,29.48,34.980000000000004,,55.0,7.5,,,,2.5
Guntur,Andhra Pradesh,16.3,80.45,2023,1,0.2305,0.0386,-0.2617,34,35.06,32.56,38.06,,55.0,7.5,,,,2.5
Karaikandi,Assam,24.8309,92.6143,2023,1,0.7835,-0.329,-0.6434,20,28.87,26.37,31.87,,55.0,7.5,,,,2.5
Mumbai,MahÄrÄshtra,19.0758,72.8775,2023,1,0.0538,0.0467,-0.1191,5,35.21,23.31008064516129,33.2,14.2,64.56397849462365,10.32875,0.001411290322580645,19.07283,72.88261,6.5
Kolkata,West Bengal,22.5675,88.37,2023,1,0.0601,0.0141,-0.1138,6,31.0,18.926102150537638,30.6,9.0,71.28346774193548,7.722836021505376,0.016223118279569893,22.56263,88.36304,6.5
Delhi,Delhi,28.66,77.23,2023,1,0.119,-0.0292,-0.1053,219,25.07,22.57,28.07,,55.0,7.5,,,,2.5
Chennai,Tamil NÄdu,13.0825,80.275,2023,1,0.0881,0.1891,-0.0857,9,29.95,24.796142473118277,30.5,17.3,74.35887096774194,11.460672043010751,0.02995967741935484,13.08784,80.27847,5.153857526881723
Bangalore,KarnÄtaka,12.9791,77.5913,2023,1,0.3661,-0.0812,-0.3731,924,28.76,26.26,31.76,,55.0,7.5,,,,2.5
Ahmedabad,GujarÄt,23.0219,72.5797,2023,1,0.2236,-0.0446,-0.2444,52,30.34,27.84,33.34,,55.0,7.5,,,,2.5
Pune,MahÄrÄshtra,18.5211,73.8553,2023,1,0.007,-0.1207,0.035,554,29.86,27.36,32.86,,55.0,7.5,,,,2.5
Hyderabad,TelangÄna,17.3617,78.4747,2023,1,0.0603,0.0808,-0.0564,508,30.91,21.84111559139785,33.6,10.9,59.34206989247312,8.333333333333334,0.00836021505376344,17.38405,78.45636,6.5
Surat,GujarÄt,21.205,72.84,2023,1,0.1463,0.0353,-0.224,14,33.07,22.131034946236557,35.0,11.6,55.53709677419355,11.153575268817205,0.0017069892473118278,21.19594,72.83023,6.5
Prayagraj,Uttar Pradesh,25.45,81.85,2023,1,0.3088,-0.099,-0.3074,95,27.5,25.0,30.5,,55.0,7.5,,,,2.5
Kanpur,GujarÄt,24.285,72.6933,2023,1,0.485,-0.1051,-0.514,335,28.52,14.61231182795699,27.4,4.1,77.39435483870967,8.008198924731182,0.0314247311827957,26.46523,80.34975,6.5
Kanpur,Uttar Pradesh,26.4725,80.3311,2023,1,0.1256,0.0392,-0.1713,132,26.77,14.61231182795699,27.4,4.1,77.39435483870967,8.008198924731182,0.0314247311827957,26.46523,80.34975,6.5
Belahi,BihÄr,25.7167,86.4,2023,1,0.3742,-0.3514,-0.3149,41,29.58,27.08,32.58,,55.0,7.5,,,,2.5
Vadodara,GujarÄt,22.3,73.2,2023,1,0.225,0.0276,-0.2723,38,31.48,20.783776881720428,33.5,8.6,55.36854838709677,8.284059139784947,0.004986559139784946,22.29941,73.20812,6.5
Nadampalaiyam,Tamil NÄdu,11.1793,77.376,2023,1,0.1604,-0.0337,-0.1758,318,27.68,25.18,30.68,,55.0,7.5,,,,2.5
Lucknow,Uttar Pradesh,26.847,80.947,2023,1,0.1084,0.0635,-0.1342,115,27.65,14.294059139784947,26.8,3.5,77.76411290322581,8.090174731182795,0.03786290322580645,26.83928,80.92313,6.5
Kannankulam,Kerala,10.4799,76.1131,2023,1,0.4765,-0.1599,-0.4182,13,30.16,27.66,33.16,,55.0,7.5,,,,2.5
Mahuakheraganj,UttarÄkhand,29.13,78.95,2023,1,0.162,0.0973,-0.2106,222,27.56,25.06,30.56,,55.0,7.5,,,,2.5
Nagla,UttarÄkhand,29.01,79.51,2023,1,0.3721,0.0687,-0.3884,227,26.72,24.22,29.72,,55.0,7.5,,,,2.5
Jaipur,RÄjasthÄn,26.915,75.82,2023,1,0.4777,-0.0952,-0.4974,441,27.28,14.308373655913979,28.1,2.7,62.82728494623656,8.242083333333333,0.02646505376344086,26.91962,75.78781,6.5
Kottarassheri,Kerala,10.6167,76.5333,2023,1,0.6067,-0.0967,-0.555,147,28.89,26.39,31.89,,55.0,7.5,,,,2.5
Attadappa,Kerala,11.85,75.4167,2023,1,0.4261,-0.296,-0.3316,37,31.53,29.03,34.53,,55.0,7.5,,,,2.5
Barmhan Kalan,Madhya Pradesh,23.0333,79.0167,2023,1,0.6392,-0.1755,-0.5791,337,28.54,26.04,31.54,,55.0,7.5,,,,2.5
Gorakhpur,ChhattÄ«sgarh,22.1688,81.6042,2023,1,0.3406,0.0234,-0.3905,305,28.14,25.64,31.14,,55.0,7.5,,,,2.5
Nagpur,MahÄrÄshtra,21.1497,79.0806,2023,1,0.3642,-0.1311,-0.3851,318,30.1,20.58133064516129,32.9,8.1,56.8377688172043,7.151948924731183,0.017419354838709676,21.14631,79.08491,6.5
Guwahati,Assam,26.1806,91.7502,2023,1,0.0625,0.1516,-0.0993,57,27.2,17.49366935483871,27.5,8.4,77.26733870967742,6.03396505376344,0.020026881720430108,26.1844,91.7458,6.5
Ghaziabad,Uttar Pradesh,28.6667,77.4167,2023,1,0.1419,-0.0528,-0.1188,211,26.31,12.96893817204301,25.4,1.9,77.63467741935484,8.6725,0.047567204301075264,28.66535,77.43915,6.5
Coimbatore,Tamil NÄdu,11.0008,76.9633,2023,1,0.0895,-0.0314,-0.0855,417,31.4,24.230967741935483,33.6,14.8,62.895161290322584,9.489314516129033,0.02720430107526882,11.00555,76.96612,6.5
Patna,BihÄr,25.61,85.1414,2023,1,0.0863,0.1778,-0.1533,63,27.66,15.802849462365591,26.2,7.1,77.59919354838709,8.116397849462366,0.016922043010752688,25.59408,85.13563,6.5
Rajkot,GujarÄt,22.2969,70.7984,2023,1,0.0449,0.1446,-0.0719,134,31.56,29.06,34.56,,55.0,7.5,,,,2.5
Vishakhapatnam,Andhra Pradesh,17.6939,83.2922,2023,1,0.1986,0.0823,-0.3009,12,31.11,28.61,34.11,,55.0,7.5,,,,2.5
Indore,Madhya Pradesh,22.7186,75.855,2023,1,0.0783,0.1067,-0.2083,553,30.56,17.89548387096774,31.2,6.2,60.325537634408605,8.858575268817205,0.015376344086021506,22.71792,75.8333,6.5
Abhepur,Punjab,30.6667,76.8333,2023,1,0.1903,-0.016,-0.2049,311,24.87,22.37,27.87,,55.0,7.5,,,,2.5
Gumanwala,UttarÄkhand,29.9333,77.9,2023,1,0.289,0.0423,-0.3622,277,24.55,22.05,27.55,,55.0,7.5,,,,2.5
Thane,MahÄrÄshtra,19.18,72.9633,2023,1,0.6985,-0.2707,-0.6275,14,32.07,23.57021505376344,35.8,11.6,59.83736559139785,7.8694758064516135,0.001532258064516129,19.19704,72.96355,6.5
Bhopal,Madhya Pradesh,23.25,77.4167,2023,1,0.1198,0.1147,-0.1679,512,27.82,17.14024193548387,31.1,6.5,64.91505376344087,8.670887096774194,0.028830645161290323,23.25469,77.40289,6.5
Agra,Uttar Pradesh,27.18,78.02,2023,1,0.2908,0.0345,-0.3422,184,25.59,13.721250000000001,26.7,3.0,77.71774193548387,7.740376344086021,0.04491935483870967,27.18333,78.01667,6.5
Peyanvilai,Tamil NÄdu,8.5674,78.1046,2023,1,0.054,0.0271,-0.0911,8,28.81,26.31,31.81,,55.0,7.5,,,,2.5
Pimpri-Chinchwad,MahÄrÄshtra,18.6278,73.8131,2023,1,0.4354,-0.2328,-0.3762,584,30.24,20.824341397849462,33.2,8.2,59.30846774193548,6.219892473118279,0.003306451612903226,18.61867,73.80375,6.5
Harbatpur,UttarÄkhand,30.45,77.73,2023,1,0.2281,0.1125,-0.3029,445,24.14,21.64,27.14,,55.0,7.5,,,,2.5
Saundhonwali,UttarÄkhand,30.3331,77.9608,2023,1,0.0842,0.0501,-0.1483,612,23.15,20.65,26.15,,55.0,7.5,,,,2.5
Ludhiana,Punjab,30.9083,75.8486,2023,1,0.1825,-0.1136,-0.1702,243,24.56,11.398319892473118,22.2,1.5,82.76639784946236,7.204583333333333,0.07833333333333332,30.91204,75.85379,6.5
Meerut,Uttar Pradesh,28.98,77.7064,2023,1,0.0439,0.0544,-0.0561,228,27.16,24.66,30.16,,55.0,7.5,,,,2.5
Nasik,MahÄrÄshtra,20.0,73.7833,2023,1,0.1267,0.1252,-0.2173,588,29.71,27.21,32.71,,55.0,7.5,,,,2.5
Faridabad,HaryÄna,28.4167,77.3,2023,1,0.2041,0.0117,-0.2006,208,25.78,13.339932795698925,25.6,2.8,75.75255376344086,8.802217741935484,0.0397983870967742,28.41124,77.31316,6.5
Madarpur,BihÄr,26.227,84.6746,2023,1,0.1519,0.0458,-0.2015,69,27.4,24.9,30.4,,55.0,7.5,,,,2.5
Najafgarh,Delhi,28.6125,76.9847,2023,1,0.0649,0.0112,-0.107,220,26.31,23.81,29.31,,55.0,7.5,,,,2.5
Jabalpur,Madhya Pradesh,23.1667,79.9333,2023,1,0.122,0.1726,-0.1942,399,28.9,17.15013440860215,30.9,5.1,65.45712365591397,7.502379032258064,0.023911290322580644,23.16697,79.95006,6.5
Madanpur,UttarÄkhand,29.326,79.1537,2023,1,0.5102,-0.1049,-0.5033,315,25.74,23.24,28.74,,55.0,7.5,,,,2.5
Kamalwaganja Gaur,UttarÄkhand,29.2117,79.4654,2023,1,0.6574,-0.1528,-0.5834,383,26.14,23.64,29.14,,55.0,7.5,,,,2.5
Kalyan,MahÄrÄshtra,19.25,73.15,2023,1,0.2913,0.1772,-0.2871,10,32.02,29.520000000000003,35.02,,55.0,7.5,,,,2.5
Asansol,West Bengal,23.6833,86.9667,2023,1,0.1679,0.1393,-0.2048,125,29.13,26.63,32.129999999999995,,55.0,7.5,,,,2.5
Vijayawada,Andhra Pradesh,16.5167,80.6167,2023,1,0.4487,-0.1404,-0.4072,27,30.9,24.579395161290325,34.7,14.9,70.73521505376344,6.980873655913978,0.01424731182795699,16.50745,80.6466,6.320604838709674
Vasai-Virar,MahÄrÄshtra,19.47,72.8,2023,1,0.1314,0.1806,-0.1531,0,31.73,29.23,34.730000000000004,,55.0,7.5,,,,2.5
Varanasi,Uttar Pradesh,25.3189,83.0128,2023,1,0.1078,-0.012,-0.1477,78,27.02,15.528897849462366,27.6,5.5,76.55483870967743,7.823266129032258,0.029704301075268818,25.31668,83.01041,6.5
Kalleli,Kerala,9.2,76.8833,2023,1,0.8083,-0.2436,-0.7267,133,26.8,24.3,29.8,,55.0,7.5,,,,2.5
Srinagar,Jammu and KashmÄ«r,34.0911,74.8061,2023,1,-0.0104,-0.0384,0.0261,1595,16.17,-1.7122043010752688,14.3,-16.6,66.40900537634408,4.477352150537635,0.19651881720430106,34.08565,74.80555,6.5
Aurangabad,MahÄrÄshtra,19.88,75.32,2023,1,0.2567,-0.0168,-0.2821,564,30.89,21.19081989247312,32.6,9.8,52.36438172043011,8.416451612903225,0.0035080645161290323,19.87757,75.34226,6.5
Dhanbad,JhÄrkhand,23.7928,86.435,2023,1,0.4462,0.0164,-0.4889,245,28.83,17.05918010752688,30.5,6.0,67.77190860215053,7.728736559139786,0.01907258064516129,23.79759,86.42992,6.5
Amritsar,Punjab,31.6269,74.877,2023,1,0.07,0.0481,-0.1157,234,24.1,11.167325268817203,21.6,0.7,81.14543010752688,6.424623655913978,0.07563172043010753,31.62234,74.87534,6.5
Haora,West Bengal,22.58,88.3294,2023,1,0.1158,0.095,-0.1224,12,28.89,26.39,31.89,,55.0,7.5,,,,2.5
Ranchi,JhÄrkhand,23.3556,85.3347,2023,1,0.346,-0.0524,-0.346,643,27.43,15.78606182795699,27.8,5.8,64.33212365591397,8.793723118279571,0.016209677419354838,23.34316,85.3094,6.5
Gwalior,Madhya Pradesh,26.2125,78.1775,2023,1,0.0709,0.0811,-0.1733,215,26.05,14.731962365591398,28.8,4.4,72.68924731182796,7.504677419354839,0.04174731182795699,26.22983,78.17337,6.5
Jodhpur,RÄjasthÄn,26.2944,73.0278,2023,1,0.1279,0.0463,-0.1932,251,28.06,16.466290322580644,29.5,4.3,51.160483870967745,10.243172043010752,0.007930107526881721,26.26841,73.00594,6.5
Chandigarh,ChandÄ«garh,30.7364,76.7883,2023,1,0.3917,-0.1085,-0.3826,349,23.67,12.27198924731183,23.4,3.0,74.95833333333333,8.758077956989247,0.08446236559139784,30.73629,76.7884,6.5
Raipur,ChhattÄ«sgarh,21.2379,81.6337,2023,1,0.0916,0.0752,-0.1343,309,29.9,19.693870967741933,32.1,7.6,60.54744623655914,6.05239247311828,0.011868279569892472,21.23333,81.63333,6.5
Warangal,TelangÄna,17.9756,79.6011,2023,1,0.0705,0.0506,-0.1207,269,31.39,28.89,34.39,,55.0,7.5,,,,2.5
Kota,RÄjasthÄn,25.18,75.83,2023,1,0.0624,0.0024,-0.1159,230,27.76,16.201424731182797,30.9,4.0,65.39583333333333,6.7313575268817205,0.034408602150537634,25.18254,75.83907,6.5
Bareilly,Uttar Pradesh,28.364,79.415,2023,1,0.0616,0.0983,-0.0787,180,26.74,13.398158602150538,26.2,2.7,79.68387096774194,8.500013440860215,0.04321236559139785,28.36678,79.43167,6.5
Solapur,MahÄrÄshtra,17.6703,75.9011,2023,1,0.2668,-0.0041,-0.3151,474,31.49,24.536250000000003,34.5,13.1,44.965860215053766,10.911586021505377,0.0020161290322580645,17.67152,75.91044,6.5
Hubli,KarnÄtaka,15.3108,75.0925,2023,1,0.2137,0.0741,-0.2279,618,30.14,27.64,33.14,,55.0,7.5,,,,2.5
Mysore,KarnÄtaka,12.3086,76.6531,2023,1,0.0448,0.0971,-0.0481,747,29.81,27.31,32.81,,55.0,7.5,,,,2.5
Moradabad,Uttar Pradesh,28.8389,78.7769,2023,1,0.1498,0.0502,-0.1585,205,26.91,24.41,29.91,,55.0,7.5,,,,2.5
Tiruppur,Tamil NÄdu,11.1075,77.3398,2023,1,0.3165,-0.0695,-0.2822,305,27.15,25.208333333333332,35.5,15.6,62.428360215053765,7.9706048387096775,0.022473118279569892,11.11541,77.35456,1.9416666666666664
Jamnagar,GujarÄt,22.47,70.07,2023,1,0.2414,0.0606,-0.2907,21,31.61,29.11,34.61,,55.0,7.5,,,,2.5
Gurgaon,HaryÄna,28.4667,77.0333,2023,1,0.1439,-0.0791,-0.2028,224,26.72,24.22,29.72,,55.0,7.5,,,,2.5
Aligarh,Uttar Pradesh,27.88,78.08,2023,1,0.1862,-0.0084,-0.2254,190,26.9,13.301666666666666,25.8,2.9,77.90201612903226,8.30231182795699,0.043857526881720434,27.88145,78.07464,6.5
Jalandhar,Punjab,31.3256,75.5792,2023,1,0.0729,-0.0241,-0.0811,242,24.78,22.28,27.78,,55.0,7.5,,,,2.5
Bhubaneshwar,Odisha,20.295,85.825,2023,1,0.1598,-0.0447,-0.218,47,30.42,27.92,33.42,,55.0,7.5,,,,2.5
Bhayandar,MahÄrÄshtra,19.3,72.85,2023,1,0.2606,0.1432,-0.2777,9,32.85,30.35,35.85,,55.0,7.5,,,,2.5
Narela,Delhi,28.85,77.1,2023,1,0.2194,0.0289,-0.2649,212,24.52,22.02,27.52,,55.0,7.5,,,,2.5
Shishgarh,Uttar Pradesh,28.72,79.32,2023,1,0.4567,-0.0729,-0.4383,181,24.88,22.38,27.88,,55.0,7.5,,,,2.5
Thiruvananthapuram,Kerala,8.4875,76.9525,2023,1,-0.0026,-0.2696,0.0443,15,35.91,33.41,38.91,,55.0,7.5,,,,2.5
Dispur,Assam,26.15,91.77,2023,1,0.7411,-0.2639,-0.637,116,28.34,25.84,31.34,,55.0,7.5,,,,2.5
Durgapur,West Bengal,23.55,87.32,2023,1,0.2497,0.0789,-0.288,90,28.25,25.75,31.25,,55.0,7.5,,,,2.5
Bhiwandi,MahÄrÄshtra,19.3,73.0667,2023,1,0.0666,-0.0811,-0.1366,25,35.15,32.65,38.15,,55.0,7.5,,,,2.5
Saharanpur,Uttar Pradesh,29.964,77.546,2023,1,0.0733,0.0483,-0.0992,280,25.44,22.94,28.44,,55.0,7.5,,,,2.5
Shiliguri,West Bengal,26.72,88.42,2023,1,0.1301,0.1052,-0.1848,119,30.45,27.95,33.45,,55.0,7.5,,,,2.5
Avadi,Tamil NÄdu,13.1147,80.1098,2023,1,0.357,-0.0193,-0.3363,32,28.15,25.65,31.15,,55.0,7.5,,,,2.5
Salem,Tamil NÄdu,11.65,78.1667,2023,1,0.0974,0.0743,-0.1745,285,32.92,30.42,35.92,,55.0,7.5,,,,2.5
Jui,UttarÄkhand,29.67,78.9098,2023,1,0.8473,-0.2535,-0.771,890,20.73,18.23,23.73,,55.0,7.5,,,,2.5
Amaldu,UttarÄkhand,29.9333,78.5333,2023,1,0.6453,-0.0492,-0.64,1406,19.77,17.27,22.77,,55.0,7.5,,,,2.5
Kimsar,Jammu and KashmÄ«r,34.5,74.5333,2023,1,0.6205,-0.3046,-0.5757,3058,6.03,3.5300000000000002,9.030000000000001,,55.0,7.5,,,,2.5
Sinduri,HimÄchal Pradesh,30.7167,77.15,2023,1,0.6061,-0.0734,-0.6149,943,21.1,18.6,24.1,,55.0,7.5,,,,2.5
Gorakhpur,Uttar Pradesh,26.7611,83.3667,2023,1,0.0842,0.0374,-0.1318,84,28.05,25.55,31.05,,55.0,7.5,,,,2.5
Guntur,Andhra Pradesh,16.3,80.45,2023,1,0.2157,0.0216,-0.2584,34,32.43,29.93,35.43,,55.0,7.5,,,,2.5
Karaikandi,Assam,24.8309,92.6143,2023,1,0.8237,-0.3124,-0.7054,20,26.5,24.0,29.5,,55.0,7.5,,,,2.5
Mumbai,MahÄrÄshtra,19.0758,72.8775,2023,1,0.0538,0.0506,-0.1248,5,32.86,23.31008064516129,33.2,14.2,64.56397849462365,10.32875,0.001411290322580645,19.07283,72.88261,6.5
Kolkata,West Bengal,22.5675,88.37,2023,1,0.0705,0.0094,-0.1496,6,25.31,18.926102150537638,30.6,9.0,71.28346774193548,7.722836021505376,0.016223118279569893,22.56263,88.36304,6.383897849462361
Delhi,Delhi,28.66,77.23,2023,1,0.1737,-0.0209,-0.2373,219,20.88,18.38,23.88,,55.0,7.5,,,,2.5
Chennai,Tamil NÄdu,13.0825,80.275,2023,1,0.1002,0.2259,-0.0703,9,30.17,24.796142473118277,30.5,17.3,74.35887096774194,11.460672043010751,0.02995967741935484,13.08784,80.27847,5.373857526881725
Bangalore,KarnÄtaka,12.9791,77.5913,2023,1,0.3376,-0.0731,-0.3391,924,25.68,23.18,28.68,,55.0,7.5,,,,2.5
Ahmedabad,GujarÄt,23.0219,72.5797,2023,1,0.2939,-0.1159,-0.3441,52,26.31,23.81,29.31,,55.0,7.5,,,,2.5
Pune,MahÄrÄshtra,18.5211,73.8553,2023,1,0.2971,-0.074,-0.3156,554,27.23,24.73,30.23,,55.0,7.5,,,,2.5
Hyderabad,TelangÄna,17.3617,78.4747,2023,1,0.0799,0.1434,-0.1336,508,28.33,21.84111559139785,33.6,10.9,59.34206989247312,8.333333333333334,0.00836021505376344,17.38405,78.45636,6.48888440860215
Surat,GujarÄt,21.205,72.84,2023,1,0.1695,0.026,-0.2199,14,29.58,22.131034946236557,35.0,11.6,55.53709677419355,11.153575268817205,0.0017069892473118278,21.19594,72.83023,6.5
Prayagraj,Uttar Pradesh,25.45,81.85,2023,1,0.4077,-0.077,-0.3794,95,20.51,18.01,23.51,,55.0,7.5,,,,2.5
Kanpur,GujarÄt,24.285,72.6933,2023,1,0.4995,-0.0709,-0.5169,335,25.35,14.61231182795699,27.4,4.1,77.39435483870967,8.008198924731182,0.0314247311827957,26.46523,80.34975,6.5
Kanpur,Uttar Pradesh,26.4725,80.3311,2023,1,0.1277,0.0451,-0.1393,132,19.64,14.61231182795699,27.4,4.1,77.39435483870967,8.008198924731182,0.0314247311827957,26.46523,80.34975,5.02768817204301
Belahi,BihÄr,25.7167,86.4,2023,1,0.5197,-0.3152,-0.451,41,21.71,19.21,24.71,,55.0,7.5,,,,2.5
Vadodara,GujarÄt,22.3,73.2,2023,1,0.1105,-0.0571,-0.1392,38,28.11,20.783776881720428,33.5,8.6,55.36854838709677,8.284059139784947,0.004986559139784946,22.29941,73.20812,6.5
Nadampalaiyam,Tamil NÄdu,11.1793,77.376,2023,1,0.0708,-0.1072,-0.0309,318,30.19,27.69,33.19,,55.0,7.5,,,,2.5
Lucknow,Uttar Pradesh,26.847,80.947,2023,1,0.0938,0.0566,-0.1167,115,22.58,14.294059139784947,26.8,3.5,77.76411290322581,8.090174731182795,0.03786290322580645,26.83928,80.92313,6.5
Kannankulam,Kerala,10.4799,76.1131,2023,1,0.1733,-0.2821,-0.099,13,29.66,27.16,32.66,,55.0,7.5,,,,2.5
Mahuakheraganj,UttarÄkhand,29.13,78.95,2023,1,0.279,-0.0502,-0.2912,222,20.87,18.37,23.87,,55.0,7.5,,,,2.5
Nagla,UttarÄkhand,29.01,79.51,2023,1,0.4382,-0.0303,-0.4409,227,21.24,18.74,24.24,,55.0,7.5,,,,2.5
Jaipur,RÄjasthÄn,26.915,75.82,2023,1,0.519,-0.1193,-0.5284,441,22.01,14.308373655913979,28.1,2.7,62.82728494623656,8.242083333333333,0.02646505376344086,26.91962,75.78781,6.5
Kottarassheri,Kerala,10.6167,76.5333,2023,1,0.4719,0.053,-0.4751,147,28.01,25.51,31.01,,55.0,7.5,,,,2.5
Attadappa,Kerala,11.85,75.4167,2023,1,0.7363,-0.3085,-0.6432,37,30.17,27.67,33.17,,55.0,7.5,,,,2.5
Barmhan Kalan,Madhya Pradesh,23.0333,79.0167,2023,1,0.6654,-0.2036,-0.6024,337,22.9,20.4,25.9,,55.0,7.5,,,,2.5
Gorakhpur,ChhattÄ«sgarh,22.1688,81.6042,2023,1,0.2873,0.0613,-0.3374,305,24.54,22.04,27.54,,55.0,7.5,,,,2.5
Nagpur,MahÄrÄshtra,21.1497,79.0806,2023,1,0.3398,-0.1255,-0.3541,318,24.58,20.58133064516129,32.9,8.1,56.8377688172043,7.151948924731183,0.017419354838709676,21.14631,79.08491,3.9986693548387073
Guwahati,Assam,26.1806,91.7502,2023,1,0.0717,0.1571,-0.0957,57,23.23,17.49366935483871,27.5,8.4,77.26733870967742,6.03396505376344,0.020026881720430108,26.1844,91.7458,5.736330645161292
Ghaziabad,Uttar Pradesh,28.6667,77.4167,2023,1,0.1614,-0.0531,-0.1832,211,21.3,12.96893817204301,25.4,1.9,77.63467741935484,8.6725,0.047567204301075264,28.66535,77.43915,6.5
Coimbatore,Tamil NÄdu,11.0008,76.9633,2023,1,0.315,0.015,-0.2878,417,30.12,24.230967741935483,33.6,14.8,62.895161290322584,9.489314516129033,0.02720430107526882,11.00555,76.96612,5.889032258064518
Patna,BihÄr,25.61,85.1414,2023,1,0.0809,0.1421,-0.108,63,22.46,15.802849462365591,26.2,7.1,77.59919354838709,8.116397849462366,0.016922043010752688,25.59408,85.13563,6.5
Rajkot,GujarÄt,22.2969,70.7984,2023,1,0.0415,0.0732,-0.0669,134,27.93,25.43,30.93,,55.0,7.5,,,,2.5
Vishakhapatnam,Andhra Pradesh,17.6939,83.2922,2023,1,0.1767,0.0275,-0.1754,12,27.03,24.53,30.03,,55.0,7.5,,,,2.5
Indore,Madhya Pradesh,22.7186,75.855,2023,1,0.0728,0.093,-0.1982,553,25.24,17.89548387096774,31.2,6.2,60.325537634408605,8.858575268817205,0.015376344086021506,22.71792,75.8333,6.5
Abhepur,Punjab,30.6667,76.8333,2023,1,0.202,0.0069,-0.2384,311,19.25,16.75,22.25,,55.0,7.5,,,,2.5
Gumanwala,UttarÄkhand,29.9333,77.9,2023,1,0.2331,0.0319,-0.258,277,19.85,17.35,22.85,,55.0,7.5,,,,2.5
Thane,MahÄrÄshtra,19.18,72.9633,2023,1,0.6458,-0.2522,-0.5956,14,29.94,23.57021505376344,35.8,11.6,59.83736559139785,7.8694758064516135,0.001532258064516129,19.19704,72.96355,6.36978494623656
Bhopal,Madhya Pradesh,23.25,77.4167,2023,1,0.1243,0.0802,-0.1535,512,23.43,17.14024193548387,31.1,6.5,64.91505376344087,8.670887096774194,0.028830645161290323,23.25469,77.40289,6.289758064516128
Agra,Uttar Pradesh,27.18,78.02,2023,1,0.3061,0.0701,-0.3958,184,20.11,13.721250000000001,26.7,3.0,77.71774193548387,7.740376344086021,0.04491935483870967,27.18333,78.01667,6.388749999999998
Peyanvilai,Tamil NÄdu,8.5674,78.1046,2023,1,0.2176,-0.0938,-0.2114,8,30.76,28.26,33.760000000000005,,55.0,7.5,,,,2.5
Pimpri-Chinchwad,MahÄrÄshtra,18.6278,73.8131,2023,1,0.6194,-0.2181,-0.567,584,28.86,20.824341397849462,33.2,8.2,59.30846774193548,6.219892473118279,0.003306451612903226,18.61867,73.80375,6.5
Harbatpur,UttarÄkhand,30.45,77.73,2023,1,0.1385,0.1014,-0.1704,445,18.71,16.21,21.71,,55.0,7.5,,,,2.5
Saundhonwali,UttarÄkhand,30.3331,77.9608,2023,1,0.0704,0.0299,-0.1162,612,17.62,15.120000000000001,20.62,,55.0,7.5,,,,2.5
Ludhiana,Punjab,30.9083,75.8486,2023,1,0.2865,-0.0613,-0.3056,243,18.33,11.398319892473118,22.2,1.5,82.76639784946236,7.204583333333333,0.07833333333333332,30.91204,75.85379,6.5
Meerut,Uttar Pradesh,28.98,77.7064,2023,1,0.1089,0.0808,-0.1763,228,20.81,18.31,23.81,,55.0,7.5,,,,2.5
Madurai,Tamil NÄdu,9.9197,78.1194,2023,1,0.1018,0.1595,-0.1638,141,30.72,25.47190860215054,35.2,15.1,66.73131720430108,9.643709677419354,0.034784946236559144,9.919,78.11953,5.2480913978494605
Nasik,MahÄrÄshtra,20.0,73.7833,2023,1,0.1299,0.1007,-0.2,588,27.61,25.11,30.61,,55.0,7.5,,,,2.5
Faridabad,HaryÄna,28.4167,77.3,2023,1,0.2243,0.0391,-0.254,208,21.28,13.339932795698925,25.6,2.8,75.75255376344086,8.802217741935484,0.0397983870967742,28.41124,77.31316,6.5
Madarpur,BihÄr,26.227,84.6746,2023,1,0.1661,0.0327,-0.2296,69,21.83,19.33,24.83,,55.0,7.5,,,,2.5
Najafgarh,Delhi,28.6125,76.9847,2023,1,0.0862,0.0244,-0.1308,220,20.25,17.75,23.25,,55.0,7.5,,,,2.5
Jabalpur,Madhya Pradesh,23.1667,79.9333,2023,1,0.1524,0.1629,-0.2023,399,22.81,17.15013440860215,30.9,5.1,65.45712365591397,7.502379032258064,0.023911290322580644,23.16697,79.95006,5.65986559139785
Madanpur,UttarÄkhand,29.326,79.1537,2023,1,0.4893,-0.1125,-0.4614,315,21.17,18.67,24.17,,55.0,7.5,,,,2.5
Kamalwaganja Gaur,UttarÄkhand,29.2117,79.4654,2023,1,0.5569,-0.0603,-0.5406,383,21.21,18.71,24.21,,55.0,7.5,,,,2.5
Kalyan,MahÄrÄshtra,19.25,73.15,2023,1,0.2785,0.1423,-0.3084,10,30.34,27.84,33.34,,55.0,7.5,,,,2.5
Asansol,West Bengal,23.6833,86.9667,2023,1,0.1754,0.12,-0.1877,125,23.46,20.96,26.46,,55.0,7.5,,,,2.5
Vijayawada,Andhra Pradesh,16.5167,80.6167,2023,1,0.3423,-0.1471,-0.2875,27,27.6,24.579395161290325,34.7,14.9,70.73521505376344,6.980873655913978,0.01424731182795699,16.50745,80.6466,3.0206048387096764
Vasai-Virar,MahÄrÄshtra,19.47,72.8,2023,1,0.1303,0.1904,-0.1466,0,29.94,27.44,32.94,,55.0,7.5,,,,2.5
Varanasi,Uttar Pradesh,25.3189,83.0128,2023,1,0.2016,-0.0578,-0.2524,78,22.0,15.528897849462366,27.6,5.5,76.55483870967743,7.823266129032258,0.029704301075268818,25.31668,83.01041,6.471102150537634
Kalleli,Kerala,9.2,76.8833,2023,1,0.8045,-0.2351,-0.7104,133,27.02,24.52,30.02,,55.0,7.5,,,,2.5
Srinagar,Jammu and KashmÄ«r,34.0911,74.8061,2023,1,-0.0033,-0.208,-0.0118,1595,7.23,-1.7122043010752688,14.3,-16.6,66.40900537634408,4.477352150537635,0.19651881720430106,34.08565,74.80555,6.5
Aurangabad,MahÄrÄshtra,19.88,75.32,2023,1,0.3788,-0.0808,-0.3943,564,26.96,21.19081989247312,32.6,9.8,52.36438172043011,8.416451612903225,0.0035080645161290323,19.87757,75.34226,5.769180107526882
Dhanbad,JhÄrkhand,23.7928,86.435,2023,1,0.374,0.0113,-0.3754,245,23.12,17.05918010752688,30.5,6.0,67.77190860215053,7.728736559139786,0.01907258064516129,23.79759,86.42992,6.06081989247312
Amritsar,Punjab,31.6269,74.877,2023,1,0.0726,0.0,-0.1255,234,18.05,11.167325268817203,21.6,0.7,81.14543010752688,6.424623655913978,0.07563172043010753,31.62234,74.87534,6.5
Haora,West Bengal,22.58,88.3294,2023,1,0.1276,0.0923,-0.1311,12,23.49,20.99,26.49,,55.0,7.5,,,,2.5
Ranchi,JhÄrkhand,23.3556,85.3347,2023,1,0.4105,-0.0898,-0.3971,643,21.71,15.78606182795699,27.8,5.8,64.33212365591397,8.793723118279571,0.016209677419354838,23.34316,85.3094,5.923938172043011
Gwalior,Madhya Pradesh,26.2125,78.1775,2023,1,0.0941,0.1364,-0.1495,215,21.31,14.731962365591398,28.8,4.4,72.68924731182796,7.504677419354839,0.04174731182795699,26.22983,78.17337,6.5
Jodhpur,RÄjasthÄn,26.2944,73.0278,2023,1,0.1772,0.0533,-0.2369,251,24.28,16.466290322580644,29.5,4.3,51.160483870967745,10.243172043010752,0.007930107526881721,26.26841,73.00594,6.5
Chandigarh,ChandÄ«garh,30.7364,76.7883,2023,1,0.4033,-0.1334,-0.3768,349,18.61,12.27198924731183,23.4,3.0,74.95833333333333,8.758077956989247,0.08446236559139784,30.73629,76.7884,6.33801075268817
Raipur,ChhattÄ«sgarh,21.2379,81.6337,2023,1,0.0948,0.0812,-0.1563,309,25.0,19.693870967741933,32.1,7.6,60.54744623655914,6.05239247311828,0.011868279569892472,21.23333,81.63333,5.306129032258067
Warangal,TelangÄna,17.9756,79.6011,2023,1,0.1018,0.0757,-0.1594,269,27.76,25.26,30.76,,55.0,7.5,,,,2.5
Kota,RÄjasthÄn,25.18,75.83,2023,1,0.0256,-0.0327,-0.0457,230,22.42,16.201424731182797,30.9,4.0,65.39583333333333,6.7313575268817205,0.034408602150537634,25.18254,75.83907,6.2185752688172045
Bareilly,Uttar Pradesh,28.364,79.415,2023,1,0.0369,0.0559,-0.0598,180,21.3,13.398158602150538,26.2,2.7,79.68387096774194,8.500013440860215,0.04321236559139785,28.36678,79.43167,6.5
Solapur,MahÄrÄshtra,17.6703,75.9011,2023,1,0.2802,-0.0111,-0.3147,474,29.24,24.536250000000003,34.5,13.1,44.965860215053766,10.911586021505377,0.0020161290322580645,17.67152,75.91044,4.703749999999996
Hubli,KarnÄtaka,15.3108,75.0925,2023,1,0.2394,0.0857,-0.2936,618,30.55,28.05,33.55,,55.0,7.5,,,,2.5
Mysore,KarnÄtaka,12.3086,76.6531,2023,1,0.0326,0.0852,-0.0477,747,27.88,25.38,30.88,,55.0,7.5,,,,2.5
Trichinopoly,Tamil NÄdu,10.8269,78.6928,2023,1,0.2515,0.0351,-0.2627,74,30.72,28.22,33.72,,55.0,7.5,,,,2.5
Moradabad,Uttar Pradesh,28.8389,78.7769,2023,1,0.0781,0.0613,-0.0705,205,20.77,18.27,23.77,,55.0,7.5,,,,2.5
Tiruppur,Tamil NÄdu,11.1075,77.3398,2023,1,-0.0019,-0.0404,0.0418,305,31.32,25.208333333333332,35.5,15.6,62.428360215053765,7.9706048387096775,0.022473118279569892,11.11541,77.35456,6.111666666666668
Jamnagar,GujarÄt,22.47,70.07,2023,1,0.2778,0.0262,-0.2836,21,27.18,24.68,30.18,,55.0,7.5,,,,2.5
Gurgaon,HaryÄna,28.4667,77.0333,2023,1,0.1922,-0.0925,-0.227,224,20.44,17.94,23.44,,55.0,7.5,,,,2.5
Aligarh,Uttar Pradesh,27.88,78.08,2023,1,0.232,-0.0388,-0.2542,190,21.44,13.301666666666666,25.8,2.9,77.90201612903226,8.30231182795699,0.043857526881720434,27.88145,78.07464,6.5
Jalandhar,Punjab,31.3256,75.5792,2023,1,0.2064,-0.0377,-0.252,242,18.42,15.920000000000002,21.42,,55.0,7.5,,,,2.5
Bhubaneshwar,Odisha,20.295,85.825,2023,1,0.1333,-0.0187,-0.1782,47,26.47,23.97,29.47,,55.0,7.5,,,,2.5
Bhayandar,MahÄrÄshtra,19.3,72.85,2023,1,0.2847,0.13,-0.3301,9,30.78,28.28,33.78,,55.0,7.5,,,,2.5
Narela,Delhi,28.85,77.1,2023,1,0.2334,0.0627,-0.32,212,19.74,17.24,22.74,,55.0,7.5,,,,2.5
Shishgarh,Uttar Pradesh,28.72,79.32,2023,1,0.758,-0.4358,-0.6593,181,18.88,16.38,21.88,,55.0,7.5,,,,2.5
Thiruvananthapuram,Kerala,8.4875,76.9525,2023,1,0.06,0.075,-0.1265,15,35.37,32.87,38.37,,55.0,7.5,,,,2.5
Dispur,Assam,26.15,91.77,2023,1,0.6229,-0.1636,-0.5659,116,24.2,21.7,27.2,,55.0,7.5,,,,2.5
Durgapur,West Bengal,23.55,87.32,2023,1,0.2741,0.0486,-0.3071,90,22.87,20.37,25.87,,55.0,7.5,,,,2.5
Bhiwandi,MahÄrÄshtra,19.3,73.0667,2023,1,0.0712,-0.1007,-0.1567,25,32.94,30.439999999999998,35.94,,55.0,7.5,,,,2.5
Saharanpur,Uttar Pradesh,29.964,77.546,2023,1,0.0337,0.0487,-0.0693,280,19.89,17.39,22.89,,55.0,7.5,,,,2.5
Shiliguri,West Bengal,26.72,88.42,2023,1,0.1148,0.0529,-0.1247,119,25.26,22.76,28.26,,55.0,7.5,,,,2.5
Avadi,Tamil NÄdu,13.1147,80.1098,2023,1,0.1867,-0.0579,-0.1615,32,28.97,26.47,31.97,,55.0,7.5,,,,2.5
Salem,Tamil NÄdu,11.65,78.1667,2023,1,0.0407,0.0394,-0.0474,285,31.76,29.26,34.760000000000005,,55.0,7.5,,,,2.5
Jui,UttarÄkhand,29.67,78.9098,2023,1,0.8199,-0.1958,-0.7436,890,16.81,14.309999999999999,19.81,,55.0,7.5,,,,2.5
Amaldu,UttarÄkhand,29.9333,78.5333,2023,1,0.5033,0.047,-0.562,1406,15.64,13.14,18.64,,55.0,7.5,,,,2.5
Kimsar,Jammu and KashmÄ«r,34.5,74.5333,2023,1,0.682,-0.4135,-0.6481,3058,4.34,1.8399999999999999,7.34,,55.0,7.5,,,,2.5
Sinduri,HimÄchal Pradesh,30.7167,77.15,2023,1,0.4619,0.0178,-0.5066,943,17.22,14.719999999999999,20.22,,55.0,7.5,,,,2.5
Gorakhpur,Uttar Pradesh,26.7611,83.3667,2023,1,0.1307,0.0106,-0.1632,84,23.04,20.54,26.04,,55.0,7.5,,,,2.5
Guntur,Andhra Pradesh,16.3,80.45,2023,1,0.1012,-0.0181,-0.0928,34,30.05,27.55,33.05,,55.0,7.5,,,,2.5
Karaikandi,Assam,24.8309,92.6143,2023,1,0.5397,-0.2567,-0.4666,20,23.14,20.64,26.14,,55.0,7.5,,,,2.5
Mumbai,MahÄrÄshtra,19.0758,72.8775,2024,1,0.0616,0.0221,-0.1168,5,32.76,23.31008064516129,33.2,14.2,64.56397849462365,10.32875,0.001411290322580645,19.07283,72.88261,6.5
Kolkata,West Bengal,22.5675,88.37,2024,1,0.0646,-0.0001,-0.1126,6,24.12,18.926102150537638,30.6,9.0,71.28346774193548,7.722836021505376,0.016223118279569893,22.56263,88.36304,5.193897849462363
Delhi,Delhi,28.66,77.23,2024,1,0.0594,-0.0226,-0.0781,219,16.11,13.61,19.11,,55.0,7.5,,,,2.5
Chennai,Tamil NÄdu,13.0825,80.275,2024,1,0.1052,0.2581,-0.0771,9,31.0,24.796142473118277,30.5,17.3,74.35887096774194,11.460672043010751,0.02995967741935484,13.08784,80.27847,6.203857526881723
Bangalore,KarnÄtaka,12.9791,77.5913,2024,1,0.3298,-0.0975,-0.3478,924,27.5,25.0,30.5,,55.0,7.5,,,,2.5
Ahmedabad,GujarÄt,23.0219,72.5797,2024,1,0.2713,-0.0852,-0.3037,52,25.14,22.64,28.14,,55.0,7.5,,,,2.5
Pune,MahÄrÄshtra,18.5211,73.8553,2024,1,0.2069,-0.0447,-0.2268,554,28.23,25.73,31.23,,55.0,7.5,,,,2.5
Hyderabad,TelangÄna,17.3617,78.4747,2024,1,0.0903,0.1677,-0.1399,508,29.06,21.84111559139785,33.6,10.9,59.34206989247312,8.333333333333334,0.00836021505376344,17.38405,78.45636,6.5
Surat,GujarÄt,21.205,72.84,2024,1,0.168,0.0247,-0.2686,14,28.37,22.131034946236557,35.0,11.6,55.53709677419355,11.153575268817205,0.0017069892473118278,21.19594,72.83023,6.238965053763444
Prayagraj,Uttar Pradesh,25.45,81.85,2024,1,0.3564,-0.1293,-0.3418,95,11.34,8.84,14.34,,55.0,7.5,,,,2.5
Kanpur,GujarÄt,24.285,72.6933,2024,1,0.5261,-0.109,-0.5417,335,24.62,14.61231182795699,27.4,4.1,77.39435483870967,8.008198924731182,0.0314247311827957,26.46523,80.34975,6.5
Vadodara,GujarÄt,22.3,73.2,2024,1,0.2056,-0.0141,-0.2452,38,26.32,20.783776881720428,33.5,8.6,55.36854838709677,8.284059139784947,0.004986559139784946,22.29941,73.20812,5.5362231182795725
Nadampalaiyam,Tamil NÄdu,11.1793,77.376,2024,1,0.0906,0.0639,-0.1298,318,31.06,28.56,34.06,,55.0,7.5,,,,2.5
Kannankulam,Kerala,10.4799,76.1131,2024,1,0.5047,-0.1629,-0.4639,13,29.14,26.64,32.14,,55.0,7.5,,,,2.5
Nagla,UttarÄkhand,29.01,79.51,2024,1,-0.0024,-0.1379,0.0254,227,15.85,13.35,18.85,,55.0,7.5,,,,2.5
Jaipur,RÄjasthÄn,26.915,75.82,2024,1,0.5076,-0.104,-0.5251,441,18.48,14.308373655913979,28.1,2.7,62.82728494623656,8.242083333333333,0.02646505376344086,26.91962,75.78781,4.171626344086022
Kottarassheri,Kerala,10.6167,76.5333,2024,1,0.3563,0.1052,-0.4488,147,27.79,25.29,30.79,,55.0,7.5,,,,2.5
Attadappa,Kerala,11.85,75.4167,2024,1,0.5432,-0.3067,-0.4691,37,29.44,26.94,32.44,,55.0,7.5,,,,2.5
Barmhan Kalan,Madhya Pradesh,23.0333,79.0167,2024,1,0.5352,-0.2319,-0.4812,337,21.46,18.96,24.46,,55.0,7.5,,,,2.5
Gorakhpur,ChhattÄ«sgarh,22.1688,81.6042,2024,1,0.2656,0.0281,-0.3062,305,22.3,19.8,25.3,,55.0,7.5,,,,2.5
Nagpur,MahÄrÄshtra,21.1497,79.0806,2024,1,0.2325,-0.068,-0.2845,318,25.57,20.58133064516129,32.9,8.1,56.8377688172043,7.151948924731183,0.017419354838709676,21.14631,79.08491,4.988669354838709
Guwahati,Assam,26.1806,91.7502,2024,1,0.018,0.0033,0.0042,57,20.74,17.49366935483871,27.5,8.4,77.26733870967742,6.03396505376344,0.020026881720430108,26.1844,91.7458,3.24633064516129
Ghaziabad,Uttar Pradesh,28.6667,77.4167,2024,1,0.0085,-0.0815,-0.0091,211,18.45,12.96893817204301,25.4,1.9,77.63467741935484,8.6725,0.047567204301075264,28.66535,77.43915,5.481061827956989
Coimbatore,Tamil NÄdu,11.0008,76.9633,2024,1,0.3068,-0.0106,-0.2823,417,30.09,24.230967741935483,33.6,14.8,62.895161290322584,9.489314516129033,0.02720430107526882,11.00555,76.96612,5.859032258064516
Patna,BihÄr,25.61,85.1414,2024,1,0.0606,0.0577,-0.0986,63,19.33,15.802849462365591,26.2,7.1,77.59919354838709,8.116397849462366,0.016922043010752688,25.59408,85.13563,3.527150537634407
Rajkot,GujarÄt,22.2969,70.7984,2024,1,0.05,0.1675,-0.0823,134,26.41,23.91,29.41,,55.0,7.5,,,,2.5
Vishakhapatnam,Andhra Pradesh,17.6939,83.2922,2024,1,0.0568,0.0313,-0.0398,12,27.27,24.77,30.27,,55.0,7.5,,,,2.5
Indore,Madhya Pradesh,22.7186,75.855,2024,1,0.0725,0.1373,-0.174,553,24.76,17.89548387096774,31.2,6.2,60.325537634408605,8.858575268817205,0.015376344086021506,22.71792,75.8333,6.5
Abhepur,Punjab,30.6667,76.8333,2024,1,0.013,-0.0705,-0.0122,311,19.25,16.75,22.25,,55.0,7.5,,,,2.5
Thane,MahÄrÄshtra,19.18,72.9633,2024,1,0.411,-0.1173,-0.4342,14,30.18,23.57021505376344,35.8,11.6,59.83736559139785,7.8694758064516135,0.001532258064516129,19.19704,72.96355,6.5
Bhopal,Madhya Pradesh,23.25,77.4167,2024,1,0.1138,0.1136,-0.1752,512,22.23,17.14024193548387,31.1,6.5,64.91505376344087,8.670887096774194,0.028830645161290323,23.25469,77.40289,5.089758064516129
Agra,Uttar Pradesh,27.18,78.02,2024,1,0.1962,0.094,-0.2828,184,16.47,13.721250000000001,26.7,3.0,77.71774193548387,7.740376344086021,0.04491935483870967,27.18333,78.01667,2.7487499999999976
Peyanvilai,Tamil NÄdu,8.5674,78.1046,2024,1,0.1919,0.0438,-0.2245,8,27.9,25.4,30.9,,55.0,7.5,,,,2.5
Pimpri-Chinchwad,MahÄrÄshtra,18.6278,73.8131,2024,1,0.3751,-0.1202,-0.3569,584,28.5,20.824341397849462,33.2,8.2,59.30846774193548,6.219892473118279,0.003306451612903226,18.61867,73.80375,6.5
Harbatpur,UttarÄkhand,30.45,77.73,2024,1,0.1554,0.0732,-0.1808,445,15.64,13.14,18.64,,55.0,7.5,,,,2.5
Saundhonwali,UttarÄkhand,30.3331,77.9608,2024,1,0.0559,0.0141,-0.1262,612,16.1,13.600000000000001,19.1,,55.0,7.5,,,,2.5
Ludhiana,Punjab,30.9083,75.8486,2024,1,0.0916,-0.0718,-0.0886,243,13.91,11.398319892473118,22.2,1.5,82.76639784946236,7.204583333333333,0.07833333333333332,30.91204,75.85379,2.5116801075268818
Meerut,Uttar Pradesh,28.98,77.7064,2024,1,0.0683,0.0771,-0.1137,228,15.89,13.39,18.89,,55.0,7.5,,,,2.5
Madurai,Tamil NÄdu,9.9197,78.1194,2024,1,0.1184,0.2812,-0.3236,141,32.07,25.47190860215054,35.2,15.1,66.73131720430108,9.643709677419354,0.034784946236559144,9.919,78.11953,6.5
Nasik,MahÄrÄshtra,20.0,73.7833,2024,1,0.1137,0.0913,-0.1815,588,27.22,24.72,30.22,,55.0,7.5,,,,2.5
Faridabad,HaryÄna,28.4167,77.3,2024,1,0.138,-0.0032,-0.1609,208,17.58,13.339932795698925,25.6,2.8,75.75255376344086,8.802217741935484,0.0397983870967742,28.41124,77.31316,4.240067204301074
Madarpur,BihÄr,26.227,84.6746,2024,1,0.1477,-0.0537,-0.149,69,18.31,15.809999999999999,21.31,,55.0,7.5,,,,2.5
Najafgarh,Delhi,28.6125,76.9847,2024,1,0.0084,-0.0518,-0.0162,220,17.41,14.91,20.41,,55.0,7.5,,,,2.5
Jabalpur,Madhya Pradesh,23.1667,79.9333,2024,1,0.1342,0.0687,-0.1712,399,23.1,17.15013440860215,30.9,5.1,65.45712365591397,7.502379032258064,0.023911290322580644,23.16697,79.95006,5.949865591397852
Madanpur,UttarÄkhand,29.326,79.1537,2024,1,0.1405,-0.1396,-0.0931,315,15.9,13.4,18.9,,55.0,7.5,,,,2.5
Kamalwaganja Gaur,UttarÄkhand,29.2117,79.4654,2024,1,0.3396,-0.0547,-0.3136,383,15.34,12.84,18.34,,55.0,7.5,,,,2.5
Kalyan,MahÄrÄshtra,19.25,73.15,2024,1,0.2468,0.1278,-0.29,10,30.39,27.89,33.39,,55.0,7.5,,,,2.5
Asansol,West Bengal,23.6833,86.9667,2024,1,0.1208,0.0705,-0.1382,125,21.24,18.74,24.24,,55.0,7.5,,,,2.5
Vijayawada,Andhra Pradesh,16.5167,80.6167,2024,1,0.1164,-0.1141,-0.0763,27,26.98,24.579395161290325,34.7,14.9,70.73521505376344,6.980873655913978,0.01424731182795699,16.50745,80.6466,2.4006048387096754
Vasai-Virar,MahÄrÄshtra,19.47,72.8,2024,1,0.102,0.1996,-0.1683,0,29.91,27.41,32.91,,55.0,7.5,,,,2.5
Varanasi,Uttar Pradesh,25.3189,83.0128,2024,1,0.0308,-0.0295,-0.0304,78,19.77,15.528897849462366,27.6,5.5,76.55483870967743,7.823266129032258,0.029704301075268818,25.31668,83.01041,4.241102150537634
Kalleli,Kerala,9.2,76.8833,2024,1,0.7384,-0.1675,-0.7025,133,29.73,27.23,32.730000000000004,,55.0,7.5,,,,2.5
Srinagar,Jammu and KashmÄ«r,34.0911,74.8061,2024,1,-0.0161,0.0239,0.0304,1595,7.18,-1.7122043010752688,14.3,-16.6,66.40900537634408,4.477352150537635,0.19651881720430106,34.08565,74.80555,6.5
Aurangabad,MahÄrÄshtra,19.88,75.32,2024,1,0.3591,-0.0743,-0.3798,564,27.99,21.19081989247312,32.6,9.8,52.36438172043011,8.416451612903225,0.0035080645161290323,19.87757,75.34226,6.5
Dhanbad,JhÄrkhand,23.7928,86.435,2024,1,0.3257,0.0299,-0.3238,245,21.12,17.05918010752688,30.5,6.0,67.77190860215053,7.728736559139786,0.01907258064516129,23.79759,86.42992,4.06081989247312
Amritsar,Punjab,31.6269,74.877,2024,1,0.0762,-0.0358,-0.1306,234,15.81,11.167325268817203,21.6,0.7,81.14543010752688,6.424623655913978,0.07563172043010753,31.62234,74.87534,4.642674731182797
Haora,West Bengal,22.58,88.3294,2024,1,0.0717,0.0779,-0.0954,12,21.48,18.98,24.48,,55.0,7.5,,,,2.5
Ranchi,JhÄrkhand,23.3556,85.3347,2024,1,0.3398,0.015,-0.3495,643,22.01,15.78606182795699,27.8,5.8,64.33212365591397,8.793723118279571,0.016209677419354838,23.34316,85.3094,6.223938172043011
Gwalior,Madhya Pradesh,26.2125,78.1775,2024,1,0.0878,0.0929,-0.2054,215,18.43,14.731962365591398,28.8,4.4,72.68924731182796,7.504677419354839,0.04174731182795699,26.22983,78.17337,3.6980376344086014
Jodhpur,RÄjasthÄn,26.2944,73.0278,2024,1,0.177,0.0444,-0.2305,251,21.56,16.466290322580644,29.5,4.3,51.160483870967745,10.243172043010752,0.007930107526881721,26.26841,73.00594,5.093709677419355
Chandigarh,ChandÄ«garh,30.7364,76.7883,2024,1,0.0115,-0.0892,0.004,349,15.72,12.27198924731183,23.4,3.0,74.95833333333333,8.758077956989247,0.08446236559139784,30.73629,76.7884,3.4480107526881714
Raipur,ChhattÄ«sgarh,21.2379,81.6337,2024,1,0.096,-0.0003,-0.1057,309,26.26,19.693870967741933,32.1,7.6,60.54744623655914,6.05239247311828,0.011868279569892472,21.23333,81.63333,6.5
Warangal,TelangÄna,17.9756,79.6011,2024,1,0.0564,0.0902,-0.1189,269,28.11,25.61,31.11,,55.0,7.5,,,,2.5
Kota,RÄjasthÄn,25.18,75.83,2024,1,0.0905,0.0056,-0.1198,230,20.86,16.201424731182797,30.9,4.0,65.39583333333333,6.7313575268817205,0.034408602150537634,25.18254,75.83907,4.658575268817202
Solapur,MahÄrÄshtra,17.6703,75.9011,2024,1,0.2438,0.0033,-0.2852,474,29.71,24.536250000000003,34.5,13.1,44.965860215053766,10.911586021505377,0.0020161290322580645,17.67152,75.91044,5.173749999999998
Hubli,KarnÄtaka,15.3108,75.0925,2024,1,0.2108,0.086,-0.2813,618,30.8,28.3,33.8,,55.0,7.5,,,,2.5
Mysore,KarnÄtaka,12.3086,76.6531,2024,1,0.0495,0.0924,-0.0909,747,29.64,27.14,32.64,,55.0,7.5,,,,2.5
Trichinopoly,Tamil NÄdu,10.8269,78.6928,2024,1,0.2358,-0.0592,-0.2673,74,29.03,26.53,32.03,,55.0,7.5,,,,2.5
Tiruppur,Tamil NÄdu,11.1075,77.3398,2024,1,0.1628,-0.0003,-0.1465,305,31.92,25.208333333333332,35.5,15.6,62.428360215053765,7.9706048387096775,0.022473118279569892,11.11541,77.35456,6.5
Jamnagar,GujarÄt,22.47,70.07,2024,1,0.2594,0.0577,-0.2797,21,26.27,23.77,29.27,,55.0,7.5,,,,2.5
Gurgaon,HaryÄna,28.4667,77.0333,2024,1,0.1178,-0.0891,-0.1462,224,16.4,13.899999999999999,19.4,,55.0,7.5,,,,2.5
Aligarh,Uttar Pradesh,27.88,78.08,2024,1,0.1712,0.023,-0.2123,190,17.11,13.301666666666666,25.8,2.9,77.90201612903226,8.30231182795699,0.043857526881720434,27.88145,78.07464,3.8083333333333336
Jalandhar,Punjab,31.3256,75.5792,2024,1,0.0343,-0.0799,-0.0232,242,13.91,11.41,16.91,,55.0,7.5,,,,2.5
Bhubaneshwar,Odisha,20.295,85.825,2024,1,0.1631,-0.0794,-0.2088,47,26.84,24.34,29.84,,55.0,7.5,,,,2.5
Bhayandar,MahÄrÄshtra,19.3,72.85,2024,1,0.2292,0.125,-0.262,9,30.63,28.13,33.629999999999995,,55.0,7.5,,,,2.5
Thiruvananthapuram,Kerala,8.4875,76.9525,2024,1,0.065,0.0746,-0.1244,15,34.42,31.92,37.42,,55.0,7.5,,,,2.5
Dispur,Assam,26.15,91.77,2024,1,0.1884,-0.0947,-0.146,116,21.24,18.74,24.24,,55.0,7.5,,,,2.5
Durgapur,West Bengal,23.55,87.32,2024,1,0.1744,0.0214,-0.1571,90,21.04,18.54,24.04,,55.0,7.5,,,,2.5
Bhiwandi,MahÄrÄshtra,19.3,73.0667,2024,1,0.0688,-0.0663,-0.1593,25,33.45,30.950000000000003,36.45,,55.0,7.5,,,,2.5
Shiliguri,West Bengal,26.72,88.42,2024,1,0.1403,0.0697,-0.1636,119,22.17,19.67,25.17,,55.0,7.5,,,,2.5
Avadi,Tamil NÄdu,13.1147,80.1098,2024,1,0.2554,-0.0184,-0.2253,32,29.4,26.9,32.4,,55.0,7.5,,,,2.5
Salem,Tamil NÄdu,11.65,78.1667,2024,1,0.0695,0.1042,-0.1797,285,31.42,28.92,34.42,,55.0,7.5,,,,2.5
Jui,UttarÄkhand,29.67,78.9098,2024,1,0.7975,-0.1659,-0.7178,890,15.39,12.89,18.39,,55.0,7.5,,,,2.5
Amaldu,UttarÄkhand,29.9333,78.5333,2024,1,0.3759,0.1191,-0.482,1406,14.62,12.12,17.619999999999997,,55.0,7.5,,,,2.5
Kimsar,Jammu and KashmÄ«r,34.5,74.5333,2024,1,0.6997,-0.4136,-0.6656,3058,3.21,0.71,6.21,,55.0,7.5,,,,2.5
Sinduri,HimÄchal Pradesh,30.7167,77.15,2024,1,0.3291,0.1068,-0.4117,943,16.53,14.030000000000001,19.53,,55.0,7.5,,,,2.5
Gorakhpur,Uttar Pradesh,26.7611,83.3667,2024,1,0.0396,0.0163,-0.048,84,20.65,18.15,23.65,,55.0,7.5,,,,2.5
Guntur,Andhra Pradesh,16.3,80.45,2024,1,0.154,0.0434,-0.1456,34,30.67,28.17,33.67,,55.0,7.5,,,,2.5
Karaikandi,Assam,24.8309,92.6143,2024,1,0.4828,-0.2115,-0.4393,20,21.3,18.8,24.3,,55.0,7.5,,,,2.5
Mumbai,MahÄrÄshtra,19.0758,72.8775,2024,1,0.0632,0.0561,-0.1252,5,35.05,23.31008064516129,33.2,14.2,64.56397849462365,10.32875,0.001411290322580645,19.07283,72.88261,6.5
Kolkata,West Bengal,22.5675,88.37,2024,1,0.0635,0.0315,-0.1318,6,29.21,18.926102150537638,30.6,9.0,71.28346774193548,7.722836021505376,0.016223118279569893,22.56263,88.36304,6.5
Delhi,Delhi,28.66,77.23,2024,1,0.104,0.0284,-0.1133,219,22.46,19.96,25.46,,55.0,7.5,,,,2.5
Chennai,Tamil NÄdu,13.0825,80.275,2024,1,0.0929,0.2133,-0.0885,9,33.42,24.796142473118277,30.5,17.3,74.35887096774194,11.460672043010751,0.02995967741935484,13.08784,80.27847,6.5
Bangalore,KarnÄtaka,12.9791,77.5913,2024,1,0.3055,-0.0504,-0.3492,924,30.99,28.49,33.989999999999995,,55.0,7.5,,,,2.5
Ahmedabad,GujarÄt,23.0219,72.5797,2024,1,0.2575,-0.0179,-0.3048,52,29.38,26.88,32.379999999999995,,55.0,7.5,,,,2.5
Pune,MahÄrÄshtra,18.5211,73.8553,2024,1,0.2955,-0.0174,-0.3059,554,31.94,29.44,34.94,,55.0,7.5,,,,2.5
Hyderabad,TelangÄna,17.3617,78.4747,2024,1,0.1079,0.1969,-0.2284,508,32.62,21.84111559139785,33.6,10.9,59.34206989247312,8.333333333333334,0.00836021505376344,17.38405,78.45636,6.5
Surat,GujarÄt,21.205,72.84,2024,1,0.1479,0.0517,-0.2034,14,32.65,22.131034946236557,35.0,11.6,55.53709677419355,11.153575268817205,0.0017069892473118278,21.19594,72.83023,6.5
Prayagraj,Uttar Pradesh,25.45,81.85,2024,1,0.3105,-0.0365,-0.2951,95,23.35,20.85,26.35,,55.0,7.5,,,,2.5
Kanpur,GujarÄt,24.285,72.6933,2024,1,0.4427,-0.0626,-0.4672,335,27.85,14.61231182795699,27.4,4.1,77.39435483870967,8.008198924731182,0.0314247311827957,26.46523,80.34975,6.5
Kanpur,Uttar Pradesh,26.4725,80.3311,2024,1,0.1178,0.0437,-0.1786,132,23.93,14.61231182795699,27.4,4.1,77.39435483870967,8.008198924731182,0.0314247311827957,26.46523,80.34975,6.5
Belahi,BihÄr,25.7167,86.4,2024,1,0.3017,-0.0156,-0.2795,41,21.82,19.32,24.82,,55.0,7.5,,,,2.5
Vadodara,GujarÄt,22.3,73.2,2024,1,0.1856,0.0266,-0.21,38,31.04,20.783776881720428,33.5,8.6,55.36854838709677,8.284059139784947,0.004986559139784946,22.29941,73.20812,6.5
Nadampalaiyam,Tamil NÄdu,11.1793,77.376,2024,1,0.0977,0.063,-0.1562,318,34.17,31.67,37.17,,55.0,7.5,,,,2.5
Lucknow,Uttar Pradesh,26.847,80.947,2024,1,0.0899,0.0933,-0.1457,115,23.88,14.294059139784947,26.8,3.5,77.76411290322581,8.090174731182795,0.03786290322580645,26.83928,80.92313,6.5
Kannankulam,Kerala,10.4799,76.1131,2024,1,0.4411,-0.1497,-0.413,13,31.58,29.08,34.58,,55.0,7.5,,,,2.5
Mahuakheraganj,UttarÄkhand,29.13,78.95,2024,1,0.3703,-0.1413,-0.3832,222,19.26,16.76,22.26,,55.0,7.5,,,,2.5
Nagla,UttarÄkhand,29.01,79.51,2024,1,0.5417,-0.3273,-0.4377,227,20.77,18.27,23.77,,55.0,7.5,,,,2.5
Jaipur,RÄjasthÄn,26.915,75.82,2024,1,0.5263,-0.1234,-0.5548,441,24.46,14.308373655913979,28.1,2.7,62.82728494623656,8.242083333333333,0.02646505376344086,26.91962,75.78781,6.5
Kottarassheri,Kerala,10.6167,76.5333,2024,1,0.2624,0.1625,-0.3704,147,30.79,28.29,33.79,,55.0,7.5,,,,2.5
Attadappa,Kerala,11.85,75.4167,2024,1,0.7705,-0.3087,-0.6899,37,32.28,29.78,35.28,,55.0,7.5,,,,2.5
Barmhan Kalan,Madhya Pradesh,23.0333,79.0167,2024,1,0.6782,-0.1525,-0.6274,337,25.85,23.35,28.85,,55.0,7.5,,,,2.5
Gorakhpur,ChhattÄ«sgarh,22.1688,81.6042,2024,1,0.2538,0.061,-0.3212,305,27.79,25.29,30.79,,55.0,7.5,,,,2.5
Nagpur,MahÄrÄshtra,21.1497,79.0806,2024,1,0.2373,-0.0476,-0.2854,318,29.88,20.58133064516129,32.9,8.1,56.8377688172043,7.151948924731183,0.017419354838709676,21.14631,79.08491,6.5
Guwahati,Assam,26.1806,91.7502,2024,1,-0.0674,-0.021,0.111,57,23.56,17.49366935483871,27.5,8.4,77.26733870967742,6.03396505376344,0.020026881720430108,26.1844,91.7458,6.06633064516129
Ghaziabad,Uttar Pradesh,28.6667,77.4167,2024,1,0.128,-0.1025,-0.1131,211,22.65,12.96893817204301,25.4,1.9,77.63467741935484,8.6725,0.047567204301075264,28.66535,77.43915,6.5
Coimbatore,Tamil NÄdu,11.0008,76.9633,2024,1,0.3156,0.0207,-0.3175,417,32.84,24.230967741935483,33.6,14.8,62.895161290322584,9.489314516129033,0.02720430107526882,11.00555,76.96612,6.5
Patna,BihÄr,25.61,85.1414,2024,1,0.0838,0.1743,-0.1328,63,24.04,15.802849462365591,26.2,7.1,77.59919354838709,8.116397849462366,0.016922043010752688,25.59408,85.13563,6.5
Rajkot,GujarÄt,22.2969,70.7984,2024,1,0.072,0.2454,-0.1123,134,30.87,28.37,33.870000000000005,,55.0,7.5,,,,2.5
Vishakhapatnam,Andhra Pradesh,17.6939,83.2922,2024,1,0.1877,0.1137,-0.2809,12,31.11,28.61,34.11,,55.0,7.5,,,,2.5
Indore,Madhya Pradesh,22.7186,75.855,2024,1,0.0657,0.1782,-0.1865,553,28.7,17.89548387096774,31.2,6.2,60.325537634408605,8.858575268817205,0.015376344086021506,22.71792,75.8333,6.5
Abhepur,Punjab,30.6667,76.8333,2024,1,0.0941,0.003,-0.1446,311,20.76,18.26,23.76,,55.0,7.5,,,,2.5
Gumanwala,UttarÄkhand,29.9333,77.9,2024,1,0.6891,-0.3169,-0.6467,277,18.92,16.42,21.92,,55.0,7.5,,,,2.5
Thane,MahÄrÄshtra,19.18,72.9633,2024,1,0.3371,-0.052,-0.378,14,32.74,23.57021505376344,35.8,11.6,59.83736559139785,7.8694758064516135,0.001532258064516129,19.19704,72.96355,6.5
Bhopal,Madhya Pradesh,23.25,77.4167,2024,1,0.0943,0.1181,-0.13,512,25.84,17.14024193548387,31.1,6.5,64.91505376344087,8.670887096774194,0.028830645161290323,23.25469,77.40289,6.5
Agra,Uttar Pradesh,27.18,78.02,2024,1,0.2704,0.1113,-0.3865,184,22.45,13.721250000000001,26.7,3.0,77.71774193548387,7.740376344086021,0.04491935483870967,27.18333,78.01667,6.5
Peyanvilai,Tamil NÄdu,8.5674,78.1046,2024,1,0.2262,0.0429,-0.2669,8,29.52,27.02,32.519999999999996,,55.0,7.5,,,,2.5
Pimpri-Chinchwad,MahÄrÄshtra,18.6278,73.8131,2024,1,0.5284,-0.1122,-0.5122,584,32.95,20.824341397849462,33.2,8.2,59.30846774193548,6.219892473118279,0.003306451612903226,18.61867,73.80375,6.5
Harbatpur,UttarÄkhand,30.45,77.73,2024,1,0.1511,-0.2424,-0.115,445,18.6,16.1,21.6,,55.0,7.5,,,,2.5
Saundhonwali,UttarÄkhand,30.3331,77.9608,2024,1,-0.0092,-0.1065,0.0047,612,19.54,17.04,22.54,,55.0,7.5,,,,2.5
Ludhiana,Punjab,30.9083,75.8486,2024,1,0.2592,-0.0345,-0.2755,243,20.69,11.398319892473118,22.2,1.5,82.76639784946236,7.204583333333333,0.07833333333333332,30.91204,75.85379,6.5
Meerut,Uttar Pradesh,28.98,77.7064,2024,1,0.1085,0.0522,-0.1756,228,21.97,19.47,24.97,,55.0,7.5,,,,2.5
Madurai,Tamil NÄdu,9.9197,78.1194,2024,1,0.1359,0.2471,-0.3089,141,34.06,25.47190860215054,35.2,15.1,66.73131720430108,9.643709677419354,0.034784946236559144,9.919,78.11953,6.5
Nasik,MahÄrÄshtra,20.0,73.7833,2024,1,0.1081,0.102,-0.1869,588,31.2,28.7,34.2,,55.0,7.5,,,,2.5
Faridabad,HaryÄna,28.4167,77.3,2024,1,0.2015,0.0635,-0.2228,208,22.9,13.339932795698925,25.6,2.8,75.75255376344086,8.802217741935484,0.0397983870967742,28.41124,77.31316,6.5
Madarpur,BihÄr,26.227,84.6746,2024,1,0.1319,0.0099,-0.147,69,22.22,19.72,25.22,,55.0,7.5,,,,2.5
Najafgarh,Delhi,28.6125,76.9847,2024,1,0.1008,0.048,-0.1629,220,22.2,19.7,25.2,,55.0,7.5,,,,2.5
Jabalpur,Madhya Pradesh,23.1667,79.9333,2024,1,0.1471,0.1025,-0.1834,399,27.2,17.15013440860215,30.9,5.1,65.45712365591397,7.502379032258064,0.023911290322580644,23.16697,79.95006,6.5
Madanpur,UttarÄkhand,29.326,79.1537,2024,1,0.6248,-0.1948,-0.6105,315,20.39,17.89,23.39,,55.0,7.5,,,,2.5
Kamalwaganja Gaur,UttarÄkhand,29.2117,79.4654,2024,1,0.4385,0.0461,-0.4876,383,20.73,18.23,23.73,,55.0,7.5,,,,2.5
Kalyan,MahÄrÄshtra,19.25,73.15,2024,1,0.1843,0.1273,-0.2236,10,33.57,31.07,36.57,,55.0,7.5,,,,2.5
Asansol,West Bengal,23.6833,86.9667,2024,1,0.1736,0.1365,-0.2238,125,26.18,23.68,29.18,,55.0,7.5,,,,2.5
Vijayawada,Andhra Pradesh,16.5167,80.6167,2024,1,0.2836,-0.0927,-0.2276,27,30.15,24.579395161290325,34.7,14.9,70.73521505376344,6.980873655913978,0.01424731182795699,16.50745,80.6466,5.570604838709674
Vasai-Virar,MahÄrÄshtra,19.47,72.8,2024,1,0.1153,0.1498,-0.1516,0,33.58,31.08,36.58,,55.0,7.5,,,,2.5
Varanasi,Uttar Pradesh,25.3189,83.0128,2024,1,-0.1434,0.1303,0.0519,78,23.02,15.528897849462366,27.6,5.5,76.55483870967743,7.823266129032258,0.029704301075268818,25.31668,83.01041,6.5
Kalleli,Kerala,9.2,76.8833,2024,1,0.8076,-0.24,-0.6733,133,32.04,29.54,35.04,,55.0,7.5,,,,2.5
Srinagar,Jammu and KashmÄ«r,34.0911,74.8061,2024,1,0.0954,0.1201,-0.1057,1595,11.23,-1.7122043010752688,14.3,-16.6,66.40900537634408,4.477352150537635,0.19651881720430106,34.08565,74.80555,6.5
Aurangabad,MahÄrÄshtra,19.88,75.32,2024,1,0.3012,-0.011,-0.3466,564,31.91,21.19081989247312,32.6,9.8,52.36438172043011,8.416451612903225,0.0035080645161290323,19.87757,75.34226,6.5
Dhanbad,JhÄrkhand,23.7928,86.435,2024,1,0.2785,0.0734,-0.3023,245,26.72,17.05918010752688,30.5,6.0,67.77190860215053,7.728736559139786,0.01907258064516129,23.79759,86.42992,6.5
Amritsar,Punjab,31.6269,74.877,2024,1,0.0865,-0.0403,-0.1694,234,20.21,11.167325268817203,21.6,0.7,81.14543010752688,6.424623655913978,0.07563172043010753,31.62234,74.87534,6.5
Haora,West Bengal,22.58,88.3294,2024,1,0.1781,0.0948,-0.2839,12,26.8,24.3,29.8,,55.0,7.5,,,,2.5
Ranchi,JhÄrkhand,23.3556,85.3347,2024,1,0.3421,0.0324,-0.3384,643,25.44,15.78606182795699,27.8,5.8,64.33212365591397,8.793723118279571,0.016209677419354838,23.34316,85.3094,6.5
Gwalior,Madhya Pradesh,26.2125,78.1775,2024,1,0.1034,0.0941,-0.2114,215,25.22,14.731962365591398,28.8,4.4,72.68924731182796,7.504677419354839,0.04174731182795699,26.22983,78.17337,6.5
Jodhpur,RÄjasthÄn,26.2944,73.0278,2024,1,0.1827,0.047,-0.2374,251,26.53,16.466290322580644,29.5,4.3,51.160483870967745,10.243172043010752,0.007930107526881721,26.26841,73.00594,6.5
Chandigarh,ChandÄ«garh,30.7364,76.7883,2024,1,0.4217,-0.0931,-0.4178,349,20.54,12.27198924731183,23.4,3.0,74.95833333333333,8.758077956989247,0.08446236559139784,30.73629,76.7884,6.5
Raipur,ChhattÄ«sgarh,21.2379,81.6337,2024,1,0.1048,0.0799,-0.1603,309,30.44,19.693870967741933,32.1,7.6,60.54744623655914,6.05239247311828,0.011868279569892472,21.23333,81.63333,6.5
Warangal,TelangÄna,17.9756,79.6011,2024,1,0.0632,0.1165,-0.1488,269,30.91,28.41,33.91,,55.0,7.5,,,,2.5
Kota,RÄjasthÄn,25.18,75.83,2024,1,0.1077,-0.0114,-0.1327,230,25.28,16.201424731182797,30.9,4.0,65.39583333333333,6.7313575268817205,0.034408602150537634,25.18254,75.83907,6.5
Bareilly,Uttar Pradesh,28.364,79.415,2024,1,0.0392,0.1338,-0.082,180,21.84,13.398158602150538,26.2,2.7,79.68387096774194,8.500013440860215,0.04321236559139785,28.36678,79.43167,6.5
Solapur,MahÄrÄshtra,17.6703,75.9011,2024,1,0.1642,0.0406,-0.2226,474,34.11,24.536250000000003,34.5,13.1,44.965860215053766,10.911586021505377,0.0020161290322580645,17.67152,75.91044,6.5
Hubli,KarnÄtaka,15.3108,75.0925,2024,1,0.1828,0.0976,-0.2705,618,35.57,33.07,38.57,,55.0,7.5,,,,2.5
Mysore,KarnÄtaka,12.3086,76.6531,2024,1,0.0814,0.164,-0.1566,747,32.38,29.880000000000003,35.38,,55.0,7.5,,,,2.5
Trichinopoly,Tamil NÄdu,10.8269,78.6928,2024,1,0.2435,0.0315,-0.2855,74,33.34,30.840000000000003,36.34,,55.0,7.5,,,,2.5
Moradabad,Uttar Pradesh,28.8389,78.7769,2024,1,0.1129,0.0998,-0.1349,205,20.96,18.46,23.96,,55.0,7.5,,,,2.5
Tiruppur,Tamil NÄdu,11.1075,77.3398,2024,1,0.2257,0.033,-0.2068,305,34.05,25.208333333333332,35.5,15.6,62.428360215053765,7.9706048387096775,0.022473118279569892,11.11541,77.35456,6.5
Jamnagar,GujarÄt,22.47,70.07,2024,1,0.232,0.12,-0.2799,21,30.75,28.25,33.75,,55.0,7.5,,,,2.5
Gurgaon,HaryÄna,28.4667,77.0333,2024,1,0.1608,-0.0698,-0.1977,224,21.84,19.34,24.84,,55.0,7.5,,,,2.5
Aligarh,Uttar Pradesh,27.88,78.08,2024,1,0.1582,-0.0328,-0.1924,190,22.28,13.301666666666666,25.8,2.9,77.90201612903226,8.30231182795699,0.043857526881720434,27.88145,78.07464,6.5
Jalandhar,Punjab,31.3256,75.5792,2024,1,0.1589,-0.0115,-0.2111,242,19.99,17.49,22.99,,55.0,7.5,,,,2.5
Bhubaneshwar,Odisha,20.295,85.825,2024,1,0.119,0.0069,-0.1703,47,31.08,28.58,34.08,,55.0,7.5,,,,2.5
Bhayandar,MahÄrÄshtra,19.3,72.85,2024,1,0.1865,0.1406,-0.2307,9,33.01,30.509999999999998,36.01,,55.0,7.5,,,,2.5
Narela,Delhi,28.85,77.1,2024,1,0.2038,0.0591,-0.2873,212,20.33,17.83,23.33,,55.0,7.5,,,,2.5
Shishgarh,Uttar Pradesh,28.72,79.32,2024,1,0.861,-0.4929,-0.7782,181,19.5,17.0,22.5,,55.0,7.5,,,,2.5
Thiruvananthapuram,Kerala,8.4875,76.9525,2024,1,0.0568,0.0583,-0.0792,15,35.45,32.95,38.45,,55.0,7.5,,,,2.5
Dispur,Assam,26.15,91.77,2024,1,-0.0306,0.0408,0.0391,116,24.76,22.26,27.76,,55.0,7.5,,,,2.5
Durgapur,West Bengal,23.55,87.32,2024,1,0.269,0.0604,-0.3206,90,26.41,23.91,29.41,,55.0,7.5,,,,2.5
Bhiwandi,MahÄrÄshtra,19.3,73.0667,2024,1,0.0651,-0.058,-0.1548,25,36.59,34.09,39.59,,55.0,7.5,,,,2.5
Saharanpur,Uttar Pradesh,29.964,77.546,2024,1,0.0897,0.0497,-0.1486,280,21.64,19.14,24.64,,55.0,7.5,,,,2.5
Shiliguri,West Bengal,26.72,88.42,2024,1,0.1553,-0.0534,-0.1215,119,27.15,24.65,30.15,,55.0,7.5,,,,2.5
Avadi,Tamil NÄdu,13.1147,80.1098,2024,1,0.2201,0.0642,-0.2064,32,32.04,29.54,35.04,,55.0,7.5,,,,2.5
Salem,Tamil NÄdu,11.65,78.1667,2024,1,-0.0035,0.0545,-0.023,285,34.63,32.13,37.63,,55.0,7.5,,,,2.5
Jui,UttarÄkhand,29.67,78.9098,2024,1,0.5891,-0.0869,-0.5659,890,17.65,15.149999999999999,20.65,,55.0,7.5,,,,2.5
Amaldu,UttarÄkhand,29.9333,78.5333,2024,1,0.3187,0.1463,-0.4196,1406,16.32,13.82,19.32,,55.0,7.5,,,,2.5
Kimsar,Jammu and KashmÄ«r,34.5,74.5333,2024,1,0.1679,-0.6891,-0.1225,3058,-6.12,-8.620000000000001,-3.12,,55.0,7.5,,,,2.500000000000001
Sinduri,HimÄchal Pradesh,30.7167,77.15,2024,1,0.336,0.107,-0.4252,943,17.69,15.190000000000001,20.69,,55.0,7.5,,,,2.5
Gorakhpur,Uttar Pradesh,26.7611,83.3667,2024,1,0.0707,-0.0319,-0.0799,84,23.89,21.39,26.89,,55.0,7.5,,,,2.5
Guntur,Andhra Pradesh,16.3,80.45,2024,1,-0.0334,-0.0376,0.0558,34,33.16,30.659999999999997,36.16,,55.0,7.5,,,,2.5
Karaikandi,Assam,24.8309,92.6143,2024,1,0.0654,-0.1151,-0.0129,20,23.45,20.95,26.45,,55.0,7.5,,,,2.5
Mumbai,MahÄrÄshtra,19.0758,72.8775,2024,1,0.0527,0.0626,-0.1159,5,38.02,23.31008064516129,33.2,14.2,64.56397849462365,10.32875,0.001411290322580645,19.07283,72.88261,6.5
Kolkata,West Bengal,22.5675,88.37,2024,1,0.0641,0.0373,-0.1259,6,34.5,18.926102150537638,30.6,9.0,71.28346774193548,7.722836021505376,0.016223118279569893,22.56263,88.36304,6.5
Delhi,Delhi,28.66,77.23,2024,1,0.1936,0.0587,-0.2924,219,30.34,27.84,33.34,,55.0,7.5,,,,2.5
Chennai,Tamil NÄdu,13.0825,80.275,2024,1,0.0724,0.2543,-0.106,9,35.02,24.796142473118277,30.5,17.3,74.35887096774194,11.460672043010751,0.02995967741935484,13.08784,80.27847,6.5
Bangalore,KarnÄtaka,12.9791,77.5913,2024,1,0.3376,-0.0593,-0.3815,924,34.42,31.92,37.42,,55.0,7.5,,,,2.5
Ahmedabad,GujarÄt,23.0219,72.5797,2024,1,0.3526,-0.0882,-0.395,52,34.59,32.09,37.59,,55.0,7.5,,,,2.5
Pune,MahÄrÄshtra,18.5211,73.8553,2024,1,0.3351,-0.0334,-0.3574,554,36.39,33.89,39.39,,55.0,7.5,,,,2.5
Hyderabad,TelangÄna,17.3617,78.4747,2024,1,0.1003,0.1578,-0.2249,508,35.64,21.84111559139785,33.6,10.9,59.34206989247312,8.333333333333334,0.00836021505376344,17.38405,78.45636,6.5
Surat,GujarÄt,21.205,72.84,2024,1,0.1403,0.0555,-0.2155,14,36.64,22.131034946236557,35.0,11.6,55.53709677419355,11.153575268817205,0.0017069892473118278,21.19594,72.83023,6.5
Prayagraj,Uttar Pradesh,25.45,81.85,2024,1,0.3203,0.053,-0.3444,95,32.38,29.880000000000003,35.38,,55.0,7.5,,,,2.5
Kanpur,GujarÄt,24.285,72.6933,2024,1,0.4546,-0.0672,-0.4915,335,35.44,14.61231182795699,27.4,4.1,77.39435483870967,8.008198924731182,0.0314247311827957,26.46523,80.34975,6.5
Kanpur,Uttar Pradesh,26.4725,80.3311,2024,1,0.1238,0.0487,-0.1953,132,32.0,14.61231182795699,27.4,4.1,77.39435483870967,8.008198924731182,0.0314247311827957,26.46523,80.34975,6.5
Belahi,BihÄr,25.7167,86.4,2024,1,0.5382,-0.1568,-0.5012,41,27.12,24.62,30.12,,55.0,7.5,,,,2.5
Vadodara,GujarÄt,22.3,73.2,2024,1,0.2631,0.0166,-0.302,38,36.2,20.783776881720428,33.5,8.6,55.36854838709677,8.284059139784947,0.004986559139784946,22.29941,73.20812,6.5
Nadampalaiyam,Tamil NÄdu,11.1793,77.376,2024,1,0.0928,0.1024,-0.1743,318,37.92,35.42,40.92,,55.0,7.5,,,,2.5
Lucknow,Uttar Pradesh,26.847,80.947,2024,1,0.1025,0.099,-0.1656,115,31.98,14.294059139784947,26.8,3.5,77.76411290322581,8.090174731182795,0.03786290322580645,26.83928,80.92313,6.5
Kannankulam,Kerala,10.4799,76.1131,2024,1,0.4024,-0.1406,-0.3831,13,32.04,29.54,35.04,,55.0,7.5,,,,2.5
Mahuakheraganj,UttarÄkhand,29.13,78.95,2024,1,0.3145,-0.1894,-0.3167,222,26.75,24.25,29.75,,55.0,7.5,,,,2.5
Nagla,UttarÄkhand,29.01,79.51,2024,1,0.6507,-0.2879,-0.6293,227,26.21,23.71,29.21,,55.0,7.5,,,,2.5
Jaipur,RÄjasthÄn,26.915,75.82,2024,1,0.4359,-0.046,-0.4952,441,32.71,14.308373655913979,28.1,2.7,62.82728494623656,8.242083333333333,0.02646505376344086,26.91962,75.78781,6.5
Kottarassheri,Kerala,10.6167,76.5333,2024,1,0.2374,0.1506,-0.3662,147,33.8,31.299999999999997,36.8,,55.0,7.5,,,,2.5
Attadappa,Kerala,11.85,75.4167,2024,1,0.7086,-0.2625,-0.6361,37,32.55,30.049999999999997,35.55,,55.0,7.5,,,,2.5
Barmhan Kalan,Madhya Pradesh,23.0333,79.0167,2024,1,0.6963,-0.1679,-0.6518,337,33.88,31.380000000000003,36.88,,55.0,7.5,,,,2.5
Gorakhpur,ChhattÄ«sgarh,22.1688,81.6042,2024,1,0.2169,0.093,-0.2665,305,32.71,30.21,35.71,,55.0,7.5,,,,2.5
Nagpur,MahÄrÄshtra,21.1497,79.0806,2024,1,0.3011,-0.0747,-0.358,318,35.27,20.58133064516129,32.9,8.1,56.8377688172043,7.151948924731183,0.017419354838709676,21.14631,79.08491,6.5
Guwahati,Assam,26.1806,91.7502,2024,1,0.0532,0.1288,-0.1016,57,27.23,17.49366935483871,27.5,8.4,77.26733870967742,6.03396505376344,0.020026881720430108,26.1844,91.7458,6.5
Ghaziabad,Uttar Pradesh,28.6667,77.4167,2024,1,0.1905,0.0414,-0.2415,211,31.16,12.96893817204301,25.4,1.9,77.63467741935484,8.6725,0.047567204301075264,28.66535,77.43915,6.5
Coimbatore,Tamil NÄdu,11.0008,76.9633,2024,1,0.292,0.0468,-0.3133,417,36.21,24.230967741935483,33.6,14.8,62.895161290322584,9.489314516129033,0.02720430107526882,11.00555,76.96612,6.5
Patna,BihÄr,25.61,85.1414,2024,1,0.1399,0.148,-0.2035,63,31.14,15.802849462365591,26.2,7.1,77.59919354838709,8.116397849462366,0.016922043010752688,25.59408,85.13563,6.5
Rajkot,GujarÄt,22.2969,70.7984,2024,1,0.0311,0.1714,-0.091,134,35.01,32.51,38.01,,55.0,7.5,,,,2.5
Vishakhapatnam,Andhra Pradesh,17.6939,83.2922,2024,1,0.1981,0.1255,-0.2642,12,33.96,31.46,36.96,,55.0,7.5,,,,2.5
Indore,Madhya Pradesh,22.7186,75.855,2024,1,0.0716,0.1723,-0.1982,553,35.82,17.89548387096774,31.2,6.2,60.325537634408605,8.858575268817205,0.015376344086021506,22.71792,75.8333,6.5
Abhepur,Punjab,30.6667,76.8333,2024,1,0.2026,0.0205,-0.2812,311,28.88,26.38,31.88,,55.0,7.5,,,,2.5
Gumanwala,UttarÄkhand,29.9333,77.9,2024,1,0.7394,-0.3306,-0.667,277,26.54,24.04,29.54,,55.0,7.5,,,,2.5
Thane,MahÄrÄshtra,19.18,72.9633,2024,1,0.4242,-0.1451,-0.4545,14,35.88,23.57021505376344,35.8,11.6,59.83736559139785,7.8694758064516135,0.001532258064516129,19.19704,72.96355,6.5
Bhopal,Madhya Pradesh,23.25,77.4167,2024,1,0.0894,0.1175,-0.149,512,32.33,17.14024193548387,31.1,6.5,64.91505376344087,8.670887096774194,0.028830645161290323,23.25469,77.40289,6.5
Agra,Uttar Pradesh,27.18,78.02,2024,1,0.1861,0.1422,-0.3236,184,30.7,13.721250000000001,26.7,3.0,77.71774193548387,7.740376344086021,0.04491935483870967,27.18333,78.01667,6.5
Peyanvilai,Tamil NÄdu,8.5674,78.1046,2024,1,0.2474,0.0604,-0.3244,8,31.57,29.07,34.57,,55.0,7.5,,,,2.5
Pimpri-Chinchwad,MahÄrÄshtra,18.6278,73.8131,2024,1,0.7825,-0.3374,-0.7366,584,37.67,20.824341397849462,33.2,8.2,59.30846774193548,6.219892473118279,0.003306451612903226,18.61867,73.80375,6.5
Harbatpur,UttarÄkhand,30.45,77.73,2024,1,0.229,0.1195,-0.3112,445,26.18,23.68,29.18,,55.0,7.5,,,,2.5
Saundhonwali,UttarÄkhand,30.3331,77.9608,2024,1,0.0482,0.0422,-0.1248,612,27.5,25.0,30.5,,55.0,7.5,,,,2.5
Ludhiana,Punjab,30.9083,75.8486,2024,1,0.3427,-0.0354,-0.3774,243,29.81,11.398319892473118,22.2,1.5,82.76639784946236,7.204583333333333,0.07833333333333332,30.91204,75.85379,6.5
Meerut,Uttar Pradesh,28.98,77.7064,2024,1,0.1077,0.0797,-0.1869,228,31.14,28.64,34.14,,55.0,7.5,,,,2.5
Madurai,Tamil NÄdu,9.9197,78.1194,2024,1,0.1269,0.2669,-0.3013,141,37.99,25.47190860215054,35.2,15.1,66.73131720430108,9.643709677419354,0.034784946236559144,9.919,78.11953,6.5
Nasik,MahÄrÄshtra,20.0,73.7833,2024,1,0.1067,0.1064,-0.1802,588,36.91,34.41,39.91,,55.0,7.5,,,,2.5
Faridabad,HaryÄna,28.4167,77.3,2024,1,0.2563,0.047,-0.2929,208,31.22,13.339932795698925,25.6,2.8,75.75255376344086,8.802217741935484,0.0397983870967742,28.41124,77.31316,6.5
Madarpur,BihÄr,26.227,84.6746,2024,1,0.1492,0.0705,-0.2126,69,29.37,26.87,32.370000000000005,,55.0,7.5,,,,2.5
Najafgarh,Delhi,28.6125,76.9847,2024,1,0.0776,0.0683,-0.1596,220,31.35,28.85,34.35,,55.0,7.5,,,,2.5
Jabalpur,Madhya Pradesh,23.1667,79.9333,2024,1,0.1351,0.1237,-0.2355,399,34.42,17.15013440860215,30.9,5.1,65.45712365591397,7.502379032258064,0.023911290322580644,23.16697,79.95006,6.5
Madanpur,UttarÄkhand,29.326,79.1537,2024,1,0.569,-0.1992,-0.5466,315,27.09,24.59,30.09,,55.0,7.5,,,,2.5
Kamalwaganja Gaur,UttarÄkhand,29.2117,79.4654,2024,1,0.2059,-0.0654,-0.1765,383,28.93,26.43,31.93,,55.0,7.5,,,,2.5
Kalyan,MahÄrÄshtra,19.25,73.15,2024,1,0.2158,0.0897,-0.262,10,37.0,34.5,40.0,,55.0,7.5,,,,2.5
Asansol,West Bengal,23.6833,86.9667,2024,1,0.1531,0.1429,-0.194,125,32.82,30.32,35.82,,55.0,7.5,,,,2.5
Vijayawada,Andhra Pradesh,16.5167,80.6167,2024,1,0.2658,-0.0372,-0.2434,27,31.21,24.579395161290325,34.7,14.9,70.73521505376344,6.980873655913978,0.01424731182795699,16.50745,80.6466,6.5
Vasai-Virar,MahÄrÄshtra,19.47,72.8,2024,1,0.1317,0.2675,-0.208,0,36.81,34.31,39.81,,55.0,7.5,,,,2.5
Varanasi,Uttar Pradesh,25.3189,83.0128,2024,1,0.1819,0.0356,-0.2667,78,31.2,15.528897849462366,27.6,5.5,76.55483870967743,7.823266129032258,0.029704301075268818,25.31668,83.01041,6.5
Kalleli,Kerala,9.2,76.8833,2024,1,0.8664,-0.3265,-0.757,133,33.27,30.770000000000003,36.27,,55.0,7.5,,,,2.5
Srinagar,Jammu and KashmÄ«r,34.0911,74.8061,2024,1,0.1055,0.1161,-0.1344,1595,22.18,-1.7122043010752688,14.3,-16.6,66.40900537634408,4.477352150537635,0.19651881720430106,34.08565,74.80555,6.5
Aurangabad,MahÄrÄshtra,19.88,75.32,2024,1,0.273,-0.0105,-0.3186,564,37.87,21.19081989247312,32.6,9.8,52.36438172043011,8.416451612903225,0.0035080645161290323,19.87757,75.34226,6.5
Dhanbad,JhÄrkhand,23.7928,86.435,2024,1,0.3592,0.0053,-0.3747,245,32.33,17.05918010752688,30.5,6.0,67.77190860215053,7.728736559139786,0.01907258064516129,23.79759,86.42992,6.5
Amritsar,Punjab,31.6269,74.877,2024,1,0.0879,-0.0048,-0.1507,234,29.33,11.167325268817203,21.6,0.7,81.14543010752688,6.424623655913978,0.07563172043010753,31.62234,74.87534,6.5
Haora,West Bengal,22.58,88.3294,2024,1,0.1557,0.1408,-0.2209,12,32.22,29.72,35.22,,55.0,7.5,,,,2.5
Ranchi,JhÄrkhand,23.3556,85.3347,2024,1,0.3799,0.0325,-0.4117,643,31.48,15.78606182795699,27.8,5.8,64.33212365591397,8.793723118279571,0.016209677419354838,23.34316,85.3094,6.5
Gwalior,Madhya Pradesh,26.2125,78.1775,2024,1,0.0603,0.0963,-0.1691,215,31.24,14.731962365591398,28.8,4.4,72.68924731182796,7.504677419354839,0.04174731182795699,26.22983,78.17337,6.5
Jodhpur,RÄjasthÄn,26.2944,73.0278,2024,1,0.1533,0.0599,-0.2112,251,34.07,16.466290322580644,29.5,4.3,51.160483870967745,10.243172043010752,0.007930107526881721,26.26841,73.00594,6.5
Chandigarh,ChandÄ«garh,30.7364,76.7883,2024,1,0.4097,-0.0613,-0.4151,349,27.77,12.27198924731183,23.4,3.0,74.95833333333333,8.758077956989247,0.08446236559139784,30.73629,76.7884,6.5
Raipur,ChhattÄ«sgarh,21.2379,81.6337,2024,1,0.0939,0.0764,-0.1478,309,34.52,19.693870967741933,32.1,7.6,60.54744623655914,6.05239247311828,0.011868279569892472,21.23333,81.63333,6.5
Warangal,TelangÄna,17.9756,79.6011,2024,1,0.1064,0.1429,-0.1553,269,34.11,31.61,37.11,,55.0,7.5,,,,2.5
Kota,RÄjasthÄn,25.18,75.83,2024,1,0.1354,0.0374,-0.1639,230,32.87,16.201424731182797,30.9,4.0,65.39583333333333,6.7313575268817205,0.034408602150537634,25.18254,75.83907,6.5
Bareilly,Uttar Pradesh,28.364,79.415,2024,1,0.0594,0.1134,-0.1087,180,30.42,13.398158602150538,26.2,2.7,79.68387096774194,8.500013440860215,0.04321236559139785,28.36678,79.43167,6.5
Solapur,MahÄrÄshtra,17.6703,75.9011,2024,1,0.2195,0.0361,-0.2697,474,39.07,24.536250000000003,34.5,13.1,44.965860215053766,10.911586021505377,0.0020161290322580645,17.67152,75.91044,6.5
Hubli,KarnÄtaka,15.3108,75.0925,2024,1,0.1765,0.1122,-0.2733,618,38.48,35.98,41.48,,55.0,7.5,,,,2.5
Mysore,KarnÄtaka,12.3086,76.6531,2024,1,0.0577,0.1737,-0.1306,747,36.06,33.56,39.06,,55.0,7.5,,,,2.5
Trichinopoly,Tamil NÄdu,10.8269,78.6928,2024,1,0.2293,0.0362,-0.2844,74,36.6,34.1,39.6,,55.0,7.5,,,,2.5
Moradabad,Uttar Pradesh,28.8389,78.7769,2024,1,0.0379,0.0056,-0.045,205,30.99,28.49,33.989999999999995,,55.0,7.5,,,,2.5
Tiruppur,Tamil NÄdu,11.1075,77.3398,2024,1,0.3375,-0.0136,-0.3551,305,37.49,25.208333333333332,35.5,15.6,62.428360215053765,7.9706048387096775,0.022473118279569892,11.11541,77.35456,6.5
Jamnagar,GujarÄt,22.47,70.07,2024,1,0.1947,0.0674,-0.2513,21,35.1,32.6,38.1,,55.0,7.5,,,,2.5
Gurgaon,HaryÄna,28.4667,77.0333,2024,1,0.1609,-0.0104,-0.2316,224,30.58,28.08,33.58,,55.0,7.5,,,,2.5
Aligarh,Uttar Pradesh,27.88,78.08,2024,1,0.2117,-0.0703,-0.2685,190,31.7,13.301666666666666,25.8,2.9,77.90201612903226,8.30231182795699,0.043857526881720434,27.88145,78.07464,6.5
Jalandhar,Punjab,31.3256,75.5792,2024,1,-0.0198,-0.0039,0.01,242,30.11,27.61,33.11,,55.0,7.5,,,,2.5
Bhubaneshwar,Odisha,20.295,85.825,2024,1,0.1302,-0.0017,-0.1893,47,33.77,31.270000000000003,36.77,,55.0,7.5,,,,2.5
Bhayandar,MahÄrÄshtra,19.3,72.85,2024,1,0.1364,0.13,-0.2149,9,35.9,33.4,38.9,,55.0,7.5,,,,2.5
Narela,Delhi,28.85,77.1,2024,1,0.2404,0.0282,-0.3312,212,29.3,26.8,32.3,,55.0,7.5,,,,2.5
Shishgarh,Uttar Pradesh,28.72,79.32,2024,1,0.6864,-0.3997,-0.5848,181,26.65,24.15,29.65,,55.0,7.5,,,,2.5
Thiruvananthapuram,Kerala,8.4875,76.9525,2024,1,0.0562,-0.0201,-0.0563,15,35.76,33.26,38.76,,55.0,7.5,,,,2.5
Dispur,Assam,26.15,91.77,2024,1,0.3121,0.0938,-0.3375,116,27.87,25.37,30.87,,55.0,7.5,,,,2.5
Durgapur,West Bengal,23.55,87.32,2024,1,0.3057,0.0529,-0.3383,90,32.5,30.0,35.5,,55.0,7.5,,,,2.5
Bhiwandi,MahÄrÄshtra,19.3,73.0667,2024,1,0.0747,-0.0409,-0.1644,25,40.42,37.92,43.42,,55.0,7.5,,,,2.5
Saharanpur,Uttar Pradesh,29.964,77.546,2024,1,0.0844,0.0613,-0.1715,280,30.24,27.74,33.239999999999995,,55.0,7.5,,,,2.5
Shiliguri,West Bengal,26.72,88.42,2024,1,0.2655,-0.0597,-0.2538,119,30.54,28.04,33.54,,55.0,7.5,,,,2.5
Avadi,Tamil NÄdu,13.1147,80.1098,2024,1,0.2175,0.0773,-0.2716,32,34.26,31.759999999999998,37.26,,55.0,7.5,,,,2.5
Salem,Tamil NÄdu,11.65,78.1667,2024,1,0.095,0.101,-0.2009,285,37.92,35.42,40.92,,55.0,7.5,,,,2.5
Jui,UttarÄkhand,29.67,78.9098,2024,1,0.3746,-0.1596,-0.3238,890,24.53,22.03,27.53,,55.0,7.5,,,,2.5
Amaldu,UttarÄkhand,29.9333,78.5333,2024,1,0.341,0.1407,-0.4086,1406,23.02,20.52,26.02,,55.0,7.5,,,,2.5
Kimsar,Jammu and KashmÄ«r,34.5,74.5333,2024,1,0.1398,-0.6148,-0.1361,3058,2.82,0.31999999999999984,5.82,,55.0,7.5,,,,2.5
Sinduri,HimÄchal Pradesh,30.7167,77.15,2024,1,0.3696,0.0617,-0.4378,943,24.28,21.78,27.28,,55.0,7.5,,,,2.5
Gorakhpur,Uttar Pradesh,26.7611,83.3667,2024,1,0.0852,0.0507,-0.1939,84,31.1,28.6,34.1,,55.0,7.5,,,,2.5
Guntur,Andhra Pradesh,16.3,80.45,2024,1,0.1828,0.0937,-0.2251,34,35.08,32.58,38.08,,55.0,7.5,,,,2.5
Karaikandi,Assam,24.8309,92.6143,2024,1,0.4657,-0.1606,-0.3993,20,27.18,24.68,30.18,,55.0,7.5,,,,2.5
Mumbai,MahÄrÄshtra,19.0758,72.8775,2024,1,0.0656,0.0695,-0.1323,5,39.8,23.31008064516129,33.2,14.2,64.56397849462365,10.32875,0.001411290322580645,19.07283,72.88261,6.5
Kolkata,West Bengal,22.5675,88.37,2024,1,0.0478,0.0229,-0.1259,6,39.55,18.926102150537638,30.6,9.0,71.28346774193548,7.722836021505376,0.016223118279569893,22.56263,88.36304,6.5
Delhi,Delhi,28.66,77.23,2024,1,0.1492,0.0146,-0.1582,219,36.33,33.83,39.33,,55.0,7.5,,,,2.5
Chennai,Tamil NÄdu,13.0825,80.275,2024,1,0.0715,0.2426,-0.0872,9,36.62,24.796142473118277,30.5,17.3,74.35887096774194,11.460672043010751,0.02995967741935484,13.08784,80.27847,6.5
Bangalore,KarnÄtaka,12.9791,77.5913,2024,1,0.4067,-0.1107,-0.433,924,36.64,34.14,39.64,,55.0,7.5,,,,2.5
Ahmedabad,GujarÄt,23.0219,72.5797,2024,1,0.2781,-0.0899,-0.3337,52,39.12,36.62,42.12,,55.0,7.5,,,,2.5
Pune,MahÄrÄshtra,18.5211,73.8553,2024,1,0.4054,-0.052,-0.4091,554,39.2,36.7,42.2,,55.0,7.5,,,,2.5
Hyderabad,TelangÄna,17.3617,78.4747,2024,1,0.1412,0.1344,-0.2329,508,39.46,21.84111559139785,33.6,10.9,59.34206989247312,8.333333333333334,0.00836021505376344,17.38405,78.45636,6.5
Surat,GujarÄt,21.205,72.84,2024,1,0.1194,0.1272,-0.2031,14,40.39,22.131034946236557,35.0,11.6,55.53709677419355,11.153575268817205,0.0017069892473118278,21.19594,72.83023,6.5
Prayagraj,Uttar Pradesh,25.45,81.85,2024,1,0.3039,0.0136,-0.3297,95,39.28,36.78,42.28,,55.0,7.5,,,,2.5
Kanpur,GujarÄt,24.285,72.6933,2024,1,0.3986,-0.0198,-0.4446,335,40.7,14.61231182795699,27.4,4.1,77.39435483870967,8.008198924731182,0.0314247311827957,26.46523,80.34975,6.5
Kanpur,Uttar Pradesh,26.4725,80.3311,2024,1,0.1003,0.0739,-0.1617,132,38.53,14.61231182795699,27.4,4.1,77.39435483870967,8.008198924731182,0.0314247311827957,26.46523,80.34975,6.5
Belahi,BihÄr,25.7167,86.4,2024,1,0.7053,-0.2385,-0.6603,41,33.18,30.68,36.18,,55.0,7.5,,,,2.5
Vadodara,GujarÄt,22.3,73.2,2024,1,0.0696,-0.1501,-0.0247,38,39.24,20.783776881720428,33.5,8.6,55.36854838709677,8.284059139784947,0.004986559139784946,22.29941,73.20812,6.5
Nadampalaiyam,Tamil NÄdu,11.1793,77.376,2024,1,0.0898,0.0457,-0.1926,318,40.82,38.32,43.82,,55.0,7.5,,,,2.5
Lucknow,Uttar Pradesh,26.847,80.947,2024,1,0.1123,0.0502,-0.1855,115,38.71,14.294059139784947,26.8,3.5,77.76411290322581,8.090174731182795,0.03786290322580645,26.83928,80.92313,6.5
Kannankulam,Kerala,10.4799,76.1131,2024,1,0.4251,-0.1545,-0.4047,13,31.39,28.89,34.39,,55.0,7.5,,,,2.5
Mahuakheraganj,UttarÄkhand,29.13,78.95,2024,1,0.0835,0.0486,-0.1641,222,35.47,32.97,38.47,,55.0,7.5,,,,2.5
Nagla,UttarÄkhand,29.01,79.51,2024,1,0.3455,0.1052,-0.4353,227,33.27,30.770000000000003,36.27,,55.0,7.5,,,,2.5
Jaipur,RÄjasthÄn,26.915,75.82,2024,1,0.3082,0.0015,-0.4276,441,39.6,14.308373655913979,28.1,2.7,62.82728494623656,8.242083333333333,0.02646505376344086,26.91962,75.78781,6.5
Kottarassheri,Kerala,10.6167,76.5333,2024,1,0.267,0.1727,-0.3656,147,33.63,31.130000000000003,36.63,,55.0,7.5,,,,2.5
Attadappa,Kerala,11.85,75.4167,2024,1,0.5801,-0.2289,-0.5269,37,33.72,31.22,36.72,,55.0,7.5,,,,2.5
Barmhan Kalan,Madhya Pradesh,23.0333,79.0167,2024,1,0.6351,-0.1083,-0.6111,337,35.9,33.4,38.9,,55.0,7.5,,,,2.5
Gorakhpur,ChhattÄ«sgarh,22.1688,81.6042,2024,1,0.1902,0.1033,-0.2732,305,36.64,34.14,39.64,,55.0,7.5,,,,2.5
Nagpur,MahÄrÄshtra,21.1497,79.0806,2024,1,0.2893,-0.0514,-0.3574,318,35.84,20.58133064516129,32.9,8.1,56.8377688172043,7.151948924731183,0.017419354838709676,21.14631,79.08491,6.5
Guwahati,Assam,26.1806,91.7502,2024,1,0.0471,0.1282,-0.0558,57,30.3,17.49366935483871,27.5,8.4,77.26733870967742,6.03396505376344,0.020026881720430108,26.1844,91.7458,6.5
Ghaziabad,Uttar Pradesh,28.6667,77.4167,2024,1,0.18,0.0165,-0.2084,211,36.54,12.96893817204301,25.4,1.9,77.63467741935484,8.6725,0.047567204301075264,28.66535,77.43915,6.5
Coimbatore,Tamil NÄdu,11.0008,76.9633,2024,1,0.2269,0.0644,-0.2513,417,38.97,24.230967741935483,33.6,14.8,62.895161290322584,9.489314516129033,0.02720430107526882,11.00555,76.96612,6.5
Patna,BihÄr,25.61,85.1414,2024,1,0.0856,0.1458,-0.1832,63,37.81,15.802849462365591,26.2,7.1,77.59919354838709,8.116397849462366,0.016922043010752688,25.59408,85.13563,6.5
Rajkot,GujarÄt,22.2969,70.7984,2024,1,0.0411,0.1155,-0.0809,134,39.97,37.47,42.97,,55.0,7.5,,,,2.5
Vishakhapatnam,Andhra Pradesh,17.6939,83.2922,2024,1,0.2289,0.118,-0.2444,12,35.62,33.12,38.62,,55.0,7.5,,,,2.5
Indore,Madhya Pradesh,22.7186,75.855,2024,1,0.0697,0.1848,-0.1994,553,38.4,17.89548387096774,31.2,6.2,60.325537634408605,8.858575268817205,0.015376344086021506,22.71792,75.8333,6.5
Abhepur,Punjab,30.6667,76.8333,2024,1,0.2085,-0.0355,-0.2715,311,35.69,33.19,38.69,,55.0,7.5,,,,2.5
Gumanwala,UttarÄkhand,29.9333,77.9,2024,1,0.2979,0.0327,-0.4014,277,33.74,31.240000000000002,36.74,,55.0,7.5,,,,2.5
Thane,MahÄrÄshtra,19.18,72.9633,2024,1,0.3413,-0.0856,-0.3813,14,38.12,23.57021505376344,35.8,11.6,59.83736559139785,7.8694758064516135,0.001532258064516129,19.19704,72.96355,6.5
Bhopal,Madhya Pradesh,23.25,77.4167,2024,1,0.0847,0.1179,-0.1482,512,35.85,17.14024193548387,31.1,6.5,64.91505376344087,8.670887096774194,0.028830645161290323,23.25469,77.40289,6.5
Agra,Uttar Pradesh,27.18,78.02,2024,1,0.1778,0.1106,-0.3017,184,38.61,13.721250000000001,26.7,3.0,77.71774193548387,7.740376344086021,0.04491935483870967,27.18333,78.01667,6.5
Peyanvilai,Tamil NÄdu,8.5674,78.1046,2024,1,0.2905,0.0351,-0.3473,8,33.69,31.189999999999998,36.69,,55.0,7.5,,,,2.5
Pimpri-Chinchwad,MahÄrÄshtra,18.6278,73.8131,2024,1,0.7436,-0.2776,-0.7174,584,41.27,20.824341397849462,33.2,8.2,59.30846774193548,6.219892473118279,0.003306451612903226,18.61867,73.80375,6.5
Harbatpur,UttarÄkhand,30.45,77.73,2024,1,0.1988,0.0086,-0.2519,445,34.12,31.619999999999997,37.12,,55.0,7.5,,,,2.5
Saundhonwali,UttarÄkhand,30.3331,77.9608,2024,1,0.0334,0.005,-0.0763,612,34.98,32.48,37.98,,55.0,7.5,,,,2.5
Ludhiana,Punjab,30.9083,75.8486,2024,1,0.3448,-0.0573,-0.3744,243,36.28,11.398319892473118,22.2,1.5,82.76639784946236,7.204583333333333,0.07833333333333332,30.91204,75.85379,6.5
Meerut,Uttar Pradesh,28.98,77.7064,2024,1,0.0608,0.0945,-0.1377,228,36.68,34.18,39.68,,55.0,7.5,,,,2.5
Madurai,Tamil NÄdu,9.9197,78.1194,2024,1,0.1224,0.2639,-0.3226,141,38.78,25.47190860215054,35.2,15.1,66.73131720430108,9.643709677419354,0.034784946236559144,9.919,78.11953,6.5
Nasik,MahÄrÄshtra,20.0,73.7833,2024,1,0.1074,0.0981,-0.1852,588,39.97,37.47,42.97,,55.0,7.5,,,,2.5
Faridabad,HaryÄna,28.4167,77.3,2024,1,0.2736,-0.0013,-0.2875,208,37.12,13.339932795698925,25.6,2.8,75.75255376344086,8.802217741935484,0.0397983870967742,28.41124,77.31316,6.5
Madarpur,BihÄr,26.227,84.6746,2024,1,0.181,0.0787,-0.2257,69,38.17,35.67,41.17,,55.0,7.5,,,,2.5
Najafgarh,Delhi,28.6125,76.9847,2024,1,0.069,0.0601,-0.1134,220,37.14,34.64,40.14,,55.0,7.5,,,,2.5
Jabalpur,Madhya Pradesh,23.1667,79.9333,2024,1,0.1265,0.0992,-0.2261,399,39.08,17.15013440860215,30.9,5.1,65.45712365591397,7.502379032258064,0.023911290322580644,23.16697,79.95006,6.5
Madanpur,UttarÄkhand,29.326,79.1537,2024,1,0.2249,0.0562,-0.3206,315,34.89,32.39,37.89,,55.0,7.5,,,,2.5
Kamalwaganja Gaur,UttarÄkhand,29.2117,79.4654,2024,1,0.5354,-0.0082,-0.5506,383,38.09,35.59,41.09,,55.0,7.5,,,,2.5
Kalyan,MahÄrÄshtra,19.25,73.15,2024,1,0.1782,0.1085,-0.2253,10,39.78,37.28,42.78,,55.0,7.5,,,,2.5
Asansol,West Bengal,23.6833,86.9667,2024,1,0.1315,0.1444,-0.2076,125,38.5,36.0,41.5,,55.0,7.5,,,,2.5
Vijayawada,Andhra Pradesh,16.5167,80.6167,2024,1,0.4153,-0.0123,-0.4206,27,34.12,24.579395161290325,34.7,14.9,70.73521505376344,6.980873655913978,0.01424731182795699,16.50745,80.6466,6.5
Vasai-Virar,MahÄrÄshtra,19.47,72.8,2024,1,0.1583,0.1947,-0.2172,0,39.48,36.98,42.48,,55.0,7.5,,,,2.5
Varanasi,Uttar Pradesh,25.3189,83.0128,2024,1,0.1856,0.0432,-0.2415,78,38.51,15.528897849462366,27.6,5.5,76.55483870967743,7.823266129032258,0.029704301075268818,25.31668,83.01041,6.5
Kalleli,Kerala,9.2,76.8833,2024,1,0.7869,-0.2958,-0.6981,133,31.7,29.2,34.7,,55.0,7.5,,,,2.5
Srinagar,Jammu and KashmÄ«r,34.0911,74.8061,2024,1,0.0787,0.0878,-0.0962,1595,26.8,-1.7122043010752688,14.3,-16.6,66.40900537634408,4.477352150537635,0.19651881720430106,34.08565,74.80555,6.5
Aurangabad,MahÄrÄshtra,19.88,75.32,2024,1,0.2628,0.0361,-0.3183,564,39.84,21.19081989247312,32.6,9.8,52.36438172043011,8.416451612903225,0.0035080645161290323,19.87757,75.34226,6.5
Dhanbad,JhÄrkhand,23.7928,86.435,2024,1,0.4722,-0.0258,-0.4836,245,38.27,17.05918010752688,30.5,6.0,67.77190860215053,7.728736559139786,0.01907258064516129,23.79759,86.42992,6.5
Amritsar,Punjab,31.6269,74.877,2024,1,0.0772,0.012,-0.1481,234,36.46,11.167325268817203,21.6,0.7,81.14543010752688,6.424623655913978,0.07563172043010753,31.62234,74.87534,6.5
Haora,West Bengal,22.58,88.3294,2024,1,0.1977,0.1364,-0.2606,12,37.58,35.08,40.58,,55.0,7.5,,,,2.5
Ranchi,JhÄrkhand,23.3556,85.3347,2024,1,0.407,-0.047,-0.4156,643,36.59,15.78606182795699,27.8,5.8,64.33212365591397,8.793723118279571,0.016209677419354838,23.34316,85.3094,6.5
Gwalior,Madhya Pradesh,26.2125,78.1775,2024,1,0.1034,0.0333,-0.1868,215,39.36,14.731962365591398,28.8,4.4,72.68924731182796,7.504677419354839,0.04174731182795699,26.22983,78.17337,6.5
Jodhpur,RÄjasthÄn,26.2944,73.0278,2024,1,0.1289,0.0806,-0.1908,251,38.46,16.466290322580644,29.5,4.3,51.160483870967745,10.243172043010752,0.007930107526881721,26.26841,73.00594,6.5
Chandigarh,ChandÄ«garh,30.7364,76.7883,2024,1,0.4112,-0.1082,-0.4246,349,34.91,12.27198924731183,23.4,3.0,74.95833333333333,8.758077956989247,0.08446236559139784,30.73629,76.7884,6.5
Raipur,ChhattÄ«sgarh,21.2379,81.6337,2024,1,0.0955,0.1215,-0.1401,309,36.82,19.693870967741933,32.1,7.6,60.54744623655914,6.05239247311828,0.011868279569892472,21.23333,81.63333,6.5
Warangal,TelangÄna,17.9756,79.6011,2024,1,0.0918,0.1677,-0.168,269,36.9,34.4,39.9,,55.0,7.5,,,,2.5
Kota,RÄjasthÄn,25.18,75.83,2024,1,0.1272,0.0297,-0.1634,230,39.38,16.201424731182797,30.9,4.0,65.39583333333333,6.7313575268817205,0.034408602150537634,25.18254,75.83907,6.5
Bareilly,Uttar Pradesh,28.364,79.415,2024,1,0.0923,0.1,-0.1769,180,37.55,13.398158602150538,26.2,2.7,79.68387096774194,8.500013440860215,0.04321236559139785,28.36678,79.43167,6.5
Solapur,MahÄrÄshtra,17.6703,75.9011,2024,1,0.1983,0.0698,-0.2282,474,39.9,24.536250000000003,34.5,13.1,44.965860215053766,10.911586021505377,0.0020161290322580645,17.67152,75.91044,6.5
Hubli,KarnÄtaka,15.3108,75.0925,2024,1,0.1832,0.1143,-0.2641,618,36.26,33.76,39.26,,55.0,7.5,,,,2.5
Mysore,KarnÄtaka,12.3086,76.6531,2024,1,0.0546,0.191,-0.1148,747,37.8,35.3,40.8,,55.0,7.5,,,,2.5
Trichinopoly,Tamil NÄdu,10.8269,78.6928,2024,1,0.2412,0.0397,-0.2885,74,38.89,36.39,41.89,,55.0,7.5,,,,2.5
Moradabad,Uttar Pradesh,28.8389,78.7769,2024,1,0.1951,0.0604,-0.2671,205,36.84,34.34,39.84,,55.0,7.5,,,,2.5
Tiruppur,Tamil NÄdu,11.1075,77.3398,2024,1,0.3649,-0.0291,-0.3751,305,40.34,25.208333333333332,35.5,15.6,62.428360215053765,7.9706048387096775,0.022473118279569892,11.11541,77.35456,6.5
Jamnagar,GujarÄt,22.47,70.07,2024,1,0.2029,0.0624,-0.2475,21,38.3,35.8,41.3,,55.0,7.5,,,,2.5
Gurgaon,HaryÄna,28.4667,77.0333,2024,1,0.1677,-0.0547,-0.2238,224,35.86,33.36,38.86,,55.0,7.5,,,,2.5
Aligarh,Uttar Pradesh,27.88,78.08,2024,1,0.2307,-0.0045,-0.3068,190,37.06,13.301666666666666,25.8,2.9,77.90201612903226,8.30231182795699,0.043857526881720434,27.88145,78.07464,6.5
Jalandhar,Punjab,31.3256,75.5792,2024,1,0.1346,0.059,-0.2272,242,37.04,34.54,40.04,,55.0,7.5,,,,2.5
Bhubaneshwar,Odisha,20.295,85.825,2024,1,0.1108,0.0369,-0.189,47,37.2,34.7,40.2,,55.0,7.5,,,,2.5
Bhayandar,MahÄrÄshtra,19.3,72.85,2024,1,0.1528,0.0617,-0.2904,9,38.21,35.71,41.21,,55.0,7.5,,,,2.5
Narela,Delhi,28.85,77.1,2024,1,0.226,0.0123,-0.2599,212,36.72,34.22,39.72,,55.0,7.5,,,,2.5
Shishgarh,Uttar Pradesh,28.72,79.32,2024,1,0.5885,-0.1714,-0.6121,181,34.6,32.1,37.6,,55.0,7.5,,,,2.5
Thiruvananthapuram,Kerala,8.4875,76.9525,2024,1,0.0457,0.0525,-0.1074,15,36.28,33.78,39.28,,55.0,7.5,,,,2.5
Dispur,Assam,26.15,91.77,2024,1,0.4203,-0.0113,-0.3877,116,32.34,29.840000000000003,35.34,,55.0,7.5,,,,2.5
Durgapur,West Bengal,23.55,87.32,2024,1,0.2832,0.077,-0.3404,90,38.74,36.24,41.74,,55.0,7.5,,,,2.5
Bhiwandi,MahÄrÄshtra,19.3,73.0667,2024,1,0.0772,-0.0156,-0.1582,25,42.32,39.82,45.32,,55.0,7.5,,,,2.5
Saharanpur,Uttar Pradesh,29.964,77.546,2024,1,0.0603,0.0586,-0.1891,280,36.92,34.42,39.92,,55.0,7.5,,,,2.5
Shiliguri,West Bengal,26.72,88.42,2024,1,0.2689,-0.0406,-0.2933,119,33.7,31.200000000000003,36.7,,55.0,7.5,,,,2.5
Avadi,Tamil NÄdu,13.1147,80.1098,2024,1,0.2556,0.0409,-0.2867,32,36.96,34.46,39.96,,55.0,7.5,,,,2.5
Salem,Tamil NÄdu,11.65,78.1667,2024,1,0.0705,0.1157,-0.1972,285,40.96,38.46,43.96,,55.0,7.5,,,,2.5
Jui,UttarÄkhand,29.67,78.9098,2024,1,0.7862,-0.1702,-0.7273,890,30.58,28.08,33.58,,55.0,7.5,,,,2.5
Amaldu,UttarÄkhand,29.9333,78.5333,2024,1,0.2794,0.1215,-0.3665,1406,30.63,28.13,33.629999999999995,,55.0,7.5,,,,2.5
Kimsar,Jammu and KashmÄ«r,34.5,74.5333,2024,1,0.2805,-0.4862,-0.2849,3058,6.53,4.03,9.530000000000001,,55.0,7.5,,,,2.5
Sinduri,HimÄchal Pradesh,30.7167,77.15,2024,1,0.2991,0.0008,-0.3789,943,30.5,28.0,33.5,,55.0,7.5,,,,2.5
Gorakhpur,Uttar Pradesh,26.7611,83.3667,2024,1,0.1214,0.07,-0.1681,84,39.09,36.59,42.09,,55.0,7.5,,,,2.5
Guntur,Andhra Pradesh,16.3,80.45,2024,1,0.2639,0.0849,-0.2994,34,37.28,34.78,40.28,,55.0,7.5,,,,2.5
Karaikandi,Assam,24.8309,92.6143,2024,1,0.5863,-0.2012,-0.5081,20,28.83,26.33,31.83,,55.0,7.5,,,,2.5
Mumbai,MahÄrÄshtra,19.0758,72.8775,2024,1,0.0434,0.0758,-0.1093,5,37.27,23.31008064516129,33.2,14.2,64.56397849462365,10.32875,0.001411290322580645,19.07283,72.88261,6.5
Kolkata,West Bengal,22.5675,88.37,2024,1,-0.1288,-0.3468,0.1678,6,36.03,18.926102150537638,30.6,9.0,71.28346774193548,7.722836021505376,0.016223118279569893,22.56263,88.36304,6.5
Delhi,Delhi,28.66,77.23,2024,1,0.2235,0.0506,-0.2659,219,39.37,36.87,42.37,,55.0,7.5,,,,2.5
Chennai,Tamil NÄdu,13.0825,80.275,2024,1,0.0836,0.1649,-0.1066,9,38.21,24.796142473118277,30.5,17.3,74.35887096774194,11.460672043010751,0.02995967741935484,13.08784,80.27847,6.5
Bangalore,KarnÄtaka,12.9791,77.5913,2024,1,0.3917,-0.1443,-0.3945,924,29.92,27.42,32.92,,55.0,7.5,,,,2.5
Ahmedabad,GujarÄt,23.0219,72.5797,2024,1,0.3527,-0.1025,-0.3681,52,37.68,35.18,40.68,,55.0,7.5,,,,2.5
Pune,MahÄrÄshtra,18.5211,73.8553,2024,1,0.4628,-0.0816,-0.4558,554,35.5,33.0,38.5,,55.0,7.5,,,,2.5
Hyderabad,TelangÄna,17.3617,78.4747,2024,1,0.1399,0.1137,-0.2174,508,35.64,21.84111559139785,33.6,10.9,59.34206989247312,8.333333333333334,0.00836021505376344,17.38405,78.45636,6.5
Surat,GujarÄt,21.205,72.84,2024,1,0.1739,0.1168,-0.2581,14,38.14,22.131034946236557,35.0,11.6,55.53709677419355,11.153575268817205,0.0017069892473118278,21.19594,72.83023,6.5
Prayagraj,Uttar Pradesh,25.45,81.85,2024,1,0.2795,0.0438,-0.3057,95,37.22,34.72,40.22,,55.0,7.5,,,,2.5
Kanpur,GujarÄt,24.285,72.6933,2024,1,0.3582,0.0132,-0.407,335,41.05,14.61231182795699,27.4,4.1,77.39435483870967,8.008198924731182,0.0314247311827957,26.46523,80.34975,6.5
Kanpur,Uttar Pradesh,26.4725,80.3311,2024,1,0.0884,0.1016,-0.1665,132,37.71,14.61231182795699,27.4,4.1,77.39435483870967,8.008198924731182,0.0314247311827957,26.46523,80.34975,6.5
Belahi,BihÄr,25.7167,86.4,2024,1,0.4691,-0.1682,-0.4703,41,35.62,33.12,38.62,,55.0,7.5,,,,2.5
Vadodara,GujarÄt,22.3,73.2,2024,1,0.2791,-0.0157,-0.3178,38,37.33,20.783776881720428,33.5,8.6,55.36854838709677,8.284059139784947,0.004986559139784946,22.29941,73.20812,6.5
Lucknow,Uttar Pradesh,26.847,80.947,2024,1,0.0779,0.1269,-0.1574,115,36.58,14.294059139784947,26.8,3.5,77.76411290322581,8.090174731182795,0.03786290322580645,26.83928,80.92313,6.5
Kannankulam,Kerala,10.4799,76.1131,2024,1,0.4836,-0.1948,-0.462,13,33.07,30.57,36.07,,55.0,7.5,,,,2.5
Mahuakheraganj,UttarÄkhand,29.13,78.95,2024,1,0.2389,-0.0297,-0.2637,222,34.13,31.630000000000003,37.13,,55.0,7.5,,,,2.5
Nagla,UttarÄkhand,29.01,79.51,2024,1,0.3139,0.1109,-0.3932,227,35.66,33.16,38.66,,55.0,7.5,,,,2.5
Jaipur,RÄjasthÄn,26.915,75.82,2024,1,0.3264,0.0183,-0.3985,441,41.84,14.308373655913979,28.1,2.7,62.82728494623656,8.242083333333333,0.02646505376344086,26.91962,75.78781,6.5
Attadappa,Kerala,11.85,75.4167,2024,1,0.3855,-0.2337,-0.3218,37,34.95,32.45,37.95,,55.0,7.5,,,,2.5
Barmhan Kalan,Madhya Pradesh,23.0333,79.0167,2024,1,0.6763,-0.0721,-0.6963,337,37.16,34.66,40.16,,55.0,7.5,,,,2.5
Gorakhpur,ChhattÄ«sgarh,22.1688,81.6042,2024,1,0.1419,0.1319,-0.2484,305,36.19,33.69,39.19,,55.0,7.5,,,,2.5
Nagpur,MahÄrÄshtra,21.1497,79.0806,2024,1,0.2935,-0.0662,-0.3233,318,35.5,20.58133064516129,32.9,8.1,56.8377688172043,7.151948924731183,0.017419354838709676,21.14631,79.08491,6.5
Guwahati,Assam,26.1806,91.7502,2024,1,0.0201,0.1851,-0.0538,57,34.82,17.49366935483871,27.5,8.4,77.26733870967742,6.03396505376344,0.020026881720430108,26.1844,91.7458,6.5
Ghaziabad,Uttar Pradesh,28.6667,77.4167,2024,1,0.1397,0.0359,-0.1905,211,39.3,12.96893817204301,25.4,1.9,77.63467741935484,8.6725,0.047567204301075264,28.66535,77.43915,6.5
Coimbatore,Tamil NÄdu,11.0008,76.9633,2024,1,0.2683,0.0716,-0.2522,417,32.99,24.230967741935483,33.6,14.8,62.895161290322584,9.489314516129033,0.02720430107526882,11.00555,76.96612,6.5
Patna,BihÄr,25.61,85.1414,2024,1,0.1305,0.1433,-0.2013,63,37.87,15.802849462365591,26.2,7.1,77.59919354838709,8.116397849462366,0.016922043010752688,25.59408,85.13563,6.5
Rajkot,GujarÄt,22.2969,70.7984,2024,1,0.0617,0.0679,-0.1198,134,38.98,36.48,41.98,,55.0,7.5,,,,2.5
Vishakhapatnam,Andhra Pradesh,17.6939,83.2922,2024,1,0.2508,0.1064,-0.2902,12,34.48,31.979999999999997,37.48,,55.0,7.5,,,,2.5
Indore,Madhya Pradesh,22.7186,75.855,2024,1,0.0582,0.1677,-0.1946,553,38.48,17.89548387096774,31.2,6.2,60.325537634408605,8.858575268817205,0.015376344086021506,22.71792,75.8333,6.5
Abhepur,Punjab,30.6667,76.8333,2024,1,0.1593,0.0345,-0.2416,311,39.04,36.54,42.04,,55.0,7.5,,,,2.5
Gumanwala,UttarÄkhand,29.9333,77.9,2024,1,0.1747,0.1224,-0.2893,277,35.6,33.1,38.6,,55.0,7.5,,,,2.5
Thane,MahÄrÄshtra,19.18,72.9633,2024,1,0.4128,-0.0876,-0.4437,14,35.2,23.57021505376344,35.8,11.6,59.83736559139785,7.8694758064516135,0.001532258064516129,19.19704,72.96355,6.5
Bhopal,Madhya Pradesh,23.25,77.4167,2024,1,0.0699,0.1065,-0.1369,512,35.84,17.14024193548387,31.1,6.5,64.91505376344087,8.670887096774194,0.028830645161290323,23.25469,77.40289,6.5
Agra,Uttar Pradesh,27.18,78.02,2024,1,0.1803,0.1431,-0.3164,184,39.77,13.721250000000001,26.7,3.0,77.71774193548387,7.740376344086021,0.04491935483870967,27.18333,78.01667,6.5
Peyanvilai,Tamil NÄdu,8.5674,78.1046,2024,1,0.1345,-0.0113,-0.1548,8,32.47,29.97,35.47,,55.0,7.5,,,,2.5
Pimpri-Chinchwad,MahÄrÄshtra,18.6278,73.8131,2024,1,0.7661,-0.3068,-0.7523,584,35.99,20.824341397849462,33.2,8.2,59.30846774193548,6.219892473118279,0.003306451612903226,18.61867,73.80375,6.5
Harbatpur,UttarÄkhand,30.45,77.73,2024,1,0.1846,0.0815,-0.2686,445,38.28,35.78,41.28,,55.0,7.5,,,,2.5
Saundhonwali,UttarÄkhand,30.3331,77.9608,2024,1,0.0479,0.0744,-0.133,612,38.2,35.7,41.2,,55.0,7.5,,,,2.5
Ludhiana,Punjab,30.9083,75.8486,2024,1,0.3034,-0.0272,-0.3235,243,41.46,11.398319892473118,22.2,1.5,82.76639784946236,7.204583333333333,0.07833333333333332,30.91204,75.85379,6.5
Meerut,Uttar Pradesh,28.98,77.7064,2024,1,0.0784,0.1436,-0.1595,228,39.0,36.5,42.0,,55.0,7.5,,,,2.5
Madurai,Tamil NÄdu,9.9197,78.1194,2024,1,0.1131,0.2598,-0.2968,141,36.65,25.47190860215054,35.2,15.1,66.73131720430108,9.643709677419354,0.034784946236559144,9.919,78.11953,6.5
Nasik,MahÄrÄshtra,20.0,73.7833,2024,1,0.0939,0.1148,-0.1608,588,36.05,33.55,39.05,,55.0,7.5,,,,2.5
Faridabad,HaryÄna,28.4167,77.3,2024,1,0.2426,0.0507,-0.2732,208,39.8,13.339932795698925,25.6,2.8,75.75255376344086,8.802217741935484,0.0397983870967742,28.41124,77.31316,6.5
Madarpur,BihÄr,26.227,84.6746,2024,1,0.1344,0.102,-0.1649,69,36.96,34.46,39.96,,55.0,7.5,,,,2.5
Najafgarh,Delhi,28.6125,76.9847,2024,1,0.0717,0.0949,-0.1418,220,40.91,38.41,43.91,,55.0,7.5,,,,2.5
Jabalpur,Madhya Pradesh,23.1667,79.9333,2024,1,0.1282,0.1084,-0.2155,399,37.97,17.15013440860215,30.9,5.1,65.45712365591397,7.502379032258064,0.023911290322580644,23.16697,79.95006,6.5
Madanpur,UttarÄkhand,29.326,79.1537,2024,1,0.2593,0.1025,-0.375,315,37.64,35.14,40.64,,55.0,7.5,,,,2.5
Kamalwaganja Gaur,UttarÄkhand,29.2117,79.4654,2024,1,0.418,0.0588,-0.4569,383,38.6,36.1,41.6,,55.0,7.5,,,,2.5
Kalyan,MahÄrÄshtra,19.25,73.15,2024,1,0.1833,0.1231,-0.263,10,37.88,35.38,40.88,,55.0,7.5,,,,2.5
Asansol,West Bengal,23.6833,86.9667,2024,1,0.1304,0.0663,-0.2099,125,34.11,31.61,37.11,,55.0,7.5,,,,2.5
Vijayawada,Andhra Pradesh,16.5167,80.6167,2024,1,0.3326,-0.0433,-0.3207,27,32.53,24.579395161290325,34.7,14.9,70.73521505376344,6.980873655913978,0.01424731182795699,16.50745,80.6466,6.5
Vasai-Virar,MahÄrÄshtra,19.47,72.8,2024,1,0.2037,0.2092,-0.257,0,35.7,33.2,38.7,,55.0,7.5,,,,2.5
Varanasi,Uttar Pradesh,25.3189,83.0128,2024,1,0.2015,0.0644,-0.2882,78,37.22,15.528897849462366,27.6,5.5,76.55483870967743,7.823266129032258,0.029704301075268818,25.31668,83.01041,6.5
Kalleli,Kerala,9.2,76.8833,2024,1,0.8918,-0.3356,-0.809,133,28.91,26.41,31.91,,55.0,7.5,,,,2.5
Srinagar,Jammu and KashmÄ«r,34.0911,74.8061,2024,1,0.1082,0.1747,-0.1445,1595,34.84,-1.7122043010752688,14.3,-16.6,66.40900537634408,4.477352150537635,0.19651881720430106,34.08565,74.80555,6.5
Aurangabad,MahÄrÄshtra,19.88,75.32,2024,1,0.2151,0.0335,-0.2695,564,37.18,21.19081989247312,32.6,9.8,52.36438172043011,8.416451612903225,0.0035080645161290323,19.87757,75.34226,6.5
Dhanbad,JhÄrkhand,23.7928,86.435,2024,1,0.5567,-0.0404,-0.583,245,35.39,17.05918010752688,30.5,6.0,67.77190860215053,7.728736559139786,0.01907258064516129,23.79759,86.42992,6.5
Amritsar,Punjab,31.6269,74.877,2024,1,0.0726,0.0365,-0.1382,234,42.44,11.167325268817203,21.6,0.7,81.14543010752688,6.424623655913978,0.07563172043010753,31.62234,74.87534,6.5
Haora,West Bengal,22.58,88.3294,2024,1,0.1334,0.0657,-0.1763,12,34.98,32.48,37.98,,55.0,7.5,,,,2.5
Ranchi,JhÄrkhand,23.3556,85.3347,2024,1,0.4811,-0.0362,-0.4547,643,34.2,15.78606182795699,27.8,5.8,64.33212365591397,8.793723118279571,0.016209677419354838,23.34316,85.3094,6.5
Gwalior,Madhya Pradesh,26.2125,78.1775,2024,1,0.0668,0.1104,-0.1633,215,40.19,14.731962365591398,28.8,4.4,72.68924731182796,7.504677419354839,0.04174731182795699,26.22983,78.17337,6.5
Jodhpur,RÄjasthÄn,26.2944,73.0278,2024,1,0.1517,0.0642,-0.208,251,42.4,16.466290322580644,29.5,4.3,51.160483870967745,10.243172043010752,0.007930107526881721,26.26841,73.00594,6.5
Chandigarh,ChandÄ«garh,30.7364,76.7883,2024,1,0.3937,-0.0531,-0.4216,349,38.1,12.27198924731183,23.4,3.0,74.95833333333333,8.758077956989247,0.08446236559139784,30.73629,76.7884,6.5
Raipur,ChhattÄ«sgarh,21.2379,81.6337,2024,1,0.0828,0.1072,-0.1449,309,36.02,19.693870967741933,32.1,7.6,60.54744623655914,6.05239247311828,0.011868279569892472,21.23333,81.63333,6.5
Warangal,TelangÄna,17.9756,79.6011,2024,1,0.0626,0.1586,-0.1529,269,34.97,32.47,37.97,,55.0,7.5,,,,2.5
Kota,RÄjasthÄn,25.18,75.83,2024,1,0.1187,0.0419,-0.1621,230,41.94,16.201424731182797,30.9,4.0,65.39583333333333,6.7313575268817205,0.034408602150537634,25.18254,75.83907,6.5
Bareilly,Uttar Pradesh,28.364,79.415,2024,1,0.0959,0.1319,-0.1703,180,37.2,13.398158602150538,26.2,2.7,79.68387096774194,8.500013440860215,0.04321236559139785,28.36678,79.43167,6.5
Solapur,MahÄrÄshtra,17.6703,75.9011,2024,1,0.1775,0.039,-0.201,474,37.76,24.536250000000003,34.5,13.1,44.965860215053766,10.911586021505377,0.0020161290322580645,17.67152,75.91044,6.5
Hubli,KarnÄtaka,15.3108,75.0925,2024,1,0.2067,0.11,-0.2641,618,36.44,33.94,39.44,,55.0,7.5,,,,2.5
Mysore,KarnÄtaka,12.3086,76.6531,2024,1,0.0228,0.1307,-0.0312,747,30.99,28.49,33.989999999999995,,55.0,7.5,,,,2.5
Trichinopoly,Tamil NÄdu,10.8269,78.6928,2024,1,0.2557,0.0748,-0.2872,74,34.65,32.15,37.65,,55.0,7.5,,,,2.5
Moradabad,Uttar Pradesh,28.8389,78.7769,2024,1,0.1392,0.1027,-0.2119,205,37.3,34.8,40.3,,55.0,7.5,,,,2.5
Tiruppur,Tamil NÄdu,11.1075,77.3398,2024,1,0.3094,-0.0612,-0.2529,305,37.65,25.208333333333332,35.5,15.6,62.428360215053765,7.9706048387096775,0.022473118279569892,11.11541,77.35456,6.5
Jamnagar,GujarÄt,22.47,70.07,2024,1,0.2013,0.0365,-0.2471,21,37.98,35.48,40.98,,55.0,7.5,,,,2.5
Gurgaon,HaryÄna,28.4667,77.0333,2024,1,0.1857,-0.0151,-0.2339,224,39.98,37.48,42.98,,55.0,7.5,,,,2.5
Aligarh,Uttar Pradesh,27.88,78.08,2024,1,0.1919,-0.0073,-0.2667,190,39.22,13.301666666666666,25.8,2.9,77.90201612903226,8.30231182795699,0.043857526881720434,27.88145,78.07464,6.5
Jalandhar,Punjab,31.3256,75.5792,2024,1,0.1347,0.0726,-0.2094,242,42.28,39.78,45.28,,55.0,7.5,,,,2.5
Bhubaneshwar,Odisha,20.295,85.825,2024,1,0.1031,0.0619,-0.1596,47,35.36,32.86,38.36,,55.0,7.5,,,,2.5
Bhayandar,MahÄrÄshtra,19.3,72.85,2024,1,0.1343,0.1043,-0.2638,9,36.25,33.75,39.25,,55.0,7.5,,,,2.5
Narela,Delhi,28.85,77.1,2024,1,0.212,0.0604,-0.2971,212,40.3,37.8,43.3,,55.0,7.5,,,,2.5
Shishgarh,Uttar Pradesh,28.72,79.32,2024,1,0.3526,0.0257,-0.414,181,32.92,30.42,35.92,,55.0,7.5,,,,2.5
Dispur,Assam,26.15,91.77,2024,1,0.3874,-0.0706,-0.3419,116,35.83,33.33,38.83,,55.0,7.5,,,,2.5
Durgapur,West Bengal,23.55,87.32,2024,1,0.2794,0.0495,-0.3283,90,33.15,30.65,36.15,,55.0,7.5,,,,2.5
Bhiwandi,MahÄrÄshtra,19.3,73.0667,2024,1,0.0432,-0.0483,-0.1309,25,40.82,38.32,43.82,,55.0,7.5,,,,2.5
Saharanpur,Uttar Pradesh,29.964,77.546,2024,1,0.0934,0.07,-0.1857,280,38.08,35.58,41.08,,55.0,7.5,,,,2.5
Shiliguri,West Bengal,26.72,88.42,2024,1,0.2848,-0.0489,-0.2942,119,36.63,34.13,39.63,,55.0,7.5,,,,2.5
Avadi,Tamil NÄdu,13.1147,80.1098,2024,1,0.029,-0.0853,0.0047,32,38.37,35.87,41.37,,55.0,7.5,,,,2.5
Salem,Tamil NÄdu,11.65,78.1667,2024,1,0.0588,0.0182,-0.1244,285,31.49,28.99,34.489999999999995,,55.0,7.5,,,,2.5
Jui,UttarÄkhand,29.67,78.9098,2024,1,0.7139,-0.1633,-0.6435,890,32.02,29.520000000000003,35.02,,55.0,7.5,,,,2.5
Amaldu,UttarÄkhand,29.9333,78.5333,2024,1,0.2164,0.1998,-0.3068,1406,34.45,31.950000000000003,37.45,,55.0,7.5,,,,2.5
Kimsar,Jammu and KashmÄ«r,34.5,74.5333,2024,1,0.571,-0.2489,-0.5899,3058,19.55,17.05,22.55,,55.0,7.5,,,,2.5
Sinduri,HimÄchal Pradesh,30.7167,77.15,2024,1,0.2748,0.0662,-0.3612,943,35.56,33.06,38.56,,55.0,7.5,,,,2.5
Gorakhpur,Uttar Pradesh,26.7611,83.3667,2024,1,0.1097,0.1086,-0.1795,84,37.12,34.62,40.12,,55.0,7.5,,,,2.5
Guntur,Andhra Pradesh,16.3,80.45,2024,1,0.0877,0.0694,-0.1053,34,37.1,34.6,40.1,,55.0,7.5,,,,2.5
Karaikandi,Assam,24.8309,92.6143,2024,1,0.6199,-0.1907,-0.4676,20,32.45,29.950000000000003,35.45,,55.0,7.5,,,,2.5
Mumbai,MahÄrÄshtra,19.0758,72.8775,2024,1,0.0593,0.0613,-0.1192,5,39.77,23.31008064516129,33.2,14.2,64.56397849462365,10.32875,0.001411290322580645,19.07283,72.88261,6.5
Kolkata,West Bengal,22.5675,88.37,2024,1,-0.1617,-0.0866,0.2121,6,34.81,18.926102150537638,30.6,9.0,71.28346774193548,7.722836021505376,0.016223118279569893,22.56263,88.36304,6.5
Delhi,Delhi,28.66,77.23,2024,1,0.2346,0.0841,-0.3028,219,39.76,37.26,42.76,,55.0,7.5,,,,2.5
Chennai,Tamil NÄdu,13.0825,80.275,2024,1,0.0927,0.1867,-0.0796,9,36.63,24.796142473118277,30.5,17.3,74.35887096774194,11.460672043010751,0.02995967741935484,13.08784,80.27847,6.5
Bangalore,KarnÄtaka,12.9791,77.5913,2024,1,0.4171,-0.2164,-0.3585,924,32.25,29.75,35.25,,55.0,7.5,,,,2.5
Ahmedabad,GujarÄt,23.0219,72.5797,2024,1,0.2794,-0.0472,-0.2693,52,35.68,33.18,38.68,,55.0,7.5,,,,2.5
Pune,MahÄrÄshtra,18.5211,73.8553,2024,1,0.2402,-0.0661,-0.2629,554,32.67,30.17,35.67,,55.0,7.5,,,,2.5
Hyderabad,TelangÄna,17.3617,78.4747,2024,1,0.114,0.0709,-0.1875,508,34.1,21.84111559139785,33.6,10.9,59.34206989247312,8.333333333333334,0.00836021505376344,17.38405,78.45636,6.5
Surat,GujarÄt,21.205,72.84,2024,1,0.0082,-0.0591,0.0323,14,39.2,22.131034946236557,35.0,11.6,55.53709677419355,11.153575268817205,0.0017069892473118278,21.19594,72.83023,6.5
Prayagraj,Uttar Pradesh,25.45,81.85,2024,1,0.3286,0.0454,-0.3709,95,37.77,35.27,40.77,,55.0,7.5,,,,2.5
Kanpur,GujarÄt,24.285,72.6933,2024,1,0.2949,0.0409,-0.3236,335,39.37,14.61231182795699,27.4,4.1,77.39435483870967,8.008198924731182,0.0314247311827957,26.46523,80.34975,6.5
Kanpur,Uttar Pradesh,26.4725,80.3311,2024,1,0.0488,0.0899,-0.0971,132,38.47,14.61231182795699,27.4,4.1,77.39435483870967,8.008198924731182,0.0314247311827957,26.46523,80.34975,6.5
Belahi,BihÄr,25.7167,86.4,2024,1,0.3629,-0.0599,-0.3239,41,35.22,32.72,38.22,,55.0,7.5,,,,2.5
Vadodara,GujarÄt,22.3,73.2,2024,1,0.2264,-0.0051,-0.2591,38,38.65,20.783776881720428,33.5,8.6,55.36854838709677,8.284059139784947,0.004986559139784946,22.29941,73.20812,6.5
Nadampalaiyam,Tamil NÄdu,11.1793,77.376,2024,1,0.1427,0.0542,-0.1739,318,35.03,32.53,38.03,,55.0,7.5,,,,2.5
Lucknow,Uttar Pradesh,26.847,80.947,2024,1,0.0648,0.1348,-0.135,115,38.08,14.294059139784947,26.8,3.5,77.76411290322581,8.090174731182795,0.03786290322580645,26.83928,80.92313,6.5
Kannankulam,Kerala,10.4799,76.1131,2024,1,0.0642,-0.5,-0.0362,13,27.87,25.37,30.87,,55.0,7.5,,,,2.5
Mahuakheraganj,UttarÄkhand,29.13,78.95,2024,1,0.3473,-0.0788,-0.3644,222,36.02,33.52,39.02,,55.0,7.5,,,,2.5
Nagla,UttarÄkhand,29.01,79.51,2024,1,0.3089,0.0673,-0.3664,227,38.0,35.5,41.0,,55.0,7.5,,,,2.5
Jaipur,RÄjasthÄn,26.915,75.82,2024,1,0.3056,0.0003,-0.3817,441,37.43,14.308373655913979,28.1,2.7,62.82728494623656,8.242083333333333,0.02646505376344086,26.91962,75.78781,6.5
Kottarassheri,Kerala,10.6167,76.5333,2024,1,0.2008,-0.185,-0.1364,147,27.55,25.05,30.55,,55.0,7.5,,,,2.5
Attadappa,Kerala,11.85,75.4167,2024,1,0.8174,-0.3132,-0.7064,37,28.49,25.99,31.49,,55.0,7.5,,,,2.5
Barmhan Kalan,Madhya Pradesh,23.0333,79.0167,2024,1,0.5361,-0.0924,-0.5145,337,36.78,34.28,39.78,,55.0,7.5,,,,2.5
Gorakhpur,ChhattÄ«sgarh,22.1688,81.6042,2024,1,0.1561,0.0446,-0.2344,305,37.83,35.33,40.83,,55.0,7.5,,,,2.5
Nagpur,MahÄrÄshtra,21.1497,79.0806,2024,1,0.2941,-0.0782,-0.3375,318,39.07,20.58133064516129,32.9,8.1,56.8377688172043,7.151948924731183,0.017419354838709676,21.14631,79.08491,6.5
Guwahati,Assam,26.1806,91.7502,2024,1,-0.0138,0.2535,-0.2328,57,33.57,17.49366935483871,27.5,8.4,77.26733870967742,6.03396505376344,0.020026881720430108,26.1844,91.7458,6.5
Ghaziabad,Uttar Pradesh,28.6667,77.4167,2024,1,0.1396,0.064,-0.1667,211,39.44,12.96893817204301,25.4,1.9,77.63467741935484,8.6725,0.047567204301075264,28.66535,77.43915,6.5
Coimbatore,Tamil NÄdu,11.0008,76.9633,2024,1,0.1606,-0.0364,-0.1295,417,36.25,24.230967741935483,33.6,14.8,62.895161290322584,9.489314516129033,0.02720430107526882,11.00555,76.96612,6.5
Patna,BihÄr,25.61,85.1414,2024,1,0.0667,0.1713,-0.2022,63,35.75,15.802849462365591,26.2,7.1,77.59919354838709,8.116397849462366,0.016922043010752688,25.59408,85.13563,6.5
Rajkot,GujarÄt,22.2969,70.7984,2024,1,0.0497,0.0757,-0.0727,134,38.73,36.23,41.73,,55.0,7.5,,,,2.5
Vishakhapatnam,Andhra Pradesh,17.6939,83.2922,2024,1,0.2757,0.0257,-0.2687,12,37.05,34.55,40.05,,55.0,7.5,,,,2.5
Indore,Madhya Pradesh,22.7186,75.855,2024,1,0.0035,-0.0995,0.0685,553,36.93,17.89548387096774,31.2,6.2,60.325537634408605,8.858575268817205,0.015376344086021506,22.71792,75.8333,6.5
Abhepur,Punjab,30.6667,76.8333,2024,1,0.1895,0.0024,-0.2762,311,39.58,37.08,42.58,,55.0,7.5,,,,2.5
Gumanwala,UttarÄkhand,29.9333,77.9,2024,1,0.1563,0.1116,-0.3256,277,36.31,33.81,39.31,,55.0,7.5,,,,2.5
Thane,MahÄrÄshtra,19.18,72.9633,2024,1,0.4205,-0.1407,-0.3982,14,28.89,23.57021505376344,35.8,11.6,59.83736559139785,7.8694758064516135,0.001532258064516129,19.19704,72.96355,5.31978494623656
Bhopal,Madhya Pradesh,23.25,77.4167,2024,1,0.0984,0.0499,-0.0882,512,35.87,17.14024193548387,31.1,6.5,64.91505376344087,8.670887096774194,0.028830645161290323,23.25469,77.40289,6.5
Agra,Uttar Pradesh,27.18,78.02,2024,1,0.1657,0.0958,-0.3266,184,37.57,13.721250000000001,26.7,3.0,77.71774193548387,7.740376344086021,0.04491935483870967,27.18333,78.01667,6.5
Peyanvilai,Tamil NÄdu,8.5674,78.1046,2024,1,0.1764,0.0361,-0.2295,8,35.82,33.32,38.82,,55.0,7.5,,,,2.5
Pimpri-Chinchwad,MahÄrÄshtra,18.6278,73.8131,2024,1,0.0418,-0.0876,-0.0143,584,35.59,20.824341397849462,33.2,8.2,59.30846774193548,6.219892473118279,0.003306451612903226,18.61867,73.80375,6.5
Harbatpur,UttarÄkhand,30.45,77.73,2024,1,0.165,0.0796,-0.2513,445,39.0,36.5,42.0,,55.0,7.5,,,,2.5
Saundhonwali,UttarÄkhand,30.3331,77.9608,2024,1,0.0319,0.0508,-0.1103,612,38.52,36.02,41.52,,55.0,7.5,,,,2.5
Ludhiana,Punjab,30.9083,75.8486,2024,1,-0.0186,0.0091,-0.067,243,39.72,11.398319892473118,22.2,1.5,82.76639784946236,7.204583333333333,0.07833333333333332,30.91204,75.85379,6.5
Meerut,Uttar Pradesh,28.98,77.7064,2024,1,0.0689,0.1206,-0.1528,228,41.35,38.85,44.35,,55.0,7.5,,,,2.5
Madurai,Tamil NÄdu,9.9197,78.1194,2024,1,0.0752,0.1527,-0.0838,141,36.59,25.47190860215054,35.2,15.1,66.73131720430108,9.643709677419354,0.034784946236559144,9.919,78.11953,6.5
Nasik,MahÄrÄshtra,20.0,73.7833,2024,1,0.0903,-0.0241,-0.0604,588,34.78,32.28,37.78,,55.0,7.5,,,,2.5
Faridabad,HaryÄna,28.4167,77.3,2024,1,0.2271,0.0277,-0.2532,208,39.44,13.339932795698925,25.6,2.8,75.75255376344086,8.802217741935484,0.0397983870967742,28.41124,77.31316,6.5
Madarpur,BihÄr,26.227,84.6746,2024,1,0.1371,0.0874,-0.1559,69,37.02,34.52,40.02,,55.0,7.5,,,,2.5
Najafgarh,Delhi,28.6125,76.9847,2024,1,0.0518,0.0909,-0.1246,220,41.17,38.67,44.17,,55.0,7.5,,,,2.5
Jabalpur,Madhya Pradesh,23.1667,79.9333,2024,1,0.0013,-0.0125,0.028,399,39.86,17.15013440860215,30.9,5.1,65.45712365591397,7.502379032258064,0.023911290322580644,23.16697,79.95006,6.5
Madanpur,UttarÄkhand,29.326,79.1537,2024,1,0.3499,-0.0152,-0.4087,315,39.34,36.84,42.34,,55.0,7.5,,,,2.5
Kamalwaganja Gaur,UttarÄkhand,29.2117,79.4654,2024,1,0.3735,0.0825,-0.4342,383,42.03,39.53,45.03,,55.0,7.5,,,,2.5
Kalyan,MahÄrÄshtra,19.25,73.15,2024,1,-0.0177,0.0009,0.0128,10,39.39,36.89,42.39,,55.0,7.5,,,,2.5
Asansol,West Bengal,23.6833,86.9667,2024,1,0.1232,0.1579,-0.1873,125,35.04,32.54,38.04,,55.0,7.5,,,,2.5
Vijayawada,Andhra Pradesh,16.5167,80.6167,2024,1,0.3567,-0.1303,-0.289,27,31.04,24.579395161290325,34.7,14.9,70.73521505376344,6.980873655913978,0.01424731182795699,16.50745,80.6466,6.460604838709674
Vasai-Virar,MahÄrÄshtra,19.47,72.8,2024,1,0.2178,0.1458,-0.2907,0,36.64,34.14,39.64,,55.0,7.5,,,,2.5
Varanasi,Uttar Pradesh,25.3189,83.0128,2024,1,0.1723,0.0972,-0.2542,78,36.57,15.528897849462366,27.6,5.5,76.55483870967743,7.823266129032258,0.029704301075268818,25.31668,83.01041,6.5
Kalleli,Kerala,9.2,76.8833,2024,1,0.732,-0.2516,-0.6512,133,26.57,24.07,29.57,,55.0,7.5,,,,2.5
Srinagar,Jammu and KashmÄ«r,34.0911,74.8061,2024,1,0.1037,0.0934,-0.1554,1595,35.29,-1.7122043010752688,14.3,-16.6,66.40900537634408,4.477352150537635,0.19651881720430106,34.08565,74.80555,6.5
Aurangabad,MahÄrÄshtra,19.88,75.32,2024,1,0.2649,-0.0491,-0.2815,564,35.79,21.19081989247312,32.6,9.8,52.36438172043011,8.416451612903225,0.0035080645161290323,19.87757,75.34226,6.5
Dhanbad,JhÄrkhand,23.7928,86.435,2024,1,0.5124,-0.0424,-0.5317,245,35.56,17.05918010752688,30.5,6.0,67.77190860215053,7.728736559139786,0.01907258064516129,23.79759,86.42992,6.5
Amritsar,Punjab,31.6269,74.877,2024,1,0.0679,0.0371,-0.1386,234,40.57,11.167325268817203,21.6,0.7,81.14543010752688,6.424623655913978,0.07563172043010753,31.62234,74.87534,6.5
Haora,West Bengal,22.58,88.3294,2024,1,-0.0727,0.0793,0.0973,12,32.7,30.200000000000003,35.7,,55.0,7.5,,,,2.5
Ranchi,JhÄrkhand,23.3556,85.3347,2024,1,0.4145,-0.0326,-0.4111,643,34.48,15.78606182795699,27.8,5.8,64.33212365591397,8.793723118279571,0.016209677419354838,23.34316,85.3094,6.5
Gwalior,Madhya Pradesh,26.2125,78.1775,2024,1,0.0419,0.1452,-0.1289,215,38.76,14.731962365591398,28.8,4.4,72.68924731182796,7.504677419354839,0.04174731182795699,26.22983,78.17337,6.5
Jodhpur,RÄjasthÄn,26.2944,73.0278,2024,1,0.1264,0.0671,-0.177,251,38.76,16.466290322580644,29.5,4.3,51.160483870967745,10.243172043010752,0.007930107526881721,26.26841,73.00594,6.5
Chandigarh,ChandÄ«garh,30.7364,76.7883,2024,1,0.3754,-0.04,-0.4048,349,38.8,12.27198924731183,23.4,3.0,74.95833333333333,8.758077956989247,0.08446236559139784,30.73629,76.7884,6.5
Raipur,ChhattÄ«sgarh,21.2379,81.6337,2024,1,0.058,0.0765,-0.1061,309,37.75,19.693870967741933,32.1,7.6,60.54744623655914,6.05239247311828,0.011868279569892472,21.23333,81.63333,6.5
Warangal,TelangÄna,17.9756,79.6011,2024,1,0.0691,0.1525,-0.1427,269,37.15,34.65,40.15,,55.0,7.5,,,,2.5
Kota,RÄjasthÄn,25.18,75.83,2024,1,0.0339,0.0506,-0.0381,230,38.53,16.201424731182797,30.9,4.0,65.39583333333333,6.7313575268817205,0.034408602150537634,25.18254,75.83907,6.5
Bareilly,Uttar Pradesh,28.364,79.415,2024,1,0.0759,0.1195,-0.1718,180,39.23,13.398158602150538,26.2,2.7,79.68387096774194,8.500013440860215,0.04321236559139785,28.36678,79.43167,6.5
Solapur,MahÄrÄshtra,17.6703,75.9011,2024,1,-0.0855,0.0862,0.037,474,34.81,24.536250000000003,34.5,13.1,44.965860215053766,10.911586021505377,0.0020161290322580645,17.67152,75.91044,6.5
Hubli,KarnÄtaka,15.3108,75.0925,2024,1,-0.0278,-0.4819,0.0493,618,33.78,31.28,36.78,,55.0,7.5,,,,2.5
Mysore,KarnÄtaka,12.3086,76.6531,2024,1,0.0662,-0.0899,-0.0426,747,29.5,27.0,32.5,,55.0,7.5,,,,2.5
Trichinopoly,Tamil NÄdu,10.8269,78.6928,2024,1,0.238,0.0161,-0.2756,74,35.3,32.8,38.3,,55.0,7.5,,,,2.5
Moradabad,Uttar Pradesh,28.8389,78.7769,2024,1,0.1406,0.081,-0.2217,205,39.45,36.95,42.45,,55.0,7.5,,,,2.5
Tiruppur,Tamil NÄdu,11.1075,77.3398,2024,1,0.1181,-0.0468,-0.1206,305,35.92,25.208333333333332,35.5,15.6,62.428360215053765,7.9706048387096775,0.022473118279569892,11.11541,77.35456,6.5
Jamnagar,GujarÄt,22.47,70.07,2024,1,0.1909,0.0324,-0.181,21,36.46,33.96,39.46,,55.0,7.5,,,,2.5
Gurgaon,HaryÄna,28.4667,77.0333,2024,1,0.1683,-0.0398,-0.1994,224,38.39,35.89,41.39,,55.0,7.5,,,,2.5
Aligarh,Uttar Pradesh,27.88,78.08,2024,1,0.1494,-0.0028,-0.2217,190,38.76,13.301666666666666,25.8,2.9,77.90201612903226,8.30231182795699,0.043857526881720434,27.88145,78.07464,6.5
Jalandhar,Punjab,31.3256,75.5792,2024,1,0.073,0.0728,-0.1356,242,40.06,37.56,43.06,,55.0,7.5,,,,2.5
Bhubaneshwar,Odisha,20.295,85.825,2024,1,0.1655,-0.056,-0.2405,47,37.35,34.85,40.35,,55.0,7.5,,,,2.5
Bhayandar,MahÄrÄshtra,19.3,72.85,2024,1,0.1369,0.0928,-0.2318,9,40.65,38.15,43.65,,55.0,7.5,,,,2.5
Narela,Delhi,28.85,77.1,2024,1,0.1917,0.0549,-0.2846,212,40.19,37.69,43.19,,55.0,7.5,,,,2.5
Shishgarh,Uttar Pradesh,28.72,79.32,2024,1,0.694,-0.1795,-0.6541,181,36.25,33.75,39.25,,55.0,7.5,,,,2.5
Thiruvananthapuram,Kerala,8.4875,76.9525,2024,1,0.0228,-0.0248,-0.0301,15,24.89,22.39,27.89,,55.0,7.5,,,,2.5
Dispur,Assam,26.15,91.77,2024,1,0.7724,-0.2117,-0.6522,116,34.31,31.810000000000002,37.31,,55.0,7.5,,,,2.5
Durgapur,West Bengal,23.55,87.32,2024,1,0.3203,0.0181,-0.32,90,31.56,29.06,34.56,,55.0,7.5,,,,2.5
Bhiwandi,MahÄrÄshtra,19.3,73.0667,2024,1,-0.0059,-0.1274,0.0329,25,38.21,35.71,41.21,,55.0,7.5,,,,2.5
Saharanpur,Uttar Pradesh,29.964,77.546,2024,1,0.0609,0.0616,-0.1972,280,38.84,36.34,41.84,,55.0,7.5,,,,2.5
Shiliguri,West Bengal,26.72,88.42,2024,1,0.3112,-0.0924,-0.2934,119,35.45,32.95,38.45,,55.0,7.5,,,,2.5
Avadi,Tamil NÄdu,13.1147,80.1098,2024,1,0.2287,-0.0001,-0.2145,32,36.33,33.83,39.33,,55.0,7.5,,,,2.5
Salem,Tamil NÄdu,11.65,78.1667,2024,1,0.0798,0.0712,-0.1818,285,35.03,32.53,38.03,,55.0,7.5,,,,2.5
Jui,UttarÄkhand,29.67,78.9098,2024,1,0.739,-0.206,-0.6855,890,34.58,32.08,37.58,,55.0,7.5,,,,2.5
Amaldu,UttarÄkhand,29.9333,78.5333,2024,1,0.1853,0.1952,-0.2924,1406,36.27,33.77,39.27,,55.0,7.5,,,,2.5
Kimsar,Jammu and KashmÄ«r,34.5,74.5333,2024,1,0.2666,-0.2115,-0.2035,3058,20.19,17.69,23.19,,55.0,7.5,,,,2.5
Sinduri,HimÄchal Pradesh,30.7167,77.15,2024,1,0.2724,0.0499,-0.3672,943,35.4,32.9,38.4,,55.0,7.5,,,,2.5
Gorakhpur,Uttar Pradesh,26.7611,83.3667,2024,1,0.1108,0.1013,-0.1566,84,36.33,33.83,39.33,,55.0,7.5,,,,2.5
Guntur,Andhra Pradesh,16.3,80.45,2024,1,-0.0221,-0.0508,0.0906,34,37.94,35.44,40.94,,55.0,7.5,,,,2.5
Delhi,Delhi,28.66,77.23,2024,1,-0.0272,-0.3706,0.0896,219,33.72,31.22,36.72,,55.0,7.5,,,,2.5
Chennai,Tamil NÄdu,13.0825,80.275,2024,1,0.1134,0.1395,-0.1184,9,34.92,24.796142473118277,30.5,17.3,74.35887096774194,11.460672043010751,0.02995967741935484,13.08784,80.27847,6.5
Pune,MahÄrÄshtra,18.5211,73.8553,2024,1,-0.0164,-0.1631,0.0573,554,29.27,26.77,32.269999999999996,,55.0,7.5,,,,2.5
Hyderabad,TelangÄna,17.3617,78.4747,2024,1,0.021,0.1045,-0.0599,508,30.41,21.84111559139785,33.6,10.9,59.34206989247312,8.333333333333334,0.00836021505376344,17.38405,78.45636,6.5
Nagla,UttarÄkhand,29.01,79.51,2024,1,0.4538,-0.235,-0.3969,227,11.17,8.67,14.17,,55.0,7.5,,,,2.5
Jaipur,RÄjasthÄn,26.915,75.82,2024,1,0.4248,-0.2034,-0.3921,441,31.66,14.308373655913979,28.1,2.7,62.82728494623656,8.242083333333333,0.02646505376344086,26.91962,75.78781,6.5
Barmhan Kalan,Madhya Pradesh,23.0333,79.0167,2024,1,0.4289,-0.2263,-0.3429,337,34.95,32.45,37.95,,55.0,7.5,,,,2.5
Ghaziabad,Uttar Pradesh,28.6667,77.4167,2024,1,0.0027,-0.1208,0.0209,211,31.61,12.96893817204301,25.4,1.9,77.63467741935484,8.6725,0.047567204301075264,28.66535,77.43915,6.5
Vishakhapatnam,Andhra Pradesh,17.6939,83.2922,2024,1,0.0394,-0.0217,-0.039,12,36.39,33.89,39.39,,55.0,7.5,,,,2.5
Abhepur,Punjab,30.6667,76.8333,2024,1,0.0957,-0.1548,-0.0043,311,37.51,35.01,40.51,,55.0,7.5,,,,2.5
Gumanwala,UttarÄkhand,29.9333,77.9,2024,1,-0.0317,-0.1529,0.0578,277,30.43,27.93,33.43,,55.0,7.5,,,,2.5
Bhopal,Madhya Pradesh,23.25,77.4167,2024,1,-0.0693,-0.1286,0.1153,512,31.95,17.14024193548387,31.1,6.5,64.91505376344087,8.670887096774194,0.028830645161290323,23.25469,77.40289,6.5
Agra,Uttar Pradesh,27.18,78.02,2024,1,0.4232,-0.0178,-0.3883,184,31.25,13.721250000000001,26.7,3.0,77.71774193548387,7.740376344086021,0.04491935483870967,27.18333,78.01667,6.5
Peyanvilai,Tamil NÄdu,8.5674,78.1046,2024,1,0.1999,0.0698,-0.2714,8,33.57,31.07,36.57,,55.0,7.5,,,,2.5
Saundhonwali,UttarÄkhand,30.3331,77.9608,2024,1,-0.0696,-0.4302,0.107,612,22.87,20.37,25.87,,55.0,7.5,,,,2.5
Ludhiana,Punjab,30.9083,75.8486,2024,1,0.1304,-0.0499,-0.0937,243,33.77,11.398319892473118,22.2,1.5,82.76639784946236,7.204583333333333,0.07833333333333332,30.91204,75.85379,6.5
Madurai,Tamil NÄdu,9.9197,78.1194,2024,1,0.128,-0.0049,-0.2013,141,38.56,25.47190860215054,35.2,15.1,66.73131720430108,9.643709677419354,0.034784946236559144,9.919,78.11953,6.5
Faridabad,HaryÄna,28.4167,77.3,2024,1,0.1899,-0.05,-0.1487,208,33.64,13.339932795698925,25.6,2.8,75.75255376344086,8.802217741935484,0.0397983870967742,28.41124,77.31316,6.5
Madarpur,BihÄr,26.227,84.6746,2024,1,0.1363,0.0735,-0.1698,69,31.37,28.87,34.370000000000005,,55.0,7.5,,,,2.5
Najafgarh,Delhi,28.6125,76.9847,2024,1,-0.0588,-0.058,0.0876,220,34.28,31.78,37.28,,55.0,7.5,,,,2.5
Madanpur,UttarÄkhand,29.326,79.1537,2024,1,0.3228,-0.1046,-0.248,315,30.75,28.25,33.75,,55.0,7.5,,,,2.5
Vijayawada,Andhra Pradesh,16.5167,80.6167,2024,1,-0.0232,-0.2241,0.0695,27,29.77,24.579395161290325,34.7,14.9,70.73521505376344,6.980873655913978,0.01424731182795699,16.50745,80.6466,5.190604838709675
Kalleli,Kerala,9.2,76.8833,2024,1,0.4619,-0.2133,-0.4067,133,27.05,24.55,30.05,,55.0,7.5,,,,2.5
Srinagar,Jammu and KashmÄ«r,34.0911,74.8061,2024,1,0.1024,0.1713,-0.1538,1595,36.35,-1.7122043010752688,14.3,-16.6,66.40900537634408,4.477352150537635,0.19651881720430106,34.08565,74.80555,6.5
Dhanbad,JhÄrkhand,23.7928,86.435,2024,1,0.5007,-0.0406,-0.4727,245,30.87,17.05918010752688,30.5,6.0,67.77190860215053,7.728736559139786,0.01907258064516129,23.79759,86.42992,6.5
Amritsar,Punjab,31.6269,74.877,2024,1,0.0152,0.0931,-0.0474,234,32.91,11.167325268817203,21.6,0.7,81.14543010752688,6.424623655913978,0.07563172043010753,31.62234,74.87534,6.5
Ranchi,JhÄrkhand,23.3556,85.3347,2024,1,0.052,-0.0002,-0.0737,643,36.03,15.78606182795699,27.8,5.8,64.33212365591397,8.793723118279571,0.016209677419354838,23.34316,85.3094,6.5
Gwalior,Madhya Pradesh,26.2125,78.1775,2024,1,0.1088,0.0963,-0.1502,215,33.88,14.731962365591398,28.8,4.4,72.68924731182796,7.504677419354839,0.04174731182795699,26.22983,78.17337,6.5
Jodhpur,RÄjasthÄn,26.2944,73.0278,2024,1,-0.0127,-0.1173,0.0801,251,35.44,16.466290322580644,29.5,4.3,51.160483870967745,10.243172043010752,0.007930107526881721,26.26841,73.00594,6.5
Chandigarh,ChandÄ«garh,30.7364,76.7883,2024,1,0.0139,-0.1743,0.0348,349,34.18,12.27198924731183,23.4,3.0,74.95833333333333,8.758077956989247,0.08446236559139784,30.73629,76.7884,6.5
Warangal,TelangÄna,17.9756,79.6011,2024,1,0.0077,-0.0282,0.0177,269,35.09,32.59,38.09,,55.0,7.5,,,,2.5
Kota,RÄjasthÄn,25.18,75.83,2024,1,-0.0199,-0.0224,0.0458,230,33.74,16.201424731182797,30.9,4.0,65.39583333333333,6.7313575268817205,0.034408602150537634,25.18254,75.83907,6.5
Bareilly,Uttar Pradesh,28.364,79.415,2024,1,0.1486,0.0234,-0.1096,180,32.09,13.398158602150538,26.2,2.7,79.68387096774194,8.500013440860215,0.04321236559139785,28.36678,79.43167,6.5
Trichinopoly,Tamil NÄdu,10.8269,78.6928,2024,1,0.2425,-0.0403,-0.286,74,32.88,30.380000000000003,35.88,,55.0,7.5,,,,2.5
Jamnagar,GujarÄt,22.47,70.07,2024,1,0.2413,-0.059,-0.1948,21,21.85,19.35,24.85,,55.0,7.5,,,,2.5
Gurgaon,HaryÄna,28.4667,77.0333,2024,1,0.1254,-0.0896,-0.1246,224,35.21,32.71,38.21,,55.0,7.5,,,,2.5
Jalandhar,Punjab,31.3256,75.5792,2024,1,0.1189,-0.0784,-0.0988,242,34.43,31.93,37.43,,55.0,7.5,,,,2.5
Shishgarh,Uttar Pradesh,28.72,79.32,2024,1,0.4949,-0.2829,-0.4611,181,31.01,28.51,34.010000000000005,,55.0,7.5,,,,2.5
Thiruvananthapuram,Kerala,8.4875,76.9525,2024,1,0.0785,-0.1417,-0.0409,15,31.75,29.25,34.75,,55.0,7.5,,,,2.5
Avadi,Tamil NÄdu,13.1147,80.1098,2024,1,0.2781,-0.1286,-0.2673,32,32.93,30.43,35.93,,55.0,7.5,,,,2.5
Salem,Tamil NÄdu,11.65,78.1667,2024,1,0.0899,0.0325,-0.1643,285,35.75,33.25,38.75,,55.0,7.5,,,,2.5
Kimsar,Jammu and KashmÄ«r,34.5,74.5333,2024,1,0.5663,-0.2471,-0.5325,3058,20.63,18.13,23.63,,55.0,7.5,,,,2.5
Sinduri,HimÄchal Pradesh,30.7167,77.15,2024,1,-0.0837,-0.262,0.1629,943,29.79,27.29,32.79,,55.0,7.5,,,,2.5
Delhi,Delhi,28.66,77.23,2024,1,0.1499,0.0245,-0.1495,219,30.94,28.44,33.94,,55.0,7.5,,,,2.5
Chennai,Tamil NÄdu,13.0825,80.275,2024,1,0.0849,0.1902,-0.0685,9,33.98,24.796142473118277,30.5,17.3,74.35887096774194,11.460672043010751,0.02995967741935484,13.08784,80.27847,6.5
Bangalore,KarnÄtaka,12.9791,77.5913,2024,1,-0.0258,-0.056,0.0514,924,29.18,26.68,32.18,,55.0,7.5,,,,2.5
Ahmedabad,GujarÄt,23.0219,72.5797,2024,1,-0.0293,-0.0335,0.0417,52,32.45,29.950000000000003,35.45,,55.0,7.5,,,,2.5
Hyderabad,TelangÄna,17.3617,78.4747,2024,1,0.0632,0.0778,-0.0937,508,31.47,21.84111559139785,33.6,10.9,59.34206989247312,8.333333333333334,0.00836021505376344,17.38405,78.45636,6.5
Surat,GujarÄt,21.205,72.84,2024,1,0.0015,-0.2543,0.0142,14,11.81,22.131034946236557,35.0,11.6,55.53709677419355,11.153575268817205,0.0017069892473118278,21.19594,72.83023,0.2
Prayagraj,Uttar Pradesh,25.45,81.85,2024,1,0.0211,0.0022,-0.0071,95,32.49,29.990000000000002,35.49,,55.0,7.5,,,,2.5
Kanpur,GujarÄt,24.285,72.6933,2024,1,0.1833,-0.1526,-0.09,335,28.25,14.61231182795699,27.4,4.1,77.39435483870967,8.008198924731182,0.0314247311827957,26.46523,80.34975,6.5
Belahi,BihÄr,25.7167,86.4,2024,1,-0.0765,-0.3654,0.1334,41,29.55,27.05,32.55,,55.0,7.5,,,,2.5
Lucknow,Uttar Pradesh,26.847,80.947,2024,1,0.0214,0.0074,0.0013,115,34.81,14.294059139784947,26.8,3.5,77.76411290322581,8.090174731182795,0.03786290322580645,26.83928,80.92313,6.5
Kannankulam,Kerala,10.4799,76.1131,2024,1,0.2808,-0.1653,-0.2352,13,25.24,22.74,28.24,,55.0,7.5,,,,2.5
Mahuakheraganj,UttarÄkhand,29.13,78.95,2024,1,0.3017,-0.1613,-0.273,222,30.61,28.11,33.61,,55.0,7.5,,,,2.5
Nagla,UttarÄkhand,29.01,79.51,2024,1,0.7043,-0.2707,-0.6201,227,30.45,27.95,33.45,,55.0,7.5,,,,2.5
Jaipur,RÄjasthÄn,26.915,75.82,2024,1,0.0657,0.0222,-0.049,441,30.91,14.308373655913979,28.1,2.7,62.82728494623656,8.242083333333333,0.02646505376344086,26.91962,75.78781,6.5
Kottarassheri,Kerala,10.6167,76.5333,2024,1,0.1419,-0.0948,-0.1062,147,29.19,26.69,32.19,,55.0,7.5,,,,2.5
Attadappa,Kerala,11.85,75.4167,2024,1,0.5695,-0.3257,-0.5168,37,28.57,26.07,31.57,,55.0,7.5,,,,2.5
Barmhan Kalan,Madhya Pradesh,23.0333,79.0167,2024,1,0.1825,-0.1812,-0.1392,337,28.27,25.77,31.27,,55.0,7.5,,,,2.5
Nagpur,MahÄrÄshtra,21.1497,79.0806,2024,1,-0.0958,-0.2936,0.1367,318,33.89,20.58133064516129,32.9,8.1,56.8377688172043,7.151948924731183,0.017419354838709676,21.14631,79.08491,6.5
Ghaziabad,Uttar Pradesh,28.6667,77.4167,2024,1,-0.095,0.0001,0.1137,211,32.43,12.96893817204301,25.4,1.9,77.63467741935484,8.6725,0.047567204301075264,28.66535,77.43915,6.5
Coimbatore,Tamil NÄdu,11.0008,76.9633,2024,1,0.2946,0.0027,-0.2994,417,35.22,24.230967741935483,33.6,14.8,62.895161290322584,9.489314516129033,0.02720430107526882,11.00555,76.96612,6.5
Patna,BihÄr,25.61,85.1414,2024,1,0.077,0.124,-0.0875,63,33.27,15.802849462365591,26.2,7.1,77.59919354838709,8.116397849462366,0.016922043010752688,25.59408,85.13563,6.5
Abhepur,Punjab,30.6667,76.8333,2024,1,0.1779,-0.0112,-0.1961,311,34.39,31.89,37.39,,55.0,7.5,,,,2.5
Gumanwala,UttarÄkhand,29.9333,77.9,2024,1,0.6488,-0.2298,-0.5418,277,29.87,27.37,32.870000000000005,,55.0,7.5,,,,2.5
Bhopal,Madhya Pradesh,23.25,77.4167,2024,1,0.1166,0.117,-0.1174,512,29.59,17.14024193548387,31.1,6.5,64.91505376344087,8.670887096774194,0.028830645161290323,23.25469,77.40289,6.5
Peyanvilai,Tamil NÄdu,8.5674,78.1046,2024,1,0.2092,0.0492,-0.2772,8,36.55,34.05,39.55,,55.0,7.5,,,,2.5
Harbatpur,UttarÄkhand,30.45,77.73,2024,1,0.3423,-0.1144,-0.3402,445,30.12,27.62,33.120000000000005,,55.0,7.5,,,,2.5
Saundhonwali,UttarÄkhand,30.3331,77.9608,2024,1,0.0301,0.0371,-0.0717,612,30.13,27.63,33.129999999999995,,55.0,7.5,,,,2.5
Ludhiana,Punjab,30.9083,75.8486,2024,1,-0.0428,-0.1283,0.0854,243,33.67,11.398319892473118,22.2,1.5,82.76639784946236,7.204583333333333,0.07833333333333332,30.91204,75.85379,6.5
Meerut,Uttar Pradesh,28.98,77.7064,2024,1,-0.0452,-0.4231,0.0789,228,33.62,31.119999999999997,36.62,,55.0,7.5,,,,2.5
Madurai,Tamil NÄdu,9.9197,78.1194,2024,1,0.1065,0.1827,-0.3277,141,37.47,25.47190860215054,35.2,15.1,66.73131720430108,9.643709677419354,0.034784946236559144,9.919,78.11953,6.5
Faridabad,HaryÄna,28.4167,77.3,2024,1,0.1814,0.075,-0.1547,208,32.16,13.339932795698925,25.6,2.8,75.75255376344086,8.802217741935484,0.0397983870967742,28.41124,77.31316,6.5
Madarpur,BihÄr,26.227,84.6746,2024,1,0.1314,-0.0819,-0.0637,69,29.93,27.43,32.93,,55.0,7.5,,,,2.5
Madanpur,UttarÄkhand,29.326,79.1537,2024,1,0.6641,-0.3072,-0.5257,315,30.28,27.78,33.28,,55.0,7.5,,,,2.5
Kamalwaganja Gaur,UttarÄkhand,29.2117,79.4654,2024,1,0.2643,-0.1793,-0.1739,383,31.24,28.74,34.239999999999995,,55.0,7.5,,,,2.5
Asansol,West Bengal,23.6833,86.9667,2024,1,0.0995,0.0065,-0.039,125,35.27,32.77,38.27,,55.0,7.5,,,,2.5
Vijayawada,Andhra Pradesh,16.5167,80.6167,2024,1,0.2996,-0.1386,-0.253,27,32.31,24.579395161290325,34.7,14.9,70.73521505376344,6.980873655913978,0.01424731182795699,16.50745,80.6466,6.5
Vasai-Virar,MahÄrÄshtra,19.47,72.8,2024,1,0.1036,-0.0563,-0.0756,0,24.79,22.29,27.79,,55.0,7.5,,,,2.5
Varanasi,Uttar Pradesh,25.3189,83.0128,2024,1,-0.0714,-0.1207,0.0952,78,33.09,15.528897849462366,27.6,5.5,76.55483870967743,7.823266129032258,0.029704301075268818,25.31668,83.01041,6.5
Srinagar,Jammu and KashmÄ«r,34.0911,74.8061,2024,1,0.1153,0.1541,-0.163,1595,32.22,-1.7122043010752688,14.3,-16.6,66.40900537634408,4.477352150537635,0.19651881720430106,34.08565,74.80555,6.5
Amritsar,Punjab,31.6269,74.877,2024,1,-0.0383,-0.1906,0.0852,234,31.8,11.167325268817203,21.6,0.7,81.14543010752688,6.424623655913978,0.07563172043010753,31.62234,74.87534,6.5
Ranchi,JhÄrkhand,23.3556,85.3347,2024,1,0.0105,-0.1305,0.0279,643,28.2,15.78606182795699,27.8,5.8,64.33212365591397,8.793723118279571,0.016209677419354838,23.34316,85.3094,6.5
Jodhpur,RÄjasthÄn,26.2944,73.0278,2024,1,0.052,-0.02,-0.0354,251,30.93,16.466290322580644,29.5,4.3,51.160483870967745,10.243172043010752,0.007930107526881721,26.26841,73.00594,6.5
Chandigarh,ChandÄ«garh,30.7364,76.7883,2024,1,0.3628,-0.0489,-0.3458,349,32.11,12.27198924731183,23.4,3.0,74.95833333333333,8.758077956989247,0.08446236559139784,30.73629,76.7884,6.5
Bareilly,Uttar Pradesh,28.364,79.415,2024,1,-0.037,-0.0652,0.0794,180,35.48,13.398158602150538,26.2,2.7,79.68387096774194,8.500013440860215,0.04321236559139785,28.36678,79.43167,6.5
Solapur,MahÄrÄshtra,17.6703,75.9011,2024,1,0.0857,0.05,-0.0603,474,33.15,24.536250000000003,34.5,13.1,44.965860215053766,10.911586021505377,0.0020161290322580645,17.67152,75.91044,6.5
Mysore,KarnÄtaka,12.3086,76.6531,2024,1,0.0663,-0.0617,-0.0511,747,30.51,28.01,33.510000000000005,,55.0,7.5,,,,2.5
Trichinopoly,Tamil NÄdu,10.8269,78.6928,2024,1,0.2531,-0.0233,-0.2761,74,35.2,32.7,38.2,,55.0,7.5,,,,2.5
Moradabad,Uttar Pradesh,28.8389,78.7769,2024,1,0.1248,0.0606,-0.0982,205,33.93,31.43,36.93,,55.0,7.5,,,,2.5
Tiruppur,Tamil NÄdu,11.1075,77.3398,2024,1,0.3748,-0.0786,-0.3782,305,36.01,25.208333333333332,35.5,15.6,62.428360215053765,7.9706048387096775,0.022473118279569892,11.11541,77.35456,6.5
Jamnagar,GujarÄt,22.47,70.07,2024,1,0.0725,0.0025,-0.0756,21,30.84,28.34,33.84,,55.0,7.5,,,,2.5
Gurgaon,HaryÄna,28.4667,77.0333,2024,1,0.1664,0.009,-0.169,224,32.83,30.33,35.83,,55.0,7.5,,,,2.5
Aligarh,Uttar Pradesh,27.88,78.08,2024,1,-0.116,-0.0609,0.1451,190,34.57,13.301666666666666,25.8,2.9,77.90201612903226,8.30231182795699,0.043857526881720434,27.88145,78.07464,6.5
Jalandhar,Punjab,31.3256,75.5792,2024,1,-0.042,-0.2649,0.0833,242,33.86,31.36,36.86,,55.0,7.5,,,,2.5
Bhayandar,MahÄrÄshtra,19.3,72.85,2024,1,0.1145,-0.0405,-0.1057,9,25.85,23.35,28.85,,55.0,7.5,,,,2.5
Narela,Delhi,28.85,77.1,2024,1,0.6827,-0.2968,-0.5723,212,29.82,27.32,32.82,,55.0,7.5,,,,2.5
Shishgarh,Uttar Pradesh,28.72,79.32,2024,1,0.0587,-0.1693,0.0343,181,29.64,27.14,32.64,,55.0,7.5,,,,2.5
Bhiwandi,MahÄrÄshtra,19.3,73.0667,2024,1,0.054,-0.1115,-0.0221,25,29.07,26.57,32.07,,55.0,7.5,,,,2.5
Saharanpur,Uttar Pradesh,29.964,77.546,2024,1,0.0153,-0.195,0.0405,280,35.39,32.89,38.39,,55.0,7.5,,,,2.5
Avadi,Tamil NÄdu,13.1147,80.1098,2024,1,0.3371,-0.0706,-0.3256,32,35.16,32.66,38.16,,55.0,7.5,,,,2.5
Salem,Tamil NÄdu,11.65,78.1667,2024,1,0.0007,-0.0468,0.0156,285,34.54,32.04,37.54,,55.0,7.5,,,,2.5
Jui,UttarÄkhand,29.67,78.9098,2024,1,0.0819,-0.1603,-0.0058,890,26.55,24.05,29.55,,55.0,7.5,,,,2.5
Amaldu,UttarÄkhand,29.9333,78.5333,2024,1,0.0416,-0.2146,0.0024,1406,25.71,23.21,28.71,,55.0,7.5,,,,2.5
Kimsar,Jammu and KashmÄ«r,34.5,74.5333,2024,1,0.1167,-0.1442,-0.0817,3058,16.39,13.89,19.39,,55.0,7.5,,,,2.5
Sinduri,HimÄchal Pradesh,30.7167,77.15,2024,1,0.4355,-0.1736,-0.3957,943,26.6,24.1,29.6,,55.0,7.5,,,,2.5
Gorakhpur,Uttar Pradesh,26.7611,83.3667,2024,1,-0.1003,-0.2698,0.1411,84,33.31,30.810000000000002,36.31,,55.0,7.5,,,,2.5
Karaikandi,Assam,24.8309,92.6143,2024,1,0.6847,-0.236,-0.5241,20,28.25,25.75,31.25,,55.0,7.5,,,,2.5
Mumbai,MahÄrÄshtra,19.0758,72.8775,2024,1,0.0303,-0.0659,-0.0236,5,33.23,23.31008064516129,33.2,14.2,64.56397849462365,10.32875,0.001411290322580645,19.07283,72.88261,6.5
Kolkata,West Bengal,22.5675,88.37,2024,1,-0.0735,-0.1041,0.0745,6,33.87,18.926102150537638,30.6,9.0,71.28346774193548,7.722836021505376,0.016223118279569893,22.56263,88.36304,6.5
Delhi,Delhi,28.66,77.23,2024,1,0.0929,0.0556,-0.0688,219,31.24,28.74,34.239999999999995,,55.0,7.5,,,,2.5
Chennai,Tamil NÄdu,13.0825,80.275,2024,1,0.0769,0.1019,-0.0583,9,35.14,24.796142473118277,30.5,17.3,74.35887096774194,11.460672043010751,0.02995967741935484,13.08784,80.27847,6.5
Bangalore,KarnÄtaka,12.9791,77.5913,2024,1,0.2619,-0.023,-0.2731,924,30.0,27.5,33.0,,55.0,7.5,,,,2.5
Ahmedabad,GujarÄt,23.0219,72.5797,2024,1,-0.2305,0.0846,0.15,52,30.7,28.2,33.7,,55.0,7.5,,,,2.5
Pune,MahÄrÄshtra,18.5211,73.8553,2024,1,0.0887,0.0087,-0.0565,554,30.93,28.43,33.93,,55.0,7.5,,,,2.5
Hyderabad,TelangÄna,17.3617,78.4747,2024,1,-0.0396,0.1741,-0.0181,508,34.3,21.84111559139785,33.6,10.9,59.34206989247312,8.333333333333334,0.00836021505376344,17.38405,78.45636,6.5
Surat,GujarÄt,21.205,72.84,2024,1,0.0115,-0.034,0.0115,14,30.47,22.131034946236557,35.0,11.6,55.53709677419355,11.153575268817205,0.0017069892473118278,21.19594,72.83023,6.5
Prayagraj,Uttar Pradesh,25.45,81.85,2024,1,0.1366,-0.1478,-0.0972,95,29.1,26.6,32.1,,55.0,7.5,,,,2.5
Kanpur,GujarÄt,24.285,72.6933,2024,1,0.5126,-0.1009,-0.4776,335,28.96,14.61231182795699,27.4,4.1,77.39435483870967,8.008198924731182,0.0314247311827957,26.46523,80.34975,6.5
Kanpur,Uttar Pradesh,26.4725,80.3311,2024,1,0.0512,0.1102,-0.0424,132,34.21,14.61231182795699,27.4,4.1,77.39435483870967,8.008198924731182,0.0314247311827957,26.46523,80.34975,6.5
Belahi,BihÄr,25.7167,86.4,2024,1,0.1454,-0.332,-0.0753,41,30.43,27.93,33.43,,55.0,7.5,,,,2.5
Vadodara,GujarÄt,22.3,73.2,2024,1,-0.0655,-0.116,0.0928,38,30.9,20.783776881720428,33.5,8.6,55.36854838709677,8.284059139784947,0.004986559139784946,22.29941,73.20812,6.5
Nadampalaiyam,Tamil NÄdu,11.1793,77.376,2024,1,0.0935,0.0904,-0.147,318,36.63,34.13,39.63,,55.0,7.5,,,,2.5
Lucknow,Uttar Pradesh,26.847,80.947,2024,1,0.0709,0.1029,-0.0952,115,33.58,14.294059139784947,26.8,3.5,77.76411290322581,8.090174731182795,0.03786290322580645,26.83928,80.92313,6.5
Kannankulam,Kerala,10.4799,76.1131,2024,1,0.3107,-0.1488,-0.273,13,29.0,26.5,32.0,,55.0,7.5,,,,2.5
Mahuakheraganj,UttarÄkhand,29.13,78.95,2024,1,0.0734,-0.1169,-0.0394,222,29.94,27.44,32.94,,55.0,7.5,,,,2.5
Nagla,UttarÄkhand,29.01,79.51,2024,1,0.1235,-0.1064,-0.1117,227,29.99,27.49,32.989999999999995,,55.0,7.5,,,,2.5
Jaipur,RÄjasthÄn,26.915,75.82,2024,1,0.4857,-0.1198,-0.428,441,32.71,14.308373655913979,28.1,2.7,62.82728494623656,8.242083333333333,0.02646505376344086,26.91962,75.78781,6.5
Kottarassheri,Kerala,10.6167,76.5333,2024,1,0.219,-0.2665,-0.185,147,28.02,25.52,31.02,,55.0,7.5,,,,2.5
Attadappa,Kerala,11.85,75.4167,2024,1,0.4404,-0.3282,-0.3555,37,29.75,27.25,32.75,,55.0,7.5,,,,2.5
Barmhan Kalan,Madhya Pradesh,23.0333,79.0167,2024,1,0.4018,-0.2296,-0.4072,337,27.9,25.4,30.9,,55.0,7.5,,,,2.5
Gorakhpur,ChhattÄ«sgarh,22.1688,81.6042,2024,1,0.3722,0.0139,-0.3707,305,28.3,25.8,31.3,,55.0,7.5,,,,2.5
Nagpur,MahÄrÄshtra,21.1497,79.0806,2024,1,0.4353,-0.1254,-0.4337,318,32.81,20.58133064516129,32.9,8.1,56.8377688172043,7.151948924731183,0.017419354838709676,21.14631,79.08491,6.5
Guwahati,Assam,26.1806,91.7502,2024,1,0.0002,0.1684,-0.21,57,34.59,17.49366935483871,27.5,8.4,77.26733870967742,6.03396505376344,0.020026881720430108,26.1844,91.7458,6.5
Ghaziabad,Uttar Pradesh,28.6667,77.4167,2024,1,-0.0642,-0.1016,0.1495,211,32.44,12.96893817204301,25.4,1.9,77.63467741935484,8.6725,0.047567204301075264,28.66535,77.43915,6.5
Coimbatore,Tamil NÄdu,11.0008,76.9633,2024,1,0.0731,0.024,-0.0589,417,36.48,24.230967741935483,33.6,14.8,62.895161290322584,9.489314516129033,0.02720430107526882,11.00555,76.96612,6.5
Patna,BihÄr,25.61,85.1414,2024,1,0.0888,0.1732,-0.1492,63,34.22,15.802849462365591,26.2,7.1,77.59919354838709,8.116397849462366,0.016922043010752688,25.59408,85.13563,6.5
Rajkot,GujarÄt,22.2969,70.7984,2024,1,-0.0359,0.15,0.0241,134,29.06,26.56,32.06,,55.0,7.5,,,,2.5
Vishakhapatnam,Andhra Pradesh,17.6939,83.2922,2024,1,0.2737,0.097,-0.3212,12,33.16,30.659999999999997,36.16,,55.0,7.5,,,,2.5
Indore,Madhya Pradesh,22.7186,75.855,2024,1,-0.0192,0.0549,0.0217,553,30.95,17.89548387096774,31.2,6.2,60.325537634408605,8.858575268817205,0.015376344086021506,22.71792,75.8333,6.5
Abhepur,Punjab,30.6667,76.8333,2024,1,-0.0099,-0.0879,0.0657,311,33.12,30.619999999999997,36.12,,55.0,7.5,,,,2.5
Gumanwala,UttarÄkhand,29.9333,77.9,2024,1,0.5018,-0.0615,-0.4688,277,29.97,27.47,32.97,,55.0,7.5,,,,2.5
Thane,MahÄrÄshtra,19.18,72.9633,2024,1,0.1201,-0.3065,-0.0395,14,29.55,23.57021505376344,35.8,11.6,59.83736559139785,7.8694758064516135,0.001532258064516129,19.19704,72.96355,5.97978494623656
Bhopal,Madhya Pradesh,23.25,77.4167,2024,1,-0.0599,-0.1828,0.1004,512,29.55,17.14024193548387,31.1,6.5,64.91505376344087,8.670887096774194,0.028830645161290323,23.25469,77.40289,6.5
Agra,Uttar Pradesh,27.18,78.02,2024,1,0.4841,-0.0198,-0.4859,184,31.79,13.721250000000001,26.7,3.0,77.71774193548387,7.740376344086021,0.04491935483870967,27.18333,78.01667,6.5
Peyanvilai,Tamil NÄdu,8.5674,78.1046,2024,1,0.1585,0.096,-0.227,8,38.86,36.36,41.86,,55.0,7.5,,,,2.5
Pimpri-Chinchwad,MahÄrÄshtra,18.6278,73.8131,2024,1,0.0797,-0.2178,-0.0374,584,31.19,20.824341397849462,33.2,8.2,59.30846774193548,6.219892473118279,0.003306451612903226,18.61867,73.80375,6.5
Harbatpur,UttarÄkhand,30.45,77.73,2024,1,0.2551,0.0755,-0.3223,445,29.29,26.79,32.29,,55.0,7.5,,,,2.5
Saundhonwali,UttarÄkhand,30.3331,77.9608,2024,1,0.0263,0.0615,-0.0832,612,30.39,27.89,33.39,,55.0,7.5,,,,2.5
Ludhiana,Punjab,30.9083,75.8486,2024,1,-0.0556,0.1019,0.0141,243,33.81,11.398319892473118,22.2,1.5,82.76639784946236,7.204583333333333,0.07833333333333332,30.91204,75.85379,6.5
Meerut,Uttar Pradesh,28.98,77.7064,2024,1,-0.0673,-0.0017,0.091,228,32.97,30.47,35.97,,55.0,7.5,,,,2.5
Madurai,Tamil NÄdu,9.9197,78.1194,2024,1,0.0882,0.1891,-0.295,141,38.78,25.47190860215054,35.2,15.1,66.73131720430108,9.643709677419354,0.034784946236559144,9.919,78.11953,6.5
Nasik,MahÄrÄshtra,20.0,73.7833,2024,1,0.07,-0.0176,-0.0365,588,29.69,27.19,32.69,,55.0,7.5,,,,2.5
Faridabad,HaryÄna,28.4167,77.3,2024,1,0.1731,0.0793,-0.1395,208,31.69,13.339932795698925,25.6,2.8,75.75255376344086,8.802217741935484,0.0397983870967742,28.41124,77.31316,6.5
Madarpur,BihÄr,26.227,84.6746,2024,1,0.1652,0.0859,-0.1784,69,29.83,27.33,32.83,,55.0,7.5,,,,2.5
Najafgarh,Delhi,28.6125,76.9847,2024,1,-0.0354,-0.0326,0.0718,220,32.27,29.770000000000003,35.27,,55.0,7.5,,,,2.5
Jabalpur,Madhya Pradesh,23.1667,79.9333,2024,1,-0.0126,-0.0375,0.0418,399,30.97,17.15013440860215,30.9,5.1,65.45712365591397,7.502379032258064,0.023911290322580644,23.16697,79.95006,6.5
Madanpur,UttarÄkhand,29.326,79.1537,2024,1,0.6047,-0.2803,-0.463,315,30.06,27.56,33.06,,55.0,7.5,,,,2.5
Kamalwaganja Gaur,UttarÄkhand,29.2117,79.4654,2024,1,0.1786,-0.1273,-0.1631,383,31.42,28.92,34.42,,55.0,7.5,,,,2.5
Kalyan,MahÄrÄshtra,19.25,73.15,2024,1,0.0943,0.0662,-0.0674,10,30.02,27.52,33.019999999999996,,55.0,7.5,,,,2.5
Asansol,West Bengal,23.6833,86.9667,2024,1,0.22,0.1833,-0.2469,125,33.53,31.03,36.53,,55.0,7.5,,,,2.5
Vijayawada,Andhra Pradesh,16.5167,80.6167,2024,1,0.1109,-0.0938,-0.0561,27,32.01,24.579395161290325,34.7,14.9,70.73521505376344,6.980873655913978,0.01424731182795699,16.50745,80.6466,6.5
Vasai-Virar,MahÄrÄshtra,19.47,72.8,2024,1,0.2296,-0.0235,-0.2056,0,28.92,26.42,31.92,,55.0,7.5,,,,2.5
Varanasi,Uttar Pradesh,25.3189,83.0128,2024,1,0.1362,0.064,-0.179,78,31.72,15.528897849462366,27.6,5.5,76.55483870967743,7.823266129032258,0.029704301075268818,25.31668,83.01041,6.5
Kalleli,Kerala,9.2,76.8833,2024,1,0.3053,-0.1842,-0.2298,133,26.38,23.88,29.38,,55.0,7.5,,,,2.5
Srinagar,Jammu and KashmÄ«r,34.0911,74.8061,2024,1,0.1602,0.1112,-0.2076,1595,30.44,-1.7122043010752688,14.3,-16.6,66.40900537634408,4.477352150537635,0.19651881720430106,34.08565,74.80555,6.5
Aurangabad,MahÄrÄshtra,19.88,75.32,2024,1,0.2784,-0.1881,-0.2159,564,29.59,21.19081989247312,32.6,9.8,52.36438172043011,8.416451612903225,0.0035080645161290323,19.87757,75.34226,6.5
Dhanbad,JhÄrkhand,23.7928,86.435,2024,1,0.4472,-0.0527,-0.3853,245,32.29,17.05918010752688,30.5,6.0,67.77190860215053,7.728736559139786,0.01907258064516129,23.79759,86.42992,6.5
Amritsar,Punjab,31.6269,74.877,2024,1,0.0849,0.0341,-0.1126,234,32.87,11.167325268817203,21.6,0.7,81.14543010752688,6.424623655913978,0.07563172043010753,31.62234,74.87534,6.5
Haora,West Bengal,22.58,88.3294,2024,1,-0.0267,-0.1339,0.0775,12,32.44,29.939999999999998,35.44,,55.0,7.5,,,,2.5
Ranchi,JhÄrkhand,23.3556,85.3347,2024,1,0.405,-0.1029,-0.3605,643,31.69,15.78606182795699,27.8,5.8,64.33212365591397,8.793723118279571,0.016209677419354838,23.34316,85.3094,6.5
Gwalior,Madhya Pradesh,26.2125,78.1775,2024,1,0.0392,0.0814,-0.0751,215,31.37,14.731962365591398,28.8,4.4,72.68924731182796,7.504677419354839,0.04174731182795699,26.22983,78.17337,6.5
Jodhpur,RÄjasthÄn,26.2944,73.0278,2024,1,0.1298,0.0893,-0.1831,251,34.23,16.466290322580644,29.5,4.3,51.160483870967745,10.243172043010752,0.007930107526881721,26.26841,73.00594,6.5
Chandigarh,ChandÄ«garh,30.7364,76.7883,2024,1,0.0903,-0.0773,-0.0598,349,31.61,12.27198924731183,23.4,3.0,74.95833333333333,8.758077956989247,0.08446236559139784,30.73629,76.7884,6.5
Raipur,ChhattÄ«sgarh,21.2379,81.6337,2024,1,0.0297,0.1357,0.0115,309,33.21,19.693870967741933,32.1,7.6,60.54744623655914,6.05239247311828,0.011868279569892472,21.23333,81.63333,6.5
Warangal,TelangÄna,17.9756,79.6011,2024,1,0.0355,0.1713,-0.0894,269,31.86,29.36,34.86,,55.0,7.5,,,,2.5
Kota,RÄjasthÄn,25.18,75.83,2024,1,-0.0127,-0.1492,0.0677,230,32.31,16.201424731182797,30.9,4.0,65.39583333333333,6.7313575268817205,0.034408602150537634,25.18254,75.83907,6.5
Bareilly,Uttar Pradesh,28.364,79.415,2024,1,-0.1315,0.1352,0.1389,180,33.16,13.398158602150538,26.2,2.7,79.68387096774194,8.500013440860215,0.04321236559139785,28.36678,79.43167,6.5
Solapur,MahÄrÄshtra,17.6703,75.9011,2024,1,0.1497,0.0053,-0.1544,474,32.55,24.536250000000003,34.5,13.1,44.965860215053766,10.911586021505377,0.0020161290322580645,17.67152,75.91044,6.5
Hubli,KarnÄtaka,15.3108,75.0925,2024,1,0.2106,-0.0598,-0.1649,618,28.6,26.1,31.6,,55.0,7.5,,,,2.5
Mysore,KarnÄtaka,12.3086,76.6531,2024,1,0.0397,0.108,-0.0528,747,31.02,28.52,34.019999999999996,,55.0,7.5,,,,2.5
Trichinopoly,Tamil NÄdu,10.8269,78.6928,2024,1,0.2714,0.0098,-0.3122,74,37.06,34.56,40.06,,55.0,7.5,,,,2.5
Moradabad,Uttar Pradesh,28.8389,78.7769,2024,1,0.0421,-0.0243,-0.0276,205,32.74,30.240000000000002,35.74,,55.0,7.5,,,,2.5
Tiruppur,Tamil NÄdu,11.1075,77.3398,2024,1,0.3256,-0.0696,-0.3328,305,37.88,25.208333333333332,35.5,15.6,62.428360215053765,7.9706048387096775,0.022473118279569892,11.11541,77.35456,6.5
Jamnagar,GujarÄt,22.47,70.07,2024,1,0.2682,-0.0302,-0.2308,21,30.84,28.34,33.84,,55.0,7.5,,,,2.5
Gurgaon,HaryÄna,28.4667,77.0333,2024,1,0.2248,-0.0312,-0.2415,224,31.7,29.2,34.7,,55.0,7.5,,,,2.5
Aligarh,Uttar Pradesh,27.88,78.08,2024,1,0.0554,-0.0398,-0.1187,190,31.97,13.301666666666666,25.8,2.9,77.90201612903226,8.30231182795699,0.043857526881720434,27.88145,78.07464,6.5
Jalandhar,Punjab,31.3256,75.5792,2024,1,0.3241,-0.0747,-0.3244,242,33.3,30.799999999999997,36.3,,55.0,7.5,,,,2.5
Bhubaneshwar,Odisha,20.295,85.825,2024,1,0.1449,-0.068,-0.1729,47,28.39,25.89,31.39,,55.0,7.5,,,,2.5
Bhayandar,MahÄrÄshtra,19.3,72.85,2024,1,0.1914,0.1092,-0.189,9,29.55,27.05,32.55,,55.0,7.5,,,,2.5
Narela,Delhi,28.85,77.1,2024,1,0.4481,-0.1418,-0.3358,212,30.56,28.06,33.56,,55.0,7.5,,,,2.5
Shishgarh,Uttar Pradesh,28.72,79.32,2024,1,0.3228,-0.1216,-0.2782,181,30.49,27.99,33.489999999999995,,55.0,7.5,,,,2.5
Thiruvananthapuram,Kerala,8.4875,76.9525,2024,1,0.0816,0.0086,-0.0957,15,33.91,31.409999999999997,36.91,,55.0,7.5,,,,2.5
Durgapur,West Bengal,23.55,87.32,2024,1,0.4062,0.0383,-0.4003,90,32.57,30.07,35.57,,55.0,7.5,,,,2.5
Bhiwandi,MahÄrÄshtra,19.3,73.0667,2024,1,0.0567,-0.054,-0.0613,25,31.63,29.13,34.629999999999995,,55.0,7.5,,,,2.5
Saharanpur,Uttar Pradesh,29.964,77.546,2024,1,0.0013,-0.0541,0.0306,280,32.42,29.92,35.42,,55.0,7.5,,,,2.5
Shiliguri,West Bengal,26.72,88.42,2024,1,0.1038,-0.0591,-0.0735,119,37.03,34.53,40.03,,55.0,7.5,,,,2.5
Avadi,Tamil NÄdu,13.1147,80.1098,2024,1,0.3323,-0.0772,-0.3336,32,34.78,32.28,37.78,,55.0,7.5,,,,2.5
Salem,Tamil NÄdu,11.65,78.1667,2024,1,0.0564,0.0953,-0.1584,285,37.46,34.96,40.46,,55.0,7.5,,,,2.5
Jui,UttarÄkhand,29.67,78.9098,2024,1,0.0176,-0.1944,0.0112,890,26.09,23.59,29.09,,55.0,7.5,,,,2.5
Amaldu,UttarÄkhand,29.9333,78.5333,2024,1,0.762,-0.2591,-0.6128,1406,25.2,22.7,28.2,,55.0,7.5,,,,2.5
Kimsar,Jammu and KashmÄ«r,34.5,74.5333,2024,1,0.6776,-0.146,-0.6276,3058,18.74,16.24,21.74,,55.0,7.5,,,,2.5
Sinduri,HimÄchal Pradesh,30.7167,77.15,2024,1,0.1319,-0.3043,-0.115,943,26.44,23.94,29.44,,55.0,7.5,,,,2.5
Gorakhpur,Uttar Pradesh,26.7611,83.3667,2024,1,-0.0192,-0.0403,0.0784,84,33.59,31.090000000000003,36.59,,55.0,7.5,,,,2.5
Guntur,Andhra Pradesh,16.3,80.45,2024,1,0.096,-0.0393,-0.0431,34,36.45,33.95,39.45,,55.0,7.5,,,,2.5
Karaikandi,Assam,24.8309,92.6143,2024,1,0.8852,-0.3455,-0.7204,20,29.62,27.12,32.620000000000005,,55.0,7.5,,,,2.5
Mumbai,MahÄrÄshtra,19.0758,72.8775,2024,1,0.0202,0.0177,-0.1111,5,33.02,23.31008064516129,33.2,14.2,64.56397849462365,10.32875,0.001411290322580645,19.07283,72.88261,6.5
Kolkata,West Bengal,22.5675,88.37,2024,1,0.0992,0.0723,-0.1369,6,32.44,18.926102150537638,30.6,9.0,71.28346774193548,7.722836021505376,0.016223118279569893,22.56263,88.36304,6.5
Delhi,Delhi,28.66,77.23,2024,1,0.1552,0.0838,-0.2612,219,31.92,29.42,34.92,,55.0,7.5,,,,2.5
Chennai,Tamil NÄdu,13.0825,80.275,2024,1,0.0656,0.2774,-0.0692,9,32.18,24.796142473118277,30.5,17.3,74.35887096774194,11.460672043010751,0.02995967741935484,13.08784,80.27847,6.5
Bangalore,KarnÄtaka,12.9791,77.5913,2024,1,0.2509,-0.0633,-0.2568,924,28.04,25.54,31.04,,55.0,7.5,,,,2.5
Ahmedabad,GujarÄt,23.0219,72.5797,2024,1,0.2427,-0.0172,-0.2681,52,33.08,30.58,36.08,,55.0,7.5,,,,2.5
Pune,MahÄrÄshtra,18.5211,73.8553,2024,1,0.4051,-0.1047,-0.386,554,31.47,28.97,34.47,,55.0,7.5,,,,2.5
Hyderabad,TelangÄna,17.3617,78.4747,2024,1,0.1597,0.0897,-0.2904,508,32.88,21.84111559139785,33.6,10.9,59.34206989247312,8.333333333333334,0.00836021505376344,17.38405,78.45636,6.5
Surat,GujarÄt,21.205,72.84,2024,1,0.1395,0.0927,-0.2185,14,33.36,22.131034946236557,35.0,11.6,55.53709677419355,11.153575268817205,0.0017069892473118278,21.19594,72.83023,6.5
Prayagraj,Uttar Pradesh,25.45,81.85,2024,1,0.3772,-0.0577,-0.362,95,32.12,29.619999999999997,35.12,,55.0,7.5,,,,2.5
Kanpur,GujarÄt,24.285,72.6933,2024,1,0.5874,-0.1301,-0.5521,335,30.98,14.61231182795699,27.4,4.1,77.39435483870967,8.008198924731182,0.0314247311827957,26.46523,80.34975,6.5
Kanpur,Uttar Pradesh,26.4725,80.3311,2024,1,0.1087,0.12,-0.1432,132,30.88,14.61231182795699,27.4,4.1,77.39435483870967,8.008198924731182,0.0314247311827957,26.46523,80.34975,6.5
Belahi,BihÄr,25.7167,86.4,2024,1,0.0458,-0.3353,0.0759,41,28.95,26.45,31.95,,55.0,7.5,,,,2.5
Vadodara,GujarÄt,22.3,73.2,2024,1,0.353,-0.0455,-0.3356,38,33.48,20.783776881720428,33.5,8.6,55.36854838709677,8.284059139784947,0.004986559139784946,22.29941,73.20812,6.5
Nadampalaiyam,Tamil NÄdu,11.1793,77.376,2024,1,0.1406,-0.0969,-0.153,318,30.29,27.79,33.29,,55.0,7.5,,,,2.5
Lucknow,Uttar Pradesh,26.847,80.947,2024,1,0.0883,0.1025,-0.1374,115,32.3,14.294059139784947,26.8,3.5,77.76411290322581,8.090174731182795,0.03786290322580645,26.83928,80.92313,6.5
Kannankulam,Kerala,10.4799,76.1131,2024,1,0.4387,-0.1332,-0.3961,13,27.48,24.98,30.48,,55.0,7.5,,,,2.5
Mahuakheraganj,UttarÄkhand,29.13,78.95,2024,1,0.2802,-0.039,-0.2499,222,28.76,26.26,31.76,,55.0,7.5,,,,2.5
Nagla,UttarÄkhand,29.01,79.51,2024,1,0.5012,-0.0968,-0.4477,227,29.22,26.72,32.22,,55.0,7.5,,,,2.5
Jaipur,RÄjasthÄn,26.915,75.82,2024,1,0.4754,-0.0829,-0.5085,441,33.26,14.308373655913979,28.1,2.7,62.82728494623656,8.242083333333333,0.02646505376344086,26.91962,75.78781,6.5
Kottarassheri,Kerala,10.6167,76.5333,2024,1,0.5621,-0.1722,-0.4851,147,28.59,26.09,31.59,,55.0,7.5,,,,2.5
Attadappa,Kerala,11.85,75.4167,2024,1,0.4732,-0.2717,-0.4064,37,24.73,22.23,27.73,,55.0,7.5,,,,2.5
Barmhan Kalan,Madhya Pradesh,23.0333,79.0167,2024,1,0.7614,-0.2791,-0.667,337,30.24,27.74,33.239999999999995,,55.0,7.5,,,,2.5
Gorakhpur,ChhattÄ«sgarh,22.1688,81.6042,2024,1,0.4003,-0.0688,-0.3935,305,28.78,26.28,31.78,,55.0,7.5,,,,2.5
Nagpur,MahÄrÄshtra,21.1497,79.0806,2024,1,0.3206,-0.1332,-0.3039,318,31.81,20.58133064516129,32.9,8.1,56.8377688172043,7.151948924731183,0.017419354838709676,21.14631,79.08491,6.5
Guwahati,Assam,26.1806,91.7502,2024,1,0.0176,0.1496,-0.0291,57,27.74,17.49366935483871,27.5,8.4,77.26733870967742,6.03396505376344,0.020026881720430108,26.1844,91.7458,6.5
Ghaziabad,Uttar Pradesh,28.6667,77.4167,2024,1,0.3138,-0.0235,-0.3251,211,32.26,12.96893817204301,25.4,1.9,77.63467741935484,8.6725,0.047567204301075264,28.66535,77.43915,6.5
Coimbatore,Tamil NÄdu,11.0008,76.9633,2024,1,0.0651,-0.1172,-0.0458,417,31.09,24.230967741935483,33.6,14.8,62.895161290322584,9.489314516129033,0.02720430107526882,11.00555,76.96612,6.5
Patna,BihÄr,25.61,85.1414,2024,1,0.1127,0.1881,-0.0659,63,31.22,15.802849462365591,26.2,7.1,77.59919354838709,8.116397849462366,0.016922043010752688,25.59408,85.13563,6.5
Rajkot,GujarÄt,22.2969,70.7984,2024,1,-0.0213,0.1655,0.0169,134,32.82,30.32,35.82,,55.0,7.5,,,,2.5
Vishakhapatnam,Andhra Pradesh,17.6939,83.2922,2024,1,0.3359,0.0128,-0.3496,12,30.8,28.3,33.8,,55.0,7.5,,,,2.5
Indore,Madhya Pradesh,22.7186,75.855,2024,1,0.0303,0.1009,-0.121,553,32.42,17.89548387096774,31.2,6.2,60.325537634408605,8.858575268817205,0.015376344086021506,22.71792,75.8333,6.5
Abhepur,Punjab,30.6667,76.8333,2024,1,0.1907,0.0118,-0.2445,311,30.5,28.0,33.5,,55.0,7.5,,,,2.5
Gumanwala,UttarÄkhand,29.9333,77.9,2024,1,0.4032,0.0687,-0.4201,277,28.85,26.35,31.85,,55.0,7.5,,,,2.5
Thane,MahÄrÄshtra,19.18,72.9633,2024,1,0.2603,-0.1146,-0.2553,14,32.13,23.57021505376344,35.8,11.6,59.83736559139785,7.8694758064516135,0.001532258064516129,19.19704,72.96355,6.5
Bhopal,Madhya Pradesh,23.25,77.4167,2024,1,0.1155,0.1256,-0.1499,512,31.3,17.14024193548387,31.1,6.5,64.91505376344087,8.670887096774194,0.028830645161290323,23.25469,77.40289,6.5
Agra,Uttar Pradesh,27.18,78.02,2024,1,0.4704,0.023,-0.5014,184,31.93,13.721250000000001,26.7,3.0,77.71774193548387,7.740376344086021,0.04491935483870967,27.18333,78.01667,6.5
Peyanvilai,Tamil NÄdu,8.5674,78.1046,2024,1,0.1253,-0.0174,-0.1423,8,37.32,34.82,40.32,,55.0,7.5,,,,2.5
Pimpri-Chinchwad,MahÄrÄshtra,18.6278,73.8131,2024,1,0.7377,-0.2241,-0.6766,584,31.73,20.824341397849462,33.2,8.2,59.30846774193548,6.219892473118279,0.003306451612903226,18.61867,73.80375,6.5
Harbatpur,UttarÄkhand,30.45,77.73,2024,1,0.259,0.0739,-0.353,445,27.22,24.72,30.22,,55.0,7.5,,,,2.5
Saundhonwali,UttarÄkhand,30.3331,77.9608,2024,1,0.0771,0.0661,-0.1489,612,27.16,24.66,30.16,,55.0,7.5,,,,2.5
Ludhiana,Punjab,30.9083,75.8486,2024,1,0.3961,-0.0913,-0.4232,243,31.3,11.398319892473118,22.2,1.5,82.76639784946236,7.204583333333333,0.07833333333333332,30.91204,75.85379,6.5
Meerut,Uttar Pradesh,28.98,77.7064,2024,1,0.134,0.1384,-0.2167,228,31.59,29.09,34.59,,55.0,7.5,,,,2.5
Madurai,Tamil NÄdu,9.9197,78.1194,2024,1,0.1221,0.2551,-0.3062,141,35.31,25.47190860215054,35.2,15.1,66.73131720430108,9.643709677419354,0.034784946236559144,9.919,78.11953,6.5
Nasik,MahÄrÄshtra,20.0,73.7833,2024,1,0.1219,0.1367,-0.1666,588,31.02,28.52,34.019999999999996,,55.0,7.5,,,,2.5
Faridabad,HaryÄna,28.4167,77.3,2024,1,0.2892,0.0716,-0.3066,208,31.46,13.339932795698925,25.6,2.8,75.75255376344086,8.802217741935484,0.0397983870967742,28.41124,77.31316,6.5
Madarpur,BihÄr,26.227,84.6746,2024,1,0.2277,0.0382,-0.251,69,29.56,27.06,32.56,,55.0,7.5,,,,2.5
Najafgarh,Delhi,28.6125,76.9847,2024,1,0.1362,0.1067,-0.1795,220,32.47,29.97,35.47,,55.0,7.5,,,,2.5
Jabalpur,Madhya Pradesh,23.1667,79.9333,2024,1,0.1311,0.1813,-0.1437,399,32.83,17.15013440860215,30.9,5.1,65.45712365591397,7.502379032258064,0.023911290322580644,23.16697,79.95006,6.5
Madanpur,UttarÄkhand,29.326,79.1537,2024,1,0.587,-0.3016,-0.4972,315,28.14,25.64,31.14,,55.0,7.5,,,,2.5
Kamalwaganja Gaur,UttarÄkhand,29.2117,79.4654,2024,1,0.5387,-0.148,-0.4791,383,28.93,26.43,31.93,,55.0,7.5,,,,2.5
Kalyan,MahÄrÄshtra,19.25,73.15,2024,1,0.2245,0.2049,-0.1661,10,31.77,29.27,34.769999999999996,,55.0,7.5,,,,2.5
Asansol,West Bengal,23.6833,86.9667,2024,1,0.1505,0.0895,-0.1012,125,31.53,29.03,34.53,,55.0,7.5,,,,2.5
Vijayawada,Andhra Pradesh,16.5167,80.6167,2024,1,0.3723,-0.1056,-0.3333,27,28.4,24.579395161290325,34.7,14.9,70.73521505376344,6.980873655913978,0.01424731182795699,16.50745,80.6466,3.8206048387096736
Vasai-Virar,MahÄrÄshtra,19.47,72.8,2024,1,0.14,0.1457,-0.1694,0,30.4,27.9,33.4,,55.0,7.5,,,,2.5
Varanasi,Uttar Pradesh,25.3189,83.0128,2024,1,0.1848,0.0184,-0.2371,78,31.52,15.528897849462366,27.6,5.5,76.55483870967743,7.823266129032258,0.029704301075268818,25.31668,83.01041,6.5
Kalleli,Kerala,9.2,76.8833,2024,1,0.5239,-0.2292,-0.4498,133,28.71,26.21,31.71,,55.0,7.5,,,,2.5
Srinagar,Jammu and KashmÄ«r,34.0911,74.8061,2024,1,0.1636,0.1049,-0.1995,1595,23.22,-1.7122043010752688,14.3,-16.6,66.40900537634408,4.477352150537635,0.19651881720430106,34.08565,74.80555,6.5
Aurangabad,MahÄrÄshtra,19.88,75.32,2024,1,0.4332,-0.1116,-0.4337,564,32.25,21.19081989247312,32.6,9.8,52.36438172043011,8.416451612903225,0.0035080645161290323,19.87757,75.34226,6.5
Dhanbad,JhÄrkhand,23.7928,86.435,2024,1,0.2312,-0.0492,-0.1467,245,32.48,17.05918010752688,30.5,6.0,67.77190860215053,7.728736559139786,0.01907258064516129,23.79759,86.42992,6.5
Amritsar,Punjab,31.6269,74.877,2024,1,0.045,0.0494,-0.0805,234,31.12,11.167325268817203,21.6,0.7,81.14543010752688,6.424623655913978,0.07563172043010753,31.62234,74.87534,6.5
Haora,West Bengal,22.58,88.3294,2024,1,0.0352,0.1177,-0.0342,12,30.97,28.47,33.97,,55.0,7.5,,,,2.5
Ranchi,JhÄrkhand,23.3556,85.3347,2024,1,0.2953,-0.1291,-0.2159,643,29.29,15.78606182795699,27.8,5.8,64.33212365591397,8.793723118279571,0.016209677419354838,23.34316,85.3094,6.5
Gwalior,Madhya Pradesh,26.2125,78.1775,2024,1,0.065,0.1174,-0.173,215,31.8,14.731962365591398,28.8,4.4,72.68924731182796,7.504677419354839,0.04174731182795699,26.22983,78.17337,6.5
Jodhpur,RÄjasthÄn,26.2944,73.0278,2024,1,0.1776,0.0815,-0.2268,251,34.44,16.466290322580644,29.5,4.3,51.160483870967745,10.243172043010752,0.007930107526881721,26.26841,73.00594,6.5
Chandigarh,ChandÄ«garh,30.7364,76.7883,2024,1,0.4337,-0.1156,-0.4235,349,29.22,12.27198924731183,23.4,3.0,74.95833333333333,8.758077956989247,0.08446236559139784,30.73629,76.7884,6.5
Raipur,ChhattÄ«sgarh,21.2379,81.6337,2024,1,0.102,0.076,-0.1359,309,32.74,19.693870967741933,32.1,7.6,60.54744623655914,6.05239247311828,0.011868279569892472,21.23333,81.63333,6.5
Warangal,TelangÄna,17.9756,79.6011,2024,1,0.0784,0.0839,-0.1167,269,31.78,29.28,34.78,,55.0,7.5,,,,2.5
Kota,RÄjasthÄn,25.18,75.83,2024,1,0.1523,0.0266,-0.1996,230,32.18,16.201424731182797,30.9,4.0,65.39583333333333,6.7313575268817205,0.034408602150537634,25.18254,75.83907,6.5
Bareilly,Uttar Pradesh,28.364,79.415,2024,1,0.1087,0.1537,-0.1702,180,31.95,13.398158602150538,26.2,2.7,79.68387096774194,8.500013440860215,0.04321236559139785,28.36678,79.43167,6.5
Solapur,MahÄrÄshtra,17.6703,75.9011,2024,1,0.1304,0.03,-0.129,474,31.69,24.536250000000003,34.5,13.1,44.965860215053766,10.911586021505377,0.0020161290322580645,17.67152,75.91044,6.5
Hubli,KarnÄtaka,15.3108,75.0925,2024,1,0.2443,0.0357,-0.257,618,29.36,26.86,32.36,,55.0,7.5,,,,2.5
Mysore,KarnÄtaka,12.3086,76.6531,2024,1,0.0449,0.1101,-0.0516,747,29.11,26.61,32.11,,55.0,7.5,,,,2.5
Trichinopoly,Tamil NÄdu,10.8269,78.6928,2024,1,0.3017,0.011,-0.3395,74,32.92,30.42,35.92,,55.0,7.5,,,,2.5
Moradabad,Uttar Pradesh,28.8389,78.7769,2024,1,0.125,0.0737,-0.1308,205,31.46,28.96,34.46,,55.0,7.5,,,,2.5
Tiruppur,Tamil NÄdu,11.1075,77.3398,2024,1,0.3121,-0.0479,-0.3014,305,33.51,25.208333333333332,35.5,15.6,62.428360215053765,7.9706048387096775,0.022473118279569892,11.11541,77.35456,6.5
Jamnagar,GujarÄt,22.47,70.07,2024,1,0.312,0.0066,-0.2837,21,34.42,31.92,37.42,,55.0,7.5,,,,2.5
Gurgaon,HaryÄna,28.4667,77.0333,2024,1,0.215,-0.0407,-0.2628,224,32.02,29.520000000000003,35.02,,55.0,7.5,,,,2.5
Aligarh,Uttar Pradesh,27.88,78.08,2024,1,0.2539,-0.0108,-0.2912,190,33.05,13.301666666666666,25.8,2.9,77.90201612903226,8.30231182795699,0.043857526881720434,27.88145,78.07464,6.5
Jalandhar,Punjab,31.3256,75.5792,2024,1,0.1953,-0.0396,-0.2454,242,31.08,28.58,34.08,,55.0,7.5,,,,2.5
Bhubaneshwar,Odisha,20.295,85.825,2024,1,0.0787,-0.0526,-0.1119,47,29.75,27.25,32.75,,55.0,7.5,,,,2.5
Bhayandar,MahÄrÄshtra,19.3,72.85,2024,1,0.214,0.1031,-0.3258,9,32.62,30.119999999999997,35.62,,55.0,7.5,,,,2.5
Narela,Delhi,28.85,77.1,2024,1,0.5141,-0.1304,-0.5122,212,30.87,28.37,33.870000000000005,,55.0,7.5,,,,2.5
Shishgarh,Uttar Pradesh,28.72,79.32,2024,1,0.5218,-0.0706,-0.4917,181,29.14,26.64,32.14,,55.0,7.5,,,,2.5
Thiruvananthapuram,Kerala,8.4875,76.9525,2024,1,0.0875,-0.0504,-0.0878,15,34.49,31.990000000000002,37.49,,55.0,7.5,,,,2.5
Dispur,Assam,26.15,91.77,2024,1,0.4818,-0.2335,-0.3894,116,29.8,27.3,32.8,,55.0,7.5,,,,2.5
Durgapur,West Bengal,23.55,87.32,2024,1,0.3297,-0.0751,-0.2467,90,30.48,27.98,33.480000000000004,,55.0,7.5,,,,2.5
Bhiwandi,MahÄrÄshtra,19.3,73.0667,2024,1,0.0885,-0.1214,-0.138,25,35.65,33.15,38.65,,55.0,7.5,,,,2.5
Saharanpur,Uttar Pradesh,29.964,77.546,2024,1,0.0624,0.0583,-0.092,280,30.88,28.38,33.879999999999995,,55.0,7.5,,,,2.5
Shiliguri,West Bengal,26.72,88.42,2024,1,-0.0462,0.0902,0.0154,119,30.73,28.23,33.730000000000004,,55.0,7.5,,,,2.5
Avadi,Tamil NÄdu,13.1147,80.1098,2024,1,0.3909,-0.0396,-0.3809,32,31.9,29.4,34.9,,55.0,7.5,,,,2.5
Salem,Tamil NÄdu,11.65,78.1667,2024,1,0.1134,0.0265,-0.1346,285,32.37,29.869999999999997,35.37,,55.0,7.5,,,,2.5
Jui,UttarÄkhand,29.67,78.9098,2024,1,0.8241,-0.2646,-0.7314,890,23.77,21.27,26.77,,55.0,7.5,,,,2.5
Amaldu,UttarÄkhand,29.9333,78.5333,2024,1,0.7828,-0.2209,-0.6996,1406,22.98,20.48,25.98,,55.0,7.5,,,,2.5
Kimsar,Jammu and KashmÄ«r,34.5,74.5333,2024,1,0.6427,-0.2088,-0.6146,3058,15.08,12.58,18.08,,55.0,7.5,,,,2.5
Sinduri,HimÄchal Pradesh,30.7167,77.15,2024,1,0.6039,-0.1377,-0.5896,943,24.72,22.22,27.72,,55.0,7.5,,,,2.5
Gorakhpur,Uttar Pradesh,26.7611,83.3667,2024,1,0.1271,0.1021,-0.1495,84,31.14,28.64,34.14,,55.0,7.5,,,,2.5
Guntur,Andhra Pradesh,16.3,80.45,2024,1,0.1546,-0.0553,-0.1553,34,32.69,30.189999999999998,35.69,,55.0,7.5,,,,2.5
Karaikandi,Assam,24.8309,92.6143,2024,1,0.3456,-0.1829,-0.2001,20,27.13,24.63,30.13,,55.0,7.5,,,,2.5
Mumbai,MahÄrÄshtra,19.0758,72.8775,2024,1,0.0531,0.0298,-0.0965,5,33.6,23.31008064516129,33.2,14.2,64.56397849462365,10.32875,0.001411290322580645,19.07283,72.88261,6.5
Kolkata,West Bengal,22.5675,88.37,2024,1,0.1058,0.0174,-0.1261,6,29.43,18.926102150537638,30.6,9.0,71.28346774193548,7.722836021505376,0.016223118279569893,22.56263,88.36304,6.5
Delhi,Delhi,28.66,77.23,2024,1,0.1401,0.0511,-0.1821,219,24.73,22.23,27.73,,55.0,7.5,,,,2.5
Chennai,Tamil NÄdu,13.0825,80.275,2024,1,0.0326,-0.1075,-0.0112,9,26.85,24.796142473118277,30.5,17.3,74.35887096774194,11.460672043010751,0.02995967741935484,13.08784,80.27847,2.0538575268817247
Bangalore,KarnÄtaka,12.9791,77.5913,2024,1,0.2989,-0.0455,-0.3209,924,26.97,24.47,29.97,,55.0,7.5,,,,2.5
Ahmedabad,GujarÄt,23.0219,72.5797,2024,1,0.2116,-0.0063,-0.2549,52,29.64,27.14,32.64,,55.0,7.5,,,,2.5
Pune,MahÄrÄshtra,18.5211,73.8553,2024,1,0.3336,-0.0709,-0.3307,554,27.93,25.43,30.93,,55.0,7.5,,,,2.5
Hyderabad,TelangÄna,17.3617,78.4747,2024,1,0.0995,0.1714,-0.1363,508,29.52,21.84111559139785,33.6,10.9,59.34206989247312,8.333333333333334,0.00836021505376344,17.38405,78.45636,6.5
Surat,GujarÄt,21.205,72.84,2024,1,0.1391,0.0419,-0.2205,14,31.35,22.131034946236557,35.0,11.6,55.53709677419355,11.153575268817205,0.0017069892473118278,21.19594,72.83023,6.5
Prayagraj,Uttar Pradesh,25.45,81.85,2024,1,0.4421,-0.0789,-0.4617,95,26.0,23.5,29.0,,55.0,7.5,,,,2.5
Kanpur,GujarÄt,24.285,72.6933,2024,1,0.5192,-0.122,-0.5471,335,28.46,14.61231182795699,27.4,4.1,77.39435483870967,8.008198924731182,0.0314247311827957,26.46523,80.34975,6.5
Kanpur,Uttar Pradesh,26.4725,80.3311,2024,1,0.1266,0.0422,-0.1881,132,25.92,14.61231182795699,27.4,4.1,77.39435483870967,8.008198924731182,0.0314247311827957,26.46523,80.34975,6.5
Belahi,BihÄr,25.7167,86.4,2024,1,0.0963,-0.3265,-0.0627,41,27.09,24.59,30.09,,55.0,7.5,,,,2.5
Vadodara,GujarÄt,22.3,73.2,2024,1,0.3095,-0.0105,-0.3058,38,30.1,20.783776881720428,33.5,8.6,55.36854838709677,8.284059139784947,0.004986559139784946,22.29941,73.20812,6.5
Nadampalaiyam,Tamil NÄdu,11.1793,77.376,2024,1,0.1285,-0.081,-0.0872,318,27.78,25.28,30.78,,55.0,7.5,,,,2.5
Lucknow,Uttar Pradesh,26.847,80.947,2024,1,0.073,0.1384,-0.1141,115,26.46,14.294059139784947,26.8,3.5,77.76411290322581,8.090174731182795,0.03786290322580645,26.83928,80.92313,6.5
Kannankulam,Kerala,10.4799,76.1131,2024,1,0.5005,-0.1403,-0.4275,13,28.92,26.42,31.92,,55.0,7.5,,,,2.5
Mahuakheraganj,UttarÄkhand,29.13,78.95,2024,1,0.1386,0.0385,-0.1677,222,24.86,22.36,27.86,,55.0,7.5,,,,2.5
Nagla,UttarÄkhand,29.01,79.51,2024,1,0.3287,0.0278,-0.3111,227,23.04,20.54,26.04,,55.0,7.5,,,,2.5
Jaipur,RÄjasthÄn,26.915,75.82,2024,1,0.4946,-0.1031,-0.5176,441,27.05,14.308373655913979,28.1,2.7,62.82728494623656,8.242083333333333,0.02646505376344086,26.91962,75.78781,6.5
Kottarassheri,Kerala,10.6167,76.5333,2024,1,0.4718,-0.0995,-0.4662,147,28.57,26.07,31.57,,55.0,7.5,,,,2.5
Attadappa,Kerala,11.85,75.4167,2024,1,0.8153,-0.341,-0.7118,37,30.19,27.69,33.19,,55.0,7.5,,,,2.5
Barmhan Kalan,Madhya Pradesh,23.0333,79.0167,2024,1,0.6451,-0.2426,-0.6181,337,25.82,23.32,28.82,,55.0,7.5,,,,2.5
Gorakhpur,ChhattÄ«sgarh,22.1688,81.6042,2024,1,0.3181,-0.0184,-0.3578,305,27.6,25.1,30.6,,55.0,7.5,,,,2.5
Nagpur,MahÄrÄshtra,21.1497,79.0806,2024,1,0.3457,-0.1322,-0.3593,318,27.54,20.58133064516129,32.9,8.1,56.8377688172043,7.151948924731183,0.017419354838709676,21.14631,79.08491,6.5
Guwahati,Assam,26.1806,91.7502,2024,1,0.0267,0.1527,-0.2306,57,25.78,17.49366935483871,27.5,8.4,77.26733870967742,6.03396505376344,0.020026881720430108,26.1844,91.7458,6.5
Ghaziabad,Uttar Pradesh,28.6667,77.4167,2024,1,0.2316,-0.0195,-0.2617,211,25.34,12.96893817204301,25.4,1.9,77.63467741935484,8.6725,0.047567204301075264,28.66535,77.43915,6.5
Coimbatore,Tamil NÄdu,11.0008,76.9633,2024,1,0.2942,-0.0082,-0.2724,417,29.29,24.230967741935483,33.6,14.8,62.895161290322584,9.489314516129033,0.02720430107526882,11.00555,76.96612,5.059032258064516
Patna,BihÄr,25.61,85.1414,2024,1,0.0259,0.1071,-0.055,63,25.5,15.802849462365591,26.2,7.1,77.59919354838709,8.116397849462366,0.016922043010752688,25.59408,85.13563,6.5
Rajkot,GujarÄt,22.2969,70.7984,2024,1,0.079,0.1263,-0.1104,134,30.36,27.86,33.36,,55.0,7.5,,,,2.5
Vishakhapatnam,Andhra Pradesh,17.6939,83.2922,2024,1,0.321,0.0272,-0.3418,12,29.12,26.62,32.120000000000005,,55.0,7.5,,,,2.5
Indore,Madhya Pradesh,22.7186,75.855,2024,1,0.0828,0.1145,-0.2083,553,28.06,17.89548387096774,31.2,6.2,60.325537634408605,8.858575268817205,0.015376344086021506,22.71792,75.8333,6.5
Abhepur,Punjab,30.6667,76.8333,2024,1,0.1624,-0.0012,-0.2206,311,22.5,20.0,25.5,,55.0,7.5,,,,2.5
Gumanwala,UttarÄkhand,29.9333,77.9,2024,1,0.2608,0.0677,-0.2901,277,22.04,19.54,25.04,,55.0,7.5,,,,2.5
Thane,MahÄrÄshtra,19.18,72.9633,2024,1,0.2304,-0.0246,-0.2688,14,30.7,23.57021505376344,35.8,11.6,59.83736559139785,7.8694758064516135,0.001532258064516129,19.19704,72.96355,6.5
Bhopal,Madhya Pradesh,23.25,77.4167,2024,1,0.1041,0.109,-0.1625,512,26.44,17.14024193548387,31.1,6.5,64.91505376344087,8.670887096774194,0.028830645161290323,23.25469,77.40289,6.5
Agra,Uttar Pradesh,27.18,78.02,2024,1,0.405,0.026,-0.4689,184,24.43,13.721250000000001,26.7,3.0,77.71774193548387,7.740376344086021,0.04491935483870967,27.18333,78.01667,6.5
Peyanvilai,Tamil NÄdu,8.5674,78.1046,2024,1,0.2043,-0.0277,-0.2253,8,29.76,27.26,32.760000000000005,,55.0,7.5,,,,2.5
Pimpri-Chinchwad,MahÄrÄshtra,18.6278,73.8131,2024,1,0.6262,-0.2139,-0.5666,584,28.07,20.824341397849462,33.2,8.2,59.30846774193548,6.219892473118279,0.003306451612903226,18.61867,73.80375,6.5
Harbatpur,UttarÄkhand,30.45,77.73,2024,1,0.2416,0.0908,-0.299,445,22.22,19.72,25.22,,55.0,7.5,,,,2.5
Saundhonwali,UttarÄkhand,30.3331,77.9608,2024,1,0.0759,0.0503,-0.1272,612,21.0,18.5,24.0,,55.0,7.5,,,,2.5
Ludhiana,Punjab,30.9083,75.8486,2024,1,0.1819,-0.0821,-0.1735,243,22.7,11.398319892473118,22.2,1.5,82.76639784946236,7.204583333333333,0.07833333333333332,30.91204,75.85379,6.5
Meerut,Uttar Pradesh,28.98,77.7064,2024,1,0.0571,0.0607,-0.1242,228,24.63,22.13,27.63,,55.0,7.5,,,,2.5
Madurai,Tamil NÄdu,9.9197,78.1194,2024,1,0.1229,0.3025,-0.3386,141,31.65,25.47190860215054,35.2,15.1,66.73131720430108,9.643709677419354,0.034784946236559144,9.919,78.11953,6.17809139784946
Nasik,MahÄrÄshtra,20.0,73.7833,2024,1,0.145,0.1079,-0.2098,588,27.46,24.96,30.46,,55.0,7.5,,,,2.5
Faridabad,HaryÄna,28.4167,77.3,2024,1,0.1992,0.0507,-0.2536,208,25.81,13.339932795698925,25.6,2.8,75.75255376344086,8.802217741935484,0.0397983870967742,28.41124,77.31316,6.5
Madarpur,BihÄr,26.227,84.6746,2024,1,0.1089,-0.0229,-0.1351,69,24.53,22.03,27.53,,55.0,7.5,,,,2.5
Najafgarh,Delhi,28.6125,76.9847,2024,1,0.0635,0.013,-0.0836,220,25.56,23.06,28.56,,55.0,7.5,,,,2.5
Jabalpur,Madhya Pradesh,23.1667,79.9333,2024,1,0.156,0.1793,-0.229,399,26.8,17.15013440860215,30.9,5.1,65.45712365591397,7.502379032258064,0.023911290322580644,23.16697,79.95006,6.5
Madanpur,UttarÄkhand,29.326,79.1537,2024,1,0.4552,-0.0987,-0.4338,315,23.18,20.68,26.18,,55.0,7.5,,,,2.5
Kamalwaganja Gaur,UttarÄkhand,29.2117,79.4654,2024,1,0.4374,-0.0495,-0.399,383,24.1,21.6,27.1,,55.0,7.5,,,,2.5
Kalyan,MahÄrÄshtra,19.25,73.15,2024,1,0.2383,0.1726,-0.269,10,30.37,27.87,33.370000000000005,,55.0,7.5,,,,2.5
Asansol,West Bengal,23.6833,86.9667,2024,1,0.2087,0.131,-0.2427,125,27.04,24.54,30.04,,55.0,7.5,,,,2.5
Vijayawada,Andhra Pradesh,16.5167,80.6167,2024,1,0.3347,-0.1582,-0.3306,27,28.44,24.579395161290325,34.7,14.9,70.73521505376344,6.980873655913978,0.01424731182795699,16.50745,80.6466,3.8606048387096763
Vasai-Virar,MahÄrÄshtra,19.47,72.8,2024,1,0.1601,0.1239,-0.1799,0,30.05,27.55,33.05,,55.0,7.5,,,,2.5
Varanasi,Uttar Pradesh,25.3189,83.0128,2024,1,0.1391,-0.0199,-0.2239,78,24.94,15.528897849462366,27.6,5.5,76.55483870967743,7.823266129032258,0.029704301075268818,25.31668,83.01041,6.5
Kalleli,Kerala,9.2,76.8833,2024,1,0.0999,-0.1896,-0.0509,133,27.38,24.88,30.38,,55.0,7.5,,,,2.5
Srinagar,Jammu and KashmÄ«r,34.0911,74.8061,2024,1,0.0391,0.046,-0.0309,1595,13.54,-1.7122043010752688,14.3,-16.6,66.40900537634408,4.477352150537635,0.19651881720430106,34.08565,74.80555,6.5
Aurangabad,MahÄrÄshtra,19.88,75.32,2024,1,0.4462,-0.1249,-0.4556,564,28.65,21.19081989247312,32.6,9.8,52.36438172043011,8.416451612903225,0.0035080645161290323,19.87757,75.34226,6.5
Dhanbad,JhÄrkhand,23.7928,86.435,2024,1,0.4706,0.0046,-0.4802,245,25.82,17.05918010752688,30.5,6.0,67.77190860215053,7.728736559139786,0.01907258064516129,23.79759,86.42992,6.5
Amritsar,Punjab,31.6269,74.877,2024,1,-0.0005,-0.0551,-0.0088,234,22.2,11.167325268817203,21.6,0.7,81.14543010752688,6.424623655913978,0.07563172043010753,31.62234,74.87534,6.5
Haora,West Bengal,22.58,88.3294,2024,1,0.1528,0.0961,-0.1664,12,26.85,24.35,29.85,,55.0,7.5,,,,2.5
Ranchi,JhÄrkhand,23.3556,85.3347,2024,1,0.3277,-0.1066,-0.2936,643,25.09,15.78606182795699,27.8,5.8,64.33212365591397,8.793723118279571,0.016209677419354838,23.34316,85.3094,6.5
Gwalior,Madhya Pradesh,26.2125,78.1775,2024,1,0.0772,0.0941,-0.1499,215,26.25,14.731962365591398,28.8,4.4,72.68924731182796,7.504677419354839,0.04174731182795699,26.22983,78.17337,6.5
Jodhpur,RÄjasthÄn,26.2944,73.0278,2024,1,0.1744,0.0811,-0.2339,251,28.74,16.466290322580644,29.5,4.3,51.160483870967745,10.243172043010752,0.007930107526881721,26.26841,73.00594,6.5
Chandigarh,ChandÄ«garh,30.7364,76.7883,2024,1,0.3985,-0.0998,-0.3841,349,22.54,12.27198924731183,23.4,3.0,74.95833333333333,8.758077956989247,0.08446236559139784,30.73629,76.7884,6.5
Raipur,ChhattÄ«sgarh,21.2379,81.6337,2024,1,0.0934,0.0642,-0.1528,309,28.25,19.693870967741933,32.1,7.6,60.54744623655914,6.05239247311828,0.011868279569892472,21.23333,81.63333,6.5
Warangal,TelangÄna,17.9756,79.6011,2024,1,0.0754,0.102,-0.1409,269,28.64,26.14,31.64,,55.0,7.5,,,,2.5
Kota,RÄjasthÄn,25.18,75.83,2024,1,0.128,0.0259,-0.1588,230,27.27,16.201424731182797,30.9,4.0,65.39583333333333,6.7313575268817205,0.034408602150537634,25.18254,75.83907,6.5
Bareilly,Uttar Pradesh,28.364,79.415,2024,1,0.0524,0.0717,-0.0664,180,24.36,13.398158602150538,26.2,2.7,79.68387096774194,8.500013440860215,0.04321236559139785,28.36678,79.43167,6.5
Solapur,MahÄrÄshtra,17.6703,75.9011,2024,1,0.2407,0.0078,-0.2805,474,29.9,24.536250000000003,34.5,13.1,44.965860215053766,10.911586021505377,0.0020161290322580645,17.67152,75.91044,5.363749999999996
Hubli,KarnÄtaka,15.3108,75.0925,2024,1,0.3142,0.0209,-0.3482,618,28.08,25.58,31.08,,55.0,7.5,,,,2.5
Mysore,KarnÄtaka,12.3086,76.6531,2024,1,0.0865,0.037,-0.0783,747,26.46,23.96,29.46,,55.0,7.5,,,,2.5
Trichinopoly,Tamil NÄdu,10.8269,78.6928,2024,1,-0.0461,-0.4941,0.0704,74,30.25,27.75,33.25,,55.0,7.5,,,,2.5
Moradabad,Uttar Pradesh,28.8389,78.7769,2024,1,0.0548,0.0296,-0.0507,205,22.76,20.26,25.76,,55.0,7.5,,,,2.5
Tiruppur,Tamil NÄdu,11.1075,77.3398,2024,1,0.0667,-0.058,-0.0377,305,31.39,25.208333333333332,35.5,15.6,62.428360215053765,7.9706048387096775,0.022473118279569892,11.11541,77.35456,6.181666666666668
Jamnagar,GujarÄt,22.47,70.07,2024,1,0.2896,0.034,-0.3111,21,30.07,27.57,33.07,,55.0,7.5,,,,2.5
Gurgaon,HaryÄna,28.4667,77.0333,2024,1,0.1483,-0.0799,-0.1754,224,25.86,23.36,28.86,,55.0,7.5,,,,2.5
Aligarh,Uttar Pradesh,27.88,78.08,2024,1,0.2411,-0.0171,-0.2802,190,25.82,13.301666666666666,25.8,2.9,77.90201612903226,8.30231182795699,0.043857526881720434,27.88145,78.07464,6.5
Jalandhar,Punjab,31.3256,75.5792,2024,1,0.0856,-0.0295,-0.1563,242,22.34,19.84,25.34,,55.0,7.5,,,,2.5
Bhubaneshwar,Odisha,20.295,85.825,2024,1,0.121,-0.1371,-0.1147,47,29.85,27.35,32.85,,55.0,7.5,,,,2.5
Bhayandar,MahÄrÄshtra,19.3,72.85,2024,1,0.1873,0.1329,-0.2609,9,30.82,28.32,33.82,,55.0,7.5,,,,2.5
Narela,Delhi,28.85,77.1,2024,1,0.3594,-0.0396,-0.3924,212,24.34,21.84,27.34,,55.0,7.5,,,,2.5
Shishgarh,Uttar Pradesh,28.72,79.32,2024,1,0.3713,-0.1451,-0.3234,181,20.77,18.27,23.77,,55.0,7.5,,,,2.5
Thiruvananthapuram,Kerala,8.4875,76.9525,2024,1,0.0895,-0.0608,-0.0917,15,33.77,31.270000000000003,36.77,,55.0,7.5,,,,2.5
Dispur,Assam,26.15,91.77,2024,1,0.7381,-0.2654,-0.6498,116,26.38,23.88,29.38,,55.0,7.5,,,,2.5
Durgapur,West Bengal,23.55,87.32,2024,1,0.3522,0.0508,-0.383,90,26.34,23.84,29.34,,55.0,7.5,,,,2.5
Bhiwandi,MahÄrÄshtra,19.3,73.0667,2024,1,0.0971,-0.0534,-0.1619,25,33.71,31.21,36.71,,55.0,7.5,,,,2.5
Saharanpur,Uttar Pradesh,29.964,77.546,2024,1,0.0521,-0.0155,-0.0683,280,22.76,20.26,25.76,,55.0,7.5,,,,2.5
Shiliguri,West Bengal,26.72,88.42,2024,1,0.1632,0.056,-0.2006,119,28.78,26.28,31.78,,55.0,7.5,,,,2.5
Avadi,Tamil NÄdu,13.1147,80.1098,2024,1,0.1865,-0.1007,-0.1643,32,25.56,23.06,28.56,,55.0,7.5,,,,2.5
Salem,Tamil NÄdu,11.65,78.1667,2024,1,0.0793,0.0193,-0.1056,285,32.77,30.270000000000003,35.77,,55.0,7.5,,,,2.5
Jui,UttarÄkhand,29.67,78.9098,2024,1,0.8651,-0.215,-0.7908,890,19.07,16.57,22.07,,55.0,7.5,,,,2.5
Amaldu,UttarÄkhand,29.9333,78.5333,2024,1,0.6338,-0.044,-0.6225,1406,18.27,15.77,21.27,,55.0,7.5,,,,2.5
Kimsar,Jammu and KashmÄ«r,34.5,74.5333,2024,1,0.5194,-0.3663,-0.5073,3058,5.86,3.3600000000000003,8.86,,55.0,7.5,,,,2.5
Sinduri,HimÄchal Pradesh,30.7167,77.15,2024,1,0.4065,0.0096,-0.4555,943,20.31,17.81,23.31,,55.0,7.5,,,,2.5
Gorakhpur,Uttar Pradesh,26.7611,83.3667,2024,1,0.0537,0.0446,-0.0885,84,25.49,22.99,28.49,,55.0,7.5,,,,2.5
Guntur,Andhra Pradesh,16.3,80.45,2024,1,0.2051,0.0357,-0.2078,34,30.38,27.88,33.379999999999995,,55.0,7.5,,,,2.5
Karaikandi,Assam,24.8309,92.6143,2024,1,0.8603,-0.3519,-0.7285,20,25.68,23.18,28.68,,55.0,7.5,,,,2.5
Mumbai,MahÄrÄshtra,19.0758,72.8775,2024,1,0.0424,0.038,-0.1155,5,31.36,23.31008064516129,33.2,14.2,64.56397849462365,10.32875,0.001411290322580645,19.07283,72.88261,6.5
Kolkata,West Bengal,22.5675,88.37,2024,1,0.0718,0.035,-0.1093,6,25.22,18.926102150537638,30.6,9.0,71.28346774193548,7.722836021505376,0.016223118279569893,22.56263,88.36304,6.293897849462361
Delhi,Delhi,28.66,77.23,2024,1,0.058,0.021,-0.0749,219,19.04,16.54,22.04,,55.0,7.5,,,,2.5
Chennai,Tamil NÄdu,13.0825,80.275,2024,1,0.0887,0.1864,-0.0808,9,29.23,24.796142473118277,30.5,17.3,74.35887096774194,11.460672043010751,0.02995967741935484,13.08784,80.27847,4.433857526881724
Bangalore,KarnÄtaka,12.9791,77.5913,2024,1,0.1455,0.0033,-0.134,924,25.49,22.99,28.49,,55.0,7.5,,,,2.5
Ahmedabad,GujarÄt,23.0219,72.5797,2024,1,0.2728,-0.0844,-0.3203,52,24.49,21.99,27.49,,55.0,7.5,,,,2.5
Pune,MahÄrÄshtra,18.5211,73.8553,2024,1,0.3205,-0.1072,-0.3277,554,26.99,24.49,29.99,,55.0,7.5,,,,2.5
Hyderabad,TelangÄna,17.3617,78.4747,2024,1,-0.0356,0.1077,-0.0141,508,26.35,21.84111559139785,33.6,10.9,59.34206989247312,8.333333333333334,0.00836021505376344,17.38405,78.45636,4.508884408602153
Surat,GujarÄt,21.205,72.84,2024,1,0.1433,0.0272,-0.2115,14,27.24,22.131034946236557,35.0,11.6,55.53709677419355,11.153575268817205,0.0017069892473118278,21.19594,72.83023,5.108965053763441
Prayagraj,Uttar Pradesh,25.45,81.85,2024,1,0.3581,-0.0808,-0.364,95,21.42,18.92,24.42,,55.0,7.5,,,,2.5
Kanpur,GujarÄt,24.285,72.6933,2024,1,0.5139,-0.1162,-0.5488,335,23.54,14.61231182795699,27.4,4.1,77.39435483870967,8.008198924731182,0.0314247311827957,26.46523,80.34975,6.5
Kanpur,Uttar Pradesh,26.4725,80.3311,2024,1,0.0845,0.0716,-0.1498,132,20.97,14.61231182795699,27.4,4.1,77.39435483870967,8.008198924731182,0.0314247311827957,26.46523,80.34975,6.357688172043009
Belahi,BihÄr,25.7167,86.4,2024,1,0.1264,-0.2748,-0.052,41,21.3,18.8,24.3,,55.0,7.5,,,,2.5
Vadodara,GujarÄt,22.3,73.2,2024,1,0.2845,-0.0584,-0.2726,38,25.7,20.783776881720428,33.5,8.6,55.36854838709677,8.284059139784947,0.004986559139784946,22.29941,73.20812,4.9162231182795715
Nadampalaiyam,Tamil NÄdu,11.1793,77.376,2024,1,0.135,0.0675,-0.1703,318,28.89,26.39,31.89,,55.0,7.5,,,,2.5
Lucknow,Uttar Pradesh,26.847,80.947,2024,1,0.0735,0.1231,-0.1061,115,20.73,14.294059139784947,26.8,3.5,77.76411290322581,8.090174731182795,0.03786290322580645,26.83928,80.92313,6.435940860215053
Kannankulam,Kerala,10.4799,76.1131,2024,1,0.6364,-0.1426,-0.5656,13,29.23,26.73,32.230000000000004,,55.0,7.5,,,,2.5
Mahuakheraganj,UttarÄkhand,29.13,78.95,2024,1,0.1805,0.0246,-0.2217,222,19.24,16.74,22.24,,55.0,7.5,,,,2.5
Nagla,UttarÄkhand,29.01,79.51,2024,1,0.5502,-0.1085,-0.4913,227,19.31,16.81,22.31,,55.0,7.5,,,,2.5
Jaipur,RÄjasthÄn,26.915,75.82,2024,1,0.5332,-0.1946,-0.5325,441,20.82,14.308373655913979,28.1,2.7,62.82728494623656,8.242083333333333,0.02646505376344086,26.91962,75.78781,6.5
Kottarassheri,Kerala,10.6167,76.5333,2024,1,0.3848,0.1877,-0.4913,147,28.14,25.64,31.14,,55.0,7.5,,,,2.5
Attadappa,Kerala,11.85,75.4167,2024,1,0.7969,-0.3472,-0.7088,37,28.91,26.41,31.91,,55.0,7.5,,,,2.5
Barmhan Kalan,Madhya Pradesh,23.0333,79.0167,2024,1,0.5699,-0.1553,-0.58,337,22.2,19.7,25.2,,55.0,7.5,,,,2.5
Gorakhpur,ChhattÄ«sgarh,22.1688,81.6042,2024,1,0.2873,0.0432,-0.3555,305,24.79,22.29,27.79,,55.0,7.5,,,,2.5
Nagpur,MahÄrÄshtra,21.1497,79.0806,2024,1,0.2011,-0.1309,-0.2127,318,25.44,20.58133064516129,32.9,8.1,56.8377688172043,7.151948924731183,0.017419354838709676,21.14631,79.08491,4.85866935483871
Guwahati,Assam,26.1806,91.7502,2024,1,0.0467,0.1051,-0.1819,57,21.66,17.49366935483871,27.5,8.4,77.26733870967742,6.03396505376344,0.020026881720430108,26.1844,91.7458,4.166330645161292
Ghaziabad,Uttar Pradesh,28.6667,77.4167,2024,1,0.2186,-0.0113,-0.2564,211,19.48,12.96893817204301,25.4,1.9,77.63467741935484,8.6725,0.047567204301075264,28.66535,77.43915,6.5
Coimbatore,Tamil NÄdu,11.0008,76.9633,2024,1,0.287,0.0173,-0.2817,417,29.11,24.230967741935483,33.6,14.8,62.895161290322584,9.489314516129033,0.02720430107526882,11.00555,76.96612,4.879032258064516
Patna,BihÄr,25.61,85.1414,2024,1,0.081,0.1183,-0.0951,63,21.4,15.802849462365591,26.2,7.1,77.59919354838709,8.116397849462366,0.016922043010752688,25.59408,85.13563,5.597150537634407
Rajkot,GujarÄt,22.2969,70.7984,2024,1,0.0468,0.183,-0.1162,134,24.24,21.74,27.24,,55.0,7.5,,,,2.5
Vishakhapatnam,Andhra Pradesh,17.6939,83.2922,2024,1,0.2791,0.0231,-0.3121,12,26.74,24.24,29.74,,55.0,7.5,,,,2.5
Indore,Madhya Pradesh,22.7186,75.855,2024,1,0.097,0.0821,-0.2082,553,24.36,17.89548387096774,31.2,6.2,60.325537634408605,8.858575268817205,0.015376344086021506,22.71792,75.8333,6.464516129032258
Abhepur,Punjab,30.6667,76.8333,2024,1,0.2211,0.0272,-0.2769,311,18.5,16.0,21.5,,55.0,7.5,,,,2.5
Gumanwala,UttarÄkhand,29.9333,77.9,2024,1,0.2703,0.0326,-0.3255,277,17.62,15.120000000000001,20.62,,55.0,7.5,,,,2.5
Thane,MahÄrÄshtra,19.18,72.9633,2024,1,0.1859,-0.0472,-0.2423,14,28.66,23.57021505376344,35.8,11.6,59.83736559139785,7.8694758064516135,0.001532258064516129,19.19704,72.96355,5.089784946236559
Bhopal,Madhya Pradesh,23.25,77.4167,2024,1,0.1325,0.103,-0.1635,512,22.01,17.14024193548387,31.1,6.5,64.91505376344087,8.670887096774194,0.028830645161290323,23.25469,77.40289,4.86975806451613
Agra,Uttar Pradesh,27.18,78.02,2024,1,0.3799,0.0306,-0.4747,184,18.53,13.721250000000001,26.7,3.0,77.71774193548387,7.740376344086021,0.04491935483870967,27.18333,78.01667,4.80875
Peyanvilai,Tamil NÄdu,8.5674,78.1046,2024,1,0.0609,-0.1295,0.0022,8,28.97,26.47,31.97,,55.0,7.5,,,,2.5
Pimpri-Chinchwad,MahÄrÄshtra,18.6278,73.8131,2024,1,0.6429,-0.1906,-0.604,584,27.8,20.824341397849462,33.2,8.2,59.30846774193548,6.219892473118279,0.003306451612903226,18.61867,73.80375,6.5
Harbatpur,UttarÄkhand,30.45,77.73,2024,1,0.2256,0.1001,-0.2726,445,16.86,14.36,19.86,,55.0,7.5,,,,2.5
Saundhonwali,UttarÄkhand,30.3331,77.9608,2024,1,0.0726,0.0549,-0.1565,612,16.35,13.850000000000001,19.35,,55.0,7.5,,,,2.5
Ludhiana,Punjab,30.9083,75.8486,2024,1,0.2165,-0.0688,-0.2471,243,17.3,11.398319892473118,22.2,1.5,82.76639784946236,7.204583333333333,0.07833333333333332,30.91204,75.85379,5.901680107526882
Meerut,Uttar Pradesh,28.98,77.7064,2024,1,0.119,0.0894,-0.1747,228,19.04,16.54,22.04,,55.0,7.5,,,,2.5
Madurai,Tamil NÄdu,9.9197,78.1194,2024,1,0.1281,0.3016,-0.3124,141,30.12,25.47190860215054,35.2,15.1,66.73131720430108,9.643709677419354,0.034784946236559144,9.919,78.11953,4.648091397849463
Nasik,MahÄrÄshtra,20.0,73.7833,2024,1,0.1382,0.0866,-0.2093,588,25.45,22.95,28.45,,55.0,7.5,,,,2.5
Faridabad,HaryÄna,28.4167,77.3,2024,1,0.2944,0.0501,-0.3403,208,19.07,13.339932795698925,25.6,2.8,75.75255376344086,8.802217741935484,0.0397983870967742,28.41124,77.31316,5.730067204301076
Madarpur,BihÄr,26.227,84.6746,2024,1,0.1284,0.012,-0.1564,69,20.3,17.8,23.3,,55.0,7.5,,,,2.5
Najafgarh,Delhi,28.6125,76.9847,2024,1,0.0904,0.0186,-0.1374,220,18.84,16.34,21.84,,55.0,7.5,,,,2.5
Jabalpur,Madhya Pradesh,23.1667,79.9333,2024,1,0.138,0.1195,-0.1834,399,23.15,17.15013440860215,30.9,5.1,65.45712365591397,7.502379032258064,0.023911290322580644,23.16697,79.95006,5.99986559139785
Madanpur,UttarÄkhand,29.326,79.1537,2024,1,0.4363,-0.1123,-0.4383,315,19.87,17.37,22.87,,55.0,7.5,,,,2.5
Kamalwaganja Gaur,UttarÄkhand,29.2117,79.4654,2024,1,0.425,0.035,-0.4691,383,19.65,17.15,22.65,,55.0,7.5,,,,2.5
Kalyan,MahÄrÄshtra,19.25,73.15,2024,1,0.2,0.1656,-0.2501,10,28.82,26.32,31.82,,55.0,7.5,,,,2.5
Asansol,West Bengal,23.6833,86.9667,2024,1,0.1859,0.1328,-0.241,125,22.66,20.16,25.66,,55.0,7.5,,,,2.5
Vijayawada,Andhra Pradesh,16.5167,80.6167,2024,1,0.4314,-0.1277,-0.3855,27,28.31,24.579395161290325,34.7,14.9,70.73521505376344,6.980873655913978,0.01424731182795699,16.50745,80.6466,3.7306048387096737
Vasai-Virar,MahÄrÄshtra,19.47,72.8,2024,1,0.1589,0.1346,-0.1986,0,27.51,25.01,30.51,,55.0,7.5,,,,2.5
Varanasi,Uttar Pradesh,25.3189,83.0128,2024,1,0.1499,-0.0231,-0.249,78,20.18,15.528897849462366,27.6,5.5,76.55483870967743,7.823266129032258,0.029704301075268818,25.31668,83.01041,4.651102150537634
Kalleli,Kerala,9.2,76.8833,2024,1,0.8116,-0.1912,-0.7286,133,27.66,25.16,30.66,,55.0,7.5,,,,2.5
Srinagar,Jammu and KashmÄ«r,34.0911,74.8061,2024,1,-0.0119,-0.1724,0.0279,1595,6.14,-1.7122043010752688,14.3,-16.6,66.40900537634408,4.477352150537635,0.19651881720430106,34.08565,74.80555,6.5
Aurangabad,MahÄrÄshtra,19.88,75.32,2024,1,0.4565,-0.1657,-0.4811,564,26.15,21.19081989247312,32.6,9.8,52.36438172043011,8.416451612903225,0.0035080645161290323,19.87757,75.34226,4.95918010752688
Dhanbad,JhÄrkhand,23.7928,86.435,2024,1,0.3728,0.0151,-0.3823,245,22.28,17.05918010752688,30.5,6.0,67.77190860215053,7.728736559139786,0.01907258064516129,23.79759,86.42992,5.22081989247312
Amritsar,Punjab,31.6269,74.877,2024,1,0.0801,-0.0247,-0.1475,234,16.69,11.167325268817203,21.6,0.7,81.14543010752688,6.424623655913978,0.07563172043010753,31.62234,74.87534,5.522674731182798
Haora,West Bengal,22.58,88.3294,2024,1,0.1435,0.0839,-0.1322,12,23.34,20.84,26.34,,55.0,7.5,,,,2.5
Ranchi,JhÄrkhand,23.3556,85.3347,2024,1,0.4562,-0.0636,-0.4308,643,21.87,15.78606182795699,27.8,5.8,64.33212365591397,8.793723118279571,0.016209677419354838,23.34316,85.3094,6.083938172043011
Gwalior,Madhya Pradesh,26.2125,78.1775,2024,1,0.0898,0.0848,-0.1889,215,20.42,14.731962365591398,28.8,4.4,72.68924731182796,7.504677419354839,0.04174731182795699,26.22983,78.17337,5.688037634408603
Jodhpur,RÄjasthÄn,26.2944,73.0278,2024,1,0.1709,0.0575,-0.2252,251,22.12,16.466290322580644,29.5,4.3,51.160483870967745,10.243172043010752,0.007930107526881721,26.26841,73.00594,5.653709677419357
Chandigarh,ChandÄ«garh,30.7364,76.7883,2024,1,0.4804,-0.1296,-0.4559,349,17.51,12.27198924731183,23.4,3.0,74.95833333333333,8.758077956989247,0.08446236559139784,30.73629,76.7884,5.238010752688172
Raipur,ChhattÄ«sgarh,21.2379,81.6337,2024,1,0.0819,0.0345,-0.1151,309,24.9,19.693870967741933,32.1,7.6,60.54744623655914,6.05239247311828,0.011868279569892472,21.23333,81.63333,5.206129032258065
Warangal,TelangÄna,17.9756,79.6011,2024,1,0.0902,0.105,-0.1186,269,26.05,23.55,29.05,,55.0,7.5,,,,2.5
Kota,RÄjasthÄn,25.18,75.83,2024,1,0.122,0.0304,-0.1441,230,20.88,16.201424731182797,30.9,4.0,65.39583333333333,6.7313575268817205,0.034408602150537634,25.18254,75.83907,4.678575268817202
Bareilly,Uttar Pradesh,28.364,79.415,2024,1,0.0826,0.1045,-0.1166,180,19.08,13.398158602150538,26.2,2.7,79.68387096774194,8.500013440860215,0.04321236559139785,28.36678,79.43167,5.68184139784946
Solapur,MahÄrÄshtra,17.6703,75.9011,2024,1,0.1638,0.0263,-0.1947,474,28.67,24.536250000000003,34.5,13.1,44.965860215053766,10.911586021505377,0.0020161290322580645,17.67152,75.91044,4.133749999999999
Hubli,KarnÄtaka,15.3108,75.0925,2024,1,0.2655,0.0593,-0.2972,618,27.03,24.53,30.03,,55.0,7.5,,,,2.5
Mysore,KarnÄtaka,12.3086,76.6531,2024,1,0.0936,0.098,-0.11,747,26.62,24.12,29.62,,55.0,7.5,,,,2.5
Trichinopoly,Tamil NÄdu,10.8269,78.6928,2024,1,0.0455,-0.0007,-0.0412,74,28.59,26.09,31.59,,55.0,7.5,,,,2.5
Moradabad,Uttar Pradesh,28.8389,78.7769,2024,1,0.1043,0.1023,-0.0921,205,18.74,16.24,21.74,,55.0,7.5,,,,2.5
Tiruppur,Tamil NÄdu,11.1075,77.3398,2024,1,0.175,0.0257,-0.1698,305,30.28,25.208333333333332,35.5,15.6,62.428360215053765,7.9706048387096775,0.022473118279569892,11.11541,77.35456,5.071666666666669
Jamnagar,GujarÄt,22.47,70.07,2024,1,0.2222,0.0356,-0.2675,21,23.55,21.05,26.55,,55.0,7.5,,,,2.5
Gurgaon,HaryÄna,28.4667,77.0333,2024,1,0.1871,-0.0725,-0.2517,224,18.18,15.68,21.18,,55.0,7.5,,,,2.5
Aligarh,Uttar Pradesh,27.88,78.08,2024,1,0.2096,-0.0412,-0.2467,190,20.3,13.301666666666666,25.8,2.9,77.90201612903226,8.30231182795699,0.043857526881720434,27.88145,78.07464,6.5
Jalandhar,Punjab,31.3256,75.5792,2024,1,0.1124,-0.001,-0.1772,242,16.89,14.39,19.89,,55.0,7.5,,,,2.5
Bhubaneshwar,Odisha,20.295,85.825,2024,1,0.1394,-0.0371,-0.2055,47,26.01,23.51,29.01,,55.0,7.5,,,,2.5
Bhayandar,MahÄrÄshtra,19.3,72.85,2024,1,0.1848,0.0915,-0.2495,9,29.02,26.52,32.019999999999996,,55.0,7.5,,,,2.5
Narela,Delhi,28.85,77.1,2024,1,0.2952,0.018,-0.3515,212,18.34,15.84,21.34,,55.0,7.5,,,,2.5
Shishgarh,Uttar Pradesh,28.72,79.32,2024,1,0.5454,-0.1949,-0.5324,181,17.45,14.95,20.45,,55.0,7.5,,,,2.5
Thiruvananthapuram,Kerala,8.4875,76.9525,2024,1,0.0572,0.1132,-0.1233,15,33.07,30.57,36.07,,55.0,7.5,,,,2.5
Dispur,Assam,26.15,91.77,2024,1,0.5867,-0.1781,-0.4803,116,22.44,19.94,25.44,,55.0,7.5,,,,2.5
Durgapur,West Bengal,23.55,87.32,2024,1,0.2751,0.0532,-0.3131,90,21.99,19.49,24.99,,55.0,7.5,,,,2.5
Bhiwandi,MahÄrÄshtra,19.3,73.0667,2024,1,0.0741,-0.072,-0.1362,25,31.56,29.06,34.56,,55.0,7.5,,,,2.5
Saharanpur,Uttar Pradesh,29.964,77.546,2024,1,0.0588,-0.0485,-0.0866,280,18.04,15.54,21.04,,55.0,7.5,,,,2.5
Shiliguri,West Bengal,26.72,88.42,2024,1,0.1583,0.0757,-0.2055,119,24.87,22.37,27.87,,55.0,7.5,,,,2.5
Avadi,Tamil NÄdu,13.1147,80.1098,2024,1,0.0715,-0.1316,-0.0602,32,28.35,25.85,31.35,,55.0,7.5,,,,2.5
Salem,Tamil NÄdu,11.65,78.1667,2024,1,-0.0055,-0.0183,-0.0036,285,29.5,27.0,32.5,,55.0,7.5,,,,2.5
Jui,UttarÄkhand,29.67,78.9098,2024,1,0.8328,-0.2268,-0.7712,890,15.6,13.1,18.6,,55.0,7.5,,,,2.5
Amaldu,UttarÄkhand,29.9333,78.5333,2024,1,0.571,-0.0052,-0.6118,1406,13.94,11.44,16.939999999999998,,55.0,7.5,,,,2.5
Kimsar,Jammu and KashmÄ«r,34.5,74.5333,2024,1,0.3009,-0.3595,-0.2724,3058,-1.17,-3.67,1.83,,55.0,7.5,,,,2.5
Sinduri,HimÄchal Pradesh,30.7167,77.15,2024,1,0.338,0.0216,-0.4596,943,15.71,13.21,18.71,,55.0,7.5,,,,2.5
Gorakhpur,Uttar Pradesh,26.7611,83.3667,2024,1,0.1458,0.0311,-0.1989,84,20.93,18.43,23.93,,55.0,7.5,,,,2.5
Guntur,Andhra Pradesh,16.3,80.45,2024,1,0.2126,0.0673,-0.2034,34,29.73,27.23,32.730000000000004,,55.0,7.5,,,,2.5
Karaikandi,Assam,24.8309,92.6143,2024,1,0.7565,-0.2946,-0.6776,20,22.11,19.61,25.11,,55.0,7.5,,,,2.5
Mumbai,MahÄrÄshtra,19.0758,72.8775,2025,1,0.0541,0.013,-0.1062,5,31.56,23.31008064516129,33.2,14.2,64.56397849462365,10.32875,0.001411290322580645,19.07283,72.88261,6.5
Kolkata,West Bengal,22.5675,88.37,2025,1,0.0663,0.0186,-0.1092,6,24.12,18.926102150537638,30.6,9.0,71.28346774193548,7.722836021505376,0.016223118279569893,22.56263,88.36304,5.193897849462363
Delhi,Delhi,28.66,77.23,2025,1,0.1913,0.0343,-0.2325,219,17.17,14.670000000000002,20.17,,55.0,7.5,,,,2.5
Chennai,Tamil NÄdu,13.0825,80.275,2025,1,0.075,0.2411,-0.0624,9,28.83,24.796142473118277,30.5,17.3,74.35887096774194,11.460672043010751,0.02995967741935484,13.08784,80.27847,4.033857526881722
Bangalore,KarnÄtaka,12.9791,77.5913,2025,1,0.2829,-0.0335,-0.3058,924,25.5,23.0,28.5,,55.0,7.5,,,,2.5
Ahmedabad,GujarÄt,23.0219,72.5797,2025,1,0.2587,-0.0913,-0.3128,52,24.64,22.14,27.64,,55.0,7.5,,,,2.5
Pune,MahÄrÄshtra,18.5211,73.8553,2025,1,0.2593,-0.0385,-0.2915,554,27.59,25.09,30.59,,55.0,7.5,,,,2.5
Hyderabad,TelangÄna,17.3617,78.4747,2025,1,0.0479,0.1242,-0.0669,508,27.88,21.84111559139785,33.6,10.9,59.34206989247312,8.333333333333334,0.00836021505376344,17.38405,78.45636,6.038884408602151
Surat,GujarÄt,21.205,72.84,2025,1,0.1105,0.0555,-0.1842,14,27.93,22.131034946236557,35.0,11.6,55.53709677419355,11.153575268817205,0.0017069892473118278,21.19594,72.83023,5.7989650537634425
Prayagraj,Uttar Pradesh,25.45,81.85,2025,1,0.3765,-0.0364,-0.3846,95,21.3,18.8,24.3,,55.0,7.5,,,,2.5
Kanpur,GujarÄt,24.285,72.6933,2025,1,0.5145,-0.0987,-0.5381,335,23.86,14.61231182795699,27.4,4.1,77.39435483870967,8.008198924731182,0.0314247311827957,26.46523,80.34975,6.5
Kanpur,Uttar Pradesh,26.4725,80.3311,2025,1,0.1433,0.0419,-0.1871,132,21.36,14.61231182795699,27.4,4.1,77.39435483870967,8.008198924731182,0.0314247311827957,26.46523,80.34975,6.5
Belahi,BihÄr,25.7167,86.4,2025,1,0.3353,-0.0952,-0.3124,41,18.24,15.739999999999998,21.24,,55.0,7.5,,,,2.5
Vadodara,GujarÄt,22.3,73.2,2025,1,0.2054,0.0229,-0.2261,38,26.24,20.783776881720428,33.5,8.6,55.36854838709677,8.284059139784947,0.004986559139784946,22.29941,73.20812,5.456223118279571
Nadampalaiyam,Tamil NÄdu,11.1793,77.376,2025,1,0.1236,0.0605,-0.1653,318,29.46,26.96,32.46,,55.0,7.5,,,,2.5
Lucknow,Uttar Pradesh,26.847,80.947,2025,1,0.0649,0.1625,-0.0965,115,20.74,14.294059139784947,26.8,3.5,77.76411290322581,8.090174731182795,0.03786290322580645,26.83928,80.92313,6.445940860215051
Kannankulam,Kerala,10.4799,76.1131,2025,1,0.5494,-0.101,-0.5327,13,29.24,26.74,32.239999999999995,,55.0,7.5,,,,2.5
Mahuakheraganj,UttarÄkhand,29.13,78.95,2025,1,0.0288,-0.0571,-0.0086,222,18.29,15.79,21.29,,55.0,7.5,,,,2.5
Nagla,UttarÄkhand,29.01,79.51,2025,1,0.5948,-0.2119,-0.5339,227,18.3,15.8,21.3,,55.0,7.5,,,,2.5
Jaipur,RÄjasthÄn,26.915,75.82,2025,1,0.6703,-0.1858,-0.6439,441,19.62,14.308373655913979,28.1,2.7,62.82728494623656,8.242083333333333,0.02646505376344086,26.91962,75.78781,5.311626344086022
Kottarassheri,Kerala,10.6167,76.5333,2025,1,0.2946,0.254,-0.3723,147,26.93,24.43,29.93,,55.0,7.5,,,,2.5
Attadappa,Kerala,11.85,75.4167,2025,1,0.7518,-0.3398,-0.6632,37,29.36,26.86,32.36,,55.0,7.5,,,,2.5
Barmhan Kalan,Madhya Pradesh,23.0333,79.0167,2025,1,0.6494,-0.2005,-0.5953,337,20.9,18.4,23.9,,55.0,7.5,,,,2.5
Gorakhpur,ChhattÄ«sgarh,22.1688,81.6042,2025,1,0.2949,0.0075,-0.3619,305,24.22,21.72,27.22,,55.0,7.5,,,,2.5
Nagpur,MahÄrÄshtra,21.1497,79.0806,2025,1,0.2496,-0.0981,-0.2859,318,25.16,20.58133064516129,32.9,8.1,56.8377688172043,7.151948924731183,0.017419354838709676,21.14631,79.08491,4.578669354838709
Guwahati,Assam,26.1806,91.7502,2025,1,0.0371,0.1419,-0.125,57,21.39,17.49366935483871,27.5,8.4,77.26733870967742,6.03396505376344,0.020026881720430108,26.1844,91.7458,3.8963306451612922
Ghaziabad,Uttar Pradesh,28.6667,77.4167,2025,1,0.1984,-0.0477,-0.2123,211,17.9,12.96893817204301,25.4,1.9,77.63467741935484,8.6725,0.047567204301075264,28.66535,77.43915,4.931061827956988
Coimbatore,Tamil NÄdu,11.0008,76.9633,2025,1,0.2683,0.0274,-0.2434,417,28.36,24.230967741935483,33.6,14.8,62.895161290322584,9.489314516129033,0.02720430107526882,11.00555,76.96612,4.129032258064516
Patna,BihÄr,25.61,85.1414,2025,1,0.1094,0.1394,-0.1731,63,18.96,15.802849462365591,26.2,7.1,77.59919354838709,8.116397849462366,0.016922043010752688,25.59408,85.13563,3.1571505376344096
Rajkot,GujarÄt,22.2969,70.7984,2025,1,0.0742,0.1987,-0.1009,134,24.32,21.82,27.32,,55.0,7.5,,,,2.5
Vishakhapatnam,Andhra Pradesh,17.6939,83.2922,2025,1,0.2128,0.0383,-0.2525,12,26.97,24.47,29.97,,55.0,7.5,,,,2.5
Indore,Madhya Pradesh,22.7186,75.855,2025,1,0.0778,0.1322,-0.1959,553,24.08,17.89548387096774,31.2,6.2,60.325537634408605,8.858575268817205,0.015376344086021506,22.71792,75.8333,6.184516129032257
Abhepur,Punjab,30.6667,76.8333,2025,1,0.1956,-0.0472,-0.223,311,17.15,14.649999999999999,20.15,,55.0,7.5,,,,2.5
Gumanwala,UttarÄkhand,29.9333,77.9,2025,1,0.5126,-0.2134,-0.4894,277,17.47,14.969999999999999,20.47,,55.0,7.5,,,,2.5
Thane,MahÄrÄshtra,19.18,72.9633,2025,1,0.2147,0.0062,-0.2712,14,29.41,23.57021505376344,35.8,11.6,59.83736559139785,7.8694758064516135,0.001532258064516129,19.19704,72.96355,5.839784946236559
Bhopal,Madhya Pradesh,23.25,77.4167,2025,1,0.0756,0.0883,-0.1125,512,22.02,17.14024193548387,31.1,6.5,64.91505376344087,8.670887096774194,0.028830645161290323,23.25469,77.40289,4.879758064516128
Agra,Uttar Pradesh,27.18,78.02,2025,1,0.3195,0.0303,-0.4133,184,17.27,13.721250000000001,26.7,3.0,77.71774193548387,7.740376344086021,0.04491935483870967,27.18333,78.01667,3.5487499999999983
Peyanvilai,Tamil NÄdu,8.5674,78.1046,2025,1,0.2312,0.024,-0.2932,8,28.0,25.5,31.0,,55.0,7.5,,,,2.5
Pimpri-Chinchwad,MahÄrÄshtra,18.6278,73.8131,2025,1,0.418,-0.0835,-0.4487,584,28.38,20.824341397849462,33.2,8.2,59.30846774193548,6.219892473118279,0.003306451612903226,18.61867,73.80375,6.5
Harbatpur,UttarÄkhand,30.45,77.73,2025,1,0.2255,0.0664,-0.2872,445,15.26,12.76,18.259999999999998,,55.0,7.5,,,,2.5
Saundhonwali,UttarÄkhand,30.3331,77.9608,2025,1,0.0886,0.0105,-0.147,612,15.73,13.23,18.73,,55.0,7.5,,,,2.5
Ludhiana,Punjab,30.9083,75.8486,2025,1,0.085,-0.1673,-0.0665,243,17.0,11.398319892473118,22.2,1.5,82.76639784946236,7.204583333333333,0.07833333333333332,30.91204,75.85379,5.601680107526882
Meerut,Uttar Pradesh,28.98,77.7064,2025,1,0.1052,0.089,-0.1865,228,18.0,15.5,21.0,,55.0,7.5,,,,2.5
Madurai,Tamil NÄdu,9.9197,78.1194,2025,1,-0.0132,-0.0734,0.054,141,30.52,25.47190860215054,35.2,15.1,66.73131720430108,9.643709677419354,0.034784946236559144,9.919,78.11953,5.048091397849461
Nasik,MahÄrÄshtra,20.0,73.7833,2025,1,0.1224,0.1221,-0.1916,588,26.05,23.55,29.05,,55.0,7.5,,,,2.5
Faridabad,HaryÄna,28.4167,77.3,2025,1,0.3054,0.0643,-0.3399,208,18.11,13.339932795698925,25.6,2.8,75.75255376344086,8.802217741935484,0.0397983870967742,28.41124,77.31316,4.770067204301075
Madarpur,BihÄr,26.227,84.6746,2025,1,-0.0051,0.153,-0.0731,69,18.93,16.43,21.93,,55.0,7.5,,,,2.5
Najafgarh,Delhi,28.6125,76.9847,2025,1,0.0992,0.0357,-0.1471,220,16.51,14.010000000000002,19.51,,55.0,7.5,,,,2.5
Jabalpur,Madhya Pradesh,23.1667,79.9333,2025,1,0.1655,0.0861,-0.2137,399,22.1,17.15013440860215,30.9,5.1,65.45712365591397,7.502379032258064,0.023911290322580644,23.16697,79.95006,4.949865591397852
Madanpur,UttarÄkhand,29.326,79.1537,2025,1,0.4936,-0.0373,-0.5054,315,17.73,15.23,20.73,,55.0,7.5,,,,2.5
Kamalwaganja Gaur,UttarÄkhand,29.2117,79.4654,2025,1,0.4144,0.035,-0.4342,383,18.24,15.739999999999998,21.24,,55.0,7.5,,,,2.5
Kalyan,MahÄrÄshtra,19.25,73.15,2025,1,0.1762,0.1593,-0.2404,10,28.74,26.24,31.74,,55.0,7.5,,,,2.5
Asansol,West Bengal,23.6833,86.9667,2025,1,0.1474,0.1026,-0.1785,125,21.42,18.92,24.42,,55.0,7.5,,,,2.5
Vijayawada,Andhra Pradesh,16.5167,80.6167,2025,1,0.1382,-0.0669,-0.1118,27,26.99,24.579395161290325,34.7,14.9,70.73521505376344,6.980873655913978,0.01424731182795699,16.50745,80.6466,2.4106048387096735
Vasai-Virar,MahÄrÄshtra,19.47,72.8,2025,1,0.1091,0.1898,-0.196,0,28.76,26.26,31.76,,55.0,7.5,,,,2.5
Varanasi,Uttar Pradesh,25.3189,83.0128,2025,1,0.0868,-0.023,-0.0818,78,19.21,15.528897849462366,27.6,5.5,76.55483870967743,7.823266129032258,0.029704301075268818,25.31668,83.01041,3.681102150537635
Kalleli,Kerala,9.2,76.8833,2025,1,0.6934,-0.133,-0.6752,133,27.44,24.94,30.44,,55.0,7.5,,,,2.5
Srinagar,Jammu and KashmÄ«r,34.0911,74.8061,2025,1,-0.0315,-0.1665,0.0726,1595,9.25,-1.7122043010752688,14.3,-16.6,66.40900537634408,4.477352150537635,0.19651881720430106,34.08565,74.80555,6.5
Aurangabad,MahÄrÄshtra,19.88,75.32,2025,1,0.3366,-0.0623,-0.3808,564,27.64,21.19081989247312,32.6,9.8,52.36438172043011,8.416451612903225,0.0035080645161290323,19.87757,75.34226,6.449180107526882
Dhanbad,JhÄrkhand,23.7928,86.435,2025,1,0.3043,0.0783,-0.3574,245,21.66,17.05918010752688,30.5,6.0,67.77190860215053,7.728736559139786,0.01907258064516129,23.79759,86.42992,4.600819892473119
Amritsar,Punjab,31.6269,74.877,2025,1,0.2161,-0.1542,-0.1743,234,15.81,11.167325268817203,21.6,0.7,81.14543010752688,6.424623655913978,0.07563172043010753,31.62234,74.87534,4.642674731182797
Haora,West Bengal,22.58,88.3294,2025,1,0.0787,0.0522,-0.0975,12,21.81,19.31,24.81,,55.0,7.5,,,,2.5
Ranchi,JhÄrkhand,23.3556,85.3347,2025,1,0.4819,-0.0336,-0.4783,643,21.11,15.78606182795699,27.8,5.8,64.33212365591397,8.793723118279571,0.016209677419354838,23.34316,85.3094,5.323938172043009
Gwalior,Madhya Pradesh,26.2125,78.1775,2025,1,0.0971,0.0661,-0.2136,215,20.25,14.731962365591398,28.8,4.4,72.68924731182796,7.504677419354839,0.04174731182795699,26.22983,78.17337,5.518037634408602
Jodhpur,RÄjasthÄn,26.2944,73.0278,2025,1,0.1678,0.061,-0.231,251,21.22,16.466290322580644,29.5,4.3,51.160483870967745,10.243172043010752,0.007930107526881721,26.26841,73.00594,4.753709677419355
Chandigarh,ChandÄ«garh,30.7364,76.7883,2025,1,0.3479,-0.1393,-0.3205,349,16.24,12.27198924731183,23.4,3.0,74.95833333333333,8.758077956989247,0.08446236559139784,30.73629,76.7884,3.968010752688169
Raipur,ChhattÄ«sgarh,21.2379,81.6337,2025,1,0.0642,0.0725,-0.1296,309,25.84,19.693870967741933,32.1,7.6,60.54744623655914,6.05239247311828,0.011868279569892472,21.23333,81.63333,6.146129032258067
Warangal,TelangÄna,17.9756,79.6011,2025,1,0.0385,0.079,-0.077,269,26.86,24.36,29.86,,55.0,7.5,,,,2.5
Kota,RÄjasthÄn,25.18,75.83,2025,1,0.065,-0.0324,-0.0643,230,20.81,16.201424731182797,30.9,4.0,65.39583333333333,6.7313575268817205,0.034408602150537634,25.18254,75.83907,4.6085752688172015
Bareilly,Uttar Pradesh,28.364,79.415,2025,1,0.072,0.0731,-0.1132,180,18.83,13.398158602150538,26.2,2.7,79.68387096774194,8.500013440860215,0.04321236559139785,28.36678,79.43167,5.43184139784946
Solapur,MahÄrÄshtra,17.6703,75.9011,2025,1,0.1876,0.0697,-0.2462,474,28.7,24.536250000000003,34.5,13.1,44.965860215053766,10.911586021505377,0.0020161290322580645,17.67152,75.91044,4.163749999999997
Hubli,KarnÄtaka,15.3108,75.0925,2025,1,0.1972,0.0709,-0.2717,618,27.51,25.01,30.51,,55.0,7.5,,,,2.5
Mysore,KarnÄtaka,12.3086,76.6531,2025,1,0.088,0.0773,-0.1295,747,26.69,24.19,29.69,,55.0,7.5,,,,2.5
Trichinopoly,Tamil NÄdu,10.8269,78.6928,2025,1,0.3376,-0.0268,-0.3596,74,27.49,24.99,30.49,,55.0,7.5,,,,2.5
Moradabad,Uttar Pradesh,28.8389,78.7769,2025,1,0.087,0.0494,-0.0858,205,18.82,16.32,21.82,,55.0,7.5,,,,2.5
Tiruppur,Tamil NÄdu,11.1075,77.3398,2025,1,0.2692,-0.0049,-0.2764,305,29.33,25.208333333333332,35.5,15.6,62.428360215053765,7.9706048387096775,0.022473118279569892,11.11541,77.35456,4.121666666666666
Jamnagar,GujarÄt,22.47,70.07,2025,1,0.2474,0.0765,-0.2755,21,24.31,21.81,27.31,,55.0,7.5,,,,2.5
Gurgaon,HaryÄna,28.4667,77.0333,2025,1,0.2867,-0.1155,-0.3452,224,17.03,14.530000000000001,20.03,,55.0,7.5,,,,2.5
Aligarh,Uttar Pradesh,27.88,78.08,2025,1,0.1868,-0.0387,-0.2249,190,20.02,13.301666666666666,25.8,2.9,77.90201612903226,8.30231182795699,0.043857526881720434,27.88145,78.07464,6.5
Jalandhar,Punjab,31.3256,75.5792,2025,1,-0.0123,-0.03,0.0104,242,16.86,14.36,19.86,,55.0,7.5,,,,2.5
Bhubaneshwar,Odisha,20.295,85.825,2025,1,0.1456,-0.0621,-0.1995,47,25.23,22.73,28.23,,55.0,7.5,,,,2.5
Bhayandar,MahÄrÄshtra,19.3,72.85,2025,1,0.1732,0.1015,-0.2621,9,29.02,26.52,32.019999999999996,,55.0,7.5,,,,2.5
Narela,Delhi,28.85,77.1,2025,1,0.2889,0.0398,-0.3523,212,16.48,13.98,19.48,,55.0,7.5,,,,2.5
Shishgarh,Uttar Pradesh,28.72,79.32,2025,1,0.7341,-0.4095,-0.6428,181,17.6,15.100000000000001,20.6,,55.0,7.5,,,,2.5
Thiruvananthapuram,Kerala,8.4875,76.9525,2025,1,0.106,0.0716,-0.1533,15,33.56,31.060000000000002,36.56,,55.0,7.5,,,,2.5
Dispur,Assam,26.15,91.77,2025,1,0.5185,-0.1042,-0.4628,116,22.11,19.61,25.11,,55.0,7.5,,,,2.5
Durgapur,West Bengal,23.55,87.32,2025,1,0.2257,0.0103,-0.2668,90,20.96,18.46,23.96,,55.0,7.5,,,,2.5
Bhiwandi,MahÄrÄshtra,19.3,73.0667,2025,1,0.078,-0.0458,-0.1601,25,31.62,29.12,34.620000000000005,,55.0,7.5,,,,2.5
Saharanpur,Uttar Pradesh,29.964,77.546,2025,1,0.0378,-0.0055,-0.0582,280,18.49,15.989999999999998,21.49,,55.0,7.5,,,,2.5
Shiliguri,West Bengal,26.72,88.42,2025,1,0.1578,0.0497,-0.1718,119,23.07,20.57,26.07,,55.0,7.5,,,,2.5
Avadi,Tamil NÄdu,13.1147,80.1098,2025,1,0.2952,-0.1339,-0.2401,32,27.18,24.68,30.18,,55.0,7.5,,,,2.5
Salem,Tamil NÄdu,11.65,78.1667,2025,1,0.0427,0.0802,-0.0893,285,29.31,26.81,32.31,,55.0,7.5,,,,2.5
Jui,UttarÄkhand,29.67,78.9098,2025,1,0.8195,-0.1454,-0.7483,890,15.61,13.11,18.61,,55.0,7.5,,,,2.5
Amaldu,UttarÄkhand,29.9333,78.5333,2025,1,0.4504,0.0668,-0.5389,1406,14.17,11.67,17.17,,55.0,7.5,,,,2.5
Kimsar,Jammu and KashmÄ«r,34.5,74.5333,2025,1,0.1349,-0.4062,-0.1241,3058,-4.13,-6.63,-1.13,,55.0,7.5,,,,2.5
Sinduri,HimÄchal Pradesh,30.7167,77.15,2025,1,0.2522,0.0467,-0.3585,943,15.38,12.88,18.380000000000003,,55.0,7.5,,,,2.5
Gorakhpur,Uttar Pradesh,26.7611,83.3667,2025,1,-0.0881,0.0103,0.0803,84,19.63,17.13,22.63,,55.0,7.5,,,,2.5
Guntur,Andhra Pradesh,16.3,80.45,2025,1,0.1686,-0.0586,-0.1604,34,29.21,26.71,32.21,,55.0,7.5,,,,2.5
Karaikandi,Assam,24.8309,92.6143,2025,1,0.6561,-0.2155,-0.5737,20,22.05,19.55,25.05,,55.0,7.5,,,,2.5
Mumbai,MahÄrÄshtra,19.0758,72.8775,2025,1,0.0696,0.0628,-0.1399,5,34.7,23.31008064516129,33.2,14.2,64.56397849462365,10.32875,0.001411290322580645,19.07283,72.88261,6.5
Kolkata,West Bengal,22.5675,88.37,2025,1,0.0855,0.0592,-0.1735,6,29.1,18.926102150537638,30.6,9.0,71.28346774193548,7.722836021505376,0.016223118279569893,22.56263,88.36304,6.5
Delhi,Delhi,28.66,77.23,2025,1,0.1801,0.1086,-0.271,219,23.01,20.51,26.01,,55.0,7.5,,,,2.5
Chennai,Tamil NÄdu,13.0825,80.275,2025,1,0.0803,0.2474,-0.0889,9,31.66,24.796142473118277,30.5,17.3,74.35887096774194,11.460672043010751,0.02995967741935484,13.08784,80.27847,6.5
Bangalore,KarnÄtaka,12.9791,77.5913,2025,1,0.341,-0.0854,-0.3657,924,29.82,27.32,32.82,,55.0,7.5,,,,2.5
Ahmedabad,GujarÄt,23.0219,72.5797,2025,1,0.299,-0.0794,-0.3268,52,28.84,26.34,31.84,,55.0,7.5,,,,2.5
Pune,MahÄrÄshtra,18.5211,73.8553,2025,1,0.2976,-0.0263,-0.3278,554,31.63,29.13,34.629999999999995,,55.0,7.5,,,,2.5
Hyderabad,TelangÄna,17.3617,78.4747,2025,1,0.108,0.2063,-0.2059,508,32.23,21.84111559139785,33.6,10.9,59.34206989247312,8.333333333333334,0.00836021505376344,17.38405,78.45636,6.5
Surat,GujarÄt,21.205,72.84,2025,1,0.1446,0.0504,-0.2244,14,31.71,22.131034946236557,35.0,11.6,55.53709677419355,11.153575268817205,0.0017069892473118278,21.19594,72.83023,6.5
Prayagraj,Uttar Pradesh,25.45,81.85,2025,1,0.3171,0.015,-0.3636,95,24.91,22.41,27.91,,55.0,7.5,,,,2.5
Kanpur,GujarÄt,24.285,72.6933,2025,1,0.4643,-0.0819,-0.5112,335,28.61,14.61231182795699,27.4,4.1,77.39435483870967,8.008198924731182,0.0314247311827957,26.46523,80.34975,6.5
Kanpur,Uttar Pradesh,26.4725,80.3311,2025,1,0.1183,0.0512,-0.1768,132,24.92,14.61231182795699,27.4,4.1,77.39435483870967,8.008198924731182,0.0314247311827957,26.46523,80.34975,6.5
Belahi,BihÄr,25.7167,86.4,2025,1,0.2595,-0.0392,-0.2779,41,21.64,19.14,24.64,,55.0,7.5,,,,2.5
Vadodara,GujarÄt,22.3,73.2,2025,1,0.2914,-0.0404,-0.3189,38,29.69,20.783776881720428,33.5,8.6,55.36854838709677,8.284059139784947,0.004986559139784946,22.29941,73.20812,6.5
Nadampalaiyam,Tamil NÄdu,11.1793,77.376,2025,1,0.1035,0.1118,-0.1737,318,32.52,30.020000000000003,35.52,,55.0,7.5,,,,2.5
Lucknow,Uttar Pradesh,26.847,80.947,2025,1,0.09,0.1644,-0.1473,115,24.16,14.294059139784947,26.8,3.5,77.76411290322581,8.090174731182795,0.03786290322580645,26.83928,80.92313,6.5
Kannankulam,Kerala,10.4799,76.1131,2025,1,0.5023,-0.1146,-0.4722,13,31.23,28.73,34.230000000000004,,55.0,7.5,,,,2.5
Mahuakheraganj,UttarÄkhand,29.13,78.95,2025,1,0.4175,-0.1998,-0.3861,222,20.1,17.6,23.1,,55.0,7.5,,,,2.5
Nagla,UttarÄkhand,29.01,79.51,2025,1,0.6163,-0.2044,-0.5831,227,20.16,17.66,23.16,,55.0,7.5,,,,2.5
Jaipur,RÄjasthÄn,26.915,75.82,2025,1,0.5339,-0.1062,-0.5486,441,24.32,14.308373655913979,28.1,2.7,62.82728494623656,8.242083333333333,0.02646505376344086,26.91962,75.78781,6.5
Kottarassheri,Kerala,10.6167,76.5333,2025,1,0.2682,0.2468,-0.3801,147,29.59,27.09,32.59,,55.0,7.5,,,,2.5
Attadappa,Kerala,11.85,75.4167,2025,1,0.6836,-0.2856,-0.6128,37,31.49,28.99,34.489999999999995,,55.0,7.5,,,,2.5
Barmhan Kalan,Madhya Pradesh,23.0333,79.0167,2025,1,0.7373,-0.1724,-0.6895,337,25.88,23.38,28.88,,55.0,7.5,,,,2.5
Gorakhpur,ChhattÄ«sgarh,22.1688,81.6042,2025,1,0.2381,0.0656,-0.3022,305,28.23,25.73,31.23,,55.0,7.5,,,,2.5
Nagpur,MahÄrÄshtra,21.1497,79.0806,2025,1,0.2977,-0.1076,-0.3333,318,30.05,20.58133064516129,32.9,8.1,56.8377688172043,7.151948924731183,0.017419354838709676,21.14631,79.08491,6.5
Guwahati,Assam,26.1806,91.7502,2025,1,0.0367,0.1115,-0.1122,57,22.91,17.49366935483871,27.5,8.4,77.26733870967742,6.03396505376344,0.020026881720430108,26.1844,91.7458,5.416330645161292
Ghaziabad,Uttar Pradesh,28.6667,77.4167,2025,1,0.2114,0.0154,-0.2072,211,23.78,12.96893817204301,25.4,1.9,77.63467741935484,8.6725,0.047567204301075264,28.66535,77.43915,6.5
Coimbatore,Tamil NÄdu,11.0008,76.9633,2025,1,0.1779,-0.0045,-0.1593,417,32.42,24.230967741935483,33.6,14.8,62.895161290322584,9.489314516129033,0.02720430107526882,11.00555,76.96612,6.5
Patna,BihÄr,25.61,85.1414,2025,1,0.1272,0.1603,-0.1927,63,24.42,15.802849462365591,26.2,7.1,77.59919354838709,8.116397849462366,0.016922043010752688,25.59408,85.13563,6.5
Rajkot,GujarÄt,22.2969,70.7984,2025,1,0.0846,0.2358,-0.1707,134,29.37,26.87,32.370000000000005,,55.0,7.5,,,,2.5
Vishakhapatnam,Andhra Pradesh,17.6939,83.2922,2025,1,0.1457,0.1244,-0.1903,12,30.27,27.77,33.269999999999996,,55.0,7.5,,,,2.5
Indore,Madhya Pradesh,22.7186,75.855,2025,1,0.0712,0.198,-0.2064,553,28.99,17.89548387096774,31.2,6.2,60.325537634408605,8.858575268817205,0.015376344086021506,22.71792,75.8333,6.5
Abhepur,Punjab,30.6667,76.8333,2025,1,0.1671,-0.0274,-0.2064,311,21.45,18.95,24.45,,55.0,7.5,,,,2.5
Gumanwala,UttarÄkhand,29.9333,77.9,2025,1,0.6815,-0.3193,-0.6137,277,19.47,16.97,22.47,,55.0,7.5,,,,2.5
Thane,MahÄrÄshtra,19.18,72.9633,2025,1,0.2917,-0.0507,-0.3377,14,32.86,23.57021505376344,35.8,11.6,59.83736559139785,7.8694758064516135,0.001532258064516129,19.19704,72.96355,6.5
Bhopal,Madhya Pradesh,23.25,77.4167,2025,1,0.105,0.091,-0.1678,512,26.73,17.14024193548387,31.1,6.5,64.91505376344087,8.670887096774194,0.028830645161290323,23.25469,77.40289,6.5
Agra,Uttar Pradesh,27.18,78.02,2025,1,0.3671,0.0791,-0.4217,184,22.57,13.721250000000001,26.7,3.0,77.71774193548387,7.740376344086021,0.04491935483870967,27.18333,78.01667,6.5
Peyanvilai,Tamil NÄdu,8.5674,78.1046,2025,1,0.195,0.0685,-0.268,8,30.55,28.05,33.55,,55.0,7.5,,,,2.5
Pimpri-Chinchwad,MahÄrÄshtra,18.6278,73.8131,2025,1,0.6798,-0.259,-0.6155,584,32.63,20.824341397849462,33.2,8.2,59.30846774193548,6.219892473118279,0.003306451612903226,18.61867,73.80375,6.5
Harbatpur,UttarÄkhand,30.45,77.73,2025,1,0.1917,0.1093,-0.2813,445,19.52,17.02,22.52,,55.0,7.5,,,,2.5
Saundhonwali,UttarÄkhand,30.3331,77.9608,2025,1,0.0568,0.0447,-0.1348,612,19.65,17.15,22.65,,55.0,7.5,,,,2.5
Ludhiana,Punjab,30.9083,75.8486,2025,1,0.1473,-0.0412,-0.1635,243,20.31,11.398319892473118,22.2,1.5,82.76639784946236,7.204583333333333,0.07833333333333332,30.91204,75.85379,6.5
Meerut,Uttar Pradesh,28.98,77.7064,2025,1,0.1157,0.0887,-0.1773,228,22.68,20.18,25.68,,55.0,7.5,,,,2.5
Madurai,Tamil NÄdu,9.9197,78.1194,2025,1,0.1455,0.2782,-0.3183,141,32.92,25.47190860215054,35.2,15.1,66.73131720430108,9.643709677419354,0.034784946236559144,9.919,78.11953,6.5
Nasik,MahÄrÄshtra,20.0,73.7833,2025,1,0.1028,0.1183,-0.1824,588,30.6,28.1,33.6,,55.0,7.5,,,,2.5
Faridabad,HaryÄna,28.4167,77.3,2025,1,0.2456,0.0598,-0.3047,208,22.89,13.339932795698925,25.6,2.8,75.75255376344086,8.802217741935484,0.0397983870967742,28.41124,77.31316,6.5
Madarpur,BihÄr,26.227,84.6746,2025,1,0.0821,0.0806,-0.1735,69,21.76,19.26,24.76,,55.0,7.5,,,,2.5
Najafgarh,Delhi,28.6125,76.9847,2025,1,0.0482,-0.0162,-0.0469,220,22.37,19.87,25.37,,55.0,7.5,,,,2.5
Jabalpur,Madhya Pradesh,23.1667,79.9333,2025,1,0.1577,0.121,-0.2202,399,27.94,17.15013440860215,30.9,5.1,65.45712365591397,7.502379032258064,0.023911290322580644,23.16697,79.95006,6.5
Madanpur,UttarÄkhand,29.326,79.1537,2025,1,0.5856,-0.1571,-0.5978,315,20.95,18.45,23.95,,55.0,7.5,,,,2.5
Kamalwaganja Gaur,UttarÄkhand,29.2117,79.4654,2025,1,0.4283,0.0898,-0.4478,383,21.64,19.14,24.64,,55.0,7.5,,,,2.5
Kalyan,MahÄrÄshtra,19.25,73.15,2025,1,0.1892,0.1391,-0.2461,10,32.6,30.1,35.6,,55.0,7.5,,,,2.5
Asansol,West Bengal,23.6833,86.9667,2025,1,0.1577,0.14,-0.2116,125,27.33,24.83,30.33,,55.0,7.5,,,,2.5
Vijayawada,Andhra Pradesh,16.5167,80.6167,2025,1,0.3765,-0.0409,-0.3615,27,30.18,24.579395161290325,34.7,14.9,70.73521505376344,6.980873655913978,0.01424731182795699,16.50745,80.6466,5.600604838709675
Vasai-Virar,MahÄrÄshtra,19.47,72.8,2025,1,0.1632,0.2382,-0.2335,0,32.96,30.46,35.96,,55.0,7.5,,,,2.5
Varanasi,Uttar Pradesh,25.3189,83.0128,2025,1,0.1627,0.0335,-0.2562,78,24.39,15.528897849462366,27.6,5.5,76.55483870967743,7.823266129032258,0.029704301075268818,25.31668,83.01041,6.5
Kalleli,Kerala,9.2,76.8833,2025,1,0.7476,-0.2333,-0.6905,133,30.41,27.91,33.41,,55.0,7.5,,,,2.5
Srinagar,Jammu and KashmÄ«r,34.0911,74.8061,2025,1,0.1048,0.1505,-0.1384,1595,13.48,-1.7122043010752688,14.3,-16.6,66.40900537634408,4.477352150537635,0.19651881720430106,34.08565,74.80555,6.5
Aurangabad,MahÄrÄshtra,19.88,75.32,2025,1,0.2752,-0.0024,-0.3232,564,31.93,21.19081989247312,32.6,9.8,52.36438172043011,8.416451612903225,0.0035080645161290323,19.87757,75.34226,6.5
Dhanbad,JhÄrkhand,23.7928,86.435,2025,1,0.2172,0.1004,-0.2354,245,27.35,17.05918010752688,30.5,6.0,67.77190860215053,7.728736559139786,0.01907258064516129,23.79759,86.42992,6.5
Amritsar,Punjab,31.6269,74.877,2025,1,0.1138,-0.0197,-0.1834,234,20.33,11.167325268817203,21.6,0.7,81.14543010752688,6.424623655913978,0.07563172043010753,31.62234,74.87534,6.5
Haora,West Bengal,22.58,88.3294,2025,1,0.0382,0.143,-0.0835,12,26.99,24.49,29.99,,55.0,7.5,,,,2.5
Ranchi,JhÄrkhand,23.3556,85.3347,2025,1,0.347,-0.0441,-0.37,643,26.17,15.78606182795699,27.8,5.8,64.33212365591397,8.793723118279571,0.016209677419354838,23.34316,85.3094,6.5
Gwalior,Madhya Pradesh,26.2125,78.1775,2025,1,0.0827,0.0802,-0.1902,215,24.44,14.731962365591398,28.8,4.4,72.68924731182796,7.504677419354839,0.04174731182795699,26.22983,78.17337,6.5
Jodhpur,RÄjasthÄn,26.2944,73.0278,2025,1,0.1419,0.0558,-0.1978,251,26.84,16.466290322580644,29.5,4.3,51.160483870967745,10.243172043010752,0.007930107526881721,26.26841,73.00594,6.5
Chandigarh,ChandÄ«garh,30.7364,76.7883,2025,1,0.3161,-0.0768,-0.2923,349,20.44,12.27198924731183,23.4,3.0,74.95833333333333,8.758077956989247,0.08446236559139784,30.73629,76.7884,6.5
Raipur,ChhattÄ«sgarh,21.2379,81.6337,2025,1,0.0802,0.0864,-0.1336,309,30.55,19.693870967741933,32.1,7.6,60.54744623655914,6.05239247311828,0.011868279569892472,21.23333,81.63333,6.5
Warangal,TelangÄna,17.9756,79.6011,2025,1,0.0877,0.0996,-0.1429,269,30.93,28.43,33.93,,55.0,7.5,,,,2.5
Kota,RÄjasthÄn,25.18,75.83,2025,1,0.1819,0.0158,-0.2232,230,25.14,16.201424731182797,30.9,4.0,65.39583333333333,6.7313575268817205,0.034408602150537634,25.18254,75.83907,6.5
Bareilly,Uttar Pradesh,28.364,79.415,2025,1,0.0106,0.1681,-0.0674,180,22.13,13.398158602150538,26.2,2.7,79.68387096774194,8.500013440860215,0.04321236559139785,28.36678,79.43167,6.5
Solapur,MahÄrÄshtra,17.6703,75.9011,2025,1,0.1652,0.0775,-0.2223,474,33.47,24.536250000000003,34.5,13.1,44.965860215053766,10.911586021505377,0.0020161290322580645,17.67152,75.91044,6.5
Hubli,KarnÄtaka,15.3108,75.0925,2025,1,0.1857,0.0904,-0.2652,618,32.18,29.68,35.18,,55.0,7.5,,,,2.5
Mysore,KarnÄtaka,12.3086,76.6531,2025,1,0.0753,0.1727,-0.13,747,31.0,28.5,34.0,,55.0,7.5,,,,2.5
Trichinopoly,Tamil NÄdu,10.8269,78.6928,2025,1,0.2207,0.0355,-0.2439,74,30.68,28.18,33.68,,55.0,7.5,,,,2.5
Moradabad,Uttar Pradesh,28.8389,78.7769,2025,1,0.1256,0.0982,-0.1382,205,22.12,19.62,25.12,,55.0,7.5,,,,2.5
Tiruppur,Tamil NÄdu,11.1075,77.3398,2025,1,0.2652,0.0403,-0.2839,305,32.47,25.208333333333332,35.5,15.6,62.428360215053765,7.9706048387096775,0.022473118279569892,11.11541,77.35456,6.5
Jamnagar,GujarÄt,22.47,70.07,2025,1,0.2266,0.0895,-0.2552,21,29.35,26.85,32.35,,55.0,7.5,,,,2.5
Gurgaon,HaryÄna,28.4667,77.0333,2025,1,0.1794,-0.055,-0.2416,224,22.59,20.09,25.59,,55.0,7.5,,,,2.5
Aligarh,Uttar Pradesh,27.88,78.08,2025,1,0.1818,-0.038,-0.2284,190,21.93,13.301666666666666,25.8,2.9,77.90201612903226,8.30231182795699,0.043857526881720434,27.88145,78.07464,6.5
Jalandhar,Punjab,31.3256,75.5792,2025,1,-0.0184,-0.0348,0.0569,242,20.59,18.09,23.59,,55.0,7.5,,,,2.5
Bhubaneshwar,Odisha,20.295,85.825,2025,1,0.1242,-0.0553,-0.1855,47,30.14,27.64,33.14,,55.0,7.5,,,,2.5
Bhayandar,MahÄrÄshtra,19.3,72.85,2025,1,0.177,0.0664,-0.2973,9,32.68,30.18,35.68,,55.0,7.5,,,,2.5
Narela,Delhi,28.85,77.1,2025,1,0.3463,0.0027,-0.3835,212,20.85,18.35,23.85,,55.0,7.5,,,,2.5
Shishgarh,Uttar Pradesh,28.72,79.32,2025,1,0.8793,-0.4631,-0.7906,181,20.42,17.92,23.42,,55.0,7.5,,,,2.5
Thiruvananthapuram,Kerala,8.4875,76.9525,2025,1,0.0891,0.079,-0.1579,15,34.5,32.0,37.5,,55.0,7.5,,,,2.5
Dispur,Assam,26.15,91.77,2025,1,0.2805,0.0024,-0.2565,116,24.3,21.8,27.3,,55.0,7.5,,,,2.5
Durgapur,West Bengal,23.55,87.32,2025,1,0.2271,0.0808,-0.2781,90,27.08,24.58,30.08,,55.0,7.5,,,,2.5
Bhiwandi,MahÄrÄshtra,19.3,73.0667,2025,1,0.0863,-0.0298,-0.178,25,35.78,33.28,38.78,,55.0,7.5,,,,2.5
Saharanpur,Uttar Pradesh,29.964,77.546,2025,1,0.0563,0.0098,-0.1046,280,21.47,18.97,24.47,,55.0,7.5,,,,2.5
Shiliguri,West Bengal,26.72,88.42,2025,1,0.0191,-0.0339,-0.0053,119,25.1,22.6,28.1,,55.0,7.5,,,,2.5
Avadi,Tamil NÄdu,13.1147,80.1098,2025,1,0.3466,0.0032,-0.3592,32,30.76,28.26,33.760000000000005,,55.0,7.5,,,,2.5
Salem,Tamil NÄdu,11.65,78.1667,2025,1,0.0789,0.1195,-0.1997,285,32.52,30.020000000000003,35.52,,55.0,7.5,,,,2.5
Jui,UttarÄkhand,29.67,78.9098,2025,1,0.7831,-0.0994,-0.7464,890,18.88,16.38,21.88,,55.0,7.5,,,,2.5
Amaldu,UttarÄkhand,29.9333,78.5333,2025,1,0.357,0.1351,-0.4608,1406,17.05,14.55,20.05,,55.0,7.5,,,,2.5
Kimsar,Jammu and KashmÄ«r,34.5,74.5333,2025,1,0.1784,-0.5806,-0.1705,3058,-3.54,-6.04,-0.54,,55.0,7.5,,,,2.5
Sinduri,HimÄchal Pradesh,30.7167,77.15,2025,1,0.2218,0.0392,-0.3321,943,19.47,16.97,22.47,,55.0,7.5,,,,2.5
Gorakhpur,Uttar Pradesh,26.7611,83.3667,2025,1,0.1236,0.0506,-0.1834,84,23.79,21.29,26.79,,55.0,7.5,,,,2.5
Guntur,Andhra Pradesh,16.3,80.45,2025,1,0.2169,0.0789,-0.2636,34,32.77,30.270000000000003,35.77,,55.0,7.5,,,,2.5
Karaikandi,Assam,24.8309,92.6143,2025,1,0.4565,-0.1129,-0.3945,20,23.27,20.77,26.27,,55.0,7.5,,,,2.5
Mumbai,MahÄrÄshtra,19.0758,72.8775,2025,1,0.0545,0.0651,-0.11,5,37.23,23.31008064516129,33.2,14.2,64.56397849462365,10.32875,0.001411290322580645,19.07283,72.88261,6.5
Kolkata,West Bengal,22.5675,88.37,2025,1,0.0681,0.0549,-0.1348,6,34.22,18.926102150537638,30.6,9.0,71.28346774193548,7.722836021505376,0.016223118279569893,22.56263,88.36304,6.5
Delhi,Delhi,28.66,77.23,2025,1,0.2293,0.1238,-0.3395,219,31.69,29.19,34.69,,55.0,7.5,,,,2.5
Chennai,Tamil NÄdu,13.0825,80.275,2025,1,0.0944,0.2543,-0.1074,9,33.46,24.796142473118277,30.5,17.3,74.35887096774194,11.460672043010751,0.02995967741935484,13.08784,80.27847,6.5
Bangalore,KarnÄtaka,12.9791,77.5913,2025,1,0.3174,-0.0584,-0.3628,924,31.84,29.34,34.84,,55.0,7.5,,,,2.5
Ahmedabad,GujarÄt,23.0219,72.5797,2025,1,0.274,-0.0201,-0.2824,52,35.73,33.23,38.73,,55.0,7.5,,,,2.5
Pune,MahÄrÄshtra,18.5211,73.8553,2025,1,0.3483,-0.0376,-0.3841,554,34.74,32.24,37.74,,55.0,7.5,,,,2.5
Hyderabad,TelangÄna,17.3617,78.4747,2025,1,0.1057,0.1928,-0.1902,508,34.5,21.84111559139785,33.6,10.9,59.34206989247312,8.333333333333334,0.00836021505376344,17.38405,78.45636,6.5
Surat,GujarÄt,21.205,72.84,2025,1,0.1273,0.0399,-0.1904,14,36.47,22.131034946236557,35.0,11.6,55.53709677419355,11.153575268817205,0.0017069892473118278,21.19594,72.83023,6.5
Prayagraj,Uttar Pradesh,25.45,81.85,2025,1,0.2895,0.0326,-0.3526,95,33.06,30.560000000000002,36.06,,55.0,7.5,,,,2.5
Kanpur,GujarÄt,24.285,72.6933,2025,1,0.4257,-0.042,-0.481,335,37.78,14.61231182795699,27.4,4.1,77.39435483870967,8.008198924731182,0.0314247311827957,26.46523,80.34975,6.5
Kanpur,Uttar Pradesh,26.4725,80.3311,2025,1,0.0758,0.0826,-0.1556,132,32.68,14.61231182795699,27.4,4.1,77.39435483870967,8.008198924731182,0.0314247311827957,26.46523,80.34975,6.5
Belahi,BihÄr,25.7167,86.4,2025,1,0.4554,-0.0684,-0.4342,41,26.98,24.48,29.98,,55.0,7.5,,,,2.5
Vadodara,GujarÄt,22.3,73.2,2025,1,0.3366,-0.0141,-0.3696,38,35.61,20.783776881720428,33.5,8.6,55.36854838709677,8.284059139784947,0.004986559139784946,22.29941,73.20812,6.5
Nadampalaiyam,Tamil NÄdu,11.1793,77.376,2025,1,0.1213,0.1084,-0.1728,318,34.42,31.92,37.42,,55.0,7.5,,,,2.5
Lucknow,Uttar Pradesh,26.847,80.947,2025,1,0.079,0.1764,-0.1536,115,32.57,14.294059139784947,26.8,3.5,77.76411290322581,8.090174731182795,0.03786290322580645,26.83928,80.92313,6.5
Kannankulam,Kerala,10.4799,76.1131,2025,1,0.4052,-0.0513,-0.3685,13,31.13,28.63,34.129999999999995,,55.0,7.5,,,,2.5
Mahuakheraganj,UttarÄkhand,29.13,78.95,2025,1,0.2421,-0.0416,-0.2969,222,27.97,25.47,30.97,,55.0,7.5,,,,2.5
Nagla,UttarÄkhand,29.01,79.51,2025,1,0.5985,-0.1642,-0.5825,227,27.4,24.9,30.4,,55.0,7.5,,,,2.5
Jaipur,RÄjasthÄn,26.915,75.82,2025,1,0.4525,-0.094,-0.4992,441,33.04,14.308373655913979,28.1,2.7,62.82728494623656,8.242083333333333,0.02646505376344086,26.91962,75.78781,6.5
Kottarassheri,Kerala,10.6167,76.5333,2025,1,0.2608,0.2569,-0.326,147,31.2,28.7,34.2,,55.0,7.5,,,,2.5
Attadappa,Kerala,11.85,75.4167,2025,1,0.6804,-0.2356,-0.6201,37,30.62,28.12,33.620000000000005,,55.0,7.5,,,,2.5
Barmhan Kalan,Madhya Pradesh,23.0333,79.0167,2025,1,0.5357,-0.1011,-0.5518,337,32.73,30.229999999999997,35.73,,55.0,7.5,,,,2.5
Gorakhpur,ChhattÄ«sgarh,22.1688,81.6042,2025,1,0.1264,0.041,-0.204,305,33.67,31.17,36.67,,55.0,7.5,,,,2.5
Nagpur,MahÄrÄshtra,21.1497,79.0806,2025,1,0.2625,-0.0391,-0.3138,318,34.67,20.58133064516129,32.9,8.1,56.8377688172043,7.151948924731183,0.017419354838709676,21.14631,79.08491,6.5
Guwahati,Assam,26.1806,91.7502,2025,1,0.0448,0.116,-0.1693,57,27.21,17.49366935483871,27.5,8.4,77.26733870967742,6.03396505376344,0.020026881720430108,26.1844,91.7458,6.5
Ghaziabad,Uttar Pradesh,28.6667,77.4167,2025,1,0.1885,0.0432,-0.2328,211,32.1,12.96893817204301,25.4,1.9,77.63467741935484,8.6725,0.047567204301075264,28.66535,77.43915,6.5
Coimbatore,Tamil NÄdu,11.0008,76.9633,2025,1,0.2294,0.0209,-0.233,417,34.36,24.230967741935483,33.6,14.8,62.895161290322584,9.489314516129033,0.02720430107526882,11.00555,76.96612,6.5
Patna,BihÄr,25.61,85.1414,2025,1,0.1285,0.1551,-0.2036,63,31.9,15.802849462365591,26.2,7.1,77.59919354838709,8.116397849462366,0.016922043010752688,25.59408,85.13563,6.5
Rajkot,GujarÄt,22.2969,70.7984,2025,1,0.0592,0.1743,-0.1483,134,36.36,33.86,39.36,,55.0,7.5,,,,2.5
Vishakhapatnam,Andhra Pradesh,17.6939,83.2922,2025,1,0.1973,0.1322,-0.2576,12,32.63,30.130000000000003,35.63,,55.0,7.5,,,,2.5
Indore,Madhya Pradesh,22.7186,75.855,2025,1,0.0658,0.1984,-0.1906,553,35.84,17.89548387096774,31.2,6.2,60.325537634408605,8.858575268817205,0.015376344086021506,22.71792,75.8333,6.5
Abhepur,Punjab,30.6667,76.8333,2025,1,0.1928,0.0155,-0.2676,311,30.05,27.55,33.05,,55.0,7.5,,,,2.5
Gumanwala,UttarÄkhand,29.9333,77.9,2025,1,0.729,-0.3278,-0.6711,277,27.24,24.74,30.24,,55.0,7.5,,,,2.5
Thane,MahÄrÄshtra,19.18,72.9633,2025,1,0.2317,-0.0177,-0.2871,14,35.09,23.57021505376344,35.8,11.6,59.83736559139785,7.8694758064516135,0.001532258064516129,19.19704,72.96355,6.5
Bhopal,Madhya Pradesh,23.25,77.4167,2025,1,0.1058,0.0955,-0.1614,512,32.32,17.14024193548387,31.1,6.5,64.91505376344087,8.670887096774194,0.028830645161290323,23.25469,77.40289,6.5
Agra,Uttar Pradesh,27.18,78.02,2025,1,0.2838,0.1145,-0.4273,184,31.66,13.721250000000001,26.7,3.0,77.71774193548387,7.740376344086021,0.04491935483870967,27.18333,78.01667,6.5
Peyanvilai,Tamil NÄdu,8.5674,78.1046,2025,1,0.2628,-0.0044,-0.2777,8,30.83,28.33,33.83,,55.0,7.5,,,,2.5
Pimpri-Chinchwad,MahÄrÄshtra,18.6278,73.8131,2025,1,0.777,-0.3285,-0.7512,584,35.84,20.824341397849462,33.2,8.2,59.30846774193548,6.219892473118279,0.003306451612903226,18.61867,73.80375,6.5
Harbatpur,UttarÄkhand,30.45,77.73,2025,1,0.246,0.0899,-0.3397,445,25.72,23.22,28.72,,55.0,7.5,,,,2.5
Saundhonwali,UttarÄkhand,30.3331,77.9608,2025,1,0.0589,0.0608,-0.1466,612,26.95,24.45,29.95,,55.0,7.5,,,,2.5
Ludhiana,Punjab,30.9083,75.8486,2025,1,0.3461,-0.0815,-0.3693,243,30.07,11.398319892473118,22.2,1.5,82.76639784946236,7.204583333333333,0.07833333333333332,30.91204,75.85379,6.5
Meerut,Uttar Pradesh,28.98,77.7064,2025,1,0.0978,0.1101,-0.1918,228,31.09,28.59,34.09,,55.0,7.5,,,,2.5
Madurai,Tamil NÄdu,9.9197,78.1194,2025,1,0.1366,0.2626,-0.3099,141,34.88,25.47190860215054,35.2,15.1,66.73131720430108,9.643709677419354,0.034784946236559144,9.919,78.11953,6.5
Nasik,MahÄrÄshtra,20.0,73.7833,2025,1,0.1091,0.094,-0.1807,588,34.77,32.27,37.77,,55.0,7.5,,,,2.5
Faridabad,HaryÄna,28.4167,77.3,2025,1,0.3141,0.0331,-0.3636,208,31.7,13.339932795698925,25.6,2.8,75.75255376344086,8.802217741935484,0.0397983870967742,28.41124,77.31316,6.5
Madarpur,BihÄr,26.227,84.6746,2025,1,0.1195,0.0841,-0.2055,69,29.82,27.32,32.82,,55.0,7.5,,,,2.5
Najafgarh,Delhi,28.6125,76.9847,2025,1,0.0831,0.0673,-0.1551,220,31.3,28.8,34.3,,55.0,7.5,,,,2.5
Jabalpur,Madhya Pradesh,23.1667,79.9333,2025,1,0.1308,0.0979,-0.2365,399,33.94,17.15013440860215,30.9,5.1,65.45712365591397,7.502379032258064,0.023911290322580644,23.16697,79.95006,6.5
Madanpur,UttarÄkhand,29.326,79.1537,2025,1,0.5942,-0.1831,-0.6013,315,28.37,25.87,31.37,,55.0,7.5,,,,2.5
Kamalwaganja Gaur,UttarÄkhand,29.2117,79.4654,2025,1,0.4297,0.0707,-0.4767,383,30.09,27.59,33.09,,55.0,7.5,,,,2.5
Kalyan,MahÄrÄshtra,19.25,73.15,2025,1,0.1859,0.1043,-0.2418,10,35.57,33.07,38.57,,55.0,7.5,,,,2.5
Asansol,West Bengal,23.6833,86.9667,2025,1,0.1637,0.1474,-0.2282,125,33.35,30.85,36.35,,55.0,7.5,,,,2.5
Vijayawada,Andhra Pradesh,16.5167,80.6167,2025,1,0.327,-0.0049,-0.3146,27,31.46,24.579395161290325,34.7,14.9,70.73521505376344,6.980873655913978,0.01424731182795699,16.50745,80.6466,6.5
Vasai-Virar,MahÄrÄshtra,19.47,72.8,2025,1,0.1491,0.2517,-0.2381,0,35.91,33.41,38.91,,55.0,7.5,,,,2.5
Varanasi,Uttar Pradesh,25.3189,83.0128,2025,1,0.1878,0.0121,-0.2733,78,32.24,15.528897849462366,27.6,5.5,76.55483870967743,7.823266129032258,0.029704301075268818,25.31668,83.01041,6.5
Kalleli,Kerala,9.2,76.8833,2025,1,0.8474,-0.2867,-0.7501,133,29.93,27.43,32.93,,55.0,7.5,,,,2.5
Srinagar,Jammu and KashmÄ«r,34.0911,74.8061,2025,1,0.0959,0.1073,-0.1111,1595,21.12,-1.7122043010752688,14.3,-16.6,66.40900537634408,4.477352150537635,0.19651881720430106,34.08565,74.80555,6.5
Aurangabad,MahÄrÄshtra,19.88,75.32,2025,1,0.2452,0.0114,-0.2885,564,36.41,21.19081989247312,32.6,9.8,52.36438172043011,8.416451612903225,0.0035080645161290323,19.87757,75.34226,6.5
Dhanbad,JhÄrkhand,23.7928,86.435,2025,1,0.3392,0.0285,-0.3893,245,33.89,17.05918010752688,30.5,6.0,67.77190860215053,7.728736559139786,0.01907258064516129,23.79759,86.42992,6.5
Amritsar,Punjab,31.6269,74.877,2025,1,0.1107,0.01,-0.1739,234,29.02,11.167325268817203,21.6,0.7,81.14543010752688,6.424623655913978,0.07563172043010753,31.62234,74.87534,6.5
Haora,West Bengal,22.58,88.3294,2025,1,0.1513,0.1157,-0.1791,12,32.44,29.939999999999998,35.44,,55.0,7.5,,,,2.5
Ranchi,JhÄrkhand,23.3556,85.3347,2025,1,0.465,-0.0538,-0.4749,643,32.7,15.78606182795699,27.8,5.8,64.33212365591397,8.793723118279571,0.016209677419354838,23.34316,85.3094,6.5
Gwalior,Madhya Pradesh,26.2125,78.1775,2025,1,0.0775,0.0936,-0.1876,215,32.66,14.731962365591398,28.8,4.4,72.68924731182796,7.504677419354839,0.04174731182795699,26.22983,78.17337,6.5
Jodhpur,RÄjasthÄn,26.2944,73.0278,2025,1,0.1321,0.0753,-0.2116,251,34.71,16.466290322580644,29.5,4.3,51.160483870967745,10.243172043010752,0.007930107526881721,26.26841,73.00594,6.5
Chandigarh,ChandÄ«garh,30.7364,76.7883,2025,1,0.3902,-0.0513,-0.4158,349,28.35,12.27198924731183,23.4,3.0,74.95833333333333,8.758077956989247,0.08446236559139784,30.73629,76.7884,6.5
Raipur,ChhattÄ«sgarh,21.2379,81.6337,2025,1,0.0867,0.08,-0.1597,309,34.61,19.693870967741933,32.1,7.6,60.54744623655914,6.05239247311828,0.011868279569892472,21.23333,81.63333,6.5
Warangal,TelangÄna,17.9756,79.6011,2025,1,0.0947,0.1366,-0.1847,269,33.58,31.08,36.58,,55.0,7.5,,,,2.5
Kota,RÄjasthÄn,25.18,75.83,2025,1,0.187,0.0089,-0.2277,230,33.17,16.201424731182797,30.9,4.0,65.39583333333333,6.7313575268817205,0.034408602150537634,25.18254,75.83907,6.5
Bareilly,Uttar Pradesh,28.364,79.415,2025,1,0.107,0.1364,-0.1886,180,30.59,13.398158602150538,26.2,2.7,79.68387096774194,8.500013440860215,0.04321236559139785,28.36678,79.43167,6.5
Solapur,MahÄrÄshtra,17.6703,75.9011,2025,1,0.1581,0.0667,-0.2145,474,36.62,24.536250000000003,34.5,13.1,44.965860215053766,10.911586021505377,0.0020161290322580645,17.67152,75.91044,6.5
Hubli,KarnÄtaka,15.3108,75.0925,2025,1,0.1805,0.1001,-0.269,618,35.18,32.68,38.18,,55.0,7.5,,,,2.5
Mysore,KarnÄtaka,12.3086,76.6531,2025,1,0.0741,0.1821,-0.1342,747,33.57,31.07,36.57,,55.0,7.5,,,,2.5
Trichinopoly,Tamil NÄdu,10.8269,78.6928,2025,1,0.2759,0.0297,-0.2985,74,33.92,31.42,36.92,,55.0,7.5,,,,2.5
Moradabad,Uttar Pradesh,28.8389,78.7769,2025,1,0.1925,0.0941,-0.2422,205,30.28,27.78,33.28,,55.0,7.5,,,,2.5
Tiruppur,Tamil NÄdu,11.1075,77.3398,2025,1,0.1105,-0.0786,-0.0492,305,34.66,25.208333333333332,35.5,15.6,62.428360215053765,7.9706048387096775,0.022473118279569892,11.11541,77.35456,6.5
Jamnagar,GujarÄt,22.47,70.07,2025,1,0.2144,0.0527,-0.2613,21,35.7,33.2,38.7,,55.0,7.5,,,,2.5
Gurgaon,HaryÄna,28.4667,77.0333,2025,1,0.1479,-0.0146,-0.2147,224,31.51,29.01,34.510000000000005,,55.0,7.5,,,,2.5
Aligarh,Uttar Pradesh,27.88,78.08,2025,1,0.2101,-0.0401,-0.2525,190,31.07,13.301666666666666,25.8,2.9,77.90201612903226,8.30231182795699,0.043857526881720434,27.88145,78.07464,6.5
Jalandhar,Punjab,31.3256,75.5792,2025,1,0.119,0.0624,-0.1938,242,29.78,27.28,32.78,,55.0,7.5,,,,2.5
Bhubaneshwar,Odisha,20.295,85.825,2025,1,0.1605,-0.0032,-0.2247,47,33.1,30.6,36.1,,55.0,7.5,,,,2.5
Bhayandar,MahÄrÄshtra,19.3,72.85,2025,1,0.161,0.0966,-0.2507,9,35.19,32.69,38.19,,55.0,7.5,,,,2.5
Narela,Delhi,28.85,77.1,2025,1,0.4023,-0.0543,-0.447,212,29.39,26.89,32.39,,55.0,7.5,,,,2.5
Shishgarh,Uttar Pradesh,28.72,79.32,2025,1,0.7476,-0.377,-0.6836,181,26.47,23.97,29.47,,55.0,7.5,,,,2.5
Thiruvananthapuram,Kerala,8.4875,76.9525,2025,1,-0.0325,0.0787,0.0082,15,33.23,30.729999999999997,36.23,,55.0,7.5,,,,2.5
Dispur,Assam,26.15,91.77,2025,1,0.3372,0.0356,-0.3124,116,28.66,26.16,31.66,,55.0,7.5,,,,2.5
Durgapur,West Bengal,23.55,87.32,2025,1,0.2548,0.079,-0.303,90,33.16,30.659999999999997,36.16,,55.0,7.5,,,,2.5
Bhiwandi,MahÄrÄshtra,19.3,73.0667,2025,1,0.0809,-0.0196,-0.1719,25,38.71,36.21,41.71,,55.0,7.5,,,,2.5
Saharanpur,Uttar Pradesh,29.964,77.546,2025,1,0.0945,0.0642,-0.1927,280,29.73,27.23,32.730000000000004,,55.0,7.5,,,,2.5
Shiliguri,West Bengal,26.72,88.42,2025,1,0.2862,0.0009,-0.3069,119,30.61,28.11,33.61,,55.0,7.5,,,,2.5
Avadi,Tamil NÄdu,13.1147,80.1098,2025,1,0.2836,0.0671,-0.3121,32,32.44,29.939999999999998,35.44,,55.0,7.5,,,,2.5
Salem,Tamil NÄdu,11.65,78.1667,2025,1,0.0746,0.1056,-0.1962,285,35.6,33.1,38.6,,55.0,7.5,,,,2.5
Jui,UttarÄkhand,29.67,78.9098,2025,1,0.7998,-0.1031,-0.7422,890,25.16,22.66,28.16,,55.0,7.5,,,,2.5
Amaldu,UttarÄkhand,29.9333,78.5333,2025,1,0.3452,0.1534,-0.4111,1406,23.91,21.41,26.91,,55.0,7.5,,,,2.5
Kimsar,Jammu and KashmÄ«r,34.5,74.5333,2025,1,0.1602,-0.7983,-0.1923,3058,1.83,-0.6699999999999999,4.83,,55.0,7.5,,,,2.5
Sinduri,HimÄchal Pradesh,30.7167,77.15,2025,1,0.2484,0.0496,-0.3301,943,25.92,23.42,28.92,,55.0,7.5,,,,2.5
Gorakhpur,Uttar Pradesh,26.7611,83.3667,2025,1,0.1115,0.1015,-0.1864,84,32.2,29.700000000000003,35.2,,55.0,7.5,,,,2.5
Guntur,Andhra Pradesh,16.3,80.45,2025,1,0.2001,0.0893,-0.2614,34,34.28,31.78,37.28,,55.0,7.5,,,,2.5
Karaikandi,Assam,24.8309,92.6143,2025,1,0.456,-0.0518,-0.3924,20,27.24,24.74,30.24,,55.0,7.5,,,,2.5
Mumbai,MahÄrÄshtra,19.0758,72.8775,2025,1,0.0736,0.0552,-0.13,5,37.33,23.31008064516129,33.2,14.2,64.56397849462365,10.32875,0.001411290322580645,19.07283,72.88261,6.5
Kolkata,West Bengal,22.5675,88.37,2025,1,0.0297,0.0437,-0.0617,6,33.92,18.926102150537638,30.6,9.0,71.28346774193548,7.722836021505376,0.016223118279569893,22.56263,88.36304,6.5
Delhi,Delhi,28.66,77.23,2025,1,0.2152,0.0777,-0.2701,219,34.21,31.71,37.21,,55.0,7.5,,,,2.5
Chennai,Tamil NÄdu,13.0825,80.275,2025,1,0.0587,0.2752,-0.0618,9,32.23,24.796142473118277,30.5,17.3,74.35887096774194,11.460672043010751,0.02995967741935484,13.08784,80.27847,6.5
Bangalore,KarnÄtaka,12.9791,77.5913,2025,1,0.2909,-0.0547,-0.2909,924,31.69,29.19,34.69,,55.0,7.5,,,,2.5
Ahmedabad,GujarÄt,23.0219,72.5797,2025,1,0.3633,-0.0245,-0.3955,52,37.86,35.36,40.86,,55.0,7.5,,,,2.5
Pune,MahÄrÄshtra,18.5211,73.8553,2025,1,0.4704,-0.0901,-0.4959,554,37.18,34.68,40.18,,55.0,7.5,,,,2.5
Hyderabad,TelangÄna,17.3617,78.4747,2025,1,0.1218,0.1376,-0.1925,508,35.54,21.84111559139785,33.6,10.9,59.34206989247312,8.333333333333334,0.00836021505376344,17.38405,78.45636,6.5
Surat,GujarÄt,21.205,72.84,2025,1,0.138,0.0953,-0.243,14,38.59,22.131034946236557,35.0,11.6,55.53709677419355,11.153575268817205,0.0017069892473118278,21.19594,72.83023,6.5
Prayagraj,Uttar Pradesh,25.45,81.85,2025,1,0.3472,-0.0014,-0.4162,95,35.74,33.24,38.74,,55.0,7.5,,,,2.5
Kanpur,GujarÄt,24.285,72.6933,2025,1,0.3759,-0.0146,-0.4295,335,41.96,14.61231182795699,27.4,4.1,77.39435483870967,8.008198924731182,0.0314247311827957,26.46523,80.34975,6.5
Kanpur,Uttar Pradesh,26.4725,80.3311,2025,1,0.1109,0.0692,-0.1738,132,35.92,14.61231182795699,27.4,4.1,77.39435483870967,8.008198924731182,0.0314247311827957,26.46523,80.34975,6.5
Belahi,BihÄr,25.7167,86.4,2025,1,0.6346,-0.2064,-0.5695,41,28.18,25.68,31.18,,55.0,7.5,,,,2.5
Vadodara,GujarÄt,22.3,73.2,2025,1,0.2913,0.0121,-0.3346,38,38.57,20.783776881720428,33.5,8.6,55.36854838709677,8.284059139784947,0.004986559139784946,22.29941,73.20812,6.5
Nadampalaiyam,Tamil NÄdu,11.1793,77.376,2025,1,0.1223,0.088,-0.1856,318,34.1,31.6,37.1,,55.0,7.5,,,,2.5
Lucknow,Uttar Pradesh,26.847,80.947,2025,1,0.0816,0.1692,-0.1447,115,33.91,14.294059139784947,26.8,3.5,77.76411290322581,8.090174731182795,0.03786290322580645,26.83928,80.92313,6.5
Kannankulam,Kerala,10.4799,76.1131,2025,1,0.1414,-0.2548,-0.0775,13,30.47,27.97,33.47,,55.0,7.5,,,,2.5
Mahuakheraganj,UttarÄkhand,29.13,78.95,2025,1,0.1278,0.1016,-0.1902,222,33.58,31.08,36.58,,55.0,7.5,,,,2.5
Nagla,UttarÄkhand,29.01,79.51,2025,1,0.4462,0.0264,-0.4818,227,30.16,27.66,33.16,,55.0,7.5,,,,2.5
Jaipur,RÄjasthÄn,26.915,75.82,2025,1,0.379,-0.04,-0.461,441,38.38,14.308373655913979,28.1,2.7,62.82728494623656,8.242083333333333,0.02646505376344086,26.91962,75.78781,6.5
Kottarassheri,Kerala,10.6167,76.5333,2025,1,0.1415,-0.0992,-0.0959,147,27.7,25.2,30.7,,55.0,7.5,,,,2.5
Attadappa,Kerala,11.85,75.4167,2025,1,0.7169,-0.2698,-0.6353,37,30.48,27.98,33.480000000000004,,55.0,7.5,,,,2.5
Barmhan Kalan,Madhya Pradesh,23.0333,79.0167,2025,1,0.5164,-0.0649,-0.5388,337,36.82,34.32,39.82,,55.0,7.5,,,,2.5
Gorakhpur,ChhattÄ«sgarh,22.1688,81.6042,2025,1,0.1446,0.0488,-0.2251,305,36.27,33.77,39.27,,55.0,7.5,,,,2.5
Nagpur,MahÄrÄshtra,21.1497,79.0806,2025,1,0.2662,-0.0356,-0.308,318,37.77,20.58133064516129,32.9,8.1,56.8377688172043,7.151948924731183,0.017419354838709676,21.14631,79.08491,6.5
Guwahati,Assam,26.1806,91.7502,2025,1,0.0524,0.1394,-0.2263,57,30.34,17.49366935483871,27.5,8.4,77.26733870967742,6.03396505376344,0.020026881720430108,26.1844,91.7458,6.5
Ghaziabad,Uttar Pradesh,28.6667,77.4167,2025,1,0.1677,0.0561,-0.2203,211,34.96,12.96893817204301,25.4,1.9,77.63467741935484,8.6725,0.047567204301075264,28.66535,77.43915,6.5
Coimbatore,Tamil NÄdu,11.0008,76.9633,2025,1,0.1937,-0.0304,-0.1806,417,34.52,24.230967741935483,33.6,14.8,62.895161290322584,9.489314516129033,0.02720430107526882,11.00555,76.96612,6.5
Patna,BihÄr,25.61,85.1414,2025,1,0.1126,0.1135,-0.1887,63,33.26,15.802849462365591,26.2,7.1,77.59919354838709,8.116397849462366,0.016922043010752688,25.59408,85.13563,6.5
Rajkot,GujarÄt,22.2969,70.7984,2025,1,0.0936,0.142,-0.1374,134,39.82,37.32,42.82,,55.0,7.5,,,,2.5
Vishakhapatnam,Andhra Pradesh,17.6939,83.2922,2025,1,0.2074,0.064,-0.2333,12,32.34,29.840000000000003,35.34,,55.0,7.5,,,,2.5
Indore,Madhya Pradesh,22.7186,75.855,2025,1,0.0776,0.1805,-0.1938,553,39.76,17.89548387096774,31.2,6.2,60.325537634408605,8.858575268817205,0.015376344086021506,22.71792,75.8333,6.5
Abhepur,Punjab,30.6667,76.8333,2025,1,0.1664,0.0452,-0.2412,311,34.45,31.950000000000003,37.45,,55.0,7.5,,,,2.5
Gumanwala,UttarÄkhand,29.9333,77.9,2025,1,0.4279,-0.0583,-0.4733,277,31.86,29.36,34.86,,55.0,7.5,,,,2.5
Thane,MahÄrÄshtra,19.18,72.9633,2025,1,0.1914,0.0332,-0.252,14,36.08,23.57021505376344,35.8,11.6,59.83736559139785,7.8694758064516135,0.001532258064516129,19.19704,72.96355,6.5
Bhopal,Madhya Pradesh,23.25,77.4167,2025,1,0.0855,0.101,-0.1557,512,36.71,17.14024193548387,31.1,6.5,64.91505376344087,8.670887096774194,0.028830645161290323,23.25469,77.40289,6.5
Agra,Uttar Pradesh,27.18,78.02,2025,1,0.2742,0.0637,-0.4079,184,35.31,13.721250000000001,26.7,3.0,77.71774193548387,7.740376344086021,0.04491935483870967,27.18333,78.01667,6.5
Peyanvilai,Tamil NÄdu,8.5674,78.1046,2025,1,0.2718,0.0536,-0.3286,8,33.39,30.89,36.39,,55.0,7.5,,,,2.5
Pimpri-Chinchwad,MahÄrÄshtra,18.6278,73.8131,2025,1,0.7853,-0.2821,-0.7776,584,38.34,20.824341397849462,33.2,8.2,59.30846774193548,6.219892473118279,0.003306451612903226,18.61867,73.80375,6.5
Harbatpur,UttarÄkhand,30.45,77.73,2025,1,0.2056,0.0783,-0.3117,445,31.55,29.05,34.55,,55.0,7.5,,,,2.5
Saundhonwali,UttarÄkhand,30.3331,77.9608,2025,1,0.0519,0.0679,-0.1391,612,31.59,29.09,34.59,,55.0,7.5,,,,2.5
Ludhiana,Punjab,30.9083,75.8486,2025,1,0.3525,-0.0585,-0.3832,243,35.56,11.398319892473118,22.2,1.5,82.76639784946236,7.204583333333333,0.07833333333333332,30.91204,75.85379,6.5
Meerut,Uttar Pradesh,28.98,77.7064,2025,1,0.1064,0.1291,-0.1884,228,34.28,31.78,37.28,,55.0,7.5,,,,2.5
Madurai,Tamil NÄdu,9.9197,78.1194,2025,1,0.0653,0.1991,-0.1553,141,35.6,25.47190860215054,35.2,15.1,66.73131720430108,9.643709677419354,0.034784946236559144,9.919,78.11953,6.5
Nasik,MahÄrÄshtra,20.0,73.7833,2025,1,0.1066,0.0963,-0.1669,588,38.58,36.08,41.58,,55.0,7.5,,,,2.5
Faridabad,HaryÄna,28.4167,77.3,2025,1,0.2719,0.017,-0.3159,208,34.84,13.339932795698925,25.6,2.8,75.75255376344086,8.802217741935484,0.0397983870967742,28.41124,77.31316,6.5
Madarpur,BihÄr,26.227,84.6746,2025,1,0.1215,0.0492,-0.17,69,33.28,30.78,36.28,,55.0,7.5,,,,2.5
Najafgarh,Delhi,28.6125,76.9847,2025,1,0.0857,0.0955,-0.1534,220,35.3,32.8,38.3,,55.0,7.5,,,,2.5
Jabalpur,Madhya Pradesh,23.1667,79.9333,2025,1,0.1616,0.1006,-0.2401,399,38.6,17.15013440860215,30.9,5.1,65.45712365591397,7.502379032258064,0.023911290322580644,23.16697,79.95006,6.5
Madanpur,UttarÄkhand,29.326,79.1537,2025,1,0.335,0.0896,-0.4449,315,32.42,29.92,35.42,,55.0,7.5,,,,2.5
Kamalwaganja Gaur,UttarÄkhand,29.2117,79.4654,2025,1,0.4306,0.0601,-0.4654,383,33.24,30.740000000000002,36.24,,55.0,7.5,,,,2.5
Kalyan,MahÄrÄshtra,19.25,73.15,2025,1,0.1976,0.1214,-0.2598,10,37.38,34.88,40.38,,55.0,7.5,,,,2.5
Asansol,West Bengal,23.6833,86.9667,2025,1,0.17,0.1544,-0.2277,125,33.59,31.090000000000003,36.59,,55.0,7.5,,,,2.5
Vijayawada,Andhra Pradesh,16.5167,80.6167,2025,1,0.4279,-0.0626,-0.3934,27,29.23,24.579395161290325,34.7,14.9,70.73521505376344,6.980873655913978,0.01424731182795699,16.50745,80.6466,4.6506048387096754
Vasai-Virar,MahÄrÄshtra,19.47,72.8,2025,1,0.2035,0.1959,-0.2818,0,37.42,34.92,40.42,,55.0,7.5,,,,2.5
Varanasi,Uttar Pradesh,25.3189,83.0128,2025,1,0.1888,0.0493,-0.2683,78,34.3,15.528897849462366,27.6,5.5,76.55483870967743,7.823266129032258,0.029704301075268818,25.31668,83.01041,6.5
Kalleli,Kerala,9.2,76.8833,2025,1,0.6556,-0.2183,-0.6025,133,28.39,25.89,31.39,,55.0,7.5,,,,2.5
Srinagar,Jammu and KashmÄ«r,34.0911,74.8061,2025,1,0.1509,0.0804,-0.1863,1595,28.42,-1.7122043010752688,14.3,-16.6,66.40900537634408,4.477352150537635,0.19651881720430106,34.08565,74.80555,6.5
Aurangabad,MahÄrÄshtra,19.88,75.32,2025,1,0.2388,0.0068,-0.2846,564,40.1,21.19081989247312,32.6,9.8,52.36438172043011,8.416451612903225,0.0035080645161290323,19.87757,75.34226,6.5
Dhanbad,JhÄrkhand,23.7928,86.435,2025,1,0.4331,-0.0108,-0.4374,245,33.43,17.05918010752688,30.5,6.0,67.77190860215053,7.728736559139786,0.01907258064516129,23.79759,86.42992,6.5
Amritsar,Punjab,31.6269,74.877,2025,1,0.1117,0.0056,-0.1877,234,35.75,11.167325268817203,21.6,0.7,81.14543010752688,6.424623655913978,0.07563172043010753,31.62234,74.87534,6.5
Haora,West Bengal,22.58,88.3294,2025,1,0.0111,0.1415,-0.0049,12,32.24,29.740000000000002,35.24,,55.0,7.5,,,,2.5
Ranchi,JhÄrkhand,23.3556,85.3347,2025,1,0.4898,-0.0599,-0.4772,643,33.01,15.78606182795699,27.8,5.8,64.33212365591397,8.793723118279571,0.016209677419354838,23.34316,85.3094,6.5
Gwalior,Madhya Pradesh,26.2125,78.1775,2025,1,0.0782,0.111,-0.186,215,37.49,14.731962365591398,28.8,4.4,72.68924731182796,7.504677419354839,0.04174731182795699,26.22983,78.17337,6.5
Jodhpur,RÄjasthÄn,26.2944,73.0278,2025,1,0.118,0.068,-0.182,251,38.56,16.466290322580644,29.5,4.3,51.160483870967745,10.243172043010752,0.007930107526881721,26.26841,73.00594,6.5
Chandigarh,ChandÄ«garh,30.7364,76.7883,2025,1,0.4094,-0.047,-0.4384,349,33.24,12.27198924731183,23.4,3.0,74.95833333333333,8.758077956989247,0.08446236559139784,30.73629,76.7884,6.5
Raipur,ChhattÄ«sgarh,21.2379,81.6337,2025,1,0.0818,0.0982,-0.1488,309,36.06,19.693870967741933,32.1,7.6,60.54744623655914,6.05239247311828,0.011868279569892472,21.23333,81.63333,6.5
Warangal,TelangÄna,17.9756,79.6011,2025,1,0.1089,0.0563,-0.1372,269,34.46,31.96,37.46,,55.0,7.5,,,,2.5
Kota,RÄjasthÄn,25.18,75.83,2025,1,0.1257,0.0635,-0.1613,230,38.81,16.201424731182797,30.9,4.0,65.39583333333333,6.7313575268817205,0.034408602150537634,25.18254,75.83907,6.5
Bareilly,Uttar Pradesh,28.364,79.415,2025,1,0.1129,0.1215,-0.1826,180,34.26,13.398158602150538,26.2,2.7,79.68387096774194,8.500013440860215,0.04321236559139785,28.36678,79.43167,6.5
Solapur,MahÄrÄshtra,17.6703,75.9011,2025,1,0.177,0.0612,-0.2375,474,38.54,24.536250000000003,34.5,13.1,44.965860215053766,10.911586021505377,0.0020161290322580645,17.67152,75.91044,6.5
Hubli,KarnÄtaka,15.3108,75.0925,2025,1,0.1734,0.1016,-0.1654,618,33.02,30.520000000000003,36.02,,55.0,7.5,,,,2.5
Mysore,KarnÄtaka,12.3086,76.6531,2025,1,0.0528,0.1828,-0.113,747,32.81,30.310000000000002,35.81,,55.0,7.5,,,,2.5
Trichinopoly,Tamil NÄdu,10.8269,78.6928,2025,1,0.2819,0.0358,-0.2786,74,35.07,32.57,38.07,,55.0,7.5,,,,2.5
Moradabad,Uttar Pradesh,28.8389,78.7769,2025,1,0.2096,0.0694,-0.2663,205,34.02,31.520000000000003,37.02,,55.0,7.5,,,,2.5
Tiruppur,Tamil NÄdu,11.1075,77.3398,2025,1,0.2421,-0.0534,-0.1998,305,35.1,25.208333333333332,35.5,15.6,62.428360215053765,7.9706048387096775,0.022473118279569892,11.11541,77.35456,6.5
Jamnagar,GujarÄt,22.47,70.07,2025,1,0.2094,0.0247,-0.2588,21,38.58,36.08,41.58,,55.0,7.5,,,,2.5
Gurgaon,HaryÄna,28.4667,77.0333,2025,1,0.1748,-0.0156,-0.2645,224,35.01,32.51,38.01,,55.0,7.5,,,,2.5
Aligarh,Uttar Pradesh,27.88,78.08,2025,1,0.2299,-0.0233,-0.2811,190,35.43,13.301666666666666,25.8,2.9,77.90201612903226,8.30231182795699,0.043857526881720434,27.88145,78.07464,6.5
Jalandhar,Punjab,31.3256,75.5792,2025,1,0.1053,0.0228,-0.1756,242,35.13,32.63,38.13,,55.0,7.5,,,,2.5
Bhubaneshwar,Odisha,20.295,85.825,2025,1,0.1361,0.0082,-0.208,47,32.84,30.340000000000003,35.84,,55.0,7.5,,,,2.5
Bhayandar,MahÄrÄshtra,19.3,72.85,2025,1,0.1582,0.1188,-0.2417,9,37.04,34.54,40.04,,55.0,7.5,,,,2.5
Narela,Delhi,28.85,77.1,2025,1,0.3921,-0.0706,-0.4319,212,33.58,31.08,36.58,,55.0,7.5,,,,2.5
Shishgarh,Uttar Pradesh,28.72,79.32,2025,1,0.5022,-0.0642,-0.5521,181,30.56,28.06,33.56,,55.0,7.5,,,,2.5
Thiruvananthapuram,Kerala,8.4875,76.9525,2025,1,0.0544,0.0796,-0.0967,15,32.69,30.189999999999998,35.69,,55.0,7.5,,,,2.5
Dispur,Assam,26.15,91.77,2025,1,0.5153,-0.0674,-0.5022,116,30.75,28.25,33.75,,55.0,7.5,,,,2.5
Durgapur,West Bengal,23.55,87.32,2025,1,0.2621,0.0948,-0.3178,90,32.57,30.07,35.57,,55.0,7.5,,,,2.5
Bhiwandi,MahÄrÄshtra,19.3,73.0667,2025,1,0.0688,-0.0091,-0.1618,25,39.85,37.35,42.85,,55.0,7.5,,,,2.5
Saharanpur,Uttar Pradesh,29.964,77.546,2025,1,0.0992,0.0782,-0.2058,280,34.36,31.86,37.36,,55.0,7.5,,,,2.5
Shiliguri,West Bengal,26.72,88.42,2025,1,0.1378,0.0557,-0.1618,119,31.1,28.6,34.1,,55.0,7.5,,,,2.5
Avadi,Tamil NÄdu,13.1147,80.1098,2025,1,0.3015,0.0128,-0.3294,32,33.7,31.200000000000003,36.7,,55.0,7.5,,,,2.5
Salem,Tamil NÄdu,11.65,78.1667,2025,1,0.1123,0.0708,-0.1574,285,34.76,32.26,37.76,,55.0,7.5,,,,2.5
Jui,UttarÄkhand,29.67,78.9098,2025,1,0.6764,-0.161,-0.6091,890,28.3,25.8,31.3,,55.0,7.5,,,,2.5
Amaldu,UttarÄkhand,29.9333,78.5333,2025,1,0.2879,0.1646,-0.3766,1406,27.95,25.45,30.95,,55.0,7.5,,,,2.5
Kimsar,Jammu and KashmÄ«r,34.5,74.5333,2025,1,0.3693,-0.356,-0.3859,3058,12.43,9.93,15.43,,55.0,7.5,,,,2.5
Sinduri,HimÄchal Pradesh,30.7167,77.15,2025,1,0.2637,0.0479,-0.3437,943,30.0,27.5,33.0,,55.0,7.5,,,,2.5
Gorakhpur,Uttar Pradesh,26.7611,83.3667,2025,1,0.1334,0.0852,-0.1853,84,34.82,32.32,37.82,,55.0,7.5,,,,2.5
Guntur,Andhra Pradesh,16.3,80.45,2025,1,0.1741,0.0873,-0.2129,34,33.8,31.299999999999997,36.8,,55.0,7.5,,,,2.5
Karaikandi,Assam,24.8309,92.6143,2025,1,0.5923,-0.272,-0.4855,20,29.58,27.08,32.58,,55.0,7.5,,,,2.5
Mumbai,MahÄrÄshtra,19.0758,72.8775,2025,1,0.0558,0.0296,-0.0983,5,37.59,23.31008064516129,33.2,14.2,64.56397849462365,10.32875,0.001411290322580645,19.07283,72.88261,6.5
Kolkata,West Bengal,22.5675,88.37,2025,1,-0.0414,0.0939,-0.0064,6,36.25,18.926102150537638,30.6,9.0,71.28346774193548,7.722836021505376,0.016223118279569893,22.56263,88.36304,6.5
Delhi,Delhi,28.66,77.23,2025,1,0.2201,0.0212,-0.3021,219,33.92,31.42,36.92,,55.0,7.5,,,,2.5
Chennai,Tamil NÄdu,13.0825,80.275,2025,1,0.0702,0.2281,-0.0731,9,35.2,24.796142473118277,30.5,17.3,74.35887096774194,11.460672043010751,0.02995967741935484,13.08784,80.27847,6.5
Bangalore,KarnÄtaka,12.9791,77.5913,2025,1,0.2803,-0.0424,-0.2787,924,29.78,27.28,32.78,,55.0,7.5,,,,2.5
Ahmedabad,GujarÄt,23.0219,72.5797,2025,1,0.2532,-0.0515,-0.2579,52,34.85,32.35,37.85,,55.0,7.5,,,,2.5
Pune,MahÄrÄshtra,18.5211,73.8553,2025,1,0.4255,-0.0706,-0.4333,554,33.14,30.64,36.14,,55.0,7.5,,,,2.5
Hyderabad,TelangÄna,17.3617,78.4747,2025,1,0.1036,0.1147,-0.1883,508,35.07,21.84111559139785,33.6,10.9,59.34206989247312,8.333333333333334,0.00836021505376344,17.38405,78.45636,6.5
Surat,GujarÄt,21.205,72.84,2025,1,0.1675,0.078,-0.231,14,35.81,22.131034946236557,35.0,11.6,55.53709677419355,11.153575268817205,0.0017069892473118278,21.19594,72.83023,6.5
Prayagraj,Uttar Pradesh,25.45,81.85,2025,1,0.3744,0.0218,-0.4215,95,36.02,33.52,39.02,,55.0,7.5,,,,2.5
Kanpur,GujarÄt,24.285,72.6933,2025,1,0.3519,-0.0288,-0.4113,335,36.76,14.61231182795699,27.4,4.1,77.39435483870967,8.008198924731182,0.0314247311827957,26.46523,80.34975,6.5
Kanpur,Uttar Pradesh,26.4725,80.3311,2025,1,0.0849,0.0937,-0.1328,132,35.3,14.61231182795699,27.4,4.1,77.39435483870967,8.008198924731182,0.0314247311827957,26.46523,80.34975,6.5
Belahi,BihÄr,25.7167,86.4,2025,1,0.7449,-0.1981,-0.6778,41,31.56,29.06,34.56,,55.0,7.5,,,,2.5
Vadodara,GujarÄt,22.3,73.2,2025,1,0.3247,-0.0245,-0.3536,38,36.14,20.783776881720428,33.5,8.6,55.36854838709677,8.284059139784947,0.004986559139784946,22.29941,73.20812,6.5
Nadampalaiyam,Tamil NÄdu,11.1793,77.376,2025,1,0.1118,0.1187,-0.1645,318,34.61,32.11,37.61,,55.0,7.5,,,,2.5
Lucknow,Uttar Pradesh,26.847,80.947,2025,1,0.0501,0.2208,-0.1146,115,35.5,14.294059139784947,26.8,3.5,77.76411290322581,8.090174731182795,0.03786290322580645,26.83928,80.92313,6.5
Kannankulam,Kerala,10.4799,76.1131,2025,1,0.5064,-0.1811,-0.4675,13,30.41,27.91,33.41,,55.0,7.5,,,,2.5
Mahuakheraganj,UttarÄkhand,29.13,78.95,2025,1,0.1073,0.1262,-0.1913,222,35.83,33.33,38.83,,55.0,7.5,,,,2.5
Nagla,UttarÄkhand,29.01,79.51,2025,1,0.4036,0.0559,-0.4393,227,31.74,29.24,34.739999999999995,,55.0,7.5,,,,2.5
Jaipur,RÄjasthÄn,26.915,75.82,2025,1,0.2956,-0.0264,-0.3961,441,36.58,14.308373655913979,28.1,2.7,62.82728494623656,8.242083333333333,0.02646505376344086,26.91962,75.78781,6.5
Kottarassheri,Kerala,10.6167,76.5333,2025,1,0.5218,-0.0271,-0.4829,147,29.77,27.27,32.769999999999996,,55.0,7.5,,,,2.5
Attadappa,Kerala,11.85,75.4167,2025,1,0.6187,-0.267,-0.5567,37,29.89,27.39,32.89,,55.0,7.5,,,,2.5
Barmhan Kalan,Madhya Pradesh,23.0333,79.0167,2025,1,0.5756,-0.0916,-0.6184,337,36.35,33.85,39.35,,55.0,7.5,,,,2.5
Gorakhpur,ChhattÄ«sgarh,22.1688,81.6042,2025,1,0.1257,0.0583,-0.1552,305,37.44,34.94,40.44,,55.0,7.5,,,,2.5
Nagpur,MahÄrÄshtra,21.1497,79.0806,2025,1,0.2689,-0.0459,-0.328,318,36.34,20.58133064516129,32.9,8.1,56.8377688172043,7.151948924731183,0.017419354838709676,21.14631,79.08491,6.5
Guwahati,Assam,26.1806,91.7502,2025,1,0.0434,0.2267,-0.1987,57,31.32,17.49366935483871,27.5,8.4,77.26733870967742,6.03396505376344,0.020026881720430108,26.1844,91.7458,6.5
Ghaziabad,Uttar Pradesh,28.6667,77.4167,2025,1,0.1589,0.0411,-0.1919,211,34.32,12.96893817204301,25.4,1.9,77.63467741935484,8.6725,0.047567204301075264,28.66535,77.43915,6.5
Coimbatore,Tamil NÄdu,11.0008,76.9633,2025,1,0.363,0.0246,-0.3786,417,35.51,24.230967741935483,33.6,14.8,62.895161290322584,9.489314516129033,0.02720430107526882,11.00555,76.96612,6.5
Patna,BihÄr,25.61,85.1414,2025,1,0.1144,0.1247,-0.1511,63,33.73,15.802849462365591,26.2,7.1,77.59919354838709,8.116397849462366,0.016922043010752688,25.59408,85.13563,6.5
Rajkot,GujarÄt,22.2969,70.7984,2025,1,-0.0038,0.1142,-0.0578,134,35.11,32.61,38.11,,55.0,7.5,,,,2.5
Vishakhapatnam,Andhra Pradesh,17.6939,83.2922,2025,1,0.2053,0.0819,-0.2458,12,30.76,28.26,33.760000000000005,,55.0,7.5,,,,2.5
Indore,Madhya Pradesh,22.7186,75.855,2025,1,0.0299,0.0543,-0.1101,553,35.64,17.89548387096774,31.2,6.2,60.325537634408605,8.858575268817205,0.015376344086021506,22.71792,75.8333,6.5
Abhepur,Punjab,30.6667,76.8333,2025,1,0.176,0.0322,-0.2229,311,34.14,31.64,37.14,,55.0,7.5,,,,2.5
Gumanwala,UttarÄkhand,29.9333,77.9,2025,1,0.2598,0.0763,-0.3175,277,30.86,28.36,33.86,,55.0,7.5,,,,2.5
Thane,MahÄrÄshtra,19.18,72.9633,2025,1,0.1609,-0.0671,-0.194,14,34.75,23.57021505376344,35.8,11.6,59.83736559139785,7.8694758064516135,0.001532258064516129,19.19704,72.96355,6.5
Bhopal,Madhya Pradesh,23.25,77.4167,2025,1,-0.0106,0.0359,0.0163,512,34.38,17.14024193548387,31.1,6.5,64.91505376344087,8.670887096774194,0.028830645161290323,23.25469,77.40289,6.5
Agra,Uttar Pradesh,27.18,78.02,2025,1,0.2425,0.0664,-0.3198,184,34.83,13.721250000000001,26.7,3.0,77.71774193548387,7.740376344086021,0.04491935483870967,27.18333,78.01667,6.5
Peyanvilai,Tamil NÄdu,8.5674,78.1046,2025,1,0.1247,0.0728,-0.1548,8,34.45,31.950000000000003,37.45,,55.0,7.5,,,,2.5
Pimpri-Chinchwad,MahÄrÄshtra,18.6278,73.8131,2025,1,0.6856,-0.2696,-0.6011,584,33.97,20.824341397849462,33.2,8.2,59.30846774193548,6.219892473118279,0.003306451612903226,18.61867,73.80375,6.5
Harbatpur,UttarÄkhand,30.45,77.73,2025,1,0.2241,0.0753,-0.3261,445,32.12,29.619999999999997,35.12,,55.0,7.5,,,,2.5
Saundhonwali,UttarÄkhand,30.3331,77.9608,2025,1,0.0134,0.0814,-0.0778,612,30.7,28.2,33.7,,55.0,7.5,,,,2.5
Ludhiana,Punjab,30.9083,75.8486,2025,1,0.3315,-0.0296,-0.3514,243,35.09,11.398319892473118,22.2,1.5,82.76639784946236,7.204583333333333,0.07833333333333332,30.91204,75.85379,6.5
Meerut,Uttar Pradesh,28.98,77.7064,2025,1,0.1092,0.1185,-0.1835,228,33.8,31.299999999999997,36.8,,55.0,7.5,,,,2.5
Madurai,Tamil NÄdu,9.9197,78.1194,2025,1,0.1312,0.2454,-0.3271,141,37.0,25.47190860215054,35.2,15.1,66.73131720430108,9.643709677419354,0.034784946236559144,9.919,78.11953,6.5
Nasik,MahÄrÄshtra,20.0,73.7833,2025,1,0.0541,0.0893,-0.0761,588,35.26,32.76,38.26,,55.0,7.5,,,,2.5
Faridabad,HaryÄna,28.4167,77.3,2025,1,0.2308,0.0076,-0.254,208,33.2,13.339932795698925,25.6,2.8,75.75255376344086,8.802217741935484,0.0397983870967742,28.41124,77.31316,6.5
Madarpur,BihÄr,26.227,84.6746,2025,1,0.1454,0.1082,-0.1714,69,33.96,31.46,36.96,,55.0,7.5,,,,2.5
Najafgarh,Delhi,28.6125,76.9847,2025,1,0.0633,0.0446,-0.085,220,34.84,32.34,37.84,,55.0,7.5,,,,2.5
Jabalpur,Madhya Pradesh,23.1667,79.9333,2025,1,0.1284,0.0986,-0.2118,399,35.08,17.15013440860215,30.9,5.1,65.45712365591397,7.502379032258064,0.023911290322580644,23.16697,79.95006,6.5
Madanpur,UttarÄkhand,29.326,79.1537,2025,1,0.3318,0.0753,-0.3357,315,33.72,31.22,36.72,,55.0,7.5,,,,2.5
Kamalwaganja Gaur,UttarÄkhand,29.2117,79.4654,2025,1,0.4405,0.0851,-0.4459,383,35.48,32.98,38.48,,55.0,7.5,,,,2.5
Kalyan,MahÄrÄshtra,19.25,73.15,2025,1,0.1908,0.1005,-0.2518,10,37.25,34.75,40.25,,55.0,7.5,,,,2.5
Asansol,West Bengal,23.6833,86.9667,2025,1,0.1336,0.1544,-0.19,125,32.48,29.979999999999997,35.48,,55.0,7.5,,,,2.5
Vijayawada,Andhra Pradesh,16.5167,80.6167,2025,1,0.3734,-0.1021,-0.3231,27,33.54,24.579395161290325,34.7,14.9,70.73521505376344,6.980873655913978,0.01424731182795699,16.50745,80.6466,6.5
Vasai-Virar,MahÄrÄshtra,19.47,72.8,2025,1,0.2567,0.115,-0.3124,0,35.87,33.37,38.87,,55.0,7.5,,,,2.5
Varanasi,Uttar Pradesh,25.3189,83.0128,2025,1,0.1655,0.0879,-0.2248,78,35.86,15.528897849462366,27.6,5.5,76.55483870967743,7.823266129032258,0.029704301075268818,25.31668,83.01041,6.5
Kalleli,Kerala,9.2,76.8833,2025,1,0.395,-0.3682,-0.3593,133,27.86,25.36,30.86,,55.0,7.5,,,,2.5
Srinagar,Jammu and KashmÄ«r,34.0911,74.8061,2025,1,0.1542,0.0923,-0.2034,1595,32.35,-1.7122043010752688,14.3,-16.6,66.40900537634408,4.477352150537635,0.19651881720430106,34.08565,74.80555,6.5
Aurangabad,MahÄrÄshtra,19.88,75.32,2025,1,0.2142,-0.0139,-0.2497,564,36.17,21.19081989247312,32.6,9.8,52.36438172043011,8.416451612903225,0.0035080645161290323,19.87757,75.34226,6.5
Dhanbad,JhÄrkhand,23.7928,86.435,2025,1,0.3836,-0.0384,-0.3394,245,32.85,17.05918010752688,30.5,6.0,67.77190860215053,7.728736559139786,0.01907258064516129,23.79759,86.42992,6.5
Amritsar,Punjab,31.6269,74.877,2025,1,0.0877,0.0939,-0.1542,234,34.42,11.167325268817203,21.6,0.7,81.14543010752688,6.424623655913978,0.07563172043010753,31.62234,74.87534,6.5
Haora,West Bengal,22.58,88.3294,2025,1,0.045,0.1402,-0.0792,12,34.41,31.909999999999997,37.41,,55.0,7.5,,,,2.5
Ranchi,JhÄrkhand,23.3556,85.3347,2025,1,0.4625,-0.0641,-0.4607,643,31.5,15.78606182795699,27.8,5.8,64.33212365591397,8.793723118279571,0.016209677419354838,23.34316,85.3094,6.5
Gwalior,Madhya Pradesh,26.2125,78.1775,2025,1,0.0573,0.1388,-0.1289,215,36.78,14.731962365591398,28.8,4.4,72.68924731182796,7.504677419354839,0.04174731182795699,26.22983,78.17337,6.5
Jodhpur,RÄjasthÄn,26.2944,73.0278,2025,1,0.1414,0.0783,-0.2058,251,37.28,16.466290322580644,29.5,4.3,51.160483870967745,10.243172043010752,0.007930107526881721,26.26841,73.00594,6.5
Chandigarh,ChandÄ«garh,30.7364,76.7883,2025,1,0.331,-0.0284,-0.3658,349,32.49,12.27198924731183,23.4,3.0,74.95833333333333,8.758077956989247,0.08446236559139784,30.73629,76.7884,6.5
Raipur,ChhattÄ«sgarh,21.2379,81.6337,2025,1,0.0693,0.1281,-0.125,309,36.46,19.693870967741933,32.1,7.6,60.54744623655914,6.05239247311828,0.011868279569892472,21.23333,81.63333,6.5
Warangal,TelangÄna,17.9756,79.6011,2025,1,-0.0133,0.0908,0.0058,269,36.08,33.58,39.08,,55.0,7.5,,,,2.5
Kota,RÄjasthÄn,25.18,75.83,2025,1,0.1159,0.1096,-0.2009,230,36.28,16.201424731182797,30.9,4.0,65.39583333333333,6.7313575268817205,0.034408602150537634,25.18254,75.83907,6.5
Bareilly,Uttar Pradesh,28.364,79.415,2025,1,0.1035,0.1061,-0.1596,180,34.95,13.398158602150538,26.2,2.7,79.68387096774194,8.500013440860215,0.04321236559139785,28.36678,79.43167,6.5
Solapur,MahÄrÄshtra,17.6703,75.9011,2025,1,0.1712,0.0993,-0.224,474,38.98,24.536250000000003,34.5,13.1,44.965860215053766,10.911586021505377,0.0020161290322580645,17.67152,75.91044,6.5
Hubli,KarnÄtaka,15.3108,75.0925,2025,1,0.199,0.133,-0.2599,618,34.49,31.990000000000002,37.49,,55.0,7.5,,,,2.5
Mysore,KarnÄtaka,12.3086,76.6531,2025,1,0.0882,0.094,-0.1375,747,31.68,29.18,34.68,,55.0,7.5,,,,2.5
Trichinopoly,Tamil NÄdu,10.8269,78.6928,2025,1,0.2793,0.0098,-0.3056,74,33.58,31.08,36.58,,55.0,7.5,,,,2.5
Moradabad,Uttar Pradesh,28.8389,78.7769,2025,1,0.1859,0.1227,-0.2568,205,34.98,32.48,37.98,,55.0,7.5,,,,2.5
Tiruppur,Tamil NÄdu,11.1075,77.3398,2025,1,0.39,-0.0284,-0.3973,305,35.54,25.208333333333332,35.5,15.6,62.428360215053765,7.9706048387096775,0.022473118279569892,11.11541,77.35456,6.5
Jamnagar,GujarÄt,22.47,70.07,2025,1,0.1682,0.0038,-0.1794,21,34.82,32.32,37.82,,55.0,7.5,,,,2.5
Gurgaon,HaryÄna,28.4667,77.0333,2025,1,0.2137,-0.0684,-0.2509,224,34.12,31.619999999999997,37.12,,55.0,7.5,,,,2.5
Aligarh,Uttar Pradesh,27.88,78.08,2025,1,0.1576,0.0196,-0.1976,190,35.38,13.301666666666666,25.8,2.9,77.90201612903226,8.30231182795699,0.043857526881720434,27.88145,78.07464,6.5
Jalandhar,Punjab,31.3256,75.5792,2025,1,0.0861,0.1247,-0.16,242,35.52,33.02,38.52,,55.0,7.5,,,,2.5
Bhubaneshwar,Odisha,20.295,85.825,2025,1,0.1376,0.0435,-0.2293,47,34.19,31.689999999999998,37.19,,55.0,7.5,,,,2.5
Bhayandar,MahÄrÄshtra,19.3,72.85,2025,1,0.1149,0.0836,-0.1878,9,35.21,32.71,38.21,,55.0,7.5,,,,2.5
Narela,Delhi,28.85,77.1,2025,1,0.5096,-0.1807,-0.4913,212,32.87,30.369999999999997,35.87,,55.0,7.5,,,,2.5
Shishgarh,Uttar Pradesh,28.72,79.32,2025,1,0.3226,0.0517,-0.3847,181,31.69,29.19,34.69,,55.0,7.5,,,,2.5
Thiruvananthapuram,Kerala,8.4875,76.9525,2025,1,0.1028,0.0056,-0.1402,15,31.63,29.13,34.629999999999995,,55.0,7.5,,,,2.5
Dispur,Assam,26.15,91.77,2025,1,0.6008,-0.122,-0.5048,116,32.23,29.729999999999997,35.23,,55.0,7.5,,,,2.5
Durgapur,West Bengal,23.55,87.32,2025,1,0.3526,0.0231,-0.3789,90,32.46,29.96,35.46,,55.0,7.5,,,,2.5
Bhiwandi,MahÄrÄshtra,19.3,73.0667,2025,1,0.0377,-0.0094,-0.0353,25,39.0,36.5,42.0,,55.0,7.5,,,,2.5
Saharanpur,Uttar Pradesh,29.964,77.546,2025,1,0.0893,0.0839,-0.1722,280,34.77,32.27,37.77,,55.0,7.5,,,,2.5
Shiliguri,West Bengal,26.72,88.42,2025,1,0.0603,0.0522,-0.0644,119,34.53,32.03,37.53,,55.0,7.5,,,,2.5
Avadi,Tamil NÄdu,13.1147,80.1098,2025,1,0.3117,0.0219,-0.3303,32,35.86,33.36,38.86,,55.0,7.5,,,,2.5
Salem,Tamil NÄdu,11.65,78.1667,2025,1,0.0772,0.1109,-0.1991,285,34.8,32.3,37.8,,55.0,7.5,,,,2.5
Jui,UttarÄkhand,29.67,78.9098,2025,1,0.5541,-0.1803,-0.4544,890,28.03,25.53,31.03,,55.0,7.5,,,,2.5
Amaldu,UttarÄkhand,29.9333,78.5333,2025,1,0.2758,0.1387,-0.3211,1406,26.91,24.41,29.91,,55.0,7.5,,,,2.5
Kimsar,Jammu and KashmÄ«r,34.5,74.5333,2025,1,0.2132,-0.1833,-0.2096,3058,20.61,18.11,23.61,,55.0,7.5,,,,2.5
Sinduri,HimÄchal Pradesh,30.7167,77.15,2025,1,0.0717,-0.0824,0.0012,943,27.62,25.12,30.62,,55.0,7.5,,,,2.5
Gorakhpur,Uttar Pradesh,26.7611,83.3667,2025,1,0.1145,0.1077,-0.1873,84,34.56,32.06,37.56,,55.0,7.5,,,,2.5
Guntur,Andhra Pradesh,16.3,80.45,2025,1,0.2062,0.1068,-0.2535,34,36.89,34.39,39.89,,55.0,7.5,,,,2.5
Karaikandi,Assam,24.8309,92.6143,2025,1,0.3908,-0.155,-0.4033,20,28.56,26.06,31.56,,55.0,7.5,,,,2.5
Mumbai,MahÄrÄshtra,19.0758,72.8775,2025,1,-0.0093,-0.159,0.0678,5,29.54,23.31008064516129,33.2,14.2,64.56397849462365,10.32875,0.001411290322580645,19.07283,72.88261,6.22991935483871
Kolkata,West Bengal,22.5675,88.37,2025,1,0.0045,0.0425,-0.0791,6,31.35,18.926102150537638,30.6,9.0,71.28346774193548,7.722836021505376,0.016223118279569893,22.56263,88.36304,6.5
Delhi,Delhi,28.66,77.23,2025,1,0.1874,0.0205,-0.2371,219,34.77,32.27,37.77,,55.0,7.5,,,,2.5
Chennai,Tamil NÄdu,13.0825,80.275,2025,1,0.0483,0.2257,-0.074,9,33.48,24.796142473118277,30.5,17.3,74.35887096774194,11.460672043010751,0.02995967741935484,13.08784,80.27847,6.5
Bangalore,KarnÄtaka,12.9791,77.5913,2025,1,0.3359,-0.1219,-0.3152,924,28.55,26.05,31.55,,55.0,7.5,,,,2.5
Ahmedabad,GujarÄt,23.0219,72.5797,2025,1,0.2118,-0.0474,-0.2376,52,33.12,30.619999999999997,36.12,,55.0,7.5,,,,2.5
Pune,MahÄrÄshtra,18.5211,73.8553,2025,1,0.1811,-0.0497,-0.1612,554,27.84,25.34,30.84,,55.0,7.5,,,,2.5
Hyderabad,TelangÄna,17.3617,78.4747,2025,1,-0.0052,-0.0284,0.025,508,35.15,21.84111559139785,33.6,10.9,59.34206989247312,8.333333333333334,0.00836021505376344,17.38405,78.45636,6.5
Surat,GujarÄt,21.205,72.84,2025,1,0.1298,0.0436,-0.2017,14,32.74,22.131034946236557,35.0,11.6,55.53709677419355,11.153575268817205,0.0017069892473118278,21.19594,72.83023,6.5
Prayagraj,Uttar Pradesh,25.45,81.85,2025,1,0.3293,0.0174,-0.3837,95,37.58,35.08,40.58,,55.0,7.5,,,,2.5
Kanpur,GujarÄt,24.285,72.6933,2025,1,0.4208,-0.0812,-0.405,335,35.47,14.61231182795699,27.4,4.1,77.39435483870967,8.008198924731182,0.0314247311827957,26.46523,80.34975,6.5
Kanpur,Uttar Pradesh,26.4725,80.3311,2025,1,0.0458,0.0538,-0.1304,132,35.74,14.61231182795699,27.4,4.1,77.39435483870967,8.008198924731182,0.0314247311827957,26.46523,80.34975,6.5
Belahi,BihÄr,25.7167,86.4,2025,1,0.3669,-0.0163,-0.3692,41,35.42,32.92,38.42,,55.0,7.5,,,,2.5
Vadodara,GujarÄt,22.3,73.2,2025,1,0.216,-0.066,-0.2223,38,33.66,20.783776881720428,33.5,8.6,55.36854838709677,8.284059139784947,0.004986559139784946,22.29941,73.20812,6.5
Nadampalaiyam,Tamil NÄdu,11.1793,77.376,2025,1,0.0837,0.0951,-0.1179,318,33.77,31.270000000000003,36.77,,55.0,7.5,,,,2.5
Lucknow,Uttar Pradesh,26.847,80.947,2025,1,-0.0392,-0.0375,0.0642,115,35.6,14.294059139784947,26.8,3.5,77.76411290322581,8.090174731182795,0.03786290322580645,26.83928,80.92313,6.5
Kannankulam,Kerala,10.4799,76.1131,2025,1,-0.0106,-0.1781,0.0638,13,24.17,21.67,27.17,,55.0,7.5,,,,2.5
Mahuakheraganj,UttarÄkhand,29.13,78.95,2025,1,0.0765,0.0289,-0.1495,222,32.35,29.85,35.35,,55.0,7.5,,,,2.5
Nagla,UttarÄkhand,29.01,79.51,2025,1,0.3293,0.0405,-0.3358,227,32.42,29.92,35.42,,55.0,7.5,,,,2.5
Jaipur,RÄjasthÄn,26.915,75.82,2025,1,0.3908,-0.0257,-0.4172,441,37.18,14.308373655913979,28.1,2.7,62.82728494623656,8.242083333333333,0.02646505376344086,26.91962,75.78781,6.5
Kottarassheri,Kerala,10.6167,76.5333,2025,1,0.4982,-0.3409,-0.4469,147,26.88,24.38,29.88,,55.0,7.5,,,,2.5
Attadappa,Kerala,11.85,75.4167,2025,1,0.5228,-0.3184,-0.4752,37,25.55,23.05,28.55,,55.0,7.5,,,,2.5
Barmhan Kalan,Madhya Pradesh,23.0333,79.0167,2025,1,0.5582,-0.1016,-0.559,337,35.73,33.23,38.73,,55.0,7.5,,,,2.5
Gorakhpur,ChhattÄ«sgarh,22.1688,81.6042,2025,1,0.1079,0.0584,-0.157,305,40.14,37.64,43.14,,55.0,7.5,,,,2.5
Nagpur,MahÄrÄshtra,21.1497,79.0806,2025,1,0.1796,-0.0374,-0.1419,318,35.38,20.58133064516129,32.9,8.1,56.8377688172043,7.151948924731183,0.017419354838709676,21.14631,79.08491,6.5
Guwahati,Assam,26.1806,91.7502,2025,1,0.0054,0.2148,-0.2356,57,34.47,17.49366935483871,27.5,8.4,77.26733870967742,6.03396505376344,0.020026881720430108,26.1844,91.7458,6.5
Ghaziabad,Uttar Pradesh,28.6667,77.4167,2025,1,0.1135,0.0134,-0.1097,211,37.34,12.96893817204301,25.4,1.9,77.63467741935484,8.6725,0.047567204301075264,28.66535,77.43915,6.5
Coimbatore,Tamil NÄdu,11.0008,76.9633,2025,1,0.1573,-0.0372,-0.1333,417,32.19,24.230967741935483,33.6,14.8,62.895161290322584,9.489314516129033,0.02720430107526882,11.00555,76.96612,6.5
Patna,BihÄr,25.61,85.1414,2025,1,0.0866,0.1103,-0.103,63,34.92,15.802849462365591,26.2,7.1,77.59919354838709,8.116397849462366,0.016922043010752688,25.59408,85.13563,6.5
Rajkot,GujarÄt,22.2969,70.7984,2025,1,-0.0051,0.0663,-0.0197,134,34.54,32.04,37.54,,55.0,7.5,,,,2.5
Vishakhapatnam,Andhra Pradesh,17.6939,83.2922,2025,1,0.2302,0.0431,-0.2517,12,31.83,29.33,34.83,,55.0,7.5,,,,2.5
Indore,Madhya Pradesh,22.7186,75.855,2025,1,0.029,0.1433,-0.1309,553,35.05,17.89548387096774,31.2,6.2,60.325537634408605,8.858575268817205,0.015376344086021506,22.71792,75.8333,6.5
Abhepur,Punjab,30.6667,76.8333,2025,1,0.1476,0.0372,-0.1808,311,34.92,32.42,37.92,,55.0,7.5,,,,2.5
Gumanwala,UttarÄkhand,29.9333,77.9,2025,1,0.4946,-0.1769,-0.4146,277,30.98,28.48,33.980000000000004,,55.0,7.5,,,,2.5
Thane,MahÄrÄshtra,19.18,72.9633,2025,1,0.015,-0.2561,-0.0179,14,29.58,23.57021505376344,35.8,11.6,59.83736559139785,7.8694758064516135,0.001532258064516129,19.19704,72.96355,6.009784946236557
Bhopal,Madhya Pradesh,23.25,77.4167,2025,1,0.07,0.1222,-0.1091,512,32.77,17.14024193548387,31.1,6.5,64.91505376344087,8.670887096774194,0.028830645161290323,23.25469,77.40289,6.5
Agra,Uttar Pradesh,27.18,78.02,2025,1,0.2196,0.0541,-0.319,184,35.62,13.721250000000001,26.7,3.0,77.71774193548387,7.740376344086021,0.04491935483870967,27.18333,78.01667,6.5
Peyanvilai,Tamil NÄdu,8.5674,78.1046,2025,1,0.1898,0.0088,-0.2199,8,34.67,32.17,37.67,,55.0,7.5,,,,2.5
Pimpri-Chinchwad,MahÄrÄshtra,18.6278,73.8131,2025,1,0.6358,-0.2887,-0.5854,584,28.01,20.824341397849462,33.2,8.2,59.30846774193548,6.219892473118279,0.003306451612903226,18.61867,73.80375,6.5
Harbatpur,UttarÄkhand,30.45,77.73,2025,1,0.2202,-0.0263,-0.2142,445,32.18,29.68,35.18,,55.0,7.5,,,,2.5
Saundhonwali,UttarÄkhand,30.3331,77.9608,2025,1,0.0178,-0.0679,-0.0285,612,32.38,29.880000000000003,35.38,,55.0,7.5,,,,2.5
Ludhiana,Punjab,30.9083,75.8486,2025,1,0.3701,-0.0422,-0.3898,243,34.93,11.398319892473118,22.2,1.5,82.76639784946236,7.204583333333333,0.07833333333333332,30.91204,75.85379,6.5
Meerut,Uttar Pradesh,28.98,77.7064,2025,1,0.0225,0.1249,-0.0976,228,37.04,34.54,40.04,,55.0,7.5,,,,2.5
Madurai,Tamil NÄdu,9.9197,78.1194,2025,1,0.1088,0.1271,-0.2043,141,36.48,25.47190860215054,35.2,15.1,66.73131720430108,9.643709677419354,0.034784946236559144,9.919,78.11953,6.5
Nasik,MahÄrÄshtra,20.0,73.7833,2025,1,0.0418,0.0424,-0.0727,588,29.97,27.47,32.97,,55.0,7.5,,,,2.5
Faridabad,HaryÄna,28.4167,77.3,2025,1,0.2056,0.0103,-0.2279,208,35.58,13.339932795698925,25.6,2.8,75.75255376344086,8.802217741935484,0.0397983870967742,28.41124,77.31316,6.5
Madarpur,BihÄr,26.227,84.6746,2025,1,0.2096,0.1253,-0.2581,69,37.36,34.86,40.36,,55.0,7.5,,,,2.5
Najafgarh,Delhi,28.6125,76.9847,2025,1,0.0261,0.0493,-0.0894,220,35.2,32.7,38.2,,55.0,7.5,,,,2.5
Jabalpur,Madhya Pradesh,23.1667,79.9333,2025,1,0.1508,0.0445,-0.1824,399,37.28,17.15013440860215,30.9,5.1,65.45712365591397,7.502379032258064,0.023911290322580644,23.16697,79.95006,6.5
Madanpur,UttarÄkhand,29.326,79.1537,2025,1,0.4664,-0.0961,-0.4273,315,32.27,29.770000000000003,35.27,,55.0,7.5,,,,2.5
Kamalwaganja Gaur,UttarÄkhand,29.2117,79.4654,2025,1,0.3146,0.0367,-0.2935,383,34.02,31.520000000000003,37.02,,55.0,7.5,,,,2.5
Kalyan,MahÄrÄshtra,19.25,73.15,2025,1,0.1862,-0.1037,-0.1479,10,27.52,25.02,30.52,,55.0,7.5,,,,2.5
Asansol,West Bengal,23.6833,86.9667,2025,1,0.1153,0.1967,-0.1593,125,33.1,30.6,36.1,,55.0,7.5,,,,2.5
Vijayawada,Andhra Pradesh,16.5167,80.6167,2025,1,0.4929,-0.1324,-0.4372,27,33.73,24.579395161290325,34.7,14.9,70.73521505376344,6.980873655913978,0.01424731182795699,16.50745,80.6466,6.5
Vasai-Virar,MahÄrÄshtra,19.47,72.8,2025,1,0.2298,-0.047,-0.29,0,30.46,27.96,33.46,,55.0,7.5,,,,2.5
Varanasi,Uttar Pradesh,25.3189,83.0128,2025,1,0.1899,0.0497,-0.2628,78,34.98,15.528897849462366,27.6,5.5,76.55483870967743,7.823266129032258,0.029704301075268818,25.31668,83.01041,6.5
Kalleli,Kerala,9.2,76.8833,2025,1,0.3115,-0.1904,-0.2798,133,25.16,22.66,28.16,,55.0,7.5,,,,2.5
Srinagar,Jammu and KashmÄ«r,34.0911,74.8061,2025,1,0.1234,0.1106,-0.1405,1595,34.05,-1.7122043010752688,14.3,-16.6,66.40900537634408,4.477352150537635,0.19651881720430106,34.08565,74.80555,6.5
Aurangabad,MahÄrÄshtra,19.88,75.32,2025,1,0.0041,-0.1335,0.0414,564,31.27,21.19081989247312,32.6,9.8,52.36438172043011,8.416451612903225,0.0035080645161290323,19.87757,75.34226,6.5
Dhanbad,JhÄrkhand,23.7928,86.435,2025,1,0.1987,-0.0434,-0.1624,245,33.9,17.05918010752688,30.5,6.0,67.77190860215053,7.728736559139786,0.01907258064516129,23.79759,86.42992,6.5
Amritsar,Punjab,31.6269,74.877,2025,1,0.0937,0.0382,-0.1525,234,35.72,11.167325268817203,21.6,0.7,81.14543010752688,6.424623655913978,0.07563172043010753,31.62234,74.87534,6.5
Haora,West Bengal,22.58,88.3294,2025,1,0.0569,0.1688,-0.1616,12,29.62,27.12,32.620000000000005,,55.0,7.5,,,,2.5
Ranchi,JhÄrkhand,23.3556,85.3347,2025,1,0.5352,-0.0994,-0.4982,643,32.61,15.78606182795699,27.8,5.8,64.33212365591397,8.793723118279571,0.016209677419354838,23.34316,85.3094,6.5
Gwalior,Madhya Pradesh,26.2125,78.1775,2025,1,0.0212,0.0011,0.0021,215,36.74,14.731962365591398,28.8,4.4,72.68924731182796,7.504677419354839,0.04174731182795699,26.22983,78.17337,6.5
Jodhpur,RÄjasthÄn,26.2944,73.0278,2025,1,0.0726,0.058,-0.07,251,38.09,16.466290322580644,29.5,4.3,51.160483870967745,10.243172043010752,0.007930107526881721,26.26841,73.00594,6.5
Chandigarh,ChandÄ«garh,30.7364,76.7883,2025,1,0.1893,-0.0317,-0.1662,349,34.04,12.27198924731183,23.4,3.0,74.95833333333333,8.758077956989247,0.08446236559139784,30.73629,76.7884,6.5
Raipur,ChhattÄ«sgarh,21.2379,81.6337,2025,1,0.0553,0.0956,-0.1065,309,34.8,19.693870967741933,32.1,7.6,60.54744623655914,6.05239247311828,0.011868279569892472,21.23333,81.63333,6.5
Warangal,TelangÄna,17.9756,79.6011,2025,1,0.0944,0.1082,-0.1597,269,35.0,32.5,38.0,,55.0,7.5,,,,2.5
Kota,RÄjasthÄn,25.18,75.83,2025,1,0.1197,0.0679,-0.1353,230,38.03,16.201424731182797,30.9,4.0,65.39583333333333,6.7313575268817205,0.034408602150537634,25.18254,75.83907,6.5
Bareilly,Uttar Pradesh,28.364,79.415,2025,1,0.056,0.0919,-0.0744,180,34.0,13.398158602150538,26.2,2.7,79.68387096774194,8.500013440860215,0.04321236559139785,28.36678,79.43167,6.5
Solapur,MahÄrÄshtra,17.6703,75.9011,2025,1,0.0423,-0.0911,0.0278,474,29.95,24.536250000000003,34.5,13.1,44.965860215053766,10.911586021505377,0.0020161290322580645,17.67152,75.91044,5.413749999999997
Hubli,KarnÄtaka,15.3108,75.0925,2025,1,0.2372,0.0443,-0.2427,618,26.59,24.09,29.59,,55.0,7.5,,,,2.5
Mysore,KarnÄtaka,12.3086,76.6531,2025,1,0.027,-0.1612,-0.0404,747,27.11,24.61,30.11,,55.0,7.5,,,,2.5
Trichinopoly,Tamil NÄdu,10.8269,78.6928,2025,1,0.3146,-0.011,-0.3401,74,33.75,31.25,36.75,,55.0,7.5,,,,2.5
Moradabad,Uttar Pradesh,28.8389,78.7769,2025,1,0.0708,-0.0532,-0.0475,205,36.19,33.69,39.19,,55.0,7.5,,,,2.5
Tiruppur,Tamil NÄdu,11.1075,77.3398,2025,1,0.4574,-0.0864,-0.4477,305,34.21,25.208333333333332,35.5,15.6,62.428360215053765,7.9706048387096775,0.022473118279569892,11.11541,77.35456,6.5
Jamnagar,GujarÄt,22.47,70.07,2025,1,0.1659,-0.0222,-0.158,21,34.09,31.590000000000003,37.09,,55.0,7.5,,,,2.5
Gurgaon,HaryÄna,28.4667,77.0333,2025,1,0.217,-0.0713,-0.2433,224,36.38,33.88,39.38,,55.0,7.5,,,,2.5
Aligarh,Uttar Pradesh,27.88,78.08,2025,1,0.2122,0.0018,-0.2528,190,36.42,13.301666666666666,25.8,2.9,77.90201612903226,8.30231182795699,0.043857526881720434,27.88145,78.07464,6.5
Jalandhar,Punjab,31.3256,75.5792,2025,1,0.0771,0.1365,-0.147,242,35.98,33.48,38.98,,55.0,7.5,,,,2.5
Bhubaneshwar,Odisha,20.295,85.825,2025,1,0.1321,0.0138,-0.184,47,35.39,32.89,38.39,,55.0,7.5,,,,2.5
Bhayandar,MahÄrÄshtra,19.3,72.85,2025,1,0.1256,0.0293,-0.1315,9,29.37,26.87,32.370000000000005,,55.0,7.5,,,,2.5
Narela,Delhi,28.85,77.1,2025,1,0.5542,-0.2148,-0.5349,212,36.27,33.77,39.27,,55.0,7.5,,,,2.5
Shishgarh,Uttar Pradesh,28.72,79.32,2025,1,0.439,-0.1686,-0.4,181,31.34,28.84,34.34,,55.0,7.5,,,,2.5
Thiruvananthapuram,Kerala,8.4875,76.9525,2025,1,0.0306,0.0221,-0.0282,15,29.93,27.43,32.93,,55.0,7.5,,,,2.5
Dispur,Assam,26.15,91.77,2025,1,0.7307,-0.2651,-0.5925,116,35.24,32.74,38.24,,55.0,7.5,,,,2.5
Durgapur,West Bengal,23.55,87.32,2025,1,0.3267,0.0039,-0.3288,90,31.66,29.16,34.66,,55.0,7.5,,,,2.5
Bhiwandi,MahÄrÄshtra,19.3,73.0667,2025,1,0.0544,-0.1721,-0.0635,25,28.81,26.31,31.81,,55.0,7.5,,,,2.5
Saharanpur,Uttar Pradesh,29.964,77.546,2025,1,0.0342,0.0845,-0.054,280,34.27,31.770000000000003,37.27,,55.0,7.5,,,,2.5
Shiliguri,West Bengal,26.72,88.42,2025,1,0.0007,-0.1769,0.0734,119,34.13,31.630000000000003,37.13,,55.0,7.5,,,,2.5
Avadi,Tamil NÄdu,13.1147,80.1098,2025,1,0.3111,0.002,-0.3403,32,32.33,29.83,35.33,,55.0,7.5,,,,2.5
Salem,Tamil NÄdu,11.65,78.1667,2025,1,0.1009,0.0195,-0.0939,285,30.84,28.34,33.84,,55.0,7.5,,,,2.5
Jui,UttarÄkhand,29.67,78.9098,2025,1,-0.0349,-0.1587,0.1135,890,28.2,25.7,31.2,,55.0,7.5,,,,2.5
Amaldu,UttarÄkhand,29.9333,78.5333,2025,1,0.0038,-0.1924,0.0392,1406,29.36,26.86,32.36,,55.0,7.5,,,,2.5
Kimsar,Jammu and KashmÄ«r,34.5,74.5333,2025,1,0.4814,-0.0296,-0.5378,3058,20.65,18.15,23.65,,55.0,7.5,,,,2.5
Sinduri,HimÄchal Pradesh,30.7167,77.15,2025,1,0.3017,-0.054,-0.3315,943,28.35,25.85,31.35,,55.0,7.5,,,,2.5
Gorakhpur,Uttar Pradesh,26.7611,83.3667,2025,1,-0.0335,-0.1029,0.0689,84,35.71,33.21,38.71,,55.0,7.5,,,,2.5
Guntur,Andhra Pradesh,16.3,80.45,2025,1,0.1387,0.0699,-0.195,34,34.51,32.01,37.51,,55.0,7.5,,,,2.5
Delhi,Delhi,28.66,77.23,2025,1,0.0105,0.0365,0.047,219,7.73,5.23,10.73,,55.0,7.5,,,,2.5
Chennai,Tamil NÄdu,13.0825,80.275,2025,1,0.0843,0.2058,-0.0864,9,33.93,24.796142473118277,30.5,17.3,74.35887096774194,11.460672043010751,0.02995967741935484,13.08784,80.27847,6.5
Hyderabad,TelangÄna,17.3617,78.4747,2025,1,-0.0251,-0.0362,0.0695,508,31.43,21.84111559139785,33.6,10.9,59.34206989247312,8.333333333333334,0.00836021505376344,17.38405,78.45636,6.5
Kanpur,Uttar Pradesh,26.4725,80.3311,2025,1,0.0078,-0.3082,0.062,132,32.74,14.61231182795699,27.4,4.1,77.39435483870967,8.008198924731182,0.0314247311827957,26.46523,80.34975,6.5
Nadampalaiyam,Tamil NÄdu,11.1793,77.376,2025,1,0.0467,0.0753,-0.0649,318,36.12,33.62,39.12,,55.0,7.5,,,,2.5
Lucknow,Uttar Pradesh,26.847,80.947,2025,1,0.0002,-0.0916,0.0489,115,34.43,14.294059139784947,26.8,3.5,77.76411290322581,8.090174731182795,0.03786290322580645,26.83928,80.92313,6.5
Kannankulam,Kerala,10.4799,76.1131,2025,1,0.6597,-0.228,-0.5815,13,27.09,24.59,30.09,,55.0,7.5,,,,2.5
Mahuakheraganj,UttarÄkhand,29.13,78.95,2025,1,0.1631,-0.0333,-0.1993,222,31.11,28.61,34.11,,55.0,7.5,,,,2.5
Nagla,UttarÄkhand,29.01,79.51,2025,1,0.5494,-0.0703,-0.4891,227,30.97,28.47,33.97,,55.0,7.5,,,,2.5
Jaipur,RÄjasthÄn,26.915,75.82,2025,1,-0.0608,-0.1932,0.1014,441,27.69,14.308373655913979,28.1,2.7,62.82728494623656,8.242083333333333,0.02646505376344086,26.91962,75.78781,6.5
Barmhan Kalan,Madhya Pradesh,23.0333,79.0167,2025,1,-0.0067,-0.0462,0.0294,337,26.87,24.37,29.87,,55.0,7.5,,,,2.5
Gorakhpur,ChhattÄ«sgarh,22.1688,81.6042,2025,1,0.148,0.0385,-0.1025,305,32.35,29.85,35.35,,55.0,7.5,,,,2.5
Ghaziabad,Uttar Pradesh,28.6667,77.4167,2025,1,0.1337,-0.0622,-0.0943,211,30.15,12.96893817204301,25.4,1.9,77.63467741935484,8.6725,0.047567204301075264,28.66535,77.43915,6.5
Coimbatore,Tamil NÄdu,11.0008,76.9633,2025,1,0.1247,-0.2615,-0.094,417,33.65,24.230967741935483,33.6,14.8,62.895161290322584,9.489314516129033,0.02720430107526882,11.00555,76.96612,6.5
Patna,BihÄr,25.61,85.1414,2025,1,-0.014,-0.1051,0.037,63,31.83,15.802849462365591,26.2,7.1,77.59919354838709,8.116397849462366,0.016922043010752688,25.59408,85.13563,6.5
Vishakhapatnam,Andhra Pradesh,17.6939,83.2922,2025,1,0.3163,0.0529,-0.3343,12,33.58,31.08,36.58,,55.0,7.5,,,,2.5
Abhepur,Punjab,30.6667,76.8333,2025,1,-0.1229,0.1738,0.0951,311,32.75,30.25,35.75,,55.0,7.5,,,,2.5
Gumanwala,UttarÄkhand,29.9333,77.9,2025,1,0.5973,-0.2081,-0.5348,277,31.45,28.95,34.45,,55.0,7.5,,,,2.5
Agra,Uttar Pradesh,27.18,78.02,2025,1,0.1894,-0.1044,-0.1787,184,28.72,13.721250000000001,26.7,3.0,77.71774193548387,7.740376344086021,0.04491935483870967,27.18333,78.01667,6.5
Peyanvilai,Tamil NÄdu,8.5674,78.1046,2025,1,0.1552,0.0003,-0.1848,8,35.77,33.27,38.77,,55.0,7.5,,,,2.5
Harbatpur,UttarÄkhand,30.45,77.73,2025,1,0.3412,-0.0075,-0.3725,445,21.23,18.73,24.23,,55.0,7.5,,,,2.5
Ludhiana,Punjab,30.9083,75.8486,2025,1,0.2078,-0.0804,-0.1556,243,32.69,11.398319892473118,22.2,1.5,82.76639784946236,7.204583333333333,0.07833333333333332,30.91204,75.85379,6.5
Madurai,Tamil NÄdu,9.9197,78.1194,2025,1,0.0991,0.1553,-0.3155,141,35.29,25.47190860215054,35.2,15.1,66.73131720430108,9.643709677419354,0.034784946236559144,9.919,78.11953,6.5
Faridabad,HaryÄna,28.4167,77.3,2025,1,0.0316,0.0044,0.0181,208,26.87,13.339932795698925,25.6,2.8,75.75255376344086,8.802217741935484,0.0397983870967742,28.41124,77.31316,6.5
Madarpur,BihÄr,26.227,84.6746,2025,1,0.0789,0.0292,-0.1189,69,32.31,29.810000000000002,35.31,,55.0,7.5,,,,2.5
Jabalpur,Madhya Pradesh,23.1667,79.9333,2025,1,-0.0599,-0.0623,0.0975,399,32.39,17.15013440860215,30.9,5.1,65.45712365591397,7.502379032258064,0.023911290322580644,23.16697,79.95006,6.5
Madanpur,UttarÄkhand,29.326,79.1537,2025,1,0.3617,-0.1539,-0.3255,315,28.97,26.47,31.97,,55.0,7.5,,,,2.5
Kamalwaganja Gaur,UttarÄkhand,29.2117,79.4654,2025,1,0.1585,-0.1776,-0.1148,383,30.2,27.7,33.2,,55.0,7.5,,,,2.5
Vasai-Virar,MahÄrÄshtra,19.47,72.8,2025,1,0.1668,-0.1969,-0.113,0,25.91,23.41,28.91,,55.0,7.5,,,,2.5
Varanasi,Uttar Pradesh,25.3189,83.0128,2025,1,-0.0478,-0.037,0.0798,78,30.69,15.528897849462366,27.6,5.5,76.55483870967743,7.823266129032258,0.029704301075268818,25.31668,83.01041,6.5
Kalleli,Kerala,9.2,76.8833,2025,1,0.249,-0.1962,-0.184,133,24.37,21.87,27.37,,55.0,7.5,,,,2.5
Srinagar,Jammu and KashmÄ«r,34.0911,74.8061,2025,1,0.1701,0.1019,-0.1962,1595,34.03,-1.7122043010752688,14.3,-16.6,66.40900537634408,4.477352150537635,0.19651881720430106,34.08565,74.80555,6.5
Aurangabad,MahÄrÄshtra,19.88,75.32,2025,1,-0.0844,-0.2393,0.1342,564,27.47,21.19081989247312,32.6,9.8,52.36438172043011,8.416451612903225,0.0035080645161290323,19.87757,75.34226,6.27918010752688
Amritsar,Punjab,31.6269,74.877,2025,1,-0.0127,0.0854,0.0275,234,31.79,11.167325268817203,21.6,0.7,81.14543010752688,6.424623655913978,0.07563172043010753,31.62234,74.87534,6.5
Gwalior,Madhya Pradesh,26.2125,78.1775,2025,1,0.0057,-0.0263,0.0343,215,30.25,14.731962365591398,28.8,4.4,72.68924731182796,7.504677419354839,0.04174731182795699,26.22983,78.17337,6.5
Chandigarh,ChandÄ«garh,30.7364,76.7883,2025,1,0.2269,-0.0402,-0.2006,349,32.97,12.27198924731183,23.4,3.0,74.95833333333333,8.758077956989247,0.08446236559139784,30.73629,76.7884,6.5
Warangal,TelangÄna,17.9756,79.6011,2025,1,0.0157,-0.1325,0.0406,269,31.99,29.49,34.989999999999995,,55.0,7.5,,,,2.5
Kota,RÄjasthÄn,25.18,75.83,2025,1,-0.0353,-0.0321,0.0283,230,28.29,16.201424731182797,30.9,4.0,65.39583333333333,6.7313575268817205,0.034408602150537634,25.18254,75.83907,6.5
Solapur,MahÄrÄshtra,17.6703,75.9011,2025,1,0.0402,-0.0807,-0.0164,474,24.33,24.536250000000003,34.5,13.1,44.965860215053766,10.911586021505377,0.0020161290322580645,17.67152,75.91044,0.2
Mysore,KarnÄtaka,12.3086,76.6531,2025,1,-0.0861,-0.1754,0.1088,747,26.01,23.51,29.01,,55.0,7.5,,,,2.5
Trichinopoly,Tamil NÄdu,10.8269,78.6928,2025,1,0.2565,-0.0134,-0.3105,74,34.79,32.29,37.79,,55.0,7.5,,,,2.5
Moradabad,Uttar Pradesh,28.8389,78.7769,2025,1,-0.0371,0.0421,0.0635,205,29.51,27.01,32.510000000000005,,55.0,7.5,,,,2.5
Tiruppur,Tamil NÄdu,11.1075,77.3398,2025,1,0.1759,-0.0199,-0.1658,305,35.24,25.208333333333332,35.5,15.6,62.428360215053765,7.9706048387096775,0.022473118279569892,11.11541,77.35456,6.5
Jamnagar,GujarÄt,22.47,70.07,2025,1,-0.1044,-0.2517,0.1748,21,29.49,26.99,32.489999999999995,,55.0,7.5,,,,2.5
Aligarh,Uttar Pradesh,27.88,78.08,2025,1,0.2597,-0.0006,-0.2606,190,34.29,13.301666666666666,25.8,2.9,77.90201612903226,8.30231182795699,0.043857526881720434,27.88145,78.07464,6.5
Jalandhar,Punjab,31.3256,75.5792,2025,1,-0.032,-0.077,0.066,242,32.89,30.39,35.89,,55.0,7.5,,,,2.5
Shishgarh,Uttar Pradesh,28.72,79.32,2025,1,0.0466,-0.0981,0.0115,181,29.37,26.87,32.370000000000005,,55.0,7.5,,,,2.5
Thiruvananthapuram,Kerala,8.4875,76.9525,2025,1,-0.0233,-0.1322,0.0458,15,29.14,26.64,32.14,,55.0,7.5,,,,2.5
Saharanpur,Uttar Pradesh,29.964,77.546,2025,1,0.0458,0.1122,-0.1233,280,22.99,20.49,25.99,,55.0,7.5,,,,2.5
Avadi,Tamil NÄdu,13.1147,80.1098,2025,1,0.3132,0.0011,-0.3693,32,33.08,30.58,36.08,,55.0,7.5,,,,2.5
Salem,Tamil NÄdu,11.65,78.1667,2025,1,0.0745,0.078,-0.1798,285,32.64,30.14,35.64,,55.0,7.5,,,,2.5
Jui,UttarÄkhand,29.67,78.9098,2025,1,0.3724,-0.0893,-0.3563,890,25.61,23.11,28.61,,55.0,7.5,,,,2.5
Amaldu,UttarÄkhand,29.9333,78.5333,2025,1,0.5924,-0.1908,-0.5737,1406,26.06,23.56,29.06,,55.0,7.5,,,,2.5
Kimsar,Jammu and KashmÄ«r,34.5,74.5333,2025,1,0.1416,-0.098,-0.0964,3058,18.92,16.42,21.92,,55.0,7.5,,,,2.5
Sinduri,HimÄchal Pradesh,30.7167,77.15,2025,1,0.0835,-0.1823,-0.0508,943,28.15,25.65,31.15,,55.0,7.5,,,,2.5
Gorakhpur,Uttar Pradesh,26.7611,83.3667,2025,1,0.0917,0.116,-0.118,84,35.76,33.26,38.76,,55.0,7.5,,,,2.5
Karaikandi,Assam,24.8309,92.6143,2025,1,0.7546,-0.305,-0.5956,20,27.61,25.11,30.61,,55.0,7.5,,,,2.5
Mumbai,MahÄrÄshtra,19.0758,72.8775,2025,1,0.0757,0.002,-0.0492,5,30.36,23.31008064516129,33.2,14.2,64.56397849462365,10.32875,0.001411290322580645,19.07283,72.88261,6.5
Kolkata,West Bengal,22.5675,88.37,2025,1,0.016,0.0419,-0.0428,6,27.23,18.926102150537638,30.6,9.0,71.28346774193548,7.722836021505376,0.016223118279569893,22.56263,88.36304,6.5
Delhi,Delhi,28.66,77.23,2025,1,-0.1084,-0.231,0.1361,219,29.35,26.85,32.35,,55.0,7.5,,,,2.5
Chennai,Tamil NÄdu,13.0825,80.275,2025,1,0.0949,0.1649,-0.1077,9,33.49,24.796142473118277,30.5,17.3,74.35887096774194,11.460672043010751,0.02995967741935484,13.08784,80.27847,6.5
Ahmedabad,GujarÄt,23.0219,72.5797,2025,1,0.1733,-0.0475,-0.1512,52,27.92,25.42,30.92,,55.0,7.5,,,,2.5
Prayagraj,Uttar Pradesh,25.45,81.85,2025,1,0.0055,-0.1945,0.0255,95,30.65,28.15,33.65,,55.0,7.5,,,,2.5
Kanpur,GujarÄt,24.285,72.6933,2025,1,0.2967,-0.1289,-0.2266,335,25.95,14.61231182795699,27.4,4.1,77.39435483870967,8.008198924731182,0.0314247311827957,26.46523,80.34975,6.5
Kanpur,Uttar Pradesh,26.4725,80.3311,2025,1,0.0469,-0.0222,-0.0061,132,32.99,14.61231182795699,27.4,4.1,77.39435483870967,8.008198924731182,0.0314247311827957,26.46523,80.34975,6.5
Belahi,BihÄr,25.7167,86.4,2025,1,-0.0175,0.0451,0.0536,41,29.95,27.45,32.95,,55.0,7.5,,,,2.5
Nadampalaiyam,Tamil NÄdu,11.1793,77.376,2025,1,0.0617,-0.1609,-0.0598,318,35.83,33.33,38.83,,55.0,7.5,,,,2.5
Lucknow,Uttar Pradesh,26.847,80.947,2025,1,0.0495,0.2214,-0.0825,115,31.91,14.294059139784947,26.8,3.5,77.76411290322581,8.090174731182795,0.03786290322580645,26.83928,80.92313,6.5
Mahuakheraganj,UttarÄkhand,29.13,78.95,2025,1,0.1036,-0.1984,-0.0675,222,29.35,26.85,32.35,,55.0,7.5,,,,2.5
Nagla,UttarÄkhand,29.01,79.51,2025,1,0.347,-0.1905,-0.2604,227,30.59,28.09,33.59,,55.0,7.5,,,,2.5
Jaipur,RÄjasthÄn,26.915,75.82,2025,1,0.1495,-0.1038,-0.1001,441,27.47,14.308373655913979,28.1,2.7,62.82728494623656,8.242083333333333,0.02646505376344086,26.91962,75.78781,6.5
Kottarassheri,Kerala,10.6167,76.5333,2025,1,0.6972,-0.1688,-0.5693,147,24.47,21.97,27.47,,55.0,7.5,,,,2.5
Attadappa,Kerala,11.85,75.4167,2025,1,0.1583,-0.3108,-0.091,37,25.96,23.46,28.96,,55.0,7.5,,,,2.5
Barmhan Kalan,Madhya Pradesh,23.0333,79.0167,2025,1,0.3317,-0.1904,-0.2778,337,27.29,24.79,30.29,,55.0,7.5,,,,2.5
Gorakhpur,ChhattÄ«sgarh,22.1688,81.6042,2025,1,0.2395,-0.0719,-0.1992,305,29.4,26.9,32.4,,55.0,7.5,,,,2.5
Nagpur,MahÄrÄshtra,21.1497,79.0806,2025,1,0.1253,-0.2054,-0.0983,318,31.18,20.58133064516129,32.9,8.1,56.8377688172043,7.151948924731183,0.017419354838709676,21.14631,79.08491,6.5
Guwahati,Assam,26.1806,91.7502,2025,1,0.1256,-0.2295,-0.0173,57,33.29,17.49366935483871,27.5,8.4,77.26733870967742,6.03396505376344,0.020026881720430108,26.1844,91.7458,6.5
Ghaziabad,Uttar Pradesh,28.6667,77.4167,2025,1,-0.0149,-0.3679,0.0586,211,29.93,12.96893817204301,25.4,1.9,77.63467741935484,8.6725,0.047567204301075264,28.66535,77.43915,6.5
Coimbatore,Tamil NÄdu,11.0008,76.9633,2025,1,0.0689,-0.1325,-0.0476,417,32.36,24.230967741935483,33.6,14.8,62.895161290322584,9.489314516129033,0.02720430107526882,11.00555,76.96612,6.5
Vishakhapatnam,Andhra Pradesh,17.6939,83.2922,2025,1,0.1896,-0.0728,-0.1723,12,33.97,31.47,36.97,,55.0,7.5,,,,2.5
Indore,Madhya Pradesh,22.7186,75.855,2025,1,-0.0525,0.0443,0.063,553,32.33,17.89548387096774,31.2,6.2,60.325537634408605,8.858575268817205,0.015376344086021506,22.71792,75.8333,6.5
Abhepur,Punjab,30.6667,76.8333,2025,1,0.2502,0.0445,-0.2852,311,28.19,25.69,31.19,,55.0,7.5,,,,2.5
Gumanwala,UttarÄkhand,29.9333,77.9,2025,1,0.4826,-0.016,-0.471,277,27.11,24.61,30.11,,55.0,7.5,,,,2.5
Thane,MahÄrÄshtra,19.18,72.9633,2025,1,0.2957,-0.1159,-0.264,14,28.79,23.57021505376344,35.8,11.6,59.83736559139785,7.8694758064516135,0.001532258064516129,19.19704,72.96355,5.219784946236558
Bhopal,Madhya Pradesh,23.25,77.4167,2025,1,0.0994,0.1864,-0.1099,512,30.63,17.14024193548387,31.1,6.5,64.91505376344087,8.670887096774194,0.028830645161290323,23.25469,77.40289,6.5
Agra,Uttar Pradesh,27.18,78.02,2025,1,0.1882,-0.0309,-0.1958,184,30.37,13.721250000000001,26.7,3.0,77.71774193548387,7.740376344086021,0.04491935483870967,27.18333,78.01667,6.5
Peyanvilai,Tamil NÄdu,8.5674,78.1046,2025,1,0.1414,0.1001,-0.2185,8,36.58,34.08,39.58,,55.0,7.5,,,,2.5
Harbatpur,UttarÄkhand,30.45,77.73,2025,1,0.3037,0.0592,-0.3879,445,26.43,23.93,29.43,,55.0,7.5,,,,2.5
Saundhonwali,UttarÄkhand,30.3331,77.9608,2025,1,0.023,0.1367,-0.101,612,29.61,27.11,32.61,,55.0,7.5,,,,2.5
Ludhiana,Punjab,30.9083,75.8486,2025,1,-0.0389,-0.1262,0.106,243,30.52,11.398319892473118,22.2,1.5,82.76639784946236,7.204583333333333,0.07833333333333332,30.91204,75.85379,6.5
Meerut,Uttar Pradesh,28.98,77.7064,2025,1,-0.0599,-0.0978,0.1012,228,31.53,29.03,34.53,,55.0,7.5,,,,2.5
Madurai,Tamil NÄdu,9.9197,78.1194,2025,1,0.109,0.2656,-0.3488,141,35.26,25.47190860215054,35.2,15.1,66.73131720430108,9.643709677419354,0.034784946236559144,9.919,78.11953,6.5
Faridabad,HaryÄna,28.4167,77.3,2025,1,0.0506,-0.0193,0.001,208,27.92,13.339932795698925,25.6,2.8,75.75255376344086,8.802217741935484,0.0397983870967742,28.41124,77.31316,6.5
Madarpur,BihÄr,26.227,84.6746,2025,1,0.051,0.0767,-0.0392,69,29.63,27.13,32.629999999999995,,55.0,7.5,,,,2.5
Najafgarh,Delhi,28.6125,76.9847,2025,1,-0.1006,-0.3297,0.1788,220,29.53,27.03,32.53,,55.0,7.5,,,,2.5
Jabalpur,Madhya Pradesh,23.1667,79.9333,2025,1,-0.0209,-0.0473,0.0606,399,32.12,17.15013440860215,30.9,5.1,65.45712365591397,7.502379032258064,0.023911290322580644,23.16697,79.95006,6.5
Madanpur,UttarÄkhand,29.326,79.1537,2025,1,0.0396,-0.1816,0.0039,315,30.45,27.95,33.45,,55.0,7.5,,,,2.5
Asansol,West Bengal,23.6833,86.9667,2025,1,0.1223,0.0854,-0.0995,125,29.81,27.31,32.81,,55.0,7.5,,,,2.5
Varanasi,Uttar Pradesh,25.3189,83.0128,2025,1,0.0209,-0.213,0.0675,78,27.67,15.528897849462366,27.6,5.5,76.55483870967743,7.823266129032258,0.029704301075268818,25.31668,83.01041,6.5
Kalleli,Kerala,9.2,76.8833,2025,1,0.3348,-0.2444,-0.246,133,24.5,22.0,27.5,,55.0,7.5,,,,2.5
Srinagar,Jammu and KashmÄ«r,34.0911,74.8061,2025,1,0.1473,0.0735,-0.1815,1595,30.89,-1.7122043010752688,14.3,-16.6,66.40900537634408,4.477352150537635,0.19651881720430106,34.08565,74.80555,6.5
Dhanbad,JhÄrkhand,23.7928,86.435,2025,1,0.4961,0.015,-0.4517,245,30.23,17.05918010752688,30.5,6.0,67.77190860215053,7.728736559139786,0.01907258064516129,23.79759,86.42992,6.5
Amritsar,Punjab,31.6269,74.877,2025,1,0.0019,0.0457,-0.0337,234,31.87,11.167325268817203,21.6,0.7,81.14543010752688,6.424623655913978,0.07563172043010753,31.62234,74.87534,6.5
Haora,West Bengal,22.58,88.3294,2025,1,0.1369,0.0749,-0.1715,12,26.89,24.39,29.89,,55.0,7.5,,,,2.5
Gwalior,Madhya Pradesh,26.2125,78.1775,2025,1,0.003,-0.0375,0.0504,215,28.87,14.731962365591398,28.8,4.4,72.68924731182796,7.504677419354839,0.04174731182795699,26.22983,78.17337,6.5
Jodhpur,RÄjasthÄn,26.2944,73.0278,2025,1,-0.0922,0.0116,0.0829,251,33.8,16.466290322580644,29.5,4.3,51.160483870967745,10.243172043010752,0.007930107526881721,26.26841,73.00594,6.5
Chandigarh,ChandÄ«garh,30.7364,76.7883,2025,1,0.3175,-0.0515,-0.2907,349,30.45,12.27198924731183,23.4,3.0,74.95833333333333,8.758077956989247,0.08446236559139784,30.73629,76.7884,6.5
Raipur,ChhattÄ«sgarh,21.2379,81.6337,2025,1,0.0541,0.1063,-0.0691,309,34.35,19.693870967741933,32.1,7.6,60.54744623655914,6.05239247311828,0.011868279569892472,21.23333,81.63333,6.5
Warangal,TelangÄna,17.9756,79.6011,2025,1,-0.0075,0.1037,0.0244,269,34.87,32.37,37.87,,55.0,7.5,,,,2.5
Kota,RÄjasthÄn,25.18,75.83,2025,1,-0.0953,0.0227,0.1018,230,30.57,16.201424731182797,30.9,4.0,65.39583333333333,6.7313575268817205,0.034408602150537634,25.18254,75.83907,6.5
Trichinopoly,Tamil NÄdu,10.8269,78.6928,2025,1,0.2128,-0.0484,-0.2147,74,32.74,30.240000000000002,35.74,,55.0,7.5,,,,2.5
Moradabad,Uttar Pradesh,28.8389,78.7769,2025,1,0.0428,-0.0947,-0.0255,205,33.07,30.57,36.07,,55.0,7.5,,,,2.5
Tiruppur,Tamil NÄdu,11.1075,77.3398,2025,1,0.1596,-0.234,-0.1273,305,34.53,25.208333333333332,35.5,15.6,62.428360215053765,7.9706048387096775,0.022473118279569892,11.11541,77.35456,6.5
Jamnagar,GujarÄt,22.47,70.07,2025,1,-0.1126,-0.1101,0.1779,21,29.21,26.71,32.21,,55.0,7.5,,,,2.5
Gurgaon,HaryÄna,28.4667,77.0333,2025,1,-0.0131,-0.0377,0.0048,224,27.37,24.87,30.37,,55.0,7.5,,,,2.5
Aligarh,Uttar Pradesh,27.88,78.08,2025,1,0.2289,0.0491,-0.2202,190,32.25,13.301666666666666,25.8,2.9,77.90201612903226,8.30231182795699,0.043857526881720434,27.88145,78.07464,6.5
Jalandhar,Punjab,31.3256,75.5792,2025,1,0.0264,-0.0365,0.0104,242,31.24,28.74,34.239999999999995,,55.0,7.5,,,,2.5
Bhayandar,MahÄrÄshtra,19.3,72.85,2025,1,-0.006,-0.1598,-0.0037,9,27.33,24.83,30.33,,55.0,7.5,,,,2.5
Narela,Delhi,28.85,77.1,2025,1,-0.0134,-0.208,0.0517,212,28.38,25.88,31.38,,55.0,7.5,,,,2.5
Shishgarh,Uttar Pradesh,28.72,79.32,2025,1,0.0323,-0.1116,-0.0295,181,30.37,27.87,33.370000000000005,,55.0,7.5,,,,2.5
Thiruvananthapuram,Kerala,8.4875,76.9525,2025,1,0.1354,0.0214,-0.1549,15,34.59,32.09,37.59,,55.0,7.5,,,,2.5
Dispur,Assam,26.15,91.77,2025,1,0.1104,-0.2145,-0.0771,116,30.29,27.79,33.29,,55.0,7.5,,,,2.5
Durgapur,West Bengal,23.55,87.32,2025,1,0.1615,0.0104,-0.1469,90,27.97,25.47,30.97,,55.0,7.5,,,,2.5
Saharanpur,Uttar Pradesh,29.964,77.546,2025,1,0.0713,0.1438,-0.1602,280,32.47,29.97,35.47,,55.0,7.5,,,,2.5
Shiliguri,West Bengal,26.72,88.42,2025,1,0.0716,0.0406,-0.0504,119,36.01,33.51,39.01,,55.0,7.5,,,,2.5
Avadi,Tamil NÄdu,13.1147,80.1098,2025,1,0.1844,-0.0229,-0.1697,32,33.36,30.86,36.36,,55.0,7.5,,,,2.5
Salem,Tamil NÄdu,11.65,78.1667,2025,1,0.0752,0.1061,-0.1874,285,33.98,31.479999999999997,36.98,,55.0,7.5,,,,2.5
Jui,UttarÄkhand,29.67,78.9098,2025,1,-0.0434,-0.1872,0.0848,890,29.23,26.73,32.230000000000004,,55.0,7.5,,,,2.5
Amaldu,UttarÄkhand,29.9333,78.5333,2025,1,0.0575,-0.0621,-0.0702,1406,25.25,22.75,28.25,,55.0,7.5,,,,2.5
Kimsar,Jammu and KashmÄ«r,34.5,74.5333,2025,1,0.0356,-0.1552,0.0082,3058,14.55,12.05,17.55,,55.0,7.5,,,,2.5
Sinduri,HimÄchal Pradesh,30.7167,77.15,2025,1,0.4984,-0.1544,-0.4468,943,22.52,20.02,25.52,,55.0,7.5,,,,2.5
Gorakhpur,Uttar Pradesh,26.7611,83.3667,2025,1,-0.0161,-0.2204,0.1138,84,33.79,31.29,36.79,,55.0,7.5,,,,2.5
Karaikandi,Assam,24.8309,92.6143,2025,1,0.766,-0.2881,-0.6242,20,29.59,27.09,32.59,,55.0,7.5,,,,2.5
Mumbai,MahÄrÄshtra,19.0758,72.8775,2025,1,-0.0234,-0.2673,0.0399,5,23.33,23.31008064516129,33.2,14.2,64.56397849462365,10.32875,0.001411290322580645,19.07283,72.88261,0.2
Kolkata,West Bengal,22.5675,88.37,2025,1,-0.0174,0.1282,-0.0879,6,30.59,18.926102150537638,30.6,9.0,71.28346774193548,7.722836021505376,0.016223118279569893,22.56263,88.36304,6.5
Delhi,Delhi,28.66,77.23,2025,1,0.1458,0.0515,-0.1689,219,31.65,29.15,34.65,,55.0,7.5,,,,2.5
Chennai,Tamil NÄdu,13.0825,80.275,2025,1,0.0439,0.2822,-0.0566,9,33.87,24.796142473118277,30.5,17.3,74.35887096774194,11.460672043010751,0.02995967741935484,13.08784,80.27847,6.5
Bangalore,KarnÄtaka,12.9791,77.5913,2025,1,0.0212,-0.1081,0.0022,924,30.71,28.21,33.71,,55.0,7.5,,,,2.5
Ahmedabad,GujarÄt,23.0219,72.5797,2025,1,0.1487,-0.0353,-0.1224,52,30.93,28.43,33.93,,55.0,7.5,,,,2.5
Pune,MahÄrÄshtra,18.5211,73.8553,2025,1,0.0002,0.0097,0.0222,554,30.83,28.33,33.83,,55.0,7.5,,,,2.5
Hyderabad,TelangÄna,17.3617,78.4747,2025,1,-0.098,0.1659,0.1029,508,31.1,21.84111559139785,33.6,10.9,59.34206989247312,8.333333333333334,0.00836021505376344,17.38405,78.45636,6.5
Surat,GujarÄt,21.205,72.84,2025,1,-0.0303,-0.2034,0.0898,14,27.01,22.131034946236557,35.0,11.6,55.53709677419355,11.153575268817205,0.0017069892473118278,21.19594,72.83023,4.878965053763444
Prayagraj,Uttar Pradesh,25.45,81.85,2025,1,0.226,-0.0811,-0.177,95,32.19,29.689999999999998,35.19,,55.0,7.5,,,,2.5
Kanpur,GujarÄt,24.285,72.6933,2025,1,0.2827,-0.1635,-0.213,335,27.06,14.61231182795699,27.4,4.1,77.39435483870967,8.008198924731182,0.0314247311827957,26.46523,80.34975,6.5
Kanpur,Uttar Pradesh,26.4725,80.3311,2025,1,0.1135,0.1109,-0.1398,132,32.62,14.61231182795699,27.4,4.1,77.39435483870967,8.008198924731182,0.0314247311827957,26.46523,80.34975,6.5
Belahi,BihÄr,25.7167,86.4,2025,1,0.0492,-0.0906,0.1208,41,30.37,27.87,33.370000000000005,,55.0,7.5,,,,2.5
Vadodara,GujarÄt,22.3,73.2,2025,1,-0.1011,0.0602,0.082,38,30.36,20.783776881720428,33.5,8.6,55.36854838709677,8.284059139784947,0.004986559139784946,22.29941,73.20812,6.5
Nadampalaiyam,Tamil NÄdu,11.1793,77.376,2025,1,0.0532,0.0427,-0.0511,318,35.15,32.65,38.15,,55.0,7.5,,,,2.5
Lucknow,Uttar Pradesh,26.847,80.947,2025,1,0.0551,0.0835,-0.0198,115,32.32,14.294059139784947,26.8,3.5,77.76411290322581,8.090174731182795,0.03786290322580645,26.83928,80.92313,6.5
Kannankulam,Kerala,10.4799,76.1131,2025,1,0.348,-0.1706,-0.3158,13,27.85,25.35,30.85,,55.0,7.5,,,,2.5
Mahuakheraganj,UttarÄkhand,29.13,78.95,2025,1,0.3737,-0.1024,-0.3708,222,28.83,26.33,31.83,,55.0,7.5,,,,2.5
Nagla,UttarÄkhand,29.01,79.51,2025,1,0.6901,-0.2687,-0.6044,227,28.7,26.2,31.7,,55.0,7.5,,,,2.5
Jaipur,RÄjasthÄn,26.915,75.82,2025,1,0.5426,-0.0639,-0.5514,441,31.61,14.308373655913979,28.1,2.7,62.82728494623656,8.242083333333333,0.02646505376344086,26.91962,75.78781,6.5
Kottarassheri,Kerala,10.6167,76.5333,2025,1,0.2982,-0.1857,-0.275,147,24.66,22.16,27.66,,55.0,7.5,,,,2.5
Attadappa,Kerala,11.85,75.4167,2025,1,0.7615,-0.3019,-0.6694,37,27.42,24.92,30.42,,55.0,7.5,,,,2.5
Barmhan Kalan,Madhya Pradesh,23.0333,79.0167,2025,1,0.0348,-0.2322,0.0021,337,26.1,23.6,29.1,,55.0,7.5,,,,2.5
Gorakhpur,ChhattÄ«sgarh,22.1688,81.6042,2025,1,0.2689,-0.0622,-0.2273,305,27.63,25.13,30.63,,55.0,7.5,,,,2.5
Nagpur,MahÄrÄshtra,21.1497,79.0806,2025,1,0.2588,-0.0827,-0.2752,318,31.65,20.58133064516129,32.9,8.1,56.8377688172043,7.151948924731183,0.017419354838709676,21.14631,79.08491,6.5
Guwahati,Assam,26.1806,91.7502,2025,1,-0.0121,0.1654,-0.1574,57,33.33,17.49366935483871,27.5,8.4,77.26733870967742,6.03396505376344,0.020026881720430108,26.1844,91.7458,6.5
Ghaziabad,Uttar Pradesh,28.6667,77.4167,2025,1,0.2587,0.018,-0.2838,211,32.36,12.96893817204301,25.4,1.9,77.63467741935484,8.6725,0.047567204301075264,28.66535,77.43915,6.5
Coimbatore,Tamil NÄdu,11.0008,76.9633,2025,1,0.3336,0.0255,-0.3477,417,34.66,24.230967741935483,33.6,14.8,62.895161290322584,9.489314516129033,0.02720430107526882,11.00555,76.96612,6.5
Patna,BihÄr,25.61,85.1414,2025,1,0.0861,0.1565,-0.0963,63,33.27,15.802849462365591,26.2,7.1,77.59919354838709,8.116397849462366,0.016922043010752688,25.59408,85.13563,6.5
Rajkot,GujarÄt,22.2969,70.7984,2025,1,-0.1112,0.135,0.0644,134,30.12,27.62,33.120000000000005,,55.0,7.5,,,,2.5
Vishakhapatnam,Andhra Pradesh,17.6939,83.2922,2025,1,0.2007,-0.0309,-0.1852,12,31.11,28.61,34.11,,55.0,7.5,,,,2.5
Indore,Madhya Pradesh,22.7186,75.855,2025,1,-0.0099,0.0103,0.0416,553,30.24,17.89548387096774,31.2,6.2,60.325537634408605,8.858575268817205,0.015376344086021506,22.71792,75.8333,6.5
Abhepur,Punjab,30.6667,76.8333,2025,1,0.2298,0.0433,-0.2527,311,30.27,27.77,33.269999999999996,,55.0,7.5,,,,2.5
Gumanwala,UttarÄkhand,29.9333,77.9,2025,1,0.4076,-0.0869,-0.4577,277,28.57,26.07,31.57,,55.0,7.5,,,,2.5
Bhopal,Madhya Pradesh,23.25,77.4167,2025,1,0.0162,-0.0577,0.0186,512,29.91,17.14024193548387,31.1,6.5,64.91505376344087,8.670887096774194,0.028830645161290323,23.25469,77.40289,6.5
Agra,Uttar Pradesh,27.18,78.02,2025,1,0.46,-0.0471,-0.4541,184,32.52,13.721250000000001,26.7,3.0,77.71774193548387,7.740376344086021,0.04491935483870967,27.18333,78.01667,6.5
Peyanvilai,Tamil NÄdu,8.5674,78.1046,2025,1,0.1348,0.126,-0.2331,8,37.79,35.29,40.79,,55.0,7.5,,,,2.5
Pimpri-Chinchwad,MahÄrÄshtra,18.6278,73.8131,2025,1,0.0004,-0.0959,0.0363,584,30.51,20.824341397849462,33.2,8.2,59.30846774193548,6.219892473118279,0.003306451612903226,18.61867,73.80375,6.5
Harbatpur,UttarÄkhand,30.45,77.73,2025,1,0.3878,0.0033,-0.4112,445,27.83,25.33,30.83,,55.0,7.5,,,,2.5
Saundhonwali,UttarÄkhand,30.3331,77.9608,2025,1,0.034,0.0481,-0.0088,612,28.9,26.4,31.9,,55.0,7.5,,,,2.5
Ludhiana,Punjab,30.9083,75.8486,2025,1,0.3237,-0.054,-0.282,243,31.66,11.398319892473118,22.2,1.5,82.76639784946236,7.204583333333333,0.07833333333333332,30.91204,75.85379,6.5
Meerut,Uttar Pradesh,28.98,77.7064,2025,1,0.1018,0.16,-0.1558,228,33.41,30.909999999999997,36.41,,55.0,7.5,,,,2.5
Madurai,Tamil NÄdu,9.9197,78.1194,2025,1,0.1022,0.2231,-0.2752,141,36.02,25.47190860215054,35.2,15.1,66.73131720430108,9.643709677419354,0.034784946236559144,9.919,78.11953,6.5
Nasik,MahÄrÄshtra,20.0,73.7833,2025,1,-0.0555,-0.0784,0.0762,588,29.41,26.91,32.41,,55.0,7.5,,,,2.5
Faridabad,HaryÄna,28.4167,77.3,2025,1,0.3298,0.0907,-0.3619,208,31.91,13.339932795698925,25.6,2.8,75.75255376344086,8.802217741935484,0.0397983870967742,28.41124,77.31316,6.5
Madarpur,BihÄr,26.227,84.6746,2025,1,0.2125,0.0627,-0.2123,69,29.05,26.55,32.05,,55.0,7.5,,,,2.5
Najafgarh,Delhi,28.6125,76.9847,2025,1,0.0472,0.0815,-0.0776,220,32.52,30.020000000000003,35.52,,55.0,7.5,,,,2.5
Jabalpur,Madhya Pradesh,23.1667,79.9333,2025,1,0.0391,-0.227,0.0149,399,27.57,17.15013440860215,30.9,5.1,65.45712365591397,7.502379032258064,0.023911290322580644,23.16697,79.95006,6.5
Madanpur,UttarÄkhand,29.326,79.1537,2025,1,0.4516,-0.2422,-0.3593,315,26.18,23.68,29.18,,55.0,7.5,,,,2.5
Kamalwaganja Gaur,UttarÄkhand,29.2117,79.4654,2025,1,0.5267,-0.1108,-0.446,383,30.05,27.55,33.05,,55.0,7.5,,,,2.5
Kalyan,MahÄrÄshtra,19.25,73.15,2025,1,0.0855,-0.0636,-0.0748,10,27.97,25.47,30.97,,55.0,7.5,,,,2.5
Asansol,West Bengal,23.6833,86.9667,2025,1,0.0283,0.1039,0.1148,125,30.87,28.37,33.870000000000005,,55.0,7.5,,,,2.5
Vijayawada,Andhra Pradesh,16.5167,80.6167,2025,1,0.482,-0.1051,-0.4301,27,29.1,24.579395161290325,34.7,14.9,70.73521505376344,6.980873655913978,0.01424731182795699,16.50745,80.6466,4.520604838709676
Vasai-Virar,MahÄrÄshtra,19.47,72.8,2025,1,0.0781,-0.0928,-0.0508,0,25.83,23.33,28.83,,55.0,7.5,,,,2.5
Varanasi,Uttar Pradesh,25.3189,83.0128,2025,1,0.1102,0.0083,-0.1221,78,29.98,15.528897849462366,27.6,5.5,76.55483870967743,7.823266129032258,0.029704301075268818,25.31668,83.01041,6.5
Kalleli,Kerala,9.2,76.8833,2025,1,0.5929,-0.205,-0.5289,133,28.94,26.44,31.94,,55.0,7.5,,,,2.5
Srinagar,Jammu and KashmÄ«r,34.0911,74.8061,2025,1,0.1661,0.1079,-0.1924,1595,29.03,-1.7122043010752688,14.3,-16.6,66.40900537634408,4.477352150537635,0.19651881720430106,34.08565,74.80555,6.5
Aurangabad,MahÄrÄshtra,19.88,75.32,2025,1,0.0775,0.0117,-0.0615,564,29.51,21.19081989247312,32.6,9.8,52.36438172043011,8.416451612903225,0.0035080645161290323,19.87757,75.34226,6.5
Dhanbad,JhÄrkhand,23.7928,86.435,2025,1,0.1522,0.0427,-0.1519,245,30.49,17.05918010752688,30.5,6.0,67.77190860215053,7.728736559139786,0.01907258064516129,23.79759,86.42992,6.5
Amritsar,Punjab,31.6269,74.877,2025,1,0.165,0.0358,-0.1914,234,31.69,11.167325268817203,21.6,0.7,81.14543010752688,6.424623655913978,0.07563172043010753,31.62234,74.87534,6.5
Haora,West Bengal,22.58,88.3294,2025,1,0.2407,0.1719,-0.2573,12,30.37,27.87,33.370000000000005,,55.0,7.5,,,,2.5
Ranchi,JhÄrkhand,23.3556,85.3347,2025,1,0.0116,-0.1561,0.0338,643,29.66,15.78606182795699,27.8,5.8,64.33212365591397,8.793723118279571,0.016209677419354838,23.34316,85.3094,6.5
Gwalior,Madhya Pradesh,26.2125,78.1775,2025,1,0.0334,0.1417,-0.1313,215,32.93,14.731962365591398,28.8,4.4,72.68924731182796,7.504677419354839,0.04174731182795699,26.22983,78.17337,6.5
Jodhpur,RÄjasthÄn,26.2944,73.0278,2025,1,0.1873,0.1001,-0.2217,251,32.13,16.466290322580644,29.5,4.3,51.160483870967745,10.243172043010752,0.007930107526881721,26.26841,73.00594,6.5
Chandigarh,ChandÄ«garh,30.7364,76.7883,2025,1,0.4632,-0.0462,-0.4442,349,29.58,12.27198924731183,23.4,3.0,74.95833333333333,8.758077956989247,0.08446236559139784,30.73629,76.7884,6.5
Warangal,TelangÄna,17.9756,79.6011,2025,1,0.0623,0.1535,-0.0975,269,30.8,28.3,33.8,,55.0,7.5,,,,2.5
Kota,RÄjasthÄn,25.18,75.83,2025,1,0.0538,0.0263,-0.0474,230,30.0,16.201424731182797,30.9,4.0,65.39583333333333,6.7313575268817205,0.034408602150537634,25.18254,75.83907,6.5
Bareilly,Uttar Pradesh,28.364,79.415,2025,1,0.0826,0.096,-0.1174,180,31.83,13.398158602150538,26.2,2.7,79.68387096774194,8.500013440860215,0.04321236559139785,28.36678,79.43167,6.5
Solapur,MahÄrÄshtra,17.6703,75.9011,2025,1,0.1311,0.0452,-0.1476,474,31.53,24.536250000000003,34.5,13.1,44.965860215053766,10.911586021505377,0.0020161290322580645,17.67152,75.91044,6.5
Hubli,KarnÄtaka,15.3108,75.0925,2025,1,-0.0154,-0.2289,0.0498,618,26.24,23.74,29.24,,55.0,7.5,,,,2.5
Mysore,KarnÄtaka,12.3086,76.6531,2025,1,0.0055,-0.1545,0.0097,747,29.37,26.87,32.370000000000005,,55.0,7.5,,,,2.5
Trichinopoly,Tamil NÄdu,10.8269,78.6928,2025,1,0.266,-0.0191,-0.3117,74,33.33,30.83,36.33,,55.0,7.5,,,,2.5
Moradabad,Uttar Pradesh,28.8389,78.7769,2025,1,0.1587,0.1139,-0.0402,205,32.32,29.82,35.32,,55.0,7.5,,,,2.5
Tiruppur,Tamil NÄdu,11.1075,77.3398,2025,1,0.2146,-0.0365,-0.229,305,36.09,25.208333333333332,35.5,15.6,62.428360215053765,7.9706048387096775,0.022473118279569892,11.11541,77.35456,6.5
Jamnagar,GujarÄt,22.47,70.07,2025,1,0.1028,0.0044,-0.0961,21,28.96,26.46,31.96,,55.0,7.5,,,,2.5
Gurgaon,HaryÄna,28.4667,77.0333,2025,1,0.1547,0.0068,-0.1935,224,32.32,29.82,35.32,,55.0,7.5,,,,2.5
Aligarh,Uttar Pradesh,27.88,78.08,2025,1,0.1962,0.0766,-0.156,190,32.62,13.301666666666666,25.8,2.9,77.90201612903226,8.30231182795699,0.043857526881720434,27.88145,78.07464,6.5
Jalandhar,Punjab,31.3256,75.5792,2025,1,0.0649,0.0483,-0.0639,242,31.8,29.3,34.8,,55.0,7.5,,,,2.5
Narela,Delhi,28.85,77.1,2025,1,0.7221,-0.2939,-0.6539,212,30.7,28.2,33.7,,55.0,7.5,,,,2.5
Shishgarh,Uttar Pradesh,28.72,79.32,2025,1,0.7866,-0.2764,-0.6909,181,28.7,26.2,31.7,,55.0,7.5,,,,2.5
Thiruvananthapuram,Kerala,8.4875,76.9525,2025,1,0.099,0.0458,-0.1242,15,34.41,31.909999999999997,37.41,,55.0,7.5,,,,2.5
Dispur,Assam,26.15,91.77,2025,1,0.8467,-0.3302,-0.744,116,33.37,30.869999999999997,36.37,,55.0,7.5,,,,2.5
Durgapur,West Bengal,23.55,87.32,2025,1,0.2329,-0.0178,-0.1655,90,30.29,27.79,33.29,,55.0,7.5,,,,2.5
Bhiwandi,MahÄrÄshtra,19.3,73.0667,2025,1,0.0351,-0.0982,-0.0316,25,30.1,27.6,33.1,,55.0,7.5,,,,2.5
Saharanpur,Uttar Pradesh,29.964,77.546,2025,1,0.092,0.0939,-0.173,280,30.67,28.17,33.67,,55.0,7.5,,,,2.5
Shiliguri,West Bengal,26.72,88.42,2025,1,0.0324,0.051,-0.0307,119,33.81,31.310000000000002,36.81,,55.0,7.5,,,,2.5
Avadi,Tamil NÄdu,13.1147,80.1098,2025,1,0.1302,0.1127,-0.1703,32,33.37,30.869999999999997,36.37,,55.0,7.5,,,,2.5
Salem,Tamil NÄdu,11.65,78.1667,2025,1,0.1225,0.0211,-0.1565,285,34.01,31.509999999999998,37.01,,55.0,7.5,,,,2.5
Jui,UttarÄkhand,29.67,78.9098,2025,1,0.2915,-0.0996,-0.1528,890,25.94,23.44,28.94,,55.0,7.5,,,,2.5
Amaldu,UttarÄkhand,29.9333,78.5333,2025,1,0.5131,-0.2214,-0.4116,1406,24.0,21.5,27.0,,55.0,7.5,,,,2.5
Kimsar,Jammu and KashmÄ«r,34.5,74.5333,2025,1,0.6008,-0.089,-0.5463,3058,16.98,14.48,19.98,,55.0,7.5,,,,2.5
Sinduri,HimÄchal Pradesh,30.7167,77.15,2025,1,0.3288,-0.0994,-0.2768,943,25.74,23.24,28.74,,55.0,7.5,,,,2.5
Gorakhpur,Uttar Pradesh,26.7611,83.3667,2025,1,0.0615,0.0484,-0.0061,84,30.99,28.49,33.989999999999995,,55.0,7.5,,,,2.5
Guntur,Andhra Pradesh,16.3,80.45,2025,1,0.1688,0.0873,-0.1979,34,34.19,31.689999999999998,37.19,,55.0,7.5,,,,2.5
Karaikandi,Assam,24.8309,92.6143,2025,1,0.8903,-0.3473,-0.709,20,29.81,27.31,32.81,,55.0,7.5,,,,2.5
Mumbai,MahÄrÄshtra,19.0758,72.8775,2025,1,0.0377,0.0692,-0.0801,5,34.41,23.31008064516129,33.2,14.2,64.56397849462365,10.32875,0.001411290322580645,19.07283,72.88261,6.5
Kolkata,West Bengal,22.5675,88.37,2025,1,0.071,0.0411,-0.1098,6,30.81,18.926102150537638,30.6,9.0,71.28346774193548,7.722836021505376,0.016223118279569893,22.56263,88.36304,6.5
Delhi,Delhi,28.66,77.23,2025,1,0.1956,-0.0155,-0.22,219,28.52,26.02,31.52,,55.0,7.5,,,,2.5
Chennai,Tamil NÄdu,13.0825,80.275,2025,1,0.0557,0.2433,-0.0547,9,30.13,24.796142473118277,30.5,17.3,74.35887096774194,11.460672043010751,0.02995967741935484,13.08784,80.27847,5.333857526881722
Bangalore,KarnÄtaka,12.9791,77.5913,2025,1,0.3681,-0.1297,-0.3344,924,29.03,26.53,32.03,,55.0,7.5,,,,2.5
Ahmedabad,GujarÄt,23.0219,72.5797,2025,1,0.185,-0.0188,-0.2068,52,31.52,29.02,34.519999999999996,,55.0,7.5,,,,2.5
Pune,MahÄrÄshtra,18.5211,73.8553,2025,1,0.361,-0.0544,-0.3624,554,30.46,27.96,33.46,,55.0,7.5,,,,2.5
Hyderabad,TelangÄna,17.3617,78.4747,2025,1,-0.0167,0.1731,-0.0073,508,31.25,21.84111559139785,33.6,10.9,59.34206989247312,8.333333333333334,0.00836021505376344,17.38405,78.45636,6.5
Surat,GujarÄt,21.205,72.84,2025,1,0.1338,0.0388,-0.2075,14,32.32,22.131034946236557,35.0,11.6,55.53709677419355,11.153575268817205,0.0017069892473118278,21.19594,72.83023,6.5
Prayagraj,Uttar Pradesh,25.45,81.85,2025,1,0.4659,-0.0898,-0.4298,95,30.5,28.0,33.5,,55.0,7.5,,,,2.5
Kanpur,GujarÄt,24.285,72.6933,2025,1,0.6108,-0.1626,-0.5909,335,29.42,14.61231182795699,27.4,4.1,77.39435483870967,8.008198924731182,0.0314247311827957,26.46523,80.34975,6.5
Kanpur,Uttar Pradesh,26.4725,80.3311,2025,1,0.1473,0.0784,-0.1772,132,30.54,14.61231182795699,27.4,4.1,77.39435483870967,8.008198924731182,0.0314247311827957,26.46523,80.34975,6.5
Belahi,BihÄr,25.7167,86.4,2025,1,0.1832,-0.3311,-0.0534,41,27.37,24.87,30.37,,55.0,7.5,,,,2.5
Vadodara,GujarÄt,22.3,73.2,2025,1,0.2629,-0.0458,-0.2479,38,32.06,20.783776881720428,33.5,8.6,55.36854838709677,8.284059139784947,0.004986559139784946,22.29941,73.20812,6.5
Nadampalaiyam,Tamil NÄdu,11.1793,77.376,2025,1,0.1117,-0.0252,-0.0919,318,30.31,27.81,33.31,,55.0,7.5,,,,2.5
Lucknow,Uttar Pradesh,26.847,80.947,2025,1,0.0764,0.2471,-0.1267,115,31.18,14.294059139784947,26.8,3.5,77.76411290322581,8.090174731182795,0.03786290322580645,26.83928,80.92313,6.5
Kannankulam,Kerala,10.4799,76.1131,2025,1,0.4805,-0.1281,-0.4157,13,28.96,26.46,31.96,,55.0,7.5,,,,2.5
Mahuakheraganj,UttarÄkhand,29.13,78.95,2025,1,0.2739,-0.0407,-0.3003,222,26.98,24.48,29.98,,55.0,7.5,,,,2.5
Nagla,UttarÄkhand,29.01,79.51,2025,1,0.4669,-0.0976,-0.4785,227,27.16,24.66,30.16,,55.0,7.5,,,,2.5
Jaipur,RÄjasthÄn,26.915,75.82,2025,1,0.6647,-0.1813,-0.6394,441,30.14,14.308373655913979,28.1,2.7,62.82728494623656,8.242083333333333,0.02646505376344086,26.91962,75.78781,6.5
Kottarassheri,Kerala,10.6167,76.5333,2025,1,0.6751,-0.1178,-0.589,147,27.2,24.7,30.2,,55.0,7.5,,,,2.5
Attadappa,Kerala,11.85,75.4167,2025,1,0.8239,-0.3138,-0.7242,37,29.67,27.17,32.67,,55.0,7.5,,,,2.5
Barmhan Kalan,Madhya Pradesh,23.0333,79.0167,2025,1,0.723,-0.2218,-0.6445,337,28.52,26.02,31.52,,55.0,7.5,,,,2.5
Gorakhpur,ChhattÄ«sgarh,22.1688,81.6042,2025,1,0.3362,-0.052,-0.3486,305,27.2,24.7,30.2,,55.0,7.5,,,,2.5
Nagpur,MahÄrÄshtra,21.1497,79.0806,2025,1,0.3327,-0.1023,-0.3361,318,30.7,20.58133064516129,32.9,8.1,56.8377688172043,7.151948924731183,0.017419354838709676,21.14631,79.08491,6.5
Guwahati,Assam,26.1806,91.7502,2025,1,0.0291,0.1853,-0.198,57,29.25,17.49366935483871,27.5,8.4,77.26733870967742,6.03396505376344,0.020026881720430108,26.1844,91.7458,6.5
Ghaziabad,Uttar Pradesh,28.6667,77.4167,2025,1,0.2714,-0.017,-0.2831,211,29.06,12.96893817204301,25.4,1.9,77.63467741935484,8.6725,0.047567204301075264,28.66535,77.43915,6.5
Coimbatore,Tamil NÄdu,11.0008,76.9633,2025,1,-0.009,-0.0374,0.0355,417,32.13,24.230967741935483,33.6,14.8,62.895161290322584,9.489314516129033,0.02720430107526882,11.00555,76.96612,6.5
Patna,BihÄr,25.61,85.1414,2025,1,0.1271,0.1544,-0.1614,63,30.34,15.802849462365591,26.2,7.1,77.59919354838709,8.116397849462366,0.016922043010752688,25.59408,85.13563,6.5
Rajkot,GujarÄt,22.2969,70.7984,2025,1,0.017,0.142,-0.052,134,31.78,29.28,34.78,,55.0,7.5,,,,2.5
Vishakhapatnam,Andhra Pradesh,17.6939,83.2922,2025,1,0.1514,-0.0223,-0.1581,12,30.09,27.59,33.09,,55.0,7.5,,,,2.5
Indore,Madhya Pradesh,22.7186,75.855,2025,1,0.0727,0.1359,-0.1084,553,28.4,17.89548387096774,31.2,6.2,60.325537634408605,8.858575268817205,0.015376344086021506,22.71792,75.8333,6.5
Abhepur,Punjab,30.6667,76.8333,2025,1,0.2234,0.0532,-0.2449,311,28.62,26.12,31.62,,55.0,7.5,,,,2.5
Gumanwala,UttarÄkhand,29.9333,77.9,2025,1,0.384,-0.0143,-0.4064,277,26.48,23.98,29.48,,55.0,7.5,,,,2.5
Thane,MahÄrÄshtra,19.18,72.9633,2025,1,0.3165,-0.0286,-0.3179,14,30.76,23.57021505376344,35.8,11.6,59.83736559139785,7.8694758064516135,0.001532258064516129,19.19704,72.96355,6.5
Bhopal,Madhya Pradesh,23.25,77.4167,2025,1,0.1298,0.1257,-0.1466,512,28.48,17.14024193548387,31.1,6.5,64.91505376344087,8.670887096774194,0.028830645161290323,23.25469,77.40289,6.5
Agra,Uttar Pradesh,27.18,78.02,2025,1,0.4952,0.0015,-0.5539,184,28.22,13.721250000000001,26.7,3.0,77.71774193548387,7.740376344086021,0.04491935483870967,27.18333,78.01667,6.5
Peyanvilai,Tamil NÄdu,8.5674,78.1046,2025,1,0.1299,-0.0894,-0.1314,8,33.49,30.990000000000002,36.49,,55.0,7.5,,,,2.5
Pimpri-Chinchwad,MahÄrÄshtra,18.6278,73.8131,2025,1,0.6531,-0.1156,-0.5928,584,30.56,20.824341397849462,33.2,8.2,59.30846774193548,6.219892473118279,0.003306451612903226,18.61867,73.80375,6.5
Harbatpur,UttarÄkhand,30.45,77.73,2025,1,0.3481,0.0532,-0.3951,445,25.62,23.12,28.62,,55.0,7.5,,,,2.5
Saundhonwali,UttarÄkhand,30.3331,77.9608,2025,1,0.0675,0.1052,-0.1137,612,25.01,22.51,28.01,,55.0,7.5,,,,2.5
Ludhiana,Punjab,30.9083,75.8486,2025,1,0.4538,-0.103,-0.4296,243,28.19,11.398319892473118,22.2,1.5,82.76639784946236,7.204583333333333,0.07833333333333332,30.91204,75.85379,6.5
Meerut,Uttar Pradesh,28.98,77.7064,2025,1,0.1034,0.0977,-0.1559,228,29.06,26.56,32.06,,55.0,7.5,,,,2.5
Madurai,Tamil NÄdu,9.9197,78.1194,2025,1,0.0832,0.2671,-0.359,141,33.65,25.47190860215054,35.2,15.1,66.73131720430108,9.643709677419354,0.034784946236559144,9.919,78.11953,6.5
Nasik,MahÄrÄshtra,20.0,73.7833,2025,1,0.1215,0.1395,-0.1826,588,30.03,27.53,33.03,,55.0,7.5,,,,2.5
Faridabad,HaryÄna,28.4167,77.3,2025,1,0.335,0.0507,-0.3508,208,28.6,13.339932795698925,25.6,2.8,75.75255376344086,8.802217741935484,0.0397983870967742,28.41124,77.31316,6.5
Madarpur,BihÄr,26.227,84.6746,2025,1,0.1743,0.0627,-0.1949,69,28.47,25.97,31.47,,55.0,7.5,,,,2.5
Najafgarh,Delhi,28.6125,76.9847,2025,1,0.0871,0.0491,-0.1166,220,28.6,26.1,31.6,,55.0,7.5,,,,2.5
Jabalpur,Madhya Pradesh,23.1667,79.9333,2025,1,0.1295,0.1118,-0.086,399,30.07,17.15013440860215,30.9,5.1,65.45712365591397,7.502379032258064,0.023911290322580644,23.16697,79.95006,6.5
Madanpur,UttarÄkhand,29.326,79.1537,2025,1,0.6831,-0.2854,-0.5951,315,26.17,23.67,29.17,,55.0,7.5,,,,2.5
Kamalwaganja Gaur,UttarÄkhand,29.2117,79.4654,2025,1,0.6262,-0.1413,-0.5505,383,27.23,24.73,30.23,,55.0,7.5,,,,2.5
Kalyan,MahÄrÄshtra,19.25,73.15,2025,1,0.3126,0.2065,-0.3163,10,30.22,27.72,33.22,,55.0,7.5,,,,2.5
Asansol,West Bengal,23.6833,86.9667,2025,1,0.2603,0.1205,-0.2787,125,30.01,27.51,33.010000000000005,,55.0,7.5,,,,2.5
Vijayawada,Andhra Pradesh,16.5167,80.6167,2025,1,0.5192,-0.1075,-0.4825,27,29.19,24.579395161290325,34.7,14.9,70.73521505376344,6.980873655913978,0.01424731182795699,16.50745,80.6466,4.610604838709676
Vasai-Virar,MahÄrÄshtra,19.47,72.8,2025,1,0.2089,0.1392,-0.2371,0,28.54,26.04,31.54,,55.0,7.5,,,,2.5
Varanasi,Uttar Pradesh,25.3189,83.0128,2025,1,0.1579,-0.0089,-0.1778,78,29.48,15.528897849462366,27.6,5.5,76.55483870967743,7.823266129032258,0.029704301075268818,25.31668,83.01041,6.5
Kalleli,Kerala,9.2,76.8833,2025,1,0.7923,-0.2336,-0.7026,133,28.33,25.83,31.33,,55.0,7.5,,,,2.5
Srinagar,Jammu and KashmÄ«r,34.0911,74.8061,2025,1,0.1534,0.1162,-0.1738,1595,20.62,-1.7122043010752688,14.3,-16.6,66.40900537634408,4.477352150537635,0.19651881720430106,34.08565,74.80555,6.5
Aurangabad,MahÄrÄshtra,19.88,75.32,2025,1,0.2257,0.0186,-0.2441,564,30.11,21.19081989247312,32.6,9.8,52.36438172043011,8.416451612903225,0.0035080645161290323,19.87757,75.34226,6.5
Dhanbad,JhÄrkhand,23.7928,86.435,2025,1,0.2726,0.0011,-0.2595,245,30.26,17.05918010752688,30.5,6.0,67.77190860215053,7.728736559139786,0.01907258064516129,23.79759,86.42992,6.5
Amritsar,Punjab,31.6269,74.877,2025,1,0.169,0.0014,-0.2223,234,27.96,11.167325268817203,21.6,0.7,81.14543010752688,6.424623655913978,0.07563172043010753,31.62234,74.87534,6.5
Haora,West Bengal,22.58,88.3294,2025,1,0.2294,0.1416,-0.2453,12,30.75,28.25,33.75,,55.0,7.5,,,,2.5
Ranchi,JhÄrkhand,23.3556,85.3347,2025,1,0.2628,-0.0425,-0.1988,643,28.23,15.78606182795699,27.8,5.8,64.33212365591397,8.793723118279571,0.016209677419354838,23.34316,85.3094,6.5
Gwalior,Madhya Pradesh,26.2125,78.1775,2025,1,0.0891,0.0932,-0.196,215,28.62,14.731962365591398,28.8,4.4,72.68924731182796,7.504677419354839,0.04174731182795699,26.22983,78.17337,6.5
Jodhpur,RÄjasthÄn,26.2944,73.0278,2025,1,0.1763,0.0834,-0.227,251,31.04,16.466290322580644,29.5,4.3,51.160483870967745,10.243172043010752,0.007930107526881721,26.26841,73.00594,6.5
Chandigarh,ChandÄ«garh,30.7364,76.7883,2025,1,0.4872,-0.094,-0.4615,349,27.12,12.27198924731183,23.4,3.0,74.95833333333333,8.758077956989247,0.08446236559139784,30.73629,76.7884,6.5
Raipur,ChhattÄ«sgarh,21.2379,81.6337,2025,1,0.0896,0.0544,-0.0314,309,30.46,19.693870967741933,32.1,7.6,60.54744623655914,6.05239247311828,0.011868279569892472,21.23333,81.63333,6.5
Warangal,TelangÄna,17.9756,79.6011,2025,1,0.1037,0.1091,-0.1196,269,30.45,27.95,33.45,,55.0,7.5,,,,2.5
Kota,RÄjasthÄn,25.18,75.83,2025,1,0.0932,0.0289,-0.1087,230,28.43,16.201424731182797,30.9,4.0,65.39583333333333,6.7313575268817205,0.034408602150537634,25.18254,75.83907,6.5
Bareilly,Uttar Pradesh,28.364,79.415,2025,1,0.0657,0.0876,-0.103,180,29.45,13.398158602150538,26.2,2.7,79.68387096774194,8.500013440860215,0.04321236559139785,28.36678,79.43167,6.5
Solapur,MahÄrÄshtra,17.6703,75.9011,2025,1,0.1376,-0.0657,-0.1234,474,30.76,24.536250000000003,34.5,13.1,44.965860215053766,10.911586021505377,0.0020161290322580645,17.67152,75.91044,6.223749999999999
Hubli,KarnÄtaka,15.3108,75.0925,2025,1,0.083,-0.1426,-0.0409,618,31.31,28.81,34.31,,55.0,7.5,,,,2.5
Mysore,KarnÄtaka,12.3086,76.6531,2025,1,0.0829,0.0123,-0.0631,747,27.62,25.12,30.62,,55.0,7.5,,,,2.5
Trichinopoly,Tamil NÄdu,10.8269,78.6928,2025,1,0.3293,-0.0395,-0.3607,74,31.57,29.07,34.57,,55.0,7.5,,,,2.5
Moradabad,Uttar Pradesh,28.8389,78.7769,2025,1,0.0806,0.0731,-0.0575,205,29.5,27.0,32.5,,55.0,7.5,,,,2.5
Tiruppur,Tamil NÄdu,11.1075,77.3398,2025,1,0.1783,-0.0424,-0.1368,305,31.95,25.208333333333332,35.5,15.6,62.428360215053765,7.9706048387096775,0.022473118279569892,11.11541,77.35456,6.5
Jamnagar,GujarÄt,22.47,70.07,2025,1,0.293,-0.0235,-0.2762,21,31.58,29.08,34.58,,55.0,7.5,,,,2.5
Gurgaon,HaryÄna,28.4667,77.0333,2025,1,0.1759,-0.0612,-0.2317,224,28.88,26.38,31.88,,55.0,7.5,,,,2.5
Aligarh,Uttar Pradesh,27.88,78.08,2025,1,0.313,0.0381,-0.319,190,29.9,13.301666666666666,25.8,2.9,77.90201612903226,8.30231182795699,0.043857526881720434,27.88145,78.07464,6.5
Jalandhar,Punjab,31.3256,75.5792,2025,1,0.1375,0.0508,-0.1938,242,28.18,25.68,31.18,,55.0,7.5,,,,2.5
Bhubaneshwar,Odisha,20.295,85.825,2025,1,0.1931,-0.0523,-0.2066,47,29.84,27.34,32.84,,55.0,7.5,,,,2.5
Bhayandar,MahÄrÄshtra,19.3,72.85,2025,1,0.1937,0.1584,-0.3222,9,30.86,28.36,33.86,,55.0,7.5,,,,2.5
Narela,Delhi,28.85,77.1,2025,1,0.561,-0.1863,-0.5028,212,27.56,25.06,30.56,,55.0,7.5,,,,2.5
Shishgarh,Uttar Pradesh,28.72,79.32,2025,1,0.6479,-0.2279,-0.6074,181,27.17,24.67,30.17,,55.0,7.5,,,,2.5
Thiruvananthapuram,Kerala,8.4875,76.9525,2025,1,0.08,-0.0031,-0.08,15,32.09,29.590000000000003,35.09,,55.0,7.5,,,,2.5
Dispur,Assam,26.15,91.77,2025,1,0.7709,-0.3331,-0.6715,116,30.49,27.99,33.489999999999995,,55.0,7.5,,,,2.5
Durgapur,West Bengal,23.55,87.32,2025,1,0.3592,-0.0069,-0.3372,90,29.15,26.65,32.15,,55.0,7.5,,,,2.5
Bhiwandi,MahÄrÄshtra,19.3,73.0667,2025,1,0.1285,0.025,-0.1591,25,34.52,32.02,37.52,,55.0,7.5,,,,2.5
Saharanpur,Uttar Pradesh,29.964,77.546,2025,1,0.0942,0.1077,-0.1362,280,29.38,26.88,32.379999999999995,,55.0,7.5,,,,2.5
Shiliguri,West Bengal,26.72,88.42,2025,1,0.0816,0.0857,-0.089,119,31.91,29.41,34.91,,55.0,7.5,,,,2.5
Avadi,Tamil NÄdu,13.1147,80.1098,2025,1,0.205,-0.0104,-0.2011,32,29.66,27.16,32.66,,55.0,7.5,,,,2.5
Salem,Tamil NÄdu,11.65,78.1667,2025,1,0.0408,0.1173,-0.15,285,31.78,29.28,34.78,,55.0,7.5,,,,2.5
Jui,UttarÄkhand,29.67,78.9098,2025,1,0.845,-0.1968,-0.765,890,22.2,19.7,25.2,,55.0,7.5,,,,2.5
Amaldu,UttarÄkhand,29.9333,78.5333,2025,1,0.7848,-0.1942,-0.6669,1406,21.11,18.61,24.11,,55.0,7.5,,,,2.5
Kimsar,Jammu and KashmÄ«r,34.5,74.5333,2025,1,0.6689,-0.1903,-0.6362,3058,12.36,9.86,15.36,,55.0,7.5,,,,2.5
Sinduri,HimÄchal Pradesh,30.7167,77.15,2025,1,0.4908,-0.0719,-0.4946,943,22.61,20.11,25.61,,55.0,7.5,,,,2.5
Gorakhpur,Uttar Pradesh,26.7611,83.3667,2025,1,0.201,0.0562,-0.2272,84,30.19,27.69,33.19,,55.0,7.5,,,,2.5
Guntur,Andhra Pradesh,16.3,80.45,2025,1,0.0992,0.0256,-0.0796,34,31.85,29.35,34.85,,55.0,7.5,,,,2.5
Karaikandi,Assam,24.8309,92.6143,2025,1,0.8195,-0.3574,-0.6948,20,28.45,25.95,31.45,,55.0,7.5,,,,2.5
Mumbai,MahÄrÄshtra,19.0758,72.8775,2025,1,0.0653,0.0319,-0.1128,5,31.55,23.31008064516129,33.2,14.2,64.56397849462365,10.32875,0.001411290322580645,19.07283,72.88261,6.5
Kolkata,West Bengal,22.5675,88.37,2025,1,0.0818,0.018,-0.166,6,28.55,18.926102150537638,30.6,9.0,71.28346774193548,7.722836021505376,0.016223118279569893,22.56263,88.36304,6.5
Delhi,Delhi,28.66,77.23,2025,1,0.171,-0.0085,-0.2575,219,22.19,19.69,25.19,,55.0,7.5,,,,2.5
Chennai,Tamil NÄdu,13.0825,80.275,2025,1,0.0345,-0.1303,0.0023,9,30.52,24.796142473118277,30.5,17.3,74.35887096774194,11.460672043010751,0.02995967741935484,13.08784,80.27847,5.723857526881723
Bangalore,KarnÄtaka,12.9791,77.5913,2025,1,-0.0554,-0.1265,0.0891,924,25.53,23.03,28.53,,55.0,7.5,,,,2.5
Ahmedabad,GujarÄt,23.0219,72.5797,2025,1,0.242,-0.0703,-0.2747,52,27.0,24.5,30.0,,55.0,7.5,,,,2.5
Pune,MahÄrÄshtra,18.5211,73.8553,2025,1,0.3331,-0.0889,-0.3464,554,27.01,24.51,30.01,,55.0,7.5,,,,2.5
Hyderabad,TelangÄna,17.3617,78.4747,2025,1,0.0937,0.1995,-0.125,508,28.38,21.84111559139785,33.6,10.9,59.34206989247312,8.333333333333334,0.00836021505376344,17.38405,78.45636,6.5
Surat,GujarÄt,21.205,72.84,2025,1,0.1406,0.016,-0.2015,14,28.96,22.131034946236557,35.0,11.6,55.53709677419355,11.153575268817205,0.0017069892473118278,21.19594,72.83023,6.5
Prayagraj,Uttar Pradesh,25.45,81.85,2025,1,0.49,-0.118,-0.4602,95,23.34,20.84,26.34,,55.0,7.5,,,,2.5
Kanpur,GujarÄt,24.285,72.6933,2025,1,0.6002,-0.16,-0.5876,335,25.21,14.61231182795699,27.4,4.1,77.39435483870967,8.008198924731182,0.0314247311827957,26.46523,80.34975,6.5
Kanpur,Uttar Pradesh,26.4725,80.3311,2025,1,0.1451,0.074,-0.1719,132,23.48,14.61231182795699,27.4,4.1,77.39435483870967,8.008198924731182,0.0314247311827957,26.46523,80.34975,6.5
Belahi,BihÄr,25.7167,86.4,2025,1,0.1513,-0.291,-0.0644,41,23.87,21.37,26.87,,55.0,7.5,,,,2.5
Vadodara,GujarÄt,22.3,73.2,2025,1,0.3351,-0.0788,-0.3212,38,27.38,20.783776881720428,33.5,8.6,55.36854838709677,8.284059139784947,0.004986559139784946,22.29941,73.20812,6.5
Nadampalaiyam,Tamil NÄdu,11.1793,77.376,2025,1,0.1317,-0.0125,-0.1204,318,30.37,27.87,33.370000000000005,,55.0,7.5,,,,2.5
Lucknow,Uttar Pradesh,26.847,80.947,2025,1,0.0501,0.2173,-0.0976,115,23.96,14.294059139784947,26.8,3.5,77.76411290322581,8.090174731182795,0.03786290322580645,26.83928,80.92313,6.5
Kannankulam,Kerala,10.4799,76.1131,2025,1,0.6014,-0.1114,-0.5399,13,28.34,25.84,31.34,,55.0,7.5,,,,2.5
Mahuakheraganj,UttarÄkhand,29.13,78.95,2025,1,0.1519,0.0342,-0.1837,222,23.22,20.72,26.22,,55.0,7.5,,,,2.5
Nagla,UttarÄkhand,29.01,79.51,2025,1,0.3473,0.0555,-0.368,227,22.72,20.22,25.72,,55.0,7.5,,,,2.5
Jaipur,RÄjasthÄn,26.915,75.82,2025,1,0.598,-0.1539,-0.5943,441,24.0,14.308373655913979,28.1,2.7,62.82728494623656,8.242083333333333,0.02646505376344086,26.91962,75.78781,6.5
Kottarassheri,Kerala,10.6167,76.5333,2025,1,0.5339,-0.143,-0.4749,147,27.47,24.97,30.47,,55.0,7.5,,,,2.5
Attadappa,Kerala,11.85,75.4167,2025,1,0.7243,-0.3106,-0.6368,37,29.05,26.55,32.05,,55.0,7.5,,,,2.5
Barmhan Kalan,Madhya Pradesh,23.0333,79.0167,2025,1,0.4621,-0.0938,-0.4656,337,22.91,20.41,25.91,,55.0,7.5,,,,2.5
Gorakhpur,ChhattÄ«sgarh,22.1688,81.6042,2025,1,0.3195,-0.0344,-0.3375,305,24.57,22.07,27.57,,55.0,7.5,,,,2.5
Nagpur,MahÄrÄshtra,21.1497,79.0806,2025,1,0.3889,-0.1598,-0.3876,318,25.17,20.58133064516129,32.9,8.1,56.8377688172043,7.151948924731183,0.017419354838709676,21.14631,79.08491,4.588669354838711
Guwahati,Assam,26.1806,91.7502,2025,1,0.0429,0.1686,-0.243,57,25.73,17.49366935483871,27.5,8.4,77.26733870967742,6.03396505376344,0.020026881720430108,26.1844,91.7458,6.5
Ghaziabad,Uttar Pradesh,28.6667,77.4167,2025,1,0.2348,-0.0153,-0.2592,211,22.47,12.96893817204301,25.4,1.9,77.63467741935484,8.6725,0.047567204301075264,28.66535,77.43915,6.5
Coimbatore,Tamil NÄdu,11.0008,76.9633,2025,1,-0.0302,-0.0594,0.0659,417,30.88,24.230967741935483,33.6,14.8,62.895161290322584,9.489314516129033,0.02720430107526882,11.00555,76.96612,6.5
Patna,BihÄr,25.61,85.1414,2025,1,0.1109,0.1207,-0.1402,63,23.96,15.802849462365591,26.2,7.1,77.59919354838709,8.116397849462366,0.016922043010752688,25.59408,85.13563,6.5
Rajkot,GujarÄt,22.2969,70.7984,2025,1,0.0265,0.1251,-0.0437,134,27.27,24.77,30.27,,55.0,7.5,,,,2.5
Vishakhapatnam,Andhra Pradesh,17.6939,83.2922,2025,1,0.294,0.0248,-0.3431,12,28.41,25.91,31.41,,55.0,7.5,,,,2.5
Indore,Madhya Pradesh,22.7186,75.855,2025,1,0.0605,0.105,-0.1626,553,25.79,17.89548387096774,31.2,6.2,60.325537634408605,8.858575268817205,0.015376344086021506,22.71792,75.8333,6.5
Abhepur,Punjab,30.6667,76.8333,2025,1,0.2151,0.0218,-0.2557,311,22.14,19.64,25.14,,55.0,7.5,,,,2.5
Gumanwala,UttarÄkhand,29.9333,77.9,2025,1,0.4835,-0.0643,-0.4694,277,21.04,18.54,24.04,,55.0,7.5,,,,2.5
Thane,MahÄrÄshtra,19.18,72.9633,2025,1,0.2496,-0.0366,-0.2554,14,29.31,23.57021505376344,35.8,11.6,59.83736559139785,7.8694758064516135,0.001532258064516129,19.19704,72.96355,5.739784946236558
Bhopal,Madhya Pradesh,23.25,77.4167,2025,1,0.1416,0.1206,-0.1713,512,24.33,17.14024193548387,31.1,6.5,64.91505376344087,8.670887096774194,0.028830645161290323,23.25469,77.40289,6.5
Agra,Uttar Pradesh,27.18,78.02,2025,1,0.4311,0.0275,-0.4986,184,22.11,13.721250000000001,26.7,3.0,77.71774193548387,7.740376344086021,0.04491935483870967,27.18333,78.01667,6.5
Peyanvilai,Tamil NÄdu,8.5674,78.1046,2025,1,0.2233,-0.1181,-0.2004,8,28.41,25.91,31.41,,55.0,7.5,,,,2.5
Pimpri-Chinchwad,MahÄrÄshtra,18.6278,73.8131,2025,1,0.6941,-0.2127,-0.6448,584,27.26,20.824341397849462,33.2,8.2,59.30846774193548,6.219892473118279,0.003306451612903226,18.61867,73.80375,6.435658602150539
Harbatpur,UttarÄkhand,30.45,77.73,2025,1,0.2555,0.0906,-0.326,445,20.72,18.22,23.72,,55.0,7.5,,,,2.5
Saundhonwali,UttarÄkhand,30.3331,77.9608,2025,1,0.0676,0.0733,-0.1415,612,19.43,16.93,22.43,,55.0,7.5,,,,2.5
Ludhiana,Punjab,30.9083,75.8486,2025,1,0.3337,-0.1063,-0.3281,243,21.04,11.398319892473118,22.2,1.5,82.76639784946236,7.204583333333333,0.07833333333333332,30.91204,75.85379,6.5
Meerut,Uttar Pradesh,28.98,77.7064,2025,1,0.0672,0.0861,-0.1482,228,22.32,19.82,25.32,,55.0,7.5,,,,2.5
Madurai,Tamil NÄdu,9.9197,78.1194,2025,1,-0.0542,-0.2562,0.1219,141,29.25,25.47190860215054,35.2,15.1,66.73131720430108,9.643709677419354,0.034784946236559144,9.919,78.11953,3.7780913978494617
Nasik,MahÄrÄshtra,20.0,73.7833,2025,1,0.1197,0.1232,-0.1858,588,26.02,23.52,29.02,,55.0,7.5,,,,2.5
Faridabad,HaryÄna,28.4167,77.3,2025,1,0.2991,0.0304,-0.3263,208,21.98,13.339932795698925,25.6,2.8,75.75255376344086,8.802217741935484,0.0397983870967742,28.41124,77.31316,6.5
Madarpur,BihÄr,26.227,84.6746,2025,1,0.1733,0.0216,-0.1964,69,22.76,20.26,25.76,,55.0,7.5,,,,2.5
Najafgarh,Delhi,28.6125,76.9847,2025,1,0.0917,0.0305,-0.1462,220,21.22,18.72,24.22,,55.0,7.5,,,,2.5
Jabalpur,Madhya Pradesh,23.1667,79.9333,2025,1,0.1945,0.1479,-0.2064,399,24.34,17.15013440860215,30.9,5.1,65.45712365591397,7.502379032258064,0.023911290322580644,23.16697,79.95006,6.5
Madanpur,UttarÄkhand,29.326,79.1537,2025,1,0.5426,-0.1049,-0.5245,315,22.22,19.72,25.22,,55.0,7.5,,,,2.5
Kamalwaganja Gaur,UttarÄkhand,29.2117,79.4654,2025,1,0.4303,-0.0033,-0.4257,383,23.19,20.69,26.19,,55.0,7.5,,,,2.5
Kalyan,MahÄrÄshtra,19.25,73.15,2025,1,0.2456,0.1413,-0.277,10,28.63,26.13,31.63,,55.0,7.5,,,,2.5
Asansol,West Bengal,23.6833,86.9667,2025,1,0.2426,0.1451,-0.271,125,25.49,22.99,28.49,,55.0,7.5,,,,2.5
Vijayawada,Andhra Pradesh,16.5167,80.6167,2025,1,0.4437,-0.1378,-0.3817,27,27.4,24.579395161290325,34.7,14.9,70.73521505376344,6.980873655913978,0.01424731182795699,16.50745,80.6466,2.8206048387096736
Vasai-Virar,MahÄrÄshtra,19.47,72.8,2025,1,0.1415,0.1368,-0.1663,0,27.66,25.16,30.66,,55.0,7.5,,,,2.5
Varanasi,Uttar Pradesh,25.3189,83.0128,2025,1,0.1987,-0.0354,-0.2421,78,22.48,15.528897849462366,27.6,5.5,76.55483870967743,7.823266129032258,0.029704301075268818,25.31668,83.01041,6.5
Kalleli,Kerala,9.2,76.8833,2025,1,0.1116,-0.263,-0.0593,133,27.48,24.98,30.48,,55.0,7.5,,,,2.5
Srinagar,Jammu and KashmÄ«r,34.0911,74.8061,2025,1,0.0531,0.043,-0.0392,1595,12.86,-1.7122043010752688,14.3,-16.6,66.40900537634408,4.477352150537635,0.19651881720430106,34.08565,74.80555,6.5
Aurangabad,MahÄrÄshtra,19.88,75.32,2025,1,0.2568,-0.0019,-0.3095,564,27.04,21.19081989247312,32.6,9.8,52.36438172043011,8.416451612903225,0.0035080645161290323,19.87757,75.34226,5.84918010752688
Dhanbad,JhÄrkhand,23.7928,86.435,2025,1,0.4944,-0.0094,-0.4912,245,25.13,17.05918010752688,30.5,6.0,67.77190860215053,7.728736559139786,0.01907258064516129,23.79759,86.42992,6.5
Amritsar,Punjab,31.6269,74.877,2025,1,0.1342,-0.0217,-0.1851,234,20.87,11.167325268817203,21.6,0.7,81.14543010752688,6.424623655913978,0.07563172043010753,31.62234,74.87534,6.5
Haora,West Bengal,22.58,88.3294,2025,1,0.2467,0.1243,-0.2864,12,26.57,24.07,29.57,,55.0,7.5,,,,2.5
Ranchi,JhÄrkhand,23.3556,85.3347,2025,1,0.4718,-0.0115,-0.49,643,23.3,15.78606182795699,27.8,5.8,64.33212365591397,8.793723118279571,0.016209677419354838,23.34316,85.3094,6.5
Gwalior,Madhya Pradesh,26.2125,78.1775,2025,1,0.0901,0.101,-0.1813,215,23.14,14.731962365591398,28.8,4.4,72.68924731182796,7.504677419354839,0.04174731182795699,26.22983,78.17337,6.5
Jodhpur,RÄjasthÄn,26.2944,73.0278,2025,1,0.1893,0.0687,-0.239,251,26.06,16.466290322580644,29.5,4.3,51.160483870967745,10.243172043010752,0.007930107526881721,26.26841,73.00594,6.5
Chandigarh,ChandÄ«garh,30.7364,76.7883,2025,1,0.485,-0.1267,-0.4646,349,21.35,12.27198924731183,23.4,3.0,74.95833333333333,8.758077956989247,0.08446236559139784,30.73629,76.7884,6.5
Raipur,ChhattÄ«sgarh,21.2379,81.6337,2025,1,0.1104,0.0734,-0.1572,309,26.65,19.693870967741933,32.1,7.6,60.54744623655914,6.05239247311828,0.011868279569892472,21.23333,81.63333,6.5
Warangal,TelangÄna,17.9756,79.6011,2025,1,0.1005,0.1037,-0.1572,269,27.15,24.65,30.15,,55.0,7.5,,,,2.5
Kota,RÄjasthÄn,25.18,75.83,2025,1,0.1086,-0.0422,-0.1364,230,24.09,16.201424731182797,30.9,4.0,65.39583333333333,6.7313575268817205,0.034408602150537634,25.18254,75.83907,6.5
Bareilly,Uttar Pradesh,28.364,79.415,2025,1,0.0822,0.0325,-0.1221,180,23.01,13.398158602150538,26.2,2.7,79.68387096774194,8.500013440860215,0.04321236559139785,28.36678,79.43167,6.5
Solapur,MahÄrÄshtra,17.6703,75.9011,2025,1,0.182,0.0309,-0.2157,474,27.86,24.536250000000003,34.5,13.1,44.965860215053766,10.911586021505377,0.0020161290322580645,17.67152,75.91044,3.323749999999997
Hubli,KarnÄtaka,15.3108,75.0925,2025,1,0.2961,0.0555,-0.301,618,26.52,24.02,29.52,,55.0,7.5,,,,2.5
Mysore,KarnÄtaka,12.3086,76.6531,2025,1,0.0463,0.1416,-0.0929,747,27.71,25.21,30.71,,55.0,7.5,,,,2.5
Trichinopoly,Tamil NÄdu,10.8269,78.6928,2025,1,0.32,-0.0301,-0.3308,74,28.17,25.67,31.17,,55.0,7.5,,,,2.5
Moradabad,Uttar Pradesh,28.8389,78.7769,2025,1,0.1278,0.1073,-0.1346,205,22.81,20.31,25.81,,55.0,7.5,,,,2.5
Tiruppur,Tamil NÄdu,11.1075,77.3398,2025,1,0.0809,-0.0926,0.0427,305,31.88,25.208333333333332,35.5,15.6,62.428360215053765,7.9706048387096775,0.022473118279569892,11.11541,77.35456,6.5
Jamnagar,GujarÄt,22.47,70.07,2025,1,0.3,-0.0025,-0.3091,21,27.47,24.97,30.47,,55.0,7.5,,,,2.5
Gurgaon,HaryÄna,28.4667,77.0333,2025,1,0.1572,-0.0445,-0.2251,224,21.75,19.25,24.75,,55.0,7.5,,,,2.5
Aligarh,Uttar Pradesh,27.88,78.08,2025,1,0.2005,0.0285,-0.2332,190,22.95,13.301666666666666,25.8,2.9,77.90201612903226,8.30231182795699,0.043857526881720434,27.88145,78.07464,6.5
Jalandhar,Punjab,31.3256,75.5792,2025,1,0.1347,0.0174,-0.1889,242,21.05,18.55,24.05,,55.0,7.5,,,,2.5
Bhubaneshwar,Odisha,20.295,85.825,2025,1,0.1789,-0.0859,-0.2164,47,27.02,24.52,30.02,,55.0,7.5,,,,2.5
Bhayandar,MahÄrÄshtra,19.3,72.85,2025,1,0.1919,0.0974,-0.2688,9,28.94,26.44,31.94,,55.0,7.5,,,,2.5
Narela,Delhi,28.85,77.1,2025,1,0.2856,0.0251,-0.3633,212,21.15,18.65,24.15,,55.0,7.5,,,,2.5
Shishgarh,Uttar Pradesh,28.72,79.32,2025,1,0.563,-0.233,-0.5109,181,21.24,18.74,24.24,,55.0,7.5,,,,2.5
Thiruvananthapuram,Kerala,8.4875,76.9525,2025,1,-0.0155,-0.1668,0.0154,15,31.7,29.2,34.7,,55.0,7.5,,,,2.5
Dispur,Assam,26.15,91.77,2025,1,0.813,-0.2838,-0.6983,116,26.58,24.08,29.58,,55.0,7.5,,,,2.5
Durgapur,West Bengal,23.55,87.32,2025,1,0.3661,0.0082,-0.4006,90,25.3,22.8,28.3,,55.0,7.5,,,,2.5
Bhiwandi,MahÄrÄshtra,19.3,73.0667,2025,1,0.1136,-0.0342,-0.1518,25,31.16,28.66,34.16,,55.0,7.5,,,,2.5
Saharanpur,Uttar Pradesh,29.964,77.546,2025,1,0.064,0.0408,-0.1085,280,22.14,19.64,25.14,,55.0,7.5,,,,2.5
Shiliguri,West Bengal,26.72,88.42,2025,1,0.1461,0.0713,-0.1622,119,27.35,24.85,30.35,,55.0,7.5,,,,2.5
Avadi,Tamil NÄdu,13.1147,80.1098,2025,1,0.0972,-0.2226,-0.0059,32,30.47,27.97,33.47,,55.0,7.5,,,,2.5
Salem,Tamil NÄdu,11.65,78.1667,2025,1,0.0326,0.1508,-0.0752,285,32.04,29.54,35.04,,55.0,7.5,,,,2.5
Jui,UttarÄkhand,29.67,78.9098,2025,1,0.8477,-0.2017,-0.7764,890,18.3,15.8,21.3,,55.0,7.5,,,,2.5
Amaldu,UttarÄkhand,29.9333,78.5333,2025,1,0.6613,-0.0595,-0.648,1406,16.88,14.379999999999999,19.88,,55.0,7.5,,,,2.5
Kimsar,Jammu and KashmÄ«r,34.5,74.5333,2025,1,0.6676,-0.2706,-0.6448,3058,7.69,5.19,10.690000000000001,,55.0,7.5,,,,2.5
Sinduri,HimÄchal Pradesh,30.7167,77.15,2025,1,0.4024,-0.0106,-0.4624,943,18.17,15.670000000000002,21.17,,55.0,7.5,,,,2.5
Gorakhpur,Uttar Pradesh,26.7611,83.3667,2025,1,0.1671,0.048,-0.1902,84,23.69,21.19,26.69,,55.0,7.5,,,,2.5
Guntur,Andhra Pradesh,16.3,80.45,2025,1,0.103,0.0504,-0.0967,34,26.22,23.72,29.22,,55.0,7.5,,,,2.5
Karaikandi,Assam,24.8309,92.6143,2025,1,0.8571,-0.3674,-0.731,20,25.06,22.56,28.06,,55.0,7.5,,,,2.5
Mumbai,MahÄrÄshtra,19.0758,72.8775,2025,1,0.0717,0.0207,-0.133,5,29.64,23.31008064516129,33.2,14.2,64.56397849462365,10.32875,0.001411290322580645,19.07283,72.88261,6.329919354838712
Kolkata,West Bengal,22.5675,88.37,2025,1,0.0368,0.0183,-0.0923,6,22.44,18.926102150537638,30.6,9.0,71.28346774193548,7.722836021505376,0.016223118279569893,22.56263,88.36304,3.5138978494623636
Delhi,Delhi,28.66,77.23,2025,1,0.1576,0.1406,-0.2629,219,17.17,14.670000000000002,20.17,,55.0,7.5,,,,2.5
Chennai,Tamil NÄdu,13.0825,80.275,2025,1,0.0996,0.2089,-0.0908,9,27.95,24.796142473118277,30.5,17.3,74.35887096774194,11.460672043010751,0.02995967741935484,13.08784,80.27847,3.1538575268817226
Bangalore,KarnÄtaka,12.9791,77.5913,2025,1,0.3284,-0.066,-0.3393,924,22.78,20.28,25.78,,55.0,7.5,,,,2.5
Ahmedabad,GujarÄt,23.0219,72.5797,2025,1,0.2307,-0.0633,-0.23,52,24.3,21.8,27.3,,55.0,7.5,,,,2.5
Pune,MahÄrÄshtra,18.5211,73.8553,2025,1,0.2754,-0.0285,-0.3113,554,24.01,21.51,27.01,,55.0,7.5,,,,2.5
Hyderabad,TelangÄna,17.3617,78.4747,2025,1,0.1121,0.1541,-0.1517,508,25.41,21.84111559139785,33.6,10.9,59.34206989247312,8.333333333333334,0.00836021505376344,17.38405,78.45636,3.568884408602152
Surat,GujarÄt,21.205,72.84,2025,1,0.133,0.0342,-0.2369,14,26.67,22.131034946236557,35.0,11.6,55.53709677419355,11.153575268817205,0.0017069892473118278,21.19594,72.83023,4.5389650537634445
Prayagraj,Uttar Pradesh,25.45,81.85,2025,1,0.332,-0.0945,-0.3499,95,20.09,17.59,23.09,,55.0,7.5,,,,2.5
Kanpur,GujarÄt,24.285,72.6933,2025,1,0.602,-0.1486,-0.6078,335,22.81,14.61231182795699,27.4,4.1,77.39435483870967,8.008198924731182,0.0314247311827957,26.46523,80.34975,6.5
Kanpur,Uttar Pradesh,26.4725,80.3311,2025,1,0.1066,0.0297,-0.1311,132,19.75,14.61231182795699,27.4,4.1,77.39435483870967,8.008198924731182,0.0314247311827957,26.46523,80.34975,5.13768817204301
Belahi,BihÄr,25.7167,86.4,2025,1,0.2211,-0.2679,-0.158,41,20.79,18.29,23.79,,55.0,7.5,,,,2.5
Vadodara,GujarÄt,22.3,73.2,2025,1,0.2466,-0.0283,-0.2733,38,25.18,20.783776881720428,33.5,8.6,55.36854838709677,8.284059139784947,0.004986559139784946,22.29941,73.20812,4.396223118279572
Nadampalaiyam,Tamil NÄdu,11.1793,77.376,2025,1,0.114,0.0551,-0.1406,318,27.53,25.03,30.53,,55.0,7.5,,,,2.5
Lucknow,Uttar Pradesh,26.847,80.947,2025,1,0.0478,0.1265,-0.049,115,19.57,14.294059139784947,26.8,3.5,77.76411290322581,8.090174731182795,0.03786290322580645,26.83928,80.92313,5.275940860215053
Kannankulam,Kerala,10.4799,76.1131,2025,1,0.6236,-0.1497,-0.5812,13,26.03,23.53,29.03,,55.0,7.5,,,,2.5
Mahuakheraganj,UttarÄkhand,29.13,78.95,2025,1,0.1805,-0.0118,-0.2072,222,17.64,15.14,20.64,,55.0,7.5,,,,2.5
Nagla,UttarÄkhand,29.01,79.51,2025,1,0.4516,-0.0761,-0.4228,227,18.23,15.73,21.23,,55.0,7.5,,,,2.5
Jaipur,RÄjasthÄn,26.915,75.82,2025,1,0.6102,-0.1973,-0.6073,441,20.22,14.308373655913979,28.1,2.7,62.82728494623656,8.242083333333333,0.02646505376344086,26.91962,75.78781,5.91162634408602
Kottarassheri,Kerala,10.6167,76.5333,2025,1,0.4296,0.0525,-0.5055,147,26.15,23.65,29.15,,55.0,7.5,,,,2.5
Attadappa,Kerala,11.85,75.4167,2025,1,0.7684,-0.3356,-0.6934,37,27.81,25.31,30.81,,55.0,7.5,,,,2.5
Barmhan Kalan,Madhya Pradesh,23.0333,79.0167,2025,1,0.5383,-0.1618,-0.5352,337,18.9,16.4,21.9,,55.0,7.5,,,,2.5
Gorakhpur,ChhattÄ«sgarh,22.1688,81.6042,2025,1,0.2682,0.0078,-0.3114,305,21.62,19.12,24.62,,55.0,7.5,,,,2.5
Nagpur,MahÄrÄshtra,21.1497,79.0806,2025,1,0.3208,-0.1149,-0.3409,318,22.59,20.58133064516129,32.9,8.1,56.8377688172043,7.151948924731183,0.017419354838709676,21.14631,79.08491,2.008669354838709
Guwahati,Assam,26.1806,91.7502,2025,1,0.0421,0.1185,-0.1917,57,20.33,17.49366935483871,27.5,8.4,77.26733870967742,6.03396505376344,0.020026881720430108,26.1844,91.7458,2.83633064516129
Ghaziabad,Uttar Pradesh,28.6667,77.4167,2025,1,0.2124,0.0014,-0.2501,211,18.56,12.96893817204301,25.4,1.9,77.63467741935484,8.6725,0.047567204301075264,28.66535,77.43915,5.591061827956988
Coimbatore,Tamil NÄdu,11.0008,76.9633,2025,1,0.3131,-0.0332,-0.3148,417,27.54,24.230967741935483,33.6,14.8,62.895161290322584,9.489314516129033,0.02720430107526882,11.00555,76.96612,3.3090322580645157
Patna,BihÄr,25.61,85.1414,2025,1,0.1068,0.1304,-0.1606,63,20.07,15.802849462365591,26.2,7.1,77.59919354838709,8.116397849462366,0.016922043010752688,25.59408,85.13563,4.267150537634409
Rajkot,GujarÄt,22.2969,70.7984,2025,1,0.0378,0.1885,-0.0541,134,25.6,23.1,28.6,,55.0,7.5,,,,2.5
Vishakhapatnam,Andhra Pradesh,17.6939,83.2922,2025,1,0.2841,-0.0035,-0.3443,12,25.03,22.53,28.03,,55.0,7.5,,,,2.5
Indore,Madhya Pradesh,22.7186,75.855,2025,1,0.0764,0.0908,-0.1878,553,22.93,17.89548387096774,31.2,6.2,60.325537634408605,8.858575268817205,0.015376344086021506,22.71792,75.8333,5.034516129032259
Abhepur,Punjab,30.6667,76.8333,2025,1,0.2097,0.0323,-0.2586,311,17.78,15.280000000000001,20.78,,55.0,7.5,,,,2.5
Gumanwala,UttarÄkhand,29.9333,77.9,2025,1,0.0266,0.1106,-0.0987,277,16.01,13.510000000000002,19.01,,55.0,7.5,,,,2.5
Thane,MahÄrÄshtra,19.18,72.9633,2025,1,0.1873,-0.0304,-0.2496,14,27.58,23.57021505376344,35.8,11.6,59.83736559139785,7.8694758064516135,0.001532258064516129,19.19704,72.96355,4.009784946236557
Bhopal,Madhya Pradesh,23.25,77.4167,2025,1,0.1819,0.1086,-0.2265,512,21.36,17.14024193548387,31.1,6.5,64.91505376344087,8.670887096774194,0.028830645161290323,23.25469,77.40289,4.219758064516128
Agra,Uttar Pradesh,27.18,78.02,2025,1,0.3421,0.0304,-0.4483,184,17.54,13.721250000000001,26.7,3.0,77.71774193548387,7.740376344086021,0.04491935483870967,27.18333,78.01667,3.818749999999998
Peyanvilai,Tamil NÄdu,8.5674,78.1046,2025,1,0.3255,-0.0639,-0.3168,8,26.34,23.84,29.34,,55.0,7.5,,,,2.5
Pimpri-Chinchwad,MahÄrÄshtra,18.6278,73.8131,2025,1,0.6055,-0.1817,-0.5601,584,24.56,20.824341397849462,33.2,8.2,59.30846774193548,6.219892473118279,0.003306451612903226,18.61867,73.80375,3.7356586021505365
Harbatpur,UttarÄkhand,30.45,77.73,2025,1,0.1675,0.0823,-0.2339,445,14.81,12.31,17.810000000000002,,55.0,7.5,,,,2.5
Saundhonwali,UttarÄkhand,30.3331,77.9608,2025,1,0.0688,0.0369,-0.1042,612,14.67,12.17,17.67,,55.0,7.5,,,,2.5
Ludhiana,Punjab,30.9083,75.8486,2025,1,0.1972,-0.0622,-0.2118,243,16.13,11.398319892473118,22.2,1.5,82.76639784946236,7.204583333333333,0.07833333333333332,30.91204,75.85379,4.731680107526881
Meerut,Uttar Pradesh,28.98,77.7064,2025,1,0.0724,0.0833,-0.1405,228,17.35,14.850000000000001,20.35,,55.0,7.5,,,,2.5
Madurai,Tamil NÄdu,9.9197,78.1194,2025,1,0.1052,0.2738,-0.3613,141,28.11,25.47190860215054,35.2,15.1,66.73131720430108,9.643709677419354,0.034784946236559144,9.919,78.11953,2.638091397849461
Nasik,MahÄrÄshtra,20.0,73.7833,2025,1,0.1189,0.1111,-0.1863,588,22.97,20.47,25.97,,55.0,7.5,,,,2.5
Faridabad,HaryÄna,28.4167,77.3,2025,1,0.25,0.0532,-0.2841,208,17.18,13.339932795698925,25.6,2.8,75.75255376344086,8.802217741935484,0.0397983870967742,28.41124,77.31316,3.840067204301075
Madarpur,BihÄr,26.227,84.6746,2025,1,0.1186,-0.0325,-0.1317,69,18.44,15.940000000000001,21.44,,55.0,7.5,,,,2.5
Najafgarh,Delhi,28.6125,76.9847,2025,1,0.0752,0.006,-0.1135,220,16.71,14.21,19.71,,55.0,7.5,,,,2.5
Jabalpur,Madhya Pradesh,23.1667,79.9333,2025,1,0.1769,0.1785,-0.2335,399,19.44,17.15013440860215,30.9,5.1,65.45712365591397,7.502379032258064,0.023911290322580644,23.16697,79.95006,2.2898655913978523
Madanpur,UttarÄkhand,29.326,79.1537,2025,1,0.383,-0.0779,-0.4122,315,16.77,14.27,19.77,,55.0,7.5,,,,2.5
Kamalwaganja Gaur,UttarÄkhand,29.2117,79.4654,2025,1,0.2492,0.0336,-0.2583,383,18.68,16.18,21.68,,55.0,7.5,,,,2.5
Kalyan,MahÄrÄshtra,19.25,73.15,2025,1,0.2075,0.1308,-0.2625,10,25.87,23.37,28.87,,55.0,7.5,,,,2.5
Asansol,West Bengal,23.6833,86.9667,2025,1,0.1648,0.1218,-0.1845,125,19.9,17.4,22.9,,55.0,7.5,,,,2.5
Vijayawada,Andhra Pradesh,16.5167,80.6167,2025,1,0.4593,-0.1207,-0.4141,27,25.36,24.579395161290325,34.7,14.9,70.73521505376344,6.980873655913978,0.01424731182795699,16.50745,80.6466,0.7806048387096745
Vasai-Virar,MahÄrÄshtra,19.47,72.8,2025,1,0.1325,0.1773,-0.1951,0,26.68,24.18,29.68,,55.0,7.5,,,,2.5
Varanasi,Uttar Pradesh,25.3189,83.0128,2025,1,0.1707,-0.0023,-0.2723,78,18.88,15.528897849462366,27.6,5.5,76.55483870967743,7.823266129032258,0.029704301075268818,25.31668,83.01041,3.351102150537633
Kalleli,Kerala,9.2,76.8833,2025,1,0.7965,-0.1992,-0.7202,133,26.35,23.85,29.35,,55.0,7.5,,,,2.5
Srinagar,Jammu and KashmÄ«r,34.0911,74.8061,2025,1,-0.0063,-0.0935,0.0148,1595,7.27,-1.7122043010752688,14.3,-16.6,66.40900537634408,4.477352150537635,0.19651881720430106,34.08565,74.80555,6.5
Aurangabad,MahÄrÄshtra,19.88,75.32,2025,1,0.2113,0.0282,-0.2971,564,24.79,21.19081989247312,32.6,9.8,52.36438172043011,8.416451612903225,0.0035080645161290323,19.87757,75.34226,3.5991801075268803
Dhanbad,JhÄrkhand,23.7928,86.435,2025,1,0.3887,0.0257,-0.3873,245,19.14,17.05918010752688,30.5,6.0,67.77190860215053,7.728736559139786,0.01907258064516129,23.79759,86.42992,2.0808198924731194
Amritsar,Punjab,31.6269,74.877,2025,1,0.1248,-0.0391,-0.1957,234,15.91,11.167325268817203,21.6,0.7,81.14543010752688,6.424623655913978,0.07563172043010753,31.62234,74.87534,4.742674731182797
Haora,West Bengal,22.58,88.3294,2025,1,0.013,0.044,-0.0393,12,20.59,18.09,23.59,,55.0,7.5,,,,2.5
Ranchi,JhÄrkhand,23.3556,85.3347,2025,1,0.3057,0.0451,-0.3692,643,18.64,15.78606182795699,27.8,5.8,64.33212365591397,8.793723118279571,0.016209677419354838,23.34316,85.3094,2.8539381720430104
Gwalior,Madhya Pradesh,26.2125,78.1775,2025,1,0.0793,0.092,-0.1953,215,19.68,14.731962365591398,28.8,4.4,72.68924731182796,7.504677419354839,0.04174731182795699,26.22983,78.17337,4.9480376344086014
Jodhpur,RÄjasthÄn,26.2944,73.0278,2025,1,0.1747,0.0708,-0.2479,251,22.59,16.466290322580644,29.5,4.3,51.160483870967745,10.243172043010752,0.007930107526881721,26.26841,73.00594,6.123709677419356
Chandigarh,ChandÄ«garh,30.7364,76.7883,2025,1,0.2151,-0.1712,-0.1822,349,16.26,12.27198924731183,23.4,3.0,74.95833333333333,8.758077956989247,0.08446236559139784,30.73629,76.7884,3.9880107526881723
Raipur,ChhattÄ«sgarh,21.2379,81.6337,2025,1,0.0827,0.0298,-0.159,309,22.75,19.693870967741933,32.1,7.6,60.54744623655914,6.05239247311828,0.011868279569892472,21.23333,81.63333,3.0561290322580668
Warangal,TelangÄna,17.9756,79.6011,2025,1,0.1071,0.0961,-0.1704,269,24.14,21.64,27.14,,55.0,7.5,,,,2.5
Kota,RÄjasthÄn,25.18,75.83,2025,1,0.1655,0.0271,-0.189,230,21.01,16.201424731182797,30.9,4.0,65.39583333333333,6.7313575268817205,0.034408602150537634,25.18254,75.83907,4.808575268817204
Bareilly,Uttar Pradesh,28.364,79.415,2025,1,0.0528,0.0204,-0.0717,180,18.67,13.398158602150538,26.2,2.7,79.68387096774194,8.500013440860215,0.04321236559139785,28.36678,79.43167,5.271841397849464
Solapur,MahÄrÄshtra,17.6703,75.9011,2025,1,0.1951,0.0284,-0.2518,474,25.73,24.536250000000003,34.5,13.1,44.965860215053766,10.911586021505377,0.0020161290322580645,17.67152,75.91044,1.1937499999999979
Hubli,KarnÄtaka,15.3108,75.0925,2025,1,0.2713,0.0349,-0.336,618,24.35,21.85,27.35,,55.0,7.5,,,,2.5
Mysore,KarnÄtaka,12.3086,76.6531,2025,1,0.0903,0.1024,-0.1114,747,25.26,22.76,28.26,,55.0,7.5,,,,2.5
Trichinopoly,Tamil NÄdu,10.8269,78.6928,2025,1,0.2443,0.074,-0.2922,74,26.87,24.37,29.87,,55.0,7.5,,,,2.5
Moradabad,Uttar Pradesh,28.8389,78.7769,2025,1,0.1048,0.0543,-0.1118,205,17.68,15.18,20.68,,55.0,7.5,,,,2.5
Tiruppur,Tamil NÄdu,11.1075,77.3398,2025,1,0.3156,-0.0946,-0.3044,305,28.13,25.208333333333332,35.5,15.6,62.428360215053765,7.9706048387096775,0.022473118279569892,11.11541,77.35456,2.921666666666667
Jamnagar,GujarÄt,22.47,70.07,2025,1,0.2675,-0.0108,-0.2556,21,24.66,22.16,27.66,,55.0,7.5,,,,2.5
Gurgaon,HaryÄna,28.4667,77.0333,2025,1,0.0439,-0.0343,-0.0969,224,14.01,11.51,17.009999999999998,,55.0,7.5,,,,2.5
Aligarh,Uttar Pradesh,27.88,78.08,2025,1,0.2215,0.0491,-0.2693,190,18.19,13.301666666666666,25.8,2.9,77.90201612903226,8.30231182795699,0.043857526881720434,27.88145,78.07464,4.888333333333335
Jalandhar,Punjab,31.3256,75.5792,2025,1,0.0345,0.0192,-0.0542,242,15.45,12.95,18.45,,55.0,7.5,,,,2.5
Bhubaneshwar,Odisha,20.295,85.825,2025,1,0.1529,-0.1002,-0.1704,47,23.32,20.82,26.32,,55.0,7.5,,,,2.5
Bhayandar,MahÄrÄshtra,19.3,72.85,2025,1,0.1942,0.0871,-0.2847,9,27.45,24.95,30.45,,55.0,7.5,,,,2.5
Narela,Delhi,28.85,77.1,2025,1,0.281,0.0203,-0.3924,212,16.12,13.620000000000001,19.12,,55.0,7.5,,,,2.5
Shishgarh,Uttar Pradesh,28.72,79.32,2025,1,0.665,-0.3762,-0.5879,181,16.81,14.309999999999999,19.81,,55.0,7.5,,,,2.5
Thiruvananthapuram,Kerala,8.4875,76.9525,2025,1,0.1089,0.0278,-0.1509,15,31.92,29.42,34.92,,55.0,7.5,,,,2.5
Dispur,Assam,26.15,91.77,2025,1,0.7315,-0.2434,-0.6509,116,21.42,18.92,24.42,,55.0,7.5,,,,2.5
Durgapur,West Bengal,23.55,87.32,2025,1,0.2051,-0.013,-0.1887,90,20.09,17.59,23.09,,55.0,7.5,,,,2.5
Bhiwandi,MahÄrÄshtra,19.3,73.0667,2025,1,0.1019,-0.0361,-0.1739,25,28.31,25.81,31.31,,55.0,7.5,,,,2.5
Saharanpur,Uttar Pradesh,29.964,77.546,2025,1,0.0443,0.0132,-0.079,280,16.95,14.45,19.95,,55.0,7.5,,,,2.5
Shiliguri,West Bengal,26.72,88.42,2025,1,0.1669,0.0799,-0.1601,119,22.38,19.88,25.38,,55.0,7.5,,,,2.5
Avadi,Tamil NÄdu,13.1147,80.1098,2025,1,0.1282,-0.035,-0.092,32,26.99,24.49,29.99,,55.0,7.5,,,,2.5
Salem,Tamil NÄdu,11.65,78.1667,2025,1,0.0824,0.1027,-0.1747,285,28.2,25.7,31.2,,55.0,7.5,,,,2.5
Jui,UttarÄkhand,29.67,78.9098,2025,1,0.7885,-0.1702,-0.7093,890,14.88,12.38,17.880000000000003,,55.0,7.5,,,,2.5
Amaldu,UttarÄkhand,29.9333,78.5333,2025,1,0.5525,0.0055,-0.6093,1406,12.99,10.49,15.99,,55.0,7.5,,,,2.5
Kimsar,Jammu and KashmÄ«r,34.5,74.5333,2025,1,0.2841,-0.4102,-0.2829,3058,-2.17,-4.67,0.8300000000000001,,55.0,7.5,,,,2.5
Sinduri,HimÄchal Pradesh,30.7167,77.15,2025,1,0.3096,0.0403,-0.403,943,14.89,12.39,17.89,,55.0,7.5,,,,2.5
Gorakhpur,Uttar Pradesh,26.7611,83.3667,2025,1,0.1634,-0.0058,-0.2046,84,20.26,17.76,23.26,,55.0,7.5,,,,2.5
Guntur,Andhra Pradesh,16.3,80.45,2025,1,0.1503,0.0288,-0.1555,34,27.26,24.76,30.26,,55.0,7.5,,,,2.5
Karaikandi,Assam,24.8309,92.6143,2025,1,0.7778,-0.2929,-0.6848,20,21.41,18.91,24.41,,55.0,7.5,,,,2.5
