time,temperature_2m_urban,relative_humidity_2m_urban,wind_speed_10m_urban,cloud_cover_urban,shortwave_radiation_urban,surface_pressure_urban,precipitation_urban,temperature_2m_rural,relative_humidity_2m_rural,wind_speed_10m_rural,cloud_cover_rural,shortwave_radiation_rural,surface_pressure_rural,precipitation_rural,uhi_intensity,hour,month,is_daytime
2023-01-01 00:00:00,24.5,85,5.6,0,0.0,1014.7,0.0,23.1,91,2.6,0,0.0,1010.2,0.0,1.3999999999999986,0,1,0
2023-01-01 01:00:00,23.9,89,4.5,0,0.0,1014.1,0.0,22.6,94,1.5,3,0.0,1009.5,0.0,1.2999999999999972,1,1,0
2023-01-01 02:00:00,22.8,96,2.5,2,0.0,1013.5,0.0,20.8,98,1.6,26,0.0,1008.9,0.0,2.0,2,1,0
2023-01-01 03:00:00,21.9,98,1.8,100,0.0,1013.1,0.0,20.5,100,2.3,100,0.0,1008.6,0.0,1.3999999999999986,3,1,0
2023-01-01 04:00:00,21.4,97,2.9,100,0.0,1013.2,0.0,20.2,100,5.4,100,0.0,1008.7,0.0,1.1999999999999993,4,1,0
2023-01-01 05:00:00,21.3,95,4.0,100,0.0,1013.9,0.0,20.6,100,5.9,100,0.0,1009.4,0.0,0.6999999999999993,5,1,0
2023-01-01 06:00:00,21.6,94,5.1,99,0.0,1014.7,0.0,21.3,99,4.9,100,0.0,1010.2,0.0,0.3000000000000007,6,1,1
2023-01-01 07:00:00,22.1,96,7.7,100,40.0,1015.6,0.0,22.1,98,6.0,100,26.0,1011.0,0.0,0.0,7,1,1
2023-01-01 08:00:00,23.0,94,6.6,58,157.0,1016.5,0.0,23.1,96,5.8,100,137.0,1011.9,0.0,-0.10000000000000142,8,1,1
2023-01-01 09:00:00,25.0,84,3.6,70,295.0,1016.9,0.0,25.8,81,2.3,33,361.0,1012.4,0.1,-0.8000000000000007,9,1,1
2023-01-01 10:00:00,26.5,77,1.6,81,532.0,1016.4,0.0,27.2,73,1.6,26,549.0,1011.8,0.0,-0.6999999999999993,10,1,1
2023-01-01 11:00:00,27.7,71,0.4,13,761.0,1015.8,0.0,28.4,65,2.1,32,741.0,1011.2,0.0,-0.6999999999999993,11,1,1
2023-01-01 12:00:00,28.2,67,2.9,82,816.0,1014.8,0.0,29.1,61,3.8,81,796.0,1010.2,0.0,-0.9000000000000021,12,1,1
2023-01-01 13:00:00,28.6,64,5.1,94,798.0,1013.5,0.0,29.5,59,5.4,91,791.0,1008.9,0.0,-0.8999999999999986,13,1,1
2023-01-01 14:00:00,28.5,65,6.9,94,706.0,1012.3,0.0,29.5,58,7.3,79,705.0,1007.8,0.0,-1.0,14,1,1
2023-01-01 15:00:00,27.8,69,10.5,86,550.0,1011.9,0.0,28.8,62,9.7,81,552.0,1007.4,0.0,-1.0,15,1,1
2023-01-01 16:00:00,26.5,74,13.0,70,347.0,1012.2,0.0,27.3,68,11.9,83,352.0,1007.6,0.0,-0.8000000000000007,16,1,1
2023-01-01 17:00:00,25.8,77,11.2,88,132.0,1013.0,0.0,25.7,74,10.1,85,135.0,1008.4,0.0,0.10000000000000142,17,1,1
2023-01-01 18:00:00,24.9,82,8.9,77,6.0,1013.5,0.0,24.3,82,8.4,91,6.0,1009.0,0.0,0.5999999999999979,18,1,1
2023-01-01 19:00:00,24.5,84,7.4,50,0.0,1014.5,0.0,23.5,87,6.8,90,0.0,1009.9,0.0,1.0,19,1,0
2023-01-01 20:00:00,24.1,86,6.3,36,0.0,1015.2,0.0,22.5,92,7.4,10,0.0,1010.6,0.0,1.6000000000000014,20,1,0
2023-01-01 21:00:00,23.7,87,6.2,63,0.0,1015.5,0.0,22.0,92,10.2,52,0.0,1010.9,0.0,1.6999999999999993,21,1,0
2023-01-01 22:00:00,23.1,89,7.2,80,0.0,1015.6,0.0,21.9,92,9.2,24,0.0,1011.0,0.0,1.2000000000000028,22,1,0
2023-01-01 23:00:00,22.6,90,8.7,38,0.0,1015.1,0.0,21.5,93,8.8,70,0.0,1010.6,0.0,1.1000000000000014,23,1,0
2023-01-02 00:00:00,22.5,89,8.1,30,0.0,1014.6,0.0,21.9,92,7.4,27,0.0,1010.1,0.0,0.6000000000000014,0,1,0
2023-01-02 01:00:00,22.2,91,8.4,47,0.0,1013.9,0.0,22.6,90,6.6,7,0.0,1009.4,0.0,-0.40000000000000213,1,1,0
2023-01-02 02:00:00,22.1,93,7.6,7,0.0,1013.2,0.0,21.8,91,8.3,2,0.0,1008.7,0.0,0.3000000000000007,2,1,0
2023-01-02 03:00:00,22.1,93,7.0,14,0.0,1012.9,0.0,21.8,91,9.0,0,0.0,1008.4,0.0,0.3000000000000007,3,1,0
2023-01-02 04:00:00,21.8,94,8.3,17,0.0,1012.8,0.0,21.9,90,8.5,3,0.0,1008.3,0.0,-0.09999999999999787,4,1,0
2023-01-02 05:00:00,23.5,89,4.7,10,0.0,1013.7,0.0,22.9,90,5.8,13,0.0,1009.2,0.0,0.6000000000000014,5,1,0
2023-01-02 06:00:00,23.2,89,6.2,9,0.0,1014.3,0.0,22.9,90,5.2,23,0.0,1009.8,0.0,0.3000000000000007,6,1,1
2023-01-02 07:00:00,24.6,83,3.1,13,45.0,1015.2,0.0,23.8,89,3.5,28,49.0,1010.7,0.0,0.8000000000000007,7,1,1
2023-01-02 08:00:00,25.7,80,2.6,41,210.0,1016.1,0.0,25.4,83,2.9,52,210.0,1011.6,0.0,0.3000000000000007,8,1,1
2023-01-02 09:00:00,27.1,68,8.0,57,439.0,1016.5,0.1,27.0,71,7.3,66,418.0,1012.0,0.2,0.10000000000000142,9,1,1
2023-01-02 10:00:00,27.6,67,9.6,10,584.0,1016.4,0.0,28.0,63,9.0,50,587.0,1011.8,0.0,-0.3999999999999986,10,1,1
2023-01-02 11:00:00,28.0,65,9.3,10,745.0,1015.3,0.0,28.7,58,9.8,24,757.0,1010.8,0.0,-0.6999999999999993,11,1,1
2023-01-02 12:00:00,28.2,64,9.4,15,815.0,1014.3,0.0,29.0,58,10.2,19,817.0,1009.8,0.0,-0.8000000000000007,12,1,1
2023-01-02 13:00:00,28.2,64,9.3,13,794.0,1013.3,0.0,29.0,58,10.2,22,800.0,1008.8,0.0,-0.8000000000000007,13,1,1
2023-01-02 14:00:00,27.9,66,8.8,21,701.0,1012.6,0.0,28.7,59,9.5,27,708.0,1008.1,0.0,-0.8000000000000007,14,1,1
2023-01-02 15:00:00,27.6,66,8.6,14,547.0,1012.2,0.0,28.2,61,9.0,34,553.0,1007.6,0.0,-0.5999999999999979,15,1,1
2023-01-02 16:00:00,27.0,68,9.3,64,342.0,1012.4,0.0,27.3,65,9.1,57,350.0,1007.7,0.0,-0.3000000000000007,16,1,1
2023-01-02 17:00:00,26.3,73,8.8,92,129.0,1013.0,0.0,26.2,74,7.2,100,134.0,1008.4,0.0,0.10000000000000142,17,1,1
2023-01-02 18:00:00,25.5,75,8.2,8,5.0,1014.0,0.0,24.5,81,5.8,7,6.0,1009.5,0.0,1.0,18,1,1
2023-01-02 19:00:00,25.2,76,8.1,14,0.0,1015.0,0.0,23.9,83,6.0,35,0.0,1010.5,0.0,1.3000000000000007,19,1,0
2023-01-02 20:00:00,24.9,78,7.1,45,0.0,1015.7,0.0,23.3,86,6.9,96,0.0,1011.1,0.0,1.5999999999999979,20,1,0
2023-01-02 21:00:00,24.4,80,6.0,97,0.0,1016.1,0.0,22.9,88,8.1,95,0.0,1011.5,0.0,1.5,21,1,0
2023-01-02 22:00:00,23.5,85,7.7,34,0.0,1016.0,0.0,22.6,89,8.6,7,0.0,1011.4,0.0,0.8999999999999986,22,1,0
2023-01-02 23:00:00,23.1,86,8.7,7,0.0,1015.3,0.0,22.9,87,7.1,18,0.0,1010.8,0.0,0.20000000000000284,23,1,0
2023-01-03 00:00:00,22.8,87,8.8,5,0.0,1014.9,0.0,22.6,88,7.8,6,0.0,1010.4,0.0,0.1999999999999993,0,1,0
2023-01-03 01:00:00,23.0,85,7.8,14,0.0,1014.5,0.0,23.3,84,6.8,6,0.0,1010.0,0.0,-0.3000000000000007,1,1,0
2023-01-03 02:00:00,22.9,85,6.9,22,0.0,1013.9,0.0,23.7,82,5.2,25,0.0,1009.4,0.0,-0.8000000000000007,2,1,0
2023-01-03 03:00:00,22.5,88,6.3,37,0.0,1013.8,0.0,21.6,91,4.8,41,0.0,1009.2,0.0,0.8999999999999986,3,1,0
2023-01-03 04:00:00,22.0,92,6.3,36,0.0,1013.9,0.0,21.9,94,5.9,26,0.0,1009.3,0.0,0.10000000000000142,4,1,0
2023-01-03 05:00:00,22.6,92,6.4,41,0.0,1014.2,0.0,21.5,97,10.0,31,0.0,1009.5,0.0,1.1000000000000014,5,1,0
2023-01-03 06:00:00,22.5,93,4.6,28,0.0,1014.7,0.0,21.8,94,5.8,49,0.0,1010.3,0.1,0.6999999999999993,6,1,1
2023-01-03 07:00:00,23.4,92,6.4,51,50.0,1015.7,0.0,22.8,92,7.3,23,47.0,1011.1,0.0,0.5999999999999979,7,1,1
2023-01-03 08:00:00,25.0,85,5.2,13,223.0,1016.6,0.0,24.7,83,4.9,16,222.0,1012.1,0.0,0.3000000000000007,8,1,1
2023-01-03 09:00:00,26.6,72,7.5,40,431.0,1016.9,0.1,26.5,72,5.6,33,418.0,1012.3,0.2,0.10000000000000142,9,1,1
2023-01-03 10:00:00,27.6,62,13.5,14,581.0,1016.6,0.1,26.9,69,12.3,31,536.0,1012.1,0.5,0.7000000000000028,10,1,1
2023-01-03 11:00:00,27.8,61,15.5,18,666.0,1015.8,0.0,27.8,65,13.9,25,670.0,1011.3,0.1,0.0,11,1,1
2023-01-03 12:00:00,27.8,62,16.7,16,780.0,1014.6,0.1,28.1,61,16.2,21,755.0,1010.0,0.0,-0.3000000000000007,12,1,1
2023-01-03 13:00:00,27.6,62,17.7,15,748.0,1013.6,0.0,28.0,61,16.6,13,744.0,1008.9,0.0,-0.3999999999999986,13,1,1
2023-01-03 14:00:00,27.4,63,17.7,27,645.0,1012.7,0.0,27.8,62,16.6,16,678.0,1008.1,0.0,-0.40000000000000213,14,1,1
2023-01-03 15:00:00,27.0,64,16.9,39,525.0,1012.4,0.0,27.1,64,16.1,30,513.0,1007.8,0.0,-0.10000000000000142,15,1,1
2023-01-03 16:00:00,26.5,66,15.7,16,322.0,1012.5,0.0,26.4,67,15.5,6,323.0,1008.0,0.0,0.10000000000000142,16,1,1
2023-01-03 17:00:00,26.0,72,12.6,9,127.0,1012.7,0.0,25.9,71,11.3,5,126.0,1008.1,0.0,0.10000000000000142,17,1,1
2023-01-03 18:00:00,25.4,74,11.4,9,6.0,1013.4,0.0,24.9,76,8.6,2,6.0,1008.8,0.0,0.5,18,1,1
2023-01-03 19:00:00,25.2,75,10.9,10,0.0,1014.3,0.0,24.1,80,6.9,13,0.0,1009.8,0.0,1.0999999999999979,19,1,0
2023-01-03 20:00:00,25.1,75,11.1,12,0.0,1015.1,0.0,23.7,82,6.6,12,0.0,1010.5,0.0,1.4000000000000021,20,1,0
2023-01-03 21:00:00,24.9,75,10.7,12,0.0,1015.5,0.0,23.4,83,6.5,13,0.0,1010.9,0.0,1.5,21,1,0
2023-01-03 22:00:00,24.8,75,10.0,17,0.0,1015.4,0.0,22.8,86,6.6,26,0.0,1010.9,0.1,2.0,22,1,0
2023-01-03 23:00:00,24.7,76,9.3,12,0.0,1015.1,0.0,22.5,88,7.9,21,0.0,1010.6,0.1,2.1999999999999993,23,1,0
2023-01-04 00:00:00,24.4,77,8.2,13,0.0,1014.8,0.0,22.1,90,8.3,13,0.0,1010.3,0.0,2.299999999999997,0,1,0
2023-01-04 01:00:00,24.0,79,6.9,16,0.0,1014.3,0.0,21.7,91,7.7,16,0.0,1009.8,0.0,2.3000000000000007,1,1,0
2023-01-04 02:00:00,23.7,79,6.2,14,0.0,1013.6,0.0,21.3,93,6.4,16,0.0,1009.1,0.0,2.3999999999999986,2,1,0
2023-01-04 03:00:00,22.3,86,8.1,12,0.0,1013.4,0.0,21.3,94,4.6,18,0.0,1008.9,0.0,1.0,3,1,0
2023-01-04 04:00:00,22.0,88,6.6,18,0.0,1013.4,0.0,21.2,95,5.9,26,0.0,1008.9,0.0,0.8000000000000007,4,1,0
2023-01-04 05:00:00,22.5,91,5.5,18,0.0,1013.7,0.0,21.9,95,7.9,19,0.0,1009.2,0.0,0.6000000000000014,5,1,0
2023-01-04 06:00:00,23.0,92,3.3,42,0.0,1014.0,0.3,22.0,96,5.3,36,0.0,1009.5,0.0,1.0,6,1,1
2023-01-04 07:00:00,23.9,88,5.4,45,47.0,1015.0,0.1,22.9,92,5.6,41,46.0,1010.4,0.0,1.0,7,1,1
2023-01-04 08:00:00,25.6,78,7.1,30,198.0,1015.6,0.0,24.4,84,6.2,35,188.0,1011.3,0.1,1.2000000000000028,8,1,1
2023-01-04 09:00:00,26.7,68,13.4,27,402.0,1016.0,0.2,26.0,73,8.7,37,366.0,1011.6,0.1,0.6999999999999993,9,1,1
2023-01-04 10:00:00,27.1,66,15.9,43,553.0,1015.7,0.3,27.2,64,13.7,34,529.0,1011.1,0.1,-0.09999999999999787,10,1,1
2023-01-04 11:00:00,27.2,67,16.1,67,696.0,1014.8,0.5,27.8,61,15.6,68,677.0,1010.2,0.0,-0.6000000000000014,11,1,1
2023-01-04 12:00:00,27.4,66,16.3,37,767.0,1013.7,0.4,28.0,61,16.1,70,705.0,1009.0,0.1,-0.6000000000000014,12,1,1
2023-01-04 13:00:00,27.6,64,16.7,16,725.0,1012.7,0.1,28.0,61,16.1,28,695.0,1008.2,0.1,-0.3999999999999986,13,1,1
2023-01-04 14:00:00,27.5,63,16.3,19,605.0,1011.6,0.0,27.8,62,16.2,45,656.0,1007.1,0.0,-0.3000000000000007,14,1,1
2023-01-04 15:00:00,27.3,64,16.3,53,511.0,1011.4,0.0,27.4,64,15.8,44,522.0,1006.8,0.0,-0.09999999999999787,15,1,1
2023-01-04 16:00:00,26.9,64,16.1,73,331.0,1011.6,0.0,26.8,66,15.3,99,330.0,1007.0,0.0,0.09999999999999787,16,1,1
2023-01-04 17:00:00,26.2,70,13.9,49,130.0,1011.6,0.0,25.9,72,12.4,49,127.0,1007.1,0.0,0.3000000000000007,17,1,1
2023-01-04 18:00:00,26.0,68,12.6,32,6.0,1012.2,0.0,25.2,74,9.2,67,7.0,1007.8,0.0,0.8000000000000007,18,1,1
2023-01-04 19:00:00,25.9,67,13.4,69,0.0,1013.0,0.0,24.6,74,7.1,54,0.0,1008.5,0.0,1.2999999999999972,19,1,0
2023-01-04 20:00:00,25.8,68,12.8,28,0.0,1013.6,0.0,24.4,73,7.9,86,0.0,1009.1,0.0,1.4000000000000021,20,1,0
2023-01-04 21:00:00,25.5,70,13.6,10,0.0,1014.0,0.0,24.2,75,7.9,13,0.0,1009.5,0.0,1.3000000000000007,21,1,0
2023-01-04 22:00:00,25.5,71,14.5,39,0.0,1014.1,0.0,23.8,77,7.6,36,0.0,1009.7,0.0,1.6999999999999993,22,1,0
2023-01-04 23:00:00,25.4,72,15.3,4,0.0,1013.8,0.0,23.6,79,7.6,30,0.0,1009.3,0.0,1.7999999999999972,23,1,0
2023-01-05 00:00:00,25.3,73,17.5,8,0.0,1013.5,0.0,24.0,79,9.5,14,0.0,1009.1,0.0,1.3000000000000007,0,1,0
2023-01-05 01:00:00,25.4,71,18.1,18,0.0,1013.0,0.0,24.0,78,10.5,20,0.0,1008.6,0.0,1.3999999999999986,1,1,0
2023-01-05 02:00:00,25.3,69,16.7,19,0.0,1012.4,0.0,24.1,78,11.1,11,0.0,1008.0,0.0,1.1999999999999993,2,1,0
2023-01-05 03:00:00,25.4,68,16.4,14,0.0,1012.0,0.0,23.9,78,10.5,17,0.0,1007.6,0.0,1.5,3,1,0
2023-01-05 04:00:00,25.3,70,16.2,12,0.0,1012.0,0.0,24.0,77,10.8,21,0.0,1007.6,0.0,1.3000000000000007,4,1,0
2023-01-05 05:00:00,25.3,72,18.0,12,0.0,1012.4,0.0,23.4,80,7.4,31,0.0,1007.9,0.0,1.9000000000000021,5,1,0
2023-01-05 06:00:00,25.6,68,17.3,15,0.0,1013.1,0.0,24.3,76,9.3,18,0.0,1008.6,0.3,1.3000000000000007,6,1,1
2023-01-05 07:00:00,26.0,69,18.3,18,50.0,1013.9,0.0,25.2,72,11.5,20,48.0,1009.4,0.0,0.8000000000000007,7,1,1
2023-01-05 08:00:00,27.0,65,20.2,11,230.0,1014.9,0.0,26.8,65,18.0,18,223.0,1010.4,0.0,0.1999999999999993,8,1,1
2023-01-05 09:00:00,27.7,61,21.9,16,430.0,1015.6,0.0,27.5,62,20.3,10,395.0,1011.0,0.0,0.1999999999999993,9,1,1
2023-01-05 10:00:00,28.1,60,22.2,16,605.0,1015.7,0.0,28.2,60,20.5,20,582.0,1011.1,0.0,-0.09999999999999787,10,1,1
2023-01-05 11:00:00,28.4,59,21.7,13,722.0,1015.3,0.0,28.7,57,20.8,18,722.0,1010.7,0.0,-0.3000000000000007,11,1,1
2023-01-05 12:00:00,28.5,59,20.8,17,760.0,1014.2,0.0,28.9,56,20.3,37,742.0,1009.7,0.0,-0.3999999999999986,12,1,1
2023-01-05 13:00:00,28.5,60,20.8,43,763.0,1013.3,0.0,28.9,55,19.7,85,747.0,1008.8,0.0,-0.3999999999999986,13,1,1
2023-01-05 14:00:00,28.2,62,20.6,97,692.0,1012.5,0.0,28.6,57,20.0,98,689.0,1007.9,0.0,-0.40000000000000213,14,1,1
2023-01-05 15:00:00,27.7,65,19.7,95,543.0,1012.1,0.0,27.9,61,18.5,91,527.0,1007.6,0.0,-0.1999999999999993,15,1,1
2023-01-05 16:00:00,27.1,67,19.4,92,349.0,1012.4,0.0,27.2,64,18.2,24,338.0,1007.8,0.0,-0.09999999999999787,16,1,1
2023-01-05 17:00:00,26.7,71,16.9,10,132.0,1012.9,0.0,26.7,70,12.8,4,138.0,1008.3,0.0,0.0,17,1,1
2023-01-05 18:00:00,26.1,74,16.8,29,6.0,1013.4,0.0,25.7,75,13.0,10,7.0,1008.9,0.0,0.40000000000000213,18,1,1
2023-01-05 19:00:00,25.9,75,16.8,26,0.0,1014.5,0.0,25.2,78,12.1,12,0.0,1009.9,0.0,0.6999999999999993,19,1,0
2023-01-05 20:00:00,25.6,77,16.4,10,0.0,1015.2,0.0,24.9,79,11.7,20,0.0,1010.6,0.0,0.7000000000000028,20,1,0
2023-01-05 21:00:00,25.3,79,15.4,15,0.0,1015.5,0.0,24.7,81,11.8,24,0.0,1011.0,0.0,0.6000000000000014,21,1,0
2023-01-05 22:00:00,25.2,79,15.3,17,0.0,1015.5,0.0,24.4,83,11.7,27,0.0,1010.9,0.0,0.8000000000000007,22,1,0
2023-01-05 23:00:00,25.0,80,14.6,18,0.0,1015.2,0.0,24.2,84,10.6,25,0.0,1010.7,0.0,0.8000000000000007,23,1,0
2023-01-06 00:00:00,24.8,81,15.4,22,0.0,1014.7,0.0,23.8,86,9.8,30,0.0,1010.1,0.0,1.0,0,1,0
2023-01-06 01:00:00,24.7,80,16.5,32,0.0,1014.2,0.0,23.7,86,10.8,36,0.0,1009.6,0.0,1.0,1,1,0
2023-01-06 02:00:00,24.4,79,14.8,17,0.0,1013.4,0.0,23.7,85,11.0,22,0.0,1008.9,0.0,0.6999999999999993,2,1,0
2023-01-06 03:00:00,24.4,78,15.9,37,0.0,1013.2,0.0,23.3,86,9.4,27,0.0,1008.7,0.0,1.0999999999999979,3,1,0
2023-01-06 04:00:00,24.5,74,15.1,65,0.0,1013.2,0.0,23.1,86,9.5,30,0.0,1008.6,0.0,1.3999999999999986,4,1,0
2023-01-06 05:00:00,24.4,77,13.2,34,0.0,1013.8,0.0,22.9,86,7.6,46,0.0,1009.2,0.0,1.5,5,1,0
2023-01-06 06:00:00,25.0,74,14.9,90,0.0,1014.6,0.0,23.4,84,7.9,55,0.0,1010.1,0.0,1.6000000000000014,6,1,1
2023-01-06 07:00:00,25.8,71,16.6,58,37.0,1015.6,0.0,24.6,79,10.8,83,39.0,1011.0,0.0,1.1999999999999993,7,1,1
2023-01-06 08:00:00,26.7,67,20.9,84,179.0,1016.7,0.0,26.8,67,16.6,26,221.0,1012.1,0.0,-0.10000000000000142,8,1,1
2023-01-06 09:00:00,27.3,64,22.5,25,425.0,1017.5,0.0,27.7,62,21.2,17,422.0,1012.8,0.0,-0.3999999999999986,9,1,1
2023-01-06 10:00:00,27.8,62,23.7,27,589.0,1017.2,0.0,28.2,60,22.5,52,592.0,1012.5,0.0,-0.3999999999999986,10,1,1
2023-01-06 11:00:00,28.1,61,24.5,43,710.0,1016.8,0.0,28.6,59,23.2,98,719.0,1012.1,0.0,-0.5,11,1,1
2023-01-06 12:00:00,28.1,62,24.2,95,767.0,1015.7,0.0,28.6,58,23.2,56,758.0,1011.0,0.0,-0.5,12,1,1
2023-01-06 13:00:00,28.1,61,23.7,84,737.0,1014.7,0.0,28.4,59,22.5,14,736.0,1010.1,0.0,-0.29999999999999716,13,1,1
2023-01-06 14:00:00,27.8,61,22.9,61,680.0,1013.7,0.0,28.2,60,22.2,24,654.0,1009.1,0.0,-0.3999999999999986,14,1,1
2023-01-06 15:00:00,27.4,63,21.2,80,523.0,1013.4,0.0,27.8,61,20.9,83,531.0,1008.7,0.0,-0.40000000000000213,15,1,1
2023-01-06 16:00:00,26.7,64,19.4,83,345.0,1013.4,0.0,27.0,63,19.6,74,341.0,1008.8,0.0,-0.3000000000000007,16,1,1
2023-01-06 17:00:00,26.0,72,17.8,78,129.0,1013.8,0.0,25.8,74,16.3,99,127.0,1009.2,0.0,0.1999999999999993,17,1,1
2023-01-06 18:00:00,25.5,74,16.6,85,7.0,1014.2,0.0,25.2,75,13.3,31,7.0,1009.6,0.0,0.3000000000000007,18,1,1
2023-01-06 19:00:00,25.4,74,16.1,29,0.0,1015.2,0.0,24.8,77,12.0,23,0.0,1010.7,0.0,0.5999999999999979,19,1,0
2023-01-06 20:00:00,25.4,75,15.6,20,0.0,1016.0,0.0,24.7,78,10.3,22,0.0,1011.4,0.0,0.6999999999999993,20,1,0
2023-01-06 21:00:00,25.2,75,14.8,23,0.0,1016.3,0.0,24.4,79,9.0,34,0.0,1011.8,0.0,0.8000000000000007,21,1,0
2023-01-06 22:00:00,25.0,76,14.3,33,0.0,1016.2,0.0,24.2,80,8.9,28,0.0,1011.6,0.0,0.8000000000000007,22,1,0
2023-01-06 23:00:00,24.9,76,14.3,14,0.0,1015.6,0.0,23.9,82,9.1,22,0.0,1011.0,0.0,1.0,23,1,0
2023-01-07 00:00:00,24.7,77,13.8,30,0.0,1015.0,0.0,23.6,83,8.8,16,0.0,1010.5,0.0,1.0999999999999979,0,1,0
2023-01-07 01:00:00,24.7,76,14.0,31,0.0,1014.4,0.0,23.3,84,8.3,47,0.0,1009.9,0.0,1.3999999999999986,1,1,0
2023-01-07 02:00:00,24.8,75,14.8,39,0.0,1013.6,0.0,23.3,84,7.6,62,0.0,1009.1,0.0,1.5,2,1,0
2023-01-07 03:00:00,24.8,75,14.8,26,0.0,1013.2,0.0,23.2,84,7.2,41,0.0,1008.7,0.0,1.6000000000000014,3,1,0
2023-01-07 04:00:00,24.6,76,14.8,15,0.0,1012.9,0.0,23.1,84,7.0,41,0.0,1008.4,0.1,1.5,4,1,0
2023-01-07 05:00:00,24.2,83,13.3,15,0.0,1013.7,0.0,22.8,91,6.5,25,0.0,1009.1,0.0,1.3999999999999986,5,1,0
2023-01-07 06:00:00,24.6,79,14.1,18,0.0,1014.3,0.0,22.9,91,6.8,28,0.0,1009.6,0.1,1.7000000000000028,6,1,1
2023-01-07 07:00:00,25.2,75,14.1,12,48.0,1015.0,0.0,23.7,89,10.2,22,46.0,1010.5,0.1,1.5,7,1,1
2023-01-07 08:00:00,26.6,66,17.2,10,227.0,1015.7,0.0,25.3,83,10.9,28,225.0,1011.2,0.0,1.3000000000000007,8,1,1
2023-01-07 09:00:00,27.4,64,18.3,5,429.0,1016.1,0.0,27.1,68,16.4,15,425.0,1011.6,0.1,0.29999999999999716,9,1,1
2023-01-07 10:00:00,27.8,62,19.6,23,609.0,1016.2,0.0,28.3,59,18.1,13,597.0,1011.5,0.0,-0.5,10,1,1
2023-01-07 11:00:00,28.0,62,20.9,22,730.0,1015.8,0.0,28.5,58,19.4,16,720.0,1011.1,0.0,-0.5,11,1,1
2023-01-07 12:00:00,28.0,62,21.6,28,770.0,1014.8,0.1,28.5,59,20.2,19,763.0,1010.2,0.0,-0.5,12,1,1
2023-01-07 13:00:00,27.9,62,21.4,15,713.0,1013.6,0.0,28.4,60,19.9,20,742.0,1009.1,0.0,-0.5,13,1,1
2023-01-07 14:00:00,27.4,64,21.9,24,623.0,1012.7,0.1,28.0,61,19.6,14,635.0,1008.2,0.0,-0.6000000000000014,14,1,1
2023-01-07 15:00:00,26.4,69,22.3,21,477.0,1012.3,0.1,27.5,62,19.4,18,520.0,1007.6,0.0,-1.1000000000000014,15,1,1
2023-01-07 16:00:00,25.8,72,19.5,6,312.0,1012.4,0.0,26.5,67,19.1,22,327.0,1007.8,0.0,-0.6999999999999993,16,1,1
2023-01-07 17:00:00,25.2,77,17.6,8,128.0,1012.7,0.0,26.1,69,13.0,17,127.0,1008.0,0.0,-0.9000000000000021,17,1,1
2023-01-07 18:00:00,24.8,78,13.4,46,7.0,1013.4,0.0,24.9,76,12.7,17,8.0,1008.8,0.0,-0.09999999999999787,18,1,1
2023-01-07 19:00:00,24.7,78,11.8,32,0.0,1014.3,0.0,24.2,81,10.3,32,0.0,1009.8,0.0,0.5,19,1,0
2023-01-07 20:00:00,24.5,81,10.9,21,0.0,1015.2,0.0,23.8,83,8.0,40,0.0,1010.7,0.0,0.6999999999999993,20,1,0
2023-01-07 21:00:00,24.4,82,9.8,17,0.0,1015.4,0.0,23.4,86,6.7,19,0.0,1010.9,0.0,1.0,21,1,0
2023-01-07 22:00:00,24.0,83,9.3,49,0.0,1015.4,0.5,22.8,89,6.3,22,0.0,1010.9,0.0,1.1999999999999993,22,1,0
2023-01-07 23:00:00,23.7,86,7.9,18,0.0,1014.8,0.1,22.6,91,7.0,31,0.0,1010.3,0.0,1.0999999999999979,23,1,0
2023-01-08 00:00:00,23.3,89,6.0,10,0.0,1013.9,0.0,22.4,92,4.9,20,0.0,1009.4,0.0,0.9000000000000021,0,1,0
2023-01-08 01:00:00,22.5,92,5.2,10,0.0,1013.2,0.0,21.6,96,4.5,10,0.0,1008.7,0.0,0.8999999999999986,1,1,0
2023-01-08 02:00:00,22.3,92,5.4,11,0.0,1012.6,0.0,21.5,96,5.2,14,0.0,1008.0,0.0,0.8000000000000007,2,1,0
2023-01-08 03:00:00,22.3,91,5.9,18,0.0,1012.1,0.0,21.3,96,5.6,13,0.0,1007.5,0.0,1.0,3,1,0
2023-01-08 04:00:00,22.2,92,6.2,13,0.0,1012.1,0.0,21.2,96,6.1,17,0.0,1007.5,0.0,1.0,4,1,0
2023-01-08 05:00:00,22.9,87,9.0,34,0.0,1012.9,0.1,21.5,96,5.2,16,0.0,1008.3,0.0,1.3999999999999986,5,1,0
2023-01-08 06:00:00,23.1,87,8.8,26,0.0,1013.5,0.1,21.7,96,6.7,24,0.0,1008.9,0.0,1.4000000000000021,6,1,1
2023-01-08 07:00:00,23.6,87,11.2,28,45.0,1014.2,0.1,22.6,93,6.6,27,45.0,1009.7,0.0,1.0,7,1,1
2023-01-08 08:00:00,24.7,81,12.7,45,223.0,1015.1,0.3,24.0,86,8.3,23,193.0,1010.7,0.0,0.6999999999999993,8,1,1
2023-01-08 09:00:00,25.6,75,15.9,39,420.0,1015.6,0.3,25.4,78,12.7,29,404.0,1011.1,0.1,0.20000000000000284,9,1,1
2023-01-08 10:00:00,26.5,70,17.5,47,576.0,1015.4,0.3,26.2,71,16.0,48,537.0,1010.9,0.1,0.3000000000000007,10,1,1
2023-01-08 11:00:00,27.2,65,18.4,35,661.0,1014.8,0.1,26.8,67,16.6,47,572.0,1010.3,0.1,0.3999999999999986,11,1,1
2023-01-08 12:00:00,27.2,63,19.5,78,651.0,1013.7,0.1,27.1,64,17.1,49,584.0,1009.2,0.1,0.09999999999999787,12,1,1
2023-01-08 13:00:00,27.2,63,20.7,27,639.0,1012.8,0.0,26.8,66,16.3,32,542.0,1008.3,0.5,0.3999999999999986,13,1,1
2023-01-08 14:00:00,27.1,63,20.2,47,585.0,1012.0,0.0,26.5,68,16.9,30,515.0,1007.5,0.4,0.6000000000000014,14,1,1
2023-01-08 15:00:00,26.7,63,19.4,100,446.0,1011.8,0.0,26.6,65,16.6,52,391.0,1007.2,0.2,0.09999999999999787,15,1,1
2023-01-08 16:00:00,26.1,60,18.5,86,256.0,1012.0,0.0,26.0,64,17.3,60,221.0,1007.3,0.0,0.10000000000000142,16,1,1
2023-01-08 17:00:00,25.6,64,16.7,2,108.0,1012.2,0.0,25.4,68,14.5,92,79.0,1007.6,0.0,0.20000000000000284,17,1,1
2023-01-08 18:00:00,24.8,65,13.9,5,8.0,1012.7,0.0,24.6,68,12.3,0,8.0,1008.2,0.0,0.1999999999999993,18,1,1
2023-01-08 19:00:00,24.7,65,13.6,15,0.0,1013.8,0.0,23.8,70,10.1,1,0.0,1009.2,0.0,0.8999999999999986,19,1,0
2023-01-08 20:00:00,24.4,67,13.3,9,0.0,1014.5,0.0,23.4,72,9.7,0,0.0,1009.9,0.0,1.0,20,1,0
2023-01-08 21:00:00,24.1,68,13.1,6,0.0,1015.0,0.0,23.1,73,10.1,0,0.0,1010.3,0.0,1.0,21,1,0
2023-01-08 22:00:00,23.9,69,12.8,4,0.0,1015.0,0.0,22.7,75,9.2,2,0.0,1010.4,0.0,1.1999999999999993,22,1,0
2023-01-08 23:00:00,23.5,70,11.1,1,0.0,1014.8,0.0,22.0,78,7.6,3,0.0,1010.1,0.0,1.5,23,1,0
2023-01-09 00:00:00,23.1,72,10.9,1,0.0,1014.4,0.0,21.5,80,7.5,0,0.0,1009.8,0.0,1.6000000000000014,0,1,0
2023-01-09 01:00:00,22.8,74,11.2,2,0.0,1013.8,0.0,20.9,83,7.4,0,0.0,1009.2,0.0,1.9000000000000021,1,1,0
2023-01-09 02:00:00,22.6,74,11.0,1,0.0,1013.4,0.0,20.5,85,7.3,1,0.0,1008.7,0.0,2.1000000000000014,2,1,0
2023-01-09 03:00:00,22.3,75,11.1,3,0.0,1013.2,0.0,20.1,87,7.2,1,0.0,1008.6,0.0,2.1999999999999993,3,1,0
2023-01-09 04:00:00,22.1,74,10.1,3,0.0,1013.4,0.0,19.8,88,7.3,5,0.0,1008.8,0.0,2.3000000000000007,4,1,0
2023-01-09 05:00:00,22.0,77,9.0,0,0.0,1014.2,0.0,19.8,90,6.9,1,0.0,1009.6,0.0,2.1999999999999993,5,1,0
2023-01-09 06:00:00,22.0,75,9.2,0,0.0,1014.8,0.0,20.1,87,7.2,3,0.0,1010.3,0.0,1.8999999999999986,6,1,1
2023-01-09 07:00:00,23.1,71,11.3,0,54.0,1015.8,0.0,21.2,83,9.3,4,53.0,1011.2,0.0,1.9000000000000021,7,1,1
2023-01-09 08:00:00,25.0,60,13.0,0,253.0,1016.7,0.0,23.8,74,7.6,0,251.0,1012.1,0.0,1.1999999999999993,8,1,1
2023-01-09 09:00:00,25.8,56,14.8,0,472.0,1017.0,0.0,25.8,59,12.3,1,470.0,1012.5,0.0,0.0,9,1,1
2023-01-09 10:00:00,26.4,56,14.8,0,656.0,1016.8,0.0,26.8,52,14.8,0,657.0,1012.1,0.0,-0.40000000000000213,10,1,1
2023-01-09 11:00:00,26.7,55,15.5,0,786.0,1016.0,0.0,27.2,51,16.1,0,787.0,1011.3,0.0,-0.5,11,1,1
2023-01-09 12:00:00,27.0,54,16.1,0,841.0,1015.0,0.0,27.5,51,16.5,0,848.0,1010.3,0.0,-0.5,12,1,1
2023-01-09 13:00:00,27.0,54,16.9,0,824.0,1014.0,0.0,27.6,50,17.1,0,831.0,1009.3,0.0,-0.6000000000000014,13,1,1
2023-01-09 14:00:00,26.9,54,17.4,1,730.0,1013.5,0.0,27.4,49,17.6,0,740.0,1008.8,0.0,-0.5,14,1,1
2023-01-09 15:00:00,26.5,55,17.3,7,569.0,1013.4,0.0,26.9,51,16.8,0,583.0,1008.8,0.0,-0.3999999999999986,15,1,1
2023-01-09 16:00:00,25.8,57,16.5,12,358.0,1013.5,0.0,26.0,55,16.1,4,377.0,1008.9,0.0,-0.1999999999999993,16,1,1
2023-01-09 17:00:00,25.4,60,12.9,6,146.0,1013.5,0.0,25.5,59,13.8,3,149.0,1008.9,0.0,-0.10000000000000142,17,1,1
2023-01-09 18:00:00,24.3,64,11.8,2,9.0,1013.9,0.0,23.8,65,10.0,0,10.0,1009.4,0.0,0.5,18,1,1
2023-01-09 19:00:00,23.7,68,10.5,13,0.0,1014.8,0.0,22.6,71,7.3,1,0.0,1010.2,0.0,1.0999999999999979,19,1,0
2023-01-09 20:00:00,23.4,70,9.2,22,0.0,1015.5,0.0,21.7,75,7.0,10,0.0,1010.9,0.0,1.6999999999999993,20,1,0
2023-01-09 21:00:00,23.1,72,8.3,25,0.0,1016.0,0.0,21.3,78,7.0,21,0.0,1011.4,0.0,1.8000000000000007,21,1,0
2023-01-09 22:00:00,22.6,74,7.6,15,0.0,1015.9,0.0,21.0,80,6.8,23,0.0,1011.4,0.0,1.6000000000000014,22,1,0
2023-01-09 23:00:00,21.8,77,6.2,9,0.0,1015.6,0.0,20.7,81,6.4,21,0.0,1011.1,0.0,1.1000000000000014,23,1,0
2023-01-10 00:00:00,21.6,77,6.5,12,0.0,1015.2,0.0,20.5,81,6.6,9,0.0,1010.6,0.0,1.1000000000000014,0,1,0
2023-01-10 01:00:00,21.5,77,7.6,10,0.0,1014.3,0.0,20.5,79,7.9,10,0.0,1009.7,0.0,1.0,1,1,0
2023-01-10 02:00:00,20.9,81,8.3,3,0.0,1013.7,0.0,20.3,80,9.3,22,0.0,1009.1,0.0,0.5999999999999979,2,1,0
2023-01-10 03:00:00,20.3,84,9.4,10,0.0,1013.4,0.0,20.1,82,10.2,40,0.0,1008.7,0.0,0.1999999999999993,3,1,0
2023-01-10 04:00:00,20.0,86,10.7,30,0.0,1013.4,0.0,19.7,85,11.1,11,0.0,1008.7,0.0,0.3000000000000007,4,1,0
2023-01-10 05:00:00,20.7,84,10.4,31,0.0,1014.4,0.0,20.0,84,10.8,25,0.0,1009.8,0.0,0.6999999999999993,5,1,0
2023-01-10 06:00:00,21.1,82,10.9,84,0.0,1014.9,0.0,20.3,82,10.8,54,0.0,1010.3,0.0,0.8000000000000007,6,1,1
2023-01-10 07:00:00,21.7,83,12.0,50,40.0,1015.5,0.0,21.1,81,10.6,25,46.0,1011.0,0.0,0.5999999999999979,7,1,1
2023-01-10 08:00:00,23.3,80,12.2,9,209.0,1016.3,0.0,23.3,74,10.5,19,228.0,1011.7,0.0,0.0,8,1,1
2023-01-10 09:00:00,25.4,68,12.4,10,453.0,1016.4,0.0,25.1,67,12.2,16,428.0,1011.9,0.0,0.29999999999999716,9,1,1
2023-01-10 10:00:00,26.8,54,15.7,4,645.0,1016.1,0.0,26.7,59,15.4,20,644.0,1011.5,0.0,0.10000000000000142,10,1,1
2023-01-10 11:00:00,27.0,55,15.8,35,749.0,1015.5,0.0,27.5,50,14.5,24,731.0,1010.9,0.0,-0.5,11,1,1
2023-01-10 12:00:00,27.2,55,16.0,69,814.0,1014.8,0.0,27.9,50,15.3,91,844.0,1010.1,0.0,-0.6999999999999993,12,1,1
2023-01-10 13:00:00,27.3,54,16.4,97,816.0,1013.7,0.0,28.0,49,16.5,97,823.0,1009.0,0.0,-0.6999999999999993,13,1,1
2023-01-10 14:00:00,26.9,56,18.2,99,721.0,1012.9,0.0,27.5,49,16.8,99,688.0,1008.3,0.0,-0.6000000000000014,14,1,1
2023-01-10 15:00:00,26.5,57,17.6,100,546.0,1012.5,0.0,26.9,53,16.5,100,527.0,1007.9,0.0,-0.3999999999999986,15,1,1
2023-01-10 16:00:00,25.9,60,16.0,100,352.0,1012.6,0.0,26.1,57,15.5,100,374.0,1008.0,0.0,-0.20000000000000284,16,1,1
2023-01-10 17:00:00,25.5,62,13.4,100,145.0,1012.7,0.0,25.5,61,11.2,100,145.0,1008.2,0.0,0.0,17,1,1
2023-01-10 18:00:00,24.5,66,11.0,100,9.0,1013.2,0.0,23.8,67,7.9,100,10.0,1008.6,0.0,0.6999999999999993,18,1,1
2023-01-10 19:00:00,24.0,69,10.9,100,0.0,1014.0,0.0,23.0,72,8.3,100,0.0,1009.4,0.0,1.0,19,1,0
2023-01-10 20:00:00,23.7,71,11.7,99,0.0,1014.7,0.0,22.8,74,8.6,81,0.0,1010.1,0.0,0.8999999999999986,20,1,0
2023-01-10 21:00:00,23.3,73,10.5,14,0.0,1015.2,0.0,22.0,78,7.9,20,0.0,1010.7,0.0,1.3000000000000007,21,1,0
2023-01-10 22:00:00,23.0,75,8.4,11,0.0,1014.8,0.0,21.6,80,7.9,20,0.0,1010.4,0.0,1.3999999999999986,22,1,0
2023-01-10 23:00:00,21.8,81,5.9,17,0.0,1014.4,0.0,21.0,83,7.9,16,0.0,1009.9,0.0,0.8000000000000007,23,1,0
2023-01-11 00:00:00,20.8,85,5.6,6,0.0,1013.6,0.0,20.0,87,8.2,8,0.0,1009.1,0.0,0.8000000000000007,0,1,0
2023-01-11 01:00:00,20.1,88,7.2,1,0.0,1012.6,0.0,19.3,90,8.3,2,0.0,1008.1,0.0,0.8000000000000007,1,1,0
2023-01-11 02:00:00,19.8,89,8.8,11,0.0,1011.7,0.0,18.9,92,8.1,2,0.0,1007.2,0.0,0.9000000000000021,2,1,0
2023-01-11 03:00:00,19.5,90,8.5,2,0.0,1011.2,0.0,18.6,92,7.1,2,0.0,1006.7,0.0,0.8999999999999986,3,1,0
2023-01-11 04:00:00,19.3,90,9.7,3,0.0,1011.3,0.0,18.4,93,7.1,2,0.0,1006.6,0.0,0.9000000000000021,4,1,0
2023-01-11 05:00:00,19.5,89,9.7,4,0.0,1012.2,0.0,18.4,93,7.4,11,0.0,1007.7,0.0,1.1000000000000014,5,1,0
2023-01-11 06:00:00,19.8,86,10.7,22,0.0,1013.0,0.0,18.8,90,7.9,10,0.0,1008.4,0.0,1.0,6,1,1
2023-01-11 07:00:00,20.7,83,11.8,23,49.0,1013.8,0.0,20.1,85,10.2,10,50.0,1009.3,0.0,0.5999999999999979,7,1,1
2023-01-11 08:00:00,23.0,77,10.4,4,236.0,1014.6,0.0,22.8,76,8.2,5,241.0,1010.1,0.0,0.1999999999999993,8,1,1
2023-01-11 09:00:00,25.0,72,10.0,7,460.0,1015.0,0.0,25.2,68,8.7,2,456.0,1010.5,0.0,-0.1999999999999993,9,1,1
2023-01-11 10:00:00,26.5,65,11.9,26,638.0,1014.6,0.0,27.0,61,12.1,24,653.0,1010.1,0.0,-0.5,10,1,1
2023-01-11 11:00:00,27.2,61,12.3,3,759.0,1013.9,0.0,27.7,58,11.7,10,738.0,1009.3,0.0,-0.5,11,1,1
2023-01-11 12:00:00,27.6,58,12.0,5,828.0,1012.8,0.0,28.3,53,12.2,5,817.0,1008.3,0.0,-0.6999999999999993,12,1,1
2023-01-11 13:00:00,27.6,57,12.5,3,823.0,1011.8,0.0,28.6,48,13.3,0,820.0,1007.2,0.0,-1.0,13,1,1
2023-01-11 14:00:00,27.4,57,14.0,3,731.0,1010.8,0.0,28.3,47,14.6,0,745.0,1006.2,0.0,-0.9000000000000021,14,1,1
2023-01-11 15:00:00,26.9,60,14.2,2,575.0,1010.5,0.0,27.7,50,14.8,1,588.0,1005.9,0.0,-0.8000000000000007,15,1,1
2023-01-11 16:00:00,26.1,64,14.0,2,374.0,1010.4,0.0,26.7,55,13.8,1,383.0,1005.8,0.0,-0.5999999999999979,16,1,1
2023-01-11 17:00:00,25.4,67,12.9,15,152.0,1010.8,0.0,25.4,66,11.2,8,159.0,1006.2,0.0,0.0,17,1,1
2023-01-11 18:00:00,24.3,73,9.5,22,10.0,1011.0,0.0,23.8,72,7.9,0,11.0,1006.4,0.0,0.5,18,1,1
2023-01-11 19:00:00,23.8,76,9.7,29,0.0,1011.8,0.0,23.0,77,8.0,9,0.0,1007.3,0.0,0.8000000000000007,19,1,0
2023-01-11 20:00:00,23.4,79,8.9,28,0.0,1012.5,0.0,22.3,82,6.8,12,0.0,1008.0,0.0,1.0999999999999979,20,1,0
2023-01-11 21:00:00,22.8,83,6.7,20,0.0,1013.1,0.0,21.4,88,5.9,20,0.0,1008.6,0.0,1.4000000000000021,21,1,0
2023-01-11 22:00:00,21.9,89,5.5,23,0.0,1013.1,0.0,21.0,91,5.5,27,0.0,1008.6,0.0,0.8999999999999986,22,1,0
2023-01-11 23:00:00,21.1,91,6.8,27,0.0,1012.9,0.0,20.6,93,5.9,26,0.0,1008.4,0.0,0.5,23,1,0
2023-01-12 00:00:00,21.0,92,5.9,27,0.0,1012.5,0.0,20.2,95,6.1,21,0.0,1007.9,0.0,0.8000000000000007,0,1,0
2023-01-12 01:00:00,20.8,92,5.8,29,0.0,1012.0,0.0,19.9,95,6.6,14,0.0,1007.5,0.0,0.9000000000000021,1,1,0
2023-01-12 02:00:00,20.5,92,5.4,26,0.0,1011.4,0.0,19.7,95,6.9,2,0.0,1006.9,0.0,0.8000000000000007,2,1,0
2023-01-12 03:00:00,20.3,92,6.4,39,0.0,1011.0,0.0,19.5,96,6.9,9,0.0,1006.4,0.0,0.8000000000000007,3,1,0
2023-01-12 04:00:00,19.9,93,6.2,63,0.0,1011.0,0.0,19.1,97,6.1,14,0.0,1006.4,0.0,0.7999999999999972,4,1,0
2023-01-12 05:00:00,20.4,91,7.6,76,0.0,1011.6,0.0,19.3,97,5.4,23,0.0,1007.1,0.0,1.0999999999999979,5,1,0
2023-01-12 06:00:00,20.2,91,8.4,66,0.0,1012.0,0.0,19.3,97,4.5,58,0.0,1007.4,0.0,0.8999999999999986,6,1,1
2023-01-12 07:00:00,20.8,88,9.4,13,44.0,1012.8,0.0,20.6,91,7.1,27,49.0,1008.3,0.0,0.1999999999999993,7,1,1
2023-01-12 08:00:00,23.2,80,8.9,4,228.0,1013.5,0.0,23.4,79,6.9,25,240.0,1009.0,0.0,-0.1999999999999993,8,1,1
2023-01-12 09:00:00,25.2,71,8.2,1,457.0,1013.9,0.0,25.4,69,7.5,66,461.0,1009.4,0.0,-0.1999999999999993,9,1,1
2023-01-12 10:00:00,26.4,64,8.9,95,640.0,1013.5,0.0,26.9,62,8.8,85,642.0,1008.9,0.0,-0.5,10,1,1
2023-01-12 11:00:00,27.2,61,11.0,96,750.0,1012.7,0.0,27.7,58,10.4,92,753.0,1008.1,0.0,-0.5,11,1,1
2023-01-12 12:00:00,27.6,57,13.2,34,838.0,1011.9,0.0,28.4,55,11.8,88,829.0,1007.3,0.0,-0.7999999999999972,12,1,1
2023-01-12 13:00:00,27.5,56,13.1,63,825.0,1010.7,0.0,28.5,53,12.9,94,817.0,1006.1,0.0,-1.0,13,1,1
2023-01-12 14:00:00,27.3,57,12.4,96,739.0,1009.7,0.0,28.2,51,13.4,96,734.0,1005.1,0.0,-0.8999999999999986,14,1,1
2023-01-12 15:00:00,26.8,58,11.3,95,584.0,1009.2,0.0,27.5,52,12.7,95,585.0,1004.8,0.0,-0.6999999999999993,15,1,1
2023-01-12 16:00:00,26.0,61,9.2,96,382.0,1009.2,0.0,26.5,55,10.9,96,387.0,1004.6,0.0,-0.5,16,1,1
2023-01-12 17:00:00,25.1,69,7.9,94,159.0,1009.5,0.0,25.1,65,9.2,94,164.0,1005.0,0.0,0.0,17,1,1
2023-01-12 18:00:00,23.2,79,5.3,78,11.0,1010.0,0.0,23.0,76,7.7,87,12.0,1005.5,0.0,0.1999999999999993,18,1,1
2023-01-12 19:00:00,21.9,86,8.7,58,0.0,1011.2,0.0,21.9,83,6.7,68,0.0,1006.6,0.0,0.0,19,1,0
2023-01-12 20:00:00,21.5,86,8.9,62,0.0,1011.9,0.0,21.0,89,9.1,84,0.0,1007.4,0.0,0.5,20,1,0
2023-01-12 21:00:00,21.3,86,9.3,31,0.0,1012.5,0.0,21.0,88,9.2,25,0.0,1008.0,0.0,0.3000000000000007,21,1,0
2023-01-12 22:00:00,21.1,87,9.4,30,0.0,1012.3,0.0,21.0,87,8.4,15,0.0,1007.7,0.0,0.10000000000000142,22,1,0
2023-01-12 23:00:00,21.0,88,9.0,21,0.0,1012.0,0.0,21.3,86,7.5,38,0.0,1007.4,0.0,-0.3000000000000007,23,1,0
2023-01-13 00:00:00,20.9,88,9.0,48,0.0,1011.4,0.0,22.5,81,6.1,47,0.0,1006.9,0.0,-1.6000000000000014,0,1,0
2023-01-13 01:00:00,21.1,86,8.1,49,0.0,1010.7,0.0,21.7,84,3.8,89,0.0,1006.2,0.0,-0.5999999999999979,1,1,0
2023-01-13 02:00:00,22.4,80,5.3,78,0.0,1010.3,0.0,19.0,96,4.4,96,0.0,1005.8,0.0,3.3999999999999986,2,1,0
2023-01-13 03:00:00,20.6,87,5.2,98,0.0,1010.2,0.0,19.3,97,6.3,96,0.0,1005.7,0.0,1.3000000000000007,3,1,0
2023-01-13 04:00:00,18.8,94,7.1,98,0.0,1010.3,0.0,19.3,97,7.0,89,0.0,1005.7,0.0,-0.5,4,1,0
2023-01-13 05:00:00,20.6,93,4.8,99,0.0,1011.1,0.0,19.2,98,6.5,100,0.0,1006.5,0.0,1.4000000000000021,5,1,0
2023-01-13 06:00:00,21.1,91,5.0,100,0.0,1011.8,0.0,19.0,98,5.0,100,0.0,1007.3,0.0,2.1000000000000014,6,1,1
2023-01-13 07:00:00,22.0,87,5.9,100,38.0,1012.9,0.0,20.3,94,7.4,100,50.0,1008.4,0.0,1.6999999999999993,7,1,1
2023-01-13 08:00:00,23.9,78,5.5,100,215.0,1013.6,0.0,23.4,82,5.9,100,246.0,1009.2,0.0,0.5,8,1,1
2023-01-13 09:00:00,25.7,68,5.4,100,458.0,1014.3,0.0,25.8,68,3.6,100,469.0,1009.8,0.0,-0.10000000000000142,9,1,1
2023-01-13 10:00:00,26.9,58,6.8,100,661.0,1014.2,0.0,27.2,59,5.7,100,645.0,1009.6,0.0,-0.3000000000000007,10,1,1
2023-01-13 11:00:00,27.6,53,8.4,100,784.0,1013.6,0.0,28.1,55,7.8,100,763.0,1009.0,0.0,-0.5,11,1,1
2023-01-13 12:00:00,27.9,50,10.0,100,842.0,1012.3,0.0,28.5,54,9.1,100,840.0,1007.7,0.0,-0.6000000000000014,12,1,1
2023-01-13 13:00:00,28.0,49,10.1,100,836.0,1011.2,0.0,28.7,52,10.1,100,830.0,1006.7,0.0,-0.6999999999999993,13,1,1
2023-01-13 14:00:00,27.7,50,10.1,100,742.0,1010.1,0.0,28.4,52,10.2,100,735.0,1005.5,0.0,-0.6999999999999993,14,1,1
2023-01-13 15:00:00,27.2,52,10.2,100,585.0,1009.9,0.0,27.8,54,10.9,100,580.0,1005.3,0.0,-0.6000000000000014,15,1,1
2023-01-13 16:00:00,26.5,54,10.7,100,380.0,1010.1,0.0,26.8,57,11.7,100,378.0,1005.4,0.0,-0.3000000000000007,16,1,1
2023-01-13 17:00:00,25.4,62,9.0,99,157.0,1010.6,0.0,25.4,65,9.7,100,157.0,1006.0,0.0,0.0,17,1,1
2023-01-13 18:00:00,24.0,71,8.2,100,11.0,1011.0,0.0,23.4,74,7.5,100,12.0,1006.5,0.0,0.6000000000000014,18,1,1
2023-01-13 19:00:00,23.4,75,7.2,100,0.0,1012.2,0.0,22.2,79,6.6,100,0.0,1007.6,0.0,1.1999999999999993,19,1,0
2023-01-13 20:00:00,22.7,79,6.5,98,0.0,1013.0,0.0,21.3,82,8.4,100,0.0,1008.5,0.0,1.3999999999999986,20,1,0
2023-01-13 21:00:00,22.2,81,6.6,82,0.0,1013.4,0.0,20.7,85,9.4,100,0.0,1008.8,0.0,1.5,21,1,0
2023-01-13 22:00:00,21.7,82,7.6,3,0.0,1013.2,0.0,20.4,87,10.5,98,0.0,1008.7,0.0,1.3000000000000007,22,1,0
2023-01-13 23:00:00,21.4,84,7.8,10,0.0,1013.0,0.0,21.7,82,7.6,19,0.0,1008.4,0.0,-0.3000000000000007,23,1,0
2023-01-14 00:00:00,20.9,86,9.4,41,0.0,1012.3,0.0,22.7,78,4.5,39,0.0,1007.8,0.0,-1.8000000000000007,0,1,0
2023-01-14 01:00:00,21.0,85,9.0,99,0.0,1011.8,0.0,21.9,82,0.8,100,0.0,1007.2,0.0,-0.8999999999999986,1,1,0
2023-01-14 02:00:00,22.3,79,5.6,100,0.0,1011.4,0.0,20.5,91,3.6,100,0.0,1006.9,0.0,1.8000000000000007,2,1,0
2023-01-14 03:00:00,21.2,84,3.1,100,0.0,1011.1,0.0,19.7,95,6.4,98,0.0,1006.7,0.0,1.5,3,1,0
2023-01-14 04:00:00,19.1,94,6.0,100,0.0,1011.3,0.0,19.4,97,8.1,100,0.0,1006.9,0.0,-0.29999999999999716,4,1,0
2023-01-14 05:00:00,20.0,92,7.2,100,0.0,1011.9,0.0,19.2,97,6.8,100,0.0,1007.5,0.0,0.8000000000000007,5,1,0
2023-01-14 06:00:00,20.5,88,7.8,100,0.0,1012.4,0.0,19.2,97,5.2,99,0.0,1008.0,0.0,1.3000000000000007,6,1,1
2023-01-14 07:00:00,21.4,85,8.1,100,37.0,1013.1,0.0,20.4,92,6.8,100,44.0,1008.6,0.0,1.0,7,1,1
2023-01-14 08:00:00,23.6,76,6.0,100,198.0,1013.8,0.0,22.9,81,5.6,99,225.0,1009.3,0.0,0.7000000000000028,8,1,1
2023-01-14 09:00:00,25.5,66,3.9,100,424.0,1014.1,0.0,25.2,70,5.4,98,462.0,1009.7,0.0,0.3000000000000007,9,1,1
2023-01-14 10:00:00,26.5,62,4.0,100,627.0,1013.7,0.0,26.6,62,3.1,98,656.0,1009.2,0.0,-0.10000000000000142,10,1,1
2023-01-14 11:00:00,27.2,61,6.6,89,767.0,1012.7,0.0,27.7,59,4.5,31,755.0,1008.1,0.0,-0.5,11,1,1
2023-01-14 12:00:00,27.6,60,8.7,47,845.0,1011.6,0.0,28.5,55,6.2,59,849.0,1007.1,0.0,-0.8999999999999986,12,1,1
2023-01-14 13:00:00,27.6,61,10.8,31,828.0,1010.4,0.0,28.7,55,9.1,26,839.0,1005.8,0.0,-1.0999999999999979,13,1,1
2023-01-14 14:00:00,27.4,60,12.0,14,745.0,1009.6,0.0,28.3,56,10.9,28,748.0,1005.0,0.0,-0.9000000000000021,14,1,1
2023-01-14 15:00:00,27.0,58,12.7,21,590.0,1009.3,0.0,27.5,54,12.0,8,592.0,1004.7,0.0,-0.5,15,1,1
2023-01-14 16:00:00,26.2,59,12.4,18,388.0,1009.3,0.0,26.4,55,12.1,3,391.0,1004.7,0.0,-0.1999999999999993,16,1,1
2023-01-14 17:00:00,25.3,60,9.7,0,165.0,1010.0,0.0,25.2,62,9.9,3,167.0,1005.5,0.0,0.10000000000000142,17,1,1
2023-01-14 18:00:00,23.5,70,7.1,0,12.0,1010.3,0.0,23.2,72,6.8,25,13.0,1005.8,0.0,0.3000000000000007,18,1,1
2023-01-14 19:00:00,22.6,78,6.5,0,0.0,1011.3,0.0,22.0,80,6.5,90,0.0,1006.7,0.0,0.6000000000000014,19,1,0
2023-01-14 20:00:00,22.0,84,6.9,0,0.0,1012.1,0.0,20.9,88,8.7,43,0.0,1007.5,0.0,1.1000000000000014,20,1,0
2023-01-14 21:00:00,21.9,85,6.9,0,0.0,1012.6,0.0,20.2,91,10.2,43,0.0,1008.0,0.0,1.6999999999999993,21,1,0
2023-01-14 22:00:00,21.9,85,6.9,2,0.0,1012.7,0.0,20.1,91,10.6,14,0.0,1008.2,0.0,1.7999999999999972,22,1,0
2023-01-14 23:00:00,21.1,88,8.4,4,0.0,1012.3,0.0,20.1,91,9.4,25,0.0,1007.8,0.0,1.0,23,1,0
2023-01-15 00:00:00,20.8,86,8.7,1,0.0,1011.8,0.0,20.5,87,8.1,3,0.0,1007.3,0.0,0.3000000000000007,0,1,0
2023-01-15 01:00:00,23.3,76,5.6,3,0.0,1011.0,0.0,21.7,82,5.1,0,0.0,1006.5,0.0,1.6000000000000014,1,1,0
2023-01-15 02:00:00,22.4,80,1.3,6,0.0,1010.4,0.0,21.3,83,2.0,0,0.0,1005.8,0.0,1.0999999999999979,2,1,0
2023-01-15 03:00:00,18.6,95,5.9,45,0.0,1010.1,0.0,17.9,95,4.6,1,0.0,1005.5,0.0,0.7000000000000028,3,1,0
2023-01-15 04:00:00,19.0,93,5.0,77,0.0,1010.3,0.0,18.2,98,6.0,34,0.0,1005.7,0.0,0.8000000000000007,4,1,0
2023-01-15 05:00:00,19.2,94,4.8,86,0.0,1010.9,0.0,18.8,98,9.4,100,0.0,1006.3,0.0,0.3999999999999986,5,1,0
2023-01-15 06:00:00,19.3,93,6.6,91,0.0,1011.3,0.0,18.7,100,8.7,100,0.0,1006.8,0.0,0.6000000000000014,6,1,1
2023-01-15 07:00:00,19.7,92,8.4,100,41.0,1012.3,0.0,19.3,97,7.8,100,42.0,1007.8,0.0,0.3999999999999986,7,1,1
2023-01-15 08:00:00,22.2,84,7.6,98,216.0,1013.2,0.0,22.4,83,6.4,97,221.0,1008.7,0.0,-0.1999999999999993,8,1,1
2023-01-15 09:00:00,25.0,68,5.1,91,460.0,1013.6,0.0,25.0,68,4.7,34,457.0,1009.1,0.0,0.0,9,1,1
2023-01-15 10:00:00,26.2,60,5.9,39,639.0,1013.1,0.0,26.4,59,6.6,38,612.0,1008.6,0.0,-0.1999999999999993,10,1,1
2023-01-15 11:00:00,26.9,59,8.3,87,737.0,1012.2,0.0,27.3,56,7.5,47,745.0,1007.7,0.0,-0.40000000000000213,11,1,1
2023-01-15 12:00:00,27.3,57,10.2,89,834.0,1011.1,0.0,27.9,55,9.4,86,827.0,1006.7,0.0,-0.5999999999999979,12,1,1
2023-01-15 13:00:00,27.3,57,10.8,86,823.0,1010.2,0.0,28.0,54,10.1,93,821.0,1005.7,0.0,-0.6999999999999993,13,1,1
2023-01-15 14:00:00,27.0,57,10.8,93,749.0,1009.4,0.0,27.9,54,10.1,96,748.0,1004.8,0.0,-0.8999999999999986,14,1,1
2023-01-15 15:00:00,26.5,56,11.2,95,594.0,1009.0,0.0,27.3,56,10.8,81,595.0,1004.4,0.0,-0.8000000000000007,15,1,1
2023-01-15 16:00:00,25.9,55,10.8,28,390.0,1009.1,0.0,26.2,59,11.2,14,393.0,1004.4,0.0,-0.3000000000000007,16,1,1
2023-01-15 17:00:00,24.8,62,8.4,7,167.0,1009.7,0.0,24.9,64,8.1,0,169.0,1005.1,0.0,-0.09999999999999787,17,1,1
2023-01-15 18:00:00,23.4,70,6.6,95,13.0,1010.2,0.0,22.5,76,5.9,0,13.0,1005.7,0.0,0.8999999999999986,18,1,1
2023-01-15 19:00:00,22.7,73,6.5,74,0.0,1011.0,0.0,21.6,83,6.6,2,0.0,1006.4,0.0,1.0999999999999979,19,1,0
2023-01-15 20:00:00,22.7,74,7.6,63,0.0,1012.1,0.0,21.2,85,6.6,6,0.0,1007.5,0.0,1.5,20,1,0
2023-01-15 21:00:00,22.5,76,7.9,1,0.0,1012.3,0.0,20.6,86,7.5,1,0.0,1007.7,0.0,1.8999999999999986,21,1,0
2023-01-15 22:00:00,21.9,79,6.8,0,0.0,1012.2,0.0,19.8,89,9.8,0,0.0,1007.7,0.0,2.099999999999998,22,1,0
2023-01-15 23:00:00,20.4,87,9.7,0,0.0,1011.9,0.0,20.2,86,8.4,0,0.0,1007.4,0.0,0.1999999999999993,23,1,0
2023-01-16 00:00:00,20.4,87,9.3,0,0.0,1011.4,0.0,21.7,81,5.1,0,0.0,1006.9,0.0,-1.3000000000000007,0,1,0
2023-01-16 01:00:00,20.8,86,7.3,0,0.0,1011.0,0.0,20.7,85,2.9,0,0.0,1006.5,0.0,0.10000000000000142,1,1,0
2023-01-16 02:00:00,20.9,87,6.1,2,0.0,1010.4,0.0,18.3,94,2.9,0,0.0,1005.8,0.0,2.599999999999998,2,1,0
2023-01-16 03:00:00,19.2,93,6.3,4,0.0,1010.1,0.0,17.9,96,3.0,0,0.0,1005.5,0.0,1.3000000000000007,3,1,0
2023-01-16 04:00:00,18.2,94,5.7,14,0.0,1010.3,0.0,17.8,96,2.9,0,0.0,1005.7,0.0,0.3999999999999986,4,1,0
2023-01-16 05:00:00,19.9,89,9.3,39,0.0,1011.0,0.0,20.1,90,7.1,31,0.0,1006.4,0.0,-0.20000000000000284,5,1,0
2023-01-16 06:00:00,19.9,88,11.0,14,0.0,1011.7,0.0,19.7,93,8.2,2,0.0,1007.1,0.0,0.1999999999999993,6,1,1
2023-01-16 07:00:00,20.9,84,9.8,10,48.0,1012.6,0.0,20.6,89,10.7,0,48.0,1008.0,0.0,0.29999999999999716,7,1,1
2023-01-16 08:00:00,23.4,76,8.7,2,241.0,1013.6,0.0,23.6,76,10.2,0,249.0,1009.0,0.0,-0.20000000000000284,8,1,1
2023-01-16 09:00:00,25.4,63,9.2,1,466.0,1014.1,0.0,25.5,65,7.9,16,476.0,1009.5,0.0,-0.10000000000000142,9,1,1
2023-01-16 10:00:00,26.6,58,10.6,3,655.0,1013.7,0.0,26.8,60,9.0,30,660.0,1009.1,0.0,-0.1999999999999993,10,1,1
2023-01-16 11:00:00,27.3,53,13.1,0,783.0,1013.0,0.0,27.8,57,10.5,15,773.0,1008.3,0.0,-0.5,11,1,1
2023-01-16 12:00:00,27.4,53,14.5,1,857.0,1012.1,0.0,28.3,55,12.7,16,845.0,1007.5,0.0,-0.9000000000000021,12,1,1
2023-01-16 13:00:00,27.4,56,14.5,1,845.0,1011.2,0.0,28.0,53,14.4,2,839.0,1006.6,0.0,-0.6000000000000014,13,1,1
2023-01-16 14:00:00,27.1,58,15.3,2,754.0,1010.4,0.0,27.6,54,15.6,28,757.0,1005.8,0.0,-0.5,14,1,1
2023-01-16 15:00:00,26.6,59,15.6,20,595.0,1010.1,0.0,26.9,57,16.3,18,605.0,1005.4,0.0,-0.29999999999999716,15,1,1
2023-01-16 16:00:00,25.9,59,15.0,11,392.0,1010.1,0.0,26.0,59,15.6,0,398.0,1005.5,0.0,-0.10000000000000142,16,1,1
2023-01-16 17:00:00,25.4,64,12.9,1,169.0,1010.7,0.0,25.3,65,13.9,0,173.0,1006.1,0.0,0.09999999999999787,17,1,1
2023-01-16 18:00:00,24.6,68,9.8,10,12.0,1011.4,0.0,24.0,70,8.3,1,13.0,1006.8,0.0,0.6000000000000014,18,1,1
2023-01-16 19:00:00,24.0,72,10.0,18,0.0,1012.2,0.0,22.7,77,6.9,3,0.0,1007.7,0.0,1.3000000000000007,19,1,0
2023-01-16 20:00:00,23.5,74,8.6,10,0.0,1013.0,0.0,21.7,84,8.5,17,0.0,1008.4,0.0,1.8000000000000007,20,1,0
2023-01-16 21:00:00,23.2,77,7.6,33,0.0,1013.3,0.0,20.9,88,10.7,23,0.0,1008.8,0.0,2.3000000000000007,21,1,0
2023-01-16 22:00:00,23.3,77,7.2,21,0.0,1013.3,0.0,21.5,85,9.0,27,0.0,1008.8,0.0,1.8000000000000007,22,1,0
2023-01-16 23:00:00,23.3,77,7.6,22,0.0,1012.9,0.0,22.2,82,8.0,27,0.0,1008.4,0.0,1.1000000000000014,23,1,0
2023-01-17 00:00:00,23.1,79,7.7,12,0.0,1012.3,0.0,21.7,84,8.4,21,0.0,1007.7,0.0,1.4000000000000021,0,1,0
2023-01-17 01:00:00,21.9,86,6.2,15,0.0,1011.4,0.0,22.5,81,7.2,25,0.0,1007.0,0.0,-0.6000000000000014,1,1,0
2023-01-17 02:00:00,20.8,89,8.9,28,0.0,1010.7,0.0,22.3,82,3.7,23,0.0,1006.3,0.0,-1.5,2,1,0
2023-01-17 03:00:00,22.8,81,2.9,47,0.0,1010.3,0.0,21.7,85,0.8,36,0.0,1005.7,0.0,1.1000000000000014,3,1,0
2023-01-17 04:00:00,22.0,85,3.4,60,0.0,1010.4,0.0,18.7,96,5.2,37,0.0,1005.9,0.0,3.3000000000000007,4,1,0
2023-01-17 05:00:00,20.7,91,4.5,58,0.0,1011.0,0.0,19.8,96,6.5,90,0.0,1006.5,0.0,0.8999999999999986,5,1,0
2023-01-17 06:00:00,20.2,94,3.8,100,0.0,1011.6,0.0,19.4,98,8.5,8,0.0,1007.0,0.0,0.8000000000000007,6,1,1
2023-01-17 07:00:00,21.7,87,6.3,72,46.0,1012.7,0.0,20.5,92,8.4,26,44.0,1008.1,0.0,1.1999999999999993,7,1,1
2023-01-17 08:00:00,23.9,78,3.8,54,205.0,1014.0,0.1,23.5,79,7.9,40,212.0,1009.5,0.0,0.3999999999999986,8,1,1
2023-01-17 09:00:00,25.7,68,7.9,99,404.0,1015.0,0.1,25.3,71,7.2,55,376.0,1010.5,0.0,0.3999999999999986,9,1,1
2023-01-17 10:00:00,27.1,56,11.1,100,599.0,1014.8,0.0,26.6,65,11.2,76,523.0,1010.2,0.0,0.5,10,1,1
2023-01-17 11:00:00,27.8,51,11.2,100,761.0,1014.4,0.0,27.9,57,12.1,99,704.0,1009.8,0.0,-0.09999999999999787,11,1,1
2023-01-17 12:00:00,27.9,51,11.6,94,767.0,1013.5,0.0,28.3,51,12.3,100,789.0,1009.0,0.0,-0.40000000000000213,12,1,1
2023-01-17 13:00:00,28.1,51,12.0,71,819.0,1012.5,0.0,28.2,49,12.8,42,813.0,1008.0,0.0,-0.09999999999999787,13,1,1
2023-01-17 14:00:00,27.9,51,11.9,43,687.0,1011.5,0.0,28.1,47,12.7,85,741.0,1007.0,0.0,-0.20000000000000284,14,1,1
2023-01-17 15:00:00,27.3,54,12.3,34,527.0,1011.2,0.0,27.7,48,13.1,48,606.0,1006.8,0.0,-0.3999999999999986,15,1,1
2023-01-17 16:00:00,26.8,56,11.9,13,389.0,1011.1,0.0,26.9,51,12.6,26,395.0,1006.5,0.0,-0.09999999999999787,16,1,1
2023-01-17 17:00:00,25.9,61,10.2,1,165.0,1011.8,0.0,25.7,59,8.8,0,174.0,1007.3,0.0,0.1999999999999993,17,1,1
2023-01-17 18:00:00,25.0,65,6.6,72,13.0,1012.3,0.0,23.1,72,8.4,77,15.0,1007.8,0.0,1.8999999999999986,18,1,1
2023-01-17 19:00:00,24.3,69,5.8,17,0.0,1013.1,0.0,22.8,72,8.2,45,0.0,1008.5,0.0,1.5,19,1,0
2023-01-17 20:00:00,23.9,70,6.6,9,0.0,1013.9,0.0,22.4,74,8.8,12,0.0,1009.4,0.0,1.5,20,1,0
2023-01-17 21:00:00,23.7,71,6.6,13,0.0,1014.2,0.0,22.9,72,8.0,30,0.0,1009.7,0.0,0.8000000000000007,21,1,0
2023-01-17 22:00:00,23.7,70,7.2,14,0.0,1013.9,0.0,23.1,72,7.7,65,0.0,1009.3,0.0,0.5999999999999979,22,1,0
2023-01-17 23:00:00,23.7,70,7.2,11,0.0,1013.7,0.0,22.5,75,8.3,13,0.0,1009.1,0.0,1.1999999999999993,23,1,0
2023-01-18 00:00:00,22.3,75,8.3,35,0.0,1013.3,0.0,22.7,72,8.1,3,0.0,1008.7,0.0,-0.3999999999999986,0,1,0
2023-01-18 01:00:00,21.7,78,9.0,100,0.0,1012.9,0.0,21.6,76,8.3,20,0.0,1008.3,0.0,0.09999999999999787,1,1,0
2023-01-18 02:00:00,21.3,79,9.3,100,0.0,1012.5,0.0,20.7,79,7.5,27,0.0,1007.8,0.0,0.6000000000000014,2,1,0
2023-01-18 03:00:00,21.6,76,8.2,42,0.0,1012.2,0.0,21.2,76,7.3,31,0.0,1007.5,0.0,0.40000000000000213,3,1,0
2023-01-18 04:00:00,23.9,63,3.6,12,0.0,1012.2,0.0,21.0,80,8.4,98,0.0,1007.6,0.0,2.8999999999999986,4,1,0
2023-01-18 05:00:00,20.0,89,4.5,26,0.0,1012.8,0.0,20.7,88,6.2,4,0.0,1008.2,0.0,-0.6999999999999993,5,1,0
2023-01-18 06:00:00,20.2,89,4.3,70,0.0,1013.4,0.0,20.6,88,5.0,30,0.0,1008.9,0.0,-0.40000000000000213,6,1,1
2023-01-18 07:00:00,21.1,86,9.2,100,44.0,1014.6,0.0,21.6,81,7.5,23,48.0,1010.0,0.0,-0.5,7,1,1
2023-01-18 08:00:00,23.9,75,7.4,87,226.0,1015.8,0.0,24.8,66,5.9,35,248.0,1011.3,0.0,-0.9000000000000021,8,1,1
2023-01-18 09:00:00,26.6,60,6.1,57,476.0,1016.4,0.0,26.7,58,7.8,61,449.0,1011.9,0.0,-0.09999999999999787,9,1,1
2023-01-18 10:00:00,28.0,47,12.8,87,655.0,1016.2,0.0,28.0,53,12.4,86,577.0,1011.6,0.0,0.0,10,1,1
2023-01-18 11:00:00,27.9,51,14.4,100,614.0,1016.0,0.0,28.7,47,13.7,100,742.0,1011.2,0.0,-0.8000000000000007,11,1,1
2023-01-18 12:00:00,27.4,54,13.0,100,526.0,1015.1,0.0,28.9,44,14.1,72,790.0,1010.4,0.0,-1.5,12,1,1
2023-01-18 13:00:00,28.3,47,10.8,100,726.0,1013.9,0.0,28.8,45,13.7,83,735.0,1009.2,0.0,-0.5,13,1,1
2023-01-18 14:00:00,28.4,46,11.2,100,636.0,1012.6,0.0,28.4,48,15.8,100,583.0,1008.1,0.0,0.0,14,1,1
2023-01-18 15:00:00,27.6,54,15.4,100,519.0,1012.2,0.0,28.0,46,14.0,100,486.0,1007.7,0.0,-0.3999999999999986,15,1,1
2023-01-18 16:00:00,27.0,55,13.8,100,368.0,1012.0,0.0,27.4,48,13.3,98,361.0,1007.4,0.0,-0.3999999999999986,16,1,1
2023-01-18 17:00:00,25.8,64,12.7,92,145.0,1012.4,0.0,26.0,61,10.6,99,145.0,1007.8,0.0,-0.1999999999999993,17,1,1
2023-01-18 18:00:00,24.8,67,7.2,100,14.0,1012.9,0.0,24.4,67,6.1,95,13.0,1008.4,0.0,0.40000000000000213,18,1,1
2023-01-18 19:00:00,23.9,69,6.2,94,0.0,1014.0,0.0,23.0,72,7.6,88,0.0,1009.4,0.0,0.8999999999999986,19,1,0
2023-01-18 20:00:00,23.3,69,6.5,99,0.0,1015.1,0.0,22.1,76,9.6,100,0.0,1010.4,0.0,1.1999999999999993,20,1,0
2023-01-18 21:00:00,23.8,66,7.6,100,0.0,1015.6,0.0,21.9,77,9.2,100,0.0,1011.0,0.0,1.9000000000000021,21,1,0
2023-01-18 22:00:00,23.6,67,7.6,98,0.0,1015.7,0.0,21.7,79,7.8,100,0.0,1011.1,0.0,1.9000000000000021,22,1,0
2023-01-18 23:00:00,22.4,74,8.4,13,0.0,1015.2,0.0,21.4,81,8.4,56,0.0,1010.6,0.0,1.0,23,1,0
2023-01-19 00:00:00,22.3,74,8.4,16,0.0,1014.5,0.0,21.8,78,8.0,17,0.0,1010.1,0.0,0.5,0,1,0
2023-01-19 01:00:00,22.0,75,7.7,17,0.0,1013.9,0.0,23.1,71,4.0,36,0.0,1009.4,0.0,-1.1000000000000014,1,1,0
2023-01-19 02:00:00,20.9,81,7.9,16,0.0,1013.0,0.0,22.8,72,2.1,28,0.0,1008.4,0.0,-1.9000000000000021,2,1,0
2023-01-19 03:00:00,20.5,84,7.3,9,0.0,1012.4,0.0,19.8,88,5.0,35,0.0,1007.8,0.0,0.6999999999999993,3,1,0
2023-01-19 04:00:00,19.5,90,7.6,24,0.0,1012.4,0.0,19.4,93,4.6,24,0.0,1007.9,0.0,0.10000000000000142,4,1,0
2023-01-19 05:00:00,20.5,86,6.8,47,0.0,1013.4,0.0,19.8,92,4.9,55,0.0,1008.8,0.0,0.6999999999999993,5,1,0
2023-01-19 06:00:00,20.6,84,7.9,99,0.0,1014.3,0.0,20.3,90,7.1,95,0.0,1009.6,0.0,0.3000000000000007,6,1,1
2023-01-19 07:00:00,21.7,80,8.5,96,43.0,1015.2,0.0,21.5,82,8.4,96,39.0,1010.5,0.0,0.1999999999999993,7,1,1
2023-01-19 08:00:00,24.4,70,5.5,88,222.0,1015.8,0.0,24.4,69,7.6,56,208.0,1011.3,0.0,0.0,8,1,1
2023-01-19 09:00:00,26.7,55,6.8,60,424.0,1016.2,0.0,26.1,63,7.9,96,390.0,1011.8,0.0,0.5999999999999979,9,1,1
2023-01-19 10:00:00,27.7,49,12.0,38,652.0,1016.0,0.0,27.6,55,9.0,42,614.0,1011.4,0.0,0.09999999999999787,10,1,1
2023-01-19 11:00:00,28.0,49,13.7,21,774.0,1015.4,0.0,28.6,50,11.4,22,774.0,1010.8,0.0,-0.6000000000000014,11,1,1
2023-01-19 12:00:00,28.3,48,13.7,4,843.0,1014.2,0.0,28.8,44,14.5,20,834.0,1009.6,0.0,-0.5,12,1,1
2023-01-19 13:00:00,28.4,48,14.9,11,822.0,1013.1,0.0,28.6,45,15.5,56,833.0,1008.5,0.0,-0.20000000000000284,13,1,1
2023-01-19 14:00:00,28.1,48,14.7,39,716.0,1012.2,0.0,28.6,45,14.7,51,741.0,1007.6,0.0,-0.5,14,1,1
2023-01-19 15:00:00,27.6,48,14.3,75,501.0,1011.9,0.0,28.0,47,15.4,7,589.0,1007.3,0.0,-0.3999999999999986,15,1,1
2023-01-19 16:00:00,27.1,50,14.0,88,338.0,1012.0,0.0,27.2,48,14.6,4,392.0,1007.3,0.0,-0.09999999999999787,16,1,1
2023-01-19 17:00:00,26.2,57,12.1,59,152.0,1012.4,0.0,26.3,53,10.3,13,175.0,1007.8,0.0,-0.10000000000000142,17,1,1
2023-01-19 18:00:00,24.8,61,6.9,48,14.0,1012.8,0.0,24.4,61,6.4,94,14.0,1008.2,0.0,0.40000000000000213,18,1,1
2023-01-19 19:00:00,24.1,65,5.7,84,0.0,1013.6,0.0,23.6,67,6.7,3,0.0,1009.0,0.0,0.5,19,1,0
2023-01-19 20:00:00,24.5,66,8.6,74,0.0,1014.3,0.0,22.2,75,8.7,54,0.0,1009.7,0.0,2.3000000000000007,20,1,0
2023-01-19 21:00:00,24.5,68,9.3,26,0.0,1014.6,0.0,23.1,70,5.9,56,0.0,1010.0,0.0,1.3999999999999986,21,1,0
2023-01-19 22:00:00,24.8,66,10.5,50,0.0,1014.3,0.0,22.1,75,6.8,91,0.0,1009.7,0.0,2.6999999999999993,22,1,0
2023-01-19 23:00:00,25.1,62,10.9,60,0.0,1013.9,0.0,22.3,75,7.3,58,0.0,1009.3,0.0,2.8000000000000007,23,1,0
2023-01-20 00:00:00,25.2,62,12.2,100,0.0,1013.5,0.0,22.4,76,7.1,100,0.0,1008.9,0.0,2.8000000000000007,0,1,0
2023-01-20 01:00:00,25.0,64,11.5,32,0.0,1012.6,0.0,23.0,74,5.0,100,0.0,1008.1,0.0,2.0,1,1,0
2023-01-20 02:00:00,24.8,66,12.6,59,0.0,1011.9,0.0,23.1,74,4.8,100,0.0,1007.3,0.0,1.6999999999999993,2,1,0
2023-01-20 03:00:00,24.5,70,11.2,33,0.0,1011.7,0.0,23.6,70,5.6,100,0.0,1007.1,0.0,0.8999999999999986,3,1,0
2023-01-20 04:00:00,24.4,71,9.7,65,0.0,1011.7,0.0,23.1,72,6.5,60,0.0,1007.2,0.0,1.2999999999999972,4,1,0
2023-01-20 05:00:00,22.0,88,6.5,55,0.0,1012.2,0.0,21.5,86,5.1,54,0.0,1007.7,0.0,0.5,5,1,0
2023-01-20 06:00:00,22.7,85,4.2,79,0.0,1013.0,0.2,21.4,91,6.2,85,0.0,1008.4,0.2,1.3000000000000007,6,1,1
2023-01-20 07:00:00,23.4,87,6.2,77,39.0,1014.2,0.3,22.0,88,6.7,88,38.0,1009.7,0.1,1.3999999999999986,7,1,1
2023-01-20 08:00:00,24.4,84,6.0,96,198.0,1015.1,0.3,23.6,81,6.9,75,186.0,1010.6,0.1,0.7999999999999972,8,1,1
2023-01-20 09:00:00,25.9,75,10.2,88,405.0,1015.5,0.1,25.4,74,8.7,89,386.0,1011.1,0.2,0.5,9,1,1
2023-01-20 10:00:00,26.5,71,16.0,97,520.0,1015.2,0.2,26.3,71,14.2,86,487.0,1010.7,0.7,0.1999999999999993,10,1,1
2023-01-20 11:00:00,26.5,71,17.2,92,571.0,1014.5,0.3,27.1,66,15.6,83,624.0,1009.8,0.4,-0.6000000000000014,11,1,1
2023-01-20 12:00:00,26.9,69,17.4,93,678.0,1013.5,0.5,27.3,64,15.3,81,667.0,1008.9,0.5,-0.40000000000000213,12,1,1
2023-01-20 13:00:00,27.4,66,18.0,79,749.0,1012.5,0.4,27.1,65,14.2,86,562.0,1008.0,0.7,0.29999999999999716,13,1,1
2023-01-20 14:00:00,27.0,68,16.3,81,595.0,1011.6,0.5,26.9,68,14.8,91,615.0,1007.0,0.9,0.10000000000000142,14,1,1
2023-01-20 15:00:00,26.6,69,15.0,54,469.0,1011.4,0.2,27.0,66,14.0,86,494.0,1006.8,0.5,-0.3999999999999986,15,1,1
2023-01-20 16:00:00,27.1,65,12.3,45,344.0,1011.3,0.1,26.6,66,13.4,77,285.0,1006.8,0.4,0.5,16,1,1
2023-01-20 17:00:00,26.4,67,10.3,73,141.0,1011.6,0.0,26.8,64,8.9,47,115.0,1007.0,0.1,-0.40000000000000213,17,1,1
2023-01-20 18:00:00,25.4,72,8.4,37,13.0,1012.2,0.0,24.9,73,6.1,50,14.0,1007.7,0.0,0.5,18,1,1
2023-01-20 19:00:00,24.7,79,9.6,63,0.0,1013.1,0.0,24.3,78,7.6,46,0.0,1008.5,0.0,0.3999999999999986,19,1,0
2023-01-20 20:00:00,24.3,84,6.3,49,0.0,1014.0,0.0,23.9,81,8.9,42,0.0,1009.5,0.0,0.40000000000000213,20,1,0
2023-01-20 21:00:00,23.9,86,7.6,40,0.0,1014.3,0.0,23.7,83,9.6,41,0.0,1009.8,0.0,0.1999999999999993,21,1,0
2023-01-20 22:00:00,23.9,85,11.0,85,0.0,1014.1,0.1,23.0,88,9.2,85,0.0,1009.6,0.0,0.8999999999999986,22,1,0
2023-01-20 23:00:00,24.0,84,10.7,59,0.0,1013.8,0.0,22.5,90,7.3,77,0.0,1009.3,0.0,1.5,23,1,0
2023-01-21 00:00:00,23.8,85,11.8,71,0.0,1013.4,0.0,22.1,93,5.4,98,0.0,1008.9,0.1,1.6999999999999993,0,1,0
2023-01-21 01:00:00,23.0,89,10.9,92,0.0,1012.9,0.4,21.7,95,5.2,80,0.0,1008.5,0.1,1.3000000000000007,1,1,0
2023-01-21 02:00:00,23.0,90,7.4,65,0.0,1012.2,0.3,21.7,95,4.0,46,0.0,1007.6,0.1,1.3000000000000007,2,1,0
2023-01-21 03:00:00,22.8,90,6.0,59,0.0,1011.7,0.0,21.5,96,4.7,80,0.0,1007.3,0.1,1.3000000000000007,3,1,0
2023-01-21 04:00:00,22.8,88,6.5,28,0.0,1011.6,0.1,21.8,95,4.3,83,0.0,1007.1,0.1,1.0,4,1,0
2023-01-21 05:00:00,23.2,87,6.5,63,0.0,1011.8,0.0,21.9,95,6.5,93,0.0,1007.3,0.0,1.3000000000000007,5,1,0
2023-01-21 06:00:00,22.9,88,5.6,100,0.0,1012.2,0.0,21.8,96,8.3,100,0.0,1007.7,0.0,1.0999999999999979,6,1,1
2023-01-21 07:00:00,24.3,81,8.9,56,41.0,1013.0,0.0,22.3,96,10.1,86,35.0,1008.5,0.0,2.0,7,1,1
2023-01-21 08:00:00,26.2,69,9.5,28,230.0,1014.0,0.0,24.4,86,8.4,36,215.0,1009.5,0.0,1.8000000000000007,8,1,1
2023-01-21 09:00:00,27.7,57,14.6,33,454.0,1014.6,0.0,27.0,68,9.7,90,452.0,1010.1,0.1,0.6999999999999993,9,1,1
2023-01-21 10:00:00,28.2,55,16.1,58,580.0,1014.5,0.0,28.7,54,14.5,70,602.0,1009.9,0.0,-0.5,10,1,1
2023-01-21 11:00:00,28.9,53,17.8,57,774.0,1013.9,0.0,29.4,49,17.1,83,781.0,1009.3,0.0,-0.5,11,1,1
2023-01-21 12:00:00,29.1,52,19.1,77,824.0,1012.6,0.0,29.7,48,19.4,100,812.0,1008.0,0.0,-0.5999999999999979,12,1,1
2023-01-21 13:00:00,29.0,52,19.1,97,767.0,1011.5,0.0,29.5,49,19.2,100,776.0,1006.9,0.0,-0.5,13,1,1
2023-01-21 14:00:00,28.6,53,20.6,100,650.0,1010.5,0.0,29.3,49,18.6,100,702.0,1005.9,0.0,-0.6999999999999993,14,1,1
2023-01-21 15:00:00,26.8,69,21.3,97,546.0,1010.3,0.2,29.0,48,19.6,95,566.0,1005.5,0.0,-2.1999999999999993,15,1,1
2023-01-21 16:00:00,25.9,71,19.4,72,269.0,1010.5,0.0,26.4,69,19.1,43,316.0,1005.7,0.0,-0.5,16,1,1
2023-01-21 17:00:00,24.8,80,15.0,32,150.0,1011.0,0.0,25.4,73,17.8,64,154.0,1006.2,0.0,-0.5999999999999979,17,1,1
2023-01-21 18:00:00,24.7,81,14.8,65,11.0,1011.5,0.3,25.0,76,13.9,49,12.0,1006.9,0.0,-0.3000000000000007,18,1,1
2023-01-21 19:00:00,24.3,81,16.1,72,0.0,1012.4,0.1,24.1,81,12.3,100,0.0,1007.9,0.0,0.1999999999999993,19,1,0
2023-01-21 20:00:00,23.8,85,14.0,99,0.0,1013.2,0.2,23.3,86,9.8,99,0.0,1008.8,0.1,0.5,20,1,0
2023-01-21 21:00:00,24.1,84,13.8,100,0.0,1013.2,0.2,23.2,88,9.7,100,0.0,1008.8,0.1,0.9000000000000021,21,1,0
2023-01-21 22:00:00,24.2,82,12.0,100,0.0,1012.9,0.1,22.9,89,7.6,100,0.0,1008.5,0.0,1.3000000000000007,22,1,0
2023-01-21 23:00:00,24.2,79,11.5,100,0.0,1012.5,0.0,22.5,91,5.4,100,0.0,1008.0,0.0,1.6999999999999993,23,1,0
2023-01-22 00:00:00,24.0,77,11.2,100,0.0,1012.1,0.0,22.2,91,6.0,100,0.0,1007.5,0.0,1.8000000000000007,0,1,0
2023-01-22 01:00:00,23.7,79,9.8,100,0.0,1011.4,0.0,21.7,92,7.6,100,0.0,1006.9,0.0,2.0,1,1,0
2023-01-22 02:00:00,23.1,82,7.5,100,0.0,1010.9,0.0,21.3,92,8.6,100,0.0,1006.3,0.0,1.8000000000000007,2,1,0
2023-01-22 03:00:00,23.0,82,7.6,100,0.0,1010.4,0.0,21.3,91,6.2,100,0.0,1005.8,0.0,1.6999999999999993,3,1,0
2023-01-22 04:00:00,22.4,86,6.2,98,0.0,1010.3,0.0,20.9,93,8.3,99,0.0,1005.8,0.0,1.5,4,1,0
2023-01-22 05:00:00,23.5,80,7.8,62,0.0,1011.2,0.0,22.1,89,5.2,100,0.0,1006.6,0.0,1.3999999999999986,5,1,0
2023-01-22 06:00:00,23.2,82,6.2,100,0.0,1011.6,0.0,21.9,91,4.3,100,0.0,1007.2,0.0,1.3000000000000007,6,1,1
2023-01-22 07:00:00,24.1,80,7.8,100,45.0,1012.6,0.0,22.9,87,7.9,100,42.0,1008.1,0.0,1.2000000000000028,7,1,1
2023-01-22 08:00:00,25.9,72,8.9,100,199.0,1013.3,0.0,25.2,77,7.8,100,195.0,1008.8,0.0,0.6999999999999993,8,1,1
2023-01-22 09:00:00,27.2,63,14.3,100,375.0,1013.9,0.0,27.1,64,11.8,100,367.0,1009.5,0.0,0.09999999999999787,9,1,1
2023-01-22 10:00:00,27.7,60,15.8,94,528.0,1014.0,0.0,28.2,57,14.8,100,538.0,1009.4,0.0,-0.5,10,1,1
2023-01-22 11:00:00,28.2,56,16.8,100,728.0,1013.2,0.0,28.7,52,16.4,100,700.0,1008.5,0.0,-0.5,11,1,1
2023-01-22 12:00:00,28.3,56,17.7,90,773.0,1012.1,0.0,28.5,53,16.9,100,667.0,1007.5,0.0,-0.1999999999999993,12,1,1
2023-01-22 13:00:00,27.8,58,17.3,95,664.0,1010.9,0.0,28.0,55,17.5,100,568.0,1006.3,0.0,-0.1999999999999993,13,1,1
2023-01-22 14:00:00,27.6,59,17.0,100,607.0,1010.1,0.0,27.7,56,16.8,100,524.0,1005.6,0.0,-0.09999999999999787,14,1,1
2023-01-22 15:00:00,27.2,61,16.8,100,471.0,1009.7,0.0,27.0,59,15.6,100,339.0,1005.2,0.0,0.1999999999999993,15,1,1
2023-01-22 16:00:00,26.6,62,15.8,100,281.0,1009.9,0.0,26.5,61,15.1,100,198.0,1005.4,0.0,0.10000000000000142,16,1,1
2023-01-22 17:00:00,26.3,62,13.8,93,116.0,1010.5,0.0,26.2,61,12.3,100,86.0,1005.9,0.0,0.10000000000000142,17,1,1
2023-01-22 18:00:00,25.5,66,11.0,100,13.0,1011.0,0.0,25.1,66,8.2,87,14.0,1006.5,0.0,0.3999999999999986,18,1,1
2023-01-22 19:00:00,25.1,68,9.5,96,0.0,1011.8,0.0,24.3,71,6.9,100,0.0,1007.3,0.0,0.8000000000000007,19,1,0
2023-01-22 20:00:00,24.9,69,10.4,100,0.0,1012.3,0.0,24.1,72,6.8,100,0.0,1007.8,0.0,0.7999999999999972,20,1,0
2023-01-22 21:00:00,25.1,67,11.0,100,0.0,1012.6,0.0,23.7,74,6.3,100,0.0,1008.1,0.0,1.4000000000000021,21,1,0
2023-01-22 22:00:00,25.2,67,11.7,100,0.0,1012.5,0.0,23.4,76,5.8,100,0.0,1008.0,0.0,1.8000000000000007,22,1,0
2023-01-22 23:00:00,25.1,68,10.5,100,0.0,1012.1,0.0,23.2,78,7.4,93,0.0,1007.6,0.0,1.9000000000000021,23,1,0
2023-01-23 00:00:00,25.0,68,9.2,99,0.0,1011.4,0.0,23.3,77,6.4,81,0.0,1006.9,0.0,1.6999999999999993,0,1,0
2023-01-23 01:00:00,24.8,69,8.6,92,0.0,1010.7,0.0,22.5,82,8.6,100,0.0,1006.3,0.0,2.3000000000000007,1,1,0
2023-01-23 02:00:00,24.5,70,7.5,100,0.0,1009.8,0.0,22.3,83,7.2,91,0.0,1005.3,0.0,2.1999999999999993,2,1,0
2023-01-23 03:00:00,24.7,71,7.7,86,0.0,1009.4,0.0,23.0,79,4.8,100,0.0,1004.9,0.0,1.6999999999999993,3,1,0
2023-01-23 04:00:00,24.9,70,8.9,70,0.0,1009.5,0.0,23.0,80,5.4,100,0.0,1004.9,0.0,1.8999999999999986,4,1,0
2023-01-23 05:00:00,25.1,73,10.2,63,0.0,1009.9,0.0,22.9,85,5.7,100,0.0,1005.4,0.0,2.200000000000003,5,1,0
2023-01-23 06:00:00,25.3,72,9.5,99,0.0,1010.4,0.0,23.8,81,6.1,100,0.0,1005.9,0.1,1.5,6,1,1
2023-01-23 07:00:00,25.9,71,11.4,100,28.0,1011.3,0.0,24.4,80,6.4,100,17.0,1006.8,0.0,1.5,7,1,1
2023-01-23 08:00:00,26.7,68,16.3,60,132.0,1012.1,0.1,26.0,72,9.3,100,114.0,1007.5,0.0,0.6999999999999993,8,1,1
2023-01-23 09:00:00,27.6,64,18.6,32,327.0,1012.5,0.0,27.3,66,14.1,66,243.0,1008.0,0.0,0.3000000000000007,9,1,1
2023-01-23 10:00:00,28.1,63,18.3,63,473.0,1012.3,0.0,28.8,59,16.4,100,508.0,1007.7,0.0,-0.6999999999999993,10,1,1
2023-01-23 11:00:00,28.7,61,19.3,83,727.0,1011.5,0.1,29.1,57,16.9,100,571.0,1006.9,0.0,-0.40000000000000213,11,1,1
2023-01-23 12:00:00,28.7,61,17.6,100,667.0,1010.6,0.0,28.2,61,16.5,99,363.0,1006.1,0.0,0.5,12,1,1
2023-01-23 13:00:00,28.6,62,18.7,100,634.0,1009.7,0.0,28.6,62,17.1,50,649.0,1005.1,0.2,0.0,13,1,1
2023-01-23 14:00:00,27.9,64,18.1,40,506.0,1009.0,0.0,28.0,65,18.0,97,537.0,1004.4,0.4,-0.10000000000000142,14,1,1
2023-01-23 15:00:00,27.7,64,16.9,32,394.0,1008.7,0.0,28.0,63,18.3,89,466.0,1004.1,0.1,-0.3000000000000007,15,1,1
2023-01-23 16:00:00,27.6,63,17.4,43,322.0,1008.8,0.0,27.7,62,17.6,76,345.0,1004.2,0.0,-0.09999999999999787,16,1,1
2023-01-23 17:00:00,26.5,70,16.2,37,159.0,1009.7,0.0,26.6,66,16.6,73,163.0,1005.0,0.0,-0.10000000000000142,17,1,1
2023-01-23 18:00:00,25.9,73,14.6,35,14.0,1010.3,0.0,26.0,71,13.2,100,13.0,1005.6,0.0,-0.10000000000000142,18,1,1
2023-01-23 19:00:00,25.6,74,15.5,99,0.0,1011.1,0.0,25.5,73,11.0,56,0.0,1006.5,0.0,0.10000000000000142,19,1,0
2023-01-23 20:00:00,25.3,76,15.0,87,0.0,1012.1,0.0,25.5,73,11.7,99,0.0,1007.5,0.0,-0.1999999999999993,20,1,0
2023-01-23 21:00:00,25.4,76,13.9,87,0.0,1012.4,0.0,25.1,76,13.5,95,0.0,1007.9,0.0,0.29999999999999716,21,1,0
2023-01-23 22:00:00,25.5,75,15.3,88,0.0,1012.4,0.0,24.9,77,11.2,91,0.0,1007.9,0.0,0.6000000000000014,22,1,0
2023-01-23 23:00:00,25.3,75,14.2,93,0.0,1012.0,0.0,24.9,77,10.8,82,0.0,1007.5,0.0,0.40000000000000213,23,1,0
2023-01-24 00:00:00,25.1,76,13.8,88,0.0,1011.5,0.0,24.8,77,10.5,91,0.0,1006.9,0.0,0.3000000000000007,0,1,0
2023-01-24 01:00:00,24.7,78,13.2,83,0.0,1010.8,0.0,24.2,79,8.7,84,0.0,1006.3,0.0,0.5,1,1,0
2023-01-24 02:00:00,24.3,79,12.2,78,0.0,1009.9,0.0,23.6,82,7.9,84,0.0,1005.4,0.0,0.6999999999999993,2,1,0
2023-01-24 03:00:00,24.3,77,11.6,87,0.0,1009.5,0.0,23.5,82,7.6,100,0.0,1005.0,0.0,0.8000000000000007,3,1,0
2023-01-24 04:00:00,24.3,76,10.1,98,0.0,1009.6,0.0,23.7,80,6.4,91,0.0,1005.1,0.0,0.6000000000000014,4,1,0
2023-01-24 05:00:00,23.9,81,7.2,73,0.0,1010.3,0.0,22.4,89,8.8,74,0.0,1005.8,0.0,1.5,5,1,0
2023-01-24 06:00:00,23.3,84,6.5,65,0.0,1011.1,0.0,22.2,89,8.4,75,0.0,1006.5,0.0,1.1000000000000014,6,1,1
2023-01-24 07:00:00,24.8,79,9.7,61,46.0,1012.1,0.0,24.1,80,7.1,100,46.0,1007.6,0.0,0.6999999999999993,7,1,1
2023-01-24 08:00:00,26.3,69,12.6,100,231.0,1012.9,0.0,26.4,69,11.2,100,229.0,1008.3,0.0,-0.09999999999999787,8,1,1
2023-01-24 09:00:00,27.0,63,11.9,99,409.0,1013.5,0.0,27.5,62,11.9,98,443.0,1008.9,0.0,-0.5,9,1,1
2023-01-24 10:00:00,27.7,59,11.5,98,629.0,1013.4,0.0,28.2,57,11.5,94,609.0,1008.8,0.0,-0.5,10,1,1
2023-01-24 11:00:00,28.0,59,11.6,99,741.0,1012.9,0.0,28.8,56,11.6,98,776.0,1008.2,0.0,-0.8000000000000007,11,1,1
2023-01-24 12:00:00,28.0,61,14.3,93,818.0,1011.7,0.0,29.0,57,14.0,99,848.0,1007.0,0.0,-1.0,12,1,1
2023-01-24 13:00:00,28.0,58,15.3,96,828.0,1010.5,0.0,28.9,55,14.8,99,845.0,1005.8,0.0,-0.8999999999999986,13,1,1
2023-01-24 14:00:00,27.7,58,16.3,98,766.0,1009.8,0.0,28.4,55,15.7,99,769.0,1005.1,0.0,-0.6999999999999993,14,1,1
2023-01-24 15:00:00,27.2,60,17.1,99,607.0,1009.3,0.0,27.7,57,16.5,99,617.0,1004.6,0.0,-0.5,15,1,1
2023-01-24 16:00:00,26.5,62,16.8,96,406.0,1009.4,0.0,26.7,58,16.0,98,416.0,1004.7,0.0,-0.1999999999999993,16,1,1
2023-01-24 17:00:00,25.8,63,15.9,91,182.0,1010.1,0.0,25.7,64,14.5,98,187.0,1005.5,0.0,0.10000000000000142,17,1,1
2023-01-24 18:00:00,25.0,66,12.4,83,18.0,1010.7,0.0,24.5,70,10.1,96,19.0,1006.1,0.0,0.5,18,1,1
2023-01-24 19:00:00,24.7,68,11.8,85,0.0,1011.6,0.0,23.9,73,9.7,92,0.0,1007.0,0.0,0.8000000000000007,19,1,0
2023-01-24 20:00:00,24.6,68,13.1,95,0.0,1012.4,0.0,23.6,73,10.0,94,0.0,1007.8,0.0,1.0,20,1,0
2023-01-24 21:00:00,24.4,69,13.2,94,0.0,1012.6,0.0,23.1,74,8.8,83,0.0,1008.1,0.0,1.2999999999999972,21,1,0
2023-01-24 22:00:00,24.2,70,12.8,91,0.0,1012.4,0.0,22.4,77,7.3,73,0.0,1007.8,0.0,1.8000000000000007,22,1,0
2023-01-24 23:00:00,24.0,71,12.1,80,0.0,1012.1,0.0,21.7,81,7.8,79,0.0,1007.6,0.0,2.3000000000000007,23,1,0
2023-01-25 00:00:00,23.8,72,11.2,84,0.0,1012.0,0.0,21.6,83,8.2,98,0.0,1007.4,0.0,2.1999999999999993,0,1,0
2023-01-25 01:00:00,23.5,73,9.5,78,0.0,1011.3,0.0,21.4,84,9.8,90,0.0,1006.7,0.0,2.1000000000000014,1,1,0
2023-01-25 02:00:00,23.1,73,7.9,18,0.0,1010.5,0.0,21.1,84,9.2,34,0.0,1005.9,0.0,2.0,2,1,0
2023-01-25 03:00:00,22.9,73,7.6,11,0.0,1009.9,0.0,20.6,86,9.6,34,0.0,1005.2,0.0,2.299999999999997,3,1,0
2023-01-25 04:00:00,22.3,76,6.8,49,0.0,1009.8,0.0,20.5,87,10.0,54,0.0,1005.3,0.0,1.8000000000000007,4,1,0
2023-01-25 05:00:00,22.9,82,5.3,83,0.0,1011.0,0.0,21.9,88,3.4,79,0.0,1006.4,0.0,1.0,5,1,0
2023-01-25 06:00:00,23.2,84,6.6,99,0.0,1011.5,0.1,21.8,90,5.1,94,0.0,1007.0,0.0,1.3999999999999986,6,1,1
2023-01-25 07:00:00,24.3,82,7.4,95,42.0,1012.0,0.1,23.0,84,4.8,99,38.0,1007.6,0.0,1.3000000000000007,7,1,1
2023-01-25 08:00:00,25.8,73,10.2,98,220.0,1012.6,0.2,24.9,78,4.7,97,164.0,1008.2,0.0,0.9000000000000021,8,1,1
2023-01-25 09:00:00,26.9,64,15.3,97,406.0,1013.1,0.0,26.6,68,13.6,98,341.0,1008.5,0.0,0.29999999999999716,9,1,1
2023-01-25 10:00:00,27.6,58,16.0,92,591.0,1013.0,0.0,27.5,63,15.7,84,486.0,1008.3,0.0,0.10000000000000142,10,1,1
2023-01-25 11:00:00,27.9,55,16.0,51,760.0,1012.3,0.0,28.4,57,15.4,91,677.0,1007.7,0.0,-0.5,11,1,1
2023-01-25 12:00:00,28.0,55,16.0,72,846.0,1011.4,0.0,28.8,54,14.7,98,806.0,1006.8,0.0,-0.8000000000000007,12,1,1
2023-01-25 13:00:00,28.0,54,14.9,98,851.0,1010.4,0.0,28.6,52,14.2,100,836.0,1005.8,0.0,-0.6000000000000014,13,1,1
2023-01-25 14:00:00,27.8,55,13.8,98,763.0,1009.6,0.0,28.3,52,14.3,100,752.0,1005.0,0.0,-0.5,14,1,1
2023-01-25 15:00:00,27.3,57,14.1,100,605.0,1009.3,0.0,27.8,52,14.2,73,617.0,1004.7,0.0,-0.5,15,1,1
2023-01-25 16:00:00,26.8,57,13.4,98,397.0,1009.1,0.0,26.9,56,13.9,20,418.0,1004.6,0.0,-0.09999999999999787,16,1,1
2023-01-25 17:00:00,26.7,59,14.6,14,182.0,1010.0,0.0,26.2,62,13.4,3,190.0,1005.5,0.0,0.5,17,1,1
2023-01-25 18:00:00,26.1,63,13.7,42,16.0,1010.6,0.0,25.1,66,9.4,59,19.0,1006.1,0.0,1.0,18,1,1
2023-01-25 19:00:00,25.7,66,13.4,40,0.0,1011.4,0.0,25.1,68,9.8,4,0.0,1006.8,0.0,0.5999999999999979,19,1,0
2023-01-25 20:00:00,25.4,68,12.8,22,0.0,1011.9,0.0,24.2,72,7.3,24,0.0,1007.4,0.0,1.1999999999999993,20,1,0
2023-01-25 21:00:00,25.1,70,11.9,24,0.0,1012.2,0.0,24.0,73,7.0,50,0.0,1007.6,0.0,1.1000000000000014,21,1,0
2023-01-25 22:00:00,24.8,70,10.6,43,0.0,1012.0,0.0,23.4,76,6.8,60,0.0,1007.4,0.0,1.4000000000000021,22,1,0
2023-01-25 23:00:00,24.5,72,9.7,32,0.0,1011.7,0.0,23.0,78,7.1,42,0.0,1007.2,0.0,1.5,23,1,0
2023-01-26 00:00:00,24.1,73,9.2,62,0.0,1011.5,0.0,22.5,81,7.4,79,0.0,1006.9,0.0,1.6000000000000014,0,1,0
2023-01-26 01:00:00,23.9,73,8.9,25,0.0,1010.9,0.0,23.0,78,5.6,42,0.0,1006.3,0.0,0.8999999999999986,1,1,0
2023-01-26 02:00:00,23.5,75,8.7,34,0.0,1010.1,0.0,21.5,85,8.7,23,0.0,1005.5,0.0,2.0,2,1,0
2023-01-26 03:00:00,23.3,73,7.9,11,0.0,1009.9,0.0,20.3,91,8.6,82,0.0,1005.3,0.0,3.0,3,1,0
2023-01-26 04:00:00,21.9,79,6.7,80,0.0,1009.9,0.0,20.6,91,5.7,96,0.0,1005.4,0.0,1.2999999999999972,4,1,0
2023-01-26 05:00:00,21.5,88,5.9,100,0.0,1010.4,0.0,21.3,95,4.9,43,0.0,1005.9,0.0,0.1999999999999993,5,1,0
2023-01-26 06:00:00,21.8,88,6.8,50,0.0,1011.3,0.0,20.6,97,5.0,11,0.0,1006.7,0.0,1.1999999999999993,6,1,1
2023-01-26 07:00:00,22.8,84,7.9,62,41.0,1012.0,0.0,21.5,93,9.3,22,46.0,1007.5,0.0,1.3000000000000007,7,1,1
2023-01-26 08:00:00,25.1,75,6.8,39,211.0,1012.5,0.0,24.0,80,7.9,66,232.0,1008.1,0.0,1.1000000000000014,8,1,1
2023-01-26 09:00:00,26.9,63,11.0,57,418.0,1013.2,0.0,26.6,66,7.9,70,427.0,1008.6,0.0,0.29999999999999716,9,1,1
2023-01-26 10:00:00,28.1,55,13.4,53,641.0,1012.9,0.0,28.1,55,13.2,100,538.0,1008.4,0.0,0.0,10,1,1
2023-01-26 11:00:00,28.4,54,14.0,18,685.0,1012.2,0.0,29.0,51,13.5,23,736.0,1007.6,0.0,-0.6000000000000014,11,1,1
2023-01-26 12:00:00,29.0,51,13.6,24,818.0,1011.2,0.0,29.5,49,13.2,50,793.0,1006.6,0.0,-0.5,12,1,1
2023-01-26 13:00:00,29.3,49,13.7,36,811.0,1009.8,0.0,29.5,48,13.6,41,755.0,1005.3,0.0,-0.1999999999999993,13,1,1
2023-01-26 14:00:00,29.1,49,15.7,45,722.0,1009.1,0.0,29.3,47,13.3,30,667.0,1004.6,0.0,-0.1999999999999993,14,1,1
2023-01-26 15:00:00,27.9,57,18.4,91,525.0,1009.1,0.0,28.9,47,14.3,17,560.0,1004.4,0.0,-1.0,15,1,1
2023-01-26 16:00:00,27.3,56,16.4,9,340.0,1009.5,0.0,28.0,50,15.9,57,367.0,1004.7,0.0,-0.6999999999999993,16,1,1
2023-01-26 17:00:00,26.6,62,15.0,8,173.0,1009.9,0.0,26.6,62,15.8,15,139.0,1005.3,0.0,0.0,17,1,1
2023-01-26 18:00:00,25.6,66,12.5,28,19.0,1010.6,0.0,25.5,66,11.6,35,19.0,1006.1,0.0,0.10000000000000142,18,1,1
2023-01-26 19:00:00,25.3,67,13.0,10,0.0,1011.7,0.0,24.7,70,9.3,0,0.0,1007.1,0.0,0.6000000000000014,19,1,0
2023-01-26 20:00:00,25.2,68,13.8,0,0.0,1012.2,0.0,24.2,72,8.9,0,0.0,1007.7,0.0,1.0,20,1,0
2023-01-26 21:00:00,25.0,68,13.4,14,0.0,1012.6,0.0,23.9,73,8.4,56,0.0,1008.1,0.0,1.1000000000000014,21,1,0
2023-01-26 22:00:00,24.7,68,12.0,99,0.0,1012.6,0.0,23.4,75,7.6,100,0.0,1008.1,0.0,1.3000000000000007,22,1,0
2023-01-26 23:00:00,24.5,69,11.7,100,0.0,1012.4,0.0,22.9,78,7.4,100,0.0,1007.9,0.0,1.6000000000000014,23,1,0
2023-01-27 00:00:00,23.8,73,9.2,100,0.0,1011.9,0.0,22.2,82,7.0,100,0.0,1007.3,0.0,1.6000000000000014,0,1,0
2023-01-27 01:00:00,23.4,76,8.1,100,0.0,1011.3,0.0,21.6,85,7.1,26,0.0,1006.7,0.0,1.7999999999999972,1,1,0
2023-01-27 02:00:00,22.9,78,7.0,91,0.0,1010.7,0.0,20.4,90,11.0,4,0.0,1006.1,0.0,2.5,2,1,0
2023-01-27 03:00:00,21.8,81,6.5,62,0.0,1010.2,0.0,20.1,88,10.2,1,0.0,1005.6,0.0,1.6999999999999993,3,1,0
2023-01-27 04:00:00,21.2,82,8.0,3,0.0,1010.2,0.0,19.9,87,9.2,0,0.0,1005.7,0.0,1.3000000000000007,4,1,0
2023-01-27 05:00:00,22.9,81,6.4,3,0.0,1010.8,0.0,21.3,92,6.2,0,0.0,1006.2,0.0,1.5999999999999979,5,1,0
2023-01-27 06:00:00,23.3,78,7.8,53,0.0,1011.6,0.0,21.3,92,5.8,39,0.0,1006.9,0.0,2.0,6,1,1
2023-01-27 07:00:00,24.3,73,9.0,8,46.0,1012.5,0.0,23.4,80,8.9,30,41.0,1008.0,0.0,0.9000000000000021,7,1,1
2023-01-27 08:00:00,26.2,62,7.6,12,245.0,1013.0,0.0,25.7,68,9.7,39,206.0,1008.5,0.0,0.5,8,1,1
2023-01-27 09:00:00,27.5,53,12.9,69,422.0,1013.4,0.0,27.3,58,12.0,42,427.0,1008.9,0.0,0.1999999999999993,9,1,1
2023-01-27 10:00:00,28.0,51,15.4,72,516.0,1012.9,0.0,28.5,52,13.0,15,632.0,1008.4,0.0,-0.5,10,1,1
2023-01-27 11:00:00,28.7,50,15.3,53,739.0,1012.2,0.0,29.1,48,14.7,15,751.0,1007.7,0.0,-0.40000000000000213,11,1,1
2023-01-27 12:00:00,28.7,51,15.8,16,830.0,1010.9,0.0,29.4,47,14.7,15,853.0,1006.3,0.0,-0.6999999999999993,12,1,1
2023-01-27 13:00:00,28.6,52,15.7,11,826.0,1009.8,0.0,29.4,48,15.1,11,833.0,1005.2,0.0,-0.7999999999999972,13,1,1
2023-01-27 14:00:00,28.2,54,15.1,4,742.0,1009.3,0.0,29.1,48,15.0,10,769.0,1004.6,0.0,-0.9000000000000021,14,1,1
2023-01-27 15:00:00,27.7,56,15.2,0,617.0,1009.1,0.0,28.5,50,15.2,2,619.0,1004.5,0.0,-0.8000000000000007,15,1,1
2023-01-27 16:00:00,26.9,58,14.9,0,418.0,1009.3,0.0,27.4,54,15.7,0,422.0,1004.7,0.0,-0.5,16,1,1
2023-01-27 17:00:00,26.4,60,13.2,2,190.0,1009.9,0.0,26.4,59,14.5,3,194.0,1005.2,0.0,0.0,17,1,1
2023-01-27 18:00:00,25.2,66,9.7,28,20.0,1010.6,0.0,24.8,66,8.9,34,21.0,1006.1,0.0,0.3999999999999986,18,1,1
2023-01-27 19:00:00,24.6,70,8.9,20,0.0,1011.4,0.0,23.1,75,6.9,5,0.0,1006.9,0.0,1.5,19,1,0
2023-01-27 20:00:00,24.0,73,8.2,5,0.0,1011.9,0.0,22.2,80,8.5,14,0.0,1007.3,0.0,1.8000000000000007,20,1,0
2023-01-27 21:00:00,23.3,78,6.4,88,0.0,1012.3,0.0,21.8,83,7.8,19,0.0,1007.7,0.0,1.5,21,1,0
2023-01-27 22:00:00,22.5,85,6.1,65,0.0,1011.9,0.0,21.1,88,7.6,41,0.0,1007.3,0.0,1.3999999999999986,22,1,0
2023-01-27 23:00:00,22.4,87,6.6,69,0.0,1011.4,0.0,20.6,91,6.2,24,0.0,1006.8,0.0,1.7999999999999972,23,1,0
2023-01-28 00:00:00,22.1,89,6.5,100,0.0,1010.7,0.0,20.0,94,6.2,63,0.0,1006.2,0.0,2.1000000000000014,0,1,0
2023-01-28 01:00:00,21.8,90,6.5,70,0.0,1010.2,0.0,20.0,95,5.6,97,0.0,1005.6,0.0,1.8000000000000007,1,1,0
2023-01-28 02:00:00,21.7,91,6.6,81,0.0,1009.7,0.0,20.0,95,6.6,97,0.0,1005.2,0.0,1.6999999999999993,2,1,0
2023-01-28 03:00:00,21.5,91,6.5,100,0.0,1009.6,0.0,20.0,96,7.6,97,0.0,1005.0,0.0,1.5,3,1,0
2023-01-28 04:00:00,21.1,92,6.1,86,0.0,1009.7,0.0,19.8,97,7.0,94,0.0,1005.2,0.0,1.3000000000000007,4,1,0
2023-01-28 05:00:00,21.1,92,8.9,34,0.0,1010.3,0.0,20.5,94,8.5,34,0.0,1005.8,0.0,0.6000000000000014,5,1,0
2023-01-28 06:00:00,21.1,92,10.7,34,0.0,1011.2,0.0,20.7,93,8.6,50,0.0,1006.6,0.0,0.40000000000000213,6,1,1
2023-01-28 07:00:00,21.7,89,12.8,29,45.0,1012.0,0.0,21.5,89,10.0,8,47.0,1007.3,0.0,0.1999999999999993,7,1,1
2023-01-28 08:00:00,24.0,81,12.5,11,232.0,1012.4,0.0,24.1,78,9.8,5,233.0,1007.9,0.0,-0.10000000000000142,8,1,1
2023-01-28 09:00:00,26.2,72,14.9,53,434.0,1012.8,0.1,26.5,69,13.2,23,464.0,1008.3,0.0,-0.3000000000000007,9,1,1
2023-01-28 10:00:00,27.7,62,16.6,34,602.0,1012.5,0.1,28.0,61,17.8,40,636.0,1008.0,0.0,-0.3000000000000007,10,1,1
2023-01-28 11:00:00,28.5,58,17.1,15,733.0,1011.4,0.0,29.0,55,17.1,18,709.0,1006.8,0.0,-0.5,11,1,1
2023-01-28 12:00:00,28.9,55,17.3,6,833.0,1009.9,0.0,29.7,51,16.8,10,822.0,1005.4,0.0,-0.8000000000000007,12,1,1
2023-01-28 13:00:00,28.9,54,17.8,13,833.0,1008.9,0.0,29.5,50,17.2,6,818.0,1004.4,0.0,-0.6000000000000014,13,1,1
2023-01-28 14:00:00,28.7,55,18.2,14,730.0,1008.5,0.0,29.2,51,18.4,12,754.0,1003.9,0.0,-0.5,14,1,1
2023-01-28 15:00:00,28.2,56,17.7,20,580.0,1008.6,0.0,28.6,53,17.5,19,583.0,1004.1,0.0,-0.40000000000000213,15,1,1
2023-01-28 16:00:00,27.5,58,16.9,18,382.0,1008.6,0.0,27.9,55,15.6,13,393.0,1004.2,0.0,-0.3999999999999986,16,1,1
2023-01-28 17:00:00,26.8,62,15.3,14,170.0,1008.8,0.0,26.8,59,14.0,6,176.0,1004.3,0.0,0.0,17,1,1
2023-01-28 18:00:00,25.8,67,12.4,24,19.0,1009.3,0.0,25.6,65,9.8,15,20.0,1004.8,0.0,0.1999999999999993,18,1,1
2023-01-28 19:00:00,25.3,70,11.6,34,0.0,1010.3,0.0,24.9,70,9.2,26,0.0,1005.7,0.0,0.40000000000000213,19,1,0
2023-01-28 20:00:00,25.0,72,10.7,34,0.0,1010.8,0.0,24.4,73,8.0,21,0.0,1006.2,0.0,0.6000000000000014,20,1,0
2023-01-28 21:00:00,24.6,74,10.0,39,0.0,1011.1,0.0,23.7,77,8.3,37,0.0,1006.7,0.0,0.9000000000000021,21,1,0
2023-01-28 22:00:00,24.6,74,10.2,51,0.0,1011.0,0.0,23.3,80,7.6,55,0.0,1006.5,0.0,1.3000000000000007,22,1,0
2023-01-28 23:00:00,24.7,74,10.6,34,0.0,1010.4,0.0,22.7,84,4.7,69,0.0,1006.1,0.0,2.0,23,1,0
2023-01-29 00:00:00,24.7,74,11.3,44,0.0,1009.8,0.0,22.3,88,6.8,68,0.0,1005.5,0.0,2.3999999999999986,0,1,0
2023-01-29 01:00:00,24.4,75,11.4,61,0.0,1009.0,0.0,22.1,89,5.5,60,0.0,1004.7,0.0,2.299999999999997,1,1,0
2023-01-29 02:00:00,24.1,76,11.3,25,0.0,1008.4,0.0,21.9,90,5.9,40,0.0,1004.0,0.0,2.200000000000003,2,1,0
2023-01-29 03:00:00,23.8,77,10.3,35,0.0,1008.2,0.0,21.5,92,6.9,36,0.0,1003.8,0.0,2.3000000000000007,3,1,0
2023-01-29 04:00:00,23.5,78,10.1,75,0.0,1008.5,0.0,21.3,93,6.9,100,0.0,1003.9,0.0,2.1999999999999993,4,1,0
2023-01-29 05:00:00,22.7,89,7.6,95,0.0,1008.6,0.0,21.2,97,9.2,100,0.0,1004.1,0.0,1.5,5,1,0
2023-01-29 06:00:00,23.0,88,7.7,98,0.0,1009.6,0.0,21.4,96,8.7,100,0.0,1005.1,0.0,1.6000000000000014,6,1,1
2023-01-29 07:00:00,23.8,85,10.2,99,43.0,1010.3,0.0,22.5,91,10.6,100,39.0,1005.8,0.0,1.3000000000000007,7,1,1
2023-01-29 08:00:00,26.0,73,12.0,96,225.0,1010.8,0.0,24.9,80,10.6,79,214.0,1006.3,0.0,1.1000000000000014,8,1,1
2023-01-29 09:00:00,27.6,63,19.6,95,454.0,1011.5,0.1,27.0,68,16.4,42,426.0,1006.9,0.3,0.6000000000000014,9,1,1
2023-01-29 10:00:00,28.0,61,22.7,86,534.0,1011.1,0.0,28.5,59,21.8,48,584.0,1006.4,0.0,-0.5,10,1,1
2023-01-29 11:00:00,28.3,59,22.8,44,638.0,1010.4,0.0,29.1,56,22.0,46,681.0,1005.8,0.0,-0.8000000000000007,11,1,1
2023-01-29 12:00:00,28.5,59,22.8,90,741.0,1009.2,0.1,29.2,55,21.9,91,703.0,1004.6,0.1,-0.6999999999999993,12,1,1
2023-01-29 13:00:00,28.2,61,23.4,76,707.0,1008.1,0.1,28.9,57,23.3,88,753.0,1003.4,0.1,-0.6999999999999993,13,1,1
2023-01-29 14:00:00,27.9,62,21.5,100,546.0,1007.1,0.2,28.6,58,21.3,100,587.0,1002.6,0.0,-0.7000000000000028,14,1,1
2023-01-29 15:00:00,27.9,61,20.5,100,480.0,1007.1,0.0,28.1,59,20.2,100,490.0,1002.7,0.1,-0.20000000000000284,15,1,1
2023-01-29 16:00:00,27.5,62,19.5,100,374.0,1007.4,0.0,27.5,62,19.3,100,311.0,1003.0,0.0,0.0,16,1,1
2023-01-29 17:00:00,27.0,67,16.8,100,157.0,1007.9,0.0,26.9,66,16.1,100,140.0,1003.5,0.0,0.10000000000000142,17,1,1
2023-01-29 18:00:00,26.0,73,13.3,98,17.0,1008.9,0.1,25.6,73,12.9,100,19.0,1004.3,0.0,0.3999999999999986,18,1,1
2023-01-29 19:00:00,25.8,74,12.5,98,0.0,1009.6,0.0,25.2,75,10.8,99,0.0,1005.0,0.0,0.6000000000000014,19,1,0
2023-01-29 20:00:00,25.6,74,12.2,100,0.0,1010.7,0.0,25.2,75,8.9,99,0.0,1006.1,0.0,0.40000000000000213,20,1,0
2023-01-29 21:00:00,25.6,74,9.3,100,0.0,1011.2,0.0,25.0,76,7.3,100,0.0,1006.7,0.0,0.6000000000000014,21,1,0
2023-01-29 22:00:00,25.5,75,8.8,100,0.0,1010.9,0.0,24.3,80,5.4,100,0.0,1006.4,0.0,1.1999999999999993,22,1,0
2023-01-29 23:00:00,25.3,75,6.3,98,0.0,1010.5,0.0,23.7,83,7.1,100,0.0,1006.1,0.0,1.6000000000000014,23,1,0
2023-01-30 00:00:00,24.8,78,6.0,100,0.0,1009.8,0.0,23.3,86,8.0,100,0.0,1005.4,0.0,1.5,0,1,0
2023-01-30 01:00:00,24.7,78,6.4,100,0.0,1009.1,0.0,23.1,87,7.2,100,0.0,1004.6,0.0,1.5999999999999979,1,1,0
2023-01-30 02:00:00,24.1,81,5.6,99,0.0,1008.6,0.0,22.7,88,6.5,95,0.0,1004.2,0.0,1.4000000000000021,2,1,0
2023-01-30 03:00:00,24.2,80,5.7,93,0.0,1008.4,0.0,22.9,88,3.9,99,0.0,1003.9,0.0,1.3000000000000007,3,1,0
2023-01-30 04:00:00,25.1,76,9.2,97,0.0,1008.8,0.0,22.6,91,6.5,97,0.0,1004.2,0.0,2.5,4,1,0
2023-01-30 05:00:00,24.5,83,6.1,93,0.0,1009.1,0.1,23.0,92,5.3,100,0.0,1004.7,0.0,1.5,5,1,0
2023-01-30 06:00:00,25.0,80,6.4,78,0.0,1010.0,0.0,23.4,91,4.0,95,0.0,1005.6,0.0,1.6000000000000014,6,1,1
2023-01-30 07:00:00,25.9,77,10.8,44,42.0,1010.8,0.2,24.2,89,5.5,60,35.0,1006.4,0.2,1.6999999999999993,7,1,1
2023-01-30 08:00:00,26.9,74,16.3,37,196.0,1011.7,0.4,25.8,82,7.8,56,196.0,1007.3,0.2,1.0999999999999979,8,1,1
2023-01-30 09:00:00,27.7,68,18.2,30,376.0,1012.4,0.2,26.9,74,12.5,100,313.0,1008.0,0.3,0.8000000000000007,9,1,1
2023-01-30 10:00:00,28.4,65,19.2,30,526.0,1012.0,0.1,26.5,77,13.9,86,314.0,1007.6,1.4,1.8999999999999986,10,1,1
2023-01-30 11:00:00,29.0,62,20.5,95,704.0,1011.6,0.2,29.2,62,17.4,82,657.0,1007.0,0.2,-0.1999999999999993,11,1,1
2023-01-30 12:00:00,28.7,64,21.1,99,712.0,1010.6,0.4,29.4,62,19.1,90,744.0,1006.0,0.4,-0.6999999999999993,12,1,1
2023-01-30 13:00:00,28.8,64,23.2,99,813.0,1009.6,0.3,29.5,62,21.0,99,777.0,1005.0,0.3,-0.6999999999999993,13,1,1
2023-01-30 14:00:00,28.4,66,24.3,99,674.0,1008.8,0.0,29.0,62,22.1,96,642.0,1004.2,0.0,-0.6000000000000014,14,1,1
2023-01-30 15:00:00,27.9,68,24.3,91,519.0,1008.6,0.0,28.3,66,23.0,77,489.0,1004.0,0.0,-0.40000000000000213,15,1,1
2023-01-30 16:00:00,27.6,68,23.7,15,373.0,1008.8,0.0,27.7,68,22.5,21,372.0,1004.2,0.0,-0.09999999999999787,16,1,1
2023-01-30 17:00:00,26.7,73,22.4,14,177.0,1009.3,0.0,26.7,72,19.6,14,175.0,1004.7,0.0,0.0,17,1,1
2023-01-30 18:00:00,25.9,77,18.5,85,19.0,1010.1,0.0,26.0,75,16.3,93,20.0,1005.6,0.0,-0.10000000000000142,18,1,1
2023-01-30 19:00:00,25.8,78,18.7,100,0.0,1011.1,0.0,25.5,78,14.5,100,0.0,1006.5,0.0,0.3000000000000007,19,1,0
2023-01-30 20:00:00,25.5,80,20.1,100,0.0,1011.5,0.0,25.2,79,15.0,100,0.0,1006.9,0.0,0.3000000000000007,20,1,0
2023-01-30 21:00:00,25.2,84,19.1,100,0.0,1011.8,0.0,24.9,82,14.0,19,0.0,1007.3,0.0,0.3000000000000007,21,1,0
2023-01-30 22:00:00,25.0,85,17.1,95,0.0,1011.6,0.0,24.5,87,11.9,100,0.0,1007.1,0.0,0.5,22,1,0
2023-01-30 23:00:00,25.0,84,15.0,100,0.0,1010.9,0.0,24.0,89,9.7,100,0.0,1006.5,0.0,1.0,23,1,0
2023-01-31 00:00:00,24.6,85,14.0,100,0.0,1010.6,0.0,23.6,92,7.9,100,0.0,1006.1,0.0,1.0,0,1,0
2023-01-31 01:00:00,24.7,84,14.2,100,0.0,1009.7,0.0,23.3,93,7.3,100,0.0,1005.3,0.1,1.3999999999999986,1,1,0
2023-01-31 02:00:00,24.6,85,13.2,100,0.0,1009.5,0.0,23.2,94,6.1,100,0.0,1005.0,0.1,1.4000000000000021,2,1,0
2023-01-31 03:00:00,24.5,86,12.8,99,0.0,1008.9,0.1,23.1,94,7.6,99,0.0,1004.4,0.0,1.3999999999999986,3,1,0
2023-01-31 04:00:00,24.5,84,12.2,100,0.0,1008.9,0.0,22.7,95,7.3,100,0.0,1004.4,0.0,1.8000000000000007,4,1,0
2023-01-31 05:00:00,24.8,82,11.8,100,0.0,1009.0,0.0,23.6,90,7.2,100,0.0,1004.5,0.0,1.1999999999999993,5,1,0
2023-01-31 06:00:00,24.4,86,11.3,100,0.0,1009.7,0.2,23.4,92,9.0,99,0.0,1005.2,0.0,1.0,6,1,1
2023-01-31 07:00:00,25.1,85,12.4,100,32.0,1010.8,0.3,24.0,90,10.2,100,38.0,1006.3,0.0,1.1000000000000014,7,1,1
2023-01-31 08:00:00,25.7,82,15.9,100,170.0,1011.6,0.5,25.3,82,13.1,100,132.0,1007.1,0.0,0.3999999999999986,8,1,1
2023-01-31 09:00:00,26.1,77,16.9,100,283.0,1012.4,0.2,26.0,77,14.7,100,229.0,1007.9,0.1,0.10000000000000142,9,1,1
2023-01-31 10:00:00,26.6,76,15.8,100,367.0,1012.2,0.2,26.8,75,16.8,100,333.0,1007.6,0.3,-0.1999999999999993,10,1,1
2023-01-31 11:00:00,27.6,71,19.4,100,413.0,1011.5,0.2,28.1,68,19.9,100,528.0,1006.8,0.2,-0.5,11,1,1
2023-01-31 12:00:00,27.9,68,23.5,100,392.0,1010.1,0.2,28.5,65,21.3,100,527.0,1005.5,0.0,-0.6000000000000014,12,1,1
2023-01-31 13:00:00,27.9,68,23.5,100,359.0,1008.9,0.0,28.5,64,22.7,100,388.0,1004.4,0.0,-0.6000000000000014,13,1,1
2023-01-31 14:00:00,27.8,68,23.5,100,364.0,1008.2,0.0,27.7,67,21.9,100,281.0,1003.6,0.0,0.10000000000000142,14,1,1
2023-01-31 15:00:00,27.1,70,22.3,100,204.0,1007.9,0.1,26.9,69,20.4,100,115.0,1003.4,0.0,0.20000000000000284,15,1,1
2023-01-31 16:00:00,26.9,71,20.7,100,138.0,1008.0,0.0,27.5,67,20.4,100,276.0,1003.5,0.0,-0.6000000000000014,16,1,1
2023-01-31 17:00:00,26.2,73,20.8,100,110.0,1008.3,0.0,26.5,71,18.8,100,105.0,1003.8,0.0,-0.3000000000000007,17,1,1
2023-01-31 18:00:00,25.4,78,17.3,100,15.0,1009.0,0.0,25.6,75,15.0,100,12.0,1004.4,0.0,-0.20000000000000284,18,1,1
2023-01-31 19:00:00,25.5,77,17.6,100,0.0,1009.6,0.0,25.1,78,14.5,100,0.0,1005.0,0.0,0.3999999999999986,19,1,0
2023-01-31 20:00:00,25.6,76,16.7,100,0.0,1010.1,0.0,25.0,79,12.6,100,0.0,1005.7,0.0,0.6000000000000014,20,1,0
2023-01-31 21:00:00,25.5,78,14.8,100,0.0,1010.4,0.0,24.8,80,11.7,100,0.0,1005.9,0.0,0.6999999999999993,21,1,0
2023-01-31 22:00:00,25.6,78,15.2,100,0.0,1010.4,0.0,25.0,79,11.8,100,0.0,1005.8,0.0,0.6000000000000014,22,1,0
2023-01-31 23:00:00,25.6,78,14.8,100,0.0,1010.1,0.0,25.0,80,10.6,100,0.0,1005.6,0.0,0.6000000000000014,23,1,0
2023-02-01 00:00:00,25.4,78,14.4,100,0.0,1009.6,0.0,24.5,83,9.8,100,0.0,1005.1,0.0,0.8999999999999986,0,2,0
2023-02-01 01:00:00,25.1,79,14.1,100,0.0,1008.7,0.0,24.1,85,8.0,100,0.0,1004.3,0.0,1.0,1,2,0
2023-02-01 02:00:00,25.1,79,14.5,100,0.0,1008.2,0.0,24.2,84,8.5,100,0.0,1003.6,0.0,0.9000000000000021,2,2,0
2023-02-01 03:00:00,25.3,78,15.6,100,0.0,1007.6,0.0,24.3,83,9.7,100,0.0,1003.1,0.0,1.0,3,2,0
2023-02-01 04:00:00,25.4,77,15.3,100,0.0,1007.6,0.0,24.2,85,10.1,100,0.0,1003.1,0.0,1.1999999999999993,4,2,0
2023-02-01 05:00:00,25.1,82,15.0,100,0.0,1008.4,0.0,24.2,87,10.4,100,0.0,1003.9,0.0,0.9000000000000021,5,2,0
2023-02-01 06:00:00,25.3,80,15.0,100,0.0,1008.9,0.0,24.3,87,10.1,100,0.0,1004.4,0.0,1.0,6,2,1
2023-02-01 07:00:00,26.0,79,16.3,100,32.0,1009.7,0.0,25.1,83,12.2,100,35.0,1005.2,0.0,0.8999999999999986,7,2,1
2023-02-01 08:00:00,27.1,73,21.0,100,201.0,1010.5,0.0,26.6,75,15.3,100,186.0,1006.0,0.1,0.5,8,2,1
2023-02-01 09:00:00,27.5,70,22.2,100,322.0,1011.1,0.0,28.2,65,20.2,100,388.0,1006.5,0.1,-0.6999999999999993,9,2,1
2023-02-01 10:00:00,28.3,66,22.0,100,527.0,1011.1,0.0,29.0,61,21.0,100,522.0,1006.5,0.0,-0.6999999999999993,10,2,1
2023-02-01 11:00:00,28.7,64,22.9,100,589.0,1010.5,0.0,29.0,61,21.0,100,496.0,1005.9,0.0,-0.3000000000000007,11,2,1
2023-02-01 12:00:00,28.4,65,23.1,100,516.0,1009.7,0.0,28.7,61,20.5,100,377.0,1005.1,0.0,-0.3000000000000007,12,2,1
2023-02-01 13:00:00,28.4,64,23.2,100,526.0,1008.6,0.0,29.3,58,22.1,100,581.0,1004.0,0.0,-0.9000000000000021,13,2,1
2023-02-01 14:00:00,28.1,65,23.7,100,462.0,1008.0,0.0,28.4,62,22.8,100,463.0,1003.3,0.0,-0.29999999999999716,14,2,1
2023-02-01 15:00:00,27.5,67,24.1,100,358.0,1007.6,0.0,27.8,65,22.1,100,324.0,1003.1,0.0,-0.3000000000000007,15,2,1
2023-02-01 16:00:00,27.0,69,23.4,100,244.0,1007.9,0.0,26.9,69,20.5,100,175.0,1003.3,0.0,0.10000000000000142,16,2,1
2023-02-01 17:00:00,25.5,80,17.9,100,75.0,1008.2,0.0,24.9,82,16.5,100,82.0,1003.6,0.0,0.6000000000000014,17,2,1
2023-02-01 18:00:00,25.5,80,18.7,100,8.0,1008.7,0.0,24.6,84,13.0,100,6.0,1004.2,0.1,0.8999999999999986,18,2,1
2023-02-01 19:00:00,24.9,83,19.4,100,0.0,1009.8,0.5,24.3,87,15.9,100,0.0,1005.3,0.4,0.5999999999999979,19,2,0
2023-02-01 20:00:00,25.1,84,18.2,100,0.0,1010.6,0.1,24.3,88,14.7,100,0.0,1005.9,0.1,0.8000000000000007,20,2,0
2023-02-01 21:00:00,25.3,80,19.0,100,0.0,1010.8,0.1,24.1,89,13.6,100,0.0,1006.4,0.1,1.1999999999999993,21,2,0
2023-02-01 22:00:00,25.4,80,18.3,100,0.0,1010.9,0.2,23.8,89,13.8,100,0.0,1006.5,0.3,1.5999999999999979,22,2,0
2023-02-01 23:00:00,25.6,80,19.6,100,0.0,1010.7,0.0,24.2,88,12.3,100,0.0,1006.2,0.0,1.4000000000000021,23,2,0
2023-02-02 00:00:00,25.6,81,18.1,100,0.0,1010.1,0.0,24.6,85,13.6,100,0.0,1005.7,0.0,1.0,0,2,0
2023-02-02 01:00:00,25.6,81,17.6,100,0.0,1009.3,0.0,24.8,84,14.1,100,0.0,1004.7,0.0,0.8000000000000007,1,2,0
2023-02-02 02:00:00,25.6,81,18.1,100,0.0,1008.7,0.0,24.6,86,14.1,100,0.0,1004.1,0.3,1.0,2,2,0
2023-02-02 03:00:00,25.6,81,17.6,100,0.0,1008.2,0.0,24.7,85,15.2,100,0.0,1003.5,0.1,0.9000000000000021,3,2,0
2023-02-02 04:00:00,25.6,81,18.3,100,0.0,1008.2,0.0,24.6,87,15.6,100,0.0,1003.6,0.2,1.0,4,2,0
2023-02-02 05:00:00,25.6,80,18.5,100,0.0,1008.4,0.0,23.7,89,11.8,100,0.0,1003.9,0.1,1.9000000000000021,5,2,0
2023-02-02 06:00:00,25.6,80,18.2,68,0.0,1009.0,0.0,24.3,88,13.1,83,0.0,1004.6,0.2,1.3000000000000007,6,2,1
2023-02-02 07:00:00,26.2,78,18.6,100,39.0,1010.1,0.0,25.0,84,13.9,96,33.0,1005.5,0.2,1.1999999999999993,7,2,1
2023-02-02 08:00:00,26.9,73,21.9,89,156.0,1011.1,0.0,26.2,77,17.1,97,140.0,1006.6,0.4,0.6999999999999993,8,2,1
2023-02-02 09:00:00,28.0,68,22.7,100,426.0,1011.9,0.0,27.4,71,21.2,100,312.0,1007.3,0.8,0.6000000000000014,9,2,1
2023-02-02 10:00:00,28.6,64,22.4,100,595.0,1011.9,0.0,28.9,61,21.9,100,563.0,1007.2,0.1,-0.29999999999999716,10,2,1
2023-02-02 11:00:00,28.6,63,23.0,100,595.0,1011.4,0.0,29.0,59,22.4,100,571.0,1006.7,0.0,-0.3999999999999986,11,2,1
2023-02-02 12:00:00,29.0,61,23.3,100,770.0,1010.5,0.0,29.8,55,22.4,100,789.0,1005.9,0.0,-0.8000000000000007,12,2,1
2023-02-02 13:00:00,29.0,60,23.6,100,760.0,1009.6,0.0,29.6,55,22.4,100,709.0,1004.8,0.0,-0.6000000000000014,13,2,1
2023-02-02 14:00:00,28.4,62,23.8,99,544.0,1008.6,0.0,29.2,56,23.0,100,629.0,1003.9,0.0,-0.8000000000000007,14,2,1
2023-02-02 15:00:00,28.2,62,23.9,96,534.0,1008.2,0.0,28.9,56,22.3,100,553.0,1003.5,0.0,-0.6999999999999993,15,2,1
2023-02-02 16:00:00,27.5,65,24.6,100,351.0,1008.3,0.0,27.8,60,21.4,100,256.0,1003.7,0.0,-0.3000000000000007,16,2,1
2023-02-02 17:00:00,26.9,67,22.7,100,146.0,1008.9,0.0,27.0,65,20.5,100,85.0,1004.3,0.0,-0.10000000000000142,17,2,1
2023-02-02 18:00:00,26.2,72,19.3,22,20.0,1009.4,0.0,26.1,70,16.7,32,21.0,1004.8,0.0,0.09999999999999787,18,2,1
2023-02-02 19:00:00,26.0,73,19.2,19,0.0,1010.2,0.0,25.6,74,14.8,24,0.0,1005.7,0.0,0.3999999999999986,19,2,0
2023-02-02 20:00:00,25.8,74,18.3,20,0.0,1011.0,0.0,25.3,76,13.2,27,0.0,1006.5,0.0,0.5,20,2,0
2023-02-02 21:00:00,25.7,75,18.0,44,0.0,1011.6,0.0,25.1,77,13.0,88,0.0,1007.2,0.0,0.5999999999999979,21,2,0
2023-02-02 22:00:00,25.7,75,17.8,100,0.0,1011.7,0.0,25.2,77,11.9,38,0.0,1007.3,0.0,0.5,22,2,0
2023-02-02 23:00:00,26.0,73,17.6,54,0.0,1011.5,0.0,25.4,76,12.5,60,0.0,1007.0,0.0,0.6000000000000014,23,2,0
2023-02-03 00:00:00,26.0,73,16.8,80,0.0,1010.8,0.0,25.4,75,12.5,100,0.0,1006.2,0.0,0.6000000000000014,0,2,0
2023-02-03 01:00:00,26.1,73,16.9,100,0.0,1010.2,0.0,25.3,78,13.3,100,0.0,1005.7,0.2,0.8000000000000007,1,2,0
2023-02-03 02:00:00,26.1,73,16.6,100,0.0,1009.6,0.0,24.6,84,12.5,95,0.0,1005.0,0.4,1.5,2,2,0
2023-02-03 03:00:00,26.1,72,15.8,91,0.0,1009.1,0.0,24.0,90,9.1,94,0.0,1004.5,1.9,2.1000000000000014,3,2,0
2023-02-03 04:00:00,26.0,72,15.6,100,0.0,1009.1,0.0,24.3,88,10.7,100,0.0,1004.5,1.0,1.6999999999999993,4,2,0
2023-02-03 05:00:00,26.0,74,15.8,64,0.0,1009.7,0.0,25.6,76,11.6,45,0.0,1005.1,0.0,0.3999999999999986,5,2,0
2023-02-03 06:00:00,26.1,73,15.6,58,0.0,1010.2,0.0,25.6,77,11.4,100,0.0,1005.6,0.0,0.5,6,2,1
2023-02-03 07:00:00,26.7,71,16.7,51,43.0,1011.2,0.0,26.0,76,12.8,83,37.0,1006.6,0.0,0.6999999999999993,7,2,1
2023-02-03 08:00:00,27.5,68,17.4,93,217.0,1012.0,0.0,27.3,69,17.1,98,209.0,1007.4,0.0,0.1999999999999993,8,2,1
2023-02-03 09:00:00,28.0,66,18.6,99,401.0,1012.9,0.1,28.3,66,18.6,100,400.0,1008.2,0.0,-0.3000000000000007,9,2,1
2023-02-03 10:00:00,28.5,65,19.6,59,604.0,1012.8,0.2,29.2,63,19.1,85,624.0,1008.1,0.0,-0.6999999999999993,10,2,1
2023-02-03 11:00:00,28.9,63,21.3,39,732.0,1012.0,0.3,29.8,60,19.9,32,761.0,1007.3,0.0,-0.9000000000000021,11,2,1
2023-02-03 12:00:00,29.1,62,21.8,32,819.0,1011.3,0.2,29.9,59,20.5,21,816.0,1006.6,0.0,-0.7999999999999972,12,2,1
2023-02-03 13:00:00,29.1,61,22.5,17,800.0,1009.9,0.1,29.6,59,21.2,13,812.0,1005.3,0.0,-0.5,13,2,1
2023-02-03 14:00:00,28.8,61,22.7,19,729.0,1009.1,0.0,29.3,60,21.4,16,688.0,1004.4,0.0,-0.5,14,2,1
2023-02-03 15:00:00,28.3,63,22.7,23,571.0,1008.7,0.0,28.8,61,21.4,14,550.0,1004.0,0.0,-0.5,15,2,1
2023-02-03 16:00:00,27.7,64,22.9,47,380.0,1008.7,0.0,28.1,63,21.4,15,396.0,1004.1,0.0,-0.40000000000000213,16,2,1
2023-02-03 17:00:00,27.2,68,19.9,20,181.0,1009.0,0.0,27.3,66,19.1,28,185.0,1004.6,0.0,-0.10000000000000142,17,2,1
2023-02-03 18:00:00,26.8,70,16.6,40,19.0,1009.8,0.0,26.6,70,14.3,28,19.0,1005.2,0.0,0.1999999999999993,18,2,1
2023-02-03 19:00:00,26.4,72,16.6,30,0.0,1010.8,0.0,26.1,73,13.3,27,0.0,1006.1,0.0,0.29999999999999716,19,2,0
2023-02-03 20:00:00,26.2,73,17.9,31,0.0,1011.7,0.0,25.9,74,14.3,29,0.0,1007.0,0.0,0.3000000000000007,20,2,0
2023-02-03 21:00:00,26.1,74,17.1,16,0.0,1012.3,0.0,25.7,76,13.7,43,0.0,1007.8,0.0,0.40000000000000213,21,2,0
2023-02-03 22:00:00,26.0,73,15.6,21,0.0,1012.3,0.0,25.4,77,11.9,33,0.0,1007.8,0.0,0.6000000000000014,22,2,0
2023-02-03 23:00:00,25.8,74,14.3,36,0.0,1012.1,0.0,25.1,78,9.9,25,0.0,1007.6,0.0,0.6999999999999993,23,2,0
2023-02-04 00:00:00,25.5,75,13.7,32,0.0,1011.4,0.0,24.6,79,9.2,27,0.0,1006.9,0.0,0.8999999999999986,0,2,0
2023-02-04 01:00:00,25.2,76,12.5,13,0.0,1010.6,0.0,24.4,80,8.7,10,0.0,1006.1,0.0,0.8000000000000007,1,2,0
2023-02-04 02:00:00,24.8,79,11.0,4,0.0,1009.7,0.0,23.8,83,7.9,17,0.0,1005.2,0.0,1.0,2,2,0
2023-02-04 03:00:00,24.4,80,9.7,8,0.0,1009.2,0.0,23.4,85,7.1,8,0.0,1004.7,0.0,1.0,3,2,0
2023-02-04 04:00:00,24.0,83,8.4,10,0.0,1009.1,0.0,22.7,89,6.2,5,0.0,1004.6,0.0,1.3000000000000007,4,2,0
2023-02-04 05:00:00,24.0,84,8.7,29,0.0,1009.5,0.0,22.5,92,6.2,8,0.0,1005.0,0.0,1.5,5,2,0
2023-02-04 06:00:00,24.4,82,9.5,40,0.0,1010.1,0.0,23.1,90,6.6,33,0.0,1005.6,0.0,1.2999999999999972,6,2,1
2023-02-04 07:00:00,25.5,77,12.4,36,47.0,1011.0,0.0,24.2,86,8.8,23,44.0,1006.5,0.0,1.3000000000000007,7,2,1
2023-02-04 08:00:00,26.9,69,16.4,19,235.0,1011.5,0.0,26.6,72,12.5,32,230.0,1007.0,0.0,0.29999999999999716,8,2,1
2023-02-04 09:00:00,27.8,65,16.9,22,435.0,1012.4,0.0,28.1,63,15.8,23,442.0,1007.9,0.0,-0.3000000000000007,9,2,1
2023-02-04 10:00:00,28.4,63,17.3,15,644.0,1012.1,0.0,28.9,60,15.9,9,629.0,1007.6,0.0,-0.5,10,2,1
2023-02-04 11:00:00,28.9,61,17.3,10,790.0,1011.7,0.0,29.5,57,16.4,8,779.0,1007.1,0.0,-0.6000000000000014,11,2,1
2023-02-04 12:00:00,29.0,59,17.4,8,851.0,1010.7,0.0,29.7,55,17.5,16,869.0,1006.1,0.0,-0.6999999999999993,12,2,1
2023-02-04 13:00:00,29.0,59,17.7,51,847.0,1009.5,0.0,29.8,52,17.9,60,869.0,1004.9,0.0,-0.8000000000000007,13,2,1
2023-02-04 14:00:00,28.8,58,17.1,84,781.0,1008.7,0.0,29.6,52,17.2,65,789.0,1004.1,0.0,-0.8000000000000007,14,2,1
2023-02-04 15:00:00,28.3,60,16.1,80,632.0,1008.4,0.0,29.1,52,16.6,36,641.0,1003.8,0.0,-0.8000000000000007,15,2,1
2023-02-04 16:00:00,27.7,62,14.8,4,432.0,1008.4,0.0,28.2,56,15.1,79,438.0,1003.8,0.0,-0.5,16,2,1
2023-02-04 17:00:00,26.9,67,13.1,12,203.0,1008.9,0.0,27.0,61,13.0,86,208.0,1004.4,0.0,-0.10000000000000142,17,2,1
2023-02-04 18:00:00,25.6,74,10.4,32,25.0,1009.3,0.0,25.2,72,8.8,31,27.0,1004.7,0.0,0.40000000000000213,18,2,1
2023-02-04 19:00:00,25.0,79,9.3,40,0.0,1010.3,0.0,24.2,80,7.7,23,0.0,1005.8,0.0,0.8000000000000007,19,2,0
2023-02-04 20:00:00,24.5,82,8.6,23,0.0,1011.4,0.0,23.4,86,6.4,0,0.0,1006.9,0.0,1.1000000000000014,20,2,0
2023-02-04 21:00:00,24.3,84,8.7,4,0.0,1012.0,0.0,22.9,90,6.6,6,0.0,1007.5,0.0,1.4000000000000021,21,2,0
2023-02-04 22:00:00,23.9,87,7.9,8,0.0,1011.8,0.0,22.4,93,5.8,4,0.0,1007.3,0.0,1.5,22,2,0
2023-02-04 23:00:00,23.5,89,6.7,8,0.0,1011.5,0.0,21.9,94,6.7,1,0.0,1007.0,0.0,1.6000000000000014,23,2,0
2023-02-05 00:00:00,23.0,91,6.1,1,0.0,1010.7,0.0,21.6,96,6.1,1,0.0,1006.1,0.0,1.3999999999999986,0,2,0
2023-02-05 01:00:00,22.3,92,5.5,0,0.0,1009.6,0.0,21.1,97,6.1,2,0.0,1005.0,0.0,1.1999999999999993,1,2,0
2023-02-05 02:00:00,21.6,94,7.1,0,0.0,1008.8,0.0,20.5,98,7.0,6,0.0,1004.3,0.0,1.1000000000000014,2,2,0
2023-02-05 03:00:00,21.1,95,6.5,30,0.0,1008.4,0.0,20.3,98,5.6,100,0.0,1003.9,0.0,0.8000000000000007,3,2,0
2023-02-05 04:00:00,21.0,97,5.2,4,0.0,1008.7,0.0,20.2,99,5.5,29,0.0,1004.2,0.0,0.8000000000000007,4,2,0
2023-02-05 05:00:00,21.5,95,4.1,15,0.0,1008.8,0.0,20.9,99,6.4,44,0.0,1004.4,0.0,0.6000000000000014,5,2,0
2023-02-05 06:00:00,21.7,96,4.7,100,0.0,1009.4,0.0,21.1,98,4.8,100,0.0,1004.9,0.0,0.5999999999999979,6,2,1
2023-02-05 07:00:00,22.3,93,5.9,100,42.0,1010.4,0.0,22.0,95,6.4,100,49.0,1005.8,0.0,0.3000000000000007,7,2,1
2023-02-05 08:00:00,24.5,86,6.0,100,232.0,1011.2,0.0,24.8,83,5.8,100,246.0,1006.6,0.0,-0.3000000000000007,8,2,1
2023-02-05 09:00:00,26.9,71,11.0,100,467.0,1012.0,0.0,27.0,71,10.2,100,469.0,1007.4,0.0,-0.10000000000000142,9,2,1
2023-02-05 10:00:00,27.9,66,13.1,100,623.0,1011.8,0.0,28.2,64,12.0,100,647.0,1007.3,0.0,-0.3000000000000007,10,2,1
2023-02-05 11:00:00,28.5,62,15.6,100,800.0,1011.5,0.0,29.1,58,14.2,94,784.0,1007.0,0.0,-0.6000000000000014,11,2,1
2023-02-05 12:00:00,28.7,60,16.5,100,866.0,1010.7,0.0,29.6,53,15.6,32,885.0,1006.1,0.0,-0.9000000000000021,12,2,1
2023-02-05 13:00:00,28.7,60,16.3,74,858.0,1009.6,0.0,29.7,51,16.1,31,885.0,1005.0,0.0,-1.0,13,2,1
2023-02-05 14:00:00,28.5,61,16.0,52,783.0,1008.6,0.0,29.2,55,16.1,33,803.0,1004.1,0.0,-0.6999999999999993,14,2,1
2023-02-05 15:00:00,28.0,62,15.1,5,635.0,1008.6,0.0,28.5,58,15.5,9,649.0,1004.1,0.0,-0.5,15,2,1
2023-02-05 16:00:00,27.3,65,14.0,29,432.0,1008.8,0.0,27.6,62,14.7,1,442.0,1004.2,0.0,-0.3000000000000007,16,2,1
2023-02-05 17:00:00,26.3,72,12.4,29,204.0,1009.2,0.0,26.3,69,12.1,17,210.0,1004.6,0.0,0.0,17,2,1
2023-02-05 18:00:00,25.2,77,9.4,29,26.0,1009.6,0.0,24.6,79,8.0,0,28.0,1005.1,0.0,0.5999999999999979,18,2,1
2023-02-05 19:00:00,24.7,81,7.9,1,0.0,1010.3,0.0,23.6,86,5.9,4,0.0,1005.8,0.0,1.0999999999999979,19,2,0
2023-02-05 20:00:00,24.2,84,6.9,3,0.0,1011.2,0.0,22.6,91,6.8,25,0.0,1006.6,0.0,1.5999999999999979,20,2,0
2023-02-05 21:00:00,23.8,87,7.0,1,0.0,1011.7,0.0,22.2,93,6.2,98,0.0,1007.1,0.0,1.6000000000000014,21,2,0
2023-02-05 22:00:00,23.2,90,6.3,90,0.0,1011.8,0.0,21.5,95,7.6,100,0.0,1007.3,0.0,1.6999999999999993,22,2,0
2023-02-05 23:00:00,22.6,93,5.6,100,0.0,1011.7,0.0,21.5,96,5.4,100,0.0,1007.2,0.0,1.1000000000000014,23,2,0
2023-02-06 00:00:00,22.1,94,6.5,99,0.0,1011.1,0.0,21.7,96,6.2,100,0.0,1006.6,0.0,0.40000000000000213,0,2,0
2023-02-06 01:00:00,22.0,95,5.2,100,0.0,1010.3,0.0,21.4,97,6.4,100,0.0,1005.7,0.0,0.6000000000000014,1,2,0
2023-02-06 02:00:00,21.2,97,6.4,100,0.0,1009.8,0.0,21.0,98,5.7,100,0.0,1005.2,0.0,0.1999999999999993,2,2,0
2023-02-06 03:00:00,20.9,98,4.7,100,0.0,1009.4,0.0,20.2,99,5.1,100,0.0,1004.9,0.0,0.6999999999999993,3,2,0
2023-02-06 04:00:00,20.8,98,3.8,100,0.0,1009.5,0.0,20.3,100,5.4,100,0.0,1004.9,0.0,0.5,4,2,0
2023-02-06 05:00:00,21.2,95,4.6,100,0.0,1010.2,0.0,20.5,100,6.4,100,0.0,1005.6,0.0,0.6999999999999993,5,2,0
2023-02-06 06:00:00,21.1,96,5.4,100,0.0,1010.5,0.0,20.6,100,5.6,100,0.0,1006.0,0.0,0.5,6,2,1
2023-02-06 07:00:00,21.7,96,6.0,100,40.0,1011.5,0.0,21.2,99,4.7,100,36.0,1007.0,0.0,0.5,7,2,1
2023-02-06 08:00:00,23.2,92,4.5,100,192.0,1012.5,0.0,23.2,90,5.0,98,182.0,1008.0,0.0,0.0,8,2,1
2023-02-06 09:00:00,25.8,79,8.0,100,381.0,1013.1,0.0,26.3,76,8.9,93,443.0,1008.6,0.0,-0.5,9,2,1
2023-02-06 10:00:00,27.6,69,9.9,100,604.0,1013.0,0.0,27.8,67,9.7,65,579.0,1008.4,0.0,-0.1999999999999993,10,2,1
2023-02-06 11:00:00,28.5,66,14.0,99,782.0,1012.4,0.0,29.4,58,11.8,71,833.0,1007.9,0.0,-0.8999999999999986,11,2,1
2023-02-06 12:00:00,28.6,65,15.5,100,854.0,1011.3,0.0,29.5,57,15.3,100,880.0,1006.8,0.0,-0.8999999999999986,12,2,1
2023-02-06 13:00:00,28.5,64,15.0,99,845.0,1010.1,0.0,29.2,57,15.3,95,837.0,1005.5,0.0,-0.6999999999999993,13,2,1
2023-02-06 14:00:00,28.3,64,15.2,53,776.0,1008.7,0.0,29.1,56,15.2,73,793.0,1004.2,0.0,-0.8000000000000007,14,2,1
2023-02-06 15:00:00,27.9,65,14.2,63,644.0,1008.1,0.0,28.6,59,14.5,27,655.0,1003.5,0.0,-0.7000000000000028,15,2,1
2023-02-06 16:00:00,27.2,68,13.4,4,445.0,1008.1,0.0,27.6,65,13.4,10,449.0,1003.6,0.0,-0.40000000000000213,16,2,1
2023-02-06 17:00:00,26.6,72,9.9,4,210.0,1008.9,0.0,26.8,68,10.5,1,214.0,1004.3,0.0,-0.1999999999999993,17,2,1
2023-02-06 18:00:00,25.2,80,7.9,7,27.0,1009.0,0.0,24.8,80,6.9,100,28.0,1004.5,0.0,0.3999999999999986,18,2,1
2023-02-06 19:00:00,24.6,83,8.2,43,0.0,1009.7,0.0,23.9,85,7.7,100,0.0,1005.2,0.0,0.7000000000000028,19,2,0
2023-02-06 20:00:00,24.2,86,8.2,100,0.0,1010.4,0.0,23.3,90,6.4,100,0.0,1006.0,0.0,0.8999999999999986,20,2,0
2023-02-06 21:00:00,24.0,88,8.2,99,0.0,1010.6,0.0,22.7,94,6.0,100,0.0,1006.2,0.0,1.3000000000000007,21,2,0
2023-02-06 22:00:00,23.8,90,8.1,100,0.0,1010.9,0.0,22.6,94,6.4,100,0.0,1006.4,0.0,1.1999999999999993,22,2,0
2023-02-06 23:00:00,23.7,91,8.3,99,0.0,1011.0,0.0,22.4,95,6.2,97,0.0,1006.5,0.0,1.3000000000000007,23,2,0
2023-02-07 00:00:00,23.5,91,7.9,42,0.0,1010.7,0.0,22.4,96,5.9,38,0.0,1006.3,0.0,1.1000000000000014,0,2,0
2023-02-07 01:00:00,23.4,91,7.2,44,0.0,1010.1,0.0,22.1,96,6.6,17,0.0,1005.7,0.0,1.2999999999999972,1,2,0
2023-02-07 02:00:00,22.7,92,5.9,17,0.0,1009.6,0.0,21.9,96,7.9,18,0.0,1005.2,0.0,0.8000000000000007,2,2,0
2023-02-07 03:00:00,21.7,94,8.6,19,0.0,1009.2,0.0,22.7,94,5.4,26,0.0,1004.8,0.0,-1.0,3,2,0
2023-02-07 04:00:00,21.5,95,8.7,10,0.0,1009.2,0.0,22.6,94,4.0,15,0.0,1004.8,0.0,-1.1000000000000014,4,2,0
2023-02-07 05:00:00,20.8,98,4.0,18,0.0,1009.8,0.0,20.7,100,5.5,20,0.0,1005.3,0.0,0.10000000000000142,5,2,0
2023-02-07 06:00:00,21.2,96,4.2,100,0.0,1010.7,0.0,20.8,100,5.5,100,0.0,1006.2,0.0,0.3999999999999986,6,2,1
2023-02-07 07:00:00,21.8,94,6.1,100,41.0,1011.7,0.0,21.6,98,5.2,100,35.0,1007.2,0.0,0.1999999999999993,7,2,1
2023-02-07 08:00:00,23.1,94,6.8,59,185.0,1012.3,0.0,23.9,90,3.5,80,161.0,1007.9,0.0,-0.7999999999999972,8,2,1
2023-02-07 09:00:00,25.7,80,4.7,68,389.0,1012.8,0.0,26.8,73,3.3,76,445.0,1008.3,0.0,-1.1000000000000014,9,2,1
2023-02-07 10:00:00,27.6,69,4.6,74,630.0,1012.8,0.0,28.5,63,3.3,93,659.0,1008.3,0.0,-0.8999999999999986,10,2,1
2023-02-07 11:00:00,29.0,59,7.0,39,825.0,1011.8,0.0,30.0,55,4.7,36,807.0,1007.3,0.0,-1.0,11,2,1
2023-02-07 12:00:00,29.4,59,9.8,42,900.0,1010.7,0.0,30.7,54,7.1,58,899.0,1006.1,0.0,-1.3000000000000007,12,2,1
2023-02-07 13:00:00,29.3,60,12.1,27,893.0,1009.5,0.0,30.8,55,9.3,42,890.0,1004.9,0.0,-1.5,13,2,1
2023-02-07 14:00:00,28.9,58,12.9,7,813.0,1008.4,0.0,30.4,56,11.1,14,815.0,1003.8,0.0,-1.5,14,2,1
2023-02-07 15:00:00,28.2,62,13.5,21,658.0,1007.9,0.0,29.5,57,12.2,14,663.0,1003.3,0.0,-1.3000000000000007,15,2,1
2023-02-07 16:00:00,27.3,69,13.1,26,450.0,1007.9,0.0,28.3,60,11.7,4,454.0,1003.4,0.0,-1.0,16,2,1
2023-02-07 17:00:00,26.7,76,11.8,4,215.0,1008.3,0.0,27.3,69,11.2,3,217.0,1003.7,0.0,-0.6000000000000014,17,2,1
2023-02-07 18:00:00,25.3,84,9.1,0,28.0,1008.8,0.0,25.2,82,8.4,0,29.0,1004.2,0.0,0.10000000000000142,18,2,1
2023-02-07 19:00:00,24.7,88,7.6,17,0.0,1009.5,0.0,24.1,90,7.6,5,0.0,1005.0,0.0,0.5999999999999979,19,2,0
2023-02-07 20:00:00,24.2,91,8.0,5,0.0,1010.3,0.0,23.5,94,6.8,17,0.0,1005.7,0.0,0.6999999999999993,20,2,0
2023-02-07 21:00:00,24.1,92,8.3,26,0.0,1010.8,0.0,22.9,96,6.1,19,0.0,1006.3,0.0,1.2000000000000028,21,2,0
2023-02-07 22:00:00,24.0,93,8.3,23,0.0,1010.9,0.0,22.5,96,6.2,4,0.0,1006.4,0.0,1.5,22,2,0
2023-02-07 23:00:00,23.7,93,7.9,21,0.0,1010.8,0.0,21.8,98,8.0,19,0.0,1006.2,0.0,1.8999999999999986,23,2,0
2023-02-08 00:00:00,23.5,93,7.4,31,0.0,1010.1,0.0,21.1,98,9.7,22,0.0,1005.5,0.0,2.3999999999999986,0,2,0
2023-02-08 01:00:00,23.2,94,6.2,31,0.0,1009.5,0.0,21.3,98,9.2,29,0.0,1004.9,0.0,1.8999999999999986,1,2,0
2023-02-08 02:00:00,22.8,95,5.5,42,0.0,1008.9,0.0,21.9,97,7.7,36,0.0,1004.5,0.0,0.9000000000000021,2,2,0
2023-02-08 03:00:00,22.1,98,6.5,89,0.0,1008.7,0.0,22.8,96,4.4,48,0.0,1004.3,0.0,-0.6999999999999993,3,2,0
2023-02-08 04:00:00,22.9,95,4.7,100,0.0,1008.8,0.0,22.6,96,2.3,81,0.0,1004.4,0.0,0.29999999999999716,4,2,0
2023-02-08 05:00:00,22.1,98,3.1,100,0.0,1009.6,0.0,21.5,99,3.3,100,0.0,1005.1,0.0,0.6000000000000014,5,2,0
2023-02-08 06:00:00,22.3,97,2.3,100,0.0,1010.3,0.0,21.7,100,4.1,100,0.0,1005.8,0.0,0.6000000000000014,6,2,1
2023-02-08 07:00:00,23.5,94,1.9,100,41.0,1011.2,0.0,22.1,99,3.8,100,41.0,1006.8,0.0,1.3999999999999986,7,2,1
2023-02-08 08:00:00,25.4,82,4.9,97,237.0,1012.1,0.0,23.8,90,1.3,97,158.0,1007.8,0.0,1.5999999999999979,8,2,1
2023-02-08 09:00:00,26.9,71,7.3,100,449.0,1012.9,0.0,26.3,74,4.7,100,380.0,1008.5,0.0,0.5999999999999979,9,2,1
2023-02-08 10:00:00,27.9,65,7.7,100,673.0,1012.6,0.0,28.2,62,4.7,100,633.0,1008.2,0.0,-0.3000000000000007,10,2,1
2023-02-08 11:00:00,28.7,61,8.8,99,826.0,1011.7,0.0,29.7,56,6.5,96,821.0,1007.2,0.0,-1.0,11,2,1
2023-02-08 12:00:00,29.0,60,11.0,100,899.0,1010.9,0.0,30.5,51,9.4,100,899.0,1006.3,0.0,-1.5,12,2,1
2023-02-08 13:00:00,29.1,58,11.4,97,896.0,1009.8,0.0,30.7,49,10.8,98,897.0,1005.1,0.0,-1.5999999999999979,13,2,1
2023-02-08 14:00:00,28.9,56,11.8,93,808.0,1008.7,0.0,30.5,46,11.5,98,811.0,1004.1,0.0,-1.6000000000000014,14,2,1
2023-02-08 15:00:00,28.3,59,12.0,27,655.0,1008.4,0.0,29.9,46,11.9,17,663.0,1003.8,0.0,-1.5999999999999979,15,2,1
2023-02-08 16:00:00,27.5,61,11.5,8,452.0,1008.3,0.0,28.6,52,11.5,8,459.0,1003.8,0.0,-1.1000000000000014,16,2,1
2023-02-08 17:00:00,26.4,71,10.8,0,217.0,1008.9,0.0,27.0,62,10.8,52,221.0,1004.4,0.0,-0.6000000000000014,17,2,1
2023-02-08 18:00:00,25.1,80,7.2,0,29.0,1009.5,0.0,24.9,76,7.9,23,30.0,1004.9,0.0,0.20000000000000284,18,2,1
2023-02-08 19:00:00,24.5,85,6.6,100,0.0,1010.2,0.0,23.8,86,6.1,99,0.0,1005.7,0.0,0.6999999999999993,19,2,0
2023-02-08 20:00:00,24.0,89,6.2,68,0.0,1011.0,0.0,23.0,93,5.9,13,0.0,1006.4,0.0,1.0,20,2,0
2023-02-08 21:00:00,23.8,91,6.0,76,0.0,1011.6,0.0,22.7,95,5.6,28,0.0,1007.1,0.0,1.1000000000000014,21,2,0
2023-02-08 22:00:00,23.5,92,5.9,56,0.0,1011.6,0.0,22.0,96,8.2,15,0.0,1007.0,0.0,1.5,22,2,0
2023-02-08 23:00:00,23.0,93,5.4,44,0.0,1011.3,0.0,21.5,97,8.7,31,0.0,1006.7,0.0,1.5,23,2,0
2023-02-09 00:00:00,21.9,94,8.9,23,0.0,1010.6,0.0,21.8,96,8.3,70,0.0,1006.2,0.0,0.09999999999999787,0,2,0
2023-02-09 01:00:00,21.8,94,8.2,23,0.0,1010.0,0.0,22.9,94,5.8,28,0.0,1005.7,0.0,-1.0999999999999979,1,2,0
2023-02-09 02:00:00,22.8,94,5.9,80,0.0,1009.4,0.0,22.6,96,3.3,61,0.0,1005.0,0.0,0.1999999999999993,2,2,0
2023-02-09 03:00:00,22.5,97,3.3,100,0.0,1009.0,0.0,21.6,98,1.4,97,0.0,1004.5,0.0,0.8999999999999986,3,2,0
2023-02-09 04:00:00,21.5,99,4.0,99,0.0,1009.0,0.0,20.4,100,3.0,100,0.0,1004.6,0.0,1.1000000000000014,4,2,0
2023-02-09 05:00:00,23.0,95,5.1,100,0.0,1009.5,0.0,21.9,100,6.6,100,0.0,1005.1,0.0,1.1000000000000014,5,2,0
2023-02-09 06:00:00,22.9,97,5.8,100,0.0,1009.8,0.0,22.2,100,6.3,100,0.0,1005.4,0.0,0.6999999999999993,6,2,1
2023-02-09 07:00:00,23.6,92,6.6,96,45.0,1010.8,0.0,23.0,97,5.7,100,25.0,1006.3,0.0,0.6000000000000014,7,2,1
2023-02-09 08:00:00,25.1,82,3.3,100,226.0,1011.8,0.0,24.7,83,3.4,100,147.0,1007.3,0.0,0.40000000000000213,8,2,1
2023-02-09 09:00:00,26.8,72,2.1,100,433.0,1012.5,0.0,26.7,72,3.5,100,405.0,1008.0,0.0,0.10000000000000142,9,2,1
2023-02-09 10:00:00,28.1,66,7.2,100,654.0,1012.8,0.0,28.3,63,6.5,100,608.0,1008.3,0.0,-0.1999999999999993,10,2,1
2023-02-09 11:00:00,28.7,65,10.9,100,805.0,1012.4,0.0,29.6,58,9.7,100,768.0,1007.9,0.0,-0.9000000000000021,11,2,1
2023-02-09 12:00:00,28.7,63,12.4,100,841.0,1011.5,0.0,30.0,56,11.5,100,876.0,1006.9,0.0,-1.3000000000000007,12,2,1
2023-02-09 13:00:00,28.8,61,12.0,79,855.0,1010.5,0.0,29.9,56,11.5,72,859.0,1005.9,0.0,-1.0999999999999979,13,2,1
2023-02-09 14:00:00,28.7,60,12.0,82,790.0,1009.5,0.0,29.9,54,11.5,94,812.0,1004.9,0.0,-1.1999999999999993,14,2,1
2023-02-09 15:00:00,28.3,61,12.0,94,651.0,1009.0,0.0,29.3,56,11.5,100,658.0,1004.4,0.0,-1.0,15,2,1
2023-02-09 16:00:00,27.5,64,11.3,100,449.0,1009.0,0.0,28.2,61,11.5,99,451.0,1004.5,0.0,-0.6999999999999993,16,2,1
2023-02-09 17:00:00,26.3,69,10.4,100,215.0,1010.1,0.0,26.7,63,10.4,97,219.0,1005.6,0.0,-0.3999999999999986,17,2,1
2023-02-09 18:00:00,25.0,77,6.6,94,29.0,1010.8,0.0,24.9,73,7.3,74,31.0,1006.3,0.0,0.10000000000000142,18,2,1
2023-02-09 19:00:00,23.9,84,5.1,72,0.0,1011.6,0.0,23.5,81,5.2,97,0.0,1007.1,0.0,0.3999999999999986,19,2,0
2023-02-09 20:00:00,23.3,89,6.5,90,0.0,1012.5,0.0,22.6,87,8.0,89,0.0,1007.9,0.0,0.6999999999999993,20,2,0
2023-02-09 21:00:00,22.8,91,7.3,90,0.0,1012.9,0.0,22.2,90,8.3,98,0.0,1008.3,0.0,0.6000000000000014,21,2,0
2023-02-09 22:00:00,22.4,91,8.6,99,0.0,1013.2,0.0,22.2,89,7.9,91,0.0,1008.6,0.0,0.1999999999999993,22,2,0
2023-02-09 23:00:00,22.3,91,8.0,93,0.0,1013.1,0.0,22.1,90,7.6,94,0.0,1008.6,0.0,0.1999999999999993,23,2,0
2023-02-10 00:00:00,22.1,91,8.0,96,0.0,1012.3,0.0,22.7,88,6.6,86,0.0,1007.9,0.0,-0.5999999999999979,0,2,0
2023-02-10 01:00:00,24.0,85,5.5,93,0.0,1011.6,0.0,22.8,89,4.2,96,0.0,1007.2,0.0,1.1999999999999993,1,2,0
2023-02-10 02:00:00,23.4,88,1.4,91,0.0,1011.0,0.0,21.0,94,2.5,98,0.0,1006.5,0.0,2.3999999999999986,2,2,0
2023-02-10 03:00:00,20.6,97,4.3,99,0.0,1010.6,0.0,19.6,98,4.2,99,0.0,1006.1,0.0,1.0,3,2,0
2023-02-10 04:00:00,20.4,97,4.7,100,0.0,1010.7,0.0,19.5,99,4.8,100,0.0,1006.2,0.0,0.8999999999999986,4,2,0
2023-02-10 05:00:00,20.8,96,6.6,100,0.0,1011.5,0.0,20.2,100,6.1,100,0.0,1007.0,0.0,0.6000000000000014,5,2,0
2023-02-10 06:00:00,20.9,97,7.1,100,0.0,1012.2,0.0,20.3,100,5.6,100,0.0,1007.6,0.0,0.5999999999999979,6,2,1
2023-02-10 07:00:00,21.2,98,6.6,100,35.0,1012.8,0.0,21.1,98,6.1,100,39.0,1008.2,0.0,0.09999999999999787,7,2,1
2023-02-10 08:00:00,23.1,89,5.4,98,204.0,1013.5,0.0,23.0,92,4.3,100,185.0,1009.0,0.0,0.10000000000000142,8,2,1
2023-02-10 09:00:00,26.1,75,4.0,97,474.0,1014.2,0.0,26.6,73,2.7,100,495.0,1009.7,0.0,-0.5,9,2,1
2023-02-10 10:00:00,28.7,59,0.8,100,701.0,1014.0,0.0,29.5,51,2.3,100,702.0,1009.5,0.0,-0.8000000000000007,10,2,1
2023-02-10 11:00:00,30.6,43,4.5,99,846.0,1013.3,0.0,31.6,35,3.6,100,845.0,1008.8,0.0,-1.0,11,2,1
2023-02-10 12:00:00,31.3,36,10.5,100,914.0,1012.3,0.0,32.7,31,8.5,97,916.0,1007.6,0.0,-1.4000000000000021,12,2,1
2023-02-10 13:00:00,31.2,35,14.4,53,907.0,1011.1,0.0,32.7,29,14.1,67,911.0,1006.6,0.0,-1.5000000000000036,13,2,1
2023-02-10 14:00:00,30.3,41,15.2,83,824.0,1010.2,0.0,32.0,28,15.3,94,828.0,1005.5,0.0,-1.6999999999999993,14,2,1
2023-02-10 15:00:00,29.3,50,14.5,65,667.0,1009.9,0.0,30.8,32,15.2,75,674.0,1005.3,0.0,-1.5,15,2,1
2023-02-10 16:00:00,27.9,64,14.1,40,458.0,1009.9,0.0,28.9,47,14.8,27,464.0,1005.4,0.0,-1.0,16,2,1
2023-02-10 17:00:00,26.8,73,11.9,10,221.0,1010.3,0.0,27.1,63,12.0,24,225.0,1005.8,0.0,-0.3000000000000007,17,2,1
2023-02-10 18:00:00,25.3,83,8.7,5,30.0,1010.7,0.0,24.8,82,7.2,62,32.0,1006.2,0.0,0.5,18,2,1
2023-02-10 19:00:00,24.8,85,8.3,0,0.0,1011.5,0.0,23.6,92,6.1,50,0.0,1007.1,0.0,1.1999999999999993,19,2,0
2023-02-10 20:00:00,24.4,87,7.6,20,0.0,1012.3,0.0,22.8,94,7.2,51,0.0,1007.8,0.0,1.5999999999999979,20,2,0
2023-02-10 21:00:00,23.9,90,6.8,60,0.0,1012.8,0.0,22.3,94,7.6,81,0.0,1008.3,0.0,1.5999999999999979,21,2,0
2023-02-10 22:00:00,23.9,90,7.7,55,0.0,1013.0,0.0,22.0,95,8.1,66,0.0,1008.5,0.0,1.8999999999999986,22,2,0
2023-02-10 23:00:00,23.7,91,6.6,78,0.0,1012.9,0.0,21.4,96,10.3,40,0.0,1008.4,0.0,2.3000000000000007,23,2,0
2023-02-11 00:00:00,22.7,94,6.7,5,0.0,1012.5,0.0,21.3,97,9.7,0,0.0,1008.0,0.0,1.3999999999999986,0,2,0
2023-02-11 01:00:00,21.8,95,9.1,87,0.0,1011.8,0.0,21.5,97,8.2,99,0.0,1007.3,0.0,0.3000000000000007,1,2,0
2023-02-11 02:00:00,22.2,93,7.2,100,0.0,1011.0,0.0,22.4,96,6.2,100,0.0,1006.7,0.0,-0.1999999999999993,2,2,0
2023-02-11 03:00:00,22.7,94,4.7,100,0.0,1010.7,0.0,20.6,99,2.9,100,0.0,1006.2,0.0,2.099999999999998,3,2,0
2023-02-11 04:00:00,21.2,98,5.1,100,0.0,1010.5,0.0,20.6,99,4.0,100,0.0,1006.0,0.0,0.5999999999999979,4,2,0
2023-02-11 05:00:00,21.6,97,5.6,100,0.0,1011.3,0.0,20.5,99,4.3,100,0.0,1006.8,0.0,1.1000000000000014,5,2,0
2023-02-11 06:00:00,21.3,97,6.9,100,0.0,1012.0,0.0,20.6,100,6.1,100,0.0,1007.5,0.0,0.6999999999999993,6,2,1
2023-02-11 07:00:00,21.7,98,9.4,100,44.0,1012.9,0.0,21.4,99,7.2,100,39.0,1008.3,0.0,0.3000000000000007,7,2,1
2023-02-11 08:00:00,23.3,89,8.3,100,194.0,1013.6,0.0,23.2,89,6.5,100,170.0,1009.2,0.0,0.10000000000000142,8,2,1
2023-02-11 09:00:00,25.7,76,5.6,100,421.0,1014.2,0.0,26.1,73,4.0,100,476.0,1009.8,0.0,-0.40000000000000213,9,2,1
2023-02-11 10:00:00,27.8,60,2.4,100,667.0,1014.1,0.0,28.2,57,1.8,100,681.0,1009.6,0.0,-0.3999999999999986,10,2,1
2023-02-11 11:00:00,29.3,48,3.4,100,811.0,1013.4,0.0,29.9,47,0.8,100,807.0,1008.9,0.0,-0.5999999999999979,11,2,1
2023-02-11 12:00:00,30.0,45,7.6,100,877.0,1012.3,0.0,30.9,42,4.4,100,842.0,1007.8,0.0,-0.8999999999999986,12,2,1
2023-02-11 13:00:00,29.7,48,10.7,100,821.0,1011.4,0.0,31.3,40,8.3,100,838.0,1006.8,0.0,-1.6000000000000014,13,2,1
2023-02-11 14:00:00,29.1,49,12.3,100,681.0,1010.3,0.0,30.9,39,11.9,100,734.0,1005.8,0.0,-1.7999999999999972,14,2,1
2023-02-11 15:00:00,28.5,47,12.8,86,533.0,1010.1,0.0,29.9,38,12.8,97,538.0,1005.6,0.0,-1.3999999999999986,15,2,1
2023-02-11 16:00:00,27.8,51,11.4,86,426.0,1010.1,0.0,29.2,38,10.5,79,421.0,1005.5,0.0,-1.3999999999999986,16,2,1
2023-02-11 17:00:00,26.7,64,8.8,5,220.0,1010.5,0.0,27.5,52,9.4,14,225.0,1006.0,0.0,-0.8000000000000007,17,2,1
2023-02-11 18:00:00,24.6,83,5.8,6,31.0,1011.1,0.0,24.4,76,6.1,100,33.0,1006.6,0.0,0.20000000000000284,18,2,1
2023-02-11 19:00:00,23.3,91,6.1,100,0.0,1012.0,0.0,22.9,89,6.1,100,0.0,1007.6,0.0,0.40000000000000213,19,2,0
2023-02-11 20:00:00,22.8,92,7.6,100,0.0,1012.8,0.0,22.2,92,8.3,100,0.0,1008.3,0.0,0.6000000000000014,20,2,0
2023-02-11 21:00:00,22.7,89,8.0,100,0.0,1013.2,0.0,22.1,92,8.6,84,0.0,1008.7,0.0,0.5999999999999979,21,2,0
2023-02-11 22:00:00,23.0,86,7.3,88,0.0,1013.4,0.0,21.8,92,8.3,34,0.0,1008.9,0.0,1.1999999999999993,22,2,0
2023-02-11 23:00:00,23.1,86,6.6,66,0.0,1013.2,0.0,23.1,89,5.9,45,0.0,1008.8,0.0,0.0,23,2,0
2023-02-12 00:00:00,24.1,84,3.9,79,0.0,1012.6,0.0,22.5,92,3.7,48,0.0,1008.0,0.0,1.6000000000000014,0,2,0
2023-02-12 01:00:00,23.4,88,1.8,56,0.0,1011.8,0.0,20.2,98,3.2,32,0.0,1007.4,0.0,3.1999999999999993,1,2,0
2023-02-12 02:00:00,19.7,98,6.6,10,0.0,1011.1,0.0,19.1,100,4.3,100,0.0,1006.7,0.0,0.5999999999999979,2,2,0
2023-02-12 03:00:00,20.4,96,6.6,64,0.0,1010.8,0.0,19.5,99,5.8,100,0.0,1006.3,0.0,0.8999999999999986,3,2,0
2023-02-12 04:00:00,20.1,98,8.0,100,0.0,1010.9,0.0,19.3,100,6.6,100,0.0,1006.4,0.0,0.8000000000000007,4,2,0
2023-02-12 05:00:00,20.7,97,8.0,100,0.0,1011.6,0.0,19.9,100,6.8,100,0.0,1007.1,0.0,0.8000000000000007,5,2,0
2023-02-12 06:00:00,20.6,98,8.1,100,0.0,1012.3,0.0,20.4,100,6.3,100,0.0,1007.8,0.0,0.20000000000000284,6,2,1
2023-02-12 07:00:00,21.0,98,8.5,100,39.0,1013.1,0.0,20.9,98,7.1,100,39.0,1008.6,0.0,0.10000000000000142,7,2,1
2023-02-12 08:00:00,23.0,89,7.0,89,212.0,1013.8,0.0,23.2,89,5.2,87,226.0,1009.3,0.0,-0.1999999999999993,8,2,1
2023-02-12 09:00:00,26.0,74,6.8,51,481.0,1014.3,0.0,26.2,72,5.5,89,505.0,1009.9,0.0,-0.1999999999999993,9,2,1
2023-02-12 10:00:00,28.1,59,4.9,37,712.0,1014.2,0.0,28.4,58,3.3,89,713.0,1009.8,0.0,-0.29999999999999716,10,2,1
2023-02-12 11:00:00,29.6,50,4.6,33,855.0,1013.6,0.0,30.2,47,1.5,93,856.0,1009.1,0.0,-0.5999999999999979,11,2,1
2023-02-12 12:00:00,30.2,49,8.9,13,927.0,1012.5,0.0,31.3,42,3.0,65,926.0,1007.9,0.0,-1.1000000000000014,12,2,1
2023-02-12 13:00:00,29.9,52,12.2,60,918.0,1011.5,0.0,31.7,44,7.4,2,916.0,1006.9,0.0,-1.8000000000000007,13,2,1
2023-02-12 14:00:00,29.7,45,14.4,22,834.0,1010.7,0.0,31.2,46,10.9,16,829.0,1006.1,0.0,-1.5,14,2,1
2023-02-12 15:00:00,29.0,45,14.0,26,677.0,1010.3,0.0,30.4,42,12.5,16,677.0,1005.8,0.0,-1.3999999999999986,15,2,1
2023-02-12 16:00:00,27.9,54,12.8,11,465.0,1010.5,0.0,29.1,41,12.0,22,470.0,1005.9,0.0,-1.2000000000000028,16,2,1
2023-02-12 17:00:00,26.8,62,10.8,16,227.0,1010.5,0.0,27.4,54,10.1,27,230.0,1006.0,0.0,-0.5999999999999979,17,2,1
2023-02-12 18:00:00,24.7,77,6.1,46,32.0,1011.0,0.0,24.3,75,5.8,33,33.0,1006.4,0.0,0.3999999999999986,18,2,1
2023-02-12 19:00:00,23.4,88,5.8,12,0.0,1011.7,0.0,22.5,87,7.6,10,0.0,1007.2,0.0,0.8999999999999986,19,2,0
2023-02-12 20:00:00,22.6,91,7.6,29,0.0,1012.5,0.0,21.5,89,10.1,25,0.0,1008.0,0.0,1.1000000000000014,20,2,0
2023-02-12 21:00:00,22.2,92,8.0,40,0.0,1013.0,0.0,21.4,88,9.7,55,0.0,1008.4,0.0,0.8000000000000007,21,2,0
2023-02-12 22:00:00,21.8,92,9.5,61,0.0,1013.1,0.0,21.6,89,8.7,100,0.0,1008.6,0.0,0.1999999999999993,22,2,0
2023-02-12 23:00:00,23.0,87,6.8,43,0.0,1012.8,0.0,23.1,87,6.1,93,0.0,1008.2,0.0,-0.10000000000000142,23,2,0
2023-02-13 00:00:00,23.8,85,4.1,29,0.0,1012.1,0.0,21.3,93,5.2,91,0.0,1007.6,0.0,2.5,0,2,0
2023-02-13 01:00:00,21.5,95,1.6,24,0.0,1011.6,0.0,19.4,98,4.8,92,0.0,1007.1,0.0,2.1000000000000014,1,2,0
2023-02-13 02:00:00,20.0,98,2.9,100,0.0,1010.9,0.0,18.4,100,3.4,62,0.0,1006.4,0.0,1.6000000000000014,2,2,0
2023-02-13 03:00:00,20.6,95,3.2,100,0.0,1010.6,0.0,18.9,100,3.3,100,0.0,1006.1,0.0,1.7000000000000028,3,2,0
2023-02-13 04:00:00,20.4,97,5.4,100,0.0,1010.6,0.0,17.8,100,4.8,100,0.0,1006.2,0.0,2.599999999999998,4,2,0
2023-02-13 05:00:00,20.0,95,4.7,100,0.0,1011.4,0.0,18.7,100,5.4,100,0.0,1006.9,0.0,1.3000000000000007,5,2,0
2023-02-13 06:00:00,20.1,96,4.3,100,0.0,1012.2,0.0,18.7,100,3.3,100,0.0,1007.6,0.0,1.4000000000000021,6,2,1
2023-02-13 07:00:00,20.4,94,4.4,100,38.0,1013.2,0.0,19.5,98,2.9,100,42.0,1008.6,0.0,0.8999999999999986,7,2,1
2023-02-13 08:00:00,22.1,89,1.8,22,194.0,1014.1,0.0,21.5,93,2.4,88,185.0,1009.6,0.0,0.6000000000000014,8,2,1
2023-02-13 09:00:00,25.5,75,0.0,0,468.0,1014.8,0.0,25.8,72,0.7,0,468.0,1010.3,0.0,-0.3000000000000007,9,2,1
2023-02-13 10:00:00,27.6,63,4.0,3,695.0,1014.6,0.0,28.4,59,2.9,0,729.0,1010.1,0.0,-0.7999999999999972,10,2,1
2023-02-13 11:00:00,28.9,56,7.9,0,853.0,1013.9,0.0,30.1,48,5.8,0,859.0,1009.3,0.0,-1.2000000000000028,11,2,1
2023-02-13 12:00:00,29.4,54,11.2,0,929.0,1012.8,0.0,31.1,44,8.7,0,929.0,1008.2,0.0,-1.7000000000000028,12,2,1
2023-02-13 13:00:00,29.4,52,12.6,0,921.0,1011.8,0.0,31.4,39,11.2,0,923.0,1007.2,0.0,-2.0,13,2,1
2023-02-13 14:00:00,29.1,49,13.0,0,835.0,1010.7,0.0,31.0,36,12.3,0,840.0,1006.0,0.0,-1.8999999999999986,14,2,1
2023-02-13 15:00:00,28.6,49,13.3,0,679.0,1010.3,0.0,30.3,38,12.2,0,686.0,1005.7,0.0,-1.6999999999999993,15,2,1
2023-02-13 16:00:00,27.7,57,13.0,0,468.0,1010.3,0.0,28.8,46,11.9,0,476.0,1005.8,0.0,-1.1000000000000014,16,2,1
2023-02-13 17:00:00,26.6,69,11.6,0,229.0,1010.7,0.0,27.0,61,11.2,0,234.0,1006.2,0.0,-0.3999999999999986,17,2,1
2023-02-13 18:00:00,24.9,79,7.3,0,33.0,1011.2,0.0,24.2,81,6.7,0,35.0,1006.8,0.0,0.6999999999999993,18,2,1
2023-02-13 19:00:00,24.2,83,6.8,0,0.0,1012.1,0.0,23.0,91,6.3,0,0.0,1007.6,0.0,1.1999999999999993,19,2,0
2023-02-13 20:00:00,24.0,84,7.6,0,0.0,1013.0,0.0,22.3,92,6.8,0,0.0,1008.5,0.0,1.6999999999999993,20,2,0
2023-02-13 21:00:00,23.5,85,6.8,0,0.0,1013.5,0.0,21.5,93,8.7,0,0.0,1009.0,0.0,2.0,21,2,0
2023-02-13 22:00:00,22.6,88,7.1,0,0.0,1013.7,0.0,20.9,94,10.1,0,0.0,1009.1,0.0,1.7000000000000028,22,2,0
2023-02-13 23:00:00,21.9,90,8.6,0,0.0,1013.5,0.0,20.8,93,10.0,0,0.0,1009.0,0.0,1.0999999999999979,23,2,0
2023-02-14 00:00:00,21.4,91,9.7,0,0.0,1013.0,0.0,21.1,93,8.6,0,0.0,1008.5,0.0,0.29999999999999716,0,2,0
2023-02-14 01:00:00,21.8,91,7.7,0,0.0,1012.5,0.0,22.7,89,6.0,0,0.0,1007.9,0.0,-0.8999999999999986,1,2,0
2023-02-14 02:00:00,23.6,88,4.2,0,0.0,1011.4,0.0,20.9,95,0.8,0,0.0,1006.9,0.0,2.700000000000003,2,2,0
2023-02-14 03:00:00,19.6,98,6.4,6,0.0,1011.0,0.0,19.0,100,3.3,100,0.0,1006.6,0.0,0.6000000000000014,3,2,0
2023-02-14 04:00:00,20.1,97,5.4,63,0.0,1011.1,0.0,18.8,100,4.7,100,0.0,1006.6,0.0,1.3000000000000007,4,2,0
2023-02-14 05:00:00,20.3,96,7.2,89,0.0,1011.9,0.0,19.5,100,6.9,100,0.0,1007.5,0.0,0.8000000000000007,5,2,0
2023-02-14 06:00:00,20.1,98,6.8,100,0.0,1012.6,0.0,19.9,100,6.0,100,0.0,1008.1,0.0,0.20000000000000284,6,2,1
2023-02-14 07:00:00,20.6,96,6.8,100,43.0,1013.5,0.0,20.5,99,6.5,100,36.0,1009.0,0.0,0.10000000000000142,7,2,1
2023-02-14 08:00:00,22.7,87,5.1,11,225.0,1014.3,0.0,22.2,92,5.2,39,184.0,1009.8,0.0,0.5,8,2,1
2023-02-14 09:00:00,25.8,73,3.4,0,493.0,1014.9,0.0,25.6,76,2.9,0,467.0,1010.4,0.0,0.1999999999999993,9,2,1
2023-02-14 10:00:00,27.8,63,3.1,1,710.0,1014.6,0.0,28.1,62,0.4,1,715.0,1010.0,0.0,-0.3000000000000007,10,2,1
2023-02-14 11:00:00,29.0,58,8.5,2,848.0,1013.7,0.0,30.0,51,3.3,0,862.0,1009.1,0.0,-1.0,11,2,1
2023-02-14 12:00:00,29.2,62,12.6,1,924.0,1012.6,0.0,30.9,48,8.3,0,929.0,1008.0,0.0,-1.6999999999999993,12,2,1
2023-02-14 13:00:00,29.0,61,15.6,0,920.0,1011.6,0.0,30.6,47,13.3,0,918.0,1007.0,0.0,-1.6000000000000014,13,2,1
2023-02-14 14:00:00,28.8,57,16.3,0,833.0,1010.5,0.0,30.1,42,14.4,0,835.0,1005.9,0.0,-1.3000000000000007,14,2,1
2023-02-14 15:00:00,28.3,62,15.7,0,669.0,1009.8,0.0,29.2,47,14.1,0,680.0,1005.3,0.0,-0.8999999999999986,15,2,1
2023-02-14 16:00:00,27.6,66,14.2,0,465.0,1009.6,0.0,28.0,56,13.1,0,468.0,1005.1,0.0,-0.3999999999999986,16,2,1
2023-02-14 17:00:00,26.7,71,10.5,0,227.0,1010.0,0.0,26.6,64,11.9,0,231.0,1005.5,0.0,0.09999999999999787,17,2,1
2023-02-14 18:00:00,25.2,79,7.6,0,33.0,1010.3,0.0,24.6,75,7.6,0,35.0,1005.9,0.0,0.5999999999999979,18,2,1
2023-02-14 19:00:00,24.6,83,6.9,0,0.0,1011.0,0.0,23.4,85,6.3,0,0.0,1006.6,0.0,1.2000000000000028,19,2,0
2023-02-14 20:00:00,24.3,83,8.0,0,0.0,1011.8,0.0,22.5,92,6.5,0,0.0,1007.3,0.0,1.8000000000000007,20,2,0
2023-02-14 21:00:00,23.9,85,6.7,0,0.0,1012.2,0.0,21.8,93,8.5,0,0.0,1007.7,0.0,2.099999999999998,21,2,0
2023-02-14 22:00:00,22.7,90,7.6,0,0.0,1012.4,0.0,21.2,94,10.1,0,0.0,1007.9,0.0,1.5,22,2,0
2023-02-14 23:00:00,22.7,90,6.8,0,0.0,1011.9,0.0,21.2,92,9.3,0,0.0,1007.4,0.0,1.5,23,2,0
2023-02-15 00:00:00,22.7,90,6.4,0,0.0,1011.2,0.0,21.0,93,9.0,0,0.0,1006.7,0.0,1.6999999999999993,0,2,0
2023-02-15 01:00:00,21.8,91,8.4,0,0.0,1010.5,0.0,21.9,90,6.7,0,0.0,1005.9,0.0,-0.09999999999999787,1,2,0
2023-02-15 02:00:00,21.8,92,5.6,0,0.0,1009.7,0.0,19.7,97,5.2,0,0.0,1005.2,0.0,2.1000000000000014,2,2,0
2023-02-15 03:00:00,21.1,96,6.5,9,0.0,1009.2,0.0,20.1,98,6.5,1,0.0,1004.8,0.0,1.0,3,2,0
2023-02-15 04:00:00,20.8,97,7.9,70,0.0,1009.2,0.0,19.7,100,6.1,43,0.0,1004.7,0.0,1.1000000000000014,4,2,0
2023-02-15 05:00:00,20.7,98,8.4,100,0.0,1009.8,0.0,19.8,100,5.4,100,0.0,1005.2,0.0,0.8999999999999986,5,2,0
2023-02-15 06:00:00,20.8,98,7.7,94,0.0,1010.6,0.0,20.0,100,5.2,100,0.0,1006.1,0.0,0.8000000000000007,6,2,1
2023-02-15 07:00:00,21.3,96,8.0,100,50.0,1011.7,0.0,21.0,98,7.5,100,51.0,1007.1,0.0,0.3000000000000007,7,2,1
2023-02-15 08:00:00,23.4,86,6.5,5,249.0,1012.4,0.0,23.6,86,5.7,45,233.0,1008.0,0.0,-0.20000000000000284,8,2,1
2023-02-15 09:00:00,26.1,71,4.7,0,515.0,1013.0,0.0,26.2,71,3.1,1,511.0,1008.5,0.0,-0.09999999999999787,9,2,1
2023-02-15 10:00:00,28.2,58,0.5,0,723.0,1012.9,0.0,28.5,57,1.1,0,721.0,1008.5,0.0,-0.3000000000000007,10,2,1
2023-02-15 11:00:00,29.6,50,5.1,0,866.0,1012.2,0.0,30.4,46,3.3,21,866.0,1007.7,0.0,-0.7999999999999972,11,2,1
2023-02-15 12:00:00,30.1,51,9.7,0,934.0,1011.2,0.0,31.6,41,7.6,61,935.0,1006.6,0.0,-1.5,12,2,1
2023-02-15 13:00:00,29.6,56,14.8,0,925.0,1010.3,0.0,31.8,41,12.1,2,923.0,1005.6,0.0,-2.1999999999999993,13,2,1
2023-02-15 14:00:00,29.1,53,16.6,0,839.0,1009.5,0.0,31.1,41,14.8,0,840.0,1004.8,0.0,-2.0,14,2,1
2023-02-15 15:00:00,28.6,56,16.0,0,682.0,1009.0,0.0,29.9,44,16.0,0,685.0,1004.4,0.0,-1.2999999999999972,15,2,1
2023-02-15 16:00:00,27.5,62,14.8,0,471.0,1009.1,0.0,28.5,54,14.9,0,475.0,1004.5,0.0,-1.0,16,2,1
2023-02-15 17:00:00,26.5,69,13.0,0,231.0,1009.5,0.0,26.9,65,12.3,0,234.0,1005.0,0.0,-0.3999999999999986,17,2,1
2023-02-15 18:00:00,25.2,78,9.8,0,34.0,1009.5,0.0,24.8,78,8.0,0,35.0,1005.0,0.0,0.3999999999999986,18,2,1
2023-02-15 19:00:00,24.7,81,8.6,0,0.0,1010.3,0.0,23.6,86,6.4,0,0.0,1005.7,0.0,1.0999999999999979,19,2,0
2023-02-15 20:00:00,24.4,82,8.4,0,0.0,1010.9,0.0,22.8,91,6.5,0,0.0,1006.4,0.0,1.5999999999999979,20,2,0
2023-02-15 21:00:00,23.9,84,7.2,0,0.0,1011.3,0.0,22.0,93,8.5,0,0.0,1006.7,0.0,1.8999999999999986,21,2,0
2023-02-15 22:00:00,23.1,89,6.4,0,0.0,1011.3,0.0,21.3,95,9.3,0,0.0,1006.7,0.0,1.8000000000000007,22,2,0
2023-02-15 23:00:00,21.9,92,8.9,0,0.0,1011.0,0.0,21.3,94,8.7,0,0.0,1006.5,0.0,0.5999999999999979,23,2,0
2023-02-16 00:00:00,22.3,89,7.4,0,0.0,1010.7,0.0,22.4,91,6.5,0,0.0,1006.3,0.0,-0.09999999999999787,0,2,0
2023-02-16 01:00:00,23.4,87,4.6,0,0.0,1009.8,0.0,22.4,92,3.9,0,0.0,1005.5,0.0,1.0,1,2,0
2023-02-16 02:00:00,21.6,97,1.5,100,0.0,1009.0,0.0,20.6,96,1.5,8,0.0,1004.6,0.0,1.0,2,2,0
2023-02-16 03:00:00,20.1,98,2.2,100,0.0,1008.8,0.0,19.3,100,3.6,100,0.0,1004.2,0.0,0.8000000000000007,3,2,0
2023-02-16 04:00:00,20.6,95,2.2,100,0.0,1009.1,0.0,19.5,99,3.0,100,0.0,1004.6,0.0,1.1000000000000014,4,2,0
2023-02-16 05:00:00,21.2,98,2.2,100,0.0,1009.8,0.0,20.0,100,3.1,100,0.0,1005.3,0.0,1.1999999999999993,5,2,0
2023-02-16 06:00:00,21.1,97,4.0,100,0.0,1010.8,0.0,20.2,100,5.2,100,0.0,1006.2,0.0,0.9000000000000021,6,2,1
2023-02-16 07:00:00,21.8,95,5.9,100,48.0,1011.9,0.0,21.0,98,4.3,100,41.0,1007.3,0.0,0.8000000000000007,7,2,1
2023-02-16 08:00:00,22.8,93,5.5,83,202.0,1012.6,0.0,22.9,95,3.4,100,185.0,1008.1,0.0,-0.09999999999999787,8,2,1
2023-02-16 09:00:00,25.4,80,2.7,1,394.0,1013.3,0.0,26.4,71,1.1,1,438.0,1008.7,0.0,-1.0,9,2,1
2023-02-16 10:00:00,27.6,65,4.5,12,650.0,1013.5,0.0,28.6,56,4.4,0,696.0,1008.9,0.0,-1.0,10,2,1
2023-02-16 11:00:00,28.9,57,10.2,43,835.0,1012.8,0.0,30.0,48,9.2,1,843.0,1008.1,0.0,-1.1000000000000014,11,2,1
2023-02-16 12:00:00,29.2,54,13.7,58,921.0,1011.8,0.0,30.5,44,13.0,10,927.0,1007.1,0.0,-1.3000000000000007,12,2,1
2023-02-16 13:00:00,29.0,53,14.8,71,918.0,1010.9,0.0,30.3,45,14.8,62,922.0,1006.3,0.0,-1.3000000000000007,13,2,1
2023-02-16 14:00:00,28.5,57,14.1,77,835.0,1009.9,0.0,29.7,48,14.4,45,843.0,1005.3,0.0,-1.1999999999999993,14,2,1
2023-02-16 15:00:00,28.0,60,13.8,30,677.0,1009.4,0.0,29.0,52,13.7,0,689.0,1004.9,0.0,-1.0,15,2,1
2023-02-16 16:00:00,27.3,62,13.0,3,469.0,1009.5,0.0,27.9,58,13.0,0,476.0,1005.0,0.0,-0.5999999999999979,16,2,1
2023-02-16 17:00:00,26.7,59,12.9,0,230.0,1009.9,0.0,26.8,58,11.7,0,235.0,1005.4,0.0,-0.10000000000000142,17,2,1
2023-02-16 18:00:00,25.5,68,9.5,0,34.0,1010.1,0.0,25.0,66,7.3,0,35.0,1005.6,0.0,0.5,18,2,1
2023-02-16 19:00:00,24.8,74,7.3,0,0.0,1010.9,0.0,23.6,74,5.7,0,0.0,1006.4,0.0,1.1999999999999993,19,2,0
2023-02-16 20:00:00,24.2,79,6.3,0,0.0,1011.7,0.0,22.6,80,8.4,0,0.0,1007.2,0.0,1.5999999999999979,20,2,0
2023-02-16 21:00:00,23.1,86,7.0,0,0.0,1012.2,0.0,22.0,83,9.8,0,0.0,1007.6,0.0,1.1000000000000014,21,2,0
2023-02-16 22:00:00,23.1,85,7.2,0,0.0,1012.5,0.0,22.2,81,8.4,0,0.0,1007.9,0.0,0.9000000000000021,22,2,0
2023-02-16 23:00:00,24.6,77,4.7,0,0.0,1012.3,0.0,23.8,73,6.3,0,0.0,1007.8,0.0,0.8000000000000007,23,2,0
2023-02-17 00:00:00,24.1,79,2.3,0,0.0,1011.8,0.0,23.3,75,3.9,0,0.0,1007.3,0.0,0.8000000000000007,0,2,0
2023-02-17 01:00:00,23.0,85,1.5,3,0.0,1011.1,0.0,21.9,81,3.1,0,0.0,1006.5,0.0,1.1000000000000014,1,2,0
2023-02-17 02:00:00,20.8,94,3.1,37,0.0,1010.8,0.0,19.1,93,5.4,0,0.0,1006.2,0.0,1.6999999999999993,2,2,0
2023-02-17 03:00:00,20.1,96,3.1,60,0.0,1010.4,0.0,19.2,96,4.5,5,0.0,1005.9,0.0,0.9000000000000021,3,2,0
2023-02-17 04:00:00,19.4,96,3.6,69,0.0,1010.4,0.0,18.9,98,4.5,11,0.0,1006.0,0.0,0.5,4,2,0
2023-02-17 05:00:00,20.7,94,2.2,76,0.0,1011.1,0.0,19.2,100,5.2,28,0.0,1006.7,0.0,1.5,5,2,0
2023-02-17 06:00:00,21.2,91,3.1,95,0.0,1011.9,0.0,19.7,100,4.5,100,0.0,1007.4,0.0,1.5,6,2,1
2023-02-17 07:00:00,21.9,90,5.5,100,50.0,1012.9,0.0,21.0,97,4.8,25,52.0,1008.3,0.0,0.8999999999999986,7,2,1
2023-02-17 08:00:00,23.8,85,4.7,71,223.0,1013.7,0.0,24.9,78,1.8,12,272.0,1009.2,0.0,-1.0999999999999979,8,2,1
2023-02-17 09:00:00,26.8,72,9.0,34,484.0,1014.1,0.0,27.4,66,8.7,25,491.0,1009.5,0.0,-0.5999999999999979,9,2,1
2023-02-17 10:00:00,28.2,58,11.2,2,679.0,1013.8,0.0,28.7,58,10.0,8,689.0,1009.3,0.0,-0.5,10,2,1
2023-02-17 11:00:00,28.8,55,11.4,0,853.0,1013.2,0.0,29.7,51,10.9,3,853.0,1008.6,0.0,-0.8999999999999986,11,2,1
2023-02-17 12:00:00,29.1,53,12.9,0,925.0,1012.1,0.0,30.2,48,11.4,1,935.0,1007.4,0.0,-1.0999999999999979,12,2,1
2023-02-17 13:00:00,29.1,52,13.5,0,921.0,1010.9,0.0,30.3,48,12.6,0,928.0,1006.3,0.0,-1.1999999999999993,13,2,1
2023-02-17 14:00:00,28.9,51,13.9,0,838.0,1010.0,0.0,29.9,50,12.6,0,843.0,1005.3,0.0,-1.0,14,2,1
2023-02-17 15:00:00,28.4,56,13.7,0,682.0,1009.5,0.0,29.2,53,12.2,0,686.0,1004.9,0.0,-0.8000000000000007,15,2,1
2023-02-17 16:00:00,27.6,61,13.0,0,472.0,1009.8,0.0,28.3,55,12.2,0,476.0,1005.2,0.0,-0.6999999999999993,16,2,1
2023-02-17 17:00:00,26.8,63,11.4,0,232.0,1010.2,0.0,27.1,58,11.0,0,236.0,1005.7,0.0,-0.3000000000000007,17,2,1
2023-02-17 18:00:00,25.5,69,8.1,0,35.0,1010.5,0.0,25.0,67,7.2,0,36.0,1006.0,0.0,0.5,18,2,1
2023-02-17 19:00:00,24.6,74,6.6,0,0.0,1011.2,0.0,23.5,75,6.1,0,0.0,1006.7,0.0,1.1000000000000014,19,2,0
2023-02-17 20:00:00,23.5,80,6.2,0,0.0,1012.0,0.0,22.1,82,8.9,0,0.0,1007.4,0.0,1.3999999999999986,20,2,0
2023-02-17 21:00:00,22.8,84,7.4,0,0.0,1012.4,0.0,21.6,85,9.5,0,0.0,1007.8,0.0,1.1999999999999993,21,2,0
2023-02-17 22:00:00,22.2,87,8.8,0,0.0,1012.5,0.0,21.4,86,8.9,0,0.0,1007.9,0.0,0.8000000000000007,22,2,0
2023-02-17 23:00:00,21.7,88,9.7,0,0.0,1012.4,0.0,21.3,86,8.5,0,0.0,1007.8,0.0,0.3999999999999986,23,2,0
2023-02-18 00:00:00,21.6,87,9.0,0,0.0,1011.9,0.0,21.2,86,8.7,0,0.0,1007.3,0.0,0.40000000000000213,0,2,0
2023-02-18 01:00:00,21.3,89,9.7,0,0.0,1011.0,0.0,20.8,87,9.3,0,0.0,1006.5,0.0,0.5,1,2,0
2023-02-18 02:00:00,20.8,91,10.6,0,0.0,1010.5,0.0,21.1,86,8.7,0,0.0,1005.9,0.0,-0.3000000000000007,2,2,0
2023-02-18 03:00:00,20.8,92,10.4,3,0.0,1010.3,0.0,22.7,82,7.1,0,0.0,1005.8,0.0,-1.8999999999999986,3,2,0
2023-02-18 04:00:00,22.1,88,7.7,7,0.0,1010.3,0.0,22.6,85,4.5,9,0.0,1005.9,0.0,-0.5,4,2,0
2023-02-18 05:00:00,23.5,86,3.2,13,0.0,1011.1,0.0,21.2,90,1.5,21,0.0,1006.6,0.0,2.3000000000000007,5,2,0
2023-02-18 06:00:00,22.6,92,2.7,34,0.0,1012.1,0.0,20.4,95,2.7,25,0.0,1007.5,0.0,2.200000000000003,6,2,1
2023-02-18 07:00:00,22.7,92,4.7,36,59.0,1013.1,0.0,22.1,89,6.8,36,61.0,1008.6,0.0,0.5999999999999979,7,2,1
2023-02-18 08:00:00,25.2,80,5.1,21,259.0,1013.8,0.0,25.1,76,5.0,31,267.0,1009.4,0.0,0.09999999999999787,8,2,1
2023-02-18 09:00:00,27.3,68,6.6,24,494.0,1014.3,0.0,27.6,65,5.4,46,495.0,1009.8,0.0,-0.3000000000000007,9,2,1
2023-02-18 10:00:00,28.4,61,9.2,17,639.0,1014.2,0.0,29.3,55,8.2,28,642.0,1009.7,0.0,-0.9000000000000021,10,2,1
2023-02-18 11:00:00,29.1,57,11.0,13,819.0,1013.3,0.0,30.2,51,9.7,17,805.0,1008.6,0.0,-1.0999999999999979,11,2,1
2023-02-18 12:00:00,29.4,57,13.0,4,892.0,1012.0,0.0,30.7,50,10.8,12,868.0,1007.4,0.0,-1.3000000000000007,12,2,1
2023-02-18 13:00:00,29.5,54,14.1,0,903.0,1011.0,0.0,30.9,48,11.8,2,883.0,1006.3,0.0,-1.3999999999999986,13,2,1
2023-02-18 14:00:00,29.4,51,14.1,0,819.0,1010.0,0.0,30.7,46,12.1,1,807.0,1005.3,0.0,-1.3000000000000007,14,2,1
2023-02-18 15:00:00,28.9,54,14.0,0,653.0,1009.4,0.0,30.0,49,12.8,0,666.0,1004.7,0.0,-1.1000000000000014,15,2,1
2023-02-18 16:00:00,28.3,59,14.8,0,463.0,1009.5,0.0,28.8,56,14.0,0,472.0,1004.9,0.0,-0.5,16,2,1
2023-02-18 17:00:00,27.6,65,13.9,0,234.0,1009.9,0.0,27.9,62,13.4,0,235.0,1005.4,0.0,-0.29999999999999716,17,2,1
2023-02-18 18:00:00,26.4,71,11.3,0,34.0,1010.6,0.0,26.1,71,10.5,0,36.0,1006.0,0.0,0.29999999999999716,18,2,1
2023-02-18 19:00:00,26.2,72,11.1,0,0.0,1011.5,0.0,25.5,75,10.8,0,0.0,1006.9,0.0,0.6999999999999993,19,2,0
2023-02-18 20:00:00,25.9,73,11.6,0,0.0,1012.4,0.0,25.0,79,9.0,0,0.0,1007.8,0.0,0.8999999999999986,20,2,0
2023-02-18 21:00:00,25.6,76,11.9,0,0.0,1012.9,0.0,24.0,86,6.4,0,0.0,1008.4,0.0,1.6000000000000014,21,2,0
2023-02-18 22:00:00,25.3,79,9.7,0,0.0,1013.2,0.0,23.5,89,6.6,0,0.0,1008.7,0.0,1.8000000000000007,22,2,0
2023-02-18 23:00:00,24.8,82,7.8,0,0.0,1012.9,0.0,22.7,93,8.4,0,0.0,1008.3,0.0,2.1000000000000014,23,2,0
2023-02-19 00:00:00,24.1,86,6.6,0,0.0,1012.3,0.0,22.1,94,9.4,1,0.0,1007.8,0.0,2.0,0,2,0
2023-02-19 01:00:00,23.4,90,5.9,2,0.0,1011.5,0.0,22.0,95,9.3,4,0.0,1006.9,0.0,1.3999999999999986,1,2,0
2023-02-19 02:00:00,22.2,93,9.0,8,0.0,1010.9,0.0,22.6,93,7.1,11,0.0,1006.4,0.0,-0.40000000000000213,2,2,0
2023-02-19 03:00:00,22.6,91,7.6,21,0.0,1010.5,0.0,23.4,92,5.1,53,0.0,1006.0,0.0,-0.7999999999999972,3,2,0
2023-02-19 04:00:00,22.8,92,6.9,32,0.0,1010.6,0.0,23.3,92,1.8,40,0.0,1006.2,0.0,-0.5,4,2,0
2023-02-19 05:00:00,22.9,93,6.9,30,0.0,1011.3,0.0,23.6,92,5.0,57,0.0,1006.9,0.0,-0.7000000000000028,5,2,0
2023-02-19 06:00:00,22.8,94,8.2,23,0.0,1012.0,0.0,23.7,92,1.8,31,0.0,1007.6,0.0,-0.8999999999999986,6,2,1
2023-02-19 07:00:00,25.0,86,3.4,23,59.0,1013.2,0.0,24.2,90,2.3,30,62.0,1008.8,0.0,0.8000000000000007,7,2,1
2023-02-19 08:00:00,26.6,75,4.8,31,259.0,1013.9,0.1,26.2,79,2.6,43,264.0,1009.3,0.2,0.40000000000000213,8,2,1
2023-02-19 09:00:00,28.0,65,7.1,10,494.0,1014.3,0.0,28.0,65,6.2,32,483.0,1009.8,0.1,0.0,9,2,1
2023-02-19 10:00:00,28.9,60,10.0,19,677.0,1014.3,0.0,29.4,56,7.4,31,656.0,1009.7,0.0,-0.5,10,2,1
2023-02-19 11:00:00,29.3,59,11.9,8,829.0,1013.3,0.0,30.5,51,9.0,22,814.0,1008.7,0.0,-1.1999999999999993,11,2,1
2023-02-19 12:00:00,29.5,59,13.4,10,896.0,1012.0,0.0,30.8,50,11.5,16,841.0,1007.3,0.0,-1.3000000000000007,12,2,1
2023-02-19 13:00:00,29.6,57,13.3,2,892.0,1011.1,0.0,30.8,51,12.6,10,880.0,1006.4,0.0,-1.1999999999999993,13,2,1
2023-02-19 14:00:00,29.4,58,14.0,0,819.0,1010.1,0.0,30.4,52,13.3,1,811.0,1005.5,0.0,-1.0,14,2,1
2023-02-19 15:00:00,28.9,59,14.4,0,677.0,1009.7,0.0,29.7,54,13.3,0,660.0,1005.1,0.0,-0.8000000000000007,15,2,1
2023-02-19 16:00:00,28.1,61,13.8,0,476.0,1009.9,0.0,28.8,55,13.7,0,476.0,1005.3,0.0,-0.6999999999999993,16,2,1
2023-02-19 17:00:00,27.3,67,11.7,0,239.0,1010.3,0.0,27.4,63,12.0,0,241.0,1005.8,0.0,-0.09999999999999787,17,2,1
2023-02-19 18:00:00,25.8,74,9.6,0,36.0,1010.9,0.0,25.4,75,8.0,0,37.0,1006.4,0.0,0.40000000000000213,18,2,1
2023-02-19 19:00:00,25.2,78,8.7,0,0.0,1011.6,0.0,24.5,81,7.6,0,0.0,1007.1,0.0,0.6999999999999993,19,2,0
2023-02-19 20:00:00,24.8,81,9.7,0,0.0,1012.3,0.0,23.9,87,7.3,0,0.0,1007.9,0.0,0.9000000000000021,20,2,0
2023-02-19 21:00:00,24.7,83,10.2,0,0.0,1013.0,0.0,23.0,92,7.3,0,0.0,1008.6,0.0,1.6999999999999993,21,2,0
2023-02-19 22:00:00,24.5,84,10.3,0,0.0,1013.3,0.0,22.7,94,7.2,0,0.0,1008.7,0.0,1.8000000000000007,22,2,0
2023-02-19 23:00:00,24.2,85,9.5,0,0.0,1012.8,0.0,22.2,94,8.0,0,0.0,1008.2,0.0,2.0,23,2,0
2023-02-20 00:00:00,23.7,87,7.3,0,0.0,1011.9,0.0,21.6,94,10.3,0,0.0,1007.3,0.0,2.099999999999998,0,2,0
2023-02-20 01:00:00,22.1,92,9.1,0,0.0,1011.2,0.0,23.1,91,7.3,0,0.0,1006.8,0.0,-1.0,1,2,0
2023-02-20 02:00:00,24.3,83,5.8,0,0.0,1010.8,0.0,22.8,91,4.0,0,0.0,1006.4,0.0,1.5,2,2,0
2023-02-20 03:00:00,23.1,89,1.8,0,0.0,1010.5,0.0,20.1,98,3.8,11,0.0,1006.0,0.0,3.0,3,2,0
2023-02-20 04:00:00,20.4,98,4.1,31,0.0,1010.5,0.0,20.1,100,4.2,100,0.0,1006.0,0.0,0.29999999999999716,4,2,0
2023-02-20 05:00:00,21.1,95,3.2,100,0.0,1011.0,0.0,20.9,98,3.7,100,0.0,1006.5,0.0,0.20000000000000284,5,2,0
2023-02-20 06:00:00,21.2,96,3.7,67,0.0,1012.0,0.0,20.9,99,5.6,87,0.0,1007.5,0.0,0.3000000000000007,6,2,1
2023-02-20 07:00:00,22.0,95,7.0,81,61.0,1012.9,0.0,22.0,97,6.8,100,60.0,1008.4,0.0,0.0,7,2,1
2023-02-20 08:00:00,24.2,86,7.6,6,240.0,1013.7,0.0,25.4,80,4.9,8,262.0,1009.2,0.0,-1.1999999999999993,8,2,1
2023-02-20 09:00:00,26.9,70,4.5,19,493.0,1014.3,0.0,27.4,64,2.3,28,524.0,1009.7,0.0,-0.5,9,2,1
2023-02-20 10:00:00,28.8,53,2.6,0,696.0,1014.2,0.0,29.3,51,1.1,0,726.0,1009.8,0.0,-0.5,10,2,1
2023-02-20 11:00:00,30.3,44,5.4,0,877.0,1013.4,0.0,31.0,41,0.8,0,882.0,1008.9,0.0,-0.6999999999999993,11,2,1
2023-02-20 12:00:00,30.8,43,10.3,0,950.0,1012.3,0.0,32.1,36,4.7,0,951.0,1007.7,0.0,-1.3000000000000007,12,2,1
2023-02-20 13:00:00,30.8,40,12.8,0,943.0,1011.3,0.0,32.4,36,10.1,0,939.0,1006.6,0.0,-1.5999999999999979,13,2,1
2023-02-20 14:00:00,30.6,35,13.8,0,855.0,1010.4,0.0,32.0,32,13.0,0,853.0,1005.8,0.0,-1.3999999999999986,14,2,1
2023-02-20 15:00:00,29.7,39,14.4,0,696.0,1010.1,0.0,31.2,29,13.0,0,701.0,1005.5,0.0,-1.5,15,2,1
2023-02-20 16:00:00,28.3,51,14.4,0,482.0,1010.3,0.0,29.6,38,13.1,0,487.0,1005.7,0.0,-1.3000000000000007,16,2,1
2023-02-20 17:00:00,27.3,56,12.8,0,238.0,1010.4,0.0,27.8,49,12.5,0,242.0,1005.9,0.0,-0.5,17,2,1
2023-02-20 18:00:00,25.8,68,8.6,5,36.0,1010.8,0.0,25.5,63,7.4,8,38.0,1006.3,0.0,0.3000000000000007,18,2,1
2023-02-20 19:00:00,25.0,77,7.0,0,0.0,1011.7,0.0,24.0,74,5.9,4,0.0,1007.3,0.0,1.0,19,2,0
2023-02-20 20:00:00,24.3,82,6.2,0,0.0,1012.4,0.0,22.8,83,7.8,4,0.0,1007.9,0.0,1.5,20,2,0
2023-02-20 21:00:00,23.1,87,8.1,0,0.0,1012.9,0.0,22.1,90,8.7,0,0.0,1008.3,0.0,1.0,21,2,0
2023-02-20 22:00:00,22.6,87,9.2,0,0.0,1013.0,0.0,21.8,91,9.2,0,0.0,1008.4,0.0,0.8000000000000007,22,2,0
2023-02-20 23:00:00,22.1,88,9.3,0,0.0,1012.7,0.0,21.6,90,8.7,0,0.0,1008.2,0.0,0.5,23,2,0
2023-02-21 00:00:00,22.6,85,7.5,0,0.0,1012.2,0.0,21.5,89,8.5,0,0.0,1007.6,0.0,1.1000000000000014,0,2,0
2023-02-21 01:00:00,22.1,87,8.2,0,0.0,1011.2,0.0,21.1,90,8.4,0,0.0,1006.8,0.0,1.0,1,2,0
2023-02-21 02:00:00,21.6,90,8.6,0,0.0,1010.7,0.0,21.7,87,7.3,16,0.0,1006.3,0.0,-0.09999999999999787,2,2,0
2023-02-21 03:00:00,20.8,94,8.2,16,0.0,1010.4,0.0,19.9,94,5.7,88,0.0,1006.0,0.0,0.9000000000000021,3,2,0
2023-02-21 04:00:00,21.1,95,6.8,25,0.0,1010.5,0.0,19.8,97,6.3,3,0.0,1006.1,0.0,1.3000000000000007,4,2,0
2023-02-21 05:00:00,20.9,95,6.2,20,0.0,1011.4,0.0,19.9,98,5.4,12,0.0,1006.9,0.0,1.0,5,2,0
2023-02-21 06:00:00,20.8,95,7.6,5,0.0,1012.1,0.0,20.1,99,6.5,0,0.0,1007.6,0.0,0.6999999999999993,6,2,1
2023-02-21 07:00:00,21.8,89,9.0,0,68.0,1013.0,0.0,21.5,94,6.9,0,70.0,1008.5,0.0,0.3000000000000007,7,2,1
2023-02-21 08:00:00,25.0,75,7.6,0,293.0,1013.8,0.0,25.2,77,5.1,0,296.0,1009.3,0.0,-0.1999999999999993,8,2,1
2023-02-21 09:00:00,27.9,59,5.0,0,533.0,1014.2,0.0,28.0,60,3.2,0,537.0,1009.7,0.0,-0.10000000000000142,9,2,1
2023-02-21 10:00:00,30.1,46,2.5,0,735.0,1013.9,0.0,30.6,44,0.5,0,739.0,1009.5,0.0,-0.5,10,2,1
2023-02-21 11:00:00,31.4,39,7.1,0,877.0,1013.1,0.0,32.1,36,4.3,0,880.0,1008.6,0.0,-0.7000000000000028,11,2,1
2023-02-21 12:00:00,31.5,40,13.5,0,946.0,1012.2,0.0,32.9,34,10.1,12,949.0,1007.7,0.0,-1.3999999999999986,12,2,1
2023-02-21 13:00:00,31.2,37,16.3,22,936.0,1011.4,0.0,32.7,33,14.2,34,939.0,1006.9,0.0,-1.5000000000000036,13,2,1
2023-02-21 14:00:00,30.8,38,15.6,46,848.0,1010.5,0.0,32.1,32,14.8,55,851.0,1005.9,0.0,-1.3000000000000007,14,2,1
2023-02-21 15:00:00,30.0,44,15.0,57,690.0,1010.2,0.0,31.2,35,14.9,76,693.0,1005.7,0.0,-1.1999999999999993,15,2,1
2023-02-21 16:00:00,29.0,52,13.8,72,477.0,1010.3,0.0,30.1,39,13.4,52,479.0,1005.8,0.0,-1.1000000000000014,16,2,1
2023-02-21 17:00:00,27.9,60,11.2,20,236.0,1010.6,0.0,28.5,48,11.1,2,239.0,1006.1,0.0,-0.6000000000000014,17,2,1
2023-02-21 18:00:00,26.3,68,7.1,21,36.0,1011.1,0.0,26.0,64,7.1,0,38.0,1006.6,0.0,0.3000000000000007,18,2,1
2023-02-21 19:00:00,25.4,73,6.6,0,0.0,1011.5,0.0,24.6,75,6.4,0,0.0,1007.0,0.0,0.7999999999999972,19,2,0
2023-02-21 20:00:00,25.0,76,6.9,0,0.0,1012.3,0.0,23.6,81,6.2,0,0.0,1007.8,0.0,1.3999999999999986,20,2,0
2023-02-21 21:00:00,24.2,83,6.2,0,0.0,1012.8,0.0,22.7,87,8.6,0,0.0,1008.2,0.0,1.5,21,2,0
2023-02-21 22:00:00,23.3,89,7.6,0,0.0,1012.9,0.0,22.2,91,9.7,0,0.0,1008.3,0.0,1.1000000000000014,22,2,0
2023-02-21 23:00:00,22.6,91,9.0,0,0.0,1012.9,0.0,22.1,92,9.1,0,0.0,1008.3,0.0,0.5,23,2,0
2023-02-22 00:00:00,22.6,91,8.6,0,0.0,1012.3,0.0,22.4,92,7.6,0,0.0,1007.7,0.0,0.20000000000000284,0,2,0
2023-02-22 01:00:00,23.1,89,7.5,0,0.0,1011.4,0.0,23.2,90,6.8,0,0.0,1007.0,0.0,-0.09999999999999787,1,2,0
2023-02-22 02:00:00,23.0,89,7.1,0,0.0,1010.6,0.0,23.0,92,4.7,0,0.0,1006.2,0.0,0.0,2,2,0
2023-02-22 03:00:00,22.5,91,7.1,0,0.0,1010.0,0.0,22.4,95,5.2,0,0.0,1005.6,0.0,0.10000000000000142,3,2,0
2023-02-22 04:00:00,22.8,92,5.3,0,0.0,1009.8,0.0,21.1,98,2.9,9,0.0,1005.3,0.0,1.6999999999999993,4,2,0
2023-02-22 05:00:00,21.0,96,7.6,100,0.0,1010.8,0.0,20.3,99,3.6,100,0.0,1006.3,0.0,0.6999999999999993,5,2,0
2023-02-22 06:00:00,21.7,96,7.6,31,0.0,1011.3,0.0,20.9,100,6.3,100,0.0,1006.8,0.0,0.8000000000000007,6,2,1
2023-02-22 07:00:00,22.1,94,8.0,74,66.0,1012.1,0.0,21.7,98,5.4,100,62.0,1007.6,0.0,0.40000000000000213,7,2,1
2023-02-22 08:00:00,25.1,80,5.4,0,275.0,1012.9,0.0,24.8,85,2.7,0,247.0,1008.5,0.0,0.3000000000000007,8,2,1
2023-02-22 09:00:00,28.4,56,2.3,0,530.0,1013.1,0.0,28.5,56,1.3,0,533.0,1008.8,0.0,-0.10000000000000142,9,2,1
2023-02-22 10:00:00,30.6,35,8.5,0,739.0,1013.0,0.0,31.0,34,8.5,0,743.0,1008.5,0.0,-0.3999999999999986,10,2,1
2023-02-22 11:00:00,31.0,33,12.3,0,884.0,1012.4,0.0,31.8,30,12.6,0,889.0,1007.8,0.0,-0.8000000000000007,11,2,1
2023-02-22 12:00:00,30.9,36,13.7,0,955.0,1011.8,0.0,32.0,30,14.4,0,961.0,1007.2,0.0,-1.1000000000000014,12,2,1
2023-02-22 13:00:00,30.5,40,14.2,0,945.0,1011.0,0.0,31.7,32,14.8,0,951.0,1006.5,0.0,-1.1999999999999993,13,2,1
2023-02-22 14:00:00,30.0,43,13.8,0,856.0,1010.2,0.0,31.2,34,14.8,0,862.0,1005.7,0.0,-1.1999999999999993,14,2,1
2023-02-22 15:00:00,29.4,47,12.9,0,695.0,1009.9,0.0,30.5,36,14.4,0,702.0,1005.4,0.0,-1.1000000000000014,15,2,1
2023-02-22 16:00:00,28.5,54,12.4,0,481.0,1010.2,0.0,29.4,39,13.7,0,486.0,1005.7,0.0,-0.8999999999999986,16,2,1
2023-02-22 17:00:00,27.7,56,10.8,0,238.0,1010.4,0.0,28.3,44,11.5,0,242.0,1005.9,0.0,-0.6000000000000014,17,2,1
2023-02-22 18:00:00,26.0,66,8.0,0,37.0,1010.7,0.0,25.7,59,6.3,0,39.0,1006.2,0.0,0.3000000000000007,18,2,1
2023-02-22 19:00:00,25.4,70,8.4,0,0.0,1011.2,0.0,24.2,69,6.2,0,0.0,1006.8,0.0,1.1999999999999993,19,2,0
2023-02-22 20:00:00,25.2,71,9.0,0,0.0,1012.0,0.0,23.6,75,6.8,0,0.0,1007.6,0.0,1.5999999999999979,20,2,0
2023-02-22 21:00:00,24.9,71,9.6,0,0.0,1012.5,0.0,22.7,83,7.8,0,0.0,1008.0,0.0,2.1999999999999993,21,2,0
2023-02-22 22:00:00,24.6,75,9.9,0,0.0,1012.6,0.0,22.3,86,7.6,0,0.0,1008.1,0.0,2.3000000000000007,22,2,0
2023-02-22 23:00:00,24.4,76,9.3,0,0.0,1012.7,0.0,22.0,87,8.1,0,0.0,1008.2,0.0,2.3999999999999986,23,2,0
2023-02-23 00:00:00,24.0,79,8.5,0,0.0,1012.5,0.0,21.4,90,9.4,0,0.0,1008.0,0.0,2.6000000000000014,0,2,0
2023-02-23 01:00:00,23.3,82,6.6,0,0.0,1011.7,0.0,21.4,88,9.7,0,0.0,1007.1,0.0,1.9000000000000021,1,2,0
2023-02-23 02:00:00,21.7,89,9.2,0,0.0,1011.0,0.0,22.6,83,6.6,0,0.0,1006.6,0.0,-0.9000000000000021,2,2,0
2023-02-23 03:00:00,23.1,84,5.8,0,0.0,1010.8,0.0,21.2,88,2.5,0,0.0,1006.3,0.0,1.9000000000000021,3,2,0
2023-02-23 04:00:00,20.7,94,6.2,0,0.0,1010.8,0.0,19.5,96,3.7,0,0.0,1006.4,0.0,1.1999999999999993,4,2,0
2023-02-23 05:00:00,21.3,93,6.5,3,0.0,1011.3,0.0,19.9,97,6.9,0,0.0,1006.8,0.0,1.4000000000000021,5,2,0
2023-02-23 06:00:00,20.9,93,8.0,0,0.0,1012.0,0.0,19.8,97,6.7,0,0.0,1007.4,0.0,1.0999999999999979,6,2,1
2023-02-23 07:00:00,22.0,88,9.5,0,75.0,1012.6,0.0,21.5,91,7.3,0,72.0,1008.1,0.0,0.5,7,2,1
2023-02-23 08:00:00,24.9,73,8.3,0,303.0,1013.3,0.0,25.2,73,5.4,0,299.0,1008.8,0.0,-0.3000000000000007,8,2,1
2023-02-23 09:00:00,27.4,58,5.4,0,541.0,1013.6,0.0,27.6,58,3.9,0,538.0,1009.1,0.0,-0.20000000000000284,9,2,1
2023-02-23 10:00:00,29.0,51,6.6,0,743.0,1013.5,0.0,29.4,50,4.0,0,740.0,1009.0,0.0,-0.3999999999999986,10,2,1
2023-02-23 11:00:00,30.0,47,9.2,0,886.0,1012.5,0.0,30.9,44,3.9,0,883.0,1007.9,0.0,-0.8999999999999986,11,2,1
2023-02-23 12:00:00,30.4,47,12.1,0,957.0,1011.3,0.0,32.0,39,5.6,0,955.0,1006.6,0.0,-1.6000000000000014,12,2,1
2023-02-23 13:00:00,30.2,49,15.0,0,948.0,1010.4,0.0,32.1,41,10.9,20,947.0,1005.6,0.0,-1.9000000000000021,13,2,1
2023-02-23 14:00:00,29.8,47,16.3,0,861.0,1009.4,0.0,31.3,45,14.6,39,858.0,1004.8,0.0,-1.5,14,2,1
2023-02-23 15:00:00,29.1,52,16.9,0,702.0,1009.0,0.0,30.3,46,14.4,0,703.0,1004.4,0.0,-1.1999999999999993,15,2,1
2023-02-23 16:00:00,28.1,61,15.4,0,487.0,1008.9,0.0,29.1,51,13.1,0,492.0,1004.4,0.0,-1.0,16,2,1
2023-02-23 17:00:00,27.1,65,12.1,0,244.0,1009.9,0.0,27.5,62,12.9,0,246.0,1005.4,0.0,-0.3999999999999986,17,2,1
2023-02-23 18:00:00,25.8,71,9.2,0,38.0,1010.3,0.0,25.7,71,8.3,0,39.0,1005.8,0.0,0.10000000000000142,18,2,1
2023-02-23 19:00:00,25.3,75,9.2,0,0.0,1011.1,0.0,24.6,78,6.2,0,0.0,1006.6,0.0,0.6999999999999993,19,2,0
2023-02-23 20:00:00,25.0,77,10.0,17,0.0,1011.8,0.0,23.7,84,6.4,99,0.0,1007.3,0.0,1.3000000000000007,20,2,0
2023-02-23 21:00:00,24.8,79,9.7,83,0.0,1012.2,0.0,23.1,87,7.3,89,0.0,1007.7,0.0,1.6999999999999993,21,2,0
2023-02-23 22:00:00,24.4,81,7.4,39,0.0,1012.5,0.0,22.5,91,9.2,81,0.0,1007.9,0.0,1.8999999999999986,22,2,0
2023-02-23 23:00:00,23.6,86,6.1,83,0.0,1012.3,0.0,22.5,89,9.0,88,0.0,1007.7,0.0,1.1000000000000014,23,2,0
2023-02-24 00:00:00,23.4,87,6.3,2,0.0,1011.6,0.0,23.6,84,6.9,5,0.0,1007.2,0.0,-0.20000000000000284,0,2,0
2023-02-24 01:00:00,22.5,89,8.0,10,0.0,1010.8,0.0,23.6,84,4.6,2,0.0,1006.3,0.0,-1.1000000000000014,1,2,0
2023-02-24 02:00:00,22.5,87,8.0,3,0.0,1010.3,0.0,23.2,86,4.0,6,0.0,1005.9,0.0,-0.6999999999999993,2,2,0
2023-02-24 03:00:00,23.2,85,5.4,6,0.0,1010.0,0.0,21.4,93,2.5,8,0.0,1005.5,0.0,1.8000000000000007,3,2,0
2023-02-24 04:00:00,21.1,95,6.8,13,0.0,1010.1,0.0,20.4,97,3.3,27,0.0,1005.6,0.0,0.7000000000000028,4,2,0
2023-02-24 05:00:00,20.7,97,6.6,10,0.0,1011.1,0.0,20.8,98,4.8,54,0.0,1006.6,0.0,-0.10000000000000142,5,2,0
2023-02-24 06:00:00,21.6,96,6.2,59,0.0,1012.2,0.0,21.5,96,7.2,100,0.0,1007.6,0.0,0.10000000000000142,6,2,1
2023-02-24 07:00:00,22.5,91,8.2,43,71.0,1013.4,0.0,23.3,87,7.9,100,59.0,1008.9,0.0,-0.8000000000000007,7,2,1
2023-02-24 08:00:00,25.2,75,6.9,3,282.0,1014.1,0.0,25.8,71,3.9,32,248.0,1009.6,0.0,-0.6000000000000014,8,2,1
2023-02-24 09:00:00,27.3,59,4.3,0,533.0,1014.6,0.0,27.6,60,2.6,17,520.0,1010.1,0.0,-0.3000000000000007,9,2,1
2023-02-24 10:00:00,28.6,53,6.4,0,740.0,1014.5,0.0,29.2,50,4.2,0,736.0,1010.0,0.0,-0.5999999999999979,10,2,1
2023-02-24 11:00:00,29.6,47,9.0,0,892.0,1013.6,0.0,30.6,44,7.1,0,893.0,1009.0,0.0,-1.0,11,2,1
2023-02-24 12:00:00,30.0,43,11.3,0,965.0,1012.7,0.0,31.4,42,9.2,0,965.0,1008.0,0.0,-1.3999999999999986,12,2,1
2023-02-24 13:00:00,30.1,40,11.8,0,956.0,1011.7,0.0,31.6,42,11.3,0,959.0,1006.9,0.0,-1.5,13,2,1
2023-02-24 14:00:00,29.9,40,12.6,0,872.0,1010.9,0.0,31.0,43,13.0,0,874.0,1006.3,0.0,-1.1000000000000014,14,2,1
2023-02-24 15:00:00,29.3,45,13.0,0,717.0,1010.3,0.0,30.2,45,12.4,0,717.0,1005.7,0.0,-0.8999999999999986,15,2,1
2023-02-24 16:00:00,28.2,50,13.0,0,502.0,1010.5,0.0,29.0,48,12.0,0,500.0,1005.9,0.0,-0.8000000000000007,16,2,1
2023-02-24 17:00:00,27.2,60,11.7,0,251.0,1010.9,0.0,27.5,59,11.2,0,252.0,1006.4,0.0,-0.3000000000000007,17,2,1
2023-02-24 18:00:00,25.5,69,7.6,0,39.0,1011.6,0.0,25.3,71,7.5,0,41.0,1007.0,0.0,0.1999999999999993,18,2,1
2023-02-24 19:00:00,24.6,74,6.9,0,0.0,1012.4,0.0,23.9,78,5.9,0,0.0,1008.0,0.0,0.7000000000000028,19,2,0
2023-02-24 20:00:00,24.1,79,6.6,0,0.0,1013.4,0.0,22.9,84,6.4,0,0.0,1008.9,0.0,1.2000000000000028,20,2,0
2023-02-24 21:00:00,23.6,82,6.3,0,0.0,1013.8,0.0,21.8,90,9.6,0,0.0,1009.2,0.0,1.8000000000000007,21,2,0
2023-02-24 22:00:00,23.2,84,6.6,0,0.0,1014.1,0.0,21.5,91,9.4,0,0.0,1009.5,0.0,1.6999999999999993,22,2,0
2023-02-24 23:00:00,21.9,89,8.9,0,0.0,1014.2,0.0,21.5,89,9.1,0,0.0,1009.7,0.0,0.3999999999999986,23,2,0
2023-02-25 00:00:00,22.1,87,8.1,0,0.0,1013.8,0.0,22.1,87,7.6,0,0.0,1009.3,0.0,0.0,0,2,0
2023-02-25 01:00:00,24.0,82,4.0,0,0.0,1013.3,0.0,22.8,84,2.4,0,0.0,1008.7,0.0,1.1999999999999993,1,2,0
2023-02-25 02:00:00,21.6,91,2.9,1,0.0,1012.9,0.0,20.5,92,1.5,0,0.0,1008.3,0.0,1.1000000000000014,2,2,0
2023-02-25 03:00:00,19.6,97,5.2,53,0.0,1012.5,0.0,19.5,98,3.7,4,0.0,1008.0,0.0,0.10000000000000142,3,2,0
2023-02-25 04:00:00,19.9,96,6.8,83,0.0,1012.3,0.0,19.1,99,5.5,52,0.0,1007.9,0.0,0.7999999999999972,4,2,0
2023-02-25 05:00:00,20.2,95,6.5,87,0.0,1013.0,0.0,19.7,98,5.4,100,0.0,1008.5,0.0,0.5,5,2,0
2023-02-25 06:00:00,20.2,96,8.3,94,0.0,1013.9,0.0,19.9,100,6.8,3,0.0,1009.4,0.0,0.3000000000000007,6,2,1
2023-02-25 07:00:00,20.9,94,8.6,68,64.0,1014.5,0.0,21.4,93,6.8,0,71.0,1010.0,0.0,-0.5,7,2,1
2023-02-25 08:00:00,24.2,79,7.6,1,278.0,1014.9,0.0,24.8,76,5.8,0,301.0,1010.4,0.0,-0.6000000000000014,8,2,1
2023-02-25 09:00:00,26.8,67,4.4,0,543.0,1015.1,0.0,27.2,65,2.5,0,548.0,1010.6,0.0,-0.3999999999999986,9,2,1
2023-02-25 10:00:00,29.0,54,2.5,0,749.0,1015.2,0.0,29.7,52,1.1,0,752.0,1010.6,0.0,-0.6999999999999993,10,2,1
2023-02-25 11:00:00,30.4,46,8.7,0,893.0,1014.5,0.0,31.8,40,6.0,0,896.0,1009.9,0.0,-1.4000000000000021,11,2,1
2023-02-25 12:00:00,30.8,45,12.2,0,964.0,1013.4,0.0,32.8,34,11.0,0,966.0,1008.7,0.0,-1.9999999999999964,12,2,1
2023-02-25 13:00:00,30.5,45,14.4,0,958.0,1012.6,0.0,32.8,31,13.8,0,960.0,1007.9,0.0,-2.299999999999997,13,2,1
2023-02-25 14:00:00,30.1,44,13.8,0,872.0,1011.7,0.0,32.1,30,14.6,0,878.0,1007.1,0.0,-2.0,14,2,1
2023-02-25 15:00:00,29.3,51,13.4,0,712.0,1011.3,0.0,30.9,36,14.3,0,719.0,1006.7,0.0,-1.5999999999999979,15,2,1
2023-02-25 16:00:00,28.3,55,12.3,0,494.0,1011.4,0.0,29.5,44,12.7,0,500.0,1006.9,0.0,-1.1999999999999993,16,2,1
2023-02-25 17:00:00,27.2,66,11.6,0,246.0,1012.1,0.0,27.6,58,11.9,0,250.0,1007.6,0.0,-0.40000000000000213,17,2,1
2023-02-25 18:00:00,25.6,75,8.3,0,39.0,1012.8,0.0,25.2,76,7.6,0,41.0,1008.4,0.0,0.40000000000000213,18,2,1
2023-02-25 19:00:00,24.9,78,6.8,0,0.0,1013.9,0.0,23.6,85,5.8,0,0.0,1009.5,0.0,1.2999999999999972,19,2,0
2023-02-25 20:00:00,24.0,83,5.8,0,0.0,1015.0,0.0,22.5,90,9.0,0,0.0,1010.4,0.0,1.5,20,2,0
2023-02-25 21:00:00,22.7,89,8.8,0,0.0,1015.6,0.0,22.3,90,8.3,0,0.0,1011.0,0.0,0.3999999999999986,21,2,0
2023-02-25 22:00:00,23.0,87,7.2,0,0.0,1015.8,0.0,23.4,85,6.4,0,0.0,1011.2,0.0,-0.3999999999999986,22,2,0
2023-02-25 23:00:00,24.0,83,5.4,0,0.0,1015.5,0.0,23.2,87,4.7,0,0.0,1011.0,0.0,0.8000000000000007,23,2,0
2023-02-26 00:00:00,22.5,90,3.8,2,0.0,1014.9,0.0,21.5,92,4.0,0,0.0,1010.4,0.0,1.0,0,2,0
2023-02-26 01:00:00,20.4,98,3.8,30,0.0,1014.2,0.0,19.9,98,4.6,0,0.0,1009.7,0.0,0.5,1,2,0
2023-02-26 02:00:00,20.4,96,2.9,58,0.0,1013.6,0.0,20.0,99,4.0,55,0.0,1009.1,0.0,0.3999999999999986,2,2,0
2023-02-26 03:00:00,19.9,95,4.0,68,0.0,1013.2,0.0,19.6,100,5.2,100,0.0,1008.8,0.0,0.29999999999999716,3,2,0
2023-02-26 04:00:00,20.1,95,5.2,90,0.0,1013.4,0.0,19.2,100,6.6,100,0.0,1008.9,0.0,0.9000000000000021,4,2,0
2023-02-26 05:00:00,19.9,97,5.2,99,0.0,1014.3,0.0,19.2,100,6.6,100,0.0,1009.8,0.0,0.6999999999999993,5,2,0
2023-02-26 06:00:00,20.2,97,5.5,95,0.0,1015.0,0.0,19.6,99,4.1,100,0.0,1010.5,0.0,0.5999999999999979,6,2,1
2023-02-26 07:00:00,20.9,95,4.6,100,46.0,1015.9,0.0,20.5,96,3.4,100,46.0,1011.3,0.0,0.3999999999999986,7,2,1
2023-02-26 08:00:00,22.6,88,3.1,5,193.0,1016.5,0.0,22.8,90,2.1,26,211.0,1011.9,0.0,-0.1999999999999993,8,2,1
2023-02-26 09:00:00,26.1,73,0.4,2,470.0,1017.0,0.0,27.2,64,5.0,5,534.0,1012.4,0.0,-1.0999999999999979,9,2,1
2023-02-26 10:00:00,28.0,61,6.9,4,731.0,1016.8,0.0,29.1,51,10.9,1,735.0,1012.3,0.0,-1.1000000000000014,10,2,1
2023-02-26 11:00:00,28.9,54,9.4,2,869.0,1016.0,0.0,30.1,46,11.9,1,888.0,1011.4,0.0,-1.2000000000000028,11,2,1
2023-02-26 12:00:00,29.5,51,10.5,0,943.0,1015.2,0.0,30.8,42,12.8,0,966.0,1010.5,0.0,-1.3000000000000007,12,2,1
2023-02-26 13:00:00,29.5,52,13.0,5,937.0,1014.3,0.0,30.6,44,15.2,0,960.0,1009.7,0.0,-1.1000000000000014,13,2,1
2023-02-26 14:00:00,29.1,55,14.1,4,849.0,1013.6,0.0,30.1,44,16.2,0,869.0,1009.0,0.0,-1.0,14,2,1
2023-02-26 15:00:00,28.7,54,13.9,1,694.0,1013.2,0.0,29.6,45,15.8,0,710.0,1008.6,0.0,-0.9000000000000021,15,2,1
2023-02-26 16:00:00,28.0,57,13.4,0,486.0,1013.0,0.0,28.5,51,14.5,0,493.0,1008.5,0.0,-0.5,16,2,1
2023-02-26 17:00:00,27.3,62,13.0,0,242.0,1013.8,0.0,27.4,59,13.0,0,247.0,1009.2,0.0,-0.09999999999999787,17,2,1
2023-02-26 18:00:00,26.0,69,10.7,0,39.0,1014.2,0.0,25.6,70,8.7,0,40.0,1009.7,0.0,0.3999999999999986,18,2,1
2023-02-26 19:00:00,25.3,75,8.8,0,0.0,1014.7,0.0,24.5,78,6.4,0,0.0,1010.2,0.0,0.8000000000000007,19,2,0
2023-02-26 20:00:00,24.9,78,7.9,0,0.0,1015.6,0.0,23.3,85,6.9,0,0.0,1011.0,0.0,1.5999999999999979,20,2,0
2023-02-26 21:00:00,24.5,80,7.3,0,0.0,1016.1,0.0,22.6,88,8.5,0,0.0,1011.5,0.0,1.8999999999999986,21,2,0
2023-02-26 22:00:00,23.9,83,6.1,0,0.0,1016.4,0.0,21.9,91,9.5,0,0.0,1011.9,0.0,2.0,22,2,0
2023-02-26 23:00:00,23.0,89,6.4,0,0.0,1016.3,0.0,21.4,93,8.7,0,0.0,1011.7,0.0,1.6000000000000014,23,2,0
2023-02-27 00:00:00,22.0,92,8.3,0,0.0,1015.7,0.0,21.0,95,6.1,0,0.0,1011.2,0.0,1.0,0,2,0
2023-02-27 01:00:00,21.8,92,6.0,0,0.0,1014.9,0.0,20.8,97,4.4,0,0.0,1010.5,0.0,1.0,1,2,0
2023-02-27 02:00:00,20.7,96,6.2,20,0.0,1014.3,0.0,20.5,98,6.0,0,0.0,1009.9,0.0,0.1999999999999993,2,2,0
2023-02-27 03:00:00,20.9,95,4.8,69,0.0,1014.1,0.0,20.2,99,6.5,0,0.0,1009.6,0.0,0.6999999999999993,3,2,0
2023-02-27 04:00:00,20.8,96,6.8,75,0.0,1014.1,0.0,20.0,99,6.4,0,0.0,1009.5,0.0,0.8000000000000007,4,2,0
2023-02-27 05:00:00,21.1,98,8.2,79,0.0,1014.8,0.0,20.2,99,7.0,0,0.0,1010.3,0.0,0.9000000000000021,5,2,0
2023-02-27 06:00:00,21.2,97,7.4,94,0.0,1015.8,0.0,20.4,99,7.1,1,0.0,1011.2,0.0,0.8000000000000007,6,2,1
2023-02-27 07:00:00,21.9,94,8.4,79,67.0,1016.5,0.0,21.8,94,7.9,0,78.0,1011.9,0.0,0.09999999999999787,7,2,1
2023-02-27 08:00:00,24.8,79,7.7,0,278.0,1017.0,0.0,25.2,77,7.4,0,310.0,1012.4,0.0,-0.3999999999999986,8,2,1
2023-02-27 09:00:00,27.6,61,6.2,0,542.0,1017.3,0.0,28.0,57,5.8,0,553.0,1012.8,0.0,-0.3999999999999986,9,2,1
2023-02-27 10:00:00,29.7,45,7.9,0,757.0,1017.1,0.0,30.3,40,6.9,0,757.0,1012.6,0.0,-0.6000000000000014,10,2,1
2023-02-27 11:00:00,30.8,37,10.5,0,900.0,1016.3,0.0,31.9,30,10.2,0,902.0,1011.7,0.0,-1.0999999999999979,11,2,1
2023-02-27 12:00:00,31.5,32,12.0,0,972.0,1015.4,0.0,32.5,27,11.6,0,976.0,1010.7,0.0,-1.0,12,2,1
2023-02-27 13:00:00,31.7,30,13.0,0,967.0,1014.3,0.0,32.8,25,12.6,0,971.0,1009.6,0.0,-1.0999999999999979,13,2,1
2023-02-27 14:00:00,31.5,31,13.8,0,880.0,1013.3,0.0,32.5,26,12.6,0,883.0,1008.6,0.0,-1.0,14,2,1
2023-02-27 15:00:00,30.8,35,15.0,0,718.0,1012.7,0.0,31.8,28,13.8,0,720.0,1008.0,0.0,-1.0,15,2,1
2023-02-27 16:00:00,29.5,43,16.0,0,497.0,1012.7,0.0,30.5,33,14.8,0,500.0,1008.2,0.0,-1.0,16,2,1
2023-02-27 17:00:00,27.8,59,16.7,0,247.0,1013.0,0.0,28.3,49,15.4,0,251.0,1008.6,0.0,-0.5,17,2,1
2023-02-27 18:00:00,26.2,72,13.9,0,40.0,1013.3,0.0,26.0,69,11.5,0,41.0,1008.7,0.0,0.1999999999999993,18,2,1
2023-02-27 19:00:00,25.8,74,12.5,0,0.0,1014.0,0.0,25.1,78,10.3,0,0.0,1009.5,0.0,0.6999999999999993,19,2,0
2023-02-27 20:00:00,25.4,76,11.9,0,0.0,1014.6,0.0,24.5,80,9.2,0,0.0,1010.0,0.0,0.8999999999999986,20,2,0
2023-02-27 21:00:00,25.2,78,12.1,0,0.0,1015.1,0.0,23.9,83,8.0,0,0.0,1010.5,0.0,1.3000000000000007,21,2,0
2023-02-27 22:00:00,24.9,79,11.0,0,0.0,1015.1,0.0,23.3,87,7.1,0,0.0,1010.5,0.0,1.5999999999999979,22,2,0
2023-02-27 23:00:00,24.7,81,10.4,0,0.0,1015.1,0.0,23.0,89,7.2,0,0.0,1010.5,0.0,1.6999999999999993,23,2,0
2023-02-28 00:00:00,24.3,83,9.2,0,0.0,1014.6,0.0,22.6,92,7.0,0,0.0,1010.0,0.0,1.6999999999999993,0,2,0
2023-02-28 01:00:00,24.1,85,8.9,0,0.0,1014.0,0.0,22.2,93,6.6,0,0.0,1009.4,0.0,1.9000000000000021,1,2,0
2023-02-28 02:00:00,23.8,88,8.4,0,0.0,1013.5,0.0,22.0,94,6.6,0,0.0,1009.0,0.0,1.8000000000000007,2,2,0
2023-02-28 03:00:00,23.6,90,7.3,0,0.0,1013.5,0.0,21.6,95,6.9,0,0.0,1008.9,0.0,2.0,3,2,0
2023-02-28 04:00:00,23.1,91,6.3,0,0.0,1013.4,0.0,21.5,96,5.9,0,0.0,1008.8,0.0,1.6000000000000014,4,2,0
2023-02-28 05:00:00,23.6,91,6.6,0,0.0,1014.0,0.0,22.2,96,5.6,0,0.0,1009.4,0.0,1.4000000000000021,5,2,0
2023-02-28 06:00:00,23.6,90,6.4,5,0.0,1014.7,0.0,22.5,96,5.7,22,0.0,1010.1,0.0,1.1000000000000014,6,2,1
2023-02-28 07:00:00,25.5,81,9.2,27,77.0,1015.5,0.0,24.5,87,5.9,31,70.0,1011.0,0.0,1.0,7,2,1
2023-02-28 08:00:00,27.7,69,13.0,13,282.0,1016.2,0.0,27.1,72,9.7,26,228.0,1011.7,0.0,0.5999999999999979,8,2,1
2023-02-28 09:00:00,28.8,61,14.8,27,498.0,1016.8,0.0,28.9,60,14.9,16,461.0,1012.1,0.0,-0.09999999999999787,9,2,1
2023-02-28 10:00:00,29.4,61,16.6,31,690.0,1017.0,0.2,29.9,57,16.5,37,672.0,1012.5,0.0,-0.5,10,2,1
2023-02-28 11:00:00,29.9,58,16.1,10,804.0,1016.4,0.0,30.6,55,17.0,15,772.0,1011.8,0.1,-0.7000000000000028,11,2,1
2023-02-28 12:00:00,30.2,58,17.0,10,897.0,1015.6,0.0,31.2,53,18.0,12,892.0,1010.9,0.0,-1.0,12,2,1
2023-02-28 13:00:00,30.1,59,17.4,4,901.0,1014.7,0.0,31.1,53,18.7,15,890.0,1010.0,0.0,-1.0,13,2,1
2023-02-28 14:00:00,29.9,60,17.8,3,798.0,1013.5,0.0,30.6,55,18.1,6,792.0,1008.9,0.0,-0.7000000000000028,14,2,1
2023-02-28 15:00:00,29.5,62,17.2,1,656.0,1012.8,0.0,30.1,58,17.2,8,671.0,1008.2,0.0,-0.6000000000000014,15,2,1
2023-02-28 16:00:00,28.8,65,15.5,6,455.0,1012.8,0.0,29.2,61,15.6,3,466.0,1008.3,0.0,-0.3999999999999986,16,2,1
2023-02-28 17:00:00,27.7,70,13.3,3,225.0,1013.3,0.0,28.1,66,13.4,13,229.0,1008.7,0.0,-0.40000000000000213,17,2,1
2023-02-28 18:00:00,26.8,75,11.2,0,36.0,1013.6,0.0,26.7,74,10.4,30,38.0,1009.0,0.0,0.10000000000000142,18,2,1
2023-02-28 19:00:00,26.5,77,10.5,2,0.0,1014.1,0.0,26.0,79,9.2,45,0.0,1009.6,0.0,0.5,19,2,0
2023-02-28 20:00:00,26.3,79,10.3,0,0.0,1015.0,0.0,25.8,81,7.9,52,0.0,1010.4,0.0,0.5,20,2,0
2023-02-28 21:00:00,26.1,80,10.2,10,0.0,1015.6,0.0,25.4,83,7.1,1,0.0,1011.0,0.0,0.7000000000000028,21,2,0
2023-02-28 22:00:00,25.8,82,10.0,20,0.0,1015.8,0.0,24.8,87,6.9,16,0.0,1011.3,0.0,1.0,22,2,0
2023-02-28 23:00:00,25.6,83,9.4,19,0.0,1015.7,0.0,24.6,88,6.4,13,0.0,1011.1,0.0,1.0,23,2,0
2023-03-01 00:00:00,25.5,84,10.2,11,0.0,1015.0,0.0,24.4,89,6.6,17,0.0,1010.5,0.0,1.1000000000000014,0,3,0
2023-03-01 01:00:00,25.4,85,11.0,20,0.0,1014.2,0.0,24.0,91,6.6,17,0.0,1009.7,0.0,1.3999999999999986,1,3,0
2023-03-01 02:00:00,25.1,86,10.2,22,0.0,1013.7,0.0,23.4,94,6.6,12,0.0,1009.2,0.0,1.7000000000000028,2,3,0
2023-03-01 03:00:00,25.0,85,9.8,24,0.0,1013.3,0.0,23.4,94,6.6,16,0.0,1008.8,0.0,1.6000000000000014,3,3,0
2023-03-01 04:00:00,25.0,84,9.2,19,0.0,1013.4,0.0,23.5,93,5.5,15,0.0,1008.9,0.0,1.5,4,3,0
2023-03-01 05:00:00,25.2,86,9.2,8,0.0,1013.8,0.0,23.6,93,5.8,9,0.0,1009.2,0.0,1.5999999999999979,5,3,0
2023-03-01 06:00:00,25.2,85,7.8,7,0.0,1014.5,0.0,23.8,91,5.5,20,0.0,1010.0,0.0,1.3999999999999986,6,3,1
2023-03-01 07:00:00,26.6,77,10.5,11,78.0,1015.5,0.0,25.9,81,7.9,5,76.0,1011.0,0.0,0.7000000000000028,7,3,1
2023-03-01 08:00:00,28.0,69,12.0,9,296.0,1016.2,0.0,28.1,68,12.3,7,290.0,1011.6,0.0,-0.10000000000000142,8,3,1
2023-03-01 09:00:00,29.1,62,12.6,7,528.0,1016.7,0.0,29.5,60,13.7,13,515.0,1012.2,0.0,-0.3999999999999986,9,3,1
2023-03-01 10:00:00,29.9,57,13.6,1,733.0,1016.9,0.0,30.6,53,14.3,4,722.0,1012.4,0.0,-0.7000000000000028,10,3,1
2023-03-01 11:00:00,30.4,56,14.8,1,881.0,1016.5,0.0,31.5,46,14.7,0,870.0,1011.9,0.0,-1.1000000000000014,11,3,1
2023-03-01 12:00:00,30.7,53,15.6,0,953.0,1015.5,0.0,32.0,43,16.1,0,955.0,1010.9,0.0,-1.3000000000000007,12,3,1
2023-03-01 13:00:00,30.7,53,16.1,0,944.0,1014.6,0.0,31.9,43,16.6,0,949.0,1009.9,0.0,-1.1999999999999993,13,3,1
2023-03-01 14:00:00,30.3,54,16.8,0,856.0,1013.3,0.0,31.4,45,16.5,27,861.0,1008.7,0.0,-1.0999999999999979,14,3,1
2023-03-01 15:00:00,29.7,57,17.3,0,698.0,1012.7,0.0,30.6,50,17.1,0,702.0,1008.1,0.0,-0.9000000000000021,15,3,1
2023-03-01 16:00:00,29.0,61,16.6,1,484.0,1012.7,0.0,29.5,56,16.6,3,487.0,1008.1,0.0,-0.5,16,3,1
2023-03-01 17:00:00,28.3,68,15.1,3,242.0,1013.1,0.0,28.5,65,15.1,11,245.0,1008.6,0.0,-0.1999999999999993,17,3,1
2023-03-01 18:00:00,26.9,77,13.8,9,39.0,1013.7,0.0,26.8,76,11.0,0,40.0,1009.1,0.0,0.09999999999999787,18,3,1
2023-03-01 19:00:00,26.6,79,15.0,34,0.0,1014.6,0.0,26.1,81,11.3,41,0.0,1010.1,0.0,0.5,19,3,0
2023-03-01 20:00:00,26.4,79,14.1,93,0.0,1015.4,0.0,25.9,83,11.5,96,0.0,1010.8,0.0,0.5,20,3,0
2023-03-01 21:00:00,26.1,81,13.6,76,0.0,1016.0,0.0,25.7,83,11.0,52,0.0,1011.4,0.0,0.40000000000000213,21,3,0
2023-03-01 22:00:00,25.8,83,13.3,70,0.0,1016.2,0.0,25.3,85,9.7,74,0.0,1011.6,0.0,0.5,22,3,0
2023-03-01 23:00:00,25.6,82,12.8,46,0.0,1016.0,0.0,24.9,86,8.7,62,0.0,1011.5,0.0,0.7000000000000028,23,3,0
2023-03-02 00:00:00,25.2,79,11.2,43,0.0,1015.4,0.0,24.5,87,7.4,44,0.0,1010.9,0.0,0.6999999999999993,0,3,0
2023-03-02 01:00:00,24.7,81,9.9,32,0.0,1014.6,0.0,23.1,92,6.2,4,0.0,1010.1,0.0,1.5999999999999979,1,3,0
2023-03-02 02:00:00,23.9,85,7.3,0,0.0,1014.0,0.0,21.8,94,9.5,0,0.0,1009.5,0.0,2.099999999999998,2,3,0
2023-03-02 03:00:00,22.4,90,8.3,0,0.0,1013.8,0.0,21.6,93,8.3,0,0.0,1009.3,0.0,0.7999999999999972,3,3,0
2023-03-02 04:00:00,22.3,88,7.9,0,0.0,1013.8,0.0,21.0,95,6.8,0,0.0,1009.3,0.0,1.3000000000000007,4,3,0
2023-03-02 05:00:00,21.9,90,6.9,0,0.0,1014.2,0.0,21.1,97,4.6,0,0.0,1009.7,0.0,0.7999999999999972,5,3,0
2023-03-02 06:00:00,21.7,91,6.6,5,0.0,1015.2,0.0,21.4,97,5.6,8,0.0,1010.6,0.0,0.3000000000000007,6,3,1
2023-03-02 07:00:00,24.1,84,4.3,24,83.0,1016.1,0.0,23.2,89,7.4,1,85.0,1011.6,0.0,0.9000000000000021,7,3,1
2023-03-02 08:00:00,26.9,67,3.3,19,320.0,1017.0,0.0,26.3,72,5.0,63,315.0,1012.6,0.0,0.5999999999999979,8,3,1
2023-03-02 09:00:00,28.9,48,9.4,31,559.0,1017.3,0.0,28.8,52,7.9,13,557.0,1012.8,0.0,0.09999999999999787,9,3,1
2023-03-02 10:00:00,30.0,41,10.8,24,762.0,1017.1,0.0,30.7,34,12.6,49,765.0,1012.7,0.0,-0.6999999999999993,10,3,1
2023-03-02 11:00:00,30.4,41,11.2,50,910.0,1016.4,0.0,31.5,32,13.7,33,915.0,1011.8,0.0,-1.1000000000000014,11,3,1
2023-03-02 12:00:00,30.6,39,13.1,5,983.0,1015.4,0.0,31.7,32,15.2,0,992.0,1010.8,0.0,-1.0999999999999979,12,3,1
2023-03-02 13:00:00,30.5,40,14.0,3,970.0,1014.5,0.0,31.5,34,16.3,44,981.0,1009.9,0.0,-1.0,13,3,1
2023-03-02 14:00:00,30.3,41,13.4,0,879.0,1013.6,0.0,31.1,33,15.7,75,887.0,1009.0,0.0,-0.8000000000000007,14,3,1
2023-03-02 15:00:00,29.8,41,12.5,5,717.0,1013.0,0.0,30.5,35,14.8,25,722.0,1008.5,0.0,-0.6999999999999993,15,3,1
2023-03-02 16:00:00,29.1,45,11.9,6,498.0,1012.9,0.0,29.5,40,13.1,33,504.0,1008.4,0.0,-0.3999999999999986,16,3,1
2023-03-02 17:00:00,29.5,39,11.1,7,249.0,1013.3,0.0,29.8,30,10.6,69,253.0,1008.8,0.0,-0.3000000000000007,17,3,1
2023-03-02 18:00:00,27.3,54,8.9,0,41.0,1013.6,0.0,25.7,49,7.6,43,43.0,1009.1,0.0,1.6000000000000014,18,3,1
2023-03-02 19:00:00,26.5,63,9.5,0,0.0,1014.7,0.0,24.7,62,7.4,44,0.0,1010.2,0.0,1.8000000000000007,19,3,0
2023-03-02 20:00:00,25.9,71,8.6,0,0.0,1015.7,0.0,24.1,72,7.5,0,0.0,1011.2,0.0,1.7999999999999972,20,3,0
2023-03-02 21:00:00,25.1,78,7.0,0,0.0,1016.4,0.0,23.6,79,7.4,0,0.0,1011.8,0.0,1.5,21,3,0
2023-03-02 22:00:00,24.2,84,5.8,0,0.0,1016.5,0.0,22.5,86,8.3,4,0.0,1012.0,0.0,1.6999999999999993,22,3,0
2023-03-02 23:00:00,23.4,89,7.0,0,0.0,1016.3,0.0,22.0,90,7.2,0,0.0,1011.7,0.0,1.3999999999999986,23,3,0
2023-03-03 00:00:00,22.9,91,7.0,0,0.0,1015.6,0.0,21.5,93,6.7,5,0.0,1011.1,0.0,1.3999999999999986,0,3,0
2023-03-03 01:00:00,22.0,93,8.6,0,0.0,1014.9,0.0,21.4,94,5.0,28,0.0,1010.4,0.0,0.6000000000000014,1,3,0
2023-03-03 02:00:00,21.8,92,6.8,29,0.0,1014.3,0.0,21.1,95,5.1,59,0.0,1009.8,0.0,0.6999999999999993,2,3,0
2023-03-03 03:00:00,21.5,94,5.4,66,0.0,1014.1,0.0,20.9,96,6.4,53,0.0,1009.5,0.0,0.6000000000000014,3,3,0
2023-03-03 04:00:00,21.5,94,6.4,82,0.0,1014.1,0.0,20.5,98,6.6,0,0.0,1009.6,0.0,1.0,4,3,0
2023-03-03 05:00:00,21.5,95,5.4,82,0.0,1015.0,0.0,20.6,99,6.2,2,0.0,1010.5,0.0,0.8999999999999986,5,3,0
2023-03-03 06:00:00,21.5,95,5.5,87,0.0,1015.9,0.0,20.7,99,5.5,1,0.0,1011.3,0.0,0.8000000000000007,6,3,1
2023-03-03 07:00:00,22.3,94,7.1,97,75.0,1017.0,0.0,22.6,91,6.6,5,83.0,1012.4,0.0,-0.3000000000000007,7,3,1
2023-03-03 08:00:00,25.4,80,6.1,1,287.0,1017.6,0.0,25.9,75,6.4,32,312.0,1013.0,0.0,-0.5,8,3,1
2023-03-03 09:00:00,28.0,63,7.4,44,545.0,1017.9,0.0,28.2,62,8.3,72,543.0,1013.3,0.0,-0.1999999999999993,9,3,1
2023-03-03 10:00:00,29.8,51,11.2,83,752.0,1017.5,0.0,30.2,48,11.0,71,750.0,1012.9,0.0,-0.3999999999999986,10,3,1
2023-03-03 11:00:00,30.7,44,14.0,85,897.0,1016.7,0.0,31.5,38,14.2,79,906.0,1012.1,0.0,-0.8000000000000007,11,3,1
2023-03-03 12:00:00,30.7,43,15.9,85,970.0,1015.6,0.0,31.7,36,15.8,83,978.0,1011.0,0.0,-1.0,12,3,1
2023-03-03 13:00:00,30.6,45,16.5,83,959.0,1014.6,0.0,31.5,38,16.6,70,970.0,1010.0,0.0,-0.8999999999999986,13,3,1
2023-03-03 14:00:00,30.3,46,16.8,73,870.0,1013.7,0.0,31.2,39,17.1,0,869.0,1009.1,0.0,-0.8999999999999986,14,3,1
2023-03-03 15:00:00,29.8,48,17.1,0,708.0,1013.0,0.0,30.6,41,17.3,0,716.0,1008.4,0.0,-0.8000000000000007,15,3,1
2023-03-03 16:00:00,29.0,52,16.8,0,492.0,1013.1,0.0,29.6,45,16.8,0,499.0,1008.6,0.0,-0.6000000000000014,16,3,1
2023-03-03 17:00:00,28.7,56,14.8,0,246.0,1013.6,0.0,29.1,51,13.9,0,251.0,1009.1,0.0,-0.40000000000000213,17,3,1
2023-03-03 18:00:00,27.0,67,12.6,0,40.0,1014.2,0.0,26.7,65,9.7,0,42.0,1009.7,0.0,0.3000000000000007,18,3,1
2023-03-03 19:00:00,26.1,74,10.9,0,0.0,1015.3,0.0,25.5,75,8.7,0,0.0,1010.8,0.0,0.6000000000000014,19,3,0
2023-03-03 20:00:00,25.7,77,10.0,0,0.0,1016.3,0.0,24.7,80,8.0,0,0.0,1011.7,0.0,1.0,20,3,0
2023-03-03 21:00:00,25.3,78,10.0,0,0.0,1016.5,0.0,23.9,85,7.6,0,0.0,1012.0,0.0,1.4000000000000021,21,3,0
2023-03-03 22:00:00,24.9,79,9.9,0,0.0,1016.3,0.0,23.1,89,6.7,0,0.0,1011.7,0.0,1.7999999999999972,22,3,0
2023-03-03 23:00:00,24.6,80,9.0,0,0.0,1015.9,0.0,22.2,93,7.5,0,0.0,1011.4,0.0,2.400000000000002,23,3,0
2023-03-04 00:00:00,24.1,83,7.4,0,0.0,1015.4,0.0,21.6,94,8.8,0,0.0,1010.8,0.0,2.5,0,3,0
2023-03-04 01:00:00,23.2,87,6.5,0,0.0,1014.7,0.0,21.2,94,8.0,0,0.0,1010.2,0.0,2.0,1,3,0
2023-03-04 02:00:00,22.8,89,6.0,0,0.0,1014.3,0.0,21.1,95,6.0,0,0.0,1009.8,0.0,1.6999999999999993,2,3,0
2023-03-04 03:00:00,21.8,91,8.0,0,0.0,1014.2,0.0,21.0,95,5.5,0,0.0,1009.7,0.0,0.8000000000000007,3,3,0
2023-03-04 04:00:00,21.3,92,8.7,0,0.0,1014.3,0.0,20.7,96,4.8,0,0.0,1009.8,0.0,0.6000000000000014,4,3,0
2023-03-04 05:00:00,22.4,91,8.2,2,0.0,1014.8,0.0,21.2,95,5.5,0,0.0,1010.3,0.0,1.1999999999999993,5,3,0
2023-03-04 06:00:00,22.5,90,7.3,11,0.0,1015.5,0.0,21.3,96,3.8,24,0.0,1011.0,0.0,1.1999999999999993,6,3,1
2023-03-04 07:00:00,24.6,82,4.3,15,79.0,1016.5,0.0,23.7,87,6.7,30,81.0,1012.0,0.0,0.9000000000000021,7,3,1
2023-03-04 08:00:00,26.8,73,3.4,6,305.0,1017.3,0.0,26.4,74,4.5,27,296.0,1012.9,0.0,0.40000000000000213,8,3,1
2023-03-04 09:00:00,28.5,64,6.1,2,547.0,1017.7,0.0,28.6,62,5.4,3,522.0,1013.1,0.0,-0.10000000000000142,9,3,1
2023-03-04 10:00:00,29.9,55,9.4,0,745.0,1017.5,0.0,30.5,51,7.2,0,743.0,1013.0,0.0,-0.6000000000000014,10,3,1
2023-03-04 11:00:00,30.9,48,11.9,0,890.0,1016.5,0.0,32.1,40,9.8,0,893.0,1011.8,0.0,-1.2000000000000028,11,3,1
2023-03-04 12:00:00,31.2,46,14.1,0,959.0,1015.4,0.0,32.9,35,12.9,0,963.0,1010.7,0.0,-1.6999999999999993,12,3,1
2023-03-04 13:00:00,30.9,47,15.8,0,949.0,1014.4,0.0,32.6,35,14.6,0,955.0,1009.7,0.0,-1.7000000000000028,13,3,1
2023-03-04 14:00:00,30.5,49,15.9,0,860.0,1013.5,0.0,31.8,39,15.4,0,867.0,1008.8,0.0,-1.3000000000000007,14,3,1
2023-03-04 15:00:00,29.8,53,15.7,0,699.0,1013.1,0.0,30.9,43,14.7,0,706.0,1008.4,0.0,-1.0999999999999979,15,3,1
2023-03-04 16:00:00,29.1,55,15.7,0,484.0,1013.2,0.0,29.7,50,14.8,0,488.0,1008.6,0.0,-0.5999999999999979,16,3,1
2023-03-04 17:00:00,28.2,62,14.0,0,241.0,1013.5,0.0,28.5,59,13.0,0,244.0,1009.0,0.0,-0.3000000000000007,17,3,1
2023-03-04 18:00:00,26.7,74,11.5,0,39.0,1014.3,0.0,26.4,74,9.2,0,41.0,1009.7,0.0,0.3000000000000007,18,3,1
2023-03-04 19:00:00,26.0,80,10.2,0,0.0,1015.1,0.0,25.5,81,8.4,0,0.0,1010.6,0.0,0.5,19,3,0
2023-03-04 20:00:00,25.5,84,8.9,0,0.0,1015.6,0.0,24.7,86,7.6,0,0.0,1011.1,0.0,0.8000000000000007,20,3,0
2023-03-04 21:00:00,25.0,87,7.4,0,0.0,1016.0,0.0,23.8,93,6.0,0,0.0,1011.5,0.0,1.1999999999999993,21,3,0
2023-03-04 22:00:00,24.4,91,6.6,0,0.0,1015.9,0.0,23.1,95,5.9,0,0.0,1011.3,0.0,1.2999999999999972,22,3,0
2023-03-04 23:00:00,24.0,93,5.8,0,0.0,1015.8,0.0,22.8,96,5.6,0,0.0,1011.3,0.0,1.1999999999999993,23,3,0
2023-03-05 00:00:00,23.3,94,5.4,0,0.0,1015.2,0.0,22.5,97,5.8,0,0.0,1010.7,0.0,0.8000000000000007,0,3,0
2023-03-05 01:00:00,23.1,95,5.2,0,0.0,1014.6,0.0,22.3,98,7.0,0,0.0,1010.1,0.0,0.8000000000000007,1,3,0
2023-03-05 02:00:00,22.8,95,5.2,12,0.0,1013.8,0.0,22.1,99,6.6,7,0.0,1009.3,0.0,0.6999999999999993,2,3,0
2023-03-05 03:00:00,22.3,97,5.9,29,0.0,1013.5,0.0,21.7,99,5.5,3,0.0,1009.0,0.0,0.6000000000000014,3,3,0
2023-03-05 04:00:00,22.4,96,4.8,47,0.0,1013.6,0.0,21.5,100,5.2,12,0.0,1009.0,0.0,0.8999999999999986,4,3,0
2023-03-05 05:00:00,23.2,96,5.8,70,0.0,1014.5,0.0,22.1,100,7.4,100,0.0,1009.9,0.0,1.0999999999999979,5,3,0
2023-03-05 06:00:00,23.5,96,5.8,76,0.0,1015.3,0.0,22.3,100,7.4,100,0.0,1010.8,0.0,1.1999999999999993,6,3,1
2023-03-05 07:00:00,24.5,92,6.1,91,65.0,1016.3,0.0,23.0,98,8.0,100,58.0,1011.8,0.0,1.5,7,3,1
2023-03-05 08:00:00,26.6,81,7.1,79,252.0,1016.8,0.0,25.1,88,7.7,100,207.0,1012.4,0.0,1.5,8,3,1
2023-03-05 09:00:00,28.8,65,8.6,13,528.0,1017.1,0.0,28.3,67,8.4,14,460.0,1012.6,0.0,0.5,9,3,1
2023-03-05 10:00:00,30.1,54,11.8,31,751.0,1017.0,0.0,30.8,50,9.8,15,746.0,1012.5,0.0,-0.6999999999999993,10,3,1
2023-03-05 11:00:00,30.8,48,13.9,66,896.0,1016.1,0.0,32.1,40,13.6,51,900.0,1011.4,0.0,-1.3000000000000007,11,3,1
2023-03-05 12:00:00,31.0,48,15.3,44,967.0,1014.9,0.0,32.3,38,15.5,67,971.0,1010.3,0.0,-1.2999999999999972,12,3,1
2023-03-05 13:00:00,31.1,47,15.6,96,953.0,1013.8,0.0,32.3,37,15.9,78,962.0,1009.1,0.0,-1.1999999999999957,13,3,1
2023-03-05 14:00:00,30.8,48,15.8,51,867.0,1012.8,0.0,32.0,38,16.2,75,875.0,1008.2,0.0,-1.1999999999999993,14,3,1
2023-03-05 15:00:00,30.0,52,15.8,0,709.0,1012.5,0.0,31.0,42,16.3,0,715.0,1007.9,0.0,-1.0,15,3,1
2023-03-05 16:00:00,29.1,57,15.1,0,491.0,1012.6,0.0,29.8,50,15.1,0,498.0,1008.0,0.0,-0.6999999999999993,16,3,1
2023-03-05 17:00:00,28.1,65,13.0,0,245.0,1013.1,0.0,28.3,61,13.2,0,250.0,1008.6,0.0,-0.1999999999999993,17,3,1
2023-03-05 18:00:00,26.6,75,9.7,0,40.0,1013.4,0.0,26.3,75,8.2,0,42.0,1008.9,0.0,0.3000000000000007,18,3,1
2023-03-05 19:00:00,25.8,82,8.5,0,0.0,1014.1,0.0,25.1,83,7.2,0,0.0,1009.6,0.0,0.6999999999999993,19,3,0
2023-03-05 20:00:00,25.3,86,7.7,2,0.0,1014.7,0.0,24.1,90,6.4,2,0.0,1010.2,0.0,1.1999999999999993,20,3,0
2023-03-05 21:00:00,24.9,88,7.0,0,0.0,1015.3,0.0,23.6,93,6.5,0,0.0,1010.8,0.0,1.2999999999999972,21,3,0
2023-03-05 22:00:00,24.3,92,6.2,0,0.0,1015.5,0.0,23.0,96,6.2,11,0.0,1011.0,0.0,1.3000000000000007,22,3,0
2023-03-05 23:00:00,23.7,93,5.5,5,0.0,1015.1,0.0,22.6,97,5.8,0,0.0,1010.5,0.0,1.0999999999999979,23,3,0
2023-03-06 00:00:00,23.6,94,6.1,54,0.0,1014.4,0.0,22.4,98,6.4,24,0.0,1009.8,0.0,1.2000000000000028,0,3,0
2023-03-06 01:00:00,23.2,94,5.9,3,0.0,1013.5,0.0,22.1,99,6.3,6,0.0,1008.9,0.0,1.0999999999999979,1,3,0
2023-03-06 02:00:00,22.7,95,5.6,35,0.0,1012.8,0.0,21.7,99,6.2,6,0.0,1008.3,0.0,1.0,2,3,0
2023-03-06 03:00:00,22.3,96,5.0,35,0.0,1012.7,0.0,21.0,100,5.8,1,0.0,1008.1,0.0,1.3000000000000007,3,3,0
2023-03-06 04:00:00,22.4,96,5.5,53,0.0,1012.8,0.0,20.7,100,5.6,100,0.0,1008.3,0.0,1.6999999999999993,4,3,0
2023-03-06 05:00:00,22.5,99,6.1,80,0.0,1013.1,0.0,21.4,99,6.2,100,0.0,1008.5,0.0,1.1000000000000014,5,3,0
2023-03-06 06:00:00,23.3,98,2.7,100,0.0,1013.7,0.0,21.8,99,3.8,66,0.0,1009.2,0.0,1.5,6,3,1
2023-03-06 07:00:00,24.3,94,4.2,100,72.0,1014.4,0.0,23.5,96,5.1,91,78.0,1010.0,0.0,0.8000000000000007,7,3,1
2023-03-06 08:00:00,25.8,87,3.0,54,241.0,1015.3,0.0,25.8,84,3.6,54,248.0,1010.9,0.0,0.0,8,3,1
2023-03-06 09:00:00,28.2,67,4.0,3,501.0,1015.6,0.0,28.4,65,5.7,8,454.0,1011.1,0.0,-0.1999999999999993,9,3,1
2023-03-06 10:00:00,29.8,56,8.3,0,744.0,1015.5,0.0,30.6,49,8.7,6,739.0,1011.0,0.0,-0.8000000000000007,10,3,1
2023-03-06 11:00:00,30.7,48,10.1,0,900.0,1015.0,0.0,32.0,38,11.2,1,903.0,1010.3,0.0,-1.3000000000000007,11,3,1
2023-03-06 12:00:00,31.0,44,11.6,0,972.0,1013.8,0.0,32.6,34,13.3,0,979.0,1009.1,0.0,-1.6000000000000014,12,3,1
2023-03-06 13:00:00,31.0,44,13.0,0,967.0,1012.3,0.0,32.5,34,14.4,0,974.0,1007.6,0.0,-1.5,13,3,1
2023-03-06 14:00:00,30.6,47,14.6,0,880.0,1011.2,0.0,32.0,37,14.5,0,887.0,1006.6,0.0,-1.3999999999999986,14,3,1
2023-03-06 15:00:00,29.9,50,14.8,0,718.0,1010.9,0.0,31.1,40,14.6,0,726.0,1006.3,0.0,-1.2000000000000028,15,3,1
2023-03-06 16:00:00,29.1,52,13.5,0,500.0,1010.7,0.0,29.7,47,14.4,0,504.0,1006.2,0.0,-0.5999999999999979,16,3,1
2023-03-06 17:00:00,28.4,59,11.4,0,251.0,1011.6,0.0,28.6,54,12.1,0,254.0,1007.2,0.0,-0.20000000000000284,17,3,1
2023-03-06 18:00:00,26.7,71,8.6,1,41.0,1011.9,0.0,26.3,69,8.0,0,43.0,1007.4,0.0,0.3999999999999986,18,3,1
2023-03-06 19:00:00,25.9,76,9.0,100,0.0,1012.4,0.0,25.0,79,7.1,22,0.0,1007.9,0.0,0.8999999999999986,19,3,0
2023-03-06 20:00:00,25.3,79,7.1,80,0.0,1013.3,0.0,24.1,85,6.3,8,0.0,1008.8,0.0,1.1999999999999993,20,3,0
2023-03-06 21:00:00,24.3,84,6.1,61,0.0,1013.7,0.0,22.9,91,8.9,46,0.0,1009.2,0.0,1.4000000000000021,21,3,0
2023-03-06 22:00:00,23.5,88,7.3,68,0.0,1013.5,0.0,22.2,93,9.8,0,0.0,1009.0,0.0,1.3000000000000007,22,3,0
2023-03-06 23:00:00,23.0,89,8.6,21,0.0,1013.2,0.0,22.3,91,9.2,19,0.0,1008.8,0.0,0.6999999999999993,23,3,0
2023-03-07 00:00:00,22.8,87,8.8,45,0.0,1012.8,0.0,23.0,88,7.4,38,0.0,1008.4,0.0,-0.1999999999999993,0,3,0
2023-03-07 01:00:00,24.2,82,6.4,95,0.0,1012.0,0.0,23.6,87,5.2,57,0.0,1007.5,0.0,0.5999999999999979,1,3,0
2023-03-07 02:00:00,24.6,81,5.1,74,0.0,1011.4,0.0,22.5,91,4.7,99,0.0,1007.0,0.0,2.1000000000000014,2,3,0
2023-03-07 03:00:00,23.9,84,2.7,69,0.0,1011.3,0.0,21.2,95,3.8,88,0.0,1006.8,0.0,2.6999999999999993,3,3,0
2023-03-07 04:00:00,22.0,93,0.4,18,0.0,1011.2,0.0,20.0,99,3.7,15,0.0,1006.8,0.0,2.0,4,3,0
2023-03-07 05:00:00,23.5,92,6.7,49,0.0,1012.0,0.0,22.2,95,1.4,61,0.0,1007.5,0.0,1.3000000000000007,5,3,0
2023-03-07 06:00:00,23.3,95,2.0,37,0.0,1012.7,0.0,22.1,97,2.9,35,0.0,1008.1,0.0,1.1999999999999993,6,3,1
2023-03-07 07:00:00,24.5,90,1.6,56,72.0,1013.5,0.0,24.4,87,3.9,37,77.0,1009.1,0.0,0.10000000000000142,7,3,1
2023-03-07 08:00:00,26.5,79,1.1,59,285.0,1014.6,0.0,26.8,76,1.8,64,279.0,1010.0,0.0,-0.3000000000000007,8,3,1
2023-03-07 09:00:00,28.4,66,6.0,33,506.0,1014.9,0.0,28.9,63,5.8,36,524.0,1010.4,0.0,-0.5,9,3,1
2023-03-07 10:00:00,29.6,59,8.7,38,715.0,1015.0,0.0,30.3,55,7.6,32,729.0,1010.4,0.0,-0.6999999999999993,10,3,1
2023-03-07 11:00:00,30.1,57,11.5,52,871.0,1014.3,0.0,31.6,49,9.7,58,893.0,1009.6,0.0,-1.5,11,3,1
2023-03-07 12:00:00,30.4,54,13.7,31,950.0,1013.3,0.0,32.0,46,12.6,33,949.0,1008.5,0.0,-1.6000000000000014,12,3,1
2023-03-07 13:00:00,30.3,49,15.9,41,950.0,1012.3,0.0,31.9,44,14.4,42,948.0,1007.5,0.0,-1.5999999999999979,13,3,1
2023-03-07 14:00:00,29.8,52,16.3,41,860.0,1011.3,0.0,31.2,47,15.1,40,849.0,1006.6,0.0,-1.3999999999999986,14,3,1
2023-03-07 15:00:00,29.2,58,16.7,40,705.0,1010.7,0.0,30.3,52,15.8,38,708.0,1006.1,0.0,-1.1000000000000014,15,3,1
2023-03-07 16:00:00,28.4,62,15.4,90,488.0,1010.8,0.0,29.1,55,14.8,91,488.0,1006.2,0.0,-0.7000000000000028,16,3,1
2023-03-07 17:00:00,27.4,69,15.0,100,244.0,1011.8,0.0,27.5,67,14.4,98,241.0,1007.2,0.0,-0.10000000000000142,17,3,1
2023-03-07 18:00:00,26.4,73,13.4,62,35.0,1012.1,0.0,26.2,75,11.5,77,39.0,1007.5,0.0,0.1999999999999993,18,3,1
2023-03-07 19:00:00,26.1,75,12.6,47,0.0,1012.9,0.0,25.6,79,10.3,28,0.0,1008.3,0.0,0.5,19,3,0
2023-03-07 20:00:00,25.9,76,13.0,49,0.0,1013.5,0.0,25.2,80,10.2,9,0.0,1009.0,0.0,0.6999999999999993,20,3,0
2023-03-07 21:00:00,25.6,78,12.2,100,0.0,1014.0,0.0,24.8,82,8.7,18,0.0,1009.4,0.0,0.8000000000000007,21,3,0
2023-03-07 22:00:00,25.4,79,11.3,26,0.0,1013.7,0.0,24.3,84,7.4,6,0.0,1009.2,0.0,1.0999999999999979,22,3,0
2023-03-07 23:00:00,25.1,80,9.7,66,0.0,1013.4,0.0,23.3,90,6.4,32,0.0,1008.9,0.0,1.8000000000000007,23,3,0
2023-03-08 00:00:00,24.6,83,8.7,40,0.0,1012.8,0.0,22.7,92,7.1,40,0.0,1008.2,0.0,1.9000000000000021,0,3,0
2023-03-08 01:00:00,24.3,85,8.6,35,0.0,1012.3,0.0,22.5,93,7.1,32,0.0,1007.7,0.0,1.8000000000000007,1,3,0
2023-03-08 02:00:00,24.1,86,7.9,55,0.0,1011.6,0.0,22.2,94,7.6,44,0.0,1007.0,0.0,1.9000000000000021,2,3,0
2023-03-08 03:00:00,23.7,89,7.1,98,0.0,1011.4,0.0,21.6,95,9.2,84,0.0,1006.8,0.0,2.099999999999998,3,3,0
2023-03-08 04:00:00,23.4,90,5.6,90,0.0,1011.7,0.0,21.6,95,8.3,51,0.0,1007.1,0.0,1.7999999999999972,4,3,0
2023-03-08 05:00:00,24.0,85,6.8,43,0.0,1012.5,0.0,22.4,94,7.6,44,0.0,1007.9,0.0,1.6000000000000014,5,3,0
2023-03-08 06:00:00,24.2,86,7.4,9,0.0,1012.9,0.0,22.5,94,7.8,22,0.0,1008.4,0.0,1.6999999999999993,6,3,1
2023-03-08 07:00:00,25.9,76,10.1,52,92.0,1013.6,0.0,25.2,81,5.7,34,89.0,1009.2,0.0,0.6999999999999993,7,3,1
2023-03-08 08:00:00,27.3,70,9.4,93,314.0,1014.4,0.0,27.3,69,8.0,93,312.0,1009.9,0.0,0.0,8,3,1
2023-03-08 09:00:00,28.3,65,8.3,80,501.0,1015.1,0.0,29.0,59,7.9,42,517.0,1010.6,0.0,-0.6999999999999993,9,3,1
2023-03-08 10:00:00,29.5,59,11.3,93,736.0,1015.1,0.0,30.8,47,11.6,79,745.0,1010.5,0.0,-1.3000000000000007,10,3,1
2023-03-08 11:00:00,30.0,54,13.4,95,832.0,1014.3,0.0,31.8,38,14.8,65,882.0,1009.7,0.0,-1.8000000000000007,11,3,1
2023-03-08 12:00:00,30.5,50,14.3,98,929.0,1013.3,0.0,32.2,35,15.5,83,941.0,1008.6,0.0,-1.7000000000000028,12,3,1
2023-03-08 13:00:00,30.6,48,15.0,57,926.0,1012.3,0.0,32.0,36,16.2,72,930.0,1007.6,0.0,-1.3999999999999986,13,3,1
2023-03-08 14:00:00,30.3,49,15.4,0,856.0,1011.5,0.0,31.7,38,16.5,0,861.0,1006.8,0.0,-1.3999999999999986,14,3,1
2023-03-08 15:00:00,29.7,52,15.6,0,711.0,1010.8,0.0,30.8,42,16.6,14,713.0,1006.1,0.0,-1.1000000000000014,15,3,1
2023-03-08 16:00:00,28.7,60,15.6,0,491.0,1010.8,0.0,29.5,49,15.8,6,492.0,1006.2,0.0,-0.8000000000000007,16,3,1
2023-03-08 17:00:00,27.6,69,16.2,0,246.0,1011.5,0.0,28.1,60,15.3,0,248.0,1007.0,0.0,-0.5,17,3,1
2023-03-08 18:00:00,26.4,76,13.8,0,41.0,1011.9,0.0,26.2,74,11.3,0,42.0,1007.4,0.0,0.1999999999999993,18,3,1
2023-03-08 19:00:00,25.9,79,11.3,0,0.0,1012.4,0.0,25.4,81,9.4,0,0.0,1008.0,0.0,0.5,19,3,0
2023-03-08 20:00:00,25.6,80,10.8,0,0.0,1012.8,0.0,24.9,83,7.5,0,0.0,1008.3,0.0,0.7000000000000028,20,3,0
2023-03-08 21:00:00,25.3,81,9.3,3,0.0,1013.3,0.0,24.0,88,6.1,6,0.0,1008.8,0.0,1.3000000000000007,21,3,0
2023-03-08 22:00:00,25.0,83,7.9,53,0.0,1013.3,0.0,23.3,92,6.4,54,0.0,1008.8,0.0,1.6999999999999993,22,3,0
2023-03-08 23:00:00,24.4,88,6.7,79,0.0,1013.0,0.0,22.7,94,6.8,91,0.0,1008.4,0.0,1.6999999999999993,23,3,0
2023-03-09 00:00:00,23.9,91,6.3,98,0.0,1012.4,0.0,22.5,95,5.4,98,0.0,1007.8,0.0,1.3999999999999986,0,3,0
2023-03-09 01:00:00,23.4,93,5.2,100,0.0,1011.6,0.0,22.3,97,5.8,100,0.0,1007.0,0.0,1.0999999999999979,1,3,0
2023-03-09 02:00:00,23.3,93,5.9,100,0.0,1010.9,0.0,22.1,97,6.4,100,0.0,1006.3,0.0,1.1999999999999993,2,3,0
2023-03-09 03:00:00,23.2,94,5.8,100,0.0,1010.6,0.0,22.3,97,6.2,100,0.0,1006.1,0.0,0.8999999999999986,3,3,0
2023-03-09 04:00:00,23.0,95,5.8,93,0.0,1010.6,0.0,22.0,98,6.3,75,0.0,1006.1,0.0,1.0,4,3,0
2023-03-09 05:00:00,23.8,93,5.6,100,0.0,1011.3,0.0,22.7,98,6.0,85,0.0,1006.9,0.0,1.1000000000000014,5,3,0
2023-03-09 06:00:00,23.9,93,5.4,100,0.0,1012.1,0.0,22.9,98,6.3,100,0.0,1007.7,0.0,1.0,6,3,1
2023-03-09 07:00:00,25.6,85,7.0,100,73.0,1013.1,0.0,24.6,90,6.9,100,72.0,1008.6,0.0,1.0,7,3,1
2023-03-09 08:00:00,27.7,72,9.7,100,274.0,1013.7,0.0,27.1,76,8.9,99,257.0,1009.3,0.0,0.5999999999999979,8,3,1
2023-03-09 09:00:00,29.0,62,12.1,94,474.0,1014.2,0.0,29.3,60,11.4,95,472.0,1009.7,0.0,-0.3000000000000007,9,3,1
2023-03-09 10:00:00,29.9,58,13.2,71,714.0,1014.0,0.0,31.0,49,13.4,81,728.0,1009.4,0.0,-1.1000000000000014,10,3,1
2023-03-09 11:00:00,30.4,55,14.3,60,870.0,1013.4,0.0,31.8,43,15.5,45,881.0,1008.7,0.0,-1.4000000000000021,11,3,1
2023-03-09 12:00:00,30.6,54,15.5,98,922.0,1012.3,0.0,32.2,41,16.3,100,946.0,1007.6,0.0,-1.6000000000000014,12,3,1
2023-03-09 13:00:00,30.3,58,16.5,100,913.0,1011.5,0.0,31.9,43,16.9,97,909.0,1006.8,0.0,-1.5999999999999979,13,3,1
2023-03-09 14:00:00,30.3,57,16.7,100,844.0,1010.7,0.0,31.5,45,16.6,94,822.0,1006.0,0.0,-1.1999999999999993,14,3,1
2023-03-09 15:00:00,29.7,59,16.3,79,685.0,1010.1,0.0,30.8,50,16.3,92,690.0,1005.5,0.0,-1.1000000000000014,15,3,1
2023-03-09 16:00:00,28.9,63,16.1,91,480.0,1010.1,0.0,29.7,55,16.1,92,483.0,1005.5,0.0,-0.8000000000000007,16,3,1
2023-03-09 17:00:00,28.1,66,15.3,79,230.0,1010.9,0.0,28.5,62,14.8,68,213.0,1006.4,0.0,-0.3999999999999986,17,3,1
2023-03-09 18:00:00,26.9,74,13.5,98,35.0,1011.2,0.0,26.9,73,11.5,98,38.0,1006.6,0.0,0.0,18,3,1
2023-03-09 19:00:00,26.6,77,13.5,100,0.0,1011.9,0.0,26.2,78,10.5,76,0.0,1007.4,0.0,0.40000000000000213,19,3,0
2023-03-09 20:00:00,26.4,80,12.8,100,0.0,1012.6,0.0,25.7,82,10.5,100,0.0,1008.1,0.0,0.6999999999999993,20,3,0
2023-03-09 21:00:00,26.3,81,12.2,99,0.0,1013.1,0.0,25.5,84,9.1,97,0.0,1008.6,0.0,0.8000000000000007,21,3,0
2023-03-09 22:00:00,26.0,82,10.8,94,0.0,1013.3,0.0,25.2,86,8.4,95,0.0,1008.8,0.0,0.8000000000000007,22,3,0
2023-03-09 23:00:00,25.6,84,9.6,68,0.0,1012.7,0.0,24.9,87,6.9,64,0.0,1008.2,0.0,0.7000000000000028,23,3,0
2023-03-10 00:00:00,25.2,86,7.6,100,0.0,1012.1,0.0,24.0,92,5.5,98,0.0,1007.7,0.0,1.1999999999999993,0,3,0
2023-03-10 01:00:00,24.5,90,4.7,99,0.0,1011.6,0.0,23.2,95,5.2,98,0.0,1007.1,0.0,1.3000000000000007,1,3,0
2023-03-10 02:00:00,24.1,92,4.4,99,0.0,1010.8,0.0,23.3,96,5.8,100,0.0,1006.4,0.0,0.8000000000000007,2,3,0
2023-03-10 03:00:00,23.6,94,4.9,99,0.0,1010.5,0.0,23.2,97,6.4,100,0.0,1006.1,0.0,0.40000000000000213,3,3,0
2023-03-10 04:00:00,23.4,95,5.6,99,0.0,1010.6,0.0,22.8,98,6.9,99,0.0,1006.2,0.0,0.5999999999999979,4,3,0
2023-03-10 05:00:00,23.7,95,5.3,100,0.0,1011.0,0.0,22.9,99,6.1,97,0.0,1006.7,0.0,0.8000000000000007,5,3,0
2023-03-10 06:00:00,24.0,94,5.8,97,0.0,1011.6,0.0,23.1,98,5.6,87,0.0,1007.2,0.0,0.8999999999999986,6,3,1
2023-03-10 07:00:00,25.3,88,5.1,97,80.0,1012.6,0.0,24.7,89,4.7,78,82.0,1008.2,0.0,0.6000000000000014,7,3,1
2023-03-10 08:00:00,27.4,75,9.0,61,264.0,1013.2,0.0,27.1,76,7.4,49,288.0,1008.8,0.1,0.29999999999999716,8,3,1
2023-03-10 09:00:00,28.9,63,12.2,100,516.0,1013.5,0.0,29.3,61,10.0,94,514.0,1009.0,0.0,-0.40000000000000213,9,3,1
2023-03-10 10:00:00,29.6,60,12.9,99,690.0,1013.4,0.0,30.7,51,11.9,100,720.0,1008.8,0.0,-1.0999999999999979,10,3,1
2023-03-10 11:00:00,29.8,59,13.3,100,750.0,1012.6,0.0,31.4,46,13.4,100,831.0,1007.9,0.0,-1.5999999999999979,11,3,1
2023-03-10 12:00:00,30.2,56,13.8,100,840.0,1011.6,0.0,31.8,44,13.8,100,910.0,1006.8,0.0,-1.6000000000000014,12,3,1
2023-03-10 13:00:00,30.4,53,14.6,91,890.0,1010.7,0.0,31.8,44,14.5,87,903.0,1006.0,0.0,-1.4000000000000021,13,3,1
2023-03-10 14:00:00,30.1,54,15.1,100,814.0,1010.0,0.0,31.4,47,14.9,100,829.0,1005.3,0.0,-1.2999999999999972,14,3,1
2023-03-10 15:00:00,29.7,56,15.6,100,666.0,1009.3,0.0,30.7,49,15.2,100,653.0,1004.6,0.0,-1.0,15,3,1
2023-03-10 16:00:00,28.7,62,16.1,100,390.0,1009.5,0.0,29.1,57,15.5,100,353.0,1004.9,0.0,-0.40000000000000213,16,3,1
2023-03-10 17:00:00,28.0,64,15.3,100,158.0,1010.1,0.0,28.3,62,14.0,100,147.0,1005.6,0.0,-0.3000000000000007,17,3,1
2023-03-10 18:00:00,26.9,72,13.5,96,31.0,1010.4,0.0,26.8,71,11.9,57,33.0,1005.8,0.0,0.09999999999999787,18,3,1
2023-03-10 19:00:00,26.3,77,12.0,87,0.0,1011.0,0.0,26.0,76,10.4,77,0.0,1006.5,0.0,0.3000000000000007,19,3,0
2023-03-10 20:00:00,25.8,80,10.2,98,0.0,1011.7,0.0,25.4,81,7.7,100,0.0,1007.3,0.0,0.40000000000000213,20,3,0
2023-03-10 21:00:00,25.6,81,9.4,100,0.0,1012.1,0.0,25.1,83,6.4,100,0.0,1007.6,0.0,0.5,21,3,0
2023-03-10 22:00:00,25.4,82,8.4,2,0.0,1012.3,0.0,24.4,87,5.6,27,0.0,1007.8,0.0,1.0,22,3,0
2023-03-10 23:00:00,24.9,85,7.2,86,0.0,1012.3,0.0,23.3,93,7.6,43,0.0,1007.8,0.0,1.5999999999999979,23,3,0
2023-03-11 00:00:00,24.4,88,6.5,94,0.0,1011.9,0.0,22.8,95,7.4,100,0.0,1007.5,0.0,1.5999999999999979,0,3,0
2023-03-11 01:00:00,24.1,90,5.6,67,0.0,1011.2,0.0,22.7,96,6.1,39,0.0,1006.8,0.0,1.4000000000000021,1,3,0
2023-03-11 02:00:00,23.7,91,5.5,22,0.0,1010.5,0.0,22.8,96,4.9,36,0.0,1006.0,0.0,0.8999999999999986,2,3,0
2023-03-11 03:00:00,23.5,92,5.2,18,0.0,1010.1,0.0,22.4,97,4.7,23,0.0,1005.7,0.0,1.1000000000000014,3,3,0
2023-03-11 04:00:00,22.8,93,7.4,21,0.0,1010.2,0.0,22.2,98,4.4,24,0.0,1005.8,0.0,0.6000000000000014,4,3,0
2023-03-11 05:00:00,23.6,92,5.0,20,0.0,1010.8,0.0,22.9,97,4.9,12,0.0,1006.4,0.0,0.7000000000000028,5,3,0
2023-03-11 06:00:00,24.0,90,4.5,29,1.0,1011.8,0.0,23.1,96,5.4,30,0.0,1007.4,0.0,0.8999999999999986,6,3,1
2023-03-11 07:00:00,26.0,80,6.3,35,88.0,1012.6,0.0,25.2,85,5.7,25,89.0,1008.2,0.0,0.8000000000000007,7,3,1
2023-03-11 08:00:00,28.0,66,10.8,26,306.0,1013.3,0.0,27.7,70,8.6,31,300.0,1008.8,0.0,0.3000000000000007,8,3,1
2023-03-11 09:00:00,29.3,59,12.9,21,526.0,1013.8,0.0,29.5,58,10.4,21,498.0,1009.3,0.0,-0.1999999999999993,9,3,1
2023-03-11 10:00:00,30.1,54,14.9,8,733.0,1013.7,0.0,31.0,50,12.8,16,717.0,1009.1,0.0,-0.8999999999999986,10,3,1
2023-03-11 11:00:00,30.3,53,16.3,7,878.0,1013.2,0.0,31.4,47,16.0,17,862.0,1008.5,0.0,-1.0999999999999979,11,3,1
2023-03-11 12:00:00,30.5,51,16.6,1,946.0,1012.2,0.0,31.6,44,16.9,1,952.0,1007.5,0.0,-1.1000000000000014,12,3,1
2023-03-11 13:00:00,30.4,51,16.6,0,946.0,1011.4,0.0,31.6,44,16.6,1,955.0,1006.7,0.0,-1.2000000000000028,13,3,1
2023-03-11 14:00:00,30.1,51,16.9,0,861.0,1010.4,0.0,31.1,47,16.9,0,869.0,1005.7,0.0,-1.0,14,3,1
2023-03-11 15:00:00,29.4,56,17.0,2,701.0,1009.7,0.0,30.2,50,17.1,0,708.0,1005.1,0.0,-0.8000000000000007,15,3,1
2023-03-11 16:00:00,28.6,58,16.3,2,483.0,1009.8,0.0,29.1,54,17.3,0,492.0,1005.2,0.0,-0.5,16,3,1
2023-03-11 17:00:00,27.1,77,18.7,2,241.0,1010.6,0.0,27.2,76,17.1,0,247.0,1006.1,0.0,-0.09999999999999787,17,3,1
2023-03-11 18:00:00,26.7,79,13.3,27,30.0,1010.8,0.0,26.3,82,13.7,40,26.0,1006.3,0.0,0.3999999999999986,18,3,1
2023-03-11 19:00:00,27.1,75,12.9,19,0.0,1011.6,0.0,26.4,81,12.1,13,0.0,1007.1,0.0,0.7000000000000028,19,3,0
2023-03-11 20:00:00,27.0,75,12.8,18,0.0,1012.2,0.0,26.4,80,8.4,22,0.0,1007.7,0.0,0.6000000000000014,20,3,0
2023-03-11 21:00:00,26.9,76,12.5,25,0.0,1012.9,0.0,26.3,78,8.6,25,0.0,1008.4,0.0,0.5999999999999979,21,3,0
2023-03-11 22:00:00,26.6,77,11.7,34,0.0,1013.0,0.0,26.1,79,8.4,20,0.0,1008.5,0.0,0.5,22,3,0
2023-03-11 23:00:00,26.2,80,10.0,30,0.0,1012.8,0.0,25.5,82,6.6,27,0.0,1008.2,0.0,0.6999999999999993,23,3,0
2023-03-12 00:00:00,25.6,83,7.3,10,0.0,1012.0,0.0,24.4,88,5.7,21,0.0,1007.5,0.0,1.2000000000000028,0,3,0
2023-03-12 01:00:00,24.6,87,4.9,11,0.0,1011.2,0.0,23.4,94,7.4,26,0.0,1006.7,0.0,1.2000000000000028,1,3,0
2023-03-12 02:00:00,23.8,92,6.2,20,0.0,1010.6,0.0,23.0,95,6.5,26,0.0,1006.1,0.0,0.8000000000000007,2,3,0
2023-03-12 03:00:00,23.6,93,5.1,29,0.0,1010.4,0.0,23.0,96,5.2,24,0.0,1005.9,0.0,0.6000000000000014,3,3,0
2023-03-12 04:00:00,23.1,95,5.2,40,0.0,1010.3,0.0,22.8,97,6.4,24,0.0,1005.9,0.0,0.3000000000000007,4,3,0
2023-03-12 05:00:00,23.9,93,5.8,10,0.0,1011.2,0.0,23.0,98,7.9,24,0.0,1006.8,0.0,0.8999999999999986,5,3,0
2023-03-12 06:00:00,23.9,92,5.8,9,1.0,1011.9,0.0,23.2,96,6.9,10,1.0,1007.5,0.0,0.6999999999999993,6,3,1
2023-03-12 07:00:00,25.6,84,6.0,6,96.0,1012.8,0.0,25.0,86,5.9,23,91.0,1008.4,0.0,0.6000000000000014,7,3,1
2023-03-12 08:00:00,27.8,72,7.9,45,318.0,1013.4,0.0,27.6,73,7.6,39,309.0,1008.9,0.0,0.1999999999999993,8,3,1
2023-03-12 09:00:00,29.3,64,11.2,11,531.0,1013.9,0.0,29.7,61,10.5,7,526.0,1009.3,0.0,-0.3999999999999986,9,3,1
2023-03-12 10:00:00,30.2,59,14.3,3,747.0,1013.5,0.0,31.2,51,13.6,8,756.0,1008.9,0.0,-1.0,10,3,1
2023-03-12 11:00:00,30.6,57,16.1,1,883.0,1012.9,0.0,31.8,49,15.9,4,882.0,1008.3,0.0,-1.1999999999999993,11,3,1
2023-03-12 12:00:00,30.8,56,16.9,1,954.0,1011.9,0.0,32.0,49,17.1,3,957.0,1007.2,0.0,-1.1999999999999993,12,3,1
2023-03-12 13:00:00,30.7,56,17.9,1,938.0,1010.9,0.0,31.9,49,17.7,2,938.0,1006.2,0.0,-1.1999999999999993,13,3,1
2023-03-12 14:00:00,30.4,58,18.4,1,853.0,1010.0,0.0,31.4,51,18.1,1,856.0,1005.4,0.0,-1.0,14,3,1
2023-03-12 15:00:00,29.7,62,18.4,3,685.0,1009.4,0.0,30.7,54,17.7,1,697.0,1004.8,0.0,-1.0,15,3,1
2023-03-12 16:00:00,28.9,66,17.9,5,470.0,1009.4,0.0,29.7,58,17.2,2,483.0,1004.8,0.0,-0.8000000000000007,16,3,1
2023-03-12 17:00:00,28.3,73,16.6,6,234.0,1009.6,0.0,28.9,68,15.1,5,240.0,1005.1,0.0,-0.5999999999999979,17,3,1
2023-03-12 18:00:00,27.1,80,15.3,9,38.0,1009.9,0.0,27.1,79,13.3,8,40.0,1005.4,0.0,0.0,18,3,1
2023-03-12 19:00:00,26.7,83,13.5,9,0.0,1010.5,0.0,26.5,84,11.5,9,0.0,1006.0,0.0,0.1999999999999993,19,3,0
2023-03-12 20:00:00,26.4,86,11.5,8,0.0,1011.4,0.0,26.1,87,9.2,9,0.0,1006.9,0.0,0.29999999999999716,20,3,0
2023-03-12 21:00:00,26.2,87,10.2,7,0.0,1012.1,0.0,25.7,90,7.9,7,0.0,1007.6,0.0,0.5,21,3,0
2023-03-12 22:00:00,25.9,89,8.2,9,0.0,1012.1,0.0,25.2,93,6.1,12,0.0,1007.6,0.0,0.6999999999999993,22,3,0
2023-03-12 23:00:00,25.3,93,6.2,8,0.0,1012.1,0.0,24.3,96,7.1,20,0.0,1007.7,0.0,1.0,23,3,0
2023-03-13 00:00:00,24.7,95,5.1,20,0.0,1011.5,0.0,24.0,97,6.8,27,0.0,1007.1,0.0,0.6999999999999993,0,3,0
2023-03-13 01:00:00,23.8,97,6.5,24,0.0,1010.9,0.0,23.7,98,4.1,32,0.0,1006.5,0.0,0.10000000000000142,1,3,0
2023-03-13 02:00:00,24.2,97,4.8,38,0.0,1010.1,0.0,23.7,99,5.8,30,0.0,1005.6,0.0,0.5,2,3,0
2023-03-13 03:00:00,23.9,97,4.9,59,0.0,1009.8,0.0,23.4,100,6.1,100,0.0,1005.4,0.0,0.5,3,3,0
2023-03-13 04:00:00,23.9,98,4.6,100,0.0,1009.6,0.0,23.3,100,6.1,100,0.0,1005.2,0.0,0.5999999999999979,4,3,0
2023-03-13 05:00:00,24.3,98,4.8,100,0.0,1010.1,0.0,23.9,100,6.9,100,0.0,1005.6,0.0,0.40000000000000213,5,3,0
2023-03-13 06:00:00,24.3,99,5.8,100,1.0,1010.8,0.0,23.8,100,6.3,100,1.0,1006.4,0.0,0.5,6,3,1
2023-03-13 07:00:00,25.0,96,6.6,100,69.0,1011.5,0.0,24.4,98,6.2,100,61.0,1007.1,0.0,0.6000000000000014,7,3,1
2023-03-13 08:00:00,27.3,81,6.3,37,258.0,1012.1,0.0,26.7,84,6.7,43,217.0,1007.7,0.0,0.6000000000000014,8,3,1
2023-03-13 09:00:00,29.2,68,7.3,10,528.0,1012.3,0.0,29.4,66,7.1,18,506.0,1008.0,0.0,-0.1999999999999993,9,3,1
2023-03-13 10:00:00,30.5,60,9.9,3,744.0,1012.1,0.0,31.6,52,9.1,14,737.0,1007.6,0.0,-1.1000000000000014,10,3,1
2023-03-13 11:00:00,31.4,54,11.6,0,900.0,1011.5,0.0,33.1,41,11.7,9,898.0,1007.0,0.0,-1.7000000000000028,11,3,1
2023-03-13 12:00:00,31.8,50,13.4,1,972.0,1010.5,0.0,33.8,37,13.0,8,964.0,1006.0,0.0,-1.9999999999999964,12,3,1
2023-03-13 13:00:00,31.6,51,15.0,4,919.0,1009.7,0.0,33.8,36,14.5,6,935.0,1005.1,0.0,-2.1999999999999957,13,3,1
2023-03-13 14:00:00,31.0,55,14.9,11,816.0,1009.0,0.0,33.2,38,14.6,13,840.0,1004.5,0.0,-2.200000000000003,14,3,1
2023-03-13 15:00:00,30.4,58,14.7,13,652.0,1008.4,0.0,32.2,41,14.3,18,656.0,1003.9,0.0,-1.8000000000000043,15,3,1
2023-03-13 16:00:00,29.6,62,13.6,14,457.0,1008.3,0.0,30.9,48,13.6,10,452.0,1003.8,0.0,-1.2999999999999972,16,3,1
2023-03-13 17:00:00,28.7,66,14.3,19,223.0,1008.6,0.0,29.2,61,14.0,8,223.0,1004.1,0.0,-0.5,17,3,1
2023-03-13 18:00:00,27.2,77,12.0,8,39.0,1008.7,0.0,27.4,73,10.8,10,41.0,1004.3,0.0,-0.1999999999999993,18,3,1
2023-03-13 19:00:00,26.6,82,9.7,5,0.0,1009.5,0.0,26.6,80,9.5,13,0.0,1005.0,0.0,0.0,19,3,0
2023-03-13 20:00:00,26.2,85,9.6,8,0.0,1010.0,0.0,26.1,85,8.9,10,0.0,1005.5,0.0,0.09999999999999787,20,3,0
2023-03-13 21:00:00,25.9,87,8.4,29,0.0,1010.5,0.0,25.6,89,7.7,40,0.0,1006.0,0.0,0.29999999999999716,21,3,0
2023-03-13 22:00:00,25.6,90,7.9,15,0.0,1010.6,0.0,24.9,93,6.6,12,0.0,1006.1,0.0,0.7000000000000028,22,3,0
2023-03-13 23:00:00,25.4,92,7.9,8,0.0,1010.2,0.0,24.6,95,6.1,5,0.0,1005.8,0.0,0.7999999999999972,23,3,0
2023-03-14 00:00:00,25.1,94,6.4,7,0.0,1009.7,0.0,24.2,96,5.9,6,0.0,1005.2,0.0,0.9000000000000021,0,3,0
2023-03-14 01:00:00,24.9,94,6.1,5,0.0,1009.0,0.0,23.7,98,6.0,3,0.0,1004.5,0.0,1.1999999999999993,1,3,0
2023-03-14 02:00:00,24.3,95,5.1,3,0.0,1008.6,0.0,22.9,99,8.2,9,0.0,1004.2,0.0,1.4000000000000021,2,3,0
2023-03-14 03:00:00,23.5,96,7.2,2,0.0,1008.4,0.0,22.7,99,7.6,12,0.0,1004.0,0.0,0.8000000000000007,3,3,0
2023-03-14 04:00:00,23.6,97,5.4,0,0.0,1008.3,0.0,22.4,100,6.6,25,0.0,1003.9,0.0,1.2000000000000028,4,3,0
2023-03-14 05:00:00,23.4,99,3.2,12,0.0,1009.0,0.0,22.8,100,3.3,100,0.0,1004.6,0.0,0.5999999999999979,5,3,0
2023-03-14 06:00:00,23.8,97,1.8,100,1.0,1009.9,0.0,23.2,100,5.0,100,1.0,1005.4,0.0,0.6000000000000014,6,3,1
2023-03-14 07:00:00,24.9,95,3.6,100,82.0,1010.7,0.0,24.5,97,4.6,100,79.0,1006.2,0.0,0.3999999999999986,7,3,1
2023-03-14 08:00:00,26.6,84,1.9,22,260.0,1011.0,0.0,26.9,82,3.1,15,231.0,1006.6,0.0,-0.29999999999999716,8,3,1
2023-03-14 09:00:00,28.9,67,4.0,8,531.0,1011.0,0.0,29.7,61,5.8,6,535.0,1006.6,0.0,-0.8000000000000007,9,3,1
2023-03-14 10:00:00,30.4,56,8.6,3,758.0,1010.9,0.0,31.7,49,8.1,2,757.0,1006.3,0.0,-1.3000000000000007,10,3,1
2023-03-14 11:00:00,31.1,51,11.3,0,901.0,1010.0,0.0,32.9,42,11.0,0,907.0,1005.5,0.0,-1.7999999999999972,11,3,1
2023-03-14 12:00:00,31.2,51,12.8,0,971.0,1008.9,0.0,33.3,39,13.2,0,974.0,1004.3,0.0,-2.099999999999998,12,3,1
2023-03-14 13:00:00,31.0,55,12.7,0,961.0,1008.0,0.0,33.1,40,13.4,3,955.0,1003.5,0.0,-2.1000000000000014,13,3,1
2023-03-14 14:00:00,30.6,58,13.2,12,863.0,1006.9,0.0,32.7,42,13.6,12,856.0,1002.4,0.0,-2.1000000000000014,14,3,1
2023-03-14 15:00:00,29.8,62,11.5,3,666.0,1006.5,0.0,31.7,47,12.1,5,655.0,1002.0,0.0,-1.8999999999999986,15,3,1
2023-03-14 16:00:00,29.1,65,11.8,2,473.0,1006.5,0.0,30.5,52,12.3,1,468.0,1002.0,0.0,-1.3999999999999986,16,3,1
2023-03-14 17:00:00,28.4,73,11.3,5,240.0,1006.6,0.0,29.0,66,11.9,7,244.0,1002.1,0.0,-0.6000000000000014,17,3,1
2023-03-14 18:00:00,27.3,80,10.2,14,39.0,1007.5,0.0,27.3,78,10.1,12,39.0,1003.0,0.0,0.0,18,3,1
2023-03-14 19:00:00,27.1,81,11.5,22,0.0,1008.3,0.0,26.8,82,9.8,12,0.0,1003.9,0.0,0.3000000000000007,19,3,0
2023-03-14 20:00:00,26.9,83,12.7,14,0.0,1008.7,0.0,26.6,83,10.2,14,0.0,1004.2,0.0,0.29999999999999716,20,3,0
2023-03-14 21:00:00,26.8,83,14.0,7,0.0,1009.0,0.0,26.2,86,10.9,15,0.0,1004.6,0.0,0.6000000000000014,21,3,0
2023-03-14 22:00:00,26.6,84,13.4,10,0.0,1009.0,0.0,25.9,88,10.6,17,0.0,1004.5,0.0,0.7000000000000028,22,3,0
2023-03-14 23:00:00,26.5,84,12.6,17,0.0,1008.8,0.0,25.7,89,8.8,14,0.0,1004.3,0.0,0.8000000000000007,23,3,0
2023-03-15 00:00:00,26.3,85,11.2,27,0.0,1008.4,0.0,25.3,90,5.6,42,0.0,1004.0,0.0,1.0,0,3,0
2023-03-15 01:00:00,25.8,87,7.7,13,0.0,1007.8,0.0,24.7,94,5.6,37,0.0,1003.3,0.0,1.1000000000000014,1,3,0
2023-03-15 02:00:00,25.4,88,7.7,43,0.0,1007.1,0.0,24.9,92,5.1,31,0.0,1002.8,0.0,0.5,2,3,0
2023-03-15 03:00:00,25.2,89,6.1,28,0.0,1006.9,0.0,23.7,97,4.9,39,0.0,1002.5,0.0,1.5,3,3,0
2023-03-15 04:00:00,24.8,91,4.8,32,0.0,1007.0,0.0,24.0,96,4.0,38,0.0,1002.6,0.0,0.8000000000000007,4,3,0
2023-03-15 05:00:00,25.0,91,6.6,43,0.0,1007.7,0.0,24.2,95,5.4,41,0.0,1003.3,0.0,0.8000000000000007,5,3,0
2023-03-15 06:00:00,24.8,91,5.8,12,1.0,1008.2,0.0,24.1,96,3.3,12,1.0,1003.8,0.0,0.6999999999999993,6,3,1
2023-03-15 07:00:00,26.2,84,6.5,22,96.0,1008.7,0.0,26.2,85,4.1,15,89.0,1004.3,0.0,0.0,7,3,1
2023-03-15 08:00:00,28.2,73,9.4,31,317.0,1009.4,0.0,28.5,72,8.8,42,304.0,1005.1,0.0,-0.3000000000000007,8,3,1
2023-03-15 09:00:00,29.9,64,11.8,38,518.0,1010.2,0.0,30.5,62,10.9,30,511.0,1005.7,0.0,-0.6000000000000014,9,3,1
2023-03-15 10:00:00,30.9,59,14.4,50,691.0,1010.0,0.0,32.1,55,12.2,24,693.0,1005.5,0.0,-1.2000000000000028,10,3,1
2023-03-15 11:00:00,31.0,61,17.9,33,855.0,1009.2,0.0,32.8,52,15.3,18,824.0,1004.6,0.0,-1.7999999999999972,11,3,1
2023-03-15 12:00:00,30.7,63,18.4,14,925.0,1008.5,0.0,32.4,53,16.5,23,889.0,1003.8,0.0,-1.6999999999999993,12,3,1
2023-03-15 13:00:00,30.6,62,18.2,54,849.0,1007.8,0.0,32.7,51,17.1,28,851.0,1003.1,0.0,-2.1000000000000014,13,3,1
2023-03-15 14:00:00,30.8,60,18.6,29,763.0,1007.0,0.0,32.1,53,16.5,28,715.0,1002.4,0.0,-1.3000000000000007,14,3,1
2023-03-15 15:00:00,29.9,65,16.8,41,542.0,1006.3,0.0,31.4,55,17.8,45,555.0,1001.7,0.0,-1.5,15,3,1
2023-03-15 16:00:00,29.2,68,15.3,55,389.0,1006.2,0.0,30.3,60,15.0,58,360.0,1001.6,0.0,-1.1000000000000014,16,3,1
2023-03-15 17:00:00,28.7,73,13.6,53,200.0,1006.9,0.0,29.5,66,13.5,69,178.0,1002.4,0.0,-0.8000000000000007,17,3,1
2023-03-15 18:00:00,27.7,77,14.3,55,31.0,1007.5,0.0,28.3,72,12.2,46,34.0,1002.9,0.0,-0.6000000000000014,18,3,1
2023-03-15 19:00:00,27.1,81,14.8,49,0.0,1008.5,0.0,27.5,78,12.4,47,0.0,1004.1,0.0,-0.3999999999999986,19,3,0
2023-03-15 20:00:00,26.8,83,13.5,69,0.0,1009.1,0.0,27.0,81,10.1,39,0.0,1004.7,0.0,-0.1999999999999993,20,3,0
2023-03-15 21:00:00,26.5,86,11.2,77,0.0,1009.6,0.0,26.7,83,9.9,10,0.0,1005.1,0.0,-0.1999999999999993,21,3,0
2023-03-15 22:00:00,26.5,87,11.7,38,0.0,1009.8,0.0,26.4,85,8.4,16,0.0,1005.4,0.0,0.10000000000000142,22,3,0
2023-03-15 23:00:00,26.4,87,13.0,21,0.0,1009.6,0.0,26.3,85,8.8,17,0.0,1005.1,0.0,0.09999999999999787,23,3,0
2023-03-16 00:00:00,26.6,85,14.2,28,0.0,1009.1,0.0,26.2,86,10.0,16,0.0,1004.6,0.0,0.40000000000000213,0,3,0
2023-03-16 01:00:00,26.5,84,15.0,21,0.0,1008.4,0.0,25.8,87,9.5,11,0.0,1004.0,0.0,0.6999999999999993,1,3,0
2023-03-16 02:00:00,26.2,84,14.8,18,0.0,1007.8,0.0,25.2,89,9.6,13,0.0,1003.5,0.0,1.0,2,3,0
2023-03-16 03:00:00,26.0,84,14.1,23,0.0,1007.6,0.0,25.0,89,8.8,10,0.0,1003.2,0.0,1.0,3,3,0
2023-03-16 04:00:00,25.9,83,13.4,50,0.0,1007.6,0.0,24.6,92,6.8,43,0.0,1003.2,0.0,1.2999999999999972,4,3,0
2023-03-16 05:00:00,25.9,87,10.2,75,0.0,1008.4,0.0,24.5,94,5.4,69,0.0,1003.9,0.0,1.3999999999999986,5,3,0
2023-03-16 06:00:00,26.1,86,8.3,41,1.0,1009.4,0.0,25.0,91,3.8,40,1.0,1004.9,0.0,1.1000000000000014,6,3,1
2023-03-16 07:00:00,27.4,77,10.1,30,96.0,1010.3,0.0,26.9,82,5.4,32,91.0,1005.8,0.0,0.5,7,3,1
2023-03-16 08:00:00,28.7,70,12.9,22,309.0,1010.9,0.0,28.8,70,9.8,27,296.0,1006.5,0.1,-0.10000000000000142,8,3,1
2023-03-16 09:00:00,29.8,65,14.2,33,522.0,1011.6,0.0,30.5,60,10.8,23,526.0,1007.1,0.0,-0.6999999999999993,9,3,1
2023-03-16 10:00:00,30.7,59,15.6,17,737.0,1011.6,0.0,31.9,53,12.3,20,703.0,1006.9,0.0,-1.1999999999999993,10,3,1
2023-03-16 11:00:00,30.9,58,16.8,10,850.0,1010.8,0.0,32.5,51,14.5,30,852.0,1006.2,0.0,-1.6000000000000014,11,3,1
2023-03-16 12:00:00,30.9,58,15.1,15,925.0,1009.7,0.0,32.4,51,14.0,26,911.0,1005.1,0.0,-1.5,12,3,1
2023-03-16 13:00:00,30.3,63,16.1,7,841.0,1008.6,0.0,32.6,49,15.3,58,914.0,1004.0,0.0,-2.3000000000000007,13,3,1
2023-03-16 14:00:00,30.3,62,17.6,24,790.0,1007.5,0.0,31.9,53,15.5,33,746.0,1002.9,0.0,-1.5999999999999979,14,3,1
2023-03-16 15:00:00,29.7,65,18.6,14,609.0,1006.3,0.0,31.0,56,17.4,33,601.0,1001.7,0.0,-1.3000000000000007,15,3,1
2023-03-16 16:00:00,29.1,68,15.6,38,422.0,1006.4,0.0,29.9,61,14.7,40,433.0,1001.8,0.0,-0.7999999999999972,16,3,1
2023-03-16 17:00:00,28.7,69,14.7,60,191.0,1007.1,0.0,29.0,66,14.0,38,204.0,1002.7,0.0,-0.3000000000000007,17,3,1
2023-03-16 18:00:00,28.0,74,12.5,37,36.0,1007.5,0.0,28.0,72,11.5,24,38.0,1003.2,0.0,0.0,18,3,1
2023-03-16 19:00:00,27.7,76,12.8,48,0.0,1008.9,0.0,27.5,76,9.7,33,0.0,1004.6,0.0,0.1999999999999993,19,3,0
2023-03-16 20:00:00,27.6,78,13.8,23,0.0,1009.8,0.0,27.4,77,10.0,31,0.0,1005.4,0.0,0.20000000000000284,20,3,0
2023-03-16 21:00:00,27.4,80,13.8,37,0.0,1010.4,0.0,27.2,79,10.5,35,0.0,1006.0,0.0,0.1999999999999993,21,3,0
2023-03-16 22:00:00,27.2,81,14.3,27,0.0,1010.6,0.0,27.0,81,10.0,45,0.0,1006.2,0.0,0.1999999999999993,22,3,0
2023-03-16 23:00:00,27.0,82,13.7,32,0.0,1010.4,0.0,26.6,83,7.8,47,0.0,1005.9,0.0,0.3999999999999986,23,3,0
2023-03-17 00:00:00,26.9,82,11.1,43,0.0,1009.5,0.0,26.1,86,5.8,37,0.0,1005.1,0.0,0.7999999999999972,0,3,0
2023-03-17 01:00:00,26.7,83,11.1,47,0.0,1008.7,0.0,25.7,88,4.9,32,0.0,1004.4,0.0,1.0,1,3,0
2023-03-17 02:00:00,26.3,84,12.2,34,0.0,1008.2,0.0,25.8,87,5.9,26,0.0,1003.7,0.0,0.5,2,3,0
2023-03-17 03:00:00,26.3,84,11.0,50,0.0,1008.2,0.0,25.4,87,5.9,45,0.0,1003.7,0.1,0.9000000000000021,3,3,0
2023-03-17 04:00:00,26.0,86,8.8,57,0.0,1008.4,0.0,25.0,89,6.5,59,0.0,1004.0,0.0,1.0,4,3,0
2023-03-17 05:00:00,26.1,89,6.7,32,0.0,1009.0,0.0,25.5,91,4.4,24,0.0,1004.6,0.0,0.6000000000000014,5,3,0
2023-03-17 06:00:00,25.4,87,10.5,96,1.0,1010.1,1.9,25.5,93,3.0,25,1.0,1005.2,0.0,-0.10000000000000142,6,3,1
2023-03-17 07:00:00,24.6,87,17.6,63,74.0,1011.5,0.4,24.0,88,19.5,98,85.0,1007.4,0.7,0.6000000000000014,7,3,1
2023-03-17 08:00:00,26.0,80,9.8,56,171.0,1012.0,0.1,25.3,83,7.6,39,173.0,1007.2,0.2,0.6999999999999993,8,3,1
2023-03-17 09:00:00,29.0,68,12.0,45,545.0,1012.3,0.0,28.7,70,9.0,26,505.0,1007.8,0.0,0.3000000000000007,9,3,1
2023-03-17 10:00:00,29.6,67,10.7,25,724.0,1011.7,0.1,30.9,61,8.9,25,726.0,1007.2,0.1,-1.2999999999999972,10,3,1
2023-03-17 11:00:00,30.3,64,11.4,24,837.0,1010.9,0.1,31.9,57,10.7,33,836.0,1006.2,0.0,-1.5999999999999979,11,3,1
2023-03-17 12:00:00,30.3,64,13.4,33,882.0,1009.5,0.1,32.0,56,11.8,35,825.0,1004.9,0.1,-1.6999999999999993,12,3,1
2023-03-17 13:00:00,30.1,63,12.7,61,832.0,1008.8,0.0,32.4,54,12.6,44,845.0,1003.9,0.0,-2.299999999999997,13,3,1
2023-03-17 14:00:00,30.1,64,15.7,77,688.0,1007.6,0.0,30.9,56,14.8,86,751.0,1002.9,0.3,-0.7999999999999972,14,3,1
2023-03-17 15:00:00,27.5,73,18.0,84,417.0,1007.7,2.4,28.6,68,15.2,78,369.0,1002.8,0.8,-1.1000000000000014,15,3,1
2023-03-17 16:00:00,27.3,77,10.7,69,266.0,1007.5,0.8,28.5,68,17.4,56,342.0,1003.1,0.0,-1.1999999999999993,16,3,1
2023-03-17 17:00:00,27.0,78,13.3,56,159.0,1008.4,0.0,28.2,75,12.6,99,150.0,1003.5,0.0,-1.1999999999999993,17,3,1
2023-03-17 18:00:00,26.7,82,12.6,100,21.0,1008.1,0.0,27.1,79,12.3,100,19.0,1003.6,0.0,-0.40000000000000213,18,3,1
2023-03-17 19:00:00,26.6,83,11.2,99,0.0,1009.1,0.0,26.9,81,8.8,100,0.0,1004.7,0.0,-0.29999999999999716,19,3,0
2023-03-17 20:00:00,26.4,85,10.4,87,0.0,1009.7,0.0,26.5,84,6.4,74,0.0,1005.1,0.0,-0.10000000000000142,20,3,0
2023-03-17 21:00:00,26.1,87,8.2,70,0.0,1009.9,0.0,26.1,87,8.9,92,0.0,1005.3,0.0,0.0,21,3,0
2023-03-17 22:00:00,26.3,86,10.9,23,0.0,1009.5,0.0,26.1,87,7.8,52,0.0,1005.1,0.0,0.1999999999999993,22,3,0
2023-03-17 23:00:00,26.3,85,9.9,27,0.0,1009.5,0.0,25.6,90,4.8,23,0.0,1005.1,0.0,0.6999999999999993,23,3,0
2023-03-18 00:00:00,26.3,85,8.4,36,0.0,1009.1,0.0,25.2,91,7.7,23,0.0,1004.7,0.1,1.1000000000000014,0,3,0
2023-03-18 01:00:00,26.1,86,9.2,28,0.0,1008.6,0.2,25.1,89,5.6,33,0.0,1004.1,0.0,1.0,1,3,0
2023-03-18 02:00:00,26.0,87,10.2,22,0.0,1008.0,0.1,24.8,91,6.9,25,0.0,1003.5,0.1,1.1999999999999993,2,3,0
2023-03-18 03:00:00,25.6,89,8.7,23,0.0,1007.9,0.1,24.6,91,6.8,32,0.0,1003.5,0.2,1.0,3,3,0
2023-03-18 04:00:00,24.8,92,11.1,53,0.0,1008.0,0.3,24.2,94,6.1,22,0.0,1003.4,0.0,0.6000000000000014,4,3,0
2023-03-18 05:00:00,26.0,83,11.8,35,0.0,1008.5,0.2,24.7,91,7.0,51,0.0,1004.2,0.0,1.3000000000000007,5,3,0
2023-03-18 06:00:00,26.4,80,11.5,32,2.0,1009.1,0.0,24.7,91,4.3,14,1.0,1004.8,0.0,1.6999999999999993,6,3,1
2023-03-18 07:00:00,27.3,74,13.8,64,95.0,1010.0,0.0,26.4,82,9.0,58,96.0,1005.7,0.0,0.9000000000000021,7,3,1
2023-03-18 08:00:00,27.7,73,11.7,63,272.0,1010.6,0.2,27.9,73,8.6,34,237.0,1006.1,0.0,-0.1999999999999993,8,3,1
2023-03-18 09:00:00,29.1,67,11.7,32,403.0,1010.8,0.1,30.1,64,10.7,40,526.0,1006.5,0.0,-1.0,9,3,1
2023-03-18 10:00:00,30.4,61,15.0,25,706.0,1010.7,0.0,30.9,60,12.7,49,667.0,1006.3,0.0,-0.5,10,3,1
2023-03-18 11:00:00,29.2,66,14.7,42,792.0,1010.5,0.1,31.3,59,12.2,39,759.0,1005.5,0.0,-2.1000000000000014,11,3,1
2023-03-18 12:00:00,26.1,77,11.2,94,502.0,1010.1,1.9,28.9,69,12.3,52,815.0,1005.0,5.3,-2.799999999999997,12,3,1
2023-03-18 13:00:00,27.2,73,15.3,83,552.0,1007.9,0.1,27.2,74,17.3,91,586.0,1004.1,3.9,0.0,13,3,1
2023-03-18 14:00:00,27.2,72,15.3,70,450.0,1007.3,0.0,28.8,67,12.4,76,605.0,1002.6,0.0,-1.6000000000000014,14,3,1
2023-03-18 15:00:00,27.4,71,14.5,55,475.0,1005.7,0.0,28.7,67,12.3,63,440.0,1001.2,0.0,-1.3000000000000007,15,3,1
2023-03-18 16:00:00,27.4,73,12.4,81,365.0,1005.8,0.0,28.6,68,12.3,86,351.0,1001.2,0.0,-1.2000000000000028,16,3,1
2023-03-18 17:00:00,29.3,70,16.9,83,164.0,1005.3,0.0,29.4,67,14.0,29,172.0,1001.1,0.0,-0.09999999999999787,17,3,1
2023-03-18 18:00:00,28.5,76,16.1,54,33.0,1005.7,0.0,28.5,70,14.0,49,35.0,1001.3,0.0,0.0,18,3,1
2023-03-18 19:00:00,28.2,79,15.5,68,0.0,1006.5,0.0,27.7,79,11.5,64,0.0,1002.1,0.0,0.5,19,3,0
2023-03-18 20:00:00,28.1,79,15.1,94,0.0,1007.6,0.0,27.4,81,10.6,98,0.0,1003.2,0.0,0.7000000000000028,20,3,0
2023-03-18 21:00:00,28.0,79,14.3,100,0.0,1008.4,0.0,27.3,82,9.4,97,0.0,1004.1,0.0,0.6999999999999993,21,3,0
2023-03-18 22:00:00,27.9,79,14.0,66,0.0,1008.5,0.0,27.0,83,8.0,78,0.0,1004.1,0.0,0.8999999999999986,22,3,0
2023-03-18 23:00:00,27.5,81,13.2,88,0.0,1008.2,0.0,26.5,86,7.2,43,0.0,1003.9,0.0,1.0,23,3,0
2023-03-19 00:00:00,27.1,83,11.9,66,0.0,1007.9,0.0,26.0,88,5.8,66,0.0,1003.5,0.0,1.1000000000000014,0,3,0
2023-03-19 01:00:00,26.6,84,13.9,86,0.0,1007.1,0.0,25.7,87,5.6,89,0.0,1002.8,0.3,0.9000000000000021,1,3,0
2023-03-19 02:00:00,25.9,87,10.5,54,0.0,1006.2,0.0,25.3,88,10.8,97,0.0,1002.0,0.4,0.5999999999999979,2,3,0
2023-03-19 03:00:00,25.0,91,14.5,81,0.0,1006.3,0.1,24.3,92,13.7,99,0.0,1002.1,0.0,0.6999999999999993,3,3,0
2023-03-19 04:00:00,24.6,90,15.4,71,0.0,1006.1,0.0,23.6,94,12.8,64,0.0,1002.2,0.1,1.0,4,3,0
2023-03-19 05:00:00,24.3,90,4.7,100,0.0,1007.9,0.0,22.2,87,14.4,76,0.0,1003.3,0.0,2.1000000000000014,5,3,0
2023-03-19 06:00:00,23.9,92,13.5,100,1.0,1008.2,0.4,22.0,85,7.4,99,1.0,1003.9,1.2,1.8999999999999986,6,3,1
2023-03-19 07:00:00,23.3,82,15.9,81,50.0,1009.2,0.1,22.2,92,5.8,100,63.0,1005.6,20.7,1.1000000000000014,7,3,1
2023-03-19 08:00:00,25.2,79,8.4,95,244.0,1010.2,3.4,23.5,86,11.0,88,79.0,1005.7,1.6,1.6999999999999993,8,3,1
2023-03-19 09:00:00,25.3,82,7.1,100,521.0,1011.3,3.6,26.1,76,6.9,96,460.0,1006.2,0.1,-0.8000000000000007,9,3,1
2023-03-19 10:00:00,24.6,86,7.2,98,388.0,1010.8,6.3,27.0,73,10.7,100,611.0,1006.5,3.7,-2.3999999999999986,10,3,1
2023-03-19 11:00:00,26.2,83,7.0,99,541.0,1009.7,3.2,25.7,77,4.3,91,120.0,1005.2,0.1,0.5,11,3,1
2023-03-19 12:00:00,27.4,72,11.2,93,560.0,1008.0,1.4,28.1,69,4.8,95,744.0,1004.3,0.8,-0.7000000000000028,12,3,1
2023-03-19 13:00:00,28.5,65,5.1,78,824.0,1006.8,3.0,28.8,65,3.1,98,560.0,1002.4,0.1,-0.3000000000000007,13,3,1
2023-03-19 14:00:00,29.9,59,7.6,45,688.0,1005.3,0.0,30.0,62,4.3,97,658.0,1001.0,0.1,-0.10000000000000142,14,3,1
2023-03-19 15:00:00,28.8,71,12.3,57,577.0,1004.6,0.0,30.3,63,4.9,42,564.0,1000.0,0.0,-1.5,15,3,1
2023-03-19 16:00:00,27.6,76,14.0,61,393.0,1004.7,0.0,29.2,70,8.9,47,410.0,1000.3,0.0,-1.5999999999999979,16,3,1
2023-03-19 17:00:00,28.9,71,12.2,65,177.0,1005.0,0.0,29.1,71,9.5,77,175.0,1000.7,0.0,-0.20000000000000284,17,3,1
2023-03-19 18:00:00,27.6,79,9.0,89,33.0,1005.7,0.0,27.4,80,6.1,89,33.0,1001.5,0.0,0.20000000000000284,18,3,1
2023-03-19 19:00:00,27.0,84,3.3,99,0.0,1006.3,0.0,26.5,85,4.9,89,0.0,1001.8,0.0,0.5,19,3,0
2023-03-19 20:00:00,26.8,86,5.0,88,0.0,1007.4,0.0,25.8,90,5.2,95,0.0,1002.7,0.0,1.0,20,3,0
2023-03-19 21:00:00,26.7,85,6.4,44,0.0,1007.9,0.0,25.2,94,6.8,93,0.0,1003.6,0.0,1.5,21,3,0
2023-03-19 22:00:00,26.5,88,9.0,93,0.0,1008.5,0.0,24.1,96,5.5,100,0.0,1004.5,2.3,2.3999999999999986,22,3,0
2023-03-19 23:00:00,25.9,89,11.6,98,0.0,1008.0,0.0,24.1,94,8.8,99,0.0,1003.9,0.1,1.7999999999999972,23,3,0
2023-03-20 00:00:00,25.2,89,20.6,99,0.0,1008.1,0.0,23.8,93,13.3,94,0.0,1003.9,0.2,1.3999999999999986,0,3,0
2023-03-20 01:00:00,24.3,89,17.3,97,0.0,1007.3,0.0,22.8,93,10.4,99,0.0,1002.9,0.1,1.5,1,3,0
2023-03-20 02:00:00,23.7,90,10.1,100,0.0,1006.0,0.0,22.7,95,8.7,99,0.0,1001.7,0.0,1.0,2,3,0
2023-03-20 03:00:00,23.5,91,12.5,99,0.0,1006.2,0.0,22.6,95,10.4,100,0.0,1001.7,0.0,0.8999999999999986,3,3,0
2023-03-20 04:00:00,23.6,91,11.6,97,0.0,1006.2,0.0,22.7,95,7.3,99,0.0,1001.8,0.0,0.9000000000000021,4,3,0
2023-03-20 05:00:00,24.0,90,10.5,77,0.0,1005.4,0.0,23.6,95,10.8,66,0.0,1001.2,0.0,0.3999999999999986,5,3,0
2023-03-20 06:00:00,24.4,92,17.0,100,2.0,1007.1,0.0,23.5,96,8.4,100,2.0,1002.5,0.0,0.8999999999999986,6,3,1
2023-03-20 07:00:00,25.1,88,14.0,99,77.0,1007.9,0.0,24.8,88,15.1,98,95.0,1003.6,0.0,0.3000000000000007,7,3,1
2023-03-20 08:00:00,26.7,79,15.1,100,293.0,1009.0,0.0,26.5,80,13.3,98,275.0,1004.3,0.0,0.1999999999999993,8,3,1
2023-03-20 09:00:00,28.0,73,11.9,100,452.0,1009.3,0.0,28.9,69,12.7,97,535.0,1004.8,0.0,-0.8999999999999986,9,3,1
2023-03-20 10:00:00,28.5,72,15.4,99,631.0,1009.2,0.0,28.7,68,13.6,99,600.0,1004.8,0.3,-0.1999999999999993,10,3,1
2023-03-20 11:00:00,28.3,73,15.9,100,724.0,1008.3,1.2,28.5,73,13.3,100,566.0,1003.9,0.5,-0.1999999999999993,11,3,1
2023-03-20 12:00:00,28.9,72,15.3,100,731.0,1007.5,0.2,30.0,68,11.8,100,755.0,1003.0,0.1,-1.1000000000000014,12,3,1
2023-03-20 13:00:00,28.3,75,14.5,100,608.0,1006.4,0.1,30.4,64,12.2,100,672.0,1001.7,0.1,-2.099999999999998,13,3,1
2023-03-20 14:00:00,28.2,74,16.6,100,605.0,1005.1,0.0,30.0,64,12.1,100,522.0,1000.4,0.0,-1.8000000000000007,14,3,1
2023-03-20 15:00:00,28.5,73,16.5,75,422.0,1004.6,0.0,29.0,70,13.7,100,516.0,1000.1,0.7,-0.5,15,3,1
2023-03-20 16:00:00,28.2,74,14.9,46,398.0,1004.8,0.0,28.7,71,11.2,65,324.0,1000.4,0.0,-0.5,16,3,1
2023-03-20 17:00:00,28.2,75,15.6,53,196.0,1005.0,0.0,28.0,75,13.4,82,180.0,1000.7,0.0,0.1999999999999993,17,3,1
2023-03-20 18:00:00,27.4,80,14.0,100,33.0,1005.9,0.0,27.1,80,9.7,100,28.0,1001.5,0.0,0.29999999999999716,18,3,1
2023-03-20 19:00:00,27.1,83,17.2,99,0.0,1006.3,0.0,26.6,84,11.9,100,0.0,1002.1,0.0,0.5,19,3,0
2023-03-20 20:00:00,26.9,85,16.4,100,0.0,1007.3,0.0,26.4,85,14.0,100,0.0,1002.8,0.0,0.5,20,3,0
2023-03-20 21:00:00,27.1,83,17.0,100,0.0,1008.1,0.0,26.2,86,10.5,100,0.0,1003.7,0.0,0.9000000000000021,21,3,0
2023-03-20 22:00:00,26.9,84,19.1,100,0.0,1008.5,0.0,26.4,85,11.5,100,0.0,1004.0,0.0,0.5,22,3,0
2023-03-20 23:00:00,26.8,84,14.8,100,0.0,1007.8,0.0,25.6,90,6.6,100,0.0,1003.4,0.0,1.1999999999999993,23,3,0
2023-03-21 00:00:00,26.2,88,12.2,100,0.0,1007.1,0.0,25.2,91,9.5,100,0.0,1002.8,0.0,1.0,0,3,0
2023-03-21 01:00:00,25.9,89,13.0,98,0.0,1006.7,0.0,24.6,92,9.8,98,0.0,1002.4,0.0,1.2999999999999972,1,3,0
2023-03-21 02:00:00,25.4,89,13.9,100,0.0,1006.2,0.0,24.2,93,9.6,86,0.0,1001.9,0.0,1.1999999999999993,2,3,0
2023-03-21 03:00:00,25.0,89,13.0,71,0.0,1006.0,0.0,23.7,95,8.8,4,0.0,1001.6,0.0,1.3000000000000007,3,3,0
2023-03-21 04:00:00,24.4,92,11.3,92,0.0,1006.2,0.0,23.3,96,7.2,98,0.0,1001.8,0.0,1.0999999999999979,4,3,0
2023-03-21 05:00:00,24.4,91,10.8,95,0.0,1006.6,0.0,25.4,94,4.5,98,0.0,1001.9,0.0,-1.0,5,3,0
2023-03-21 06:00:00,24.8,91,13.7,86,2.0,1006.7,0.0,24.2,95,7.4,100,2.0,1002.8,4.0,0.6000000000000014,6,3,1
2023-03-21 07:00:00,25.5,87,16.3,65,98.0,1007.8,0.0,24.2,91,12.0,98,63.0,1003.7,0.0,1.3000000000000007,7,3,1
2023-03-21 08:00:00,26.5,81,20.8,100,308.0,1008.4,0.0,25.6,85,12.3,64,186.0,1004.0,0.0,0.8999999999999986,8,3,1
2023-03-21 09:00:00,28.3,75,13.1,59,505.0,1008.7,0.0,27.9,77,9.7,19,467.0,1004.5,0.0,0.40000000000000213,9,3,1
2023-03-21 10:00:00,29.3,73,14.6,14,721.0,1008.7,0.0,30.0,69,13.7,20,706.0,1004.2,0.0,-0.6999999999999993,10,3,1
2023-03-21 11:00:00,30.3,70,13.7,32,871.0,1007.9,0.0,31.6,63,11.7,11,871.0,1003.4,0.0,-1.3000000000000007,11,3,1
2023-03-21 12:00:00,30.5,70,16.3,33,914.0,1006.7,0.1,32.4,61,11.7,16,922.0,1002.2,0.0,-1.8999999999999986,12,3,1
2023-03-21 13:00:00,30.3,73,18.0,14,912.0,1005.3,0.1,32.3,62,13.6,38,900.0,1000.9,0.0,-1.9999999999999964,13,3,1
2023-03-21 14:00:00,29.7,75,18.9,97,803.0,1004.5,0.0,31.1,66,14.8,81,801.0,1000.0,0.3,-1.4000000000000021,14,3,1
2023-03-21 15:00:00,29.8,72,19.5,87,606.0,1004.0,0.0,31.0,65,13.7,74,503.0,999.6,0.0,-1.1999999999999993,15,3,1
2023-03-21 16:00:00,28.7,74,19.5,89,405.0,1004.0,0.0,29.7,71,15.6,94,413.0,999.5,0.0,-1.0,16,3,1
2023-03-21 17:00:00,29.2,82,12.8,92,203.0,1004.8,0.0,29.6,78,14.5,58,186.0,1000.3,0.0,-0.40000000000000213,17,3,1
2023-03-21 18:00:00,28.1,88,10.8,98,32.0,1005.4,0.0,28.1,86,11.3,87,33.0,1000.8,0.0,0.0,18,3,1
2023-03-21 19:00:00,28.1,87,14.0,94,0.0,1005.8,0.0,27.7,88,11.6,58,0.0,1001.5,0.0,0.40000000000000213,19,3,0
2023-03-21 20:00:00,27.9,87,14.2,97,0.0,1006.8,0.0,27.4,88,11.2,52,0.0,1002.4,0.0,0.5,20,3,0
2023-03-21 21:00:00,27.6,88,12.3,87,0.0,1008.0,0.0,27.1,89,11.3,83,0.0,1003.5,0.0,0.5,21,3,0
2023-03-21 22:00:00,27.4,89,8.5,67,0.0,1008.6,0.0,26.9,90,7.3,69,0.0,1004.1,0.0,0.5,22,3,0
2023-03-21 23:00:00,27.1,90,7.2,58,0.0,1008.7,0.1,26.1,94,7.6,76,0.0,1004.1,0.0,1.0,23,3,0
2023-03-22 00:00:00,27.1,88,13.4,86,0.0,1008.2,0.1,24.8,90,9.7,99,0.0,1004.4,3.5,2.3000000000000007,0,3,0
2023-03-22 01:00:00,25.6,90,13.5,100,0.0,1007.5,0.5,24.0,94,4.8,100,0.0,1003.2,1.3,1.6000000000000014,1,3,0
2023-03-22 02:00:00,25.0,93,14.1,100,0.0,1006.9,0.0,24.1,95,7.4,99,0.0,1002.7,0.0,0.8999999999999986,2,3,0
2023-03-22 03:00:00,25.0,93,13.0,100,0.0,1006.7,0.0,23.9,96,8.1,100,0.0,1002.5,0.0,1.1000000000000014,3,3,0
2023-03-22 04:00:00,24.9,92,14.0,99,0.0,1006.7,0.0,23.8,96,6.2,100,0.0,1002.5,0.0,1.0999999999999979,4,3,0
2023-03-22 05:00:00,24.7,90,7.7,100,0.0,1007.2,0.0,24.0,96,6.4,100,0.0,1002.9,0.0,0.6999999999999993,5,3,0
2023-03-22 06:00:00,25.2,90,11.5,99,3.0,1007.8,0.0,24.3,95,6.3,86,2.0,1003.6,0.0,0.8999999999999986,6,3,1
2023-03-22 07:00:00,25.9,87,9.2,94,112.0,1008.6,0.0,25.4,90,8.4,98,107.0,1004.4,0.0,0.5,7,3,1
2023-03-22 08:00:00,27.6,81,15.2,99,332.0,1009.9,0.0,27.3,80,16.3,100,319.0,1005.7,0.0,0.3000000000000007,8,3,1
2023-03-22 09:00:00,29.1,73,15.0,80,506.0,1010.1,0.0,29.0,72,11.1,38,486.0,1005.7,0.0,0.10000000000000142,9,3,1
2023-03-22 10:00:00,30.7,67,8.9,80,734.0,1009.5,0.0,31.0,65,10.0,86,744.0,1005.1,0.0,-0.3000000000000007,10,3,1
2023-03-22 11:00:00,31.7,64,8.6,48,875.0,1008.7,0.0,32.4,59,7.6,71,898.0,1004.4,0.0,-0.6999999999999993,11,3,1
2023-03-22 12:00:00,31.9,66,11.6,18,955.0,1007.6,0.0,33.2,55,8.4,40,963.0,1003.3,0.1,-1.3000000000000043,12,3,1
2023-03-22 13:00:00,31.5,71,14.8,15,902.0,1006.1,0.0,33.3,56,9.4,66,866.0,1001.8,0.0,-1.7999999999999972,13,3,1
2023-03-22 14:00:00,30.7,72,16.2,46,787.0,1005.1,0.8,33.1,58,9.8,55,802.0,1000.6,0.1,-2.400000000000002,14,3,1
2023-03-22 15:00:00,30.3,70,16.0,54,622.0,1004.3,0.0,32.1,64,11.0,46,592.0,999.8,0.1,-1.8000000000000007,15,3,1
2023-03-22 16:00:00,29.8,71,15.3,32,428.0,1003.8,0.0,30.8,69,12.2,40,366.0,999.5,0.0,-1.0,16,3,1
2023-03-22 17:00:00,28.8,78,14.3,35,225.0,1004.3,0.0,29.6,73,12.4,29,221.0,999.8,0.0,-0.8000000000000007,17,3,1
2023-03-22 18:00:00,28.0,85,13.8,26,34.0,1004.9,0.0,27.9,82,10.7,17,38.0,1000.6,0.0,0.10000000000000142,18,3,1
2023-03-22 19:00:00,27.8,87,15.6,18,0.0,1005.8,0.0,27.3,87,10.9,39,0.0,1001.5,0.0,0.5,19,3,0
2023-03-22 20:00:00,27.7,87,15.7,0,0.0,1006.3,0.0,27.1,89,11.5,8,0.0,1002.0,0.0,0.5999999999999979,20,3,0
2023-03-22 21:00:00,27.5,88,16.1,1,0.0,1007.1,0.0,26.9,90,11.0,0,0.0,1002.8,0.0,0.6000000000000014,21,3,0
2023-03-22 22:00:00,27.5,87,16.6,7,0.0,1007.7,0.0,26.9,90,11.9,0,0.0,1003.4,0.0,0.6000000000000014,22,3,0
2023-03-22 23:00:00,27.5,86,17.7,3,0.0,1007.6,0.0,26.8,89,12.8,1,0.0,1003.4,0.0,0.6999999999999993,23,3,0
2023-03-23 00:00:00,27.4,87,18.4,0,0.0,1007.1,0.0,26.7,89,13.3,0,0.0,1002.9,0.0,0.6999999999999993,0,3,0
2023-03-23 01:00:00,27.2,88,17.0,0,0.0,1006.5,0.0,26.6,90,12.6,0,0.0,1002.3,0.0,0.5999999999999979,1,3,0
2023-03-23 02:00:00,27.0,90,14.8,0,0.0,1005.9,0.0,26.4,90,12.2,6,0.0,1001.5,0.0,0.6000000000000014,2,3,0
2023-03-23 03:00:00,26.7,91,13.0,1,0.0,1005.8,0.0,26.0,93,8.0,29,0.0,1001.4,0.0,0.6999999999999993,3,3,0
2023-03-23 04:00:00,26.4,91,11.8,41,0.0,1006.0,0.0,25.6,95,7.2,73,0.0,1001.5,0.0,0.7999999999999972,4,3,0
2023-03-23 05:00:00,25.6,93,9.0,96,0.0,1006.6,0.0,24.7,95,6.4,100,0.0,1002.2,0.0,0.9000000000000021,5,3,0
2023-03-23 06:00:00,26.0,91,9.5,100,3.0,1007.4,0.0,25.4,93,7.5,100,2.0,1003.2,0.0,0.6000000000000014,6,3,1
2023-03-23 07:00:00,26.8,88,11.0,100,94.0,1008.6,0.0,26.0,87,11.2,100,90.0,1004.2,0.0,0.8000000000000007,7,3,1
2023-03-23 08:00:00,27.8,82,13.3,100,263.0,1009.3,0.0,27.3,80,10.6,100,289.0,1005.1,0.0,0.5,8,3,1
2023-03-23 09:00:00,29.2,75,13.3,100,510.0,1009.9,0.0,29.8,69,14.7,100,514.0,1005.5,0.0,-0.6000000000000014,9,3,1
2023-03-23 10:00:00,30.5,70,16.3,100,738.0,1009.5,0.0,30.9,66,14.8,99,680.0,1005.2,0.0,-0.3999999999999986,10,3,1
2023-03-23 11:00:00,31.1,66,16.4,100,801.0,1008.7,0.0,31.9,63,14.1,99,836.0,1004.3,0.0,-0.7999999999999972,11,3,1
2023-03-23 12:00:00,31.3,68,18.3,100,930.0,1008.0,0.0,32.5,60,13.7,100,912.0,1003.6,0.0,-1.1999999999999993,12,3,1
2023-03-23 13:00:00,29.4,76,18.2,100,852.0,1007.2,1.8,30.2,69,14.2,100,730.0,1002.7,1.9,-0.8000000000000007,13,3,1
2023-03-23 14:00:00,30.3,69,17.2,100,632.0,1006.0,0.2,30.9,67,11.6,100,561.0,1001.6,0.3,-0.5999999999999979,14,3,1
2023-03-23 15:00:00,29.2,75,20.8,100,571.0,1005.3,0.0,29.9,71,14.8,99,535.0,1000.9,0.8,-0.6999999999999993,15,3,1
2023-03-23 16:00:00,29.0,77,18.9,99,394.0,1005.3,0.0,29.7,73,14.0,95,390.0,1001.0,0.0,-0.6999999999999993,16,3,1
2023-03-23 17:00:00,29.3,75,16.7,99,219.0,1005.7,0.0,29.4,73,11.7,78,225.0,1001.4,0.0,-0.09999999999999787,17,3,1
2023-03-23 18:00:00,28.1,84,13.9,100,37.0,1006.3,0.0,28.4,79,11.1,100,32.0,1002.0,0.0,-0.29999999999999716,18,3,1
2023-03-23 19:00:00,27.7,86,13.7,100,0.0,1007.4,0.0,27.6,85,11.5,100,0.0,1003.0,0.0,0.09999999999999787,19,3,0
2023-03-23 20:00:00,27.5,88,14.8,99,0.0,1008.2,0.0,27.1,88,12.1,100,0.0,1003.9,0.0,0.3999999999999986,20,3,0
2023-03-23 21:00:00,27.5,87,16.0,100,0.0,1008.8,0.0,26.9,89,11.3,100,0.0,1004.6,0.0,0.6000000000000014,21,3,0
2023-03-23 22:00:00,27.3,89,16.6,98,0.0,1009.0,0.0,26.7,91,11.5,94,0.0,1004.8,0.0,0.6000000000000014,22,3,0
2023-03-23 23:00:00,27.2,90,17.4,91,0.0,1008.6,0.0,26.6,92,11.6,84,0.0,1004.4,0.0,0.5999999999999979,23,3,0
2023-03-24 00:00:00,27.1,90,18.8,73,0.0,1007.6,0.0,26.6,92,14.8,51,0.0,1003.4,0.0,0.5,0,3,0
2023-03-24 01:00:00,26.9,90,13.7,54,0.0,1007.1,0.0,26.4,91,12.7,20,0.0,1002.5,0.0,0.5,1,3,0
2023-03-24 02:00:00,26.6,91,14.6,24,0.0,1006.3,0.0,26.0,95,9.0,50,0.0,1002.1,0.0,0.6000000000000014,2,3,0
2023-03-24 03:00:00,26.3,93,11.5,68,0.0,1006.3,0.0,26.0,95,9.6,100,0.0,1001.8,0.0,0.3000000000000007,3,3,0
2023-03-24 04:00:00,26.2,94,11.6,88,0.0,1006.6,0.0,25.8,94,8.3,87,0.0,1002.1,0.0,0.3999999999999986,4,3,0
2023-03-24 05:00:00,26.5,94,10.0,20,0.0,1006.7,0.0,26.3,94,9.7,14,0.0,1002.4,0.0,0.1999999999999993,5,3,0
2023-03-24 06:00:00,26.7,92,11.6,47,3.0,1007.4,0.0,26.6,91,9.8,70,3.0,1003.0,0.0,0.09999999999999787,6,3,1
2023-03-24 07:00:00,27.9,85,13.2,67,99.0,1008.4,0.0,27.8,83,12.5,48,107.0,1004.2,0.0,0.09999999999999787,7,3,1
2023-03-24 08:00:00,29.0,78,14.5,68,295.0,1009.1,0.0,29.3,76,13.1,32,308.0,1004.8,0.0,-0.3000000000000007,8,3,1
2023-03-24 09:00:00,30.6,71,14.0,99,546.0,1009.5,0.1,30.9,68,12.9,55,562.0,1005.2,0.1,-0.29999999999999716,9,3,1
2023-03-24 10:00:00,31.6,67,13.8,98,744.0,1009.3,0.1,32.1,63,12.4,60,702.0,1004.9,0.0,-0.5,10,3,1
2023-03-24 11:00:00,31.9,66,14.9,58,828.0,1008.7,0.0,33.2,59,11.7,44,859.0,1004.3,0.0,-1.3000000000000043,11,3,1
2023-03-24 12:00:00,31.1,71,18.0,50,880.0,1007.7,1.3,33.3,59,12.8,20,912.0,1003.3,0.0,-2.1999999999999957,12,3,1
2023-03-24 13:00:00,30.6,75,20.2,42,830.0,1006.8,0.0,33.0,61,14.7,31,847.0,1002.3,0.0,-2.3999999999999986,13,3,1
2023-03-24 14:00:00,31.1,69,19.5,40,756.0,1005.7,0.0,32.2,63,15.4,59,727.0,1001.3,0.5,-1.1000000000000014,14,3,1
2023-03-24 15:00:00,30.7,70,19.7,64,646.0,1005.3,0.0,32.0,63,15.6,72,608.0,1000.9,0.6,-1.3000000000000007,15,3,1
2023-03-24 16:00:00,30.1,74,17.7,55,376.0,1005.2,0.0,31.2,66,12.8,49,429.0,1001.1,0.0,-1.0999999999999979,16,3,1
2023-03-24 17:00:00,29.0,80,16.4,25,218.0,1006.1,0.0,29.6,74,14.0,37,196.0,1001.6,0.0,-0.6000000000000014,17,3,1
2023-03-24 18:00:00,28.1,86,15.0,88,35.0,1006.6,0.0,28.1,84,11.1,99,40.0,1002.3,0.0,0.0,18,3,1
2023-03-24 19:00:00,27.8,88,15.1,93,0.0,1007.5,0.0,27.3,89,11.1,100,0.0,1003.3,0.0,0.5,19,3,0
2023-03-24 20:00:00,27.6,89,12.4,89,0.0,1008.8,0.0,27.0,91,7.6,96,0.0,1004.5,0.0,0.6000000000000014,20,3,0
2023-03-24 21:00:00,27.5,89,13.8,90,0.0,1009.4,0.0,26.7,93,9.4,79,0.0,1005.0,0.0,0.8000000000000007,21,3,0
2023-03-24 22:00:00,27.4,90,16.6,41,0.0,1009.6,0.0,26.7,92,12.0,51,0.0,1005.2,0.0,0.6999999999999993,22,3,0
2023-03-24 23:00:00,27.3,89,15.5,34,0.0,1009.3,0.0,26.6,92,9.6,45,0.0,1005.0,0.0,0.6999999999999993,23,3,0
2023-03-25 00:00:00,27.1,90,15.2,58,0.0,1008.8,0.0,26.3,94,10.3,96,0.0,1004.5,0.0,0.8000000000000007,0,3,0
2023-03-25 01:00:00,26.9,92,14.1,92,0.0,1008.3,0.0,26.1,95,10.8,98,0.0,1003.9,0.0,0.7999999999999972,1,3,0
2023-03-25 02:00:00,26.8,92,14.1,100,0.0,1007.8,0.0,26.1,95,9.0,100,0.0,1003.4,0.0,0.6999999999999993,2,3,0
2023-03-25 03:00:00,26.5,92,12.8,99,0.0,1007.6,0.0,26.0,95,7.9,100,0.0,1003.1,0.0,0.5,3,3,0
2023-03-25 04:00:00,26.4,93,11.6,100,0.0,1007.7,0.0,26.0,95,7.1,99,0.0,1003.2,0.0,0.3999999999999986,4,3,0
2023-03-25 05:00:00,26.4,91,16.1,100,0.0,1008.5,0.0,25.2,96,9.9,100,0.0,1004.2,0.0,1.1999999999999993,5,3,0
2023-03-25 06:00:00,26.2,92,10.6,100,2.0,1009.0,0.0,25.1,95,7.9,100,3.0,1004.6,0.0,1.0999999999999979,6,3,1
2023-03-25 07:00:00,26.6,89,10.3,100,101.0,1010.3,0.0,26.2,89,9.2,100,101.0,1005.8,0.0,0.40000000000000213,7,3,1
2023-03-25 08:00:00,28.2,81,9.2,100,325.0,1011.1,0.0,28.2,80,10.1,100,300.0,1006.6,0.0,0.0,8,3,1
2023-03-25 09:00:00,29.8,72,11.0,98,515.0,1011.5,0.0,30.3,69,10.6,99,552.0,1007.2,0.0,-0.5,9,3,1
2023-03-25 10:00:00,31.1,65,13.4,100,753.0,1011.2,0.0,31.5,63,10.0,100,724.0,1006.8,0.0,-0.3999999999999986,10,3,1
2023-03-25 11:00:00,31.5,64,14.4,100,874.0,1010.4,0.1,32.6,60,11.2,100,870.0,1006.1,0.0,-1.1000000000000014,11,3,1
2023-03-25 12:00:00,31.1,63,17.6,100,901.0,1009.7,0.2,32.9,59,12.9,99,835.0,1005.2,0.0,-1.7999999999999972,12,3,1
2023-03-25 13:00:00,31.0,66,19.0,100,884.0,1008.5,0.3,32.5,55,15.5,100,883.0,1004.1,0.4,-1.5,13,3,1
2023-03-25 14:00:00,30.4,68,22.2,100,745.0,1007.3,0.0,31.2,63,17.4,99,655.0,1002.8,0.2,-0.8000000000000007,14,3,1
2023-03-25 15:00:00,29.6,75,20.6,99,534.0,1006.6,0.0,30.8,65,17.7,100,584.0,1002.1,0.0,-1.1999999999999993,15,3,1
2023-03-25 16:00:00,29.2,74,19.8,100,375.0,1006.5,0.0,30.1,66,16.9,94,438.0,1002.1,0.0,-0.9000000000000021,16,3,1
2023-03-25 17:00:00,29.1,82,19.5,100,205.0,1006.9,0.0,29.3,77,13.7,99,231.0,1002.7,0.0,-0.1999999999999993,17,3,1
2023-03-25 18:00:00,28.2,87,17.6,96,32.0,1007.4,0.0,28.0,83,12.1,100,32.0,1003.1,0.0,0.1999999999999993,18,3,1
2023-03-25 19:00:00,27.8,89,15.2,100,0.0,1008.2,0.0,27.4,88,11.2,97,0.0,1003.8,0.0,0.40000000000000213,19,3,0
2023-03-25 20:00:00,27.7,87,12.9,98,0.0,1009.2,0.0,27.2,88,9.1,99,0.0,1004.8,0.0,0.5,20,3,0
2023-03-25 21:00:00,27.4,88,10.9,100,0.0,1009.9,0.0,26.7,90,6.9,95,0.0,1005.4,0.0,0.6999999999999993,21,3,0
2023-03-25 22:00:00,27.0,91,9.9,97,0.0,1010.2,0.0,26.0,93,5.4,57,0.0,1005.8,0.0,1.0,22,3,0
2023-03-25 23:00:00,26.7,93,9.4,39,0.0,1009.8,0.0,25.8,95,6.5,38,0.0,1005.4,0.0,0.8999999999999986,23,3,0
2023-03-26 00:00:00,26.6,94,10.2,16,0.0,1009.0,0.0,25.7,96,7.3,82,0.0,1004.7,0.0,0.9000000000000021,0,3,0
2023-03-26 01:00:00,26.5,93,11.4,100,0.0,1008.2,0.0,25.7,96,8.4,97,0.0,1003.8,0.0,0.8000000000000007,1,3,0
2023-03-26 02:00:00,26.5,92,11.9,100,0.0,1007.6,0.0,25.6,95,8.0,97,0.0,1003.2,0.0,0.8999999999999986,2,3,0
2023-03-26 03:00:00,26.5,91,12.7,100,0.0,1007.5,0.0,25.5,95,8.6,100,0.0,1003.1,0.0,1.0,3,3,0
2023-03-26 04:00:00,26.5,90,13.0,100,0.0,1007.7,0.0,25.4,96,6.8,100,0.0,1003.3,0.0,1.1000000000000014,4,3,0
2023-03-26 05:00:00,26.6,92,8.4,100,0.0,1008.1,0.0,26.3,92,4.9,100,0.0,1003.6,0.0,0.3000000000000007,5,3,0
2023-03-26 06:00:00,27.0,90,9.5,100,3.0,1008.8,0.0,26.5,93,5.5,100,3.0,1004.4,0.0,0.5,6,3,1
2023-03-26 07:00:00,28.2,83,11.5,100,105.0,1009.5,0.0,27.7,89,9.5,100,98.0,1005.2,0.3,0.5,7,3,1
2023-03-26 08:00:00,29.2,78,10.9,100,297.0,1010.4,0.1,29.1,82,9.8,100,283.0,1005.9,0.4,0.09999999999999787,8,3,1
2023-03-26 09:00:00,29.9,75,12.8,100,522.0,1010.8,0.1,30.3,76,10.6,100,487.0,1006.4,0.1,-0.40000000000000213,9,3,1
2023-03-26 10:00:00,30.7,71,14.8,100,714.0,1010.6,0.0,31.7,66,11.5,100,685.0,1006.1,0.1,-1.0,10,3,1
2023-03-26 11:00:00,30.2,72,15.8,100,653.0,1009.8,0.1,31.7,64,11.4,100,558.0,1005.2,0.0,-1.5,11,3,1
2023-03-26 12:00:00,30.4,69,14.5,99,667.0,1009.0,0.2,32.1,61,12.2,100,655.0,1004.5,0.0,-1.7000000000000028,12,3,1
2023-03-26 13:00:00,30.7,68,17.2,98,703.0,1007.6,0.1,31.7,60,15.4,90,707.0,1003.2,0.0,-1.0,13,3,1
2023-03-26 14:00:00,30.4,71,20.4,100,723.0,1006.3,0.1,31.8,60,15.4,99,736.0,1001.9,0.0,-1.4000000000000021,14,3,1
2023-03-26 15:00:00,30.0,72,20.3,100,592.0,1005.6,0.0,30.9,66,16.9,100,590.0,1001.1,0.1,-0.8999999999999986,15,3,1
2023-03-26 16:00:00,29.4,75,18.7,100,401.0,1005.4,0.0,29.9,70,15.9,100,389.0,1001.0,0.0,-0.5,16,3,1
2023-03-26 17:00:00,28.7,78,17.0,100,201.0,1005.9,0.0,29.1,72,15.9,100,215.0,1001.5,0.0,-0.40000000000000213,17,3,1
2023-03-26 18:00:00,28.2,83,13.2,100,37.0,1006.7,0.0,27.8,80,8.7,100,41.0,1002.3,0.0,0.3999999999999986,18,3,1
2023-03-26 19:00:00,27.9,84,13.7,100,0.0,1007.3,0.0,27.2,85,7.9,100,0.0,1003.1,0.0,0.6999999999999993,19,3,0
2023-03-26 20:00:00,27.5,85,12.6,100,0.0,1008.1,0.0,26.9,88,9.0,100,0.0,1003.8,0.0,0.6000000000000014,20,3,0
2023-03-26 21:00:00,27.3,87,11.6,100,0.0,1008.4,0.0,26.6,90,8.7,100,0.0,1004.0,0.0,0.6999999999999993,21,3,0
2023-03-26 22:00:00,27.2,88,12.3,100,0.0,1008.5,0.0,26.3,92,9.2,100,0.0,1004.2,0.0,0.8999999999999986,22,3,0
2023-03-26 23:00:00,27.0,89,11.9,100,0.0,1008.1,0.0,26.1,93,8.6,100,0.0,1003.7,0.0,0.8999999999999986,23,3,0
2023-03-27 00:00:00,26.5,92,9.7,100,0.0,1007.8,0.0,25.6,96,5.3,100,0.0,1003.4,0.0,0.8999999999999986,0,3,0
2023-03-27 01:00:00,26.3,93,10.1,100,0.0,1007.0,0.0,25.2,97,5.4,100,0.0,1002.7,0.0,1.1000000000000014,1,3,0
2023-03-27 02:00:00,26.0,95,8.7,100,0.0,1006.6,0.0,25.2,97,6.8,100,0.0,1002.2,0.0,0.8000000000000007,2,3,0
2023-03-27 03:00:00,25.5,96,8.9,94,0.0,1006.9,0.0,25.1,98,4.8,100,0.0,1002.4,0.0,0.3999999999999986,3,3,0
2023-03-27 04:00:00,25.4,96,6.9,96,0.0,1007.0,0.0,24.9,98,4.9,56,0.0,1002.5,0.0,0.5,4,3,0
2023-03-27 05:00:00,26.3,95,10.2,5,0.0,1007.3,0.0,25.6,97,7.2,51,0.0,1003.0,0.0,0.6999999999999993,5,3,0
2023-03-27 06:00:00,26.6,93,11.2,44,4.0,1008.2,0.0,26.2,94,9.8,9,4.0,1003.8,0.0,0.40000000000000213,6,3,1
2023-03-27 07:00:00,28.1,83,13.9,19,118.0,1009.0,0.0,27.9,83,11.2,16,121.0,1004.6,0.0,0.20000000000000284,7,3,1
2023-03-27 08:00:00,29.6,73,13.9,6,339.0,1009.6,0.0,29.8,71,13.2,9,354.0,1005.3,0.0,-0.1999999999999993,8,3,1
2023-03-27 09:00:00,31.2,64,14.1,2,580.0,1009.9,0.0,31.5,61,12.3,32,584.0,1005.6,0.0,-0.3000000000000007,9,3,1
2023-03-27 10:00:00,32.5,58,14.8,21,776.0,1009.4,0.0,33.1,54,11.5,71,776.0,1005.2,0.0,-0.6000000000000014,10,3,1
2023-03-27 11:00:00,33.0,58,13.9,44,909.0,1008.9,0.0,34.1,52,10.0,24,909.0,1004.4,0.0,-1.1000000000000014,11,3,1
2023-03-27 12:00:00,31.8,66,17.2,85,924.0,1008.1,0.2,34.4,53,9.6,12,937.0,1003.4,0.0,-2.599999999999998,12,3,1
2023-03-27 13:00:00,31.7,66,20.1,70,927.0,1006.8,0.0,32.9,62,13.0,85,833.0,1002.4,0.5,-1.1999999999999993,13,3,1
2023-03-27 14:00:00,31.1,66,20.5,60,718.0,1005.8,0.0,32.2,64,16.3,79,755.0,1001.4,0.1,-1.1000000000000014,14,3,1
2023-03-27 15:00:00,30.3,71,20.6,40,547.0,1005.1,0.0,31.4,65,15.4,60,516.0,1000.7,0.0,-1.0999999999999979,15,3,1
2023-03-27 16:00:00,29.7,74,19.5,24,409.0,1005.0,0.0,30.7,68,15.9,16,438.0,1000.5,0.0,-1.0,16,3,1
2023-03-27 17:00:00,29.3,77,15.6,30,215.0,1005.7,0.0,29.5,74,13.7,78,223.0,1001.3,0.0,-0.1999999999999993,17,3,1
2023-03-27 18:00:00,28.5,82,13.6,10,38.0,1006.4,0.0,28.5,79,10.3,7,37.0,1002.0,0.0,0.0,18,3,1
2023-03-27 19:00:00,28.1,85,13.8,10,0.0,1007.0,0.0,27.9,85,11.0,25,0.0,1002.6,0.0,0.20000000000000284,19,3,0
2023-03-27 20:00:00,27.9,85,15.8,8,0.0,1007.4,0.0,27.5,86,13.0,18,0.0,1003.0,0.0,0.3999999999999986,20,3,0
2023-03-27 21:00:00,27.8,85,17.1,13,0.0,1007.6,0.0,27.3,88,12.5,8,0.0,1003.3,0.0,0.5,21,3,0
2023-03-27 22:00:00,27.6,86,14.0,40,0.0,1007.7,0.0,27.0,88,9.3,2,0.0,1003.4,0.0,0.6000000000000014,22,3,0
2023-03-27 23:00:00,27.4,87,13.2,27,0.0,1007.6,0.0,26.6,90,7.3,2,0.0,1003.3,0.0,0.7999999999999972,23,3,0
2023-03-28 00:00:00,27.1,88,12.2,65,0.0,1007.1,0.0,26.3,91,6.9,20,0.0,1002.8,0.0,0.8000000000000007,0,3,0
2023-03-28 01:00:00,26.8,90,9.4,88,0.0,1006.7,0.0,25.9,94,6.9,48,0.0,1002.3,0.0,0.9000000000000021,1,3,0
2023-03-28 02:00:00,26.3,93,7.3,84,0.0,1006.5,0.0,25.4,96,4.7,72,0.0,1002.0,0.0,0.9000000000000021,2,3,0
2023-03-28 03:00:00,26.2,93,7.4,90,0.0,1006.5,0.0,25.0,98,4.6,92,0.0,1002.0,0.0,1.1999999999999993,3,3,0
2023-03-28 04:00:00,25.9,95,6.9,87,0.0,1006.9,0.0,25.0,98,3.9,99,0.0,1002.5,0.0,0.8999999999999986,4,3,0
2023-03-28 05:00:00,26.7,94,6.4,91,0.0,1007.4,0.0,25.6,98,5.0,80,0.0,1002.9,0.0,1.0999999999999979,5,3,0
2023-03-28 06:00:00,27.2,91,7.4,79,4.0,1008.2,0.0,26.5,94,4.7,94,4.0,1003.8,0.0,0.6999999999999993,6,3,1
2023-03-28 07:00:00,28.2,84,9.2,67,112.0,1009.1,0.0,28.1,83,7.2,91,97.0,1004.8,0.0,0.09999999999999787,7,3,1
2023-03-28 08:00:00,29.5,75,9.3,62,340.0,1009.5,0.0,29.9,73,7.9,99,350.0,1005.1,0.0,-0.3999999999999986,8,3,1
2023-03-28 09:00:00,30.9,66,10.4,86,577.0,1009.8,0.0,31.5,65,8.0,90,570.0,1005.3,0.0,-0.6000000000000014,9,3,1
2023-03-28 10:00:00,32.0,62,12.1,93,773.0,1009.7,0.0,32.8,60,8.0,54,735.0,1005.3,0.0,-0.7999999999999972,10,3,1
2023-03-28 11:00:00,31.9,67,16.8,89,895.0,1009.3,0.0,33.3,58,10.8,16,828.0,1004.9,0.0,-1.3999999999999986,11,3,1
2023-03-28 12:00:00,31.4,67,20.6,77,931.0,1008.4,0.1,32.8,60,15.9,22,854.0,1004.1,0.0,-1.3999999999999986,12,3,1
2023-03-28 13:00:00,31.4,63,20.2,73,809.0,1007.5,0.0,32.5,61,17.3,16,862.0,1003.1,0.0,-1.1000000000000014,13,3,1
2023-03-28 14:00:00,30.8,68,19.8,79,770.0,1006.4,0.0,32.2,61,16.9,55,830.0,1002.0,0.0,-1.4000000000000021,14,3,1
2023-03-28 15:00:00,30.7,68,20.0,77,659.0,1005.8,0.0,31.1,66,16.9,73,639.0,1001.5,0.0,-0.40000000000000213,15,3,1
2023-03-28 16:00:00,29.8,72,20.6,97,477.0,1006.1,0.0,30.3,69,17.6,89,432.0,1001.7,0.0,-0.5,16,3,1
2023-03-28 17:00:00,29.1,77,16.3,99,213.0,1006.2,0.0,29.3,77,13.9,97,207.0,1001.9,0.0,-0.1999999999999993,17,3,1
2023-03-28 18:00:00,28.2,82,14.0,70,39.0,1007.1,0.0,28.2,81,10.9,63,39.0,1002.8,0.0,0.0,18,3,1
2023-03-28 19:00:00,28.0,83,13.2,62,0.0,1008.3,0.0,27.7,84,8.9,76,0.0,1003.9,0.0,0.3000000000000007,19,3,0
2023-03-28 20:00:00,27.7,84,12.4,59,0.0,1009.0,0.0,27.2,85,8.4,90,0.0,1004.7,0.0,0.5,20,3,0
2023-03-28 21:00:00,27.5,85,12.9,71,0.0,1009.6,0.0,26.9,87,8.5,88,0.0,1005.2,0.0,0.6000000000000014,21,3,0
2023-03-28 22:00:00,27.3,86,14.7,93,0.0,1009.8,0.0,26.6,88,10.5,89,0.0,1005.3,0.0,0.6999999999999993,22,3,0
2023-03-28 23:00:00,27.2,85,15.6,98,0.0,1009.7,0.0,26.4,89,10.3,93,0.0,1005.3,0.0,0.8000000000000007,23,3,0
2023-03-29 00:00:00,27.0,86,14.3,97,0.0,1009.3,0.0,26.1,91,8.6,98,0.0,1004.9,0.0,0.8999999999999986,0,3,0
2023-03-29 01:00:00,26.7,88,13.4,93,0.0,1008.7,0.0,25.7,92,7.2,98,0.0,1004.3,0.0,1.0,1,3,0
2023-03-29 02:00:00,26.4,88,12.2,91,0.0,1008.1,0.0,25.4,93,7.0,96,0.0,1003.7,0.0,1.0,2,3,0
2023-03-29 03:00:00,26.4,87,12.5,89,0.0,1008.0,0.0,25.3,94,6.0,63,0.0,1003.7,0.0,1.0999999999999979,3,3,0
2023-03-29 04:00:00,26.3,88,12.2,63,0.0,1008.3,0.0,24.9,96,5.4,56,0.0,1003.9,0.0,1.4000000000000021,4,3,0
2023-03-29 05:00:00,26.5,90,10.8,29,0.0,1008.3,0.0,25.4,96,6.2,16,0.0,1004.0,0.0,1.1000000000000014,5,3,0
2023-03-29 06:00:00,26.7,89,12.0,49,5.0,1008.9,0.0,25.8,93,7.1,31,5.0,1004.6,0.0,0.8999999999999986,6,3,1
2023-03-29 07:00:00,28.1,80,14.2,21,122.0,1010.1,0.0,27.8,81,12.4,29,123.0,1005.8,0.0,0.3000000000000007,7,3,1
2023-03-29 08:00:00,29.3,72,14.8,48,305.0,1010.6,0.0,29.5,72,12.2,38,335.0,1006.3,0.0,-0.1999999999999993,8,3,1
2023-03-29 09:00:00,30.5,66,15.9,31,528.0,1011.3,0.0,31.0,64,13.3,40,568.0,1006.9,0.0,-0.5,9,3,1
2023-03-29 10:00:00,31.4,61,17.6,53,736.0,1011.2,0.0,32.2,58,13.4,48,714.0,1006.6,0.0,-0.8000000000000043,10,3,1
2023-03-29 11:00:00,31.7,60,19.3,64,872.0,1010.5,0.0,33.0,54,13.7,54,855.0,1006.0,0.0,-1.3000000000000007,11,3,1
2023-03-29 12:00:00,31.1,66,21.3,55,883.0,1009.6,0.0,33.1,53,14.4,62,895.0,1005.1,0.0,-2.0,12,3,1
2023-03-29 13:00:00,31.2,64,22.1,35,938.0,1008.6,0.0,32.9,55,16.0,87,929.0,1004.1,0.0,-1.6999999999999993,13,3,1
2023-03-29 14:00:00,30.9,63,21.0,53,826.0,1007.7,0.0,32.4,57,16.6,68,865.0,1003.2,0.0,-1.5,14,3,1
2023-03-29 15:00:00,30.1,67,20.9,10,599.0,1007.1,0.0,31.3,61,17.2,15,685.0,1002.6,0.0,-1.1999999999999993,15,3,1
2023-03-29 16:00:00,29.6,68,21.0,6,455.0,1007.1,0.0,30.2,65,16.8,10,462.0,1002.6,0.0,-0.5999999999999979,16,3,1
2023-03-29 17:00:00,29.0,71,18.2,5,226.0,1007.4,0.0,29.2,69,15.3,19,223.0,1003.0,0.0,-0.1999999999999993,17,3,1
2023-03-29 18:00:00,28.1,74,15.3,10,41.0,1007.9,0.0,28.0,73,11.7,40,39.0,1003.6,0.0,0.10000000000000142,18,3,1
2023-03-29 19:00:00,27.8,76,14.0,12,0.0,1008.8,0.0,27.3,76,8.9,22,0.0,1004.5,0.0,0.5,19,3,0
2023-03-29 20:00:00,27.4,79,13.0,14,0.0,1009.3,0.0,26.8,80,8.1,26,0.0,1004.8,0.0,0.5999999999999979,20,3,0
2023-03-29 21:00:00,27.2,80,11.6,6,0.0,1009.8,0.0,26.1,85,6.5,22,0.0,1005.3,0.0,1.0999999999999979,21,3,0
2023-03-29 22:00:00,26.8,82,9.4,3,0.0,1009.8,0.0,25.2,89,5.5,3,0.0,1005.4,0.0,1.6000000000000014,22,3,0
2023-03-29 23:00:00,26.4,84,8.7,2,0.0,1009.3,0.0,25.1,90,6.6,5,0.0,1004.9,0.0,1.2999999999999972,23,3,0
2023-03-30 00:00:00,26.2,86,9.4,7,0.0,1008.7,0.0,24.4,93,6.2,4,0.0,1004.3,0.0,1.8000000000000007,0,3,0
2023-03-30 01:00:00,25.9,89,8.4,3,0.0,1008.1,0.0,24.1,94,5.8,3,0.0,1003.7,0.0,1.7999999999999972,1,3,0
2023-03-30 02:00:00,25.4,92,8.4,4,0.0,1007.7,0.0,24.0,95,5.6,6,0.0,1003.4,0.0,1.3999999999999986,2,3,0
2023-03-30 03:00:00,25.0,93,8.9,24,0.0,1007.7,0.0,23.8,96,6.2,17,0.0,1003.4,0.0,1.1999999999999993,3,3,0
2023-03-30 04:00:00,24.8,93,8.9,42,0.0,1007.9,0.0,23.6,97,5.9,26,0.0,1003.6,0.0,1.1999999999999993,4,3,0
2023-03-30 05:00:00,25.0,92,9.2,29,0.0,1008.5,0.0,23.9,96,6.5,23,0.0,1004.1,0.0,1.1000000000000014,5,3,0
2023-03-30 06:00:00,25.4,90,8.7,93,6.0,1009.4,0.0,24.5,93,5.6,100,5.0,1005.0,0.0,0.8999999999999986,6,3,1
2023-03-30 07:00:00,26.8,82,8.1,100,122.0,1010.4,0.0,26.5,84,5.7,100,126.0,1005.9,0.0,0.3000000000000007,7,3,1
2023-03-30 08:00:00,28.6,72,11.5,53,326.0,1011.0,0.0,28.6,72,9.3,45,337.0,1006.6,0.0,0.0,8,3,1
2023-03-30 09:00:00,30.0,64,12.6,34,538.0,1010.9,0.0,30.3,63,9.8,41,530.0,1006.5,0.0,-0.3000000000000007,9,3,1
2023-03-30 10:00:00,31.0,59,14.1,45,766.0,1010.3,0.0,31.7,56,10.1,43,754.0,1005.9,0.0,-0.6999999999999993,10,3,1
2023-03-30 11:00:00,31.6,58,17.1,52,908.0,1009.5,0.0,32.9,52,10.7,65,886.0,1005.1,0.0,-1.2999999999999972,11,3,1
2023-03-30 12:00:00,31.6,58,19.5,21,979.0,1008.3,0.0,33.4,50,13.6,40,966.0,1003.8,0.0,-1.7999999999999972,12,3,1
2023-03-30 13:00:00,31.3,58,20.9,9,962.0,1007.1,0.0,33.1,54,16.0,1,963.0,1002.5,0.0,-1.8000000000000007,13,3,1
2023-03-30 14:00:00,31.0,57,21.4,91,862.0,1006.0,0.0,32.2,56,17.6,0,866.0,1001.6,0.0,-1.2000000000000028,14,3,1
2023-03-30 15:00:00,30.5,62,22.2,63,696.0,1005.5,0.0,31.4,55,19.1,18,702.0,1001.1,0.0,-0.8999999999999986,15,3,1
2023-03-30 16:00:00,29.5,65,22.9,98,469.0,1005.3,0.0,30.2,60,19.0,89,480.0,1000.9,0.0,-0.6999999999999993,16,3,1
2023-03-30 17:00:00,28.8,69,20.0,99,224.0,1005.8,0.0,28.9,66,16.8,100,246.0,1001.5,0.0,-0.09999999999999787,17,3,1
2023-03-30 18:00:00,28.0,72,18.1,86,39.0,1006.5,0.0,27.6,73,14.5,80,42.0,1002.2,0.0,0.3999999999999986,18,3,1
2023-03-30 19:00:00,27.6,76,17.1,60,0.0,1007.3,0.0,26.9,77,12.2,89,0.0,1003.1,0.0,0.7000000000000028,19,3,0
2023-03-30 20:00:00,27.3,77,16.4,48,0.0,1008.3,0.0,26.5,79,11.0,30,0.0,1003.9,0.0,0.8000000000000007,20,3,0
2023-03-30 21:00:00,27.0,78,15.2,22,0.0,1009.2,0.0,26.0,83,9.1,6,0.0,1004.8,0.0,1.0,21,3,0
2023-03-30 22:00:00,26.9,79,15.2,53,0.0,1009.3,0.0,25.7,84,9.1,24,0.0,1005.0,0.0,1.1999999999999993,22,3,0
2023-03-30 23:00:00,26.5,82,14.8,49,0.0,1008.7,0.0,25.3,86,9.7,73,0.0,1004.5,0.0,1.1999999999999993,23,3,0
2023-03-31 00:00:00,26.2,84,13.1,45,0.0,1008.2,0.0,25.2,87,9.4,64,0.0,1003.8,0.0,1.0,0,3,0
2023-03-31 01:00:00,25.6,87,11.9,67,0.0,1007.7,0.0,24.5,91,7.2,73,0.0,1003.4,0.0,1.1000000000000014,1,3,0
2023-03-31 02:00:00,25.3,88,12.2,100,0.0,1007.1,0.0,24.2,92,7.9,96,0.0,1002.8,0.0,1.1000000000000014,2,3,0
2023-03-31 03:00:00,25.0,89,12.2,97,0.0,1007.0,0.0,23.7,95,7.9,98,0.0,1002.7,0.0,1.3000000000000007,3,3,0
2023-03-31 04:00:00,24.7,90,11.9,100,0.0,1007.2,0.0,23.5,96,7.9,96,0.0,1002.8,0.0,1.1999999999999993,4,3,0
2023-03-31 05:00:00,25.9,87,10.8,100,0.0,1007.2,0.0,25.1,90,8.4,100,0.0,1002.9,0.0,0.7999999999999972,5,3,0
2023-03-31 06:00:00,26.5,84,13.4,18,5.0,1007.9,0.0,25.1,89,9.0,5,5.0,1003.6,0.0,1.3999999999999986,6,3,1
2023-03-31 07:00:00,27.5,78,15.3,5,132.0,1008.9,0.0,26.8,80,10.4,3,135.0,1004.6,0.0,0.6999999999999993,7,3,1
2023-03-31 08:00:00,28.8,71,14.8,25,369.0,1009.5,0.0,28.9,67,13.6,26,371.0,1005.2,0.0,-0.09999999999999787,8,3,1
2023-03-31 09:00:00,30.4,60,15.5,44,602.0,1009.7,0.0,30.7,57,13.6,68,603.0,1005.4,0.0,-0.3000000000000007,9,3,1
2023-03-31 10:00:00,31.6,55,14.8,45,795.0,1009.4,0.0,32.2,51,12.4,16,797.0,1005.0,0.0,-0.6000000000000014,10,3,1
2023-03-31 11:00:00,32.4,54,14.7,35,926.0,1008.5,0.0,33.5,48,10.4,36,929.0,1004.1,0.0,-1.1000000000000014,11,3,1
2023-03-31 12:00:00,32.1,58,19.7,1,983.0,1007.4,0.0,34.0,47,12.0,1,986.0,1003.0,0.0,-1.8999999999999986,12,3,1
2023-03-31 13:00:00,31.5,58,23.4,0,963.0,1006.4,0.0,33.6,52,16.1,0,964.0,1001.9,0.0,-2.1000000000000014,13,3,1
2023-03-31 14:00:00,31.1,58,23.7,3,863.0,1005.2,0.0,32.6,55,19.0,0,863.0,1000.8,0.0,-1.5,14,3,1
2023-03-31 15:00:00,30.6,61,23.2,8,679.0,1004.4,0.0,31.8,56,19.5,3,693.0,1000.0,0.0,-1.1999999999999993,15,3,1
2023-03-31 16:00:00,29.8,67,23.1,7,463.0,1004.3,0.0,30.7,62,19.5,6,473.0,999.9,0.0,-0.8999999999999986,16,3,1
2023-03-31 17:00:00,29.1,73,21.3,9,231.0,1004.8,0.0,29.5,70,18.4,6,236.0,1000.4,0.0,-0.3999999999999986,17,3,1
2023-03-31 18:00:00,28.4,78,19.7,9,38.0,1005.4,0.0,28.2,76,14.7,8,39.0,1001.0,0.0,0.1999999999999993,18,3,1
2023-03-31 19:00:00,28.2,80,17.9,10,0.0,1006.3,0.0,27.7,80,13.6,6,0.0,1001.8,0.0,0.5,19,3,0
2023-03-31 20:00:00,28.0,80,16.6,10,0.0,1006.9,0.0,27.4,82,11.5,9,0.0,1002.6,0.0,0.6000000000000014,20,3,0
2023-03-31 21:00:00,27.8,83,14.5,9,0.0,1007.6,0.0,27.1,85,10.6,5,0.0,1003.2,0.0,0.6999999999999993,21,3,0
2023-03-31 22:00:00,27.5,84,13.4,9,0.0,1007.7,0.0,26.7,87,10.0,4,0.0,1003.3,0.0,0.8000000000000007,22,3,0
2023-03-31 23:00:00,27.3,87,12.9,2,0.0,1007.4,0.0,26.3,91,8.3,7,0.0,1003.1,0.0,1.0,23,3,0
2023-04-01 00:00:00,26.9,89,12.4,1,0.0,1007.1,0.0,26.0,93,7.6,2,0.0,1002.7,0.0,0.8999999999999986,0,4,0
2023-04-01 01:00:00,26.6,91,11.5,9,0.0,1006.7,0.0,25.7,95,7.2,10,0.0,1002.4,0.0,0.9000000000000021,1,4,0
2023-04-01 02:00:00,26.4,92,12.1,15,0.0,1006.2,0.0,25.5,96,7.3,18,0.0,1001.8,0.0,0.8999999999999986,2,4,0
2023-04-01 03:00:00,26.2,92,12.3,21,0.0,1006.1,0.0,25.3,96,6.6,28,0.0,1001.8,0.0,0.8999999999999986,3,4,0
2023-04-01 04:00:00,26.1,93,13.0,32,0.0,1006.3,0.0,25.4,97,7.0,26,0.0,1002.0,0.0,0.7000000000000028,4,4,0
2023-04-01 05:00:00,26.1,94,11.0,32,0.0,1007.2,0.0,25.3,98,6.9,32,0.0,1002.8,0.0,0.8000000000000007,5,4,0
2023-04-01 06:00:00,26.5,91,12.2,13,6.0,1007.9,0.0,25.7,96,8.4,36,6.0,1003.5,0.0,0.8000000000000007,6,4,1
2023-04-01 07:00:00,28.2,81,17.1,40,134.0,1009.0,0.0,27.9,84,14.6,26,125.0,1004.7,0.0,0.3000000000000007,7,4,1
2023-04-01 08:00:00,29.7,72,17.7,30,320.0,1009.5,0.0,29.8,72,15.0,30,338.0,1005.2,0.0,-0.10000000000000142,8,4,1
2023-04-01 09:00:00,31.1,64,16.9,36,528.0,1009.8,0.0,31.4,65,14.3,23,552.0,1005.5,0.0,-0.29999999999999716,9,4,1
2023-04-01 10:00:00,31.8,62,14.6,100,693.0,1009.5,0.0,32.7,59,12.2,34,717.0,1005.2,0.0,-0.9000000000000021,10,4,1
2023-04-01 11:00:00,32.3,59,15.6,28,754.0,1008.8,0.0,33.8,54,12.5,28,799.0,1004.4,0.0,-1.5,11,4,1
2023-04-01 12:00:00,31.8,62,17.1,32,830.0,1008.0,0.6,34.1,52,14.2,46,813.0,1003.4,0.0,-2.3000000000000007,12,4,1
2023-04-01 13:00:00,30.2,69,23.1,82,781.0,1007.0,0.9,31.7,57,16.4,44,669.0,1002.6,0.4,-1.5,13,4,1
2023-04-01 14:00:00,31.2,61,22.6,41,599.0,1005.6,0.6,31.3,61,17.3,27,387.0,1001.4,0.1,-0.10000000000000142,14,4,1
2023-04-01 15:00:00,31.1,65,23.5,28,632.0,1005.0,0.1,32.0,60,18.5,19,600.0,1000.7,0.0,-0.8999999999999986,15,4,1
2023-04-01 16:00:00,30.3,68,20.8,24,419.0,1005.3,0.0,30.9,65,16.8,29,399.0,1001.0,0.0,-0.5999999999999979,16,4,1
2023-04-01 17:00:00,29.5,73,19.3,12,193.0,1005.7,0.0,29.8,70,15.3,19,186.0,1001.3,0.0,-0.3000000000000007,17,4,1
2023-04-01 18:00:00,28.6,80,17.1,39,37.0,1006.2,0.0,28.6,77,12.2,23,35.0,1001.9,0.0,0.0,18,4,1
2023-04-01 19:00:00,28.5,80,15.9,84,0.0,1007.0,0.0,28.2,81,12.0,18,0.0,1002.7,0.0,0.3000000000000007,19,4,0
2023-04-01 20:00:00,28.4,82,18.1,56,0.0,1007.5,0.0,27.8,84,12.2,28,0.0,1003.4,0.0,0.5999999999999979,20,4,0
2023-04-01 21:00:00,28.1,84,19.3,25,0.0,1007.8,0.0,27.7,85,14.9,31,0.0,1003.7,0.0,0.40000000000000213,21,4,0
2023-04-01 22:00:00,28.0,85,16.7,53,0.0,1008.5,0.0,27.5,86,13.0,35,0.0,1004.1,0.0,0.5,22,4,0
2023-04-01 23:00:00,27.8,86,14.1,28,0.0,1008.3,0.0,27.2,87,9.4,11,0.0,1003.8,0.0,0.6000000000000014,23,4,0
2023-04-02 00:00:00,27.5,88,14.0,32,0.0,1007.8,0.0,27.0,89,7.9,44,0.0,1003.5,0.0,0.5,0,4,0
2023-04-02 01:00:00,27.3,89,15.6,14,0.0,1007.1,0.0,26.9,90,8.1,26,0.0,1003.0,0.0,0.40000000000000213,1,4,0
2023-04-02 02:00:00,27.2,88,18.1,7,0.0,1006.3,0.0,26.7,90,12.0,33,0.0,1002.2,0.0,0.5,2,4,0
2023-04-02 03:00:00,27.0,89,14.0,35,0.0,1006.4,0.0,26.6,90,11.0,42,0.0,1001.9,0.0,0.3999999999999986,3,4,0
2023-04-02 04:00:00,26.9,89,13.5,16,0.0,1006.6,0.0,26.5,90,10.4,22,0.0,1002.3,0.0,0.3999999999999986,4,4,0
2023-04-02 05:00:00,27.2,88,16.0,19,0.0,1006.8,0.0,26.5,87,11.6,15,0.0,1002.7,0.1,0.6999999999999993,5,4,0
2023-04-02 06:00:00,27.2,84,16.3,37,6.0,1007.3,0.0,27.1,85,12.1,65,5.0,1003.2,0.0,0.09999999999999787,6,4,1
2023-04-02 07:00:00,28.4,78,16.6,55,106.0,1008.4,0.0,28.3,80,14.6,65,98.0,1004.2,0.0,0.09999999999999787,7,4,1
2023-04-02 08:00:00,29.6,72,15.5,52,295.0,1009.5,0.1,29.6,73,13.8,54,243.0,1005.0,0.0,0.0,8,4,1
2023-04-02 09:00:00,30.9,66,15.8,46,506.0,1009.5,0.1,30.8,66,13.8,28,449.0,1005.2,0.2,0.09999999999999787,9,4,1
2023-04-02 10:00:00,31.9,61,18.1,39,653.0,1008.7,0.0,32.5,57,13.7,31,706.0,1004.7,0.1,-0.6000000000000014,10,4,1
2023-04-02 11:00:00,32.9,58,16.6,41,836.0,1008.3,0.0,33.8,52,13.9,28,772.0,1003.9,0.0,-0.8999999999999986,11,4,1
2023-04-02 12:00:00,29.7,74,19.4,92,890.0,1007.8,5.4,34.6,49,13.0,34,859.0,1002.7,0.0,-4.900000000000002,12,4,1
2023-04-02 13:00:00,30.4,72,19.9,60,739.0,1006.5,0.4,30.3,70,15.1,89,837.0,1002.3,3.8,0.09999999999999787,13,4,1
2023-04-02 14:00:00,30.8,70,21.3,22,669.0,1005.0,0.1,32.1,62,15.4,48,644.0,1000.7,0.1,-1.3000000000000007,14,4,1
2023-04-02 15:00:00,30.6,70,23.5,20,620.0,1004.4,0.0,31.9,61,17.9,28,549.0,1000.0,0.0,-1.2999999999999972,15,4,1
2023-04-02 16:00:00,30.1,71,21.5,22,445.0,1004.4,0.0,31.0,64,19.0,14,436.0,1000.2,0.0,-0.8999999999999986,16,4,1
2023-04-02 17:00:00,29.1,75,18.1,28,219.0,1005.0,0.0,29.8,73,14.6,34,216.0,1000.4,0.0,-0.6999999999999993,17,4,1
2023-04-02 18:00:00,28.2,84,15.8,69,35.0,1005.5,0.0,28.5,79,10.9,35,37.0,1001.2,0.0,-0.3000000000000007,18,4,1
2023-04-02 19:00:00,28.0,86,14.5,96,0.0,1006.5,0.0,28.0,83,9.7,32,0.0,1002.2,0.0,0.0,19,4,0
2023-04-02 20:00:00,28.0,85,16.5,100,0.0,1007.0,0.0,27.7,84,9.8,100,0.0,1002.9,0.0,0.3000000000000007,20,4,0
2023-04-02 21:00:00,28.2,85,16.9,100,0.0,1007.6,0.0,27.7,84,12.1,100,0.0,1003.4,0.0,0.5,21,4,0
2023-04-02 22:00:00,28.3,82,18.1,100,0.0,1007.7,0.0,27.9,83,12.9,100,0.0,1003.5,0.0,0.40000000000000213,22,4,0
2023-04-02 23:00:00,28.2,84,17.4,100,0.0,1007.3,0.0,27.9,82,15.2,100,0.0,1002.9,0.0,0.3000000000000007,23,4,0
2023-04-03 00:00:00,28.1,83,15.4,100,0.0,1006.6,0.0,27.9,83,13.9,100,0.0,1002.0,0.0,0.20000000000000284,0,4,0
2023-04-03 01:00:00,27.9,85,14.1,99,0.0,1005.9,0.0,27.7,84,9.6,90,0.0,1001.5,0.0,0.1999999999999993,1,4,0
2023-04-03 02:00:00,27.8,85,12.2,100,0.0,1005.3,0.0,27.6,83,8.4,81,0.0,1001.0,0.0,0.1999999999999993,2,4,0
2023-04-03 03:00:00,27.5,86,11.0,84,0.0,1005.4,0.0,27.4,84,7.4,82,0.0,1001.1,0.0,0.10000000000000142,3,4,0
2023-04-03 04:00:00,27.2,87,11.4,15,0.0,1005.5,0.0,27.1,86,10.7,100,0.0,1001.2,0.0,0.09999999999999787,4,4,0
2023-04-03 05:00:00,27.7,86,14.7,43,0.0,1006.1,0.0,27.0,89,9.0,100,0.0,1001.9,0.1,0.6999999999999993,5,4,0
2023-04-03 06:00:00,27.3,84,15.9,62,7.0,1007.2,0.1,26.7,88,11.5,31,6.0,1002.9,0.3,0.6000000000000014,6,4,1
2023-04-03 07:00:00,27.9,83,14.4,47,115.0,1008.2,0.0,27.8,81,16.3,52,111.0,1003.9,0.0,0.09999999999999787,7,4,1
2023-04-03 08:00:00,28.6,79,10.1,98,258.0,1009.2,0.2,29.2,74,13.4,100,312.0,1004.5,0.0,-0.5999999999999979,8,4,1
2023-04-03 09:00:00,30.0,72,9.1,32,422.0,1009.7,0.2,30.8,68,10.8,91,506.0,1005.2,0.0,-0.8000000000000007,9,4,1
2023-04-03 10:00:00,31.0,67,15.2,43,636.0,1009.1,0.1,31.7,63,11.5,40,562.0,1004.7,0.0,-0.6999999999999993,10,4,1
2023-04-03 11:00:00,31.3,68,19.1,44,802.0,1008.4,0.0,32.9,57,12.8,29,776.0,1004.1,0.0,-1.5999999999999979,11,4,1
2023-04-03 12:00:00,31.3,68,21.7,33,868.0,1007.4,0.0,33.3,57,15.2,20,868.0,1003.0,0.0,-1.9999999999999964,12,4,1
2023-04-03 13:00:00,31.2,68,20.5,51,867.0,1006.3,0.2,32.9,57,18.3,33,862.0,1001.8,0.1,-1.6999999999999993,13,4,1
2023-04-03 14:00:00,30.6,67,22.8,42,734.0,1005.2,0.0,32.3,59,17.0,31,788.0,1000.8,0.2,-1.6999999999999957,14,4,1
2023-04-03 15:00:00,30.3,69,23.0,20,647.0,1004.7,0.0,31.6,62,18.7,40,598.0,1000.3,0.0,-1.3000000000000007,15,4,1
2023-04-03 16:00:00,29.4,72,20.3,39,331.0,1004.7,0.0,30.5,64,16.1,50,419.0,1000.3,0.0,-1.1000000000000014,16,4,1
2023-04-03 17:00:00,28.9,77,18.8,26,214.0,1005.3,0.0,29.7,69,15.8,39,224.0,1001.0,0.0,-0.8000000000000007,17,4,1
2023-04-03 18:00:00,28.2,82,15.5,34,37.0,1006.1,0.0,28.1,78,12.2,16,38.0,1001.7,0.0,0.09999999999999787,18,4,1
2023-04-03 19:00:00,28.0,84,14.3,45,0.0,1007.0,0.0,27.6,83,9.4,25,0.0,1002.8,0.0,0.3999999999999986,19,4,0
2023-04-03 20:00:00,27.9,84,15.6,46,0.0,1007.8,0.0,27.4,85,10.5,21,0.0,1003.6,0.0,0.5,20,4,0
2023-04-03 21:00:00,27.7,86,15.7,38,0.0,1008.7,0.0,27.1,87,10.6,26,0.0,1004.4,0.0,0.5999999999999979,21,4,0
2023-04-03 22:00:00,27.7,86,16.1,33,0.0,1009.0,0.0,27.3,85,11.0,100,0.0,1004.6,0.0,0.3999999999999986,22,4,0
2023-04-03 23:00:00,27.6,85,15.4,1,0.0,1008.7,0.0,27.4,85,10.7,100,0.0,1004.3,0.0,0.20000000000000284,23,4,0
2023-04-04 00:00:00,27.5,87,15.6,6,0.0,1007.8,0.0,27.2,87,10.1,100,0.0,1003.5,0.0,0.3000000000000007,0,4,0
2023-04-04 01:00:00,27.3,88,15.2,10,0.0,1007.0,0.0,27.2,86,10.2,92,0.0,1002.8,0.0,0.10000000000000142,1,4,0
2023-04-04 02:00:00,27.2,88,15.1,17,0.0,1006.4,0.0,27.1,86,10.8,100,0.0,1002.2,0.0,0.09999999999999787,2,4,0
2023-04-04 03:00:00,27.2,86,16.2,11,0.0,1006.4,0.0,27.1,86,11.2,100,0.0,1002.2,0.0,0.09999999999999787,3,4,0
2023-04-04 04:00:00,27.1,86,15.5,28,0.0,1006.8,0.0,27.0,85,11.4,69,0.0,1002.5,0.0,0.10000000000000142,4,4,0
2023-04-04 05:00:00,27.1,87,12.0,31,0.0,1007.4,0.0,26.8,88,8.5,20,0.0,1003.1,0.0,0.3000000000000007,5,4,0
2023-04-04 06:00:00,27.4,86,11.9,35,7.0,1008.2,0.0,27.2,85,9.3,24,7.0,1003.9,0.0,0.1999999999999993,6,4,1
2023-04-04 07:00:00,28.5,79,14.2,10,123.0,1009.1,0.1,28.6,76,12.9,19,129.0,1004.7,0.0,-0.10000000000000142,7,4,1
2023-04-04 08:00:00,29.5,73,15.1,9,308.0,1009.9,0.0,30.0,70,12.1,17,351.0,1005.5,0.1,-0.5,8,4,1
2023-04-04 09:00:00,30.4,68,15.9,16,503.0,1010.3,0.0,31.0,65,12.6,30,547.0,1006.0,0.1,-0.6000000000000014,9,4,1
2023-04-04 10:00:00,31.1,65,18.3,23,726.0,1010.2,0.0,32.0,60,14.2,18,716.0,1005.9,0.1,-0.8999999999999986,10,4,1
2023-04-04 11:00:00,31.3,64,19.4,23,836.0,1009.7,0.1,32.8,57,14.9,23,855.0,1005.3,0.1,-1.4999999999999964,11,4,1
2023-04-04 12:00:00,31.6,63,20.2,35,908.0,1008.7,0.1,33.3,54,15.4,39,881.0,1004.3,0.0,-1.6999999999999957,12,4,1
2023-04-04 13:00:00,31.4,64,22.0,19,893.0,1007.8,0.1,32.7,55,16.5,89,875.0,1003.4,1.4,-1.3000000000000043,13,4,1
2023-04-04 14:00:00,30.9,65,23.1,26,685.0,1006.7,0.0,31.9,60,17.5,72,787.0,1002.3,1.5,-1.0,14,4,1
2023-04-04 15:00:00,30.1,68,22.6,32,529.0,1006.0,0.0,31.5,62,18.5,40,631.0,1001.6,0.0,-1.3999999999999986,15,4,1
2023-04-04 16:00:00,29.8,70,22.8,25,447.0,1005.9,0.0,30.4,64,18.2,23,425.0,1001.6,0.0,-0.5999999999999979,16,4,1
2023-04-04 17:00:00,29.1,74,20.6,15,206.0,1006.4,0.0,29.6,67,15.8,32,207.0,1002.1,0.0,-0.5,17,4,1
2023-04-04 18:00:00,28.4,80,19.6,27,34.0,1006.9,0.0,28.3,77,14.6,15,36.0,1002.7,0.0,0.09999999999999787,18,4,1
2023-04-04 19:00:00,28.1,80,17.7,4,0.0,1008.0,0.0,27.8,81,12.5,17,0.0,1003.7,0.0,0.3000000000000007,19,4,0
2023-04-04 20:00:00,27.9,82,16.5,4,0.0,1009.0,0.0,27.4,83,11.8,38,0.0,1004.7,0.0,0.5,20,4,0
2023-04-04 21:00:00,27.7,84,15.6,11,0.0,1009.6,0.0,27.2,84,11.8,28,0.0,1005.2,0.0,0.5,21,4,0
2023-04-04 22:00:00,27.5,85,16.6,19,0.0,1009.6,0.0,27.1,85,11.7,24,0.0,1005.4,0.0,0.3999999999999986,22,4,0
2023-04-04 23:00:00,27.3,86,15.9,39,0.0,1009.1,0.0,27.0,85,11.6,36,0.0,1004.8,0.0,0.3000000000000007,23,4,0
2023-04-05 00:00:00,27.2,86,14.1,10,0.0,1008.3,0.0,26.7,85,10.1,2,0.0,1003.9,0.0,0.5,0,4,0
2023-04-05 01:00:00,26.9,86,12.5,4,0.0,1007.6,0.0,26.3,89,8.8,2,0.0,1003.1,0.0,0.5999999999999979,1,4,0
2023-04-05 02:00:00,26.6,89,11.6,2,0.0,1006.8,0.0,26.1,92,7.3,7,0.0,1002.4,0.0,0.5,2,4,0
2023-04-05 03:00:00,26.5,90,12.1,35,0.0,1006.5,0.0,25.9,92,8.0,33,0.0,1002.1,0.0,0.6000000000000014,3,4,0
2023-04-05 04:00:00,26.5,90,12.9,91,0.0,1006.5,0.0,25.8,94,8.3,77,0.0,1002.2,0.0,0.6999999999999993,4,4,0
2023-04-05 05:00:00,27.4,90,12.7,100,0.0,1006.8,0.0,26.3,95,9.0,100,0.0,1002.4,0.0,1.0999999999999979,5,4,0
2023-04-05 06:00:00,27.6,89,12.1,99,6.0,1007.4,0.0,26.6,91,8.9,100,7.0,1003.0,0.0,1.0,6,4,1
2023-04-05 07:00:00,28.6,82,12.2,91,111.0,1008.7,0.0,28.3,81,9.7,97,103.0,1004.3,0.0,0.3000000000000007,7,4,1
2023-04-05 08:00:00,29.9,76,13.1,95,340.0,1009.4,0.0,29.4,76,10.0,91,218.0,1005.2,0.0,0.5,8,4,1
2023-04-05 09:00:00,31.4,67,15.5,94,600.0,1009.6,0.0,31.7,63,11.6,91,572.0,1005.3,0.0,-0.3000000000000007,9,4,1
2023-04-05 10:00:00,32.5,60,16.3,28,796.0,1009.4,0.0,33.5,55,12.4,14,778.0,1005.1,0.0,-1.0,10,4,1
2023-04-05 11:00:00,32.7,64,18.7,23,917.0,1008.8,0.0,34.4,51,12.3,13,900.0,1004.3,0.0,-1.6999999999999957,11,4,1
2023-04-05 12:00:00,32.3,67,22.1,53,972.0,1007.7,0.1,34.5,52,13.8,41,933.0,1003.3,0.0,-2.200000000000003,12,4,1
2023-04-05 13:00:00,31.8,66,23.8,35,937.0,1006.7,0.0,33.3,59,17.6,44,925.0,1002.3,0.0,-1.4999999999999964,13,4,1
2023-04-05 14:00:00,31.5,64,24.7,63,767.0,1005.4,0.0,33.1,58,17.4,75,768.0,1001.0,0.0,-1.6000000000000014,14,4,1
2023-04-05 15:00:00,30.5,69,23.5,36,622.0,1004.9,0.0,31.6,60,19.4,38,539.0,1000.5,0.0,-1.1000000000000014,15,4,1
2023-04-05 16:00:00,30.0,74,22.1,13,446.0,1005.0,0.0,30.7,66,17.2,16,447.0,1000.6,0.0,-0.6999999999999993,16,4,1
2023-04-05 17:00:00,29.3,75,19.6,15,203.0,1005.9,0.0,29.5,72,17.2,13,208.0,1001.5,0.0,-0.1999999999999993,17,4,1
2023-04-05 18:00:00,28.5,79,17.3,10,37.0,1006.6,0.0,28.4,78,14.3,21,38.0,1002.3,0.0,0.10000000000000142,18,4,1
2023-04-05 19:00:00,28.2,81,16.5,13,0.0,1007.6,0.0,27.9,81,12.6,14,0.0,1003.3,0.0,0.3000000000000007,19,4,0
2023-04-05 20:00:00,28.1,82,16.4,12,0.0,1008.6,0.0,27.6,83,13.2,11,0.0,1004.2,0.0,0.5,20,4,0
2023-04-05 21:00:00,27.9,83,15.8,9,0.0,1009.2,0.0,27.3,85,11.2,7,0.0,1004.9,0.0,0.5999999999999979,21,4,0
2023-04-05 22:00:00,27.6,84,13.9,7,0.0,1009.3,0.0,26.9,86,10.0,6,0.0,1005.0,0.0,0.7000000000000028,22,4,0
2023-04-05 23:00:00,27.2,87,12.2,7,0.0,1009.0,0.0,26.4,89,7.6,5,0.0,1004.6,0.0,0.8000000000000007,23,4,0
2023-04-06 00:00:00,26.9,88,13.7,12,0.0,1008.3,0.0,25.9,92,7.3,12,0.0,1004.0,0.0,1.0,0,4,0
2023-04-06 01:00:00,26.8,89,14.5,13,0.0,1007.7,0.0,25.7,93,8.0,30,0.0,1003.4,0.0,1.1000000000000014,1,4,0
2023-04-06 02:00:00,26.6,89,14.0,31,0.0,1007.1,0.0,25.7,93,8.1,40,0.0,1002.8,0.0,0.9000000000000021,2,4,0
2023-04-06 03:00:00,26.5,90,13.5,36,0.0,1007.0,0.0,25.7,93,8.3,22,0.0,1002.6,0.0,0.8000000000000007,3,4,0
2023-04-06 04:00:00,26.5,89,11.5,30,0.0,1007.4,0.0,25.4,95,7.1,9,0.0,1002.9,0.0,1.1000000000000014,4,4,0
2023-04-06 05:00:00,26.9,89,9.2,25,0.0,1007.9,0.0,25.7,95,5.9,20,0.0,1003.5,0.0,1.1999999999999993,5,4,0
2023-04-06 06:00:00,27.4,87,11.2,46,7.0,1008.5,0.0,26.4,91,7.8,36,7.0,1004.1,0.0,1.0,6,4,1
2023-04-06 07:00:00,28.6,80,14.2,31,116.0,1009.4,0.0,28.4,81,11.3,24,114.0,1005.1,0.0,0.20000000000000284,7,4,1
2023-04-06 08:00:00,29.9,73,13.3,36,347.0,1010.0,0.0,30.3,71,12.5,25,355.0,1005.7,0.0,-0.40000000000000213,8,4,1
2023-04-06 09:00:00,31.5,63,13.4,40,587.0,1010.3,0.0,31.9,62,11.0,9,582.0,1005.9,0.0,-0.3999999999999986,9,4,1
2023-04-06 10:00:00,32.6,57,14.3,36,758.0,1009.9,0.0,33.1,56,10.4,26,782.0,1005.6,0.0,-0.5,10,4,1
2023-04-06 11:00:00,32.9,57,16.6,4,923.0,1009.3,0.0,34.2,52,10.4,11,911.0,1004.9,0.0,-1.3000000000000043,11,4,1
2023-04-06 12:00:00,32.5,62,20.4,5,982.0,1008.3,0.1,34.7,49,13.2,2,975.0,1003.7,0.0,-2.200000000000003,12,4,1
2023-04-06 13:00:00,32.2,60,22.0,0,944.0,1007.4,0.0,34.1,52,16.6,0,952.0,1002.8,0.0,-1.8999999999999986,13,4,1
2023-04-06 14:00:00,31.7,61,21.3,0,842.0,1006.2,0.0,33.3,55,18.2,0,861.0,1001.7,0.0,-1.5999999999999979,14,4,1
2023-04-06 15:00:00,31.0,66,21.2,0,688.0,1005.6,0.0,32.5,56,17.5,0,690.0,1001.2,0.0,-1.5,15,4,1
2023-04-06 16:00:00,30.3,70,20.1,0,486.0,1005.8,0.0,31.2,63,17.2,0,476.0,1001.4,0.0,-0.8999999999999986,16,4,1
2023-04-06 17:00:00,30.3,74,15.8,0,244.0,1006.2,0.0,30.8,72,16.1,0,244.0,1001.7,0.0,-0.5,17,4,1
2023-04-06 18:00:00,29.1,82,14.1,0,42.0,1006.8,0.0,29.2,79,13.8,0,42.0,1002.4,0.0,-0.09999999999999787,18,4,1
2023-04-06 19:00:00,28.7,85,15.6,0,0.0,1008.0,0.0,28.5,83,12.5,0,0.0,1003.6,0.0,0.1999999999999993,19,4,0
2023-04-06 20:00:00,28.6,84,15.9,0,0.0,1008.7,0.0,28.1,85,12.1,0,0.0,1004.4,0.0,0.5,20,4,0
2023-04-06 21:00:00,28.3,84,13.8,0,0.0,1009.6,0.0,27.7,86,9.2,0,0.0,1005.2,0.0,0.6000000000000014,21,4,0
2023-04-06 22:00:00,28.0,85,11.3,0,0.0,1010.0,0.0,27.1,88,6.8,0,0.0,1005.6,0.0,0.8999999999999986,22,4,0
2023-04-06 23:00:00,27.6,87,10.4,2,0.0,1010.0,0.0,26.5,91,5.4,0,0.0,1005.5,0.0,1.1000000000000014,23,4,0
2023-04-07 00:00:00,27.3,89,11.0,3,0.0,1009.3,0.0,26.1,94,5.8,0,0.0,1004.9,0.0,1.1999999999999993,0,4,0
2023-04-07 01:00:00,27.1,88,11.0,5,0.0,1008.6,0.0,25.8,95,5.9,2,0.0,1004.2,0.0,1.3000000000000007,1,4,0
2023-04-07 02:00:00,26.7,90,8.4,16,0.0,1008.1,0.0,25.4,96,5.4,7,0.0,1003.7,0.0,1.3000000000000007,2,4,0
2023-04-07 03:00:00,26.2,93,6.3,23,0.0,1008.0,0.0,24.9,97,5.2,20,0.0,1003.6,0.0,1.3000000000000007,3,4,0
2023-04-07 04:00:00,25.9,95,5.1,24,0.0,1008.3,0.0,24.8,98,4.2,36,0.0,1003.9,0.0,1.0999999999999979,4,4,0
2023-04-07 05:00:00,25.5,96,6.8,100,0.0,1009.1,0.0,24.6,98,6.4,33,0.0,1004.6,0.0,0.8999999999999986,5,4,0
2023-04-07 06:00:00,26.8,93,4.8,40,8.0,1009.8,0.0,26.1,95,4.6,68,8.0,1005.3,0.0,0.6999999999999993,6,4,1
2023-04-07 07:00:00,28.4,83,7.0,31,137.0,1010.8,0.0,28.1,85,4.3,46,127.0,1006.4,0.0,0.29999999999999716,7,4,1
2023-04-07 08:00:00,29.8,73,10.9,17,345.0,1011.5,0.0,30.1,70,8.9,52,345.0,1007.2,0.0,-0.3000000000000007,8,4,1
2023-04-07 09:00:00,30.7,68,12.2,19,580.0,1012.1,0.0,31.5,62,10.3,7,556.0,1007.6,0.0,-0.8000000000000007,9,4,1
2023-04-07 10:00:00,31.4,64,12.8,10,790.0,1011.8,0.0,32.6,56,12.0,6,784.0,1007.2,0.0,-1.2000000000000028,10,4,1
2023-04-07 11:00:00,31.8,61,13.8,4,922.0,1011.2,0.0,33.2,52,13.2,7,920.0,1006.7,0.0,-1.4000000000000021,11,4,1
2023-04-07 12:00:00,32.0,58,14.5,0,980.0,1010.3,0.0,33.4,52,13.8,7,981.0,1005.8,0.0,-1.3999999999999986,12,4,1
2023-04-07 13:00:00,31.9,59,15.8,0,963.0,1009.5,0.0,33.4,51,14.6,2,949.0,1004.9,0.0,-1.5,13,4,1
2023-04-07 14:00:00,31.5,59,16.3,0,858.0,1008.7,0.0,32.8,52,15.0,0,853.0,1004.2,0.0,-1.2999999999999972,14,4,1
2023-04-07 15:00:00,31.0,62,16.6,0,707.0,1008.1,0.0,32.2,53,15.1,0,703.0,1003.6,0.0,-1.2000000000000028,15,4,1
2023-04-07 16:00:00,30.2,65,16.6,0,483.0,1008.0,0.0,31.0,59,15.0,0,487.0,1003.5,0.0,-0.8000000000000007,16,4,1
2023-04-07 17:00:00,29.2,72,15.0,0,243.0,1008.8,0.0,29.5,66,14.5,0,245.0,1004.4,0.0,-0.3000000000000007,17,4,1
2023-04-07 18:00:00,28.3,76,12.8,0,43.0,1009.3,0.0,28.1,73,9.9,0,44.0,1004.9,0.0,0.1999999999999993,18,4,1
2023-04-07 19:00:00,27.9,78,11.1,0,0.0,1010.1,0.0,27.4,78,7.7,0,0.0,1005.8,0.0,0.5,19,4,0
2023-04-07 20:00:00,27.6,80,9.4,0,0.0,1011.0,0.0,26.5,83,5.4,0,0.0,1006.5,0.0,1.1000000000000014,20,4,0
2023-04-07 21:00:00,27.3,81,8.3,0,0.0,1011.6,0.0,25.7,88,6.9,0,0.0,1007.1,0.0,1.6000000000000014,21,4,0
2023-04-07 22:00:00,27.0,84,8.2,0,0.0,1011.8,0.0,25.3,91,7.4,0,0.0,1007.4,0.0,1.6999999999999993,22,4,0
2023-04-07 23:00:00,26.6,86,6.7,0,0.0,1011.7,0.0,25.1,93,6.9,0,0.0,1007.2,0.0,1.5,23,4,0
2023-04-08 00:00:00,26.2,89,6.1,0,0.0,1011.1,0.0,24.6,94,8.2,0,0.0,1006.6,0.0,1.5999999999999979,0,4,0
2023-04-08 01:00:00,25.5,92,6.1,0,0.0,1010.5,0.0,24.3,94,8.9,0,0.0,1006.0,0.0,1.1999999999999993,1,4,0
2023-04-08 02:00:00,25.1,93,6.7,5,0.0,1010.1,0.0,24.3,94,8.4,0,0.0,1005.6,0.0,0.8000000000000007,2,4,0
2023-04-08 03:00:00,25.2,93,5.5,8,0.0,1009.9,0.0,24.8,92,6.6,4,0.0,1005.5,0.0,0.3999999999999986,3,4,0
2023-04-08 04:00:00,25.2,93,5.2,11,0.0,1010.1,0.0,25.2,91,5.2,6,0.0,1005.6,0.0,0.0,4,4,0
2023-04-08 05:00:00,25.4,92,6.9,21,0.0,1010.8,0.0,25.8,90,3.3,17,0.0,1006.3,0.0,-0.40000000000000213,5,4,0
2023-04-08 06:00:00,26.3,89,3.3,21,9.0,1011.5,0.0,25.4,94,3.6,19,9.0,1007.0,0.0,0.9000000000000021,6,4,1
2023-04-08 07:00:00,28.1,80,5.4,29,137.0,1012.5,0.0,27.9,81,3.9,44,146.0,1008.1,0.0,0.20000000000000284,7,4,1
2023-04-08 08:00:00,29.7,70,9.7,20,363.0,1013.2,0.0,29.9,69,9.1,20,352.0,1008.8,0.0,-0.1999999999999993,8,4,1
2023-04-08 09:00:00,30.5,66,10.9,15,581.0,1013.7,0.0,31.2,63,10.3,9,582.0,1009.2,0.0,-0.6999999999999993,9,4,1
2023-04-08 10:00:00,31.0,65,12.0,19,795.0,1013.6,0.0,32.0,56,11.4,4,782.0,1009.1,0.0,-1.0,10,4,1
2023-04-08 11:00:00,31.4,62,13.5,9,929.0,1013.2,0.0,32.7,54,13.3,1,929.0,1008.6,0.0,-1.3000000000000043,11,4,1
2023-04-08 12:00:00,31.5,60,14.4,2,987.0,1012.4,0.0,33.0,52,14.3,0,994.0,1007.9,0.0,-1.5,12,4,1
2023-04-08 13:00:00,31.5,59,15.3,0,964.0,1011.7,0.0,32.9,50,15.3,0,965.0,1007.1,0.0,-1.3999999999999986,13,4,1
2023-04-08 14:00:00,31.3,59,15.2,16,863.0,1010.9,0.0,32.4,51,15.2,45,859.0,1006.3,0.0,-1.0999999999999979,14,4,1
2023-04-08 15:00:00,30.7,61,15.1,41,702.0,1010.4,0.0,31.6,55,15.2,48,696.0,1005.8,0.0,-0.9000000000000021,15,4,1
2023-04-08 16:00:00,29.9,67,14.2,34,485.0,1010.2,0.0,30.5,60,15.0,34,485.0,1005.7,0.0,-0.6000000000000014,16,4,1
2023-04-08 17:00:00,29.2,69,12.0,1,243.0,1010.8,0.0,29.5,67,12.2,0,244.0,1006.4,0.0,-0.3000000000000007,17,4,1
2023-04-08 18:00:00,28.1,76,11.2,31,43.0,1011.3,0.0,27.9,76,9.5,3,44.0,1006.9,0.0,0.20000000000000284,18,4,1
2023-04-08 19:00:00,27.8,79,10.2,3,0.0,1011.9,0.0,27.2,80,8.5,0,0.0,1007.4,0.0,0.6000000000000014,19,4,0
2023-04-08 20:00:00,27.7,79,11.0,27,0.0,1012.6,0.0,27.0,82,7.3,0,0.0,1008.2,0.0,0.6999999999999993,20,4,0
2023-04-08 21:00:00,27.6,80,9.8,7,0.0,1013.3,0.0,26.4,86,5.3,2,0.0,1008.9,0.0,1.2000000000000028,21,4,0
2023-04-08 22:00:00,27.4,81,7.8,7,0.0,1013.6,0.0,25.6,90,6.6,0,0.0,1009.2,0.0,1.7999999999999972,22,4,0
2023-04-08 23:00:00,27.0,82,6.5,2,0.0,1013.2,0.0,25.1,91,7.8,5,0.0,1008.7,0.0,1.8999999999999986,23,4,0
2023-04-09 00:00:00,26.4,85,5.0,5,0.0,1012.2,0.0,24.8,92,8.3,0,0.0,1007.7,0.0,1.5999999999999979,0,4,0
2023-04-09 01:00:00,25.7,88,6.5,7,0.0,1011.5,0.0,25.1,90,6.9,0,0.0,1007.0,0.0,0.5999999999999979,1,4,0
2023-04-09 02:00:00,25.6,89,6.1,16,0.0,1011.1,0.0,25.9,86,4.5,10,0.0,1006.6,0.0,-0.29999999999999716,2,4,0
2023-04-09 03:00:00,25.3,90,7.2,22,0.0,1010.7,0.0,25.8,86,2.3,21,0.0,1006.3,0.0,-0.5,3,4,0
2023-04-09 04:00:00,26.0,86,5.4,18,0.0,1010.9,0.0,24.1,96,3.1,22,0.0,1006.5,0.0,1.8999999999999986,4,4,0
2023-04-09 05:00:00,25.6,89,5.8,21,0.0,1011.7,0.0,24.7,95,3.4,23,0.0,1007.3,0.0,0.9000000000000021,5,4,0
2023-04-09 06:00:00,26.5,85,3.1,8,9.0,1012.7,0.0,25.6,93,4.9,25,9.0,1008.2,0.0,0.8999999999999986,6,4,1
2023-04-09 07:00:00,28.0,78,3.5,10,135.0,1013.5,0.0,27.5,82,4.0,34,133.0,1009.0,0.0,0.5,7,4,1
2023-04-09 08:00:00,29.7,67,7.6,22,358.0,1014.2,0.0,29.4,70,5.0,24,328.0,1009.8,0.0,0.3000000000000007,8,4,1
2023-04-09 09:00:00,30.9,60,8.3,15,572.0,1014.2,0.0,31.3,58,7.2,24,575.0,1009.8,0.0,-0.40000000000000213,9,4,1
2023-04-09 10:00:00,31.8,56,10.1,24,769.0,1013.8,0.0,32.5,52,9.3,28,729.0,1009.2,0.0,-0.6999999999999993,10,4,1
2023-04-09 11:00:00,32.2,55,12.2,27,881.0,1013.1,0.0,33.2,49,11.7,49,819.0,1008.5,0.0,-1.0,11,4,1
2023-04-09 12:00:00,32.4,54,13.3,39,952.0,1012.3,0.0,33.5,48,13.1,54,874.0,1007.8,0.0,-1.1000000000000014,12,4,1
2023-04-09 13:00:00,32.2,54,14.2,47,914.0,1011.4,0.0,33.1,49,14.1,76,855.0,1006.9,0.0,-0.8999999999999986,13,4,1
2023-04-09 14:00:00,31.6,58,15.0,54,806.0,1010.5,0.0,32.3,53,14.4,84,655.0,1005.9,0.0,-0.6999999999999957,14,4,1
2023-04-09 15:00:00,31.2,59,14.9,29,674.0,1009.8,0.0,32.0,53,14.8,34,621.0,1005.2,0.0,-0.8000000000000007,15,4,1
2023-04-09 16:00:00,30.5,63,14.8,8,475.0,1009.5,0.0,31.3,55,15.0,8,466.0,1005.0,0.0,-0.8000000000000007,16,4,1
2023-04-09 17:00:00,30.2,66,14.0,0,239.0,1010.0,0.0,30.8,63,13.8,0,234.0,1005.5,0.0,-0.6000000000000014,17,4,1
2023-04-09 18:00:00,29.2,71,11.9,36,42.0,1010.7,0.0,29.4,69,11.9,4,41.0,1006.2,0.0,-0.1999999999999993,18,4,1
2023-04-09 19:00:00,28.8,73,9.8,7,0.0,1011.3,0.0,28.8,73,8.7,4,0.0,1006.9,0.0,0.0,19,4,0
2023-04-09 20:00:00,28.5,75,9.1,5,0.0,1011.9,0.0,28.2,75,7.4,0,0.0,1007.5,0.0,0.3000000000000007,20,4,0
2023-04-09 21:00:00,28.1,76,7.2,0,0.0,1012.4,0.0,27.4,79,5.0,0,0.0,1007.9,0.0,0.7000000000000028,21,4,0
2023-04-09 22:00:00,27.8,77,6.5,4,0.0,1012.5,0.0,26.7,82,6.1,0,0.0,1008.0,0.0,1.1000000000000014,22,4,0
2023-04-09 23:00:00,27.4,79,6.5,8,0.0,1012.0,0.0,26.1,85,7.9,0,0.0,1007.5,0.0,1.2999999999999972,23,4,0
2023-04-10 00:00:00,27.1,81,6.1,9,0.0,1011.2,0.0,26.0,85,7.6,2,0.0,1006.7,0.0,1.1000000000000014,0,4,0
2023-04-10 01:00:00,26.9,82,6.2,8,0.0,1010.4,0.0,25.8,85,7.3,3,0.0,1005.9,0.0,1.0999999999999979,1,4,0
2023-04-10 02:00:00,26.3,86,5.1,5,0.0,1009.7,0.0,26.2,83,6.2,0,0.0,1005.2,0.0,0.10000000000000142,2,4,0
2023-04-10 03:00:00,25.6,90,6.6,8,0.0,1009.4,0.0,26.6,81,4.1,3,0.0,1004.9,0.0,-1.0,3,4,0
2023-04-10 04:00:00,25.5,91,6.3,8,0.0,1009.4,0.0,26.2,84,2.5,8,0.0,1004.9,0.0,-0.6999999999999993,4,4,0
2023-04-10 05:00:00,25.6,92,6.1,9,0.0,1010.2,0.0,25.4,93,3.1,10,0.0,1005.7,0.0,0.20000000000000284,5,4,0
2023-04-10 06:00:00,26.7,87,5.0,8,10.0,1010.9,0.0,26.1,91,6.6,22,9.0,1006.4,0.0,0.5999999999999979,6,4,1
2023-04-10 07:00:00,28.4,79,5.1,8,151.0,1011.8,0.0,28.2,80,4.9,17,137.0,1007.4,0.0,0.1999999999999993,7,4,1
2023-04-10 08:00:00,30.0,69,7.1,11,390.0,1012.6,0.0,30.2,67,5.4,43,359.0,1008.2,0.0,-0.1999999999999993,8,4,1
2023-04-10 09:00:00,31.0,64,9.0,19,608.0,1012.8,0.0,31.7,60,7.6,23,566.0,1008.4,0.0,-0.6999999999999993,9,4,1
2023-04-10 10:00:00,31.5,61,11.4,3,788.0,1012.7,0.0,32.8,54,10.6,19,749.0,1008.2,0.0,-1.2999999999999972,10,4,1
2023-04-10 11:00:00,32.1,56,12.4,0,929.0,1011.9,0.0,33.2,53,11.8,22,896.0,1007.5,0.0,-1.1000000000000014,11,4,1
2023-04-10 12:00:00,32.3,54,13.4,0,990.0,1011.1,0.0,33.6,51,12.6,10,978.0,1006.6,0.0,-1.3000000000000043,12,4,1
2023-04-10 13:00:00,32.1,56,14.5,0,973.0,1010.0,0.0,33.6,50,13.4,3,958.0,1005.4,0.0,-1.5,13,4,1
2023-04-10 14:00:00,31.8,58,14.5,0,874.0,1009.0,0.0,33.2,51,14.0,1,871.0,1004.4,0.0,-1.4000000000000021,14,4,1
2023-04-10 15:00:00,31.1,61,13.0,0,707.0,1008.5,0.0,32.3,54,14.2,0,708.0,1004.0,0.0,-1.1999999999999957,15,4,1
2023-04-10 16:00:00,30.4,64,13.0,0,490.0,1008.3,0.0,31.3,57,12.9,0,490.0,1003.7,0.0,-0.9000000000000021,16,4,1
2023-04-10 17:00:00,30.0,70,12.8,0,247.0,1008.8,0.0,30.4,69,12.4,0,247.0,1004.3,0.0,-0.3999999999999986,17,4,1
2023-04-10 18:00:00,28.9,75,9.6,0,43.0,1009.2,0.0,28.9,76,9.2,0,44.0,1004.8,0.0,0.0,18,4,1
2023-04-10 19:00:00,28.4,79,9.1,0,0.0,1009.9,0.0,28.0,81,6.6,0,0.0,1005.5,0.0,0.3999999999999986,19,4,0
2023-04-10 20:00:00,27.9,82,6.9,0,0.0,1010.7,0.0,27.3,85,5.5,0,0.0,1006.3,0.0,0.5999999999999979,20,4,0
2023-04-10 21:00:00,27.5,85,6.6,1,0.0,1011.1,0.0,26.9,87,5.4,0,0.0,1006.7,0.0,0.6000000000000014,21,4,0
2023-04-10 22:00:00,26.8,90,5.2,1,0.0,1011.3,0.0,25.9,93,8.0,0,0.0,1006.9,0.0,0.9000000000000021,22,4,0
2023-04-10 23:00:00,25.8,94,7.1,3,0.0,1010.9,0.0,25.9,92,6.7,0,0.0,1006.5,0.0,-0.09999999999999787,23,4,0
2023-04-11 00:00:00,25.9,93,6.3,9,0.0,1010.2,0.0,26.3,90,5.4,1,0.0,1005.7,0.0,-0.40000000000000213,0,4,0
2023-04-11 01:00:00,26.1,93,5.1,17,0.0,1009.7,0.0,26.1,91,4.0,6,0.0,1005.2,0.0,0.0,1,4,0
2023-04-11 02:00:00,26.2,94,3.9,45,0.0,1009.2,0.0,25.6,94,2.3,30,0.0,1004.7,0.0,0.5999999999999979,2,4,0
2023-04-11 03:00:00,25.3,98,2.3,49,0.0,1008.9,0.0,24.8,97,1.1,100,0.0,1004.5,0.0,0.5,3,4,0
2023-04-11 04:00:00,25.0,99,3.3,100,0.0,1009.1,0.0,23.5,99,3.1,100,0.0,1004.7,0.0,1.5,4,4,0
2023-04-11 05:00:00,25.6,98,4.0,67,0.0,1009.6,0.0,25.2,98,1.9,100,0.0,1005.1,0.0,0.40000000000000213,5,4,0
2023-04-11 06:00:00,26.1,95,6.6,100,8.0,1010.3,0.0,25.5,98,5.8,100,9.0,1005.9,0.0,0.6000000000000014,6,4,1
2023-04-11 07:00:00,27.4,85,5.5,39,125.0,1011.1,0.0,27.3,85,4.2,31,108.0,1006.7,0.0,0.09999999999999787,7,4,1
2023-04-11 08:00:00,29.0,75,4.1,18,375.0,1012.0,0.0,29.2,74,1.6,26,360.0,1007.7,0.0,-0.1999999999999993,8,4,1
2023-04-11 09:00:00,30.5,66,4.5,10,610.0,1012.3,0.0,31.0,64,2.3,17,585.0,1007.8,0.0,-0.5,9,4,1
2023-04-11 10:00:00,31.8,59,7.6,2,798.0,1012.0,0.0,32.9,54,4.4,5,799.0,1007.6,0.0,-1.0999999999999979,10,4,1
2023-04-11 11:00:00,32.6,54,11.2,66,943.0,1011.5,0.0,34.3,48,8.2,9,941.0,1007.0,0.0,-1.6999999999999957,11,4,1
2023-04-11 12:00:00,32.9,48,12.9,46,1001.0,1010.7,0.0,34.8,44,11.2,76,997.0,1006.1,0.0,-1.8999999999999986,12,4,1
2023-04-11 13:00:00,33.1,45,12.9,30,980.0,1009.7,0.0,35.0,39,12.2,7,978.0,1005.1,0.0,-1.8999999999999986,13,4,1
2023-04-11 14:00:00,32.6,51,12.6,17,882.0,1008.9,0.0,34.7,38,12.3,14,885.0,1004.4,0.0,-2.1000000000000014,14,4,1
2023-04-11 15:00:00,31.8,57,11.6,63,715.0,1008.6,0.0,33.9,41,11.6,72,717.0,1004.1,0.0,-2.099999999999998,15,4,1
2023-04-11 16:00:00,30.7,64,11.8,83,495.0,1008.4,0.0,32.4,48,12.1,45,496.0,1003.9,0.0,-1.6999999999999993,16,4,1
2023-04-11 17:00:00,29.8,66,9.8,67,250.0,1009.1,0.0,30.8,56,10.1,64,251.0,1004.6,0.0,-1.0,17,4,1
2023-04-11 18:00:00,28.1,72,7.6,91,45.0,1009.4,0.0,28.1,72,8.5,87,45.0,1004.9,0.0,0.0,18,4,1
2023-04-11 19:00:00,27.5,77,8.3,15,0.0,1010.2,0.0,26.9,82,7.1,11,0.0,1005.7,0.0,0.6000000000000014,19,4,0
2023-04-11 20:00:00,27.0,85,7.5,0,0.0,1010.9,0.0,26.1,88,6.3,1,0.0,1006.5,0.0,0.8999999999999986,20,4,0
2023-04-11 21:00:00,26.4,90,6.4,0,0.0,1011.4,0.0,25.7,91,6.5,0,0.0,1007.0,0.0,0.6999999999999993,21,4,0
2023-04-11 22:00:00,26.3,91,6.6,0,0.0,1011.3,0.0,25.0,94,5.9,0,0.0,1007.0,0.0,1.3000000000000007,22,4,0
2023-04-11 23:00:00,25.6,93,6.2,0,0.0,1011.1,0.0,24.6,96,7.1,0,0.0,1006.7,0.0,1.0,23,4,0
2023-04-12 00:00:00,24.7,95,8.8,0,0.0,1010.5,0.0,23.8,98,9.2,0,0.0,1006.0,0.0,0.8999999999999986,0,4,0
2023-04-12 01:00:00,26.6,92,4.9,1,0.0,1009.9,0.0,25.4,94,5.0,0,0.0,1005.4,0.0,1.2000000000000028,1,4,0
2023-04-12 02:00:00,23.9,99,5.2,4,0.0,1009.5,0.0,23.0,99,4.2,29,0.0,1005.1,0.0,0.8999999999999986,2,4,0
2023-04-12 03:00:00,23.9,98,4.7,95,0.0,1009.2,0.0,23.4,100,4.9,100,0.0,1004.9,0.0,0.5,3,4,0
2023-04-12 04:00:00,24.0,98,6.5,100,0.0,1009.1,0.0,23.7,100,5.9,100,0.0,1004.7,0.0,0.3000000000000007,4,4,0
2023-04-12 05:00:00,24.1,99,6.5,100,0.0,1009.4,0.0,23.3,100,5.4,100,0.0,1005.0,0.0,0.8000000000000007,5,4,0
2023-04-12 06:00:00,24.1,99,6.6,100,10.0,1010.0,0.0,23.8,99,4.8,100,8.0,1005.6,0.0,0.3000000000000007,6,4,1
2023-04-12 07:00:00,24.9,94,6.5,100,102.0,1010.9,0.0,24.8,97,6.1,100,98.0,1006.5,0.0,0.09999999999999787,7,4,1
2023-04-12 08:00:00,27.6,82,8.0,44,302.0,1011.7,0.0,28.2,78,7.0,37,314.0,1007.4,0.0,-0.5999999999999979,8,4,1
2023-04-12 09:00:00,30.1,67,8.8,22,600.0,1012.0,0.0,30.7,63,6.3,16,612.0,1007.6,0.0,-0.5999999999999979,9,4,1
2023-04-12 10:00:00,32.2,52,8.8,0,810.0,1011.5,0.0,33.2,46,5.5,0,827.0,1007.1,0.0,-1.0,10,4,1
2023-04-12 11:00:00,33.6,44,10.8,0,957.0,1010.6,0.0,35.0,36,6.4,0,959.0,1006.2,0.0,-1.3999999999999986,11,4,1
2023-04-12 12:00:00,33.8,46,13.8,0,1013.0,1009.8,0.0,36.0,32,9.2,0,1014.0,1005.3,0.0,-2.200000000000003,12,4,1
2023-04-12 13:00:00,33.9,40,16.1,0,990.0,1008.9,0.0,36.3,29,12.6,0,990.0,1004.3,0.0,-2.3999999999999986,13,4,1
2023-04-12 14:00:00,33.6,39,17.0,0,888.0,1008.0,0.0,35.8,27,13.8,0,891.0,1003.5,0.0,-2.1999999999999957,14,4,1
2023-04-12 15:00:00,32.7,45,16.2,0,719.0,1007.5,0.0,34.6,31,13.8,0,723.0,1003.2,0.0,-1.8999999999999986,15,4,1
2023-04-12 16:00:00,31.5,55,16.0,0,498.0,1007.3,0.0,33.4,35,13.0,0,500.0,1003.0,0.0,-1.8999999999999986,16,4,1
2023-04-12 17:00:00,29.9,71,14.4,0,251.0,1007.7,0.0,31.5,47,11.6,0,253.0,1003.2,0.0,-1.6000000000000014,17,4,1
2023-04-12 18:00:00,28.3,80,11.8,0,45.0,1007.9,0.0,28.1,73,8.4,0,46.0,1003.6,0.0,0.1999999999999993,18,4,1
2023-04-12 19:00:00,27.7,84,11.6,0,0.0,1009.0,0.0,26.7,87,8.7,0,0.0,1004.5,0.0,1.0,19,4,0
2023-04-12 20:00:00,27.4,88,10.3,0,0.0,1009.8,0.0,26.0,91,6.6,0,0.0,1005.3,0.0,1.3999999999999986,20,4,0
2023-04-12 21:00:00,27.0,91,8.2,0,0.0,1010.4,0.0,24.8,96,8.5,0,0.0,1006.0,0.0,2.1999999999999993,21,4,0
2023-04-12 22:00:00,26.7,93,6.8,0,0.0,1010.8,0.0,24.5,96,8.6,0,0.0,1006.3,0.0,2.1999999999999993,22,4,0
2023-04-12 23:00:00,25.8,95,6.2,0,0.0,1010.3,0.0,24.5,96,8.0,0,0.0,1005.8,0.0,1.3000000000000007,23,4,0
2023-04-13 00:00:00,25.0,96,8.2,0,0.0,1009.6,0.0,24.6,97,6.2,0,0.0,1005.1,0.0,0.3999999999999986,0,4,0
2023-04-13 01:00:00,24.8,98,6.4,0,0.0,1009.0,0.0,23.6,99,6.2,9,0.0,1004.6,0.0,1.1999999999999993,1,4,0
2023-04-13 02:00:00,24.7,99,5.0,97,0.0,1008.6,0.0,23.3,100,4.2,100,0.0,1004.3,0.0,1.3999999999999986,2,4,0
2023-04-13 03:00:00,24.9,97,6.8,100,0.0,1008.2,0.0,23.4,100,5.5,100,0.0,1003.8,0.0,1.5,3,4,0
2023-04-13 04:00:00,24.5,98,8.0,99,0.0,1008.2,0.0,23.5,100,7.0,100,0.0,1003.9,0.0,1.0,4,4,0
2023-04-13 05:00:00,24.7,98,7.1,100,0.0,1008.7,0.0,24.7,100,6.9,100,0.0,1004.4,0.0,0.0,5,4,0
2023-04-13 06:00:00,25.1,98,8.0,100,11.0,1009.3,0.0,25.0,99,7.4,100,8.0,1004.9,0.0,0.10000000000000142,6,4,1
2023-04-13 07:00:00,26.2,93,8.9,100,137.0,1010.2,0.0,25.6,97,7.4,100,89.0,1005.8,0.0,0.5999999999999979,7,4,1
2023-04-13 08:00:00,28.4,81,10.4,56,336.0,1010.8,0.0,28.3,83,8.7,45,249.0,1006.5,0.0,0.09999999999999787,8,4,1
2023-04-13 09:00:00,30.8,68,10.2,4,599.0,1011.0,0.0,31.2,67,7.7,42,557.0,1006.7,0.0,-0.3999999999999986,9,4,1
2023-04-13 10:00:00,33.1,56,9.9,6,816.0,1010.4,0.0,34.0,49,7.6,2,797.0,1006.0,0.0,-0.8999999999999986,10,4,1
2023-04-13 11:00:00,34.2,53,12.6,0,948.0,1009.8,0.0,36.1,37,7.3,0,950.0,1005.3,0.0,-1.8999999999999986,11,4,1
2023-04-13 12:00:00,34.1,56,16.4,0,1004.0,1008.8,0.0,36.8,36,10.2,0,1007.0,1004.3,0.0,-2.6999999999999957,12,4,1
2023-04-13 13:00:00,34.1,49,19.1,0,979.0,1007.8,0.0,36.7,37,13.2,0,981.0,1003.2,0.0,-2.6000000000000014,13,4,1
2023-04-13 14:00:00,33.9,44,18.9,0,876.0,1006.7,0.0,36.3,35,13.7,0,881.0,1002.2,0.0,-2.3999999999999986,14,4,1
2023-04-13 15:00:00,33.3,46,18.0,0,708.0,1006.4,0.0,35.4,35,13.5,0,713.0,1002.0,0.0,-2.1000000000000014,15,4,1
2023-04-13 16:00:00,32.1,54,18.0,0,491.0,1006.2,0.0,34.2,38,13.6,0,493.0,1001.8,0.0,-2.1000000000000014,16,4,1
2023-04-13 17:00:00,30.0,73,16.6,0,248.0,1006.8,0.0,31.3,56,13.6,0,250.0,1002.5,0.0,-1.3000000000000007,17,4,1
2023-04-13 18:00:00,28.5,84,15.2,0,45.0,1007.6,0.0,28.6,77,11.6,0,45.0,1003.3,0.0,-0.10000000000000142,18,4,1
2023-04-13 19:00:00,28.2,85,14.5,0,0.0,1008.9,0.0,27.6,87,11.1,0,0.0,1004.5,0.0,0.5999999999999979,19,4,0
2023-04-13 20:00:00,27.9,87,12.9,0,0.0,1009.6,0.0,26.9,91,9.1,0,0.0,1005.1,0.0,1.0,20,4,0
2023-04-13 21:00:00,27.5,88,12.1,0,0.0,1010.0,0.0,26.3,91,8.4,0,0.0,1005.6,0.0,1.1999999999999993,21,4,0
2023-04-13 22:00:00,27.1,92,10.4,0,0.0,1010.3,0.0,25.8,93,7.2,0,0.0,1005.9,0.0,1.3000000000000007,22,4,0
2023-04-13 23:00:00,26.8,92,8.7,0,0.0,1010.0,0.0,25.0,96,6.0,0,0.0,1005.5,0.0,1.8000000000000007,23,4,0
2023-04-14 00:00:00,25.9,95,5.8,0,0.0,1009.2,0.0,24.1,98,9.1,0,0.0,1004.8,0.0,1.7999999999999972,0,4,0
2023-04-14 01:00:00,24.6,97,7.5,0,0.0,1008.7,0.0,24.1,99,6.6,0,0.0,1004.2,0.0,0.5,1,4,0
2023-04-14 02:00:00,24.9,98,6.2,0,0.0,1008.4,0.0,24.0,100,6.5,100,0.0,1004.1,0.0,0.8999999999999986,2,4,0
2023-04-14 03:00:00,24.6,98,8.6,64,0.0,1008.3,0.0,23.7,100,6.7,100,0.0,1004.0,0.0,0.9000000000000021,3,4,0
2023-04-14 04:00:00,24.2,98,9.0,100,0.0,1008.7,0.0,23.7,100,6.3,100,0.0,1004.3,0.0,0.5,4,4,0
2023-04-14 05:00:00,24.6,99,8.4,100,0.0,1009.3,0.0,24.5,100,7.6,100,0.0,1004.9,0.0,0.10000000000000142,5,4,0
2023-04-14 06:00:00,24.9,99,9.6,100,10.0,1009.6,0.0,24.9,99,8.2,100,7.0,1005.2,0.0,0.0,6,4,1
2023-04-14 07:00:00,25.4,97,10.7,100,100.0,1010.5,0.0,25.4,97,9.2,100,87.0,1006.1,0.0,0.0,7,4,1
2023-04-14 08:00:00,28.0,80,10.7,41,294.0,1011.1,0.0,28.3,80,9.7,39,259.0,1006.8,0.0,-0.3000000000000007,8,4,1
2023-04-14 09:00:00,30.7,66,10.8,8,608.0,1010.9,0.0,31.2,65,9.2,19,588.0,1006.7,0.0,-0.5,9,4,1
2023-04-14 10:00:00,33.2,52,11.9,1,816.0,1010.2,0.0,33.8,50,8.8,7,812.0,1006.0,0.0,-0.5999999999999943,10,4,1
2023-04-14 11:00:00,34.8,46,13.4,0,958.0,1009.3,0.0,35.9,40,9.0,0,953.0,1005.0,0.0,-1.1000000000000014,11,4,1
2023-04-14 12:00:00,34.8,52,16.7,0,1012.0,1008.0,0.0,37.2,34,9.8,0,1009.0,1003.7,0.0,-2.4000000000000057,12,4,1
2023-04-14 13:00:00,34.4,57,19.7,0,986.0,1007.1,0.0,37.6,34,11.8,0,983.0,1002.6,0.0,-3.200000000000003,13,4,1
2023-04-14 14:00:00,34.0,50,21.8,0,883.0,1006.1,0.0,36.7,41,15.4,1,882.0,1001.6,0.0,-2.700000000000003,14,4,1
2023-04-14 15:00:00,33.2,49,21.9,2,712.0,1005.8,0.0,35.8,38,16.6,3,715.0,1001.3,0.0,-2.5999999999999943,15,4,1
2023-04-14 16:00:00,31.9,61,20.5,4,494.0,1005.6,0.0,34.1,42,16.0,17,498.0,1001.3,0.0,-2.200000000000003,16,4,1
2023-04-14 17:00:00,30.7,72,15.7,4,251.0,1005.7,0.0,32.9,47,13.6,1,253.0,1001.5,0.0,-2.1999999999999993,17,4,1
2023-04-14 18:00:00,28.8,82,15.4,0,45.0,1006.2,0.0,29.8,65,11.9,0,46.0,1001.9,0.0,-1.0,18,4,1
2023-04-14 19:00:00,28.5,79,14.6,1,0.0,1007.3,0.0,28.2,73,11.2,1,0.0,1002.9,0.0,0.3000000000000007,19,4,0
2023-04-14 20:00:00,28.2,83,13.2,50,0.0,1008.0,0.0,27.2,80,10.2,39,0.0,1003.8,0.0,1.0,20,4,0
2023-04-14 21:00:00,27.6,89,10.6,93,0.0,1008.9,0.0,26.4,91,9.0,91,0.0,1004.4,0.0,1.2000000000000028,21,4,0
2023-04-14 22:00:00,27.1,92,9.7,2,0.0,1009.1,0.0,26.1,93,8.5,6,0.0,1004.6,0.0,1.0,22,4,0
2023-04-14 23:00:00,26.9,93,9.0,54,0.0,1008.6,0.0,25.5,94,7.2,100,0.0,1004.2,0.0,1.3999999999999986,23,4,0
2023-04-15 00:00:00,26.4,93,7.3,100,0.0,1008.1,0.0,24.6,95,6.0,100,0.0,1003.6,0.0,1.7999999999999972,0,4,0
2023-04-15 01:00:00,25.8,93,6.3,100,0.0,1007.6,0.0,24.1,97,6.1,99,0.0,1003.2,0.0,1.6999999999999993,1,4,0
2023-04-15 02:00:00,24.9,94,7.6,99,0.0,1007.1,0.0,23.7,99,5.5,100,0.0,1002.6,0.0,1.1999999999999993,2,4,0
2023-04-15 03:00:00,24.2,93,7.1,100,0.0,1006.9,0.0,23.3,98,5.6,99,0.0,1002.5,0.0,0.8999999999999986,3,4,0
2023-04-15 04:00:00,23.9,92,7.2,18,0.0,1007.1,0.0,22.8,98,5.8,13,0.0,1002.8,0.0,1.0999999999999979,4,4,0
2023-04-15 05:00:00,24.6,96,6.0,20,0.0,1008.3,0.0,23.6,100,5.6,18,0.0,1003.9,0.0,1.0,5,4,0
2023-04-15 06:00:00,25.0,96,7.7,62,14.0,1009.0,0.0,24.4,99,7.3,97,11.0,1004.6,0.0,0.6000000000000014,6,4,1
2023-04-15 07:00:00,26.5,90,8.9,6,157.0,1009.8,0.0,26.6,89,8.1,8,145.0,1005.5,0.0,-0.10000000000000142,7,4,1
2023-04-15 08:00:00,29.2,78,12.9,26,400.0,1010.6,0.0,29.7,74,14.3,35,400.0,1006.3,0.0,-0.5,8,4,1
2023-04-15 09:00:00,31.7,62,13.4,36,626.0,1010.4,0.0,32.1,57,12.4,80,608.0,1006.1,0.0,-0.40000000000000213,9,4,1
2023-04-15 10:00:00,34.0,48,11.8,76,821.0,1009.9,0.0,34.6,42,10.3,85,818.0,1005.5,0.0,-0.6000000000000014,10,4,1
2023-04-15 11:00:00,35.3,42,12.1,99,950.0,1009.2,0.0,36.5,34,7.6,97,949.0,1004.7,0.0,-1.2000000000000028,11,4,1
2023-04-15 12:00:00,34.4,58,17.7,100,996.0,1008.1,0.0,37.5,32,7.9,100,996.0,1003.7,0.0,-3.1000000000000014,12,4,1
2023-04-15 13:00:00,33.9,57,19.4,100,953.0,1007.1,0.0,36.8,42,12.7,100,961.0,1002.5,0.0,-2.8999999999999986,13,4,1
2023-04-15 14:00:00,33.7,46,19.6,100,853.0,1006.3,0.0,35.9,43,16.4,100,849.0,1001.7,0.0,-2.1999999999999957,14,4,1
2023-04-15 15:00:00,32.8,53,18.2,100,645.0,1005.8,0.0,34.9,42,15.8,100,644.0,1001.3,0.0,-2.1000000000000014,15,4,1
2023-04-15 16:00:00,31.5,62,18.2,100,390.0,1005.4,0.0,33.3,47,13.7,100,404.0,1001.1,0.0,-1.7999999999999972,16,4,1
2023-04-15 17:00:00,30.5,68,11.0,100,165.0,1006.3,0.0,31.3,60,12.0,100,182.0,1001.7,0.0,-0.8000000000000007,17,4,1
2023-04-15 18:00:00,29.2,77,9.7,100,33.0,1007.0,0.0,29.4,75,9.2,100,33.0,1002.6,0.0,-0.1999999999999993,18,4,1
2023-04-15 19:00:00,28.7,83,10.0,100,0.0,1007.5,0.0,28.6,83,10.3,100,0.0,1003.2,0.0,0.09999999999999787,19,4,0
2023-04-15 20:00:00,28.6,85,11.3,100,0.0,1008.0,0.0,28.1,87,8.7,100,0.0,1003.7,0.0,0.5,20,4,0
2023-04-15 21:00:00,28.3,86,10.6,100,0.0,1008.3,0.0,27.6,89,7.6,92,0.0,1004.0,0.0,0.6999999999999993,21,4,0
2023-04-15 22:00:00,27.9,89,10.8,90,0.0,1008.4,0.0,26.5,95,6.2,100,0.0,1004.1,0.0,1.3999999999999986,22,4,0
2023-04-15 23:00:00,27.2,92,9.1,100,0.0,1007.9,0.0,26.1,96,6.3,100,0.0,1003.5,0.0,1.0999999999999979,23,4,0
2023-04-16 00:00:00,27.0,93,9.0,100,0.0,1007.0,0.0,25.7,96,6.1,100,0.0,1002.7,0.0,1.3000000000000007,0,4,0
2023-04-16 01:00:00,26.6,95,8.6,100,0.0,1006.4,0.0,25.6,97,6.5,100,0.0,1002.0,0.0,1.0,1,4,0
2023-04-16 02:00:00,26.0,97,8.5,100,0.0,1005.8,0.0,25.2,98,7.5,100,0.0,1001.4,0.0,0.8000000000000007,2,4,0
2023-04-16 03:00:00,25.4,97,10.0,100,0.0,1005.7,0.0,24.8,98,7.7,96,0.0,1001.4,0.0,0.5999999999999979,3,4,0
2023-04-16 04:00:00,25.1,96,9.3,100,0.0,1006.2,0.0,24.5,98,6.9,100,0.0,1001.8,0.0,0.6000000000000014,4,4,0
2023-04-16 05:00:00,25.2,96,7.8,100,0.0,1006.8,0.0,24.6,99,6.3,94,0.0,1002.4,0.0,0.5999999999999979,5,4,0
2023-04-16 06:00:00,25.6,96,9.6,99,14.0,1007.6,0.0,25.1,99,8.5,92,14.0,1003.3,0.0,0.5,6,4,1
2023-04-16 07:00:00,27.3,88,11.5,93,163.0,1008.5,0.0,27.2,86,9.6,85,151.0,1004.4,0.0,0.10000000000000142,7,4,1
2023-04-16 08:00:00,29.5,75,13.8,66,382.0,1009.2,0.0,29.9,66,12.9,42,392.0,1005.0,0.0,-0.3999999999999986,8,4,1
2023-04-16 09:00:00,32.0,57,14.2,13,644.0,1009.4,0.0,32.5,49,13.0,16,633.0,1005.2,0.0,-0.5,9,4,1
2023-04-16 10:00:00,34.3,41,13.4,0,831.0,1009.0,0.0,34.7,37,11.2,0,827.0,1004.7,0.0,-0.4000000000000057,10,4,1
2023-04-16 11:00:00,35.5,36,14.0,59,956.0,1008.2,0.0,36.4,31,9.5,71,957.0,1003.9,0.0,-0.8999999999999986,11,4,1
2023-04-16 12:00:00,35.1,45,17.7,72,1002.0,1007.1,0.0,37.3,30,8.8,57,1007.0,1002.7,0.0,-2.1999999999999957,12,4,1
2023-04-16 13:00:00,34.4,52,20.9,75,972.0,1005.9,0.0,37.1,35,13.0,47,973.0,1001.5,0.0,-2.700000000000003,13,4,1
2023-04-16 14:00:00,34.3,45,21.7,80,869.0,1004.9,0.0,36.2,40,15.8,19,869.0,1000.5,0.0,-1.9000000000000057,14,4,1
2023-04-16 15:00:00,33.5,45,21.6,79,689.0,1004.2,0.0,35.6,35,16.2,34,706.0,999.8,0.0,-2.1000000000000014,15,4,1
2023-04-16 16:00:00,32.3,54,20.1,94,464.0,1004.1,0.0,34.2,37,14.5,30,486.0,999.7,0.0,-1.9000000000000057,16,4,1
2023-04-16 17:00:00,30.6,71,16.9,81,225.0,1004.8,0.0,32.0,57,13.0,18,248.0,1000.6,0.0,-1.3999999999999986,17,4,1
2023-04-16 18:00:00,28.8,83,15.1,17,44.0,1005.5,0.0,29.1,76,11.1,0,46.0,1001.2,0.0,-0.3000000000000007,18,4,1
2023-04-16 19:00:00,28.2,89,14.2,0,0.0,1006.0,0.0,27.9,85,11.6,0,0.0,1001.6,0.0,0.3000000000000007,19,4,0
2023-04-16 20:00:00,27.8,92,12.6,0,0.0,1006.9,0.0,27.1,91,9.8,0,0.0,1002.6,0.0,0.6999999999999993,20,4,0
2023-04-16 21:00:00,27.6,92,11.4,1,0.0,1007.5,0.0,26.6,93,9.1,2,0.0,1003.2,0.0,1.0,21,4,0
2023-04-16 22:00:00,27.4,92,11.3,2,0.0,1007.5,0.0,26.1,92,8.0,3,0.0,1003.1,0.0,1.2999999999999972,22,4,0
2023-04-16 23:00:00,27.1,93,9.7,5,0.0,1007.0,0.0,25.6,94,7.2,5,0.0,1002.7,0.0,1.5,23,4,0
2023-04-17 00:00:00,26.9,94,9.3,13,0.0,1006.3,0.0,25.2,96,6.6,0,0.0,1002.0,0.0,1.6999999999999993,0,4,0
2023-04-17 01:00:00,26.3,95,9.0,0,0.0,1005.8,0.0,24.9,96,6.7,0,0.0,1001.5,0.0,1.4000000000000021,1,4,0
2023-04-17 02:00:00,25.5,95,8.6,0,0.0,1005.4,0.0,24.4,96,7.4,0,0.0,1001.0,0.0,1.1000000000000014,2,4,0
2023-04-17 03:00:00,24.7,95,9.6,0,0.0,1005.5,0.0,24.1,97,8.4,0,0.0,1001.1,0.0,0.5999999999999979,3,4,0
2023-04-17 04:00:00,24.4,94,9.7,0,0.0,1006.0,0.0,24.0,97,8.3,0,0.0,1001.7,0.0,0.3999999999999986,4,4,0
2023-04-17 05:00:00,24.7,95,8.5,0,0.0,1006.5,0.0,24.2,96,7.7,0,0.0,1002.1,0.0,0.5,5,4,0
2023-04-17 06:00:00,25.2,92,10.0,0,16.0,1007.5,0.0,24.8,93,9.7,1,15.0,1003.1,0.0,0.3999999999999986,6,4,1
2023-04-17 07:00:00,27.2,82,11.3,3,175.0,1008.5,0.0,27.2,79,10.0,10,171.0,1004.2,0.0,0.0,7,4,1
2023-04-17 08:00:00,29.5,72,15.3,4,406.0,1009.0,0.0,30.0,67,13.6,0,405.0,1004.7,0.0,-0.5,8,4,1
2023-04-17 09:00:00,31.8,58,16.0,0,643.0,1009.0,0.0,32.4,52,13.8,0,642.0,1004.7,0.0,-0.5999999999999979,9,4,1
2023-04-17 10:00:00,33.5,49,14.9,0,828.0,1008.7,0.0,34.6,42,11.9,0,830.0,1004.3,0.0,-1.1000000000000014,10,4,1
2023-04-17 11:00:00,34.4,45,15.6,0,953.0,1008.1,0.0,36.1,34,11.7,0,956.0,1003.6,0.0,-1.7000000000000028,11,4,1
2023-04-17 12:00:00,34.1,52,17.9,0,1006.0,1007.3,0.0,36.8,31,13.0,0,1008.0,1002.7,0.0,-2.6999999999999957,12,4,1
2023-04-17 13:00:00,34.0,48,19.5,0,980.0,1006.5,0.0,36.7,29,14.6,0,984.0,1002.0,0.0,-2.700000000000003,13,4,1
2023-04-17 14:00:00,33.3,50,19.8,0,878.0,1006.0,0.0,36.1,29,14.8,0,884.0,1001.3,0.0,-2.8000000000000043,14,4,1
2023-04-17 15:00:00,32.2,55,20.1,0,711.0,1005.4,0.0,34.9,34,15.5,0,716.0,1000.9,0.0,-2.6999999999999957,15,4,1
2023-04-17 16:00:00,31.0,63,19.9,0,492.0,1005.6,0.0,33.0,46,15.6,0,496.0,1001.3,0.0,-2.0,16,4,1
2023-04-17 17:00:00,30.3,74,16.8,0,249.0,1005.8,0.0,31.8,60,13.3,0,250.0,1001.5,0.0,-1.5,17,4,1
2023-04-17 18:00:00,28.7,88,16.9,0,45.0,1006.3,0.0,28.7,83,11.9,0,46.0,1002.1,0.0,0.0,18,4,1
2023-04-17 19:00:00,28.4,90,15.1,0,0.0,1007.4,0.0,27.9,91,12.8,0,0.0,1003.1,0.0,0.5,19,4,0
2023-04-17 20:00:00,28.1,91,14.5,0,0.0,1008.4,0.0,27.5,91,11.4,0,0.0,1004.0,0.0,0.6000000000000014,20,4,0
2023-04-17 21:00:00,27.9,90,14.2,0,0.0,1008.8,0.0,26.9,92,9.7,0,0.0,1004.6,0.0,1.0,21,4,0
2023-04-17 22:00:00,27.7,90,13.7,0,0.0,1008.9,0.0,26.5,94,9.2,0,0.0,1004.6,0.0,1.1999999999999993,22,4,0
2023-04-17 23:00:00,27.3,92,12.5,0,0.0,1008.4,0.0,26.2,95,8.2,0,0.0,1004.1,0.0,1.1000000000000014,23,4,0
2023-04-18 00:00:00,27.0,93,11.2,0,0.0,1007.8,0.0,25.7,96,7.6,0,0.0,1003.5,0.0,1.3000000000000007,0,4,0
2023-04-18 01:00:00,26.6,95,9.3,0,0.0,1007.2,0.0,25.5,96,8.6,0,0.0,1002.8,0.0,1.1000000000000014,1,4,0
2023-04-18 02:00:00,26.0,95,9.7,0,0.0,1007.0,0.0,25.0,97,7.9,1,0.0,1002.7,0.0,1.0,2,4,0
2023-04-18 03:00:00,25.3,96,10.8,0,0.0,1006.8,0.0,24.5,99,6.4,10,0.0,1002.4,0.0,0.8000000000000007,3,4,0
2023-04-18 04:00:00,25.0,97,11.0,21,0.0,1007.2,0.0,24.6,100,7.4,100,0.0,1002.9,0.0,0.3999999999999986,4,4,0
2023-04-18 05:00:00,25.5,99,9.5,100,0.0,1007.5,0.0,25.5,100,7.6,100,0.0,1003.1,0.0,0.0,5,4,0
2023-04-18 06:00:00,26.4,92,12.0,39,11.0,1008.5,0.0,26.5,94,10.5,32,10.0,1004.0,0.0,-0.10000000000000142,6,4,1
2023-04-18 07:00:00,27.8,82,12.3,45,164.0,1009.5,0.0,27.9,83,11.9,41,130.0,1005.2,0.0,-0.09999999999999787,7,4,1
2023-04-18 08:00:00,29.7,72,11.8,17,398.0,1010.5,0.0,30.2,70,13.1,14,389.0,1006.1,0.0,-0.5,8,4,1
2023-04-18 09:00:00,31.7,62,12.1,11,630.0,1010.8,0.0,32.4,59,11.2,12,609.0,1006.4,0.0,-0.6999999999999993,9,4,1
2023-04-18 10:00:00,33.7,52,12.0,2,817.0,1010.2,0.0,34.5,49,8.8,1,810.0,1005.9,0.0,-0.7999999999999972,10,4,1
2023-04-18 11:00:00,34.4,53,15.5,0,946.0,1009.7,0.0,36.3,40,8.8,0,944.0,1005.2,0.0,-1.8999999999999986,11,4,1
2023-04-18 12:00:00,33.6,60,20.8,0,996.0,1008.7,0.0,36.5,44,12.9,0,994.0,1004.1,0.0,-2.8999999999999986,12,4,1
2023-04-18 13:00:00,33.5,52,22.7,0,970.0,1007.8,0.0,35.7,48,17.8,0,967.0,1003.2,0.0,-2.200000000000003,13,4,1
2023-04-18 14:00:00,32.8,57,22.1,0,816.0,1006.8,0.0,35.2,40,18.4,0,846.0,1002.2,0.0,-2.4000000000000057,14,4,1
2023-04-18 15:00:00,32.2,62,22.3,0,698.0,1006.0,0.0,34.2,46,17.2,0,700.0,1001.6,0.0,-2.0,15,4,1
2023-04-18 16:00:00,31.2,66,21.1,18,491.0,1006.1,0.0,32.7,55,15.8,16,488.0,1001.8,0.0,-1.5000000000000036,16,4,1
2023-04-18 17:00:00,29.8,78,16.2,8,241.0,1006.4,0.0,30.9,66,14.1,1,242.0,1001.9,0.0,-1.0999999999999979,17,4,1
2023-04-18 18:00:00,28.5,86,16.6,0,45.0,1006.5,0.0,28.5,83,13.3,0,45.0,1002.2,0.0,0.0,18,4,1
2023-04-18 19:00:00,28.2,87,15.6,0,0.0,1007.4,0.0,27.6,87,11.0,0,0.0,1003.1,0.0,0.5999999999999979,19,4,0
2023-04-18 20:00:00,27.8,91,14.4,0,0.0,1007.9,0.0,27.2,90,12.5,0,0.0,1003.5,0.0,0.6000000000000014,20,4,0
2023-04-18 21:00:00,27.6,91,13.4,0,0.0,1008.5,0.0,26.8,95,10.2,0,0.0,1004.2,0.0,0.8000000000000007,21,4,0
2023-04-18 22:00:00,27.4,89,10.8,0,0.0,1008.6,0.0,26.5,95,7.4,0,0.0,1004.1,0.0,0.8999999999999986,22,4,0
2023-04-18 23:00:00,27.0,92,10.7,0,0.0,1008.3,0.0,26.0,96,6.6,0,0.0,1004.0,0.0,1.0,23,4,0
2023-04-19 00:00:00,26.8,94,9.4,0,0.0,1007.7,0.0,25.8,96,6.8,0,0.0,1003.3,0.0,1.0,0,4,0
2023-04-19 01:00:00,26.2,96,8.4,11,0.0,1007.4,0.0,25.2,98,5.8,2,0.0,1003.0,0.0,1.0,1,4,0
2023-04-19 02:00:00,25.6,97,8.2,27,0.0,1006.8,0.0,24.8,99,5.8,13,0.0,1002.5,0.0,0.8000000000000007,2,4,0
2023-04-19 03:00:00,25.3,98,9.2,76,0.0,1006.7,0.0,24.8,100,6.0,100,0.0,1002.4,0.0,0.5,3,4,0
2023-04-19 04:00:00,25.5,98,9.4,99,0.0,1006.8,0.0,25.2,100,7.3,100,0.0,1002.4,0.0,0.3000000000000007,4,4,0
2023-04-19 05:00:00,26.1,100,9.2,83,0.0,1006.6,0.0,26.3,99,6.7,100,0.0,1002.3,0.0,-0.1999999999999993,5,4,0
2023-04-19 06:00:00,26.9,95,11.0,100,12.0,1007.3,0.0,26.9,96,8.9,33,9.0,1003.0,0.0,0.0,6,4,1
2023-04-19 07:00:00,28.5,84,12.1,43,171.0,1008.1,0.0,28.6,84,12.0,23,138.0,1003.8,0.0,-0.10000000000000142,7,4,1
2023-04-19 08:00:00,30.3,73,13.5,13,376.0,1008.8,0.0,30.6,71,12.6,19,362.0,1004.5,0.0,-0.3000000000000007,8,4,1
2023-04-19 09:00:00,32.1,63,13.8,4,609.0,1009.0,0.0,32.6,61,12.3,10,607.0,1004.8,0.0,-0.5,9,4,1
2023-04-19 10:00:00,33.8,55,13.8,1,799.0,1008.5,0.0,34.6,52,11.7,7,801.0,1004.1,0.0,-0.8000000000000043,10,4,1
2023-04-19 11:00:00,34.7,53,16.9,0,945.0,1007.6,0.0,36.4,43,11.5,2,936.0,1003.1,0.0,-1.6999999999999957,11,4,1
2023-04-19 12:00:00,34.1,62,21.9,0,995.0,1006.3,0.0,37.2,40,13.3,3,987.0,1001.8,0.0,-3.1000000000000014,12,4,1
2023-04-19 13:00:00,33.8,61,24.7,0,967.0,1004.9,0.0,36.7,47,17.4,3,963.0,1000.5,0.0,-2.9000000000000057,13,4,1
2023-04-19 14:00:00,33.4,58,25.9,2,865.0,1003.6,0.0,35.7,51,19.2,5,850.0,999.2,0.0,-2.3000000000000043,14,4,1
2023-04-19 15:00:00,32.9,61,24.1,1,678.0,1003.0,0.0,34.8,53,18.4,2,676.0,998.6,0.0,-1.8999999999999986,15,4,1
2023-04-19 16:00:00,32.1,65,21.7,0,476.0,1002.9,0.0,33.7,54,16.4,0,474.0,998.5,0.0,-1.6000000000000014,16,4,1
2023-04-19 17:00:00,30.7,73,19.3,0,247.0,1002.9,0.0,32.0,62,15.6,0,244.0,998.7,0.0,-1.3000000000000007,17,4,1
2023-04-19 18:00:00,29.1,83,17.3,0,44.0,1003.4,0.0,29.5,75,13.2,0,45.0,999.0,0.0,-0.3999999999999986,18,4,1
2023-04-19 19:00:00,28.8,86,17.3,0,0.0,1004.2,0.0,28.2,87,13.9,0,0.0,999.9,0.0,0.6000000000000014,19,4,0
2023-04-19 20:00:00,28.6,86,17.9,0,0.0,1004.9,0.0,27.6,91,11.5,0,0.0,1000.7,0.0,1.0,20,4,0
2023-04-19 21:00:00,28.3,89,16.1,0,0.0,1005.6,0.0,27.2,91,10.1,0,0.0,1001.4,0.0,1.1000000000000014,21,4,0
2023-04-19 22:00:00,28.0,90,14.8,0,0.0,1005.8,0.0,26.8,92,9.8,0,0.0,1001.6,0.0,1.1999999999999993,22,4,0
2023-04-19 23:00:00,27.6,94,14.9,0,0.0,1005.4,0.0,26.5,95,10.2,0,0.0,1001.2,0.0,1.1000000000000014,23,4,0
2023-04-20 00:00:00,27.4,94,14.0,0,0.0,1004.6,0.0,26.3,96,9.7,0,0.0,1000.4,0.0,1.0999999999999979,0,4,0
2023-04-20 01:00:00,27.1,94,13.1,0,0.0,1004.2,0.0,26.2,95,10.1,0,0.0,999.9,0.0,0.9000000000000021,1,4,0
2023-04-20 02:00:00,26.8,95,12.7,6,0.0,1003.6,0.0,26.1,96,9.3,5,0.0,999.3,0.0,0.6999999999999993,2,4,0
2023-04-20 03:00:00,26.6,94,13.4,14,0.0,1003.6,0.0,26.0,97,8.9,28,0.0,999.4,0.0,0.6000000000000014,3,4,0
2023-04-20 04:00:00,26.4,95,13.7,19,0.0,1004.0,0.0,26.1,97,8.9,55,0.0,999.7,0.0,0.29999999999999716,4,4,0
2023-04-20 05:00:00,28.0,91,13.5,45,0.0,1004.2,0.0,27.3,95,8.2,96,0.0,999.9,0.0,0.6999999999999993,5,4,0
2023-04-20 06:00:00,28.4,88,14.8,68,14.0,1004.8,0.0,27.8,91,12.2,100,13.0,1000.6,0.0,0.5999999999999979,6,4,1
2023-04-20 07:00:00,29.4,81,17.1,28,142.0,1005.7,0.0,29.1,80,15.2,20,131.0,1001.5,0.0,0.29999999999999716,7,4,1
2023-04-20 08:00:00,31.0,71,17.2,12,361.0,1006.0,0.0,31.0,70,17.4,15,386.0,1001.8,0.0,0.0,8,4,1
2023-04-20 09:00:00,33.0,59,16.9,1,624.0,1006.7,0.0,33.3,55,16.8,0,627.0,1002.4,0.0,-0.29999999999999716,9,4,1
2023-04-20 10:00:00,34.9,49,15.4,0,814.0,1006.2,0.0,35.5,44,14.7,0,816.0,1001.8,0.0,-0.6000000000000014,10,4,1
2023-04-20 11:00:00,36.0,44,16.5,0,936.0,1005.4,0.0,37.2,38,11.9,0,937.0,1001.0,0.0,-1.2000000000000028,11,4,1
2023-04-20 12:00:00,35.0,58,22.5,2,983.0,1004.4,0.0,38.3,34,11.2,3,985.0,999.9,0.0,-3.299999999999997,12,4,1
2023-04-20 13:00:00,34.5,54,25.9,1,955.0,1003.1,0.0,37.3,44,16.4,2,946.0,998.7,0.0,-2.799999999999997,13,4,1
2023-04-20 14:00:00,33.8,54,26.2,6,827.0,1001.7,0.0,35.8,51,20.0,3,826.0,997.4,0.0,-2.0,14,4,1
2023-04-20 15:00:00,33.1,61,25.0,8,670.0,1000.8,0.0,34.7,52,20.3,1,656.0,996.5,0.0,-1.6000000000000014,15,4,1
2023-04-20 16:00:00,32.1,67,24.6,1,459.0,1000.5,0.0,33.5,59,18.8,1,460.0,996.2,0.0,-1.3999999999999986,16,4,1
2023-04-20 17:00:00,31.3,75,22.1,0,236.0,1000.9,0.0,32.4,67,16.9,4,231.0,996.6,0.0,-1.0999999999999979,17,4,1
2023-04-20 18:00:00,29.8,84,19.6,1,43.0,1001.2,0.0,30.0,81,15.6,8,43.0,997.1,0.0,-0.1999999999999993,18,4,1
2023-04-20 19:00:00,29.4,89,19.6,4,0.0,1002.0,0.0,29.2,87,15.9,11,0.0,997.7,0.0,0.1999999999999993,19,4,0
2023-04-20 20:00:00,29.1,90,19.3,4,0.0,1002.9,0.0,28.8,90,15.0,16,0.0,998.7,0.0,0.3000000000000007,20,4,0
2023-04-20 21:00:00,28.9,92,19.4,3,0.0,1003.7,0.0,28.5,90,15.4,17,0.0,999.5,0.0,0.3999999999999986,21,4,0
2023-04-20 22:00:00,28.6,94,19.3,3,0.0,1004.1,0.0,28.2,94,14.3,14,0.0,999.9,0.0,0.40000000000000213,22,4,0
2023-04-20 23:00:00,28.5,93,17.7,2,0.0,1004.0,0.0,27.9,95,13.0,10,0.0,999.8,0.0,0.6000000000000014,23,4,0
2023-04-21 00:00:00,28.2,94,15.9,9,0.0,1003.7,0.0,27.8,94,12.2,4,0.0,999.3,0.0,0.3999999999999986,0,4,0
2023-04-21 01:00:00,28.1,93,16.6,18,0.0,1003.0,0.0,27.6,92,12.3,2,0.0,998.7,0.0,0.5,1,4,0
2023-04-21 02:00:00,28.0,93,16.3,16,0.0,1002.5,0.0,27.3,95,12.3,4,0.0,998.2,0.0,0.6999999999999993,2,4,0
2023-04-21 03:00:00,27.8,93,15.0,14,0.0,1002.3,0.0,27.1,97,11.5,17,0.0,998.0,0.0,0.6999999999999993,3,4,0
2023-04-21 04:00:00,27.6,93,14.6,16,0.0,1002.6,0.0,27.0,94,12.3,8,0.0,998.3,0.0,0.6000000000000014,4,4,0
2023-04-21 05:00:00,28.3,89,17.2,27,0.0,1003.3,0.0,27.4,89,15.0,27,0.0,999.1,0.0,0.9000000000000021,5,4,0
2023-04-21 06:00:00,28.3,84,19.2,6,17.0,1003.9,0.0,27.8,87,17.1,6,16.0,999.6,0.0,0.5,6,4,1
2023-04-21 07:00:00,29.7,76,19.0,12,173.0,1005.2,0.0,29.6,76,18.4,4,170.0,1000.9,0.0,0.09999999999999787,7,4,1
2023-04-21 08:00:00,31.8,63,18.2,0,408.0,1005.9,0.0,32.0,62,15.8,0,402.0,1001.6,0.0,-0.1999999999999993,8,4,1
2023-04-21 09:00:00,34.1,50,17.6,0,637.0,1006.3,0.0,34.4,49,16.5,0,635.0,1001.9,0.0,-0.29999999999999716,9,4,1
2023-04-21 10:00:00,35.7,44,15.4,0,819.0,1005.8,0.0,36.4,41,14.4,0,816.0,1001.4,0.0,-0.6999999999999957,10,4,1
2023-04-21 11:00:00,35.9,47,17.5,2,935.0,1004.9,0.0,37.9,35,11.8,0,936.0,1000.5,0.0,-2.0,11,4,1
2023-04-21 12:00:00,34.4,62,25.4,7,983.0,1004.1,0.0,38.1,35,13.6,3,981.0,999.6,0.0,-3.700000000000003,12,4,1
2023-04-21 13:00:00,33.9,56,27.4,28,935.0,1003.0,0.0,36.2,51,19.7,3,949.0,998.5,0.0,-2.3000000000000043,13,4,1
2023-04-21 14:00:00,33.5,60,24.9,34,748.0,1002.2,0.0,35.6,51,17.9,30,769.0,997.7,0.0,-2.1000000000000014,14,4,1
2023-04-21 15:00:00,32.7,63,24.9,20,561.0,1001.5,0.0,34.9,53,20.0,17,607.0,996.9,0.0,-2.1999999999999957,15,4,1
2023-04-21 16:00:00,31.8,70,23.7,23,409.0,1001.4,0.0,33.0,62,20.5,23,405.0,996.9,0.0,-1.1999999999999993,16,4,1
2023-04-21 17:00:00,31.0,77,18.8,30,215.0,1002.0,0.0,31.7,69,18.0,26,202.0,997.6,0.0,-0.6999999999999993,17,4,1
2023-04-21 18:00:00,29.9,84,15.8,10,41.0,1002.9,0.0,30.2,80,14.2,24,38.0,998.5,0.0,-0.3000000000000007,18,4,1
2023-04-21 19:00:00,29.7,85,14.3,12,0.0,1003.9,0.0,29.6,84,12.1,21,0.0,999.5,0.0,0.09999999999999787,19,4,0
2023-04-21 20:00:00,29.5,87,14.8,26,0.0,1004.6,0.0,29.3,87,12.7,27,0.0,1000.2,0.0,0.1999999999999993,20,4,0
2023-04-21 21:00:00,29.3,89,15.0,28,0.0,1005.0,0.0,29.1,87,11.8,11,0.0,1000.6,0.0,0.1999999999999993,21,4,0
2023-04-21 22:00:00,29.2,88,15.7,10,0.0,1005.1,0.0,28.9,86,12.4,11,0.0,1000.8,0.0,0.3000000000000007,22,4,0
2023-04-21 23:00:00,29.0,89,14.7,39,0.0,1005.2,0.0,28.7,88,11.2,7,0.0,1000.8,0.0,0.3000000000000007,23,4,0
2023-04-22 00:00:00,28.8,90,12.7,21,0.0,1004.5,0.0,28.4,89,9.1,5,0.0,1000.1,0.0,0.40000000000000213,0,4,0
2023-04-22 01:00:00,28.6,91,12.2,17,0.0,1003.9,0.0,28.1,92,7.2,24,0.0,999.5,0.0,0.5,1,4,0
2023-04-22 02:00:00,28.2,92,12.7,14,0.0,1003.4,0.0,28.0,93,9.1,13,0.0,999.0,0.1,0.1999999999999993,2,4,0
2023-04-22 03:00:00,28.1,91,11.7,33,0.0,1003.2,0.1,27.7,92,6.4,16,0.0,998.9,0.1,0.40000000000000213,3,4,0
2023-04-22 04:00:00,28.0,90,10.9,17,0.0,1003.4,0.0,27.5,92,6.4,25,0.0,999.1,0.0,0.5,4,4,0
2023-04-22 05:00:00,28.7,90,10.3,16,0.0,1003.6,0.0,27.7,89,9.0,12,0.0,999.4,0.0,1.0,5,4,0
2023-04-22 06:00:00,29.0,82,12.8,8,15.0,1004.6,0.0,28.1,84,10.9,8,16.0,1000.3,0.0,0.8999999999999986,6,4,1
2023-04-22 07:00:00,30.0,74,11.2,10,171.0,1005.7,0.0,29.7,78,10.3,2,167.0,1001.3,0.0,0.3000000000000007,7,4,1
2023-04-22 08:00:00,31.7,65,9.0,5,388.0,1006.6,0.0,31.8,66,8.6,11,398.0,1002.3,0.0,-0.10000000000000142,8,4,1
2023-04-22 09:00:00,33.2,58,11.0,10,605.0,1007.0,0.0,34.0,53,8.6,26,605.0,1002.5,0.0,-0.7999999999999972,9,4,1
2023-04-22 10:00:00,33.9,57,14.3,20,772.0,1006.4,0.0,35.4,46,9.1,13,747.0,1002.0,0.0,-1.5,10,4,1
2023-04-22 11:00:00,33.6,63,20.7,57,871.0,1005.5,0.0,36.5,43,11.6,13,880.0,1001.0,0.0,-2.8999999999999986,11,4,1
2023-04-22 12:00:00,33.6,59,23.5,29,903.0,1005.1,0.0,36.0,45,15.3,36,922.0,1000.6,0.0,-2.3999999999999986,12,4,1
2023-04-22 13:00:00,33.7,55,21.6,72,829.0,1004.1,0.0,34.6,51,18.2,19,687.0,999.5,0.0,-0.8999999999999986,13,4,1
2023-04-22 14:00:00,32.7,64,16.8,100,622.0,1003.2,0.0,34.3,53,14.5,33,731.0,998.6,0.0,-1.5999999999999943,14,4,1
2023-04-22 15:00:00,30.9,72,16.7,99,252.0,1002.6,0.0,33.9,53,14.8,73,571.0,997.9,0.0,-3.0,15,4,1
2023-04-22 16:00:00,31.2,71,17.4,26,324.0,1002.1,0.0,32.5,60,13.3,55,322.0,997.8,0.0,-1.3000000000000007,16,4,1
2023-04-22 17:00:00,30.6,77,17.6,21,211.0,1002.2,0.0,31.3,68,13.3,39,176.0,998.1,0.0,-0.6999999999999993,17,4,1
2023-04-22 18:00:00,29.8,81,16.5,21,37.0,1002.6,0.0,30.0,78,12.7,23,32.0,998.3,0.0,-0.1999999999999993,18,4,1
2023-04-22 19:00:00,29.4,84,14.6,9,0.0,1003.6,0.0,29.2,83,10.7,29,0.0,999.3,0.0,0.1999999999999993,19,4,0
2023-04-22 20:00:00,29.2,86,14.8,16,0.0,1004.4,0.0,28.9,85,12.0,17,0.0,1000.0,0.0,0.3000000000000007,20,4,0
2023-04-22 21:00:00,29.2,85,15.4,8,0.0,1005.0,0.0,28.8,86,12.1,12,0.0,1000.7,0.0,0.3999999999999986,21,4,0
2023-04-22 22:00:00,29.1,85,15.7,16,0.0,1005.3,0.0,28.5,87,10.9,15,0.0,1001.0,0.0,0.6000000000000014,22,4,0
2023-04-22 23:00:00,28.8,86,15.1,19,0.0,1005.1,0.0,28.4,88,10.4,5,0.0,1000.8,0.0,0.40000000000000213,23,4,0
2023-04-23 00:00:00,28.5,88,13.6,1,0.0,1004.5,0.0,28.1,89,10.0,0,0.0,1000.2,0.0,0.3999999999999986,0,4,0
2023-04-23 01:00:00,28.2,89,12.7,1,0.0,1004.0,0.0,27.8,90,9.3,0,0.0,999.6,0.0,0.3999999999999986,1,4,0
2023-04-23 02:00:00,28.0,90,12.5,7,0.0,1003.8,0.0,27.6,91,9.2,3,0.0,999.6,0.0,0.3999999999999986,2,4,0
2023-04-23 03:00:00,27.9,89,13.4,25,0.0,1003.8,0.0,27.5,91,9.4,22,0.0,999.5,0.0,0.3999999999999986,3,4,0
2023-04-23 04:00:00,28.1,87,14.2,95,0.0,1004.1,0.0,27.5,91,10.0,94,0.0,999.8,0.0,0.6000000000000014,4,4,0
2023-04-23 05:00:00,28.6,86,14.3,100,0.0,1004.4,0.0,28.1,86,10.4,89,0.0,1000.0,0.0,0.5,5,4,0
2023-04-23 06:00:00,29.0,82,14.0,99,17.0,1004.9,0.0,28.7,83,11.3,100,17.0,1000.6,0.0,0.3000000000000007,6,4,1
2023-04-23 07:00:00,30.4,74,17.0,93,168.0,1005.8,0.0,30.4,73,14.1,100,154.0,1001.5,0.0,0.0,7,4,1
2023-04-23 08:00:00,31.9,67,19.5,79,390.0,1006.3,0.0,32.2,65,15.5,80,378.0,1002.1,0.0,-0.30000000000000426,8,4,1
2023-04-23 09:00:00,32.7,64,20.2,79,620.0,1006.4,0.0,33.3,58,15.8,67,585.0,1002.0,0.2,-0.5999999999999943,9,4,1
2023-04-23 10:00:00,33.5,60,17.3,55,762.0,1006.2,0.0,34.2,54,13.7,75,712.0,1001.8,0.1,-0.7000000000000028,10,4,1
2023-04-23 11:00:00,32.1,70,17.0,72,835.0,1005.9,6.2,34.3,55,11.5,81,763.0,1001.4,1.0,-2.1999999999999957,11,4,1
2023-04-23 12:00:00,32.4,67,19.7,45,704.0,1005.0,0.1,34.4,55,12.1,53,754.0,1000.6,0.7,-2.0,12,4,1
2023-04-23 13:00:00,33.2,65,24.6,41,811.0,1003.8,0.0,35.0,52,12.3,71,751.0,999.5,0.1,-1.7999999999999972,13,4,1
2023-04-23 14:00:00,32.1,66,25.1,58,788.0,1003.0,0.0,33.9,57,17.7,63,671.0,998.5,0.0,-1.7999999999999972,14,4,1
2023-04-23 15:00:00,31.5,70,24.5,70,513.0,1002.6,0.0,32.8,60,19.0,65,536.0,998.2,0.0,-1.2999999999999972,15,4,1
2023-04-23 16:00:00,31.2,72,21.3,100,354.0,1002.8,0.0,31.9,66,16.8,98,322.0,998.5,0.0,-0.6999999999999993,16,4,1
2023-04-23 17:00:00,30.8,77,15.4,99,119.0,1002.8,0.0,31.5,70,12.1,93,145.0,998.4,0.0,-0.6999999999999993,17,4,1
2023-04-23 18:00:00,30.2,78,14.7,86,23.0,1003.7,0.0,30.4,75,10.7,67,20.0,999.5,0.0,-0.1999999999999993,18,4,1
2023-04-23 19:00:00,30.0,78,15.0,35,0.0,1004.7,0.0,29.9,78,12.1,90,0.0,1000.2,0.0,0.10000000000000142,19,4,0
2023-04-23 20:00:00,29.8,80,15.8,100,0.0,1005.8,0.0,29.6,79,10.7,27,0.0,1001.6,0.0,0.1999999999999993,20,4,0
2023-04-23 21:00:00,29.9,79,18.3,100,0.0,1006.5,0.0,29.5,80,12.9,48,0.0,1002.3,0.0,0.3999999999999986,21,4,0
2023-04-23 22:00:00,29.8,80,17.3,13,0.0,1007.4,0.0,29.3,82,13.1,97,0.0,1003.2,0.0,0.5,22,4,0
2023-04-23 23:00:00,29.1,81,16.3,58,0.0,1007.3,0.0,29.1,82,10.5,95,0.0,1003.0,0.0,0.0,23,4,0
2023-04-24 00:00:00,29.2,80,17.5,73,0.0,1006.4,0.0,29.2,79,13.7,100,0.0,1002.2,0.0,0.0,0,4,0
2023-04-24 01:00:00,29.3,78,21.8,35,0.0,1005.4,0.0,28.7,80,14.6,100,0.0,1001.2,0.0,0.6000000000000014,1,4,0
2023-04-24 02:00:00,29.0,79,20.2,18,0.0,1005.2,0.0,28.3,82,13.6,100,0.0,1000.9,0.0,0.6999999999999993,2,4,0
2023-04-24 03:00:00,28.7,81,18.9,49,0.0,1005.2,0.0,27.8,84,10.2,100,0.0,1001.0,0.0,0.8999999999999986,3,4,0
2023-04-24 04:00:00,28.2,84,15.5,75,0.0,1005.6,0.0,27.7,83,11.2,100,0.0,1001.3,0.0,0.5,4,4,0
2023-04-24 05:00:00,29.0,81,17.8,19,0.0,1006.0,0.1,28.5,80,13.3,39,0.0,1001.9,0.0,0.5,5,4,0
2023-04-24 06:00:00,29.0,81,17.3,26,11.0,1006.5,0.0,28.3,82,13.0,4,14.0,1002.2,0.0,0.6999999999999993,6,4,1
2023-04-24 07:00:00,29.6,76,16.1,12,161.0,1007.2,0.0,29.9,74,16.9,18,163.0,1002.8,0.0,-0.29999999999999716,7,4,1
2023-04-24 08:00:00,31.1,69,19.4,12,363.0,1007.8,0.0,31.1,69,17.3,34,360.0,1003.5,0.2,0.0,8,4,1
2023-04-24 09:00:00,32.1,64,21.8,21,574.0,1007.9,0.0,32.2,64,16.6,32,568.0,1003.6,0.3,-0.10000000000000142,9,4,1
2023-04-24 10:00:00,32.6,63,21.8,35,735.0,1007.7,0.1,33.5,59,16.6,25,723.0,1003.4,0.1,-0.8999999999999986,10,4,1
2023-04-24 11:00:00,32.5,65,21.9,23,848.0,1007.3,0.1,34.2,55,16.9,25,840.0,1002.8,0.0,-1.7000000000000028,11,4,1
2023-04-24 12:00:00,32.6,65,21.9,16,886.0,1007.1,0.1,34.0,52,18.0,61,843.0,1002.6,0.2,-1.3999999999999986,12,4,1
2023-04-24 13:00:00,31.7,69,22.1,45,793.0,1006.6,0.0,33.7,52,18.2,76,795.0,1002.1,0.1,-2.0000000000000036,13,4,1
2023-04-24 14:00:00,31.3,70,20.7,44,650.0,1005.5,0.0,32.3,62,17.3,69,565.0,1001.0,0.9,-0.9999999999999964,14,4,1
2023-04-24 15:00:00,31.2,68,19.9,69,518.0,1005.0,0.5,32.2,62,16.0,71,531.0,1000.5,0.2,-1.0000000000000036,15,4,1
2023-04-24 16:00:00,30.3,75,19.1,95,358.0,1004.9,0.0,30.8,70,16.3,88,313.0,1000.6,0.0,-0.5,16,4,1
2023-04-24 17:00:00,30.0,75,18.1,94,158.0,1005.0,0.0,30.6,71,16.1,80,185.0,1000.6,0.0,-0.6000000000000014,17,4,1
2023-04-24 18:00:00,29.4,79,17.2,23,37.0,1005.7,0.0,29.6,75,14.9,15,37.0,1001.3,0.0,-0.20000000000000284,18,4,1
2023-04-24 19:00:00,29.1,81,17.0,20,0.0,1006.6,0.0,29.1,79,13.0,14,0.0,1002.2,0.0,0.0,19,4,0
2023-04-24 20:00:00,28.9,82,15.6,12,0.0,1007.6,0.0,28.8,80,10.9,17,0.0,1003.2,0.0,0.09999999999999787,20,4,0
2023-04-24 21:00:00,29.0,80,15.1,65,0.0,1008.0,0.0,28.6,81,10.3,89,0.0,1003.7,0.0,0.3999999999999986,21,4,0
2023-04-24 22:00:00,29.2,78,13.9,86,0.0,1008.4,0.0,28.5,81,8.2,80,0.0,1004.1,0.0,0.6999999999999993,22,4,0
2023-04-24 23:00:00,29.0,79,13.2,39,0.0,1008.4,0.0,28.3,81,7.3,88,0.0,1004.0,0.0,0.6999999999999993,23,4,0
2023-04-25 00:00:00,28.8,79,13.3,85,0.0,1007.9,0.0,28.0,82,7.4,97,0.0,1003.6,0.0,0.8000000000000007,0,4,0
2023-04-25 01:00:00,28.6,80,11.8,97,0.0,1007.4,0.0,27.6,83,6.0,80,0.0,1003.1,0.0,1.0,1,4,0
2023-04-25 02:00:00,28.3,82,10.5,92,0.0,1007.2,0.0,27.4,85,5.4,92,0.0,1002.9,0.0,0.9000000000000021,2,4,0
2023-04-25 03:00:00,28.0,83,9.8,92,0.0,1007.1,0.0,27.1,87,5.4,92,0.0,1002.7,0.0,0.8999999999999986,3,4,0
2023-04-25 04:00:00,27.8,85,9.2,95,0.0,1007.2,0.0,26.7,89,5.5,91,0.0,1002.9,0.0,1.1000000000000014,4,4,0
2023-04-25 05:00:00,28.1,83,11.8,92,0.0,1007.8,0.0,27.6,88,8.7,100,0.0,1003.5,0.0,0.5,5,4,0
2023-04-25 06:00:00,28.8,80,12.2,99,14.0,1008.0,0.0,28.0,86,4.7,93,14.0,1003.5,0.1,0.8000000000000007,6,4,1
2023-04-25 07:00:00,29.4,76,11.3,99,114.0,1008.8,0.0,28.4,77,10.1,91,126.0,1004.6,0.3,1.0,7,4,1
2023-04-25 08:00:00,29.8,71,15.8,94,323.0,1009.5,0.1,30.1,70,8.0,100,306.0,1005.1,0.0,-0.3000000000000007,8,4,1
2023-04-25 09:00:00,30.5,70,13.4,93,466.0,1009.4,0.3,31.7,64,12.6,96,503.0,1005.0,0.0,-1.1999999999999993,9,4,1
2023-04-25 10:00:00,31.5,65,16.5,92,712.0,1009.4,0.2,32.9,59,15.1,92,703.0,1005.0,0.1,-1.3999999999999986,10,4,1
2023-04-25 11:00:00,32.1,63,17.9,95,829.0,1009.0,0.2,33.8,55,16.1,82,858.0,1004.5,0.0,-1.6999999999999957,11,4,1
2023-04-25 12:00:00,32.0,64,19.5,42,875.0,1008.3,0.1,33.7,55,16.9,91,810.0,1003.9,0.0,-1.7000000000000028,12,4,1
2023-04-25 13:00:00,32.0,64,18.9,9,906.0,1007.4,0.0,33.8,54,16.6,15,871.0,1002.9,0.0,-1.7999999999999972,13,4,1
2023-04-25 14:00:00,31.6,66,20.2,7,805.0,1006.1,0.0,33.4,55,17.4,11,800.0,1001.7,0.0,-1.7999999999999972,14,4,1
2023-04-25 15:00:00,30.9,69,18.8,40,637.0,1005.2,0.0,32.2,61,16.9,63,629.0,1000.8,0.0,-1.3000000000000043,15,4,1
2023-04-25 16:00:00,30.7,70,17.7,20,448.0,1004.7,0.0,31.2,66,15.8,23,430.0,1000.3,0.0,-0.5,16,4,1
2023-04-25 17:00:00,31.1,72,14.8,45,219.0,1004.8,0.0,31.4,68,15.7,38,210.0,1000.6,0.0,-0.29999999999999716,17,4,1
2023-04-25 18:00:00,30.0,77,14.9,25,41.0,1005.8,0.0,30.0,74,13.0,91,41.0,1001.5,0.0,0.0,18,4,1
2023-04-25 19:00:00,29.9,76,13.0,70,0.0,1006.9,0.0,29.4,78,11.0,97,0.0,1002.6,0.0,0.5,19,4,0
2023-04-25 20:00:00,29.9,74,13.2,75,0.0,1007.7,0.0,29.1,79,10.0,77,0.0,1003.3,0.0,0.7999999999999972,20,4,0
2023-04-25 21:00:00,29.7,74,13.5,98,0.0,1008.5,0.0,29.0,78,9.6,99,0.0,1004.2,0.0,0.6999999999999993,21,4,0
2023-04-25 22:00:00,29.5,74,13.2,97,0.0,1009.1,0.0,28.8,78,8.5,95,0.0,1004.7,0.0,0.6999999999999993,22,4,0
2023-04-25 23:00:00,29.4,73,12.2,38,0.0,1008.7,0.0,28.4,78,6.9,100,0.0,1004.4,0.0,1.0,23,4,0
2023-04-26 00:00:00,29.0,75,9.9,99,0.0,1008.2,0.0,27.8,81,4.9,100,0.0,1003.8,0.0,1.1999999999999993,0,4,0
2023-04-26 01:00:00,28.6,77,8.0,88,0.0,1007.4,0.0,27.4,84,5.9,100,0.0,1003.0,0.0,1.2000000000000028,1,4,0
2023-04-26 02:00:00,28.2,79,5.9,39,0.0,1006.6,0.0,27.1,85,5.8,87,0.0,1002.3,0.0,1.0999999999999979,2,4,0
2023-04-26 03:00:00,27.7,83,5.1,16,0.0,1006.1,0.0,26.5,88,5.8,55,0.0,1001.8,0.0,1.1999999999999993,3,4,0
2023-04-26 04:00:00,27.2,86,4.9,26,0.0,1006.5,0.0,26.1,90,5.6,22,0.0,1002.1,0.0,1.0999999999999979,4,4,0
2023-04-26 05:00:00,27.5,85,4.7,1,0.0,1007.5,0.0,26.9,87,6.0,13,0.0,1003.0,0.0,0.6000000000000014,5,4,0
2023-04-26 06:00:00,28.4,81,6.2,39,18.0,1008.1,0.0,28.2,80,5.2,87,17.0,1003.6,0.0,0.1999999999999993,6,4,1
2023-04-26 07:00:00,29.7,74,7.6,100,162.0,1009.0,0.0,30.0,71,8.0,100,157.0,1004.5,0.0,-0.3000000000000007,7,4,1
2023-04-26 08:00:00,30.8,68,10.3,100,382.0,1009.2,0.1,31.2,64,10.5,100,356.0,1004.7,0.1,-0.3999999999999986,8,4,1
2023-04-26 09:00:00,31.7,62,12.8,100,579.0,1009.4,0.0,32.2,60,11.3,100,567.0,1005.0,0.1,-0.5000000000000036,9,4,1
2023-04-26 10:00:00,32.5,58,14.3,99,727.0,1009.3,0.0,32.9,57,10.5,100,715.0,1005.1,0.2,-0.3999999999999986,10,4,1
2023-04-26 11:00:00,32.7,58,13.8,94,822.0,1008.8,0.0,32.9,57,8.6,97,737.0,1004.6,0.3,-0.19999999999999574,11,4,1
2023-04-26 12:00:00,32.8,57,13.7,99,937.0,1008.1,0.0,33.0,56,11.2,100,731.0,1003.7,0.1,-0.20000000000000284,12,4,1
2023-04-26 13:00:00,32.5,58,14.9,92,860.0,1006.8,0.0,33.7,53,12.6,86,828.0,1002.2,0.0,-1.2000000000000028,13,4,1
2023-04-26 14:00:00,32.2,59,14.4,37,802.0,1005.6,0.0,33.5,53,14.1,58,787.0,1001.1,0.0,-1.2999999999999972,14,4,1
2023-04-26 15:00:00,31.6,62,15.0,78,633.0,1004.9,0.0,32.5,58,15.3,99,612.0,1000.5,0.0,-0.8999999999999986,15,4,1
2023-04-26 16:00:00,31.0,63,13.8,97,425.0,1004.9,0.0,31.8,60,14.3,42,443.0,1000.5,0.0,-0.8000000000000007,16,4,1
2023-04-26 17:00:00,30.7,66,14.0,49,215.0,1004.9,0.0,31.1,61,14.3,79,217.0,1000.6,0.0,-0.40000000000000213,17,4,1
2023-04-26 18:00:00,29.8,70,11.6,25,42.0,1005.6,0.0,29.9,69,11.7,99,41.0,1001.3,0.0,-0.09999999999999787,18,4,1
2023-04-26 19:00:00,29.5,73,9.7,22,0.0,1006.5,0.0,29.4,72,8.3,76,0.0,1002.2,0.0,0.10000000000000142,19,4,0
2023-04-26 20:00:00,29.2,75,8.3,11,0.0,1007.3,0.0,28.9,75,5.9,42,0.0,1003.0,0.0,0.3000000000000007,20,4,0
2023-04-26 21:00:00,28.9,77,7.5,16,0.0,1007.8,0.0,28.1,79,4.8,6,0.0,1003.5,0.0,0.7999999999999972,21,4,0
2023-04-26 22:00:00,28.6,79,6.9,89,0.0,1008.1,0.0,27.4,84,6.6,99,0.0,1003.8,0.0,1.2000000000000028,22,4,0
2023-04-26 23:00:00,28.4,81,6.4,100,0.0,1007.9,0.0,27.0,87,6.6,100,0.0,1003.6,0.0,1.3999999999999986,23,4,0
2023-04-27 00:00:00,28.4,82,8.4,100,0.0,1007.2,0.0,26.9,88,6.1,100,0.0,1003.0,0.0,1.5,0,4,0
2023-04-27 01:00:00,28.3,81,9.9,100,0.0,1006.6,0.0,27.2,86,5.4,100,0.0,1002.3,0.0,1.1000000000000014,1,4,0
2023-04-27 02:00:00,28.2,82,8.7,100,0.0,1006.2,0.0,26.5,90,6.5,98,0.0,1001.8,0.0,1.6999999999999993,2,4,0
2023-04-27 03:00:00,27.9,84,7.2,100,0.0,1005.8,0.0,26.2,91,7.0,89,0.0,1001.5,0.0,1.6999999999999993,3,4,0
2023-04-27 04:00:00,27.0,89,4.7,98,0.0,1006.2,0.0,26.5,90,3.9,46,0.0,1001.8,0.0,0.5,4,4,0
2023-04-27 05:00:00,26.9,94,5.4,100,0.0,1006.8,0.0,26.5,93,3.2,97,0.0,1002.4,0.0,0.3999999999999986,5,4,0
2023-04-27 06:00:00,28.0,88,3.3,54,19.0,1007.2,0.0,27.5,89,2.6,92,18.0,1002.8,0.0,0.5,6,4,1
2023-04-27 07:00:00,29.5,79,3.0,27,166.0,1008.0,0.0,29.8,76,2.1,61,169.0,1003.6,0.0,-0.3000000000000007,7,4,1
2023-04-27 08:00:00,31.0,70,7.9,27,400.0,1008.6,0.0,31.8,63,6.6,34,397.0,1004.2,0.0,-0.8000000000000007,8,4,1
2023-04-27 09:00:00,32.1,63,10.5,97,615.0,1009.2,0.0,33.4,54,9.4,67,606.0,1004.7,0.0,-1.2999999999999972,9,4,1
2023-04-27 10:00:00,32.6,61,11.9,85,756.0,1009.0,0.0,34.2,50,12.2,80,754.0,1004.5,0.0,-1.6000000000000014,10,4,1
2023-04-27 11:00:00,33.0,59,13.4,100,905.0,1008.6,0.0,34.7,48,13.5,98,881.0,1004.1,0.0,-1.7000000000000028,11,4,1
2023-04-27 12:00:00,33.1,59,15.4,100,945.0,1008.0,0.0,34.5,49,14.8,100,881.0,1003.5,0.0,-1.3999999999999986,12,4,1
2023-04-27 13:00:00,32.8,61,16.1,100,911.0,1007.0,0.1,34.4,49,14.8,100,863.0,1002.5,0.0,-1.6000000000000014,13,4,1
2023-04-27 14:00:00,32.5,62,16.8,100,777.0,1006.3,0.0,34.0,51,15.9,100,813.0,1001.8,0.0,-1.5,14,4,1
2023-04-27 15:00:00,32.0,64,17.0,100,588.0,1005.5,0.0,32.9,57,15.8,100,589.0,1001.1,0.0,-0.8999999999999986,15,4,1
2023-04-27 16:00:00,31.5,66,16.4,100,433.0,1005.4,0.0,32.0,62,14.8,100,388.0,1001.0,0.0,-0.5,16,4,1
2023-04-27 17:00:00,31.2,68,12.5,45,219.0,1005.6,0.0,31.5,65,13.0,100,206.0,1001.4,0.0,-0.3000000000000007,17,4,1
2023-04-27 18:00:00,30.3,72,12.5,100,42.0,1006.2,0.0,30.4,70,11.2,93,41.0,1001.9,0.0,-0.09999999999999787,18,4,1
2023-04-27 19:00:00,30.0,74,12.4,100,0.0,1007.3,0.0,29.7,74,8.9,100,0.0,1002.9,0.0,0.3000000000000007,19,4,0
2023-04-27 20:00:00,29.7,76,11.7,100,0.0,1007.9,0.0,29.3,77,8.4,100,0.0,1003.6,0.0,0.3999999999999986,20,4,0
2023-04-27 21:00:00,29.5,78,12.2,100,0.0,1008.6,0.0,29.0,79,8.6,100,0.0,1004.3,0.0,0.5,21,4,0
2023-04-27 22:00:00,29.2,79,11.6,100,0.0,1008.8,0.0,28.6,81,7.4,100,0.0,1004.5,0.0,0.5999999999999979,22,4,0
2023-04-27 23:00:00,29.1,80,11.8,100,0.0,1008.9,0.0,28.5,80,6.8,100,0.0,1004.5,0.0,0.6000000000000014,23,4,0
2023-04-28 00:00:00,29.0,79,10.6,100,0.0,1008.2,0.0,28.1,82,5.4,100,0.0,1003.9,0.0,0.8999999999999986,0,4,0
2023-04-28 01:00:00,28.7,81,9.9,100,0.0,1007.6,0.0,27.5,84,5.2,100,0.0,1003.3,0.0,1.1999999999999993,1,4,0
2023-04-28 02:00:00,28.5,81,9.4,100,0.0,1007.2,0.0,27.2,86,5.2,100,0.0,1002.8,0.0,1.3000000000000007,2,4,0
2023-04-28 03:00:00,28.1,83,7.8,100,0.0,1007.2,0.0,26.8,88,7.0,100,0.0,1002.8,0.0,1.3000000000000007,3,4,0
2023-04-28 04:00:00,27.8,86,6.8,99,0.0,1007.6,0.0,26.8,88,6.5,100,0.0,1003.2,0.0,1.0,4,4,0
2023-04-28 05:00:00,28.0,88,4.3,98,0.0,1007.7,0.0,27.9,84,4.5,100,0.0,1003.4,0.0,0.10000000000000142,5,4,0
2023-04-28 06:00:00,28.9,85,7.4,100,20.0,1008.5,0.0,28.5,83,3.6,100,18.0,1004.2,0.3,0.3999999999999986,6,4,1
2023-04-28 07:00:00,30.2,72,9.5,98,168.0,1009.3,0.6,29.0,74,10.9,100,153.0,1005.2,0.5,1.1999999999999993,7,4,1
2023-04-28 08:00:00,31.4,66,11.2,51,347.0,1010.0,0.0,29.9,72,6.9,36,301.0,1005.8,0.0,1.5,8,4,1
2023-04-28 09:00:00,32.3,62,11.4,26,582.0,1010.1,0.1,32.4,62,6.4,22,558.0,1005.8,0.0,-0.10000000000000142,9,4,1
2023-04-28 10:00:00,32.9,61,12.6,100,755.0,1009.7,0.0,33.3,57,10.9,77,719.0,1005.4,0.0,-0.3999999999999986,10,4,1
2023-04-28 11:00:00,32.9,61,15.9,100,873.0,1009.2,0.3,33.4,56,9.7,53,766.0,1005.0,0.4,-0.5,11,4,1
2023-04-28 12:00:00,32.8,61,14.6,47,828.0,1008.4,0.4,34.4,53,13.3,13,780.0,1003.9,0.0,-1.6000000000000014,12,4,1
2023-04-28 13:00:00,32.8,61,17.3,19,882.0,1007.5,0.0,34.7,50,16.1,12,862.0,1003.0,0.0,-1.9000000000000057,13,4,1
2023-04-28 14:00:00,32.6,60,17.6,89,794.0,1006.2,0.0,34.1,52,17.3,3,782.0,1001.7,0.0,-1.5,14,4,1
2023-04-28 15:00:00,31.3,67,16.8,100,495.0,1005.4,0.0,33.3,55,16.6,25,662.0,1000.9,0.0,-1.9999999999999964,15,4,1
2023-04-28 16:00:00,31.0,69,18.2,100,432.0,1004.9,0.0,31.9,62,16.8,96,449.0,1000.6,0.0,-0.8999999999999986,16,4,1
2023-04-28 17:00:00,30.7,69,15.3,100,218.0,1005.2,0.0,31.4,63,14.3,98,227.0,1000.9,0.0,-0.6999999999999993,17,4,1
2023-04-28 18:00:00,30.0,73,14.1,96,41.0,1005.4,0.0,30.0,71,12.3,53,41.0,1000.9,0.0,0.0,18,4,1
2023-04-28 19:00:00,29.6,75,11.0,100,0.0,1006.7,0.0,29.6,74,9.0,93,0.0,1002.3,0.0,0.0,19,4,0
2023-04-28 20:00:00,29.5,77,12.3,100,0.0,1007.4,0.0,29.2,77,8.9,94,0.0,1003.1,0.0,0.3000000000000007,20,4,0
2023-04-28 21:00:00,29.3,78,11.7,100,0.0,1008.3,0.0,29.0,78,8.1,100,0.0,1004.0,0.0,0.3000000000000007,21,4,0
2023-04-28 22:00:00,29.2,79,12.0,87,0.0,1008.6,0.0,28.6,80,7.5,71,0.0,1004.4,0.0,0.5999999999999979,22,4,0
2023-04-28 23:00:00,29.0,80,11.5,30,0.0,1008.5,0.0,28.4,81,7.1,29,0.0,1004.1,0.0,0.6000000000000014,23,4,0
2023-04-29 00:00:00,28.8,80,9.8,23,0.0,1007.7,0.0,28.1,82,5.5,4,0.0,1003.3,0.0,0.6999999999999993,0,4,0
2023-04-29 01:00:00,28.7,79,9.7,23,0.0,1006.9,0.0,27.7,83,4.8,15,0.0,1002.6,0.0,1.0,1,4,0
2023-04-29 02:00:00,28.7,78,9.0,94,0.0,1006.3,0.0,27.5,83,4.7,99,0.0,1002.0,0.0,1.1999999999999993,2,4,0
2023-04-29 03:00:00,28.3,79,7.6,93,0.0,1006.3,0.0,27.1,85,5.7,97,0.0,1002.0,0.0,1.1999999999999993,3,4,0
2023-04-29 04:00:00,27.9,82,5.8,84,0.0,1006.6,0.0,26.9,86,6.2,90,0.0,1002.2,0.0,1.0,4,4,0
2023-04-29 05:00:00,28.4,83,5.0,90,0.0,1006.8,0.0,26.8,88,3.7,89,0.0,1002.5,0.0,1.5999999999999979,5,4,0
2023-04-29 06:00:00,28.9,81,8.0,91,20.0,1007.1,0.6,27.7,87,2.9,39,15.0,1002.9,0.0,1.1999999999999993,6,4,1
2023-04-29 07:00:00,28.7,79,7.5,82,131.0,1008.6,0.4,28.6,80,3.9,96,138.0,1004.3,0.1,0.09999999999999787,7,4,1
2023-04-29 08:00:00,30.0,73,7.9,91,298.0,1009.4,0.0,30.2,71,8.2,89,285.0,1005.0,0.1,-0.1999999999999993,8,4,1
2023-04-29 09:00:00,31.5,67,9.7,97,550.0,1009.5,0.1,31.5,65,10.7,95,485.0,1005.2,0.0,0.0,9,4,1
2023-04-29 10:00:00,29.2,72,20.3,100,680.0,1009.9,3.1,30.7,68,10.5,100,606.0,1005.5,1.0,-1.5,10,4,1
2023-04-29 11:00:00,28.6,74,24.9,100,720.0,1010.1,0.1,30.0,68,15.6,100,648.0,1005.4,0.5,-1.3999999999999986,11,4,1
2023-04-29 12:00:00,30.2,67,12.6,100,605.0,1008.7,0.2,31.6,63,11.0,100,761.0,1004.2,0.1,-1.4000000000000021,12,4,1
2023-04-29 13:00:00,30.5,68,14.0,100,816.0,1007.4,0.0,32.7,58,11.7,100,828.0,1002.9,0.0,-2.200000000000003,13,4,1
2023-04-29 14:00:00,30.0,70,16.3,100,772.0,1006.1,0.0,31.1,65,15.9,100,793.0,1001.8,0.9,-1.1000000000000014,14,4,1
2023-04-29 15:00:00,30.0,69,16.6,74,592.0,1005.4,0.0,30.8,65,15.5,100,545.0,1000.9,0.0,-0.8000000000000007,15,4,1
2023-04-29 16:00:00,29.6,72,16.3,24,436.0,1005.0,0.0,30.4,67,15.5,94,434.0,1000.6,0.0,-0.7999999999999972,16,4,1
2023-04-29 17:00:00,29.3,75,14.2,82,217.0,1005.4,0.0,29.8,71,14.0,100,208.0,1001.0,0.0,-0.5,17,4,1
2023-04-29 18:00:00,28.8,78,13.6,99,38.0,1006.0,0.0,28.6,77,12.1,98,40.0,1001.6,0.0,0.1999999999999993,18,4,1
2023-04-29 19:00:00,28.7,79,11.4,99,0.0,1007.1,0.0,28.3,80,8.5,98,0.0,1002.8,0.0,0.3999999999999986,19,4,0
2023-04-29 20:00:00,28.5,81,10.5,100,0.0,1007.6,0.0,28.1,81,6.0,100,0.0,1003.3,0.0,0.3999999999999986,20,4,0
2023-04-29 21:00:00,28.3,82,9.0,99,0.0,1008.0,0.0,27.7,83,5.1,99,0.0,1003.7,0.0,0.6000000000000014,21,4,0
2023-04-29 22:00:00,28.1,84,8.0,99,0.0,1007.8,0.0,27.3,86,4.4,99,0.0,1003.5,0.0,0.8000000000000007,22,4,0
2023-04-29 23:00:00,27.8,85,5.8,100,0.0,1007.3,0.0,26.8,89,4.3,100,0.0,1003.0,0.0,1.0,23,4,0
2023-04-30 00:00:00,27.7,86,6.4,100,0.0,1006.5,0.0,26.7,89,4.3,100,0.0,1002.3,0.0,1.0,0,4,0
2023-04-30 01:00:00,27.3,87,5.8,100,0.0,1005.9,0.0,26.4,91,3.9,100,0.0,1001.6,0.0,0.9000000000000021,1,4,0
2023-04-30 02:00:00,27.0,89,4.8,100,0.0,1005.5,0.1,26.1,92,3.6,100,0.0,1001.2,0.0,0.8999999999999986,2,4,0
2023-04-30 03:00:00,26.3,93,2.9,100,0.0,1005.6,0.1,25.9,93,3.3,100,0.0,1001.1,0.0,0.40000000000000213,3,4,0
2023-04-30 04:00:00,26.2,93,2.2,76,0.0,1005.7,0.3,25.7,93,3.6,100,0.0,1001.2,0.2,0.5,4,4,0
2023-04-30 05:00:00,25.0,91,4.5,50,0.0,1006.6,0.2,24.8,94,1.8,100,0.0,1002.0,1.5,0.1999999999999993,5,4,0
2023-04-30 06:00:00,25.9,87,6.6,100,18.0,1006.8,0.3,25.6,90,6.0,100,16.0,1002.4,0.1,0.29999999999999716,6,4,1
2023-04-30 07:00:00,25.5,88,6.1,100,129.0,1007.8,3.7,27.0,84,7.4,100,141.0,1003.4,0.0,-1.5,7,4,1
2023-04-30 08:00:00,26.9,83,2.9,100,209.0,1008.8,0.0,29.1,73,9.9,100,302.0,1004.2,0.0,-2.200000000000003,8,4,1
2023-04-30 09:00:00,29.3,73,9.6,89,394.0,1008.3,0.0,30.3,68,9.6,100,359.0,1003.7,0.0,-1.0,9,4,1
2023-04-30 10:00:00,30.8,69,10.5,100,613.0,1007.9,0.0,32.7,59,8.8,93,717.0,1003.4,0.0,-1.9000000000000021,10,4,1
2023-04-30 11:00:00,31.9,65,14.3,63,855.0,1007.4,0.1,34.2,52,12.0,82,872.0,1002.8,0.0,-2.3000000000000043,11,4,1
2023-04-30 12:00:00,32.2,62,17.4,45,882.0,1005.8,0.1,34.4,49,16.1,61,910.0,1001.4,0.0,-2.1999999999999957,12,4,1
2023-04-30 13:00:00,31.7,65,19.9,29,897.0,1004.6,0.5,33.7,53,16.5,26,858.0,1000.2,0.2,-2.0000000000000036,13,4,1
2023-04-30 14:00:00,30.4,72,20.5,58,714.0,1003.7,0.1,33.2,54,17.9,100,764.0,999.0,0.0,-2.8000000000000043,14,4,1
2023-04-30 15:00:00,30.7,70,16.6,47,627.0,1002.7,0.0,32.4,58,16.4,57,626.0,998.2,0.0,-1.6999999999999993,15,4,1
2023-04-30 16:00:00,29.7,74,18.1,42,414.0,1003.0,0.0,31.1,66,16.5,74,422.0,998.5,0.0,-1.4000000000000021,16,4,1
2023-04-30 17:00:00,30.0,68,15.8,32,202.0,1003.7,0.0,31.0,60,14.2,74,200.0,999.3,0.0,-1.0,17,4,1
2023-04-30 18:00:00,29.2,77,15.1,32,41.0,1004.5,0.0,29.5,71,13.2,87,42.0,1000.1,0.0,-0.3000000000000007,18,4,1
2023-04-30 19:00:00,28.9,78,16.1,54,0.0,1005.3,0.0,29.0,76,12.2,90,0.0,1001.0,0.0,-0.10000000000000142,19,4,0
2023-04-30 20:00:00,28.8,81,13.9,15,0.0,1005.9,0.0,28.8,76,11.1,80,0.0,1001.6,0.0,0.0,20,4,0
2023-04-30 21:00:00,28.7,81,13.1,8,0.0,1006.3,0.0,28.5,79,9.0,80,0.0,1002.0,0.0,0.1999999999999993,21,4,0
2023-04-30 22:00:00,28.8,80,12.7,29,0.0,1006.3,0.0,28.1,83,7.6,52,0.0,1002.0,0.0,0.6999999999999993,22,4,0
2023-04-30 23:00:00,28.6,80,10.0,55,0.0,1005.8,0.0,27.7,85,5.9,100,0.0,1001.4,0.0,0.9000000000000021,23,4,0
2023-05-01 00:00:00,28.4,81,10.6,90,0.0,1005.3,0.0,27.3,87,4.8,99,0.0,1001.1,0.0,1.0999999999999979,0,5,0
2023-05-01 01:00:00,28.3,81,12.0,95,0.0,1004.8,0.0,27.3,87,7.0,99,0.0,1000.5,0.0,1.0,1,5,0
2023-05-01 02:00:00,28.2,81,13.0,95,0.0,1004.6,0.0,27.5,84,8.3,100,0.0,1000.3,0.0,0.6999999999999993,2,5,0
2023-05-01 03:00:00,27.8,82,10.1,100,0.0,1004.0,0.0,27.2,84,3.8,98,0.0,999.6,0.0,0.6000000000000014,3,5,0
2023-05-01 04:00:00,26.9,87,10.1,100,0.0,1004.3,0.1,24.9,90,16.0,100,0.0,1000.7,2.9,2.0,4,5,0
2023-05-01 05:00:00,27.5,88,11.5,100,0.0,1004.8,4.8,26.8,88,9.8,100,0.0,1000.5,5.2,0.6999999999999993,5,5,0
2023-05-01 06:00:00,27.1,87,11.0,98,17.0,1005.3,4.2,26.8,88,8.0,97,18.0,1000.9,1.5,0.3000000000000007,6,5,1
2023-05-01 07:00:00,26.5,88,7.6,100,99.0,1007.1,5.5,27.1,84,10.7,100,116.0,1002.5,4.1,-0.6000000000000014,7,5,1
2023-05-01 08:00:00,26.3,87,8.0,100,115.0,1007.9,2.3,27.9,79,11.0,100,267.0,1003.5,0.7,-1.5999999999999979,8,5,1
2023-05-01 09:00:00,27.4,85,6.9,100,222.0,1008.4,0.1,28.1,78,5.0,100,334.0,1003.8,0.8,-0.7000000000000028,9,5,1
2023-05-01 10:00:00,28.8,78,4.8,100,464.0,1008.0,0.2,30.6,67,4.6,99,532.0,1003.4,0.0,-1.8000000000000007,10,5,1
2023-05-01 11:00:00,30.4,73,5.1,99,821.0,1007.2,0.2,32.2,62,4.5,99,740.0,1002.7,0.1,-1.8000000000000043,11,5,1
2023-05-01 12:00:00,31.0,71,10.0,100,898.0,1006.1,0.2,32.8,60,8.4,100,794.0,1001.4,0.1,-1.7999999999999972,12,5,1
2023-05-01 13:00:00,29.2,78,11.8,99,869.0,1005.0,0.2,28.8,77,13.0,100,704.0,1000.5,4.8,0.3999999999999986,13,5,1
2023-05-01 14:00:00,29.8,72,15.8,100,501.0,1004.2,0.1,29.8,69,13.9,100,401.0,999.7,0.7,0.0,14,5,1
2023-05-01 15:00:00,29.4,75,15.5,100,461.0,1003.8,0.2,29.3,75,14.1,100,411.0,999.5,0.0,0.09999999999999787,15,5,1
2023-05-01 16:00:00,28.5,79,16.0,100,185.0,1003.9,0.0,29.0,74,12.4,100,218.0,999.6,0.0,-0.5,16,5,1
2023-05-01 17:00:00,27.9,81,13.0,100,117.0,1004.7,0.0,28.0,83,10.2,100,118.0,1000.3,0.0,-0.10000000000000142,17,5,1
2023-05-01 18:00:00,27.7,85,13.8,100,25.0,1005.5,0.1,27.4,88,9.7,100,21.0,1001.1,0.1,0.3000000000000007,18,5,1
2023-05-01 19:00:00,27.6,85,13.0,100,0.0,1006.4,0.1,27.3,87,10.1,100,0.0,1001.9,0.9,0.3000000000000007,19,5,0
2023-05-01 20:00:00,27.5,85,9.4,100,0.0,1007.4,0.2,26.9,88,5.8,100,0.0,1002.9,0.2,0.6000000000000014,20,5,0
2023-05-01 21:00:00,25.5,94,2.9,100,0.0,1008.4,3.8,24.8,97,5.1,100,0.0,1003.9,4.4,0.6999999999999993,21,5,0
2023-05-01 22:00:00,25.2,95,3.8,100,0.0,1009.0,1.8,24.5,97,8.2,100,0.0,1004.6,2.4,0.6999999999999993,22,5,0
2023-05-01 23:00:00,24.9,96,6.8,100,0.0,1008.7,1.4,24.0,97,6.9,100,0.0,1004.3,3.8,0.8999999999999986,23,5,0
2023-05-02 00:00:00,24.2,98,9.3,100,0.0,1007.9,7.9,23.7,99,4.7,100,0.0,1003.5,6.6,0.5,0,5,0
2023-05-02 01:00:00,24.1,97,7.2,100,0.0,1006.7,5.4,23.8,97,4.7,100,0.0,1002.4,3.5,0.3000000000000007,1,5,0
2023-05-02 02:00:00,24.3,96,4.2,100,0.0,1006.2,1.3,23.8,95,7.3,100,0.0,1001.8,2.1,0.5,2,5,0
2023-05-02 03:00:00,24.2,96,8.0,100,0.0,1006.1,1.6,23.5,94,2.5,100,0.0,1001.6,6.9,0.6999999999999993,3,5,0
2023-05-02 04:00:00,24.1,95,4.6,100,0.0,1005.8,4.4,23.7,95,4.0,100,0.0,1001.4,0.8,0.40000000000000213,4,5,0
2023-05-02 05:00:00,25.0,92,9.4,100,0.0,1006.9,3.5,24.3,93,3.6,100,0.0,1002.5,0.1,0.6999999999999993,5,5,0
2023-05-02 06:00:00,25.4,94,10.5,100,5.0,1007.3,0.5,24.4,94,3.1,100,6.0,1003.0,0.3,1.0,6,5,1
2023-05-02 07:00:00,26.0,89,6.6,100,110.0,1008.0,0.1,25.0,91,1.6,100,90.0,1003.5,0.2,1.0,7,5,1
2023-05-02 08:00:00,27.1,82,8.7,100,258.0,1008.7,0.1,26.8,82,6.3,100,258.0,1004.3,0.1,0.3000000000000007,8,5,1
2023-05-02 09:00:00,28.0,78,14.6,100,384.0,1009.4,0.1,28.1,78,10.0,100,373.0,1005.0,0.0,-0.10000000000000142,9,5,1
2023-05-02 10:00:00,28.5,79,18.7,100,570.0,1008.9,0.6,28.7,75,12.8,100,461.0,1004.5,0.2,-0.1999999999999993,10,5,1
2023-05-02 11:00:00,28.4,78,20.7,100,541.0,1008.4,0.3,29.3,71,14.9,100,608.0,1004.0,0.1,-0.9000000000000021,11,5,1
2023-05-02 12:00:00,28.6,76,20.2,100,525.0,1007.4,0.3,29.1,73,15.1,100,525.0,1003.1,0.2,-0.5,12,5,1
2023-05-02 13:00:00,28.8,76,22.2,100,730.0,1006.4,0.4,29.5,72,16.0,98,737.0,1002.0,0.2,-0.6999999999999993,13,5,1
2023-05-02 14:00:00,28.4,80,17.4,100,537.0,1005.5,0.4,29.2,74,15.5,100,619.0,1001.0,0.1,-0.8000000000000007,14,5,1
2023-05-02 15:00:00,27.9,81,20.3,100,401.0,1005.0,0.6,28.7,75,15.4,100,424.0,1000.5,0.2,-0.8000000000000007,15,5,1
2023-05-02 16:00:00,27.6,81,18.4,100,188.0,1004.8,0.0,28.6,75,15.7,100,350.0,1000.3,0.0,-1.0,16,5,1
2023-05-02 17:00:00,27.6,83,9.7,100,139.0,1005.2,0.0,28.1,77,8.9,100,165.0,1000.8,0.0,-0.5,17,5,1
2023-05-02 18:00:00,26.8,87,8.3,100,24.0,1006.0,0.1,26.8,84,6.0,98,36.0,1001.5,0.0,0.0,18,5,1
2023-05-02 19:00:00,26.5,90,9.0,99,0.0,1007.0,0.2,26.4,86,10.2,90,0.0,1002.5,0.0,0.10000000000000142,19,5,0
2023-05-02 20:00:00,26.8,89,6.5,100,0.0,1007.5,0.0,25.9,90,5.6,100,0.0,1003.0,0.0,0.9000000000000021,20,5,0
2023-05-02 21:00:00,26.9,89,5.8,64,0.0,1007.8,0.0,25.9,90,5.4,99,0.0,1003.4,0.0,1.0,21,5,0
2023-05-02 22:00:00,26.9,89,7.2,100,0.0,1008.3,0.0,25.3,93,7.0,100,0.0,1003.9,0.0,1.5999999999999979,22,5,0
2023-05-02 23:00:00,26.6,90,8.1,100,0.0,1008.2,0.0,25.3,94,4.8,84,0.0,1003.8,0.0,1.3000000000000007,23,5,0
2023-05-03 00:00:00,26.2,91,8.1,100,0.0,1007.6,0.0,25.1,95,6.3,100,0.0,1003.3,0.2,1.0999999999999979,0,5,0
2023-05-03 01:00:00,25.8,93,8.2,97,0.0,1006.9,0.0,24.8,94,7.4,100,0.0,1002.6,0.3,1.0,1,5,0
2023-05-03 02:00:00,25.6,92,8.8,94,0.0,1006.0,0.0,24.7,94,7.1,99,0.0,1001.8,0.1,0.9000000000000021,2,5,0
2023-05-03 03:00:00,25.1,94,10.8,100,0.0,1006.5,0.1,24.6,96,9.9,98,0.0,1002.0,0.0,0.5,3,5,0
2023-05-03 04:00:00,25.1,93,5.0,100,0.0,1006.5,0.7,24.5,95,5.0,100,0.0,1002.0,0.0,0.6000000000000014,4,5,0
2023-05-03 05:00:00,25.9,95,7.3,100,0.0,1007.2,0.4,24.6,95,2.6,100,0.0,1002.5,0.0,1.2999999999999972,5,5,0
2023-05-03 06:00:00,26.1,93,6.2,100,13.0,1007.0,0.1,25.2,94,5.0,100,11.0,1002.9,0.4,0.9000000000000021,6,5,1
2023-05-03 07:00:00,25.7,91,10.2,100,92.0,1008.6,2.7,25.8,92,5.5,100,62.0,1003.6,0.5,-0.10000000000000142,7,5,1
2023-05-03 08:00:00,25.8,90,1.5,100,130.0,1009.5,1.0,26.6,89,5.9,100,151.0,1004.9,0.1,-0.8000000000000007,8,5,1
2023-05-03 09:00:00,25.8,89,4.2,100,264.0,1010.2,3.0,27.8,84,5.0,100,294.0,1005.5,0.1,-2.0,9,5,1
2023-05-03 10:00:00,27.0,85,2.9,100,318.0,1009.0,0.1,28.8,78,5.2,100,368.0,1004.6,0.1,-1.8000000000000007,10,5,1
2023-05-03 11:00:00,28.1,82,9.5,100,535.0,1009.4,0.1,29.8,74,2.7,100,460.0,1004.5,0.1,-1.6999999999999993,11,5,1
2023-05-03 12:00:00,29.0,78,2.3,100,613.0,1007.8,0.0,30.2,74,2.3,100,545.0,1003.2,0.1,-1.1999999999999993,12,5,1
2023-05-03 13:00:00,28.8,79,12.0,100,583.0,1007.0,0.2,30.1,70,8.6,100,642.0,1002.3,1.0,-1.3000000000000007,13,5,1
2023-05-03 14:00:00,28.2,81,10.2,100,371.0,1005.7,0.1,28.3,81,10.9,100,341.0,1001.3,0.1,-0.10000000000000142,14,5,1
2023-05-03 15:00:00,28.2,80,9.4,100,319.0,1005.0,0.0,28.9,78,10.7,100,321.0,1000.5,0.0,-0.6999999999999993,15,5,1
2023-05-03 16:00:00,27.9,81,9.5,100,213.0,1004.6,0.0,28.7,78,11.4,100,255.0,1000.1,0.0,-0.8000000000000007,16,5,1
2023-05-03 17:00:00,29.0,78,9.2,100,106.0,1004.7,0.0,29.2,79,9.1,100,131.0,1000.3,0.0,-0.1999999999999993,17,5,1
2023-05-03 18:00:00,27.0,88,10.6,100,24.0,1005.8,0.4,26.4,91,6.1,84,35.0,1001.7,3.2,0.6000000000000014,18,5,1
2023-05-03 19:00:00,26.9,89,4.8,100,0.0,1006.9,0.1,26.3,92,2.5,95,0.0,1002.6,0.8,0.5999999999999979,19,5,0
2023-05-03 20:00:00,26.4,92,5.4,100,0.0,1007.9,0.1,26.2,94,2.6,100,0.0,1003.4,0.0,0.1999999999999993,20,5,0
2023-05-03 21:00:00,26.2,94,5.1,98,0.0,1008.5,0.0,25.9,95,3.3,100,0.0,1004.0,0.0,0.3000000000000007,21,5,0
2023-05-03 22:00:00,26.0,94,4.6,100,0.0,1008.5,0.0,25.7,95,3.4,100,0.0,1004.0,0.0,0.3000000000000007,22,5,0
2023-05-03 23:00:00,25.8,95,5.4,100,0.0,1008.3,0.0,25.4,96,3.5,100,0.0,1003.8,0.0,0.40000000000000213,23,5,0
2023-05-04 00:00:00,25.6,95,4.3,100,0.0,1007.4,0.0,25.2,97,3.3,100,0.0,1003.0,0.0,0.40000000000000213,0,5,0
2023-05-04 01:00:00,25.6,95,5.4,100,0.0,1006.7,0.0,25.2,97,5.4,99,0.0,1002.3,0.0,0.40000000000000213,1,5,0
2023-05-04 02:00:00,25.5,95,5.9,100,0.0,1005.9,0.0,25.0,98,4.7,98,0.0,1001.6,0.0,0.5,2,5,0
2023-05-04 03:00:00,25.4,96,6.4,100,0.0,1005.7,0.0,24.7,98,4.1,100,0.0,1001.3,0.0,0.6999999999999993,3,5,0
2023-05-04 04:00:00,25.3,96,5.6,100,0.0,1006.0,0.0,24.7,97,4.8,100,0.0,1001.6,0.0,0.6000000000000014,4,5,0
2023-05-04 05:00:00,25.3,97,4.2,100,0.0,1006.0,0.0,25.0,98,4.4,100,0.0,1001.5,0.0,0.3000000000000007,5,5,0
2023-05-04 06:00:00,26.4,94,1.4,100,21.0,1006.9,0.0,25.8,96,3.1,100,19.0,1002.4,0.0,0.5999999999999979,6,5,1
2023-05-04 07:00:00,27.5,87,2.3,100,157.0,1007.6,0.0,27.1,90,3.1,100,153.0,1003.3,0.0,0.3999999999999986,7,5,1
2023-05-04 08:00:00,28.8,80,0.5,100,349.0,1008.1,0.0,28.9,80,2.2,100,363.0,1003.7,0.0,-0.09999999999999787,8,5,1
2023-05-04 09:00:00,30.1,74,5.1,100,569.0,1008.5,0.0,30.4,72,3.9,100,577.0,1004.1,0.0,-0.29999999999999716,9,5,1
2023-05-04 10:00:00,30.7,71,7.4,100,685.0,1008.1,0.1,31.1,70,5.2,100,656.0,1003.7,0.1,-0.40000000000000213,10,5,1
2023-05-04 11:00:00,31.0,71,10.0,100,757.0,1007.6,0.0,31.5,69,6.9,100,719.0,1003.1,0.1,-0.5,11,5,1
2023-05-04 12:00:00,31.0,72,10.7,100,791.0,1006.8,0.0,32.0,68,8.2,100,826.0,1002.4,0.0,-1.0,12,5,1
2023-05-04 13:00:00,30.9,73,10.9,100,781.0,1006.0,0.1,32.1,67,8.5,100,773.0,1001.6,0.0,-1.2000000000000028,13,5,1
2023-05-04 14:00:00,30.2,74,10.1,100,646.0,1004.9,0.3,31.5,66,9.7,100,580.0,1000.4,0.0,-1.3000000000000007,14,5,1
2023-05-04 15:00:00,29.7,77,11.4,97,414.0,1003.8,0.0,30.3,73,10.0,100,392.0,999.3,0.0,-0.6000000000000014,15,5,1
2023-05-04 16:00:00,29.8,77,12.0,97,345.0,1003.7,0.0,30.1,75,11.6,92,293.0,999.2,0.0,-0.3000000000000007,16,5,1
2023-05-04 17:00:00,30.0,72,12.0,100,178.0,1004.3,0.0,29.9,74,11.9,66,177.0,999.8,0.0,0.10000000000000142,17,5,1
2023-05-04 18:00:00,29.4,75,10.6,100,37.0,1004.7,0.0,28.8,79,9.6,100,39.0,1000.3,0.0,0.5999999999999979,18,5,1
2023-05-04 19:00:00,29.2,75,12.9,100,0.0,1005.6,0.0,28.2,82,7.6,100,0.0,1001.3,0.0,1.0,19,5,0
2023-05-04 20:00:00,29.0,77,14.2,100,0.0,1006.3,0.0,28.0,83,8.9,99,0.0,1002.1,0.0,1.0,20,5,0
2023-05-04 21:00:00,28.8,79,13.2,100,0.0,1007.1,0.0,28.0,82,6.9,100,0.0,1002.8,0.0,0.8000000000000007,21,5,0
2023-05-04 22:00:00,28.6,80,10.2,100,0.0,1007.6,0.0,27.2,87,6.3,100,0.0,1003.3,0.0,1.4000000000000021,22,5,0
2023-05-04 23:00:00,27.5,86,10.3,100,0.0,1007.6,0.2,27.1,87,3.5,98,0.0,1003.2,0.0,0.3999999999999986,23,5,0
2023-05-05 00:00:00,26.6,89,7.8,100,0.0,1007.0,0.4,25.4,95,5.1,100,0.0,1002.8,3.7,1.2000000000000028,0,5,0
2023-05-05 01:00:00,25.5,94,5.9,100,0.0,1006.6,2.3,23.9,97,10.9,100,0.0,1002.4,4.6,1.6000000000000014,1,5,0
2023-05-05 02:00:00,25.5,94,7.6,100,0.0,1005.7,0.2,24.0,94,9.1,100,0.0,1001.5,0.2,1.5,2,5,0
2023-05-05 03:00:00,25.1,94,8.9,100,0.0,1005.1,0.0,23.9,96,5.6,100,0.0,1000.8,0.1,1.2000000000000028,3,5,0
2023-05-05 04:00:00,24.7,95,6.6,100,0.0,1005.2,0.0,23.9,97,3.3,100,0.0,1000.7,0.0,0.8000000000000007,4,5,0
2023-05-05 05:00:00,26.4,94,4.8,100,0.0,1005.2,0.0,25.3,94,3.4,100,0.0,1000.7,0.0,1.0999999999999979,5,5,0
2023-05-05 06:00:00,26.9,90,8.2,100,16.0,1005.7,0.0,26.0,93,5.6,100,17.0,1001.4,0.1,0.8999999999999986,6,5,1
2023-05-05 07:00:00,27.7,86,8.3,100,154.0,1006.6,0.0,27.4,87,4.9,100,147.0,1002.3,0.0,0.3000000000000007,7,5,1
2023-05-05 08:00:00,29.1,81,8.0,100,380.0,1007.2,0.0,28.9,81,6.8,100,333.0,1002.8,0.0,0.20000000000000284,8,5,1
2023-05-05 09:00:00,29.9,77,9.8,100,518.0,1007.2,0.1,30.2,74,7.3,100,480.0,1002.8,0.2,-0.3000000000000007,9,5,1
2023-05-05 10:00:00,30.3,76,10.1,100,682.0,1007.6,0.2,31.1,71,5.8,100,582.0,1003.0,0.1,-0.8000000000000007,10,5,1
2023-05-05 11:00:00,27.1,85,11.6,100,712.0,1007.2,8.4,30.2,71,12.8,100,734.0,1002.2,3.5,-3.099999999999998,11,5,1
2023-05-05 12:00:00,27.7,83,17.8,100,415.0,1006.6,0.4,27.7,83,6.3,100,351.0,1002.0,4.8,0.0,12,5,1
2023-05-05 13:00:00,29.0,76,14.5,100,742.0,1006.0,0.1,28.5,81,8.1,100,575.0,1001.8,0.5,0.5,13,5,1
2023-05-05 14:00:00,28.1,79,14.1,100,529.0,1004.6,0.2,27.8,82,9.8,100,346.0,1000.2,0.4,0.3000000000000007,14,5,1
2023-05-05 15:00:00,28.8,77,10.1,100,423.0,1003.9,0.0,28.7,77,6.9,100,369.0,999.4,0.1,0.10000000000000142,15,5,1
2023-05-05 16:00:00,28.6,79,8.7,100,338.0,1003.8,0.0,29.6,73,3.6,100,336.0,999.2,0.0,-1.0,16,5,1
2023-05-05 17:00:00,27.9,84,6.2,100,140.0,1004.2,0.0,26.4,91,10.0,100,170.0,999.9,0.0,1.5,17,5,1
2023-05-05 18:00:00,27.1,91,9.9,99,16.0,1005.0,0.1,26.3,92,4.3,100,18.0,1000.6,0.3,0.8000000000000007,18,5,1
2023-05-05 19:00:00,26.1,93,7.7,100,0.0,1005.6,0.2,25.7,96,7.7,100,0.0,1001.2,0.2,0.40000000000000213,19,5,0
2023-05-05 20:00:00,25.9,93,10.0,100,0.0,1006.7,0.2,25.4,97,8.2,100,0.0,1002.1,0.1,0.5,20,5,0
2023-05-05 21:00:00,26.0,92,5.5,100,0.0,1007.2,0.1,25.5,96,5.8,100,0.0,1002.7,0.1,0.5,21,5,0
2023-05-05 22:00:00,25.9,93,4.3,100,0.0,1007.0,0.0,25.5,97,3.8,100,0.0,1002.6,0.0,0.3999999999999986,22,5,0
2023-05-05 23:00:00,25.5,96,3.7,100,0.0,1006.9,0.1,25.8,97,3.5,100,0.0,1002.4,0.1,-0.3000000000000007,23,5,0
2023-05-06 00:00:00,25.9,94,1.8,100,0.0,1006.2,0.2,25.8,97,3.1,100,0.0,1001.8,0.2,0.09999999999999787,0,5,0
2023-05-06 01:00:00,25.8,95,6.1,100,0.0,1005.1,0.5,25.7,97,6.5,100,0.0,1001.0,0.6,0.10000000000000142,1,5,0
2023-05-06 02:00:00,25.8,95,7.4,100,0.0,1004.3,0.3,25.5,96,8.0,100,0.0,1000.1,0.5,0.3000000000000007,2,5,0
2023-05-06 03:00:00,25.6,94,9.8,100,0.0,1003.8,0.3,25.2,93,8.4,100,0.0,999.5,0.2,0.40000000000000213,3,5,0
2023-05-06 04:00:00,25.3,92,7.3,100,0.0,1003.9,0.0,24.9,92,7.3,100,0.0,999.6,0.0,0.40000000000000213,4,5,0
2023-05-06 05:00:00,26.0,96,4.0,100,0.0,1004.5,0.0,25.5,92,4.2,100,0.0,1000.2,0.0,0.5,5,5,0
2023-05-06 06:00:00,26.8,91,3.7,100,14.0,1005.3,0.0,26.3,91,2.7,100,9.0,1001.0,0.0,0.5,6,5,1
2023-05-06 07:00:00,27.6,86,5.0,100,131.0,1006.0,0.0,27.2,86,2.9,100,127.0,1001.8,0.1,0.40000000000000213,7,5,1
2023-05-06 08:00:00,28.8,81,4.1,100,352.0,1006.5,0.0,28.8,77,4.1,100,329.0,1002.2,0.0,0.0,8,5,1
2023-05-06 09:00:00,29.8,76,5.8,100,522.0,1006.9,0.1,30.5,70,2.9,100,555.0,1002.5,0.0,-0.6999999999999993,9,5,1
2023-05-06 10:00:00,30.5,74,5.4,99,706.0,1006.6,0.1,31.6,67,1.0,100,734.0,1002.2,0.1,-1.1000000000000014,10,5,1
2023-05-06 11:00:00,31.0,72,7.8,98,812.0,1006.3,0.2,31.8,67,0.5,100,690.0,1001.9,0.2,-0.8000000000000007,11,5,1
2023-05-06 12:00:00,28.0,83,4.3,99,639.0,1005.8,2.0,30.1,71,8.3,100,491.0,1001.1,1.9,-2.1000000000000014,12,5,1
2023-05-06 13:00:00,28.8,81,5.7,59,580.0,1005.2,0.4,28.1,81,4.7,99,414.0,1000.7,5.0,0.6999999999999993,13,5,1
2023-05-06 14:00:00,28.4,79,8.7,70,304.0,1004.1,0.1,27.7,82,7.4,99,398.0,999.9,2.9,0.6999999999999993,14,5,1
2023-05-06 15:00:00,28.7,78,7.2,41,375.0,1003.2,0.0,28.2,81,1.8,26,265.0,999.0,0.2,0.5,15,5,1
2023-05-06 16:00:00,29.0,77,4.3,32,416.0,1002.9,0.0,28.9,79,1.1,52,346.0,998.4,0.0,0.10000000000000142,16,5,1
2023-05-06 17:00:00,29.8,72,8.5,37,191.0,1003.6,0.0,29.6,73,5.9,100,149.0,999.4,0.0,0.1999999999999993,17,5,1
2023-05-06 18:00:00,29.1,76,8.2,100,29.0,1004.5,0.0,28.4,80,7.6,100,36.0,1000.3,0.0,0.7000000000000028,18,5,1
2023-05-06 19:00:00,28.5,82,6.9,98,0.0,1005.2,0.8,27.5,85,6.9,100,0.0,1001.0,0.0,1.0,19,5,0
2023-05-06 20:00:00,27.9,88,7.4,99,0.0,1006.1,0.0,27.1,89,8.4,100,0.0,1002.0,0.3,0.7999999999999972,20,5,0
2023-05-06 21:00:00,27.3,89,9.4,95,0.0,1006.8,0.0,26.8,93,8.7,100,0.0,1002.6,0.3,0.5,21,5,0
2023-05-06 22:00:00,26.8,89,9.4,100,0.0,1006.6,0.0,26.5,93,8.6,100,0.0,1002.3,0.0,0.3000000000000007,22,5,0
2023-05-06 23:00:00,26.5,90,7.8,100,0.0,1006.4,0.0,26.1,94,6.5,100,0.0,1002.1,0.0,0.3999999999999986,23,5,0
2023-05-07 00:00:00,26.4,90,7.6,100,0.0,1005.4,0.0,26.0,93,7.9,100,0.0,1001.2,0.0,0.3999999999999986,0,5,0
2023-05-07 01:00:00,26.3,89,8.5,100,0.0,1004.9,0.0,25.6,93,8.2,100,0.0,1000.6,0.0,0.6999999999999993,1,5,0
2023-05-07 02:00:00,26.2,90,9.0,100,0.0,1004.3,0.0,25.3,93,6.6,100,0.0,1000.0,0.0,0.8999999999999986,2,5,0
2023-05-07 03:00:00,25.9,91,8.5,100,0.0,1003.8,0.0,25.1,94,7.0,100,0.0,999.6,0.0,0.7999999999999972,3,5,0
2023-05-07 04:00:00,25.8,91,7.7,100,0.0,1004.3,0.0,25.0,95,8.1,100,0.0,1000.0,0.0,0.8000000000000007,4,5,0
2023-05-07 05:00:00,26.1,88,7.3,100,0.0,1004.6,0.0,25.5,92,6.0,100,0.0,1000.2,0.0,0.6000000000000014,5,5,0
2023-05-07 06:00:00,26.8,84,7.8,100,16.0,1005.0,0.0,26.1,90,7.1,100,17.0,1000.7,0.0,0.6999999999999993,6,5,1
2023-05-07 07:00:00,27.7,79,7.3,100,115.0,1005.9,0.0,27.6,82,6.6,100,134.0,1001.7,0.0,0.09999999999999787,7,5,1
2023-05-07 08:00:00,29.1,74,7.2,100,302.0,1006.2,0.0,29.5,71,10.9,100,336.0,1001.9,0.0,-0.3999999999999986,8,5,1
2023-05-07 09:00:00,30.6,71,6.4,100,513.0,1006.7,0.0,31.1,66,10.3,100,512.0,1002.2,0.0,-0.5,9,5,1
2023-05-07 10:00:00,31.7,67,10.7,100,648.0,1006.2,0.0,32.3,61,10.8,100,615.0,1001.8,0.0,-0.5999999999999979,10,5,1
2023-05-07 11:00:00,32.0,65,10.9,100,640.0,1005.8,0.1,32.5,61,10.9,100,504.0,1001.4,0.0,-0.5,11,5,1
2023-05-07 12:00:00,32.0,66,10.9,100,627.0,1004.9,0.1,33.0,60,10.2,100,630.0,1000.6,0.0,-1.0,12,5,1
2023-05-07 13:00:00,31.0,74,11.8,100,478.0,1004.0,0.0,32.0,63,9.4,100,632.0,999.7,1.9,-1.0,13,5,1
2023-05-07 14:00:00,31.0,75,10.0,100,585.0,1003.0,0.0,31.5,70,8.9,100,506.0,998.6,0.0,-0.5,14,5,1
2023-05-07 15:00:00,31.1,73,10.3,100,499.0,1002.5,0.0,31.7,70,8.4,100,527.0,998.2,0.0,-0.5999999999999979,15,5,1
2023-05-07 16:00:00,30.6,74,9.5,99,344.0,1002.3,0.0,31.0,73,7.9,100,356.0,998.1,0.0,-0.3999999999999986,16,5,1
2023-05-07 17:00:00,30.5,75,7.4,97,177.0,1002.8,0.0,30.9,73,6.1,100,171.0,998.6,0.0,-0.3999999999999986,17,5,1
2023-05-07 18:00:00,29.0,85,4.3,100,40.0,1003.7,0.0,29.0,84,4.8,100,40.0,999.3,0.0,0.0,18,5,1
2023-05-07 19:00:00,28.6,89,4.7,100,0.0,1004.5,0.0,28.5,86,4.1,100,0.0,1000.2,0.0,0.10000000000000142,19,5,0
2023-05-07 20:00:00,28.7,87,4.1,85,0.0,1005.3,0.0,28.6,86,4.7,100,0.0,1001.0,0.0,0.09999999999999787,20,5,0
2023-05-07 21:00:00,28.5,87,5.0,96,0.0,1005.9,0.0,28.2,87,5.5,100,0.0,1001.6,0.0,0.3000000000000007,21,5,0
2023-05-07 22:00:00,28.4,88,6.2,100,0.0,1005.9,0.0,27.6,88,7.1,100,0.0,1001.7,0.0,0.7999999999999972,22,5,0
2023-05-07 23:00:00,28.1,90,6.4,100,0.0,1005.6,0.0,27.2,87,6.4,99,0.0,1001.3,0.0,0.9000000000000021,23,5,0
2023-05-08 00:00:00,27.3,91,7.1,100,0.0,1004.4,0.0,26.8,89,7.1,100,0.0,1000.2,0.0,0.5,0,5,0
2023-05-08 01:00:00,26.8,89,5.7,100,0.0,1003.7,0.0,26.4,89,6.4,82,0.0,999.4,0.0,0.40000000000000213,1,5,0
2023-05-08 02:00:00,26.5,89,4.9,99,0.0,1003.3,0.0,26.0,90,5.6,100,0.0,998.9,0.0,0.5,2,5,0
2023-05-08 03:00:00,26.3,90,5.9,100,0.0,1003.1,0.0,25.8,91,5.6,100,0.0,998.8,0.0,0.5,3,5,0
2023-05-08 04:00:00,26.2,89,6.2,100,0.0,1003.2,0.0,25.7,91,6.2,100,0.0,998.9,0.0,0.5,4,5,0
2023-05-08 05:00:00,25.2,89,4.6,88,0.0,1003.6,0.0,24.9,90,5.2,100,0.0,999.1,0.0,0.3000000000000007,5,5,0
2023-05-08 06:00:00,26.0,86,6.9,99,25.0,1004.0,0.0,25.7,87,6.8,98,23.0,999.7,0.0,0.3000000000000007,6,5,1
2023-05-08 07:00:00,27.4,81,4.6,100,180.0,1005.0,0.0,27.4,81,3.7,99,177.0,1000.7,0.0,0.0,7,5,1
2023-05-08 08:00:00,29.2,75,3.6,100,393.0,1005.6,0.0,29.4,73,3.9,100,394.0,1001.3,0.0,-0.1999999999999993,8,5,1
2023-05-08 09:00:00,30.9,69,5.4,100,607.0,1005.9,0.0,31.2,67,4.7,100,595.0,1001.6,0.0,-0.3000000000000007,9,5,1
2023-05-08 10:00:00,31.7,67,7.8,100,764.0,1005.7,0.0,32.3,64,5.0,100,754.0,1001.4,0.0,-0.5999999999999979,10,5,1
2023-05-08 11:00:00,31.9,67,10.4,100,866.0,1005.3,0.0,33.0,60,7.3,100,873.0,1000.9,0.0,-1.1000000000000014,11,5,1
2023-05-08 12:00:00,31.9,67,10.1,100,897.0,1004.7,0.0,33.2,61,7.6,100,854.0,1000.2,0.0,-1.3000000000000043,12,5,1
2023-05-08 13:00:00,31.9,67,12.3,100,893.0,1003.9,0.0,32.9,62,11.3,100,838.0,999.5,0.0,-1.0,13,5,1
2023-05-08 14:00:00,31.3,69,13.8,100,750.0,1003.3,0.0,32.1,64,11.0,87,716.0,999.0,0.0,-0.8000000000000007,14,5,1
2023-05-08 15:00:00,30.5,73,11.3,99,541.0,1002.3,0.0,31.7,64,9.7,24,592.0,997.8,0.0,-1.1999999999999993,15,5,1
2023-05-08 16:00:00,30.0,76,11.2,16,391.0,1001.5,0.0,30.8,69,10.3,18,438.0,997.2,0.0,-0.8000000000000007,16,5,1
2023-05-08 17:00:00,30.0,74,8.4,82,215.0,1002.3,0.0,30.2,70,7.4,99,226.0,997.9,0.0,-0.1999999999999993,17,5,1
2023-05-08 18:00:00,29.0,80,6.6,97,43.0,1002.8,0.0,28.5,79,4.3,99,44.0,998.4,0.0,0.5,18,5,1
2023-05-08 19:00:00,28.6,83,7.6,100,0.0,1003.9,0.0,27.8,83,5.6,98,0.0,999.5,0.0,0.8000000000000007,19,5,0
2023-05-08 20:00:00,28.4,85,8.3,100,0.0,1004.9,0.0,27.5,84,6.2,100,0.0,1000.7,0.0,0.8999999999999986,20,5,0
2023-05-08 21:00:00,28.4,84,9.4,100,0.0,1005.5,0.0,27.2,87,5.4,92,0.0,1001.3,0.0,1.1999999999999993,21,5,0
2023-05-08 22:00:00,28.2,86,8.3,95,0.0,1005.7,0.0,26.8,89,5.2,16,0.0,1001.5,0.0,1.3999999999999986,22,5,0
2023-05-08 23:00:00,27.8,89,7.6,0,0.0,1005.6,0.0,26.4,91,4.8,0,0.0,1001.4,0.0,1.4000000000000021,23,5,0
2023-05-09 00:00:00,27.4,91,7.1,30,0.0,1005.1,0.0,26.2,91,5.2,30,0.0,1000.8,0.0,1.1999999999999993,0,5,0
2023-05-09 01:00:00,26.8,92,6.3,67,0.0,1004.9,0.0,25.9,92,5.5,98,0.0,1000.6,0.0,0.9000000000000021,1,5,0
2023-05-09 02:00:00,26.3,92,4.5,97,0.0,1004.3,0.0,25.5,94,4.8,14,0.0,1000.0,0.0,0.8000000000000007,2,5,0
2023-05-09 03:00:00,25.8,94,4.6,97,0.0,1004.1,0.0,25.4,96,6.0,85,0.0,999.7,0.0,0.40000000000000213,3,5,0
2023-05-09 04:00:00,25.6,95,5.2,100,0.0,1004.3,0.0,25.4,95,4.3,99,0.0,1000.0,0.0,0.20000000000000284,4,5,0
2023-05-09 05:00:00,26.6,90,5.4,98,0.0,1004.7,0.0,26.0,94,4.6,98,0.0,1000.3,0.0,0.6000000000000014,5,5,0
2023-05-09 06:00:00,27.6,86,5.6,86,25.0,1004.8,0.0,27.4,89,4.8,90,24.0,1000.4,0.0,0.20000000000000284,6,5,1
2023-05-09 07:00:00,29.0,82,2.9,100,184.0,1005.1,0.0,29.3,83,2.1,70,181.0,1000.6,0.0,-0.3000000000000007,7,5,1
2023-05-09 08:00:00,30.6,76,1.8,100,404.0,1005.6,0.0,31.0,74,2.4,98,402.0,1001.3,0.0,-0.3999999999999986,8,5,1
2023-05-09 09:00:00,31.7,72,3.1,97,613.0,1005.9,0.0,32.4,68,0.7,99,613.0,1001.6,0.0,-0.6999999999999993,9,5,1
2023-05-09 10:00:00,32.7,67,4.7,95,785.0,1005.9,0.0,33.5,61,3.3,99,783.0,1001.5,0.0,-0.7999999999999972,10,5,1
2023-05-09 11:00:00,32.9,66,10.7,89,899.0,1005.6,0.1,34.2,57,4.6,80,878.0,1001.2,0.0,-1.3000000000000043,11,5,1
2023-05-09 12:00:00,32.2,73,13.5,25,887.0,1004.9,0.0,34.2,58,7.2,76,860.0,1000.3,0.0,-2.0,12,5,1
2023-05-09 13:00:00,32.4,69,13.1,7,844.0,1003.7,0.0,33.6,63,10.2,49,818.0,999.2,0.1,-1.2000000000000028,13,5,1
2023-05-09 14:00:00,32.3,69,13.0,95,769.0,1002.4,0.0,33.1,67,11.5,90,753.0,997.9,0.0,-0.8000000000000043,14,5,1
2023-05-09 15:00:00,31.6,72,12.6,98,652.0,1001.9,0.0,32.6,67,11.4,99,639.0,997.2,0.0,-1.0,15,5,1
2023-05-09 16:00:00,31.1,73,11.9,10,436.0,1001.8,0.0,31.7,70,10.9,5,424.0,997.4,0.0,-0.5999999999999979,16,5,1
2023-05-09 17:00:00,30.7,73,12.8,44,225.0,1002.8,0.0,31.0,70,10.6,39,225.0,998.5,0.0,-0.3000000000000007,17,5,1
2023-05-09 18:00:00,29.7,78,9.2,100,44.0,1003.6,0.0,29.4,81,6.8,100,43.0,999.2,0.0,0.3000000000000007,18,5,1
2023-05-09 19:00:00,29.0,82,5.8,100,0.0,1004.3,0.0,28.0,91,6.3,100,0.0,999.9,0.0,1.0,19,5,0
2023-05-09 20:00:00,28.6,85,5.2,100,0.0,1005.1,0.0,27.7,92,5.0,100,0.0,1000.9,0.0,0.9000000000000021,20,5,0
2023-05-09 21:00:00,28.8,85,7.7,100,0.0,1005.8,0.0,27.8,91,6.1,100,0.0,1001.5,0.0,1.0,21,5,0
2023-05-09 22:00:00,28.6,86,6.5,100,0.0,1005.8,0.0,27.1,95,6.1,100,0.0,1001.5,0.0,1.5,22,5,0
2023-05-09 23:00:00,27.4,93,6.3,100,0.0,1005.7,0.0,27.1,95,4.5,100,0.0,1001.4,0.0,0.29999999999999716,23,5,0
2023-05-10 00:00:00,27.5,94,5.2,100,0.0,1005.1,0.0,26.7,97,5.6,100,0.0,1000.8,0.0,0.8000000000000007,0,5,0
2023-05-10 01:00:00,27.1,96,7.0,98,0.0,1004.3,0.0,26.4,98,5.4,100,0.0,1000.1,0.0,0.7000000000000028,1,5,0
2023-05-10 02:00:00,26.8,96,7.1,95,0.0,1003.7,0.0,26.3,97,6.0,99,0.0,999.3,0.0,0.5,2,5,0
2023-05-10 03:00:00,26.6,97,5.0,100,0.0,1003.5,0.0,26.1,97,5.4,100,0.0,999.1,0.0,0.5,3,5,0
2023-05-10 04:00:00,26.5,97,5.5,100,0.0,1003.6,0.0,25.9,97,5.2,100,0.0,999.3,0.0,0.6000000000000014,4,5,0
2023-05-10 05:00:00,27.1,95,5.2,100,0.0,1004.3,0.0,26.5,97,4.5,100,0.0,1000.0,0.0,0.6000000000000014,5,5,0
2023-05-10 06:00:00,27.9,91,6.5,100,22.0,1004.6,0.0,27.5,93,5.4,100,22.0,1000.2,0.0,0.3999999999999986,6,5,1
2023-05-10 07:00:00,29.1,84,5.2,100,160.0,1005.0,0.0,29.2,84,4.0,100,167.0,1000.6,0.0,-0.09999999999999787,7,5,1
2023-05-10 08:00:00,30.3,76,5.2,100,316.0,1005.3,0.0,30.4,74,4.4,100,308.0,1001.0,0.0,-0.09999999999999787,8,5,1
2023-05-10 09:00:00,31.5,69,3.7,100,505.0,1005.1,0.0,31.9,65,4.7,100,530.0,1000.8,0.0,-0.3999999999999986,9,5,1
2023-05-10 10:00:00,32.7,64,1.6,100,732.0,1004.9,0.0,33.2,59,3.9,100,720.0,1000.5,0.0,-0.5,10,5,1
2023-05-10 11:00:00,33.6,62,4.5,100,885.0,1004.2,0.0,34.3,54,4.2,100,839.0,999.8,0.0,-0.6999999999999957,11,5,1
2023-05-10 12:00:00,33.5,66,10.0,100,918.0,1003.4,0.0,35.2,51,4.9,100,896.0,999.0,0.0,-1.7000000000000028,12,5,1
2023-05-10 13:00:00,33.2,69,11.9,100,885.0,1002.7,0.0,35.2,53,6.2,100,840.0,998.1,0.0,-2.0,13,5,1
2023-05-10 14:00:00,33.1,65,12.3,100,814.0,1001.8,0.0,34.6,61,10.9,100,801.0,997.2,0.0,-1.5,14,5,1
2023-05-10 15:00:00,32.3,65,15.1,100,646.0,1001.6,0.0,32.8,66,14.7,100,643.0,997.2,0.0,-0.5,15,5,1
2023-05-10 16:00:00,31.2,69,16.1,100,439.0,1001.7,0.0,31.9,66,14.1,100,438.0,997.4,0.0,-0.6999999999999993,16,5,1
2023-05-10 17:00:00,30.6,70,12.0,100,191.0,1002.3,0.0,31.2,67,10.5,100,210.0,997.9,0.0,-0.5999999999999979,17,5,1
2023-05-10 18:00:00,29.6,76,10.1,100,34.0,1003.1,0.0,29.5,76,8.0,100,39.0,998.7,0.0,0.10000000000000142,18,5,1
2023-05-10 19:00:00,29.3,77,10.5,100,0.0,1004.2,0.0,28.9,80,7.4,100,0.0,999.8,0.0,0.40000000000000213,19,5,0
2023-05-10 20:00:00,29.1,81,11.3,100,0.0,1004.9,0.0,28.5,82,8.8,100,0.0,1000.6,0.0,0.6000000000000014,20,5,0
2023-05-10 21:00:00,29.0,82,10.8,100,0.0,1005.6,0.0,28.3,86,8.2,100,0.0,1001.3,0.0,0.6999999999999993,21,5,0
2023-05-10 22:00:00,28.7,86,8.3,100,0.0,1005.7,0.0,27.9,89,6.4,100,0.0,1001.3,0.0,0.8000000000000007,22,5,0
2023-05-10 23:00:00,28.3,89,6.4,100,0.0,1005.6,0.0,26.9,95,8.2,100,0.0,1001.2,0.0,1.4000000000000021,23,5,0
2023-05-11 00:00:00,27.2,95,6.0,100,0.0,1005.1,0.0,26.5,96,6.4,58,0.0,1000.9,0.0,0.6999999999999993,0,5,0
2023-05-11 01:00:00,27.6,94,7.7,87,0.0,1004.9,0.0,26.4,97,5.1,94,0.0,1000.7,0.0,1.2000000000000028,1,5,0
2023-05-11 02:00:00,27.3,95,8.1,100,0.0,1004.3,0.0,26.3,97,5.5,100,0.0,1000.0,0.0,1.0,2,5,0
2023-05-11 03:00:00,26.9,96,7.9,100,0.0,1004.0,0.0,26.1,97,5.8,100,0.0,999.6,0.0,0.7999999999999972,3,5,0
2023-05-11 04:00:00,26.7,96,5.4,100,0.0,1004.3,0.0,25.7,98,4.2,94,0.0,999.9,0.0,1.0,4,5,0
2023-05-11 05:00:00,26.7,95,6.5,100,0.0,1004.0,0.0,26.4,96,7.1,100,0.0,999.7,0.0,0.3000000000000007,5,5,0
2023-05-11 06:00:00,27.4,92,7.5,100,25.0,1004.5,0.0,27.2,93,8.1,100,23.0,1000.1,0.0,0.1999999999999993,6,5,1
2023-05-11 07:00:00,28.7,86,9.2,100,144.0,1005.5,0.0,28.7,87,8.4,100,146.0,1001.1,0.0,0.0,7,5,1
2023-05-11 08:00:00,29.9,80,8.4,100,293.0,1006.2,0.0,30.0,79,8.4,100,274.0,1001.7,0.0,-0.10000000000000142,8,5,1
2023-05-11 09:00:00,31.1,72,7.2,100,396.0,1006.4,0.0,31.4,71,8.0,100,404.0,1002.0,0.0,-0.29999999999999716,9,5,1
2023-05-11 10:00:00,32.5,62,6.0,100,544.0,1006.1,0.0,33.0,62,7.3,100,612.0,1001.8,0.0,-0.5,10,5,1
2023-05-11 11:00:00,33.8,55,3.1,100,693.0,1005.5,0.0,34.2,54,6.9,100,721.0,1001.1,0.0,-0.4000000000000057,11,5,1
2023-05-11 12:00:00,34.4,54,6.6,100,767.0,1005.0,0.0,35.2,49,4.3,100,729.0,1000.4,0.0,-0.8000000000000043,12,5,1
2023-05-11 13:00:00,32.8,70,14.8,99,800.0,1004.2,0.0,35.1,51,7.7,100,743.0,999.6,0.0,-2.3000000000000043,13,5,1
2023-05-11 14:00:00,32.4,71,11.8,100,732.0,1003.2,0.0,34.3,62,9.5,100,706.0,998.6,0.0,-1.8999999999999986,14,5,1
2023-05-11 15:00:00,32.3,69,10.4,100,593.0,1002.6,0.0,33.1,69,11.9,100,538.0,998.1,0.0,-0.8000000000000043,15,5,1
2023-05-11 16:00:00,31.5,69,11.8,100,407.0,1002.4,0.0,31.9,72,9.7,100,369.0,998.1,0.0,-0.3999999999999986,16,5,1
2023-05-11 17:00:00,30.7,73,10.4,100,222.0,1003.2,0.0,30.6,79,10.8,100,179.0,998.9,0.0,0.09999999999999787,17,5,1
2023-05-11 18:00:00,29.3,78,7.0,100,33.0,1003.7,0.0,29.3,84,7.3,100,24.0,999.4,0.0,0.0,18,5,1
2023-05-11 19:00:00,28.7,82,5.8,100,0.0,1004.5,0.0,28.2,92,5.6,100,0.0,1000.3,0.0,0.5,19,5,0
2023-05-11 20:00:00,28.4,86,5.2,100,0.0,1004.8,0.0,27.5,96,5.0,100,0.0,1000.4,0.0,0.8999999999999986,20,5,0
2023-05-11 21:00:00,27.8,89,5.7,100,0.0,1005.6,0.0,26.9,98,7.2,100,0.0,1001.3,0.0,0.9000000000000021,21,5,0
2023-05-11 22:00:00,28.0,89,5.9,100,0.0,1005.9,0.0,26.9,98,6.0,100,0.0,1001.6,0.0,1.1000000000000014,22,5,0
2023-05-11 23:00:00,28.0,90,7.3,100,0.0,1005.2,0.0,26.6,98,6.0,100,0.0,1001.1,0.0,1.3999999999999986,23,5,0
2023-05-12 00:00:00,27.6,93,6.8,100,0.0,1005.0,0.0,26.9,98,6.5,100,0.0,1000.7,0.0,0.7000000000000028,0,5,0
2023-05-12 01:00:00,27.2,97,9.7,100,0.0,1004.4,0.0,26.5,98,5.5,100,0.0,1000.1,0.0,0.6999999999999993,1,5,0
2023-05-12 02:00:00,27.0,97,9.7,100,0.0,1003.8,0.0,26.5,98,6.5,100,0.0,999.5,0.0,0.5,2,5,0
2023-05-12 03:00:00,26.9,96,7.6,100,0.0,1003.7,0.0,26.4,97,6.2,100,0.0,999.4,0.0,0.5,3,5,0
2023-05-12 04:00:00,26.8,95,7.4,100,0.0,1003.8,0.0,26.2,96,5.8,100,0.0,999.5,0.0,0.6000000000000014,4,5,0
2023-05-12 05:00:00,27.0,95,8.3,100,0.0,1004.3,0.0,26.7,97,7.2,100,0.0,1000.0,0.0,0.3000000000000007,5,5,0
2023-05-12 06:00:00,27.8,92,10.1,100,25.0,1004.7,0.0,27.6,93,10.5,100,23.0,1000.4,0.0,0.1999999999999993,6,5,1
2023-05-12 07:00:00,29.4,86,9.1,100,162.0,1005.3,0.0,29.3,85,8.8,100,156.0,1001.0,0.0,0.09999999999999787,7,5,1
2023-05-12 08:00:00,31.7,73,8.7,100,356.0,1005.8,0.0,31.5,70,9.9,100,339.0,1001.6,0.0,0.1999999999999993,8,5,1
2023-05-12 09:00:00,34.3,57,9.8,100,566.0,1005.7,0.0,33.4,58,11.2,100,513.0,1001.6,0.0,0.8999999999999986,9,5,1
2023-05-12 10:00:00,36.3,46,7.7,100,750.0,1005.4,0.0,35.2,51,11.1,100,671.0,1001.2,0.0,1.0999999999999943,10,5,1
2023-05-12 11:00:00,37.2,42,4.9,100,890.0,1004.8,0.0,36.8,44,10.8,100,843.0,1000.8,0.0,0.4000000000000057,11,5,1
2023-05-12 12:00:00,36.7,49,10.0,100,879.0,1003.9,0.0,37.9,38,10.6,100,878.0,999.7,0.0,-1.1999999999999957,12,5,1
2023-05-12 13:00:00,35.1,63,16.2,100,879.0,1003.2,0.0,38.7,34,10.8,100,873.0,998.8,0.0,-3.6000000000000014,13,5,1
2023-05-12 14:00:00,34.3,59,17.0,100,724.0,1002.6,0.0,38.6,33,7.6,100,714.0,998.2,0.0,-4.300000000000004,14,5,1
2023-05-12 15:00:00,33.7,61,12.3,100,514.0,1001.9,0.0,38.1,34,2.5,100,591.0,997.5,0.1,-4.399999999999999,15,5,1
2023-05-12 16:00:00,33.0,68,12.5,100,367.0,1001.5,0.0,37.4,38,5.9,100,425.0,997.0,0.0,-4.399999999999999,16,5,1
2023-05-12 17:00:00,31.8,75,11.1,100,176.0,1002.6,0.0,34.6,61,6.2,100,186.0,997.8,0.0,-2.8000000000000007,17,5,1
2023-05-12 18:00:00,30.4,83,12.8,100,35.0,1003.2,0.0,32.1,61,8.2,100,35.0,998.7,0.0,-1.7000000000000028,18,5,1
2023-05-12 19:00:00,30.2,87,11.3,100,0.0,1003.6,0.0,30.8,64,8.9,100,0.0,999.1,0.0,-0.6000000000000014,19,5,0
2023-05-12 20:00:00,29.9,88,11.0,100,0.0,1004.6,0.0,30.4,64,9.7,100,0.0,1000.1,0.0,-0.5,20,5,0
2023-05-12 21:00:00,29.9,87,9.0,100,0.0,1005.0,0.0,31.8,54,6.7,100,0.0,1000.8,0.0,-1.9000000000000021,21,5,0
2023-05-12 22:00:00,30.1,81,9.5,100,0.0,1005.2,0.0,29.2,64,8.2,100,0.0,1001.0,0.0,0.9000000000000021,22,5,0
2023-05-12 23:00:00,30.0,73,9.7,100,0.0,1004.8,0.0,29.7,60,11.2,100,0.0,1000.7,0.0,0.3000000000000007,23,5,0
2023-05-13 00:00:00,29.8,65,12.0,100,0.0,1004.4,0.0,29.7,62,15.5,100,0.0,1000.1,0.0,0.10000000000000142,0,5,0
2023-05-13 01:00:00,29.6,61,15.3,100,0.0,1003.7,0.0,29.2,70,16.0,100,0.0,999.6,0.0,0.40000000000000213,1,5,0
2023-05-13 02:00:00,29.3,67,18.3,100,0.0,1003.1,0.0,28.9,75,18.1,100,0.0,999.1,0.0,0.40000000000000213,2,5,0
2023-05-13 03:00:00,29.1,72,20.1,100,0.0,1002.6,0.0,28.9,74,19.9,100,0.0,998.5,0.0,0.20000000000000284,3,5,0
2023-05-13 04:00:00,29.0,70,20.0,100,0.0,1002.6,0.0,28.8,72,19.6,100,0.0,998.7,0.0,0.1999999999999993,4,5,0
2023-05-13 05:00:00,28.7,75,17.0,100,0.0,1003.8,0.0,28.5,75,16.9,100,0.0,999.7,0.0,0.1999999999999993,5,5,0
2023-05-13 06:00:00,29.1,71,17.1,99,27.0,1004.5,0.0,28.8,72,14.7,100,24.0,1000.4,0.0,0.3000000000000007,6,5,1
2023-05-13 07:00:00,30.4,66,16.5,100,174.0,1005.0,0.0,29.9,69,12.6,100,150.0,1001.1,0.0,0.5,7,5,1
2023-05-13 08:00:00,32.2,60,19.0,100,345.0,1005.6,0.0,31.8,63,13.7,100,353.0,1001.7,0.0,0.40000000000000213,8,5,1
2023-05-13 09:00:00,34.2,54,20.6,100,559.0,1005.8,0.0,33.7,56,15.4,100,573.0,1001.9,0.0,0.5,9,5,1
2023-05-13 10:00:00,35.9,49,19.6,100,699.0,1005.6,0.0,35.2,53,15.0,100,719.0,1001.7,0.0,0.6999999999999957,10,5,1
2023-05-13 11:00:00,37.2,42,18.5,100,720.0,1005.1,0.0,36.5,49,15.5,100,771.0,1001.2,0.0,0.7000000000000028,11,5,1
2023-05-13 12:00:00,38.7,33,17.7,100,752.0,1004.0,0.0,37.9,40,15.8,100,789.0,1000.3,0.0,0.8000000000000043,12,5,1
2023-05-13 13:00:00,39.4,27,16.1,100,728.0,1002.8,0.0,38.6,33,15.1,100,679.0,999.1,0.0,0.7999999999999972,13,5,1
2023-05-13 14:00:00,39.7,26,15.4,97,686.0,1001.6,0.0,38.6,31,13.6,100,529.0,997.9,0.0,1.1000000000000014,14,5,1
2023-05-13 15:00:00,39.9,26,13.8,100,628.0,1000.9,0.0,37.9,36,12.6,100,472.0,997.3,0.0,2.0,15,5,1
2023-05-13 16:00:00,38.3,36,10.1,100,433.0,1000.9,0.0,36.4,42,12.8,100,333.0,997.2,0.0,1.8999999999999986,16,5,1
2023-05-13 17:00:00,35.4,40,19.8,100,204.0,1001.8,0.0,34.1,47,17.0,100,163.0,998.1,0.0,1.2999999999999972,17,5,1
2023-05-13 18:00:00,33.9,46,18.5,100,36.0,1002.4,0.0,33.0,50,17.1,100,34.0,998.5,0.0,0.8999999999999986,18,5,1
2023-05-13 19:00:00,32.9,51,15.6,100,0.0,1003.5,0.0,32.5,52,15.8,100,0.0,999.3,0.0,0.3999999999999986,19,5,0
2023-05-13 20:00:00,32.3,55,15.3,100,0.0,1004.3,0.0,32.1,52,15.6,100,0.0,1000.2,0.0,0.19999999999999574,20,5,0
2023-05-13 21:00:00,32.2,54,18.2,100,0.0,1004.5,0.0,31.5,54,15.1,100,0.0,1000.5,0.0,0.7000000000000028,21,5,0
2023-05-13 22:00:00,31.8,54,18.2,100,0.0,1004.2,0.0,31.1,55,17.1,100,0.0,1000.2,0.0,0.6999999999999993,22,5,0
2023-05-13 23:00:00,31.2,56,18.1,100,0.0,1003.9,0.0,30.8,55,17.5,100,0.0,999.9,0.0,0.3999999999999986,23,5,0
2023-05-14 00:00:00,30.7,56,18.4,100,0.0,1003.3,0.0,30.7,56,18.3,100,0.0,999.2,0.0,0.0,0,5,0
2023-05-14 01:00:00,30.4,58,17.6,100,0.0,1002.4,0.0,30.3,59,15.6,100,0.0,998.4,0.0,0.09999999999999787,1,5,0
2023-05-14 02:00:00,30.1,59,17.8,100,0.0,1001.7,0.0,29.6,63,13.8,100,0.0,997.7,0.0,0.5,2,5,0
2023-05-14 03:00:00,29.9,61,18.5,100,0.0,1001.6,0.0,29.0,66,13.7,100,0.0,997.7,0.0,0.8999999999999986,3,5,0
2023-05-14 04:00:00,29.6,63,17.8,100,0.0,1002.1,0.0,28.4,69,13.9,100,0.0,998.1,0.0,1.2000000000000028,4,5,0
2023-05-14 05:00:00,30.0,62,20.7,100,0.0,1002.5,0.0,28.9,69,15.5,100,0.0,998.7,0.0,1.1000000000000014,5,5,0
2023-05-14 06:00:00,30.3,62,20.6,100,25.0,1003.4,0.0,29.5,67,18.3,100,24.0,999.5,0.0,0.8000000000000007,6,5,1
2023-05-14 07:00:00,31.3,61,18.9,100,160.0,1004.1,0.0,30.7,65,16.5,100,164.0,1000.3,0.0,0.6000000000000014,7,5,1
2023-05-14 08:00:00,32.7,57,18.1,100,331.0,1004.6,0.0,32.4,59,20.0,100,351.0,1000.6,0.0,0.30000000000000426,8,5,1
2023-05-14 09:00:00,34.6,51,18.4,100,516.0,1004.7,0.0,34.1,55,18.5,100,545.0,1000.7,0.0,0.5,9,5,1
2023-05-14 10:00:00,36.6,45,17.3,100,709.0,1004.1,0.0,35.9,49,18.0,100,680.0,1000.0,0.0,0.7000000000000028,10,5,1
2023-05-14 11:00:00,38.5,39,16.2,100,829.0,1003.1,0.0,37.9,42,17.7,100,876.0,999.1,0.0,0.6000000000000014,11,5,1
2023-05-14 12:00:00,40.3,31,13.8,100,871.0,1002.2,0.0,39.2,38,16.5,100,940.0,998.3,0.0,1.0999999999999943,12,5,1
2023-05-14 13:00:00,40.2,29,11.0,100,878.0,1001.0,0.0,40.7,29,12.2,100,900.0,997.0,0.0,-0.5,13,5,1
2023-05-14 14:00:00,35.3,60,21.3,100,744.0,1000.2,0.0,41.0,25,9.8,100,637.0,995.7,0.0,-5.700000000000003,14,5,1
2023-05-14 15:00:00,34.3,62,16.2,100,593.0,999.7,0.0,40.3,29,5.2,100,458.0,995.2,0.0,-6.0,15,5,1
2023-05-14 16:00:00,33.3,74,13.7,100,369.0,999.5,0.0,38.3,45,6.3,100,375.0,995.0,0.0,-5.0,16,5,1
2023-05-14 17:00:00,33.2,74,13.0,100,203.0,1000.1,0.0,36.6,56,5.2,100,188.0,995.7,0.0,-3.3999999999999986,17,5,1
2023-05-14 18:00:00,31.6,75,10.3,100,38.0,1000.9,0.0,36.0,43,3.1,100,37.0,996.5,0.0,-4.399999999999999,18,5,1
2023-05-14 19:00:00,31.1,76,11.6,100,0.0,1001.8,0.0,32.1,59,8.0,100,0.0,997.4,0.0,-1.0,19,5,0
2023-05-14 20:00:00,30.8,81,10.5,100,0.0,1002.7,0.0,30.8,58,7.2,100,0.0,998.5,0.0,0.0,20,5,0
2023-05-14 21:00:00,30.6,79,12.3,100,0.0,1003.3,0.0,30.1,63,6.6,100,0.0,999.2,0.0,0.5,21,5,0
2023-05-14 22:00:00,31.0,63,15.4,100,0.0,1003.2,0.0,29.2,77,7.3,100,0.0,999.2,0.0,1.8000000000000007,22,5,0
2023-05-14 23:00:00,30.6,65,17.3,100,0.0,1002.7,0.0,29.3,75,10.3,100,0.0,998.9,0.0,1.3000000000000007,23,5,0
2023-05-15 00:00:00,30.4,66,18.4,100,0.0,1002.2,0.0,29.5,67,13.9,100,0.0,998.3,0.0,0.8999999999999986,0,5,0
2023-05-15 01:00:00,30.1,63,18.4,100,0.0,1001.6,0.0,29.1,74,17.1,100,0.0,997.7,0.0,1.0,1,5,0
2023-05-15 02:00:00,29.4,70,15.8,100,0.0,1001.8,0.0,28.6,79,17.6,100,0.0,997.6,0.0,0.7999999999999972,2,5,0
2023-05-15 03:00:00,28.8,77,16.1,100,0.0,1001.9,0.0,28.2,80,14.5,100,0.0,997.8,0.0,0.6000000000000014,3,5,0
2023-05-15 04:00:00,28.5,79,15.0,100,0.0,1002.2,0.0,27.9,80,14.4,100,0.0,998.0,0.0,0.6000000000000014,4,5,0
2023-05-15 05:00:00,28.4,76,13.5,100,0.0,1003.0,0.0,27.9,82,12.8,100,0.0,998.8,0.0,0.5,5,5,0
2023-05-15 06:00:00,28.8,75,14.1,100,28.0,1003.9,0.0,28.5,79,11.8,100,26.0,999.8,0.0,0.3000000000000007,6,5,1
2023-05-15 07:00:00,30.2,71,12.8,100,188.0,1004.9,0.0,30.1,72,9.7,100,180.0,1000.8,0.0,0.09999999999999787,7,5,1
2023-05-15 08:00:00,32.4,59,13.6,100,410.0,1005.6,0.0,32.2,63,9.0,100,401.0,1001.5,0.0,0.19999999999999574,8,5,1
2023-05-15 09:00:00,34.4,49,11.0,100,616.0,1006.2,0.0,34.0,54,9.4,100,598.0,1002.0,0.0,0.3999999999999986,9,5,1
2023-05-15 10:00:00,36.0,45,6.6,100,780.0,1005.9,0.0,35.6,49,9.0,100,770.0,1001.7,0.0,0.3999999999999986,10,5,1
2023-05-15 11:00:00,37.1,42,6.3,100,888.0,1005.0,0.0,37.1,46,9.1,100,883.0,1001.0,0.0,0.0,11,5,1
2023-05-15 12:00:00,37.1,50,10.9,100,937.0,1003.9,0.0,38.6,42,9.8,100,930.0,999.8,0.0,-1.5,12,5,1
2023-05-15 13:00:00,34.6,70,19.2,100,796.0,1002.9,0.0,39.8,35,5.6,100,867.0,998.6,0.0,-5.199999999999996,13,5,1
2023-05-15 14:00:00,33.2,69,20.6,100,766.0,1002.7,0.0,39.3,35,8.3,100,678.0,997.8,0.0,-6.099999999999994,14,5,1
2023-05-15 15:00:00,33.0,69,17.9,100,540.0,1002.4,0.0,36.4,63,16.3,100,594.0,997.2,0.0,-3.3999999999999986,15,5,1
2023-05-15 16:00:00,32.7,71,19.4,100,402.0,1002.2,0.0,34.3,64,15.0,100,408.0,997.4,0.0,-1.5999999999999943,16,5,1
2023-05-15 17:00:00,31.6,76,18.0,99,198.0,1002.3,0.0,32.1,74,14.4,100,182.0,998.0,0.0,-0.5,17,5,1
2023-05-15 18:00:00,30.6,80,17.3,100,46.0,1002.9,0.0,30.8,79,13.8,100,46.0,998.7,0.0,-0.1999999999999993,18,5,1
2023-05-15 19:00:00,30.7,81,17.2,100,0.0,1003.8,0.0,30.3,82,14.0,100,0.0,999.4,0.0,0.3999999999999986,19,5,0
2023-05-15 20:00:00,30.3,83,16.5,100,0.0,1004.5,0.0,30.0,84,12.9,100,0.0,1000.1,0.0,0.3000000000000007,20,5,0
2023-05-15 21:00:00,30.1,85,17.4,100,0.0,1004.9,0.0,29.7,87,13.2,99,0.0,1000.6,0.0,0.40000000000000213,21,5,0
2023-05-15 22:00:00,29.7,89,17.7,99,0.0,1005.0,0.0,29.4,88,10.5,100,0.0,1000.8,0.0,0.3000000000000007,22,5,0
2023-05-15 23:00:00,29.6,91,16.9,99,0.0,1004.7,0.0,29.0,91,9.4,100,0.0,1000.6,0.0,0.6000000000000014,23,5,0
2023-05-16 00:00:00,29.4,91,15.5,100,0.0,1004.1,0.0,28.8,92,11.2,100,0.0,1000.0,0.0,0.5999999999999979,0,5,0
2023-05-16 01:00:00,29.2,89,15.5,100,0.0,1003.8,0.0,28.7,89,12.7,100,0.0,999.7,0.0,0.5,1,5,0
2023-05-16 02:00:00,29.1,87,17.7,100,0.0,1003.5,0.0,28.7,82,14.2,100,0.0,999.6,0.0,0.40000000000000213,2,5,0
2023-05-16 03:00:00,28.9,81,20.2,100,0.0,1003.7,0.0,28.4,79,16.9,99,0.0,999.8,0.0,0.5,3,5,0
2023-05-16 04:00:00,28.6,78,19.7,100,0.0,1004.2,0.0,27.9,82,17.1,100,0.0,1000.2,0.0,0.7000000000000028,4,5,0
2023-05-16 05:00:00,28.6,79,15.7,100,0.0,1004.5,0.0,28.3,82,15.5,100,0.0,1000.3,0.0,0.3000000000000007,5,5,0
2023-05-16 06:00:00,29.1,79,14.2,100,28.0,1005.5,0.0,28.8,79,14.0,99,26.0,1001.2,0.0,0.3000000000000007,6,5,1
2023-05-16 07:00:00,30.3,74,15.3,95,189.0,1006.4,0.0,30.3,74,12.7,95,185.0,1002.3,0.0,0.0,7,5,1
2023-05-16 08:00:00,32.2,67,15.5,64,407.0,1006.7,0.0,32.3,65,14.3,92,404.0,1002.7,0.0,-0.09999999999999432,8,5,1
2023-05-16 09:00:00,34.4,55,15.0,79,619.0,1007.1,0.0,34.4,55,13.8,72,615.0,1003.0,0.0,0.0,9,5,1
2023-05-16 10:00:00,36.3,47,12.3,94,787.0,1006.7,0.0,36.3,47,12.6,94,786.0,1002.6,0.0,0.0,10,5,1
2023-05-16 11:00:00,37.6,42,9.2,100,897.0,1006.1,0.0,37.8,42,11.0,100,900.0,1002.0,0.0,-0.19999999999999574,11,5,1
2023-05-16 12:00:00,38.2,40,7.6,100,941.0,1005.3,0.0,39.0,39,9.1,100,944.0,1001.2,0.0,-0.7999999999999972,12,5,1
2023-05-16 13:00:00,37.0,58,13.0,99,892.0,1004.2,0.0,39.7,35,5.5,100,906.0,1000.1,0.0,-2.700000000000003,13,5,1
2023-05-16 14:00:00,35.4,71,16.8,100,734.0,1003.4,0.0,39.8,32,3.5,100,744.0,999.2,0.0,-4.399999999999999,14,5,1
2023-05-16 15:00:00,34.7,66,18.8,100,579.0,1003.0,0.0,38.8,39,6.4,98,588.0,998.7,0.0,-4.099999999999994,15,5,1
2023-05-16 16:00:00,33.4,68,16.8,97,384.0,1003.0,0.0,35.6,64,13.7,69,364.0,998.6,0.0,-2.200000000000003,16,5,1
2023-05-16 17:00:00,31.9,78,12.6,95,197.0,1004.0,0.0,32.5,71,11.7,56,203.0,999.7,0.0,-0.6000000000000014,17,5,1
2023-05-16 18:00:00,30.7,84,13.3,89,42.0,1004.5,0.0,31.3,76,11.8,61,39.0,1000.2,0.0,-0.6000000000000014,18,5,1
2023-05-16 19:00:00,30.6,83,15.5,96,0.0,1005.2,0.0,30.7,78,11.3,84,0.0,1001.0,0.0,-0.09999999999999787,19,5,0
2023-05-16 20:00:00,30.2,85,16.3,100,0.0,1006.0,0.0,30.0,83,10.5,77,0.0,1001.9,0.0,0.1999999999999993,20,5,0
2023-05-16 21:00:00,29.9,87,15.3,100,0.0,1006.6,0.0,29.8,86,11.8,91,0.0,1002.5,0.0,0.09999999999999787,21,5,0
2023-05-16 22:00:00,30.0,85,15.9,98,0.0,1006.8,0.0,29.5,85,11.7,96,0.0,1002.6,0.0,0.5,22,5,0
2023-05-16 23:00:00,29.7,86,15.9,100,0.0,1006.7,0.0,29.2,87,12.3,100,0.0,1002.5,0.0,0.5,23,5,0
2023-05-17 00:00:00,29.6,83,17.5,97,0.0,1005.7,0.0,28.9,88,13.8,100,0.0,1001.7,0.0,0.7000000000000028,0,5,0
2023-05-17 01:00:00,29.3,84,17.9,99,0.0,1004.9,0.0,28.7,89,14.8,100,0.0,1000.8,0.0,0.6000000000000014,1,5,0
2023-05-17 02:00:00,28.9,87,16.1,97,0.0,1004.4,0.0,28.5,90,15.8,99,0.0,1000.2,0.0,0.3999999999999986,2,5,0
2023-05-17 03:00:00,28.6,88,14.2,92,0.0,1004.4,0.0,28.4,87,15.1,93,0.0,1000.2,0.0,0.20000000000000284,3,5,0
2023-05-17 04:00:00,28.5,86,14.4,7,0.0,1005.1,0.0,28.2,84,15.2,48,0.0,1000.8,0.0,0.3000000000000007,4,5,0
2023-05-17 05:00:00,29.9,83,15.3,1,0.0,1005.4,0.0,29.5,82,18.2,6,0.0,1001.4,0.0,0.3999999999999986,5,5,0
2023-05-17 06:00:00,30.1,80,15.9,60,26.0,1005.9,0.0,29.7,82,18.2,29,21.0,1001.7,0.0,0.40000000000000213,6,5,1
2023-05-17 07:00:00,31.0,76,11.4,67,181.0,1007.1,0.0,30.9,75,17.5,14,163.0,1002.3,0.0,0.10000000000000142,7,5,1
2023-05-17 08:00:00,31.8,74,14.3,2,391.0,1007.9,0.0,32.6,69,11.6,7,394.0,1003.4,0.0,-0.8000000000000007,8,5,1
2023-05-17 09:00:00,33.1,70,16.3,0,607.0,1008.0,0.0,34.0,63,9.7,2,604.0,1003.8,0.0,-0.8999999999999986,9,5,1
2023-05-17 10:00:00,33.8,69,19.2,0,779.0,1007.9,0.0,35.5,57,12.6,0,776.0,1003.4,0.0,-1.7000000000000028,10,5,1
2023-05-17 11:00:00,34.1,69,21.0,0,890.0,1007.4,0.0,36.1,58,13.5,1,890.0,1003.0,0.0,-2.0,11,5,1
2023-05-17 12:00:00,34.0,69,24.4,0,934.0,1006.5,0.0,36.1,60,16.1,0,933.0,1002.0,0.0,-2.1000000000000014,12,5,1
2023-05-17 13:00:00,33.2,70,26.1,0,909.0,1005.8,0.0,35.3,63,18.7,0,906.0,1001.2,0.0,-2.0999999999999943,13,5,1
2023-05-17 14:00:00,33.1,69,24.7,0,811.0,1005.0,0.0,34.8,63,18.4,0,802.0,1000.6,0.0,-1.6999999999999957,14,5,1
2023-05-17 15:00:00,32.8,71,23.5,0,651.0,1004.8,0.0,34.3,63,17.7,0,631.0,1000.5,0.0,-1.5,15,5,1
2023-05-17 16:00:00,32.3,74,19.4,12,439.0,1004.7,0.0,33.6,65,15.7,4,434.0,1000.5,0.0,-1.3000000000000043,16,5,1
2023-05-17 17:00:00,31.8,80,15.9,14,210.0,1004.9,0.0,33.7,68,8.0,45,217.0,1000.8,0.0,-1.9000000000000021,17,5,1
2023-05-17 18:00:00,30.8,85,14.2,21,44.0,1005.7,0.0,30.5,78,19.3,33,37.0,1001.7,0.0,0.3000000000000007,18,5,1
2023-05-17 19:00:00,29.9,86,15.0,15,0.0,1007.0,0.0,30.5,77,11.0,41,0.0,1002.4,0.0,-0.6000000000000014,19,5,0
2023-05-17 20:00:00,29.7,90,19.0,16,0.0,1007.9,0.0,29.8,86,14.7,100,0.0,1003.6,0.0,-0.10000000000000142,20,5,0
2023-05-17 21:00:00,29.9,88,18.5,49,0.0,1008.7,0.0,29.7,87,15.9,100,0.0,1004.2,0.0,0.1999999999999993,21,5,0
2023-05-17 22:00:00,29.8,87,19.7,20,0.0,1008.9,0.0,29.8,84,12.4,74,0.0,1004.6,0.0,0.0,22,5,0
2023-05-17 23:00:00,29.7,85,19.4,1,0.0,1008.5,0.0,29.8,81,15.3,32,0.0,1004.3,0.0,-0.10000000000000142,23,5,0
2023-05-18 00:00:00,29.5,85,20.7,3,0.0,1007.6,0.0,29.5,82,18.3,52,0.0,1003.3,0.0,0.0,0,5,0
2023-05-18 01:00:00,29.3,85,21.2,8,0.0,1007.0,0.0,29.0,85,16.6,17,0.0,1002.8,0.0,0.3000000000000007,1,5,0
2023-05-18 02:00:00,29.1,85,20.1,3,0.0,1006.7,0.0,28.6,89,16.9,18,0.0,1002.5,0.0,0.5,2,5,0
2023-05-18 03:00:00,28.7,89,19.8,36,0.0,1006.8,0.0,28.5,90,16.3,7,0.0,1002.5,0.0,0.1999999999999993,3,5,0
2023-05-18 04:00:00,28.6,89,18.9,14,0.0,1007.2,0.0,28.4,88,15.0,8,0.0,1003.0,0.0,0.20000000000000284,4,5,0
2023-05-18 05:00:00,28.2,88,16.2,5,0.0,1007.8,0.0,27.8,91,13.1,4,0.0,1003.6,0.0,0.3999999999999986,5,5,0
2023-05-18 06:00:00,28.8,84,18.7,22,28.0,1008.7,0.0,28.7,85,16.4,3,26.0,1004.4,0.0,0.10000000000000142,6,5,1
2023-05-18 07:00:00,29.9,79,18.8,31,181.0,1009.6,0.0,30.2,76,19.6,40,184.0,1005.3,0.0,-0.3000000000000007,7,5,1
2023-05-18 08:00:00,31.5,70,18.2,18,379.0,1010.0,0.0,31.8,68,17.0,19,378.0,1005.8,0.0,-0.3000000000000007,8,5,1
2023-05-18 09:00:00,33.2,63,16.3,7,602.0,1009.8,0.0,33.4,62,14.3,12,586.0,1005.7,0.0,-0.19999999999999574,9,5,1
2023-05-18 10:00:00,34.8,58,13.4,6,774.0,1009.6,0.0,35.1,56,13.2,0,771.0,1005.2,0.0,-0.30000000000000426,10,5,1
2023-05-18 11:00:00,35.9,54,10.4,0,890.0,1008.6,0.0,36.6,50,10.7,0,891.0,1004.1,0.0,-0.7000000000000028,11,5,1
2023-05-18 12:00:00,34.6,66,17.8,0,932.0,1007.8,0.0,37.4,48,7.9,0,935.0,1003.4,0.0,-2.799999999999997,12,5,1
2023-05-18 13:00:00,33.0,71,23.4,34,904.0,1007.0,0.0,35.8,63,15.0,17,904.0,1002.3,0.0,-2.799999999999997,13,5,1
2023-05-18 14:00:00,32.7,71,23.3,54,811.0,1006.0,0.0,34.5,64,18.9,57,806.0,1001.5,0.0,-1.7999999999999972,14,5,1
2023-05-18 15:00:00,32.5,71,22.3,32,651.0,1005.2,0.0,33.8,65,17.3,60,637.0,1000.9,0.0,-1.2999999999999972,15,5,1
2023-05-18 16:00:00,31.7,76,19.3,21,452.0,1005.1,0.0,33.1,68,16.6,57,444.0,1000.6,0.0,-1.4000000000000021,16,5,1
2023-05-18 17:00:00,29.9,78,5.1,34,232.0,1006.4,0.0,30.1,80,6.9,35,226.0,1001.7,0.0,-0.20000000000000284,17,5,1
2023-05-18 18:00:00,27.7,88,23.5,100,12.0,1007.2,0.7,28.1,81,12.0,88,10.0,1003.2,0.0,-0.40000000000000213,18,5,1
2023-05-18 19:00:00,27.7,84,14.1,98,0.0,1007.4,0.0,28.7,85,14.7,100,0.0,1003.3,0.0,-1.0,19,5,0
2023-05-18 20:00:00,28.4,86,12.7,75,0.0,1008.2,0.0,28.6,85,12.4,99,0.0,1003.8,0.0,-0.20000000000000284,20,5,0
2023-05-18 21:00:00,28.9,88,13.7,69,0.0,1008.6,0.0,28.5,83,6.9,96,0.0,1004.4,0.0,0.3999999999999986,21,5,0
2023-05-18 22:00:00,28.9,88,12.3,49,0.0,1008.6,0.0,28.5,87,9.0,88,0.0,1004.3,0.0,0.3999999999999986,22,5,0
2023-05-18 23:00:00,28.8,90,13.7,59,0.0,1008.2,0.0,28.5,91,11.7,82,0.0,1003.9,0.0,0.3000000000000007,23,5,0
2023-05-19 00:00:00,28.7,93,16.3,53,0.0,1007.2,0.0,28.4,90,13.4,100,0.0,1002.9,0.0,0.3000000000000007,0,5,0
2023-05-19 01:00:00,28.7,92,17.3,0,0.0,1006.4,0.0,28.4,86,13.7,89,0.0,1002.1,0.0,0.3000000000000007,1,5,0
2023-05-19 02:00:00,28.5,90,17.1,19,0.0,1005.7,0.0,28.2,84,12.8,54,0.0,1001.6,0.0,0.3000000000000007,2,5,0
2023-05-19 03:00:00,28.3,87,17.3,11,0.0,1005.8,0.0,27.9,86,12.7,26,0.0,1001.6,0.0,0.40000000000000213,3,5,0
2023-05-19 04:00:00,28.1,86,16.1,15,0.0,1006.0,0.0,27.6,87,12.9,4,0.0,1001.8,0.0,0.5,4,5,0
2023-05-19 05:00:00,28.2,85,16.6,6,0.0,1007.0,0.0,27.8,87,14.2,1,0.0,1002.7,0.0,0.3999999999999986,5,5,0
2023-05-19 06:00:00,28.6,84,16.9,7,27.0,1007.6,0.0,28.5,83,15.4,9,25.0,1003.3,0.0,0.10000000000000142,6,5,1
2023-05-19 07:00:00,29.7,78,17.2,7,182.0,1008.3,0.0,29.7,77,15.9,2,175.0,1004.0,0.0,0.0,7,5,1
2023-05-19 08:00:00,31.2,71,17.3,2,393.0,1008.7,0.0,31.4,70,14.8,2,398.0,1004.3,0.0,-0.1999999999999993,8,5,1
2023-05-19 09:00:00,32.7,66,16.2,1,612.0,1008.8,0.0,33.2,63,14.0,0,610.0,1004.5,0.0,-0.5,9,5,1
2023-05-19 10:00:00,34.3,60,14.6,0,781.0,1008.5,0.0,34.9,56,12.7,0,779.0,1004.1,0.0,-0.6000000000000014,10,5,1
2023-05-19 11:00:00,35.2,56,15.1,28,890.0,1007.6,0.0,36.4,50,11.4,44,891.0,1003.2,0.0,-1.1999999999999957,11,5,1
2023-05-19 12:00:00,34.8,66,18.8,100,936.0,1006.6,0.0,37.4,46,11.5,100,937.0,1002.3,0.0,-2.6000000000000014,12,5,1
2023-05-19 13:00:00,34.2,70,20.4,87,869.0,1005.5,0.0,37.3,50,12.4,76,910.0,1001.1,0.0,-3.0999999999999943,13,5,1
2023-05-19 14:00:00,33.6,68,23.0,7,791.0,1004.3,0.0,36.3,59,15.6,15,811.0,1000.0,0.0,-2.6999999999999957,14,5,1
2023-05-19 15:00:00,32.9,70,24.0,0,619.0,1003.5,0.0,34.8,62,19.2,6,618.0,999.3,0.0,-1.8999999999999986,15,5,1
2023-05-19 16:00:00,32.1,73,23.5,0,452.0,1003.2,0.0,33.3,65,20.2,0,439.0,999.0,0.0,-1.1999999999999957,16,5,1
2023-05-19 17:00:00,31.5,74,20.3,0,231.0,1003.8,0.0,32.4,67,15.9,0,232.0,999.8,0.0,-0.8999999999999986,17,5,1
2023-05-19 18:00:00,30.2,84,18.9,0,49.0,1004.3,0.0,31.0,73,15.0,0,49.0,1000.2,0.0,-0.8000000000000007,18,5,1
2023-05-19 19:00:00,29.8,85,19.8,0,0.0,1005.1,0.0,30.0,78,14.3,0,0.0,1000.9,0.0,-0.1999999999999993,19,5,0
2023-05-19 20:00:00,29.4,90,18.9,0,0.0,1005.9,0.0,29.4,85,14.2,0,0.0,1001.7,0.0,0.0,20,5,0
2023-05-19 21:00:00,29.3,90,19.8,0,0.0,1006.5,0.0,29.2,89,15.3,0,0.0,1002.2,0.0,0.10000000000000142,21,5,0
2023-05-19 22:00:00,29.3,91,20.4,0,0.0,1006.8,0.0,29.1,90,16.7,0,0.0,1002.5,0.0,0.1999999999999993,22,5,0
2023-05-19 23:00:00,29.1,92,20.7,0,0.0,1006.6,0.0,29.2,86,17.7,0,0.0,1002.2,0.0,-0.09999999999999787,23,5,0
2023-05-20 00:00:00,29.0,91,19.4,0,0.0,1006.0,0.0,28.7,87,16.6,0,0.0,1001.6,0.0,0.3000000000000007,0,5,0
2023-05-20 01:00:00,28.7,91,17.5,0,0.0,1005.5,0.0,28.3,88,14.3,0,0.0,1001.2,0.0,0.3999999999999986,1,5,0
2023-05-20 02:00:00,28.4,91,15.5,4,0.0,1005.0,0.0,28.0,89,13.5,0,0.0,1000.7,0.0,0.3999999999999986,2,5,0
2023-05-20 03:00:00,28.2,91,14.6,2,0.0,1004.9,0.0,27.8,88,12.5,0,0.0,1000.6,0.0,0.3999999999999986,3,5,0
2023-05-20 04:00:00,28.0,88,13.4,0,0.0,1005.5,0.0,27.6,86,11.1,0,0.0,1001.2,0.0,0.3999999999999986,4,5,0
2023-05-20 05:00:00,28.1,89,14.0,0,0.0,1005.9,0.0,27.6,89,10.6,0,0.0,1001.6,0.0,0.5,5,5,0
2023-05-20 06:00:00,28.6,83,13.0,0,29.0,1006.5,0.0,28.3,84,10.0,0,27.0,1002.2,0.0,0.3000000000000007,6,5,1
2023-05-20 07:00:00,29.7,78,12.8,0,191.0,1007.2,0.0,29.7,77,11.2,0,188.0,1002.9,0.0,0.0,7,5,1
2023-05-20 08:00:00,31.3,71,12.3,0,409.0,1007.6,0.0,31.6,68,10.8,0,406.0,1003.4,0.0,-0.3000000000000007,8,5,1
2023-05-20 09:00:00,32.7,66,12.3,0,617.0,1007.6,0.0,33.5,61,9.3,0,615.0,1003.3,0.0,-0.7999999999999972,9,5,1
2023-05-20 10:00:00,33.7,65,14.0,0,784.0,1007.3,0.0,35.1,55,7.1,0,784.0,1002.9,0.0,-1.3999999999999986,10,5,1
2023-05-20 11:00:00,33.8,68,18.0,0,895.0,1006.7,0.0,36.2,52,8.0,0,896.0,1002.2,0.0,-2.4000000000000057,11,5,1
2023-05-20 12:00:00,33.7,68,20.8,0,937.0,1005.9,0.0,36.5,54,10.8,0,934.0,1001.5,0.0,-2.799999999999997,12,5,1
2023-05-20 13:00:00,33.7,65,21.6,0,910.0,1004.7,0.0,36.1,58,14.8,1,909.0,1000.3,0.0,-2.3999999999999986,13,5,1
2023-05-20 14:00:00,33.4,65,21.4,0,789.0,1003.9,0.0,35.4,60,17.4,0,810.0,999.4,0.0,-2.0,14,5,1
2023-05-20 15:00:00,33.0,67,21.6,0,643.0,1003.1,0.0,34.7,60,16.6,0,646.0,998.7,0.0,-1.7000000000000028,15,5,1
2023-05-20 16:00:00,32.2,69,20.7,0,453.0,1002.8,0.0,33.8,61,16.6,0,448.0,998.5,0.0,-1.5999999999999943,16,5,1
2023-05-20 17:00:00,31.3,78,21.2,1,237.0,1003.8,0.0,32.5,68,17.8,0,230.0,999.6,0.0,-1.1999999999999993,17,5,1
2023-05-20 18:00:00,30.0,85,17.3,0,49.0,1004.4,0.0,30.6,78,15.4,1,48.0,1000.2,0.0,-0.6000000000000014,18,5,1
2023-05-20 19:00:00,29.8,86,15.3,0,0.0,1005.4,0.0,30.1,78,15.4,0,0.0,1000.9,0.0,-0.3000000000000007,19,5,0
2023-05-20 20:00:00,29.6,89,13.3,0,0.0,1006.3,0.0,29.9,78,13.0,2,0.0,1001.9,0.0,-0.29999999999999716,20,5,0
2023-05-20 21:00:00,29.5,88,14.8,0,0.0,1007.0,0.0,29.6,80,13.7,7,0.0,1002.7,0.0,-0.10000000000000142,21,5,0
2023-05-20 22:00:00,29.4,89,16.6,0,0.0,1007.0,0.0,29.2,86,14.4,7,0.0,1002.7,0.0,0.1999999999999993,22,5,0
2023-05-20 23:00:00,29.3,86,16.6,0,0.0,1006.8,0.0,29.1,85,14.4,3,0.0,1002.5,0.0,0.1999999999999993,23,5,0
2023-05-21 00:00:00,29.1,88,15.5,0,0.0,1006.5,0.0,28.8,85,14.3,2,0.0,1002.2,0.0,0.3000000000000007,0,5,0
2023-05-21 01:00:00,28.8,89,15.7,0,0.0,1005.9,0.0,28.5,86,12.8,1,0.0,1001.6,0.0,0.3000000000000007,1,5,0
2023-05-21 02:00:00,28.6,87,15.7,0,0.0,1005.3,0.0,28.2,84,13.4,0,0.0,1001.1,0.0,0.40000000000000213,2,5,0
2023-05-21 03:00:00,28.4,86,15.5,5,0.0,1005.4,0.0,27.9,84,12.8,0,0.0,1001.2,0.0,0.5,3,5,0
2023-05-21 04:00:00,28.1,85,14.9,0,0.0,1005.7,0.0,27.6,86,12.2,1,0.0,1001.4,0.0,0.5,4,5,0
2023-05-21 05:00:00,28.3,93,17.3,3,0.0,1006.6,0.0,28.1,95,11.6,1,0.0,1002.4,0.0,0.1999999999999993,5,5,0
2023-05-21 06:00:00,29.1,89,20.9,65,23.0,1007.0,0.0,28.7,91,16.6,85,19.0,1002.8,0.0,0.40000000000000213,6,5,1
2023-05-21 07:00:00,30.0,83,21.3,40,155.0,1007.9,0.0,30.0,82,18.0,62,159.0,1003.7,0.0,0.0,7,5,1
2023-05-21 08:00:00,31.3,74,21.3,39,374.0,1008.2,0.0,31.7,72,18.4,57,355.0,1003.8,0.0,-0.3999999999999986,8,5,1
2023-05-21 09:00:00,32.7,67,20.5,39,574.0,1008.3,0.0,33.2,64,17.1,36,568.0,1004.0,0.0,-0.5,9,5,1
2023-05-21 10:00:00,33.9,62,19.8,31,754.0,1007.9,0.0,34.8,58,16.0,9,760.0,1003.6,0.0,-0.8999999999999986,10,5,1
2023-05-21 11:00:00,34.5,61,21.3,13,875.0,1007.2,0.0,35.8,54,16.2,9,883.0,1002.8,0.0,-1.2999999999999972,11,5,1
2023-05-21 12:00:00,34.2,65,23.2,10,925.0,1006.6,0.0,36.3,53,16.1,2,928.0,1002.1,0.0,-2.0999999999999943,12,5,1
2023-05-21 13:00:00,33.8,64,23.9,4,898.0,1005.6,0.0,35.9,56,17.0,0,901.0,1001.1,0.0,-2.1000000000000014,13,5,1
2023-05-21 14:00:00,33.3,68,23.0,5,789.0,1005.0,0.0,35.5,58,17.6,1,803.0,1000.3,0.0,-2.200000000000003,14,5,1
2023-05-21 15:00:00,33.1,67,20.3,0,667.0,1004.6,0.0,34.5,61,19.9,1,643.0,1000.0,0.0,-1.3999999999999986,15,5,1
2023-05-21 16:00:00,32.0,74,11.5,10,381.0,1005.1,0.0,32.7,66,6.2,31,431.0,1000.9,0.0,-0.7000000000000028,16,5,1
2023-05-21 17:00:00,31.1,78,19.7,16,211.0,1005.2,0.0,32.1,70,14.2,35,174.0,1001.0,0.0,-1.0,17,5,1
2023-05-21 18:00:00,29.7,86,16.4,7,47.0,1005.8,0.0,30.3,78,12.2,4,47.0,1001.5,0.0,-0.6000000000000014,18,5,1
2023-05-21 19:00:00,29.5,88,14.1,4,0.0,1007.0,0.0,29.5,84,12.3,2,0.0,1002.7,0.0,0.0,19,5,0
2023-05-21 20:00:00,29.4,89,15.5,2,0.0,1007.8,0.0,29.4,84,11.6,2,0.0,1003.6,0.0,0.0,20,5,0
2023-05-21 21:00:00,29.2,89,14.8,5,0.0,1008.2,0.0,29.1,87,11.9,4,0.0,1004.0,0.0,0.09999999999999787,21,5,0
2023-05-21 22:00:00,29.2,88,14.4,13,0.0,1008.5,0.0,29.0,88,12.3,3,0.0,1004.2,0.0,0.1999999999999993,22,5,0
2023-05-21 23:00:00,29.1,89,15.2,5,0.0,1008.4,0.0,29.0,86,13.7,8,0.0,1004.2,0.0,0.10000000000000142,23,5,0
2023-05-22 00:00:00,28.8,88,13.9,31,0.0,1008.1,0.2,28.9,84,10.3,13,0.0,1003.7,0.0,-0.09999999999999787,0,5,0
2023-05-22 01:00:00,28.7,88,12.4,14,0.0,1007.6,0.0,28.8,83,10.0,1,0.0,1003.3,0.0,-0.10000000000000142,1,5,0
2023-05-22 02:00:00,28.6,87,13.4,10,0.0,1007.2,0.0,28.5,80,11.2,4,0.0,1003.0,0.0,0.10000000000000142,2,5,0
2023-05-22 03:00:00,28.5,84,13.5,5,0.0,1007.4,0.0,28.1,79,9.7,3,0.0,1003.2,0.0,0.3999999999999986,3,5,0
2023-05-22 04:00:00,28.2,82,12.4,5,0.0,1007.6,0.0,27.6,80,9.3,7,0.0,1003.5,0.0,0.5999999999999979,4,5,0
2023-05-22 05:00:00,28.6,92,13.4,5,0.0,1007.4,0.0,28.3,92,8.4,10,0.0,1003.2,0.0,0.3000000000000007,5,5,0
2023-05-22 06:00:00,29.2,88,15.6,51,25.0,1007.8,0.0,28.8,88,12.8,100,25.0,1003.5,0.0,0.3999999999999986,6,5,1
2023-05-22 07:00:00,30.0,83,15.7,45,162.0,1009.1,0.0,29.9,82,13.1,18,148.0,1004.8,0.0,0.10000000000000142,7,5,1
2023-05-22 08:00:00,31.3,75,13.0,17,343.0,1009.8,0.0,31.6,72,11.5,8,377.0,1005.3,0.0,-0.3000000000000007,8,5,1
2023-05-22 09:00:00,32.8,67,12.1,31,574.0,1009.6,0.0,33.1,64,10.2,9,581.0,1005.3,0.0,-0.30000000000000426,9,5,1
2023-05-22 10:00:00,34.2,60,11.6,44,752.0,1009.2,0.0,34.8,57,9.2,24,748.0,1004.9,0.0,-0.5999999999999943,10,5,1
2023-05-22 11:00:00,34.1,65,17.6,2,839.0,1008.3,0.0,36.0,52,9.3,35,829.0,1004.0,0.0,-1.8999999999999986,11,5,1
2023-05-22 12:00:00,33.5,68,21.9,2,890.0,1007.7,0.0,36.3,50,11.0,47,853.0,1003.1,0.0,-2.799999999999997,12,5,1
2023-05-22 13:00:00,33.1,65,18.9,3,864.0,1007.1,0.0,35.6,57,16.3,97,849.0,1002.3,0.0,-2.5,13,5,1
2023-05-22 14:00:00,27.2,81,7.8,98,618.0,1007.8,9.5,30.9,68,13.3,100,749.0,1003.1,5.6,-3.6999999999999993,14,5,1
2023-05-22 15:00:00,27.8,82,12.2,86,259.0,1005.5,0.1,28.3,78,18.2,98,308.0,1001.0,2.0,-0.5,15,5,1
2023-05-22 16:00:00,29.5,76,10.9,88,317.0,1005.3,0.0,30.3,73,6.9,75,245.0,1001.1,0.0,-0.8000000000000007,16,5,1
2023-05-22 17:00:00,30.9,73,16.6,74,194.0,1006.2,0.0,32.2,69,11.7,53,191.0,1002.0,0.0,-1.3000000000000043,17,5,1
2023-05-22 18:00:00,29.6,80,15.6,0,49.0,1006.4,0.0,30.3,77,12.7,6,47.0,1002.2,0.0,-0.6999999999999993,18,5,1
2023-05-22 19:00:00,29.3,86,14.8,0,0.0,1007.4,0.0,29.5,84,12.2,1,0.0,1003.2,0.0,-0.1999999999999993,19,5,0
2023-05-22 20:00:00,29.5,85,15.3,0,0.0,1008.5,0.0,29.4,85,12.7,0,0.0,1004.3,0.0,0.10000000000000142,20,5,0
2023-05-22 21:00:00,29.3,86,16.6,0,0.0,1009.1,0.0,29.1,86,12.6,0,0.0,1004.8,0.0,0.1999999999999993,21,5,0
2023-05-22 22:00:00,29.1,89,15.9,0,0.0,1009.6,0.0,29.0,87,12.8,0,0.0,1005.3,0.0,0.10000000000000142,22,5,0
2023-05-22 23:00:00,29.1,89,16.6,0,0.0,1009.5,0.0,28.9,87,13.4,0,0.0,1005.2,0.0,0.20000000000000284,23,5,0
2023-05-23 00:00:00,29.0,88,16.9,0,0.0,1008.6,0.0,28.9,86,13.7,0,0.0,1004.3,0.0,0.10000000000000142,0,5,0
2023-05-23 01:00:00,28.8,89,15.9,0,0.0,1008.0,0.0,28.7,83,12.2,0,0.0,1003.7,0.0,0.10000000000000142,1,5,0
2023-05-23 02:00:00,28.7,85,14.6,0,0.0,1007.5,0.0,28.4,80,10.8,0,0.0,1003.3,0.0,0.3000000000000007,2,5,0
2023-05-23 03:00:00,28.5,81,13.2,0,0.0,1007.4,0.0,28.0,78,10.6,0,0.0,1003.2,0.0,0.5,3,5,0
2023-05-23 04:00:00,28.2,80,13.6,0,0.0,1007.7,0.0,27.5,80,10.9,0,0.0,1003.5,0.0,0.6999999999999993,4,5,0
2023-05-23 05:00:00,27.9,80,10.4,0,0.0,1008.5,0.0,27.0,79,8.6,0,0.0,1004.3,0.0,0.8999999999999986,5,5,0
2023-05-23 06:00:00,28.2,76,11.6,0,29.0,1008.7,0.0,27.5,77,9.1,3,28.0,1004.5,0.0,0.6999999999999993,6,5,1
2023-05-23 07:00:00,29.4,70,11.5,0,191.0,1009.8,0.0,29.1,69,11.0,0,188.0,1005.5,0.0,0.29999999999999716,7,5,1
2023-05-23 08:00:00,31.1,62,10.7,0,407.0,1010.3,0.0,31.1,62,11.0,0,405.0,1006.0,0.0,0.0,8,5,1
2023-05-23 09:00:00,32.9,56,8.9,0,614.0,1010.3,0.0,33.0,55,9.5,0,613.0,1006.1,0.0,-0.10000000000000142,9,5,1
2023-05-23 10:00:00,34.5,51,6.8,0,780.0,1010.1,0.0,34.6,50,7.4,0,781.0,1005.8,0.0,-0.10000000000000142,10,5,1
2023-05-23 11:00:00,35.3,49,7.9,0,890.0,1009.4,0.0,36.0,45,5.6,0,892.0,1005.0,0.0,-0.7000000000000028,11,5,1
2023-05-23 12:00:00,34.0,64,17.4,5,896.0,1008.5,0.0,36.9,42,3.2,14,920.0,1004.0,0.0,-2.8999999999999986,12,5,1
2023-05-23 13:00:00,33.5,66,21.1,9,889.0,1007.4,0.0,36.8,44,7.9,21,884.0,1002.9,0.0,-3.299999999999997,13,5,1
2023-05-23 14:00:00,33.2,61,21.7,8,798.0,1006.2,0.0,35.4,57,15.2,11,771.0,1001.7,0.0,-2.1999999999999957,14,5,1
2023-05-23 15:00:00,32.5,66,20.3,6,634.0,1005.5,0.0,34.3,59,17.1,8,614.0,1001.0,0.0,-1.7999999999999972,15,5,1
2023-05-23 16:00:00,31.8,69,18.7,2,421.0,1004.9,0.0,33.2,59,16.4,6,438.0,1000.5,0.0,-1.4000000000000021,16,5,1
2023-05-23 17:00:00,31.4,72,17.3,8,228.0,1004.9,0.0,32.4,67,14.8,6,228.0,1000.7,0.0,-1.0,17,5,1
2023-05-23 18:00:00,30.0,84,16.8,20,48.0,1005.7,0.0,30.7,78,14.6,18,46.0,1001.4,0.0,-0.6999999999999993,18,5,1
2023-05-23 19:00:00,29.8,86,16.9,16,0.0,1006.7,0.0,30.1,79,16.8,26,0.0,1002.3,0.0,-0.3000000000000007,19,5,0
2023-05-23 20:00:00,29.5,89,17.6,9,0.0,1007.7,0.0,30.0,77,15.9,22,0.0,1003.4,0.0,-0.5,20,5,0
2023-05-23 21:00:00,29.5,86,16.2,2,0.0,1008.1,0.0,29.6,82,14.4,9,0.0,1003.8,0.0,-0.10000000000000142,21,5,0
2023-05-23 22:00:00,29.4,84,16.6,3,0.0,1008.3,0.0,29.4,81,14.4,0,0.0,1004.0,0.0,0.0,22,5,0
2023-05-23 23:00:00,29.3,84,16.3,0,0.0,1008.1,0.0,29.3,80,14.2,0,0.0,1003.7,0.0,0.0,23,5,0
2023-05-24 00:00:00,29.1,83,16.3,3,0.0,1007.6,0.0,29.0,78,13.3,10,0.0,1003.4,0.0,0.10000000000000142,0,5,0
2023-05-24 01:00:00,29.0,80,15.8,7,0.0,1007.1,0.0,28.8,74,13.6,14,0.0,1002.9,0.0,0.1999999999999993,1,5,0
2023-05-24 02:00:00,28.9,75,14.8,0,0.0,1006.7,0.0,28.5,72,13.4,3,0.0,1002.4,0.0,0.3999999999999986,2,5,0
2023-05-24 03:00:00,28.6,73,14.7,0,0.0,1006.5,0.0,28.2,73,13.4,3,0.0,1002.3,0.0,0.40000000000000213,3,5,0
2023-05-24 04:00:00,28.3,74,14.8,0,0.0,1006.7,0.0,27.9,75,13.9,2,0.0,1002.4,0.0,0.40000000000000213,4,5,0
2023-05-24 05:00:00,28.5,78,14.7,0,0.0,1007.1,0.0,28.1,79,13.8,3,0.0,1002.9,0.0,0.3999999999999986,5,5,0
2023-05-24 06:00:00,28.9,77,13.6,0,29.0,1007.7,0.0,28.7,76,12.8,0,28.0,1003.3,0.0,0.1999999999999993,6,5,1
2023-05-24 07:00:00,30.1,71,14.9,0,190.0,1008.3,0.0,30.2,69,13.7,0,187.0,1004.0,0.0,-0.09999999999999787,7,5,1
2023-05-24 08:00:00,31.8,64,14.0,2,405.0,1009.0,0.0,32.1,62,13.4,0,402.0,1004.8,0.0,-0.3000000000000007,8,5,1
2023-05-24 09:00:00,33.8,56,14.2,0,610.0,1009.0,0.0,34.1,54,12.8,0,608.0,1004.8,0.0,-0.30000000000000426,9,5,1
2023-05-24 10:00:00,35.4,50,13.4,0,776.0,1008.5,0.0,35.8,48,12.0,4,776.0,1004.3,0.0,-0.3999999999999986,10,5,1
2023-05-24 11:00:00,36.3,46,12.6,18,881.0,1007.9,0.0,37.4,42,10.6,20,878.0,1003.6,0.0,-1.1000000000000014,11,5,1
2023-05-24 12:00:00,35.2,64,16.6,10,889.0,1006.8,0.0,38.2,39,7.1,12,877.0,1002.5,0.0,-3.0,12,5,1
2023-05-24 13:00:00,34.7,65,21.1,9,882.0,1005.6,0.0,38.2,38,8.0,7,856.0,1001.3,0.0,-3.5,13,5,1
2023-05-24 14:00:00,34.3,62,24.5,8,781.0,1004.6,0.0,37.3,49,12.9,24,741.0,1000.2,0.0,-3.0,14,5,1
2023-05-24 15:00:00,33.4,64,26.0,5,630.0,1003.7,0.0,35.8,56,17.3,16,617.0,999.5,0.0,-2.3999999999999986,15,5,1
2023-05-24 16:00:00,32.5,69,23.0,19,423.0,1003.7,0.0,34.3,58,19.5,24,403.0,999.3,0.0,-1.7999999999999972,16,5,1
2023-05-24 17:00:00,31.5,72,18.6,36,203.0,1004.8,0.0,32.9,61,17.7,30,211.0,1000.6,0.0,-1.3999999999999986,17,5,1
2023-05-24 18:00:00,30.8,76,15.8,36,44.0,1005.5,0.0,31.5,67,14.8,16,49.0,1001.3,0.0,-0.6999999999999993,18,5,1
2023-05-24 19:00:00,30.4,78,15.5,78,0.0,1006.3,0.0,30.8,72,13.0,19,0.0,1002.0,0.0,-0.40000000000000213,19,5,0
2023-05-24 20:00:00,30.3,78,15.9,18,0.0,1007.2,0.0,30.3,77,12.3,10,0.0,1003.0,0.0,0.0,20,5,0
2023-05-24 21:00:00,30.0,80,14.9,9,0.0,1007.7,0.0,29.9,82,12.1,5,0.0,1003.5,0.0,0.10000000000000142,21,5,0
2023-05-24 22:00:00,29.7,83,13.8,7,0.0,1008.1,0.0,29.7,83,12.3,1,0.0,1003.8,0.0,0.0,22,5,0
2023-05-24 23:00:00,29.5,85,13.4,0,0.0,1007.8,0.0,29.7,80,13.3,0,0.0,1003.6,0.0,-0.1999999999999993,23,5,0
2023-05-25 00:00:00,29.4,83,13.7,8,0.0,1007.2,0.0,29.6,76,12.2,0,0.0,1002.9,0.0,-0.20000000000000284,0,5,0
2023-05-25 01:00:00,29.3,81,13.7,42,0.0,1006.5,0.0,29.5,73,13.4,11,0.0,1002.3,0.0,-0.1999999999999993,1,5,0
2023-05-25 02:00:00,29.3,77,13.8,56,0.0,1006.0,0.0,29.2,73,13.7,16,0.0,1001.8,0.0,0.10000000000000142,2,5,0
2023-05-25 03:00:00,29.2,74,14.3,39,0.0,1006.1,0.0,28.9,74,13.0,26,0.0,1001.9,0.0,0.3000000000000007,3,5,0
2023-05-25 04:00:00,29.0,74,13.5,4,0.0,1006.6,0.0,28.7,75,12.3,1,0.0,1002.5,0.0,0.3000000000000007,4,5,0
2023-05-25 05:00:00,29.8,76,15.2,6,0.0,1006.8,0.0,29.2,79,12.4,1,0.0,1002.6,0.0,0.6000000000000014,5,5,0
2023-05-25 06:00:00,30.2,76,14.6,68,28.0,1007.5,0.0,29.8,75,12.8,100,27.0,1003.5,0.0,0.3999999999999986,6,5,1
2023-05-25 07:00:00,31.5,70,14.8,98,172.0,1008.0,0.0,31.3,69,13.8,100,165.0,1003.9,0.0,0.1999999999999993,7,5,1
2023-05-25 08:00:00,33.6,58,17.1,9,380.0,1008.1,0.0,33.4,60,14.1,20,364.0,1004.1,0.0,0.20000000000000284,8,5,1
2023-05-25 09:00:00,35.5,49,16.1,46,601.0,1008.2,0.0,35.3,51,15.4,50,604.0,1004.1,0.0,0.20000000000000284,9,5,1
2023-05-25 10:00:00,37.1,42,13.3,59,771.0,1008.0,0.0,36.9,44,14.5,96,756.0,1003.8,0.0,0.20000000000000284,10,5,1
2023-05-25 11:00:00,38.1,38,10.5,12,884.0,1006.8,0.0,38.4,38,14.0,66,871.0,1002.8,0.0,-0.29999999999999716,11,5,1
2023-05-25 12:00:00,38.5,36,9.8,6,916.0,1006.1,0.0,39.5,34,12.3,55,874.0,1002.0,0.0,-1.0,12,5,1
2023-05-25 13:00:00,36.8,58,17.1,37,891.0,1004.7,0.0,40.3,33,9.0,39,863.0,1000.6,0.0,-3.5,13,5,1
2023-05-25 14:00:00,35.5,65,18.7,50,783.0,1004.0,0.0,39.8,33,8.1,18,773.0,999.6,0.0,-4.299999999999997,14,5,1
2023-05-25 15:00:00,34.4,63,21.9,36,560.0,1003.6,0.0,38.6,38,9.0,25,514.0,999.2,0.0,-4.200000000000003,15,5,1
2023-05-25 16:00:00,32.6,71,9.0,85,335.0,1004.5,0.9,35.6,58,9.8,46,362.0,999.7,0.4,-3.0,16,5,1
2023-05-25 17:00:00,34.0,60,18.3,79,167.0,1005.0,0.0,36.1,37,8.4,74,168.0,1000.4,0.0,-2.1000000000000014,17,5,1
2023-05-25 18:00:00,33.3,43,5.9,58,39.0,1005.4,0.0,33.9,40,11.1,95,42.0,1001.6,0.0,-0.6000000000000014,18,5,1
2023-05-25 19:00:00,32.3,46,8.2,100,0.0,1006.2,0.0,32.6,45,8.4,100,0.0,1002.4,0.0,-0.30000000000000426,19,5,0
2023-05-25 20:00:00,32.2,45,11.5,100,0.0,1007.3,0.0,31.5,52,11.5,88,0.0,1003.2,0.0,0.7000000000000028,20,5,0
2023-05-25 21:00:00,32.0,48,13.0,100,0.0,1007.5,0.0,31.1,54,11.0,98,0.0,1003.5,0.0,0.8999999999999986,21,5,0
2023-05-25 22:00:00,31.4,53,11.2,96,0.0,1007.8,0.0,30.7,57,9.7,100,0.0,1003.6,0.0,0.6999999999999993,22,5,0
2023-05-25 23:00:00,30.8,58,9.9,98,0.0,1007.4,0.0,30.2,60,7.9,88,0.0,1003.3,0.0,0.6000000000000014,23,5,0
2023-05-26 00:00:00,30.4,60,9.7,51,0.0,1006.9,0.0,29.8,63,9.2,99,0.0,1002.9,0.0,0.5999999999999979,0,5,0
2023-05-26 01:00:00,30.3,60,12.5,50,0.0,1006.3,0.0,29.5,64,10.8,22,0.0,1002.3,0.0,0.8000000000000007,1,5,0
2023-05-26 02:00:00,30.0,61,13.8,99,0.0,1005.9,0.0,29.0,65,9.7,87,0.0,1001.8,0.0,1.0,2,5,0
2023-05-26 03:00:00,29.7,62,12.0,86,0.0,1005.7,0.0,28.8,66,10.0,100,0.0,1001.6,0.0,0.8999999999999986,3,5,0
2023-05-26 04:00:00,29.5,61,11.2,100,0.0,1006.1,0.0,28.5,67,8.2,100,0.0,1002.0,0.0,1.0,4,5,0
2023-05-26 05:00:00,29.3,69,12.5,58,0.0,1007.0,0.0,29.1,66,9.9,89,0.0,1002.9,0.0,0.1999999999999993,5,5,0
2023-05-26 06:00:00,29.7,68,14.0,4,29.0,1007.6,0.0,29.6,66,11.5,14,27.0,1003.5,0.0,0.09999999999999787,6,5,1
2023-05-26 07:00:00,31.2,63,14.6,10,190.0,1008.5,0.0,31.2,62,10.6,38,185.0,1004.4,0.0,0.0,7,5,1
2023-05-26 08:00:00,33.1,54,18.3,12,405.0,1008.9,0.0,33.1,55,13.9,4,398.0,1004.9,0.0,0.0,8,5,1
2023-05-26 09:00:00,34.8,49,15.7,0,610.0,1008.7,0.0,34.7,50,14.9,0,607.0,1004.6,0.0,0.09999999999999432,9,5,1
2023-05-26 10:00:00,36.4,45,12.6,0,775.0,1008.2,0.0,36.5,45,14.8,0,775.0,1004.0,0.0,-0.10000000000000142,10,5,1
2023-05-26 11:00:00,37.9,40,8.4,2,883.0,1007.7,0.0,38.2,38,14.6,3,885.0,1003.5,0.0,-0.30000000000000426,11,5,1
2023-05-26 12:00:00,38.3,38,3.7,4,920.0,1006.9,0.0,39.6,34,12.6,5,921.0,1002.6,0.0,-1.3000000000000043,12,5,1
2023-05-26 13:00:00,34.9,56,12.3,33,864.0,1006.4,0.3,40.0,33,5.4,62,876.0,1001.5,0.0,-5.100000000000001,13,5,1
2023-05-26 14:00:00,35.1,58,12.5,61,749.0,1005.3,0.0,38.8,37,5.8,86,713.0,1000.6,0.0,-3.6999999999999957,14,5,1
2023-05-26 15:00:00,34.2,62,11.7,17,596.0,1004.8,0.0,35.8,52,10.5,55,407.0,1000.2,0.0,-1.5999999999999943,15,5,1
2023-05-26 16:00:00,33.2,65,13.4,34,417.0,1005.2,0.0,35.1,57,9.1,37,372.0,1000.5,0.0,-1.8999999999999986,16,5,1
2023-05-26 17:00:00,31.7,71,12.5,48,202.0,1006.3,0.0,32.6,63,14.0,65,200.0,1002.3,0.0,-0.9000000000000021,17,5,1
2023-05-26 18:00:00,30.8,75,10.1,41,48.0,1007.1,0.0,31.1,70,8.7,59,46.0,1002.9,0.0,-0.3000000000000007,18,5,1
2023-05-26 19:00:00,30.3,77,8.2,56,0.0,1008.1,0.0,30.5,75,10.0,70,0.0,1003.7,0.0,-0.1999999999999993,19,5,0
2023-05-26 20:00:00,30.0,79,9.7,72,0.0,1008.5,0.0,30.2,78,10.5,55,0.0,1004.3,0.0,-0.1999999999999993,20,5,0
2023-05-26 21:00:00,29.8,80,13.0,78,0.0,1008.2,0.0,29.8,81,8.3,99,0.0,1004.0,0.0,0.0,21,5,0
2023-05-26 22:00:00,29.6,81,13.1,86,0.0,1007.8,0.0,29.5,81,9.1,94,0.0,1003.7,0.0,0.10000000000000142,22,5,0
2023-05-26 23:00:00,29.5,80,13.0,99,0.0,1007.2,0.0,29.2,82,10.4,87,0.0,1003.0,0.0,0.3000000000000007,23,5,0
2023-05-27 00:00:00,29.3,81,12.4,41,0.0,1006.5,0.0,29.1,80,10.5,82,0.0,1002.3,0.0,0.1999999999999993,0,5,0
2023-05-27 01:00:00,29.1,79,11.6,0,0.0,1005.9,0.0,28.9,73,10.2,6,0.0,1001.7,0.0,0.20000000000000284,1,5,0
2023-05-27 02:00:00,28.9,75,10.7,0,0.0,1005.1,0.0,28.5,69,9.9,0,0.0,1000.9,0.0,0.3999999999999986,2,5,0
2023-05-27 03:00:00,28.6,72,11.2,0,0.0,1005.2,0.0,28.3,68,10.9,0,0.0,1001.0,0.0,0.3000000000000007,3,5,0
2023-05-27 04:00:00,28.2,72,10.5,0,0.0,1005.6,0.0,28.0,70,10.2,0,0.0,1001.4,0.0,0.1999999999999993,4,5,0
2023-05-27 05:00:00,28.6,70,10.8,3,0.0,1005.7,0.0,28.0,73,8.8,1,0.0,1001.5,0.0,0.6000000000000014,5,5,0
2023-05-27 06:00:00,29.3,67,14.1,13,30.0,1006.2,0.0,28.8,71,12.6,6,28.0,1002.1,0.0,0.5,6,5,1
2023-05-27 07:00:00,30.9,62,14.6,8,187.0,1006.8,0.0,31.0,62,13.3,2,184.0,1002.8,0.0,-0.10000000000000142,7,5,1
2023-05-27 08:00:00,33.0,54,14.9,0,405.0,1007.2,0.0,33.0,54,15.5,0,401.0,1003.1,0.0,0.0,8,5,1
2023-05-27 09:00:00,35.0,48,12.3,0,610.0,1007.1,0.0,35.0,49,13.8,0,608.0,1002.9,0.0,0.0,9,5,1
2023-05-27 10:00:00,36.8,43,9.7,0,776.0,1006.7,0.0,36.8,43,13.1,0,776.0,1002.5,0.0,0.0,10,5,1
2023-05-27 11:00:00,37.7,39,4.9,12,886.0,1006.1,0.0,38.5,36,12.4,13,886.0,1001.8,0.0,-0.7999999999999972,11,5,1
2023-05-27 12:00:00,37.2,43,9.4,16,863.0,1005.4,0.0,39.4,33,8.7,16,852.0,1001.0,0.0,-2.1999999999999957,12,5,1
2023-05-27 13:00:00,35.5,55,13.6,35,792.0,1004.8,0.0,39.2,34,3.6,20,801.0,1000.2,0.0,-3.700000000000003,13,5,1
2023-05-27 14:00:00,35.1,56,13.8,31,637.0,1004.2,0.0,35.2,53,11.7,72,589.0,1000.4,0.8,-0.10000000000000142,14,5,1
2023-05-27 15:00:00,34.9,55,8.0,34,515.0,1003.8,0.0,35.6,49,7.0,40,486.0,999.5,0.0,-0.7000000000000028,15,5,1
2023-05-27 16:00:00,33.3,69,13.6,39,328.0,1003.2,0.0,34.9,53,10.0,38,352.0,998.9,0.0,-1.6000000000000014,16,5,1
2023-05-27 17:00:00,32.8,66,10.4,44,202.0,1003.7,0.0,34.2,57,6.5,34,190.0,999.5,0.0,-1.4000000000000057,17,5,1
2023-05-27 18:00:00,31.5,72,10.0,25,44.0,1003.8,0.0,32.3,68,5.9,29,45.0,999.7,0.0,-0.7999999999999972,18,5,1
2023-05-27 19:00:00,31.0,74,10.2,12,0.0,1004.5,0.0,30.9,75,8.4,25,0.0,1000.4,0.0,0.10000000000000142,19,5,0
2023-05-27 20:00:00,30.5,75,10.0,22,0.0,1005.3,0.0,30.5,74,7.6,26,0.0,1001.0,0.0,0.0,20,5,0
2023-05-27 21:00:00,30.1,77,8.8,22,0.0,1005.8,0.0,30.1,76,6.1,58,0.0,1001.5,0.0,0.0,21,5,0
2023-05-27 22:00:00,29.8,78,6.9,16,0.0,1005.8,0.0,29.7,79,8.3,10,0.0,1001.6,0.0,0.10000000000000142,22,5,0
2023-05-27 23:00:00,29.5,81,8.9,13,0.0,1005.7,0.0,29.3,81,8.0,6,0.0,1001.4,0.0,0.1999999999999993,23,5,0
2023-05-28 00:00:00,29.2,84,9.0,9,0.0,1004.8,0.0,28.9,83,7.2,14,0.0,1000.5,0.0,0.3000000000000007,0,5,0
2023-05-28 01:00:00,29.0,86,9.3,9,0.0,1004.3,0.0,28.7,85,8.6,17,0.0,1000.0,0.0,0.3000000000000007,1,5,0
2023-05-28 02:00:00,28.7,87,10.2,71,0.0,1004.1,0.0,28.6,86,9.2,62,0.0,999.8,0.0,0.09999999999999787,2,5,0
2023-05-28 03:00:00,29.0,83,14.3,75,0.0,1004.0,0.0,28.7,86,8.9,61,0.0,999.7,0.0,0.3000000000000007,3,5,0
2023-05-28 04:00:00,29.0,83,14.8,35,0.0,1003.9,0.0,28.6,87,4.0,39,0.0,1000.0,0.0,0.3999999999999986,4,5,0
2023-05-28 05:00:00,29.0,86,13.4,31,0.0,1004.3,0.0,28.8,81,11.5,54,0.0,1000.2,0.0,0.1999999999999993,5,5,0
2023-05-28 06:00:00,29.6,80,9.5,27,28.0,1005.1,0.0,29.4,74,12.6,17,26.0,1000.7,0.0,0.20000000000000284,6,5,1
2023-05-28 07:00:00,28.4,87,12.3,85,149.0,1007.7,6.6,30.9,68,10.1,28,176.0,1001.7,0.0,-2.5,7,5,1
2023-05-28 08:00:00,28.2,86,15.9,53,186.0,1006.6,0.5,28.0,84,10.5,100,295.0,1003.9,5.3,0.1999999999999993,8,5,1
2023-05-28 09:00:00,30.8,69,14.8,86,477.0,1006.4,0.1,27.6,87,11.3,98,120.0,1002.3,1.1,3.1999999999999993,9,5,1
2023-05-28 10:00:00,32.1,64,10.9,100,477.0,1006.5,0.0,32.3,64,10.9,43,504.0,1002.2,0.0,-0.19999999999999574,10,5,1
2023-05-28 11:00:00,33.7,56,13.2,100,561.0,1005.8,0.0,35.2,51,10.8,61,731.0,1001.5,0.0,-1.5,11,5,1
2023-05-28 12:00:00,34.9,52,12.2,62,656.0,1004.9,0.0,36.1,47,12.6,79,790.0,1000.6,0.0,-1.2000000000000028,12,5,1
2023-05-28 13:00:00,35.8,47,9.8,100,753.0,1004.1,0.0,36.4,45,12.3,81,712.0,999.9,0.0,-0.6000000000000014,13,5,1
2023-05-28 14:00:00,36.0,46,6.9,95,688.0,1003.4,0.0,36.6,43,8.6,100,660.0,999.2,0.0,-0.6000000000000014,14,5,1
2023-05-28 15:00:00,34.7,61,10.8,100,609.0,1002.7,0.0,36.1,44,6.4,100,426.0,998.6,0.0,-1.3999999999999986,15,5,1
2023-05-28 16:00:00,33.0,77,12.9,100,440.0,1002.6,0.0,35.5,46,6.7,60,330.0,998.4,0.0,-2.5,16,5,1
2023-05-28 17:00:00,32.5,73,16.2,74,224.0,1002.6,0.0,34.1,60,11.3,48,240.0,998.5,0.0,-1.6000000000000014,17,5,1
2023-05-28 18:00:00,31.3,74,15.7,100,52.0,1003.3,0.0,31.9,68,12.0,94,46.0,999.2,0.0,-0.5999999999999979,18,5,1
2023-05-28 19:00:00,30.8,75,14.1,100,0.0,1004.3,0.0,30.8,74,12.3,100,0.0,1000.2,0.0,0.0,19,5,0
2023-05-28 20:00:00,30.4,78,11.3,100,0.0,1005.3,0.0,30.1,79,7.6,95,0.0,1001.0,0.0,0.29999999999999716,20,5,0
2023-05-28 21:00:00,30.1,79,11.2,97,0.0,1005.9,0.0,29.6,82,6.2,96,0.0,1001.7,0.0,0.5,21,5,0
2023-05-28 22:00:00,29.8,80,9.4,100,0.0,1006.4,0.0,29.5,82,8.2,77,0.0,1002.1,0.0,0.3000000000000007,22,5,0
2023-05-28 23:00:00,29.5,82,9.2,98,0.0,1006.1,0.0,29.2,82,7.1,42,0.0,1001.7,0.0,0.3000000000000007,23,5,0
2023-05-29 00:00:00,29.3,81,7.9,72,0.0,1005.3,0.0,28.8,81,6.6,8,0.0,1001.2,0.0,0.5,0,5,0
2023-05-29 01:00:00,28.9,80,8.4,42,0.0,1004.6,0.0,28.2,78,5.7,21,0.0,1000.5,0.0,0.6999999999999993,1,5,0
2023-05-29 02:00:00,28.6,75,7.3,53,0.0,1004.2,0.0,27.5,75,5.4,28,0.0,1000.0,0.0,1.1000000000000014,2,5,0
2023-05-29 03:00:00,28.2,70,7.3,43,0.0,1004.1,0.0,27.1,73,5.6,100,0.0,999.9,0.0,1.0999999999999979,3,5,0
2023-05-29 04:00:00,27.9,69,8.7,80,0.0,1004.6,0.0,27.0,71,7.1,92,0.0,1000.4,0.0,0.8999999999999986,4,5,0
2023-05-29 05:00:00,28.7,92,8.6,53,0.0,1005.0,0.0,28.0,90,7.0,16,0.0,1000.8,0.0,0.6999999999999993,5,5,0
2023-05-29 06:00:00,29.3,87,10.6,4,30.0,1005.6,0.0,29.0,83,9.2,5,28.0,1001.4,0.0,0.3000000000000007,6,5,1
2023-05-29 07:00:00,30.6,77,11.6,21,193.0,1006.3,0.0,30.7,74,10.2,5,188.0,1002.1,0.0,-0.09999999999999787,7,5,1
2023-05-29 08:00:00,32.2,69,12.5,7,408.0,1006.7,0.0,32.6,67,10.8,22,404.0,1002.6,0.0,-0.3999999999999986,8,5,1
2023-05-29 09:00:00,33.7,63,12.6,10,613.0,1006.9,0.0,34.4,58,9.5,12,609.0,1002.6,0.0,-0.6999999999999957,9,5,1
2023-05-29 10:00:00,34.6,61,13.5,11,780.0,1006.3,0.0,35.9,52,9.3,18,777.0,1002.0,0.0,-1.2999999999999972,10,5,1
2023-05-29 11:00:00,34.5,69,16.8,0,888.0,1005.7,0.0,36.9,50,9.7,2,888.0,1001.3,0.0,-2.3999999999999986,11,5,1
2023-05-29 12:00:00,34.5,71,18.0,0,928.0,1004.8,0.0,37.4,50,10.3,3,928.0,1000.3,0.0,-2.8999999999999986,12,5,1
2023-05-29 13:00:00,34.2,66,19.7,0,888.0,1003.9,0.0,37.2,52,12.1,9,871.0,999.4,0.0,-3.0,13,5,1
2023-05-29 14:00:00,33.6,65,20.2,0,746.0,1003.4,0.0,36.0,59,15.4,8,739.0,998.9,0.0,-2.3999999999999986,14,5,1
2023-05-29 15:00:00,33.0,68,17.7,1,581.0,1003.2,0.0,35.2,59,14.7,9,601.0,998.6,0.0,-2.200000000000003,15,5,1
2023-05-29 16:00:00,32.3,73,16.4,0,402.0,1003.5,0.0,34.4,62,14.4,52,425.0,998.9,0.0,-2.1000000000000014,16,5,1
2023-05-29 17:00:00,31.6,77,18.6,12,220.0,1003.6,0.0,30.7,80,10.9,36,225.0,1000.1,0.0,0.9000000000000021,17,5,1
2023-05-29 18:00:00,31.0,84,20.2,43,41.0,1004.6,0.0,30.1,81,15.4,93,32.0,1000.4,0.0,0.8999999999999986,18,5,1
2023-05-29 19:00:00,30.4,83,15.1,52,0.0,1005.6,0.0,29.7,77,11.1,86,0.0,1001.3,0.0,0.6999999999999993,19,5,0
2023-05-29 20:00:00,30.2,77,12.9,73,0.0,1006.6,0.0,29.7,76,10.5,80,0.0,1002.4,0.0,0.5,20,5,0
2023-05-29 21:00:00,30.0,80,13.9,39,0.0,1007.1,0.0,29.7,80,11.2,72,0.0,1002.8,0.0,0.3000000000000007,21,5,0
2023-05-29 22:00:00,29.8,88,14.5,41,0.0,1007.3,0.0,29.5,86,12.0,90,0.0,1003.0,0.0,0.3000000000000007,22,5,0
2023-05-29 23:00:00,29.8,89,13.9,67,0.0,1007.3,0.0,29.3,87,11.8,76,0.0,1003.0,0.0,0.5,23,5,0
2023-05-30 00:00:00,29.6,88,11.6,96,0.0,1007.0,0.0,29.2,86,10.8,100,0.0,1002.6,0.0,0.40000000000000213,0,5,0
2023-05-30 01:00:00,29.0,89,6.5,100,0.0,1006.5,0.0,29.0,86,8.9,100,0.0,1002.1,0.0,0.0,1,5,0
2023-05-30 02:00:00,28.8,89,8.0,96,0.0,1005.9,0.0,28.7,86,8.1,98,0.0,1001.7,0.0,0.10000000000000142,2,5,0
2023-05-30 03:00:00,28.8,88,11.2,95,0.0,1005.8,0.0,28.6,82,9.8,97,0.0,1001.4,0.0,0.1999999999999993,3,5,0
2023-05-30 04:00:00,28.8,86,13.7,88,0.0,1005.9,0.0,28.4,81,10.1,99,0.0,1001.7,0.0,0.40000000000000213,4,5,0
2023-05-30 05:00:00,29.2,88,16.9,33,0.0,1006.2,0.0,28.7,87,13.6,64,0.0,1002.0,0.0,0.5,5,5,0
2023-05-30 06:00:00,29.6,83,17.9,100,29.0,1006.9,0.0,29.3,80,18.1,100,27.0,1002.6,0.0,0.3000000000000007,6,5,1
2023-05-30 07:00:00,30.5,76,18.9,100,171.0,1007.6,0.0,30.6,73,16.3,99,180.0,1003.3,0.0,-0.10000000000000142,7,5,1
2023-05-30 08:00:00,31.8,68,18.0,100,363.0,1008.2,0.0,31.9,66,15.5,99,371.0,1004.0,0.0,-0.09999999999999787,8,5,1
2023-05-30 09:00:00,33.2,61,17.0,100,578.0,1008.1,0.0,33.5,59,14.4,100,586.0,1003.8,0.0,-0.29999999999999716,9,5,1
2023-05-30 10:00:00,34.4,55,15.7,100,764.0,1007.7,0.0,34.8,53,13.4,100,729.0,1003.4,0.0,-0.3999999999999986,10,5,1
2023-05-30 11:00:00,35.1,52,15.2,100,855.0,1006.5,0.0,36.1,48,11.6,100,843.0,1002.1,0.0,-1.0,11,5,1
2023-05-30 12:00:00,34.5,65,17.6,100,926.0,1005.7,0.0,37.2,43,9.7,100,912.0,1001.3,0.0,-2.700000000000003,12,5,1
2023-05-30 13:00:00,33.9,68,20.1,100,890.0,1004.9,0.0,36.8,45,10.7,100,860.0,1000.4,0.0,-2.8999999999999986,13,5,1
2023-05-30 14:00:00,33.3,63,21.0,100,792.0,1004.5,0.0,35.2,61,14.1,99,752.0,999.8,0.0,-1.9000000000000057,14,5,1
2023-05-30 15:00:00,32.7,67,17.6,98,546.0,1004.1,0.0,34.0,61,15.9,98,574.0,999.6,0.0,-1.2999999999999972,15,5,1
2023-05-30 16:00:00,32.0,71,17.9,100,413.0,1004.2,0.0,33.2,63,14.2,100,421.0,999.7,0.0,-1.2000000000000028,16,5,1
2023-05-30 17:00:00,27.6,83,18.6,99,212.0,1007.0,0.2,31.4,70,5.8,100,221.0,1001.5,0.0,-3.799999999999997,17,5,1
2023-05-30 18:00:00,27.4,84,6.8,99,33.0,1006.3,0.1,28.0,81,11.0,100,38.0,1002.1,1.5,-0.6000000000000014,18,5,1
2023-05-30 19:00:00,27.7,83,3.6,99,0.0,1006.8,0.0,27.8,82,4.1,99,0.0,1002.7,0.0,-0.10000000000000142,19,5,0
2023-05-30 20:00:00,27.7,83,7.4,88,0.0,1007.3,0.0,27.5,83,5.5,93,0.0,1003.2,0.0,0.1999999999999993,20,5,0
2023-05-30 21:00:00,27.8,81,8.5,95,0.0,1007.9,0.0,27.4,82,6.6,100,0.0,1003.7,0.0,0.40000000000000213,21,5,0
2023-05-30 22:00:00,27.6,82,5.4,100,0.0,1008.1,0.0,27.2,83,5.0,98,0.0,1003.8,0.0,0.40000000000000213,22,5,0
2023-05-30 23:00:00,27.2,86,5.1,100,0.0,1007.8,0.0,26.9,85,4.1,100,0.0,1003.5,0.0,0.3000000000000007,23,5,0
2023-05-31 00:00:00,26.9,88,5.7,99,0.0,1007.1,0.0,26.6,86,5.2,99,0.0,1002.8,0.0,0.29999999999999716,0,5,0
2023-05-31 01:00:00,26.7,89,5.6,91,0.0,1006.4,0.0,26.3,87,4.7,96,0.0,1002.2,0.0,0.3999999999999986,1,5,0
2023-05-31 02:00:00,26.5,87,6.9,28,0.0,1005.6,0.0,26.1,87,4.6,20,0.0,1001.4,0.0,0.3999999999999986,2,5,0
2023-05-31 03:00:00,26.5,86,5.6,23,0.0,1005.4,0.0,26.0,86,5.7,15,0.0,1001.1,0.0,0.5,3,5,0
2023-05-31 04:00:00,26.5,84,6.1,58,0.0,1005.8,0.0,26.0,86,5.1,22,0.0,1001.5,0.0,0.5,4,5,0
2023-05-31 05:00:00,26.4,87,6.6,29,0.0,1006.4,0.0,26.1,87,5.5,0,0.0,1002.0,0.0,0.29999999999999716,5,5,0
2023-05-31 06:00:00,27.2,84,6.4,10,30.0,1006.9,0.0,27.0,83,6.2,9,28.0,1002.6,0.0,0.1999999999999993,6,5,1
2023-05-31 07:00:00,28.9,73,7.8,57,191.0,1007.8,0.0,28.9,74,6.7,81,187.0,1003.4,0.0,0.0,7,5,1
2023-05-31 08:00:00,30.5,69,9.6,77,404.0,1008.1,0.0,30.7,68,7.7,90,400.0,1003.8,0.0,-0.1999999999999993,8,5,1
2023-05-31 09:00:00,32.0,64,9.0,44,606.0,1007.6,0.0,32.6,61,8.4,37,603.0,1003.4,0.0,-0.6000000000000014,9,5,1
2023-05-31 10:00:00,33.6,58,8.9,18,772.0,1007.2,0.0,34.4,53,8.9,17,772.0,1002.8,0.0,-0.7999999999999972,10,5,1
2023-05-31 11:00:00,34.4,56,9.7,32,883.0,1006.4,0.0,35.8,47,8.4,25,885.0,1001.9,0.0,-1.3999999999999986,11,5,1
2023-05-31 12:00:00,33.7,67,14.5,55,925.0,1005.7,0.0,36.5,44,6.0,87,929.0,1001.3,0.0,-2.799999999999997,12,5,1
2023-05-31 13:00:00,33.2,69,18.2,52,893.0,1004.9,0.0,36.5,46,8.0,99,892.0,1000.4,0.0,-3.299999999999997,13,5,1
2023-05-31 14:00:00,32.8,64,18.4,85,787.0,1003.9,0.0,35.2,56,11.2,93,779.0,999.3,0.2,-2.4000000000000057,14,5,1
2023-05-31 15:00:00,32.4,66,18.6,91,593.0,1003.2,0.0,33.8,60,16.0,90,578.0,998.8,0.0,-1.3999999999999986,15,5,1
2023-05-31 16:00:00,31.7,70,16.9,96,372.0,1002.9,0.0,32.8,60,15.1,100,417.0,998.5,0.0,-1.0999999999999979,16,5,1
2023-05-31 17:00:00,31.1,74,13.8,90,236.0,1003.5,0.0,31.9,64,12.6,95,228.0,999.1,0.0,-0.7999999999999972,17,5,1
2023-05-31 18:00:00,30.0,79,14.9,100,54.0,1003.5,0.0,30.5,75,12.9,99,51.0,999.2,0.0,-0.5,18,5,1
2023-05-31 19:00:00,29.6,84,13.5,98,0.0,1004.5,0.0,29.7,79,11.6,100,0.0,1000.1,0.0,-0.09999999999999787,19,5,0
2023-05-31 20:00:00,29.4,86,15.3,100,0.0,1005.4,0.0,29.3,84,12.1,100,0.0,1001.2,0.0,0.09999999999999787,20,5,0
2023-05-31 21:00:00,29.2,90,15.6,93,0.0,1006.0,0.0,29.1,85,12.3,100,0.0,1001.7,0.0,0.09999999999999787,21,5,0
2023-05-31 22:00:00,29.3,88,16.0,100,0.0,1006.0,0.0,28.9,87,12.5,97,0.0,1001.7,0.0,0.40000000000000213,22,5,0
2023-05-31 23:00:00,29.0,91,16.3,100,0.0,1005.9,0.0,28.8,88,13.5,98,0.0,1001.6,0.0,0.1999999999999993,23,5,0
2023-06-01 00:00:00,29.0,90,16.2,100,0.0,1005.3,0.0,28.8,88,13.7,100,0.0,1001.1,0.0,0.1999999999999993,0,6,0
2023-06-01 01:00:00,29.1,89,18.0,100,0.0,1004.6,0.0,28.6,91,13.7,99,0.0,1000.4,0.0,0.5,1,6,0
2023-06-01 02:00:00,28.8,91,15.8,100,0.0,1003.9,0.0,28.6,86,13.2,100,0.0,999.7,0.0,0.1999999999999993,2,6,0
2023-06-01 03:00:00,28.7,88,14.8,98,0.0,1004.0,0.0,28.4,84,12.6,100,0.0,999.7,0.0,0.3000000000000007,3,6,0
2023-06-01 04:00:00,28.5,84,13.5,98,0.0,1004.3,0.0,28.3,83,12.3,100,0.0,1000.0,0.0,0.1999999999999993,4,6,0
2023-06-01 05:00:00,28.7,84,14.8,100,0.0,1004.7,0.0,28.2,85,11.9,98,0.0,1000.5,0.0,0.5,5,6,0
2023-06-01 06:00:00,29.1,81,13.4,100,29.0,1005.1,0.0,28.9,81,11.6,100,28.0,1000.9,0.0,0.20000000000000284,6,6,1
2023-06-01 07:00:00,30.4,75,14.9,100,187.0,1005.7,0.0,30.5,73,14.1,100,185.0,1001.4,0.0,-0.10000000000000142,7,6,1
2023-06-01 08:00:00,32.0,67,15.2,100,398.0,1005.7,0.0,32.3,64,13.6,100,393.0,1001.7,0.0,-0.29999999999999716,8,6,1
2023-06-01 09:00:00,33.9,58,15.4,100,603.0,1005.8,0.0,34.3,54,13.8,100,599.0,1001.6,0.0,-0.3999999999999986,9,6,1
2023-06-01 10:00:00,35.7,49,13.8,99,768.0,1005.4,0.0,36.1,47,13.8,100,770.0,1001.2,0.0,-0.3999999999999986,10,6,1
2023-06-01 11:00:00,36.7,44,13.2,68,882.0,1004.8,0.0,37.5,41,13.0,100,883.0,1000.6,0.0,-0.7999999999999972,11,6,1
2023-06-01 12:00:00,36.1,57,15.9,27,910.0,1004.2,0.0,38.4,38,10.5,4,890.0,1000.0,0.0,-2.299999999999997,12,6,1
2023-06-01 13:00:00,35.6,63,19.2,7,885.0,1003.1,0.0,38.8,36,8.7,4,880.0,998.9,0.0,-3.1999999999999957,13,6,1
2023-06-01 14:00:00,34.9,63,22.4,26,795.0,1002.2,0.0,38.2,41,10.1,3,791.0,997.9,0.0,-3.3000000000000043,14,6,1
2023-06-01 15:00:00,33.9,66,22.5,24,611.0,1001.9,0.0,36.4,54,16.1,9,642.0,997.6,0.0,-2.5,15,6,1
2023-06-01 16:00:00,32.9,68,20.4,13,378.0,1001.6,0.0,35.2,56,16.9,28,428.0,997.3,0.0,-2.3000000000000043,16,6,1
2023-06-01 17:00:00,33.3,70,7.8,11,216.0,1002.5,0.0,29.1,65,18.5,16,211.0,999.0,0.0,4.199999999999996,17,6,1
2023-06-01 18:00:00,32.4,59,16.1,46,48.0,1002.6,0.0,31.3,51,5.7,60,34.0,998.8,0.0,1.0999999999999979,18,6,1
2023-06-01 19:00:00,31.8,54,11.7,23,0.0,1003.4,0.0,31.4,51,13.3,60,0.0,999.4,0.0,0.40000000000000213,19,6,0
2023-06-01 20:00:00,31.7,51,13.5,35,0.0,1004.4,0.0,31.7,51,13.5,33,0.0,1000.0,0.0,0.0,20,6,0
2023-06-01 21:00:00,31.7,51,11.6,49,0.0,1005.1,0.0,31.0,54,8.5,58,0.0,1000.9,0.0,0.6999999999999993,21,6,0
2023-06-01 22:00:00,31.1,54,9.5,36,0.0,1005.2,0.0,30.5,61,8.1,41,0.0,1001.1,0.0,0.6000000000000014,22,6,0
2023-06-01 23:00:00,30.7,57,11.6,11,0.0,1005.0,0.0,30.5,60,7.9,26,0.0,1000.8,0.0,0.1999999999999993,23,6,0
2023-06-02 00:00:00,30.3,60,10.8,4,0.0,1004.4,0.0,30.1,57,8.4,64,0.0,1000.2,0.0,0.1999999999999993,0,6,0
2023-06-02 01:00:00,30.0,60,11.8,0,0.0,1003.5,0.0,29.8,58,11.5,6,0.0,999.5,0.0,0.1999999999999993,1,6,0
2023-06-02 02:00:00,29.9,58,13.2,0,0.0,1003.1,0.0,29.4,61,12.1,0,0.0,999.0,0.0,0.5,2,6,0
2023-06-02 03:00:00,29.6,60,12.7,1,0.0,1003.1,0.0,29.1,65,12.8,3,0.0,999.0,0.0,0.5,3,6,0
2023-06-02 04:00:00,29.3,63,13.2,5,0.0,1003.3,0.0,28.9,66,11.2,44,0.0,999.1,0.0,0.40000000000000213,4,6,0
2023-06-02 05:00:00,29.4,66,12.3,54,0.0,1003.9,0.0,28.9,67,11.1,73,0.0,999.7,0.0,0.5,5,6,0
2023-06-02 06:00:00,30.1,63,12.3,100,30.0,1004.5,0.0,29.6,65,11.3,43,28.0,1000.3,0.0,0.5,6,6,1
2023-06-02 07:00:00,31.7,59,11.0,100,190.0,1005.2,0.0,31.3,60,9.2,99,188.0,1001.0,0.0,0.3999999999999986,7,6,1
2023-06-02 08:00:00,33.6,53,14.1,94,401.0,1005.7,0.0,33.4,53,13.1,100,399.0,1001.5,0.0,0.20000000000000284,8,6,1
2023-06-02 09:00:00,35.5,47,13.0,99,603.0,1005.9,0.0,35.5,48,13.7,98,598.0,1001.7,0.0,0.0,9,6,1
2023-06-02 10:00:00,37.2,41,12.1,98,724.0,1005.4,0.0,37.5,41,14.7,100,766.0,1001.2,0.0,-0.29999999999999716,10,6,1
2023-06-02 11:00:00,38.7,36,9.5,83,842.0,1004.9,0.0,39.0,35,14.0,97,856.0,1000.6,0.0,-0.29999999999999716,11,6,1
2023-06-02 12:00:00,38.5,37,5.2,10,896.0,1004.1,0.0,40.2,32,11.2,94,907.0,999.7,0.0,-1.7000000000000028,12,6,1
2023-06-02 13:00:00,36.1,54,16.0,28,886.0,1003.2,0.0,38.4,36,2.6,48,858.0,999.3,0.2,-2.299999999999997,13,6,1
2023-06-02 14:00:00,34.9,57,13.7,30,790.0,1002.5,0.0,39.5,32,6.2,14,759.0,997.7,0.0,-4.600000000000001,14,6,1
2023-06-02 15:00:00,34.9,54,16.6,25,574.0,1001.8,0.0,38.0,41,4.0,24,586.0,997.5,0.0,-3.1000000000000014,15,6,1
2023-06-02 16:00:00,33.5,64,15.8,45,393.0,1002.0,0.0,36.1,55,11.8,53,383.0,997.8,0.0,-2.6000000000000014,16,6,1
2023-06-02 17:00:00,32.4,71,14.5,72,218.0,1002.4,0.0,33.7,60,12.7,36,189.0,998.1,0.0,-1.3000000000000043,17,6,1
2023-06-02 18:00:00,31.5,70,12.8,100,46.0,1002.9,0.0,31.7,70,13.2,100,49.0,998.5,0.0,-0.1999999999999993,18,6,1
2023-06-02 19:00:00,30.8,79,14.5,90,0.0,1003.5,0.0,30.9,77,14.1,100,0.0,999.2,0.0,-0.09999999999999787,19,6,0
2023-06-02 20:00:00,30.6,80,15.1,97,0.0,1004.7,0.0,30.7,79,12.1,100,0.0,1000.2,0.0,-0.09999999999999787,20,6,0
2023-06-02 21:00:00,30.4,81,16.3,100,0.0,1005.0,0.0,30.2,82,10.7,99,0.0,1000.7,0.0,0.1999999999999993,21,6,0
2023-06-02 22:00:00,29.9,87,15.9,100,0.0,1005.1,0.0,29.8,85,7.9,97,0.0,1000.9,0.0,0.09999999999999787,22,6,0
2023-06-02 23:00:00,29.9,87,15.1,100,0.0,1004.8,0.0,29.5,88,9.7,93,0.0,1000.7,0.0,0.3999999999999986,23,6,0
2023-06-03 00:00:00,29.8,86,16.6,100,0.0,1004.0,0.0,29.5,87,13.4,100,0.0,999.9,0.0,0.3000000000000007,0,6,0
2023-06-03 01:00:00,29.6,87,18.2,98,0.0,1003.2,0.0,29.6,80,13.1,100,0.0,999.3,0.0,0.0,1,6,0
2023-06-03 02:00:00,29.6,79,14.5,100,0.0,1002.8,0.0,29.7,68,14.5,100,0.0,998.6,0.0,-0.09999999999999787,2,6,0
2023-06-03 03:00:00,29.5,70,13.4,100,0.0,1002.6,0.0,29.3,65,12.1,100,0.0,998.4,0.0,0.1999999999999993,3,6,0
2023-06-03 04:00:00,29.3,65,12.7,99,0.0,1003.1,0.0,28.8,67,10.9,100,0.0,998.9,0.0,0.5,4,6,0
2023-06-03 05:00:00,29.4,73,15.3,87,0.0,1003.9,0.0,29.0,72,14.9,92,0.0,999.7,0.0,0.3999999999999986,5,6,0
2023-06-03 06:00:00,29.9,69,14.5,85,30.0,1004.5,0.0,29.7,67,14.6,100,28.0,1000.2,0.0,0.1999999999999993,6,6,1
2023-06-03 07:00:00,31.2,63,13.9,99,186.0,1005.7,0.0,31.3,61,13.2,100,187.0,1001.4,0.0,-0.10000000000000142,7,6,1
2023-06-03 08:00:00,32.9,56,14.5,100,347.0,1005.6,0.0,33.1,54,14.9,100,385.0,1001.7,0.0,-0.20000000000000284,8,6,1
2023-06-03 09:00:00,35.3,48,14.8,100,594.0,1005.5,0.0,35.0,49,12.8,100,589.0,1001.6,0.0,0.29999999999999716,9,6,1
2023-06-03 10:00:00,37.0,44,13.8,100,738.0,1005.3,0.0,36.7,44,12.7,100,704.0,1001.3,0.0,0.29999999999999716,10,6,1
2023-06-03 11:00:00,38.6,40,9.4,100,844.0,1004.7,0.0,38.5,40,12.2,100,833.0,1000.6,0.0,0.10000000000000142,11,6,1
2023-06-03 12:00:00,39.1,36,1.8,100,886.0,1003.8,0.0,40.1,34,10.6,100,875.0,999.7,0.0,-1.0,12,6,1
2023-06-03 13:00:00,37.7,50,9.2,100,815.0,1002.9,0.0,41.1,30,4.9,100,849.0,998.6,0.0,-3.3999999999999986,13,6,1
2023-06-03 14:00:00,35.9,63,11.2,100,711.0,1002.3,0.0,41.0,30,3.6,100,738.0,997.7,0.0,-5.100000000000001,14,6,1
2023-06-03 15:00:00,35.1,62,14.9,100,522.0,1001.6,0.0,38.5,42,7.4,100,423.0,997.2,0.0,-3.3999999999999986,15,6,1
2023-06-03 16:00:00,33.9,68,12.5,100,307.0,1001.4,0.0,37.2,49,4.6,60,294.0,996.9,0.0,-3.3000000000000043,16,6,1
2023-06-03 17:00:00,29.9,74,11.3,88,181.0,1003.0,0.0,33.0,50,27.9,40,170.0,998.7,0.0,-3.1000000000000014,17,6,1
2023-06-03 18:00:00,32.2,59,17.1,81,29.0,1001.5,0.0,29.5,68,16.3,100,40.0,998.8,0.8,2.700000000000003,18,6,1
2023-06-03 19:00:00,32.2,55,12.8,27,0.0,1002.5,0.0,30.9,60,19.9,99,0.0,998.1,0.0,1.3000000000000043,19,6,0
2023-06-03 20:00:00,30.9,58,9.5,49,0.0,1003.7,0.0,32.2,48,16.1,89,0.0,999.1,0.0,-1.3000000000000043,20,6,0
2023-06-03 21:00:00,30.1,66,7.3,69,0.0,1004.2,0.0,31.2,50,6.6,98,0.0,999.7,0.0,-1.0999999999999979,21,6,0
2023-06-03 22:00:00,31.4,55,5.2,4,0.0,1004.5,0.0,30.1,56,6.8,96,0.0,1000.1,0.0,1.2999999999999972,22,6,0
2023-06-03 23:00:00,29.8,72,8.6,37,0.0,1004.6,0.0,29.5,63,7.7,95,0.0,1000.3,0.0,0.3000000000000007,23,6,0
2023-06-04 00:00:00,29.4,76,9.3,56,0.0,1003.7,0.0,28.2,75,6.8,100,0.0,999.6,0.0,1.1999999999999993,0,6,0
2023-06-04 01:00:00,29.3,74,12.8,100,0.0,1003.1,0.0,28.7,73,8.6,96,0.0,999.1,0.0,0.6000000000000014,1,6,0
2023-06-04 02:00:00,29.2,73,13.1,100,0.0,1002.7,0.0,28.7,72,12.2,98,0.0,998.8,0.0,0.5,2,6,0
2023-06-04 03:00:00,29.2,68,14.3,100,0.0,1002.9,0.0,28.8,66,14.2,97,0.0,998.8,0.0,0.3999999999999986,3,6,0
2023-06-04 04:00:00,29.4,63,13.1,96,0.0,1003.5,0.0,28.6,69,12.8,98,0.0,999.3,0.0,0.7999999999999972,4,6,0
2023-06-04 05:00:00,29.5,81,15.5,100,0.0,1003.5,0.0,29.2,78,11.6,98,0.0,999.3,0.0,0.3000000000000007,5,6,0
2023-06-04 06:00:00,30.0,77,14.3,96,30.0,1004.1,0.0,29.8,76,11.0,98,28.0,999.9,0.0,0.1999999999999993,6,6,1
2023-06-04 07:00:00,31.4,70,13.8,10,186.0,1005.1,0.0,31.6,67,11.5,89,183.0,1001.1,0.0,-0.20000000000000284,7,6,1
2023-06-04 08:00:00,33.7,53,15.5,73,407.0,1005.7,0.0,33.7,54,13.5,75,398.0,1001.7,0.0,0.0,8,6,1
2023-06-04 09:00:00,35.3,43,15.2,86,563.0,1005.7,0.0,35.4,46,14.8,96,598.0,1001.6,0.0,-0.10000000000000142,9,6,1
2023-06-04 10:00:00,36.0,42,12.3,100,576.0,1005.8,0.0,36.9,42,13.6,81,730.0,1001.4,0.0,-0.8999999999999986,10,6,1
2023-06-04 11:00:00,36.4,42,12.0,51,608.0,1005.4,0.0,37.9,39,13.0,99,722.0,1001.1,0.0,-1.5,11,6,1
2023-06-04 12:00:00,37.9,40,9.9,28,827.0,1004.6,0.0,38.1,37,14.0,80,553.0,1000.3,0.0,-0.20000000000000284,12,6,1
2023-06-04 13:00:00,36.1,45,13.8,65,871.0,1004.5,0.6,38.9,34,13.5,40,559.0,999.5,0.0,-2.799999999999997,13,6,1
2023-06-04 14:00:00,37.1,41,7.3,6,715.0,1003.0,0.0,36.8,37,12.4,47,516.0,999.0,0.0,0.30000000000000426,14,6,1
2023-06-04 15:00:00,37.5,37,7.2,16,619.0,1002.1,0.0,38.1,34,7.2,43,537.0,998.0,0.0,-0.6000000000000014,15,6,1
2023-06-04 16:00:00,36.9,38,3.4,13,432.0,1001.4,0.0,37.4,35,13.1,7,418.0,997.4,0.0,-0.5,16,6,1
2023-06-04 17:00:00,31.6,65,14.8,15,222.0,1002.2,0.0,28.2,79,10.4,5,237.0,997.8,0.0,3.400000000000002,17,6,1
2023-06-04 18:00:00,29.8,66,22.1,77,44.0,1002.8,0.0,30.2,72,4.0,69,42.0,999.1,0.6,-0.3999999999999986,18,6,1
2023-06-04 19:00:00,30.6,63,13.0,75,0.0,1003.2,0.0,30.3,63,15.1,63,0.0,999.3,0.0,0.3000000000000007,19,6,0
2023-06-04 20:00:00,30.5,64,13.3,40,0.0,1004.2,0.0,31.0,56,9.5,97,0.0,1000.1,0.0,-0.5,20,6,0
2023-06-04 21:00:00,30.6,61,11.5,28,0.0,1004.5,0.0,31.1,55,5.7,51,0.0,1000.3,0.0,-0.5,21,6,0
2023-06-04 22:00:00,30.3,62,5.8,51,0.0,1004.6,0.0,30.6,58,9.8,27,0.0,1000.3,0.0,-0.3000000000000007,22,6,0
2023-06-04 23:00:00,29.7,64,6.6,89,0.0,1004.7,0.0,30.1,60,10.0,15,0.0,1000.6,0.0,-0.40000000000000213,23,6,0
2023-06-05 00:00:00,29.8,62,10.8,100,0.0,1004.5,0.0,29.7,63,9.2,98,0.0,1000.3,0.0,0.10000000000000142,0,6,0
2023-06-05 01:00:00,29.4,64,9.9,100,0.0,1004.0,0.0,29.4,64,10.0,100,0.0,999.7,0.0,0.0,1,6,0
2023-06-05 02:00:00,29.2,65,11.5,100,0.0,1003.0,0.0,29.2,64,11.8,99,0.0,998.8,0.0,0.0,2,6,0
2023-06-05 03:00:00,28.9,66,9.4,100,0.0,1002.6,0.0,28.8,66,9.9,100,0.0,998.4,0.0,0.09999999999999787,3,6,0
2023-06-05 04:00:00,28.7,69,8.7,100,0.0,1003.2,0.0,28.4,67,8.0,99,0.0,998.9,0.0,0.3000000000000007,4,6,0
2023-06-05 05:00:00,29.0,68,8.4,5,0.0,1003.5,0.0,28.6,69,7.7,10,0.0,999.2,0.0,0.3999999999999986,5,6,0
2023-06-05 06:00:00,29.6,66,10.9,82,30.0,1004.1,0.0,29.4,67,9.5,42,28.0,999.9,0.0,0.20000000000000284,6,6,1
2023-06-05 07:00:00,31.1,62,10.8,97,186.0,1004.4,0.0,31.2,62,9.7,93,187.0,1000.4,0.0,-0.09999999999999787,7,6,1
2023-06-05 08:00:00,33.1,55,12.2,100,394.0,1004.5,0.0,33.4,53,11.4,94,392.0,1000.4,0.0,-0.29999999999999716,8,6,1
2023-06-05 09:00:00,35.3,47,12.0,100,600.0,1004.4,0.0,35.4,46,12.2,100,601.0,1000.1,0.0,-0.10000000000000142,9,6,1
2023-06-05 10:00:00,37.1,41,9.1,93,766.0,1004.3,0.0,37.3,41,13.0,100,768.0,1000.1,0.0,-0.19999999999999574,10,6,1
2023-06-05 11:00:00,37.9,38,5.1,50,873.0,1003.9,0.0,39.3,34,13.2,100,872.0,999.6,0.0,-1.3999999999999986,11,6,1
2023-06-05 12:00:00,37.5,44,8.7,7,925.0,1003.2,0.0,40.4,31,9.4,91,901.0,998.8,0.0,-2.8999999999999986,12,6,1
2023-06-05 13:00:00,35.1,62,17.6,65,875.0,1002.6,0.2,39.4,31,0.5,46,772.0,998.1,0.0,-4.299999999999997,13,6,1
2023-06-05 14:00:00,34.7,53,16.3,53,731.0,1002.1,0.0,37.1,46,12.2,41,568.0,997.4,0.0,-2.3999999999999986,14,6,1
2023-06-05 15:00:00,34.5,60,16.4,6,539.0,1001.3,0.0,36.1,49,12.1,51,542.0,997.2,0.0,-1.6000000000000014,15,6,1
2023-06-05 16:00:00,34.0,66,13.4,69,399.0,1001.8,0.0,34.6,51,17.4,52,340.0,997.8,2.9,-0.6000000000000014,16,6,1
2023-06-05 17:00:00,33.4,63,8.4,74,208.0,1002.8,0.0,31.6,61,20.6,72,169.0,998.8,0.0,1.7999999999999972,17,6,1
2023-06-05 18:00:00,32.3,59,14.0,100,49.0,1002.5,0.0,30.1,62,9.6,100,39.0,998.5,0.0,2.1999999999999957,18,6,1
2023-06-05 19:00:00,31.1,60,10.9,100,0.0,1002.8,0.0,30.0,64,8.2,100,0.0,998.8,0.0,1.1000000000000014,19,6,0
2023-06-05 20:00:00,30.5,61,13.0,100,0.0,1003.7,0.0,29.6,65,9.1,100,0.0,999.6,0.0,0.8999999999999986,20,6,0
2023-06-05 21:00:00,30.1,63,12.5,67,0.0,1004.1,0.0,29.6,65,9.7,100,0.0,1000.1,0.0,0.5,21,6,0
2023-06-05 22:00:00,29.9,66,14.8,25,0.0,1004.7,0.0,29.3,68,12.3,87,0.0,1000.7,0.0,0.5999999999999979,22,6,0
2023-06-05 23:00:00,29.4,71,19.4,45,0.0,1004.7,0.0,28.9,72,16.4,96,0.0,1000.7,0.0,0.5,23,6,0
2023-06-06 00:00:00,29.0,70,17.3,100,0.0,1004.4,0.0,28.2,72,18.4,74,0.0,1000.4,0.0,0.8000000000000007,0,6,0
2023-06-06 01:00:00,28.4,72,16.3,97,0.0,1003.8,0.0,28.0,74,15.3,66,0.0,999.5,0.0,0.3999999999999986,1,6,0
2023-06-06 02:00:00,28.4,72,15.3,100,0.0,1003.1,0.0,28.1,74,14.8,100,0.0,999.0,0.0,0.29999999999999716,2,6,0
2023-06-06 03:00:00,28.5,71,16.3,100,0.0,1003.1,0.0,28.0,74,16.0,100,0.0,998.9,0.0,0.5,3,6,0
2023-06-06 04:00:00,28.4,71,15.5,100,0.0,1003.3,0.0,27.9,74,13.7,100,0.0,999.1,0.0,0.5,4,6,0
2023-06-06 05:00:00,29.6,64,20.3,100,0.0,1003.2,0.0,28.9,67,16.3,43,0.0,999.3,0.0,0.7000000000000028,5,6,0
2023-06-06 06:00:00,30.0,63,20.4,100,29.0,1003.3,0.0,29.2,66,16.5,100,28.0,999.3,0.0,0.8000000000000007,6,6,1
2023-06-06 07:00:00,31.5,59,16.2,98,178.0,1003.8,0.0,30.9,63,14.5,93,178.0,999.8,0.0,0.6000000000000014,7,6,1
2023-06-06 08:00:00,33.7,52,20.5,100,385.0,1004.1,0.0,33.2,54,18.8,100,388.0,1000.0,0.0,0.5,8,6,1
2023-06-06 09:00:00,35.4,47,17.9,100,592.0,1004.1,0.0,35.3,48,17.7,100,586.0,1000.0,0.0,0.10000000000000142,9,6,1
2023-06-06 10:00:00,37.2,42,16.9,100,762.0,1003.8,0.0,37.1,42,17.7,100,760.0,999.8,0.0,0.10000000000000142,10,6,1
2023-06-06 11:00:00,38.8,36,17.1,100,859.0,1003.1,0.0,38.4,38,16.5,100,861.0,999.1,0.0,0.3999999999999986,11,6,1
2023-06-06 12:00:00,39.8,32,15.3,100,862.0,1002.2,0.0,39.8,31,15.8,100,877.0,998.1,0.0,0.0,12,6,1
2023-06-06 13:00:00,39.5,32,7.9,100,792.0,1001.2,0.0,40.8,28,15.5,100,785.0,997.0,0.0,-1.2999999999999972,13,6,1
2023-06-06 14:00:00,36.1,52,14.8,100,692.0,1000.8,0.1,40.8,29,10.5,100,695.0,996.2,0.0,-4.699999999999996,14,6,1
2023-06-06 15:00:00,34.2,60,20.6,74,602.0,1000.2,0.0,39.0,33,5.9,100,476.0,995.7,0.0,-4.799999999999997,15,6,1
2023-06-06 16:00:00,33.8,61,17.5,37,383.0,999.9,0.0,36.0,53,15.3,62,339.0,995.5,0.1,-2.200000000000003,16,6,1
2023-06-06 17:00:00,33.3,68,14.9,68,212.0,1000.3,0.0,35.5,53,8.8,99,206.0,996.0,0.0,-2.200000000000003,17,6,1
2023-06-06 18:00:00,31.6,74,14.9,99,51.0,1000.6,0.0,34.0,55,10.9,100,49.0,996.4,0.0,-2.3999999999999986,18,6,1
2023-06-06 19:00:00,31.1,79,15.5,100,0.0,1001.7,0.0,32.5,63,12.6,100,0.0,997.6,0.0,-1.3999999999999986,19,6,0
2023-06-06 20:00:00,31.9,67,13.4,100,0.0,1002.5,0.0,32.0,67,13.0,100,0.0,998.4,0.0,-0.10000000000000142,20,6,0
2023-06-06 21:00:00,31.7,67,15.0,100,0.0,1003.0,0.0,31.1,72,14.6,99,0.0,998.9,0.0,0.5999999999999979,21,6,0
2023-06-06 22:00:00,31.2,70,16.7,99,0.0,1003.5,0.0,30.7,73,13.3,99,0.0,999.6,0.0,0.5,22,6,0
2023-06-06 23:00:00,30.9,72,17.2,100,0.0,1003.4,0.0,31.3,64,15.4,72,0.0,999.4,0.0,-0.40000000000000213,23,6,0
2023-06-07 00:00:00,31.6,61,18.6,100,0.0,1002.8,0.0,31.4,57,18.1,100,0.0,998.9,0.0,0.20000000000000284,0,6,0
2023-06-07 01:00:00,31.5,56,19.7,100,0.0,1002.4,0.0,30.9,59,17.4,99,0.0,998.4,0.0,0.6000000000000014,1,6,0
2023-06-07 02:00:00,31.1,56,19.9,100,0.0,1001.8,0.0,30.4,58,17.8,100,0.0,997.9,0.0,0.7000000000000028,2,6,0
2023-06-07 03:00:00,30.7,56,17.7,100,0.0,1001.7,0.0,30.0,59,16.1,100,0.0,997.7,0.0,0.6999999999999993,3,6,0
2023-06-07 04:00:00,30.2,57,15.1,100,0.0,1001.9,0.0,29.6,61,14.3,95,0.0,997.8,0.0,0.5999999999999979,4,6,0
2023-06-07 05:00:00,29.9,71,6.4,96,0.0,1003.0,0.0,29.7,73,7.7,97,0.0,998.3,0.0,0.1999999999999993,5,6,0
2023-06-07 06:00:00,28.1,87,12.7,100,24.0,1004.0,9.7,27.1,86,8.1,100,21.0,999.8,10.7,1.0,6,6,1
2023-06-07 07:00:00,27.5,87,3.1,100,63.0,1005.6,6.6,27.5,90,5.2,100,46.0,1000.9,1.0,0.0,7,6,1
2023-06-07 08:00:00,27.9,86,5.1,100,75.0,1006.3,0.2,28.4,83,3.6,100,162.0,1001.9,0.1,-0.5,8,6,1
2023-06-07 09:00:00,28.5,81,8.4,100,155.0,1006.3,0.2,28.6,79,4.7,100,155.0,1002.3,0.1,-0.10000000000000142,9,6,1
2023-06-07 10:00:00,29.5,77,11.6,100,307.0,1005.8,0.1,30.0,71,9.8,100,307.0,1001.7,0.1,-0.5,10,6,1
2023-06-07 11:00:00,30.7,71,12.0,100,423.0,1005.2,0.0,31.4,65,11.9,100,412.0,1001.2,0.0,-0.6999999999999993,11,6,1
2023-06-07 12:00:00,32.5,63,10.9,100,572.0,1003.8,0.0,33.0,59,12.2,100,544.0,999.7,0.0,-0.5,12,6,1
2023-06-07 13:00:00,34.2,57,11.7,100,763.0,1002.6,0.0,34.4,54,12.6,100,699.0,998.5,0.0,-0.19999999999999574,13,6,1
2023-06-07 14:00:00,34.9,54,9.4,100,702.0,1001.5,0.0,35.3,51,11.1,100,662.0,997.4,0.0,-0.3999999999999986,14,6,1
2023-06-07 15:00:00,35.1,53,9.7,100,570.0,1000.7,0.0,35.3,51,12.0,100,507.0,996.7,0.0,-0.19999999999999574,15,6,1
2023-06-07 16:00:00,34.5,57,10.5,100,364.0,1000.6,0.0,35.3,50,11.9,100,394.0,996.6,0.0,-0.7999999999999972,16,6,1
2023-06-07 17:00:00,34.5,49,12.4,100,131.0,1000.6,0.0,34.7,50,10.7,100,191.0,996.6,0.0,-0.20000000000000284,17,6,1
2023-06-07 18:00:00,33.8,54,16.0,74,57.0,1001.0,0.0,33.8,54,10.9,93,49.0,997.0,0.0,0.0,18,6,1
2023-06-07 19:00:00,33.2,55,13.9,81,0.0,1002.1,0.0,32.8,56,13.3,40,0.0,998.1,0.0,0.4000000000000057,19,6,0
2023-06-07 20:00:00,32.6,56,16.3,68,0.0,1003.0,0.0,31.9,58,13.2,87,0.0,998.9,0.0,0.7000000000000028,20,6,0
2023-06-07 21:00:00,31.9,58,14.7,97,0.0,1004.0,0.0,31.5,60,12.9,99,0.0,999.9,0.0,0.3999999999999986,21,6,0
2023-06-07 22:00:00,31.5,60,15.0,99,0.0,1004.1,0.0,31.2,61,13.2,100,0.0,1000.1,0.0,0.3000000000000007,22,6,0
2023-06-07 23:00:00,31.1,61,16.0,82,0.0,1004.3,0.0,31.0,60,16.3,99,0.0,1000.5,0.0,0.10000000000000142,23,6,0
2023-06-08 00:00:00,30.8,61,18.7,100,0.0,1003.9,0.0,30.6,58,22.7,100,0.0,999.6,0.0,0.1999999999999993,0,6,0
2023-06-08 01:00:00,30.6,58,19.0,98,0.0,1003.0,0.0,30.4,59,22.2,99,0.0,999.0,0.0,0.20000000000000284,1,6,0
2023-06-08 02:00:00,30.5,59,17.9,85,0.0,1002.2,0.0,29.9,61,17.2,100,0.0,998.1,0.0,0.6000000000000014,2,6,0
2023-06-08 03:00:00,30.3,58,17.6,100,0.0,1002.5,0.0,29.7,61,15.0,100,0.0,998.2,0.0,0.6000000000000014,3,6,0
2023-06-08 04:00:00,30.2,58,17.4,100,0.0,1002.7,0.0,29.8,60,14.8,97,0.0,998.5,0.0,0.3999999999999986,4,6,0
2023-06-08 05:00:00,30.6,55,18.4,10,0.0,1003.3,0.0,30.1,60,17.4,70,0.0,999.2,0.0,0.5,5,6,0
2023-06-08 06:00:00,30.6,56,17.1,94,27.0,1003.6,0.0,30.4,60,17.0,99,27.0,999.4,0.0,0.20000000000000284,6,6,1
2023-06-08 07:00:00,31.6,56,14.6,100,174.0,1004.1,0.0,31.5,57,16.5,100,177.0,1000.0,0.0,0.10000000000000142,7,6,1
2023-06-08 08:00:00,32.6,53,17.2,100,304.0,1004.6,0.0,32.8,52,17.2,100,369.0,1000.4,0.0,-0.19999999999999574,8,6,1
2023-06-08 09:00:00,33.9,50,14.8,100,498.0,1004.5,0.0,34.4,48,15.4,99,507.0,1000.4,0.0,-0.5,9,6,1
2023-06-08 10:00:00,35.0,48,10.1,100,605.0,1004.7,0.0,36.4,42,15.5,92,719.0,1000.3,0.0,-1.3999999999999986,10,6,1
2023-06-08 11:00:00,36.6,44,6.7,100,829.0,1003.8,0.0,38.0,38,12.9,89,834.0,999.5,0.0,-1.3999999999999986,11,6,1
2023-06-08 12:00:00,37.1,43,4.7,100,914.0,1003.0,0.0,39.5,34,9.4,72,922.0,998.6,0.0,-2.3999999999999986,12,6,1
2023-06-08 13:00:00,35.3,56,15.5,100,841.0,1002.2,0.0,39.0,35,2.9,79,780.0,997.7,0.0,-3.700000000000003,13,6,1
2023-06-08 14:00:00,33.2,60,19.5,100,654.0,1001.7,0.0,37.1,47,9.9,100,754.0,997.1,0.3,-3.8999999999999986,14,6,1
2023-06-08 15:00:00,33.1,61,14.8,100,380.0,1001.1,0.0,35.3,58,14.8,100,364.0,996.5,0.0,-2.1999999999999957,15,6,1
2023-06-08 16:00:00,31.9,73,15.8,100,247.0,1001.0,0.0,35.4,55,15.2,100,341.0,996.3,0.0,-3.5,16,6,1
2023-06-08 17:00:00,31.1,76,14.3,100,123.0,1001.2,0.0,34.3,57,12.6,91,163.0,996.8,0.0,-3.1999999999999957,17,6,1
2023-06-08 18:00:00,31.1,77,13.6,98,52.0,1001.6,0.0,32.9,60,10.5,97,51.0,997.5,0.0,-1.7999999999999972,18,6,1
2023-06-08 19:00:00,32.1,63,15.5,100,0.0,1002.6,0.0,32.3,63,9.7,100,0.0,998.7,0.0,-0.19999999999999574,19,6,0
2023-06-08 20:00:00,32.1,61,14.8,100,0.0,1003.3,0.0,31.8,60,14.5,100,0.0,999.4,0.0,0.3000000000000007,20,6,0
2023-06-08 21:00:00,31.5,58,17.9,100,0.0,1003.6,0.0,31.3,52,19.1,100,0.0,999.8,0.0,0.1999999999999993,21,6,0
2023-06-08 22:00:00,31.2,53,19.6,100,0.0,1004.0,0.0,31.2,54,19.1,100,0.0,1000.2,0.0,0.0,22,6,0
2023-06-08 23:00:00,30.7,56,20.4,99,0.0,1003.9,0.0,30.5,57,20.9,100,0.0,999.7,0.0,0.1999999999999993,23,6,0
2023-06-09 00:00:00,30.0,59,15.9,100,0.0,1003.4,0.0,29.5,62,19.4,100,0.0,999.2,0.0,0.5,0,6,0
2023-06-09 01:00:00,29.7,61,17.0,100,0.0,1002.6,0.0,29.1,64,17.1,100,0.0,998.3,0.0,0.5999999999999979,1,6,0
2023-06-09 02:00:00,29.2,64,16.0,100,0.0,1002.1,0.0,29.3,63,15.2,99,0.0,997.8,0.0,-0.10000000000000142,2,6,0
2023-06-09 03:00:00,28.9,66,15.9,100,0.0,1001.5,0.0,28.8,65,14.4,100,0.0,997.4,0.0,0.09999999999999787,3,6,0
2023-06-09 04:00:00,28.9,66,16.9,87,0.0,1001.8,0.0,28.5,67,14.8,100,0.0,997.7,0.0,0.3999999999999986,4,6,0
2023-06-09 05:00:00,29.0,65,14.9,74,0.0,1002.1,0.0,28.4,69,13.6,96,0.0,997.9,0.0,0.6000000000000014,5,6,0
2023-06-09 06:00:00,30.8,62,16.3,100,28.0,1002.4,0.0,30.5,62,17.5,100,24.0,998.5,0.0,0.3000000000000007,6,6,1
2023-06-09 07:00:00,32.0,59,13.0,100,176.0,1003.1,0.0,31.8,58,16.1,100,180.0,999.0,0.0,0.1999999999999993,7,6,1
2023-06-09 08:00:00,33.5,53,15.1,100,371.0,1003.3,0.0,33.3,52,18.1,100,382.0,999.2,0.0,0.20000000000000284,8,6,1
2023-06-09 09:00:00,35.1,48,15.2,100,588.0,1003.2,0.0,34.9,47,17.7,100,582.0,999.1,0.0,0.20000000000000284,9,6,1
2023-06-09 10:00:00,36.7,43,13.8,93,748.0,1002.8,0.0,36.5,43,15.5,100,730.0,998.8,0.0,0.20000000000000284,10,6,1
2023-06-09 11:00:00,38.1,40,9.8,0,867.0,1001.6,0.0,38.0,40,12.6,100,841.0,997.6,0.0,0.10000000000000142,11,6,1
2023-06-09 12:00:00,38.5,39,1.1,100,921.0,1001.0,0.0,39.2,37,10.8,100,871.0,996.9,0.0,-0.7000000000000028,12,6,1
2023-06-09 13:00:00,36.5,53,14.8,100,834.0,1000.4,0.1,39.9,35,9.2,100,798.0,996.1,0.0,-3.3999999999999986,13,6,1
2023-06-09 14:00:00,34.3,65,15.9,99,736.0,999.5,0.0,40.0,34,12.8,85,692.0,994.6,0.0,-5.700000000000003,14,6,1
2023-06-09 15:00:00,33.8,66,15.9,100,383.0,999.4,0.0,36.4,44,17.5,100,562.0,995.6,1.4,-2.6000000000000014,15,6,1
2023-06-09 16:00:00,33.5,58,17.0,100,360.0,999.6,0.0,31.6,62,10.0,100,227.0,995.5,0.0,1.8999999999999986,16,6,1
2023-06-09 17:00:00,30.9,61,31.7,100,212.0,1001.0,0.0,29.2,72,14.0,100,120.0,997.3,2.1,1.6999999999999993,17,6,1
2023-06-09 18:00:00,30.4,72,12.6,100,45.0,1000.6,0.1,30.2,76,10.0,100,19.0,996.2,0.1,0.1999999999999993,18,6,1
2023-06-09 19:00:00,30.6,70,13.5,100,0.0,1001.1,0.0,30.1,72,7.8,100,0.0,997.1,0.0,0.5,19,6,0
2023-06-09 20:00:00,30.9,65,13.0,100,0.0,1001.8,0.0,29.8,71,9.8,100,0.0,997.7,0.0,1.0999999999999979,20,6,0
2023-06-09 21:00:00,30.8,63,8.4,93,0.0,1002.2,0.0,29.6,71,11.4,96,0.0,997.8,0.0,1.1999999999999993,21,6,0
2023-06-09 22:00:00,29.8,68,10.5,100,0.0,1003.0,0.0,28.6,75,7.9,100,0.0,999.0,0.7,1.1999999999999993,22,6,0
2023-06-09 23:00:00,28.7,77,10.0,100,0.0,1002.7,1.2,27.7,79,15.2,100,0.0,998.6,0.1,1.0,23,6,0
2023-06-10 00:00:00,28.6,76,17.1,100,0.0,1001.9,0.0,27.7,80,13.6,100,0.0,997.8,0.0,0.9000000000000021,0,6,0
2023-06-10 01:00:00,28.6,76,16.2,100,0.0,1001.3,0.0,28.1,79,12.2,100,0.0,997.2,0.0,0.5,1,6,0
2023-06-10 02:00:00,28.6,75,14.3,100,0.0,1001.3,0.0,28.4,77,11.0,100,0.0,997.1,0.0,0.20000000000000284,2,6,0
2023-06-10 03:00:00,29.3,69,17.0,100,0.0,1001.0,0.0,28.3,76,11.2,100,0.0,996.9,0.0,1.0,3,6,0
2023-06-10 04:00:00,29.8,61,18.3,100,0.0,1001.1,0.0,28.3,75,12.6,99,0.0,997.0,0.0,1.5,4,6,0
2023-06-10 05:00:00,30.4,59,15.0,97,0.0,1001.5,0.0,30.0,62,15.5,100,0.0,997.6,0.0,0.3999999999999986,5,6,0
2023-06-10 06:00:00,30.4,60,14.5,97,28.0,1002.4,0.0,30.1,61,16.5,95,24.0,998.5,0.0,0.29999999999999716,6,6,1
2023-06-10 07:00:00,31.3,58,16.0,100,175.0,1003.3,0.0,31.1,57,19.5,94,178.0,999.3,0.0,0.1999999999999993,7,6,1
2023-06-10 08:00:00,32.3,54,21.7,13,330.0,1003.5,0.0,32.5,53,20.9,87,375.0,999.2,0.0,-0.20000000000000284,8,6,1
2023-06-10 09:00:00,34.0,50,22.0,15,606.0,1002.9,0.0,34.0,50,19.5,52,556.0,998.8,0.0,0.0,9,6,1
2023-06-10 10:00:00,35.7,47,18.7,21,774.0,1002.3,0.0,35.9,45,18.0,46,758.0,998.3,0.0,-0.19999999999999574,10,6,1
2023-06-10 11:00:00,37.3,43,15.2,25,881.0,1001.9,0.0,37.4,42,16.8,49,884.0,997.8,0.0,-0.10000000000000142,11,6,1
2023-06-10 12:00:00,38.7,38,12.2,20,916.0,1001.2,0.0,38.5,40,15.6,8,920.0,997.1,0.0,0.20000000000000284,12,6,1
2023-06-10 13:00:00,38.6,38,6.2,96,864.0,1000.3,0.0,39.3,36,16.3,42,882.0,996.2,0.0,-0.6999999999999957,13,6,1
2023-06-10 14:00:00,37.3,45,7.5,80,727.0,999.3,0.0,38.3,38,14.5,94,780.0,995.6,0.3,-1.0,14,6,1
2023-06-10 15:00:00,34.6,64,5.9,97,520.0,999.3,0.6,36.5,44,17.3,97,494.0,995.5,0.2,-1.8999999999999986,15,6,1
2023-06-10 16:00:00,35.6,51,14.0,45,345.0,999.3,0.0,35.8,46,10.1,78,289.0,995.2,0.0,-0.19999999999999574,16,6,1
2023-06-10 17:00:00,29.2,82,19.1,22,178.0,1001.4,0.0,30.0,83,4.5,40,237.0,997.3,0.0,-0.8000000000000007,17,6,1
2023-06-10 18:00:00,29.9,78,11.6,61,16.0,1000.5,0.2,30.0,87,9.6,100,1.0,996.9,2.9,-0.10000000000000142,18,6,1
2023-06-10 19:00:00,29.9,82,14.3,57,0.0,1001.3,0.0,29.8,85,12.1,9,0.0,997.3,0.0,0.09999999999999787,19,6,0
2023-06-10 20:00:00,29.8,81,12.6,87,0.0,1002.3,0.0,29.5,82,14.0,1,0.0,998.3,0.0,0.3000000000000007,20,6,0
2023-06-10 21:00:00,29.6,78,12.8,89,0.0,1003.0,0.0,29.2,75,11.7,34,0.0,998.6,0.0,0.40000000000000213,21,6,0
2023-06-10 22:00:00,29.5,73,12.0,100,0.0,1003.3,0.0,29.3,69,12.1,97,0.0,999.1,0.0,0.1999999999999993,22,6,0
2023-06-10 23:00:00,29.2,73,10.6,100,0.0,1003.0,0.0,29.5,66,13.4,100,0.0,998.7,0.0,-0.3000000000000007,23,6,0
2023-06-11 00:00:00,29.4,66,14.1,100,0.0,1002.0,0.0,29.9,62,15.3,100,0.0,997.8,0.0,-0.5,0,6,0
2023-06-11 01:00:00,29.6,61,13.9,100,0.0,1001.2,0.0,30.3,58,16.0,100,0.0,997.2,0.0,-0.6999999999999993,1,6,0
2023-06-11 02:00:00,29.6,59,13.9,97,0.0,1000.8,0.0,30.0,58,15.3,100,0.0,996.8,0.0,-0.3999999999999986,2,6,0
2023-06-11 03:00:00,29.6,59,14.3,93,0.0,1001.0,0.0,29.5,59,14.6,100,0.0,996.9,0.0,0.10000000000000142,3,6,0
2023-06-11 04:00:00,29.4,60,13.6,100,0.0,1001.5,0.0,29.2,59,14.4,99,0.0,997.4,0.0,0.1999999999999993,4,6,0
2023-06-11 05:00:00,29.8,59,12.8,99,0.0,1002.5,0.0,29.9,56,14.8,100,0.0,998.4,0.0,-0.09999999999999787,5,6,0
2023-06-11 06:00:00,30.3,57,12.1,91,27.0,1003.3,0.0,30.2,55,14.4,86,26.0,999.3,0.0,0.10000000000000142,6,6,1
2023-06-11 07:00:00,31.1,56,12.2,100,145.0,1004.0,0.0,31.3,54,12.3,98,165.0,1000.2,0.0,-0.1999999999999993,7,6,1
2023-06-11 08:00:00,33.0,50,17.2,100,388.0,1004.3,0.0,32.8,50,14.0,100,364.0,1000.3,0.0,0.20000000000000284,8,6,1
2023-06-11 09:00:00,34.1,47,17.0,100,576.0,1004.3,0.0,34.0,48,14.1,100,564.0,1000.2,0.0,0.10000000000000142,9,6,1
2023-06-11 10:00:00,35.3,45,15.5,99,733.0,1003.5,0.0,35.3,46,15.2,99,740.0,999.4,0.0,0.0,10,6,1
2023-06-11 11:00:00,36.4,43,13.7,71,849.0,1002.4,0.0,36.6,43,15.5,96,857.0,998.3,0.0,-0.20000000000000284,11,6,1
2023-06-11 12:00:00,37.6,41,11.9,2,917.0,1001.3,0.0,37.8,41,15.1,96,918.0,997.1,0.0,-0.19999999999999574,12,6,1
2023-06-11 13:00:00,38.3,39,8.1,2,888.0,1000.2,0.0,38.7,38,14.4,97,882.0,996.1,0.0,-0.4000000000000057,13,6,1
2023-06-11 14:00:00,37.1,46,9.7,66,782.0,999.4,0.0,39.3,37,15.9,100,775.0,995.2,0.0,-2.1999999999999957,14,6,1
2023-06-11 15:00:00,32.0,77,13.6,98,600.0,1000.2,3.8,35.5,47,16.6,100,465.0,995.6,1.0,-3.5,15,6,1
2023-06-11 16:00:00,31.0,65,2.2,100,306.0,999.7,1.7,36.0,45,9.2,100,356.0,995.4,0.0,-5.0,16,6,1
2023-06-11 17:00:00,31.6,71,3.6,100,189.0,1000.4,0.0,30.5,70,2.8,100,204.0,995.9,0.0,1.1000000000000014,17,6,1
2023-06-11 18:00:00,31.8,68,7.9,33,41.0,1000.5,0.0,31.6,65,3.1,99,46.0,996.4,0.0,0.1999999999999993,18,6,1
2023-06-11 19:00:00,30.9,69,12.1,95,0.0,1002.2,0.0,29.6,77,9.8,100,0.0,997.8,1.2,1.2999999999999972,19,6,0
2023-06-11 20:00:00,29.2,71,24.3,100,0.0,1002.7,0.2,28.6,84,8.4,100,0.0,999.7,3.4,0.5999999999999979,20,6,0
2023-06-11 21:00:00,28.9,70,21.3,100,0.0,1004.0,0.1,28.1,84,7.4,100,0.0,999.7,0.2,0.7999999999999972,21,6,0
2023-06-11 22:00:00,28.8,70,14.4,96,0.0,1004.1,0.0,28.0,85,8.3,100,0.0,1000.0,0.0,0.8000000000000007,22,6,0
2023-06-11 23:00:00,28.6,70,13.4,99,0.0,1003.2,0.0,28.2,81,10.4,100,0.0,999.1,0.0,0.40000000000000213,23,6,0
2023-06-12 00:00:00,28.5,72,12.9,98,0.0,1002.5,0.0,28.3,77,11.8,100,0.0,998.5,0.0,0.1999999999999993,0,6,0
2023-06-12 01:00:00,28.8,71,13.3,98,0.0,1001.9,0.0,28.6,74,13.2,100,0.0,997.8,0.0,0.1999999999999993,1,6,0
2023-06-12 02:00:00,28.8,70,12.7,100,0.0,1001.3,0.0,28.4,72,12.2,100,0.0,997.1,0.0,0.40000000000000213,2,6,0
2023-06-12 03:00:00,28.5,72,12.9,100,0.0,1001.4,0.0,28.3,72,11.9,100,0.0,997.2,0.0,0.1999999999999993,3,6,0
2023-06-12 04:00:00,28.4,73,12.9,100,0.0,1001.7,0.0,28.0,75,10.1,100,0.0,997.5,0.0,0.3999999999999986,4,6,0
2023-06-12 05:00:00,29.8,62,12.6,100,0.0,1001.8,0.0,28.8,70,7.7,92,0.0,997.7,0.0,1.0,5,6,0
2023-06-12 06:00:00,30.2,62,13.4,84,28.0,1002.3,0.0,29.2,70,7.7,3,26.0,998.1,0.0,1.0,6,6,1
2023-06-12 07:00:00,31.4,59,14.2,21,176.0,1002.8,0.0,31.0,64,8.7,48,183.0,998.8,0.0,0.3999999999999986,7,6,1
2023-06-12 08:00:00,33.0,53,17.0,4,395.0,1003.1,0.0,33.1,54,14.8,3,390.0,999.0,0.0,-0.10000000000000142,8,6,1
2023-06-12 09:00:00,34.4,49,15.6,0,601.0,1003.1,0.0,34.6,49,16.4,2,598.0,998.9,0.0,-0.20000000000000284,9,6,1
2023-06-12 10:00:00,35.9,44,16.6,1,765.0,1002.8,0.0,36.1,45,17.1,7,764.0,998.8,0.0,-0.20000000000000284,10,6,1
2023-06-12 11:00:00,37.4,40,15.6,5,875.0,1002.3,0.0,37.5,40,16.2,7,874.0,998.3,0.0,-0.10000000000000142,11,6,1
2023-06-12 12:00:00,38.4,36,12.0,7,917.0,1001.4,0.0,38.5,36,15.5,6,913.0,997.3,0.0,-0.10000000000000142,12,6,1
2023-06-12 13:00:00,38.8,35,10.5,80,887.0,1000.6,0.0,37.8,38,16.7,83,878.0,997.0,0.2,1.0,13,6,1
2023-06-12 14:00:00,38.4,35,16.6,89,741.0,999.9,0.0,37.8,37,19.7,98,755.0,996.4,0.1,0.6000000000000014,14,6,1
2023-06-12 15:00:00,37.0,38,17.1,90,517.0,999.8,0.0,37.7,37,16.6,87,524.0,995.4,0.0,-0.7000000000000028,15,6,1
2023-06-12 16:00:00,37.0,38,10.7,84,383.0,999.1,0.0,37.1,39,15.1,21,451.0,994.9,0.0,-0.10000000000000142,16,6,1
2023-06-12 17:00:00,34.2,53,11.8,100,230.0,999.7,0.0,34.6,55,9.5,89,242.0,995.5,0.0,-0.3999999999999986,17,6,1
2023-06-12 18:00:00,31.9,58,20.1,45,62.0,1001.1,0.0,33.7,55,18.0,31,55.0,996.8,0.0,-1.8000000000000043,18,6,1
2023-06-12 19:00:00,30.5,67,13.0,74,0.0,1001.8,0.0,30.3,65,13.5,90,0.0,998.1,0.0,0.1999999999999993,19,6,0
2023-06-12 20:00:00,30.1,70,16.1,77,0.0,1002.8,0.0,30.0,68,14.7,60,0.0,998.9,0.0,0.10000000000000142,20,6,0
2023-06-12 21:00:00,29.5,71,10.3,94,0.0,1003.7,0.1,29.5,68,14.0,100,0.0,999.4,0.0,0.0,21,6,0
2023-06-12 22:00:00,29.3,73,16.0,94,0.0,1004.1,0.2,29.5,70,12.1,100,0.0,1000.1,0.0,-0.1999999999999993,22,6,0
2023-06-12 23:00:00,29.4,71,18.6,100,0.0,1003.4,0.0,29.5,70,13.6,100,0.0,999.8,0.1,-0.10000000000000142,23,6,0
2023-06-13 00:00:00,29.7,68,18.3,91,0.0,1002.3,0.0,29.5,71,15.5,95,0.0,998.4,0.0,0.1999999999999993,0,6,0
2023-06-13 01:00:00,29.5,68,17.0,100,0.0,1001.7,0.0,29.5,69,16.9,95,0.0,997.5,0.0,0.0,1,6,0
2023-06-13 02:00:00,29.3,68,18.0,99,0.0,1001.4,0.0,29.4,67,16.5,100,0.0,997.3,0.0,-0.09999999999999787,2,6,0
2023-06-13 03:00:00,29.5,66,18.3,100,0.0,1001.3,0.0,29.4,66,16.1,100,0.0,997.1,0.0,0.10000000000000142,3,6,0
2023-06-13 04:00:00,29.5,66,18.6,100,0.0,1001.7,0.0,29.2,67,14.6,100,0.0,997.7,0.0,0.3000000000000007,4,6,0
2023-06-13 05:00:00,28.7,74,12.6,100,0.0,1001.9,0.0,28.3,80,12.3,100,0.0,997.9,0.0,0.3999999999999986,5,6,0
2023-06-13 06:00:00,29.2,72,11.6,99,25.0,1002.7,0.0,29.0,77,10.8,100,25.0,998.6,0.0,0.1999999999999993,6,6,1
2023-06-13 07:00:00,30.7,67,10.0,88,178.0,1004.1,0.0,30.5,70,9.8,72,172.0,1000.1,0.0,0.1999999999999993,7,6,1
2023-06-13 08:00:00,32.3,58,15.0,81,383.0,1004.0,0.0,32.3,58,15.0,69,383.0,1000.1,0.0,0.0,8,6,1
2023-06-13 09:00:00,33.9,52,15.5,11,597.0,1004.1,0.0,33.9,52,15.4,53,594.0,999.9,0.0,0.0,9,6,1
2023-06-13 10:00:00,35.3,47,13.7,37,762.0,1003.6,0.0,35.4,47,14.1,13,759.0,999.3,0.0,-0.10000000000000142,10,6,1
2023-06-13 11:00:00,36.8,42,13.0,36,870.0,1002.9,0.0,36.8,43,13.3,64,872.0,998.9,0.0,0.0,11,6,1
2023-06-13 12:00:00,38.0,38,10.7,18,917.0,1002.4,0.0,38.0,38,12.2,10,915.0,998.3,0.0,0.0,12,6,1
2023-06-13 13:00:00,37.9,38,7.2,4,886.0,1001.4,0.0,38.8,36,9.4,8,881.0,997.3,0.0,-0.8999999999999986,13,6,1
2023-06-13 14:00:00,35.9,58,17.1,4,791.0,1000.6,0.0,39.1,36,7.2,11,780.0,996.4,0.0,-3.200000000000003,14,6,1
2023-06-13 15:00:00,34.7,65,18.8,25,644.0,1000.1,0.0,37.2,40,11.2,43,634.0,996.1,0.1,-2.5,15,6,1
2023-06-13 16:00:00,34.0,64,18.4,64,424.0,999.9,0.0,36.2,44,8.4,26,398.0,995.8,0.0,-2.200000000000003,16,6,1
2023-06-13 17:00:00,33.7,65,6.1,61,201.0,1000.5,0.0,36.7,40,9.0,29,226.0,996.1,0.0,-3.0,17,6,1
2023-06-13 18:00:00,33.0,57,11.6,36,59.0,1001.1,0.0,33.5,48,13.5,35,48.0,997.1,0.0,-0.5,18,6,1
2023-06-13 19:00:00,31.9,55,9.5,33,0.0,1002.5,0.0,32.4,51,11.1,70,0.0,998.3,0.0,-0.5,19,6,0
2023-06-13 20:00:00,31.4,57,13.3,100,0.0,1003.3,0.0,32.0,56,14.8,100,0.0,999.4,0.0,-0.6000000000000014,20,6,0
2023-06-13 21:00:00,31.3,57,18.3,100,0.0,1003.7,0.0,30.9,61,16.1,100,0.0,999.9,0.0,0.40000000000000213,21,6,0
2023-06-13 22:00:00,30.7,61,14.8,100,0.0,1004.0,0.0,30.2,63,15.9,100,0.0,999.9,0.0,0.5,22,6,0
2023-06-13 23:00:00,30.0,64,15.1,99,0.0,1003.9,0.0,29.8,63,14.0,98,0.0,999.7,0.0,0.1999999999999993,23,6,0
2023-06-14 00:00:00,29.7,65,14.5,88,0.0,1003.5,0.0,29.4,64,13.5,91,0.0,999.4,0.0,0.3000000000000007,0,6,0
2023-06-14 01:00:00,29.6,64,16.7,91,0.0,1003.1,0.0,29.0,65,12.8,34,0.0,999.0,0.0,0.6000000000000014,1,6,0
2023-06-14 02:00:00,29.7,61,18.9,99,0.0,1002.8,0.0,29.0,65,14.2,55,0.0,998.9,0.0,0.6999999999999993,2,6,0
2023-06-14 03:00:00,29.7,61,18.4,15,0.0,1002.9,0.0,29.1,64,15.7,15,0.0,998.8,0.0,0.5999999999999979,3,6,0
2023-06-14 04:00:00,29.7,61,17.2,20,0.0,1002.8,0.0,29.3,63,17.0,34,0.0,998.7,0.0,0.3999999999999986,4,6,0
2023-06-14 05:00:00,30.0,60,14.4,5,0.0,1002.6,0.0,29.6,63,14.4,9,0.0,998.5,0.0,0.3999999999999986,5,6,0
2023-06-14 06:00:00,30.3,59,15.5,3,29.0,1003.1,0.0,30.0,62,14.8,0,27.0,999.1,0.0,0.3000000000000007,6,6,1
2023-06-14 07:00:00,31.8,55,13.9,25,189.0,1004.2,0.0,31.5,57,14.3,8,184.0,1000.3,0.0,0.3000000000000007,7,6,1
2023-06-14 08:00:00,33.4,47,18.4,51,401.0,1004.9,0.0,33.1,50,18.2,8,396.0,1001.0,0.0,0.29999999999999716,8,6,1
2023-06-14 09:00:00,35.0,42,16.6,91,603.0,1005.4,0.0,34.7,46,17.0,67,600.0,1001.4,0.0,0.29999999999999716,9,6,1
2023-06-14 10:00:00,36.4,39,15.1,11,764.0,1005.0,0.0,36.3,41,16.2,66,766.0,1001.0,0.0,0.10000000000000142,10,6,1
2023-06-14 11:00:00,38.0,35,14.8,46,881.0,1004.4,0.0,37.8,36,15.5,30,879.0,1000.4,0.0,0.20000000000000284,11,6,1
2023-06-14 12:00:00,39.2,31,13.4,50,924.0,1003.9,0.0,39.1,33,15.0,44,925.0,999.7,0.0,0.10000000000000142,12,6,1
2023-06-14 13:00:00,39.4,30,9.0,90,894.0,1002.9,0.0,39.9,30,14.7,67,877.0,998.8,0.0,-0.5,13,6,1
2023-06-14 14:00:00,38.6,32,0.8,100,777.0,1002.2,0.0,40.5,29,13.7,100,795.0,997.9,0.0,-1.8999999999999986,14,6,1
2023-06-14 15:00:00,35.8,57,12.3,100,624.0,1001.6,0.0,40.0,30,9.9,100,616.0,997.2,0.0,-4.200000000000003,15,6,1
2023-06-14 16:00:00,33.6,69,19.1,100,433.0,1001.5,0.0,38.5,32,10.9,100,397.0,997.3,0.1,-4.899999999999999,16,6,1
2023-06-14 17:00:00,32.9,73,10.7,100,173.0,1002.8,0.0,35.2,41,10.5,100,195.0,998.5,0.0,-2.3000000000000043,17,6,1
2023-06-14 18:00:00,32.7,69,5.6,100,47.0,1003.1,0.0,34.0,47,7.5,100,49.0,999.0,0.0,-1.2999999999999972,18,6,1
2023-06-14 19:00:00,32.7,56,4.7,100,0.0,1003.4,0.0,33.1,51,9.3,100,0.0,999.3,0.0,-0.3999999999999986,19,6,0
2023-06-14 20:00:00,32.4,53,6.9,100,0.0,1004.3,0.0,32.5,52,8.9,100,0.0,1000.1,0.0,-0.10000000000000142,20,6,0
2023-06-14 21:00:00,32.1,54,9.2,100,0.0,1004.6,0.0,32.1,53,10.6,100,0.0,1000.5,0.0,0.0,21,6,0
2023-06-14 22:00:00,31.7,55,11.0,100,0.0,1004.5,0.0,31.9,54,13.4,100,0.0,1000.5,0.0,-0.1999999999999993,22,6,0
2023-06-14 23:00:00,31.3,56,10.7,100,0.0,1004.4,0.0,31.4,54,13.0,100,0.0,1000.1,0.0,-0.09999999999999787,23,6,0
2023-06-15 00:00:00,31.0,56,12.0,100,0.0,1003.8,0.0,30.7,56,11.5,100,0.0,999.7,0.0,0.3000000000000007,0,6,0
2023-06-15 01:00:00,30.8,55,13.7,95,0.0,1003.2,0.0,30.3,56,11.9,100,0.0,999.2,0.0,0.5,1,6,0
2023-06-15 02:00:00,30.6,53,14.8,64,0.0,1003.0,0.0,30.1,55,13.0,90,0.0,998.9,0.0,0.5,2,6,0
2023-06-15 03:00:00,30.5,53,16.2,15,0.0,1003.2,0.0,30.0,56,14.2,77,0.0,999.2,0.0,0.5,3,6,0
2023-06-15 04:00:00,30.3,53,17.0,16,0.0,1003.5,0.0,29.9,56,15.1,39,0.0,999.4,0.0,0.40000000000000213,4,6,0
2023-06-15 05:00:00,30.2,50,15.5,66,0.0,1003.6,0.0,30.0,55,16.6,100,0.0,999.5,0.0,0.1999999999999993,5,6,0
2023-06-15 06:00:00,30.9,50,17.0,100,27.0,1004.2,0.0,30.5,54,16.6,2,26.0,1000.2,0.0,0.3999999999999986,6,6,1
2023-06-15 07:00:00,32.1,50,16.2,97,187.0,1005.0,0.0,32.0,51,15.2,3,189.0,1001.0,0.0,0.10000000000000142,7,6,1
2023-06-15 08:00:00,33.6,46,19.0,83,403.0,1005.5,0.0,33.5,47,17.6,10,405.0,1001.3,0.0,0.10000000000000142,8,6,1
2023-06-15 09:00:00,35.2,43,16.6,85,602.0,1005.8,0.0,35.2,43,16.9,99,608.0,1001.6,0.0,0.0,9,6,1
2023-06-15 10:00:00,36.7,40,14.2,34,758.0,1005.2,0.0,36.8,39,15.6,99,759.0,1001.1,0.0,-0.09999999999999432,10,6,1
2023-06-15 11:00:00,38.1,36,12.6,25,885.0,1004.4,0.0,38.3,35,15.1,95,858.0,1000.3,0.0,-0.19999999999999574,11,6,1
2023-06-15 12:00:00,38.7,33,7.8,19,911.0,1003.4,0.0,39.4,31,14.7,38,883.0,999.2,0.0,-0.6999999999999957,12,6,1
2023-06-15 13:00:00,38.1,34,3.6,15,860.0,1002.6,0.0,40.2,29,13.2,19,869.0,998.3,0.0,-2.1000000000000014,13,6,1
2023-06-15 14:00:00,36.1,50,13.6,49,795.0,1002.2,0.0,40.4,28,8.4,56,781.0,997.6,0.0,-4.299999999999997,14,6,1
2023-06-15 15:00:00,34.6,53,18.1,67,632.0,1001.4,0.0,39.8,28,3.8,74,627.0,996.7,0.0,-5.199999999999996,15,6,1
2023-06-15 16:00:00,33.5,58,16.6,40,437.0,1001.4,0.0,38.0,37,7.2,47,429.0,996.7,0.0,-4.5,16,6,1
2023-06-15 17:00:00,32.2,68,17.3,42,248.0,1002.2,0.0,37.8,34,3.6,46,238.0,997.6,0.0,-5.599999999999994,17,6,1
2023-06-15 18:00:00,31.0,74,15.9,100,62.0,1002.7,0.0,35.0,43,3.9,100,52.0,998.2,0.0,-4.0,18,6,1
2023-06-15 19:00:00,30.9,77,14.0,100,0.0,1003.7,0.0,33.4,56,8.1,100,0.0,999.2,0.0,-2.5,19,6,0
2023-06-15 20:00:00,30.5,81,15.0,100,0.0,1004.2,0.0,32.5,62,9.4,100,0.0,1000.0,0.0,-2.0,20,6,0
2023-06-15 21:00:00,30.7,77,17.5,100,0.0,1004.3,0.0,31.8,65,11.1,100,0.0,1000.2,0.0,-1.1000000000000014,21,6,0
2023-06-15 22:00:00,30.6,75,18.4,100,0.0,1004.4,0.0,31.2,67,10.9,100,0.0,1000.3,0.0,-0.5999999999999979,22,6,0
2023-06-15 23:00:00,30.5,75,16.6,99,0.0,1004.2,0.0,30.8,68,10.6,100,0.0,1000.1,0.0,-0.3000000000000007,23,6,0
2023-06-16 00:00:00,30.5,71,15.0,98,0.0,1003.4,0.0,30.4,70,11.1,86,0.0,999.3,0.0,0.10000000000000142,0,6,0
2023-06-16 01:00:00,30.3,70,14.4,52,0.0,1002.6,0.0,30.0,74,13.9,89,0.0,998.5,0.0,0.3000000000000007,1,6,0
2023-06-16 02:00:00,29.9,72,14.3,31,0.0,1002.2,0.0,29.8,73,15.1,83,0.0,998.1,0.0,0.09999999999999787,2,6,0
2023-06-16 03:00:00,29.8,70,15.5,40,0.0,1002.1,0.0,29.5,70,14.8,66,0.0,998.0,0.0,0.3000000000000007,3,6,0
2023-06-16 04:00:00,29.6,66,14.1,51,0.0,1002.3,0.0,29.1,69,13.8,12,0.0,998.2,0.0,0.5,4,6,0
2023-06-16 05:00:00,29.9,69,12.0,6,0.0,1003.1,0.0,29.6,69,10.6,15,0.0,998.9,0.0,0.29999999999999716,5,6,0
2023-06-16 06:00:00,30.3,65,13.7,4,27.0,1003.6,0.0,30.0,66,11.8,8,27.0,999.5,0.0,0.3000000000000007,6,6,1
2023-06-16 07:00:00,32.0,58,13.2,19,189.0,1004.3,0.0,32.5,54,12.6,94,186.0,1000.2,0.0,-0.5,7,6,1
2023-06-16 08:00:00,34.2,47,19.5,39,399.0,1004.7,0.0,34.2,47,18.5,97,379.0,1000.6,0.0,0.0,8,6,1
2023-06-16 09:00:00,35.5,44,17.8,41,593.0,1004.5,0.0,35.4,44,16.1,64,552.0,1000.4,0.0,0.10000000000000142,9,6,1
2023-06-16 10:00:00,37.1,40,15.8,12,769.0,1003.9,0.0,37.0,40,15.1,24,744.0,999.9,0.0,0.10000000000000142,10,6,1
2023-06-16 11:00:00,38.6,34,13.7,19,887.0,1003.0,0.0,38.6,34,14.8,12,880.0,998.9,0.0,0.0,11,6,1
2023-06-16 12:00:00,39.6,31,9.2,57,915.0,1001.9,0.0,39.6,31,13.0,28,895.0,997.7,0.0,0.0,12,6,1
2023-06-16 13:00:00,39.1,31,3.7,27,884.0,1001.1,0.0,40.5,29,12.1,26,878.0,996.9,0.0,-1.3999999999999986,13,6,1
2023-06-16 14:00:00,36.7,47,14.5,81,762.0,1000.7,0.0,40.7,28,6.6,76,771.0,996.2,0.0,-4.0,14,6,1
2023-06-16 15:00:00,35.2,55,16.3,99,593.0,1000.2,0.0,40.2,27,2.2,90,614.0,995.6,0.0,-5.0,15,6,1
2023-06-16 16:00:00,34.3,55,18.0,98,433.0,1000.1,0.1,38.9,29,2.2,98,387.0,995.8,0.0,-4.600000000000001,16,6,1
2023-06-16 17:00:00,35.6,65,8.7,100,239.0,1000.4,0.0,38.7,32,1.8,100,208.0,996.1,0.0,-3.1000000000000014,17,6,1
2023-06-16 18:00:00,33.0,75,9.0,100,55.0,1000.9,1.1,36.3,37,9.0,100,53.0,996.9,0.0,-3.299999999999997,18,6,1
2023-06-16 19:00:00,33.2,65,10.8,100,0.0,1002.3,0.0,35.4,40,11.9,100,0.0,998.0,0.0,-2.1999999999999957,19,6,0
2023-06-16 20:00:00,34.7,44,13.9,100,0.0,1003.0,0.0,34.4,45,11.5,100,0.0,999.0,0.0,0.30000000000000426,20,6,0
2023-06-16 21:00:00,34.0,46,16.1,100,0.0,1003.4,0.0,34.4,39,14.8,100,0.0,999.4,0.0,-0.3999999999999986,21,6,0
2023-06-16 22:00:00,33.4,45,16.1,100,0.0,1003.5,0.0,33.7,41,15.6,100,0.0,999.5,0.0,-0.30000000000000426,22,6,0
2023-06-16 23:00:00,33.4,43,18.7,82,0.0,1003.1,0.0,33.3,44,16.2,98,0.0,999.2,0.0,0.10000000000000142,23,6,0
2023-06-17 00:00:00,32.9,46,17.3,100,0.0,1002.4,0.0,33.0,44,13.8,99,0.0,998.3,0.0,-0.10000000000000142,0,6,0
2023-06-17 01:00:00,32.5,46,15.9,100,0.0,1001.9,0.0,32.4,44,13.6,83,0.0,997.8,0.0,0.10000000000000142,1,6,0
2023-06-17 02:00:00,32.3,46,19.3,100,0.0,1001.8,0.0,31.7,46,15.3,100,0.0,997.8,0.0,0.5999999999999979,2,6,0
2023-06-17 03:00:00,32.2,44,20.7,100,0.0,1001.7,0.0,31.4,47,15.3,100,0.0,997.8,0.0,0.8000000000000043,3,6,0
2023-06-17 04:00:00,31.9,45,19.1,100,0.0,1002.0,0.0,31.5,48,16.2,100,0.0,997.9,0.0,0.3999999999999986,4,6,0
2023-06-17 05:00:00,32.5,50,17.7,95,0.0,1002.1,0.0,31.8,53,16.2,99,0.0,998.1,0.0,0.6999999999999993,5,6,0
2023-06-17 06:00:00,32.4,50,19.1,100,24.0,1002.8,0.0,32.0,51,17.7,100,23.0,998.9,0.0,0.3999999999999986,6,6,1
2023-06-17 07:00:00,33.2,48,18.4,100,168.0,1003.5,0.0,33.1,47,18.4,100,171.0,999.3,0.0,0.10000000000000142,7,6,1
2023-06-17 08:00:00,33.9,45,18.0,100,312.0,1003.7,0.0,34.1,43,19.1,100,344.0,999.6,0.0,-0.20000000000000284,8,6,1
2023-06-17 09:00:00,35.1,43,15.8,100,461.0,1003.9,0.0,35.2,41,16.5,100,455.0,999.8,0.0,-0.10000000000000142,9,6,1
2023-06-17 10:00:00,35.6,42,12.3,100,393.0,1004.2,0.0,36.1,39,14.3,100,485.0,1000.1,0.0,-0.5,10,6,1
2023-06-17 11:00:00,36.3,40,10.0,100,362.0,1003.5,0.0,36.9,38,13.4,100,445.0,999.4,0.0,-0.6000000000000014,11,6,1
2023-06-17 12:00:00,37.5,37,2.9,100,577.0,1002.9,0.0,38.2,34,10.1,100,538.0,998.6,0.0,-0.7000000000000028,12,6,1
2023-06-17 13:00:00,36.0,47,17.1,100,624.0,1002.4,0.0,39.2,31,5.1,100,545.0,997.9,0.0,-3.200000000000003,13,6,1
2023-06-17 14:00:00,32.1,63,20.9,100,282.0,1001.7,0.0,38.0,34,3.1,100,364.0,997.0,0.0,-5.899999999999999,14,6,1
2023-06-17 15:00:00,32.7,65,19.5,100,280.0,1000.8,0.0,35.7,48,11.9,100,234.0,996.2,0.0,-3.0,15,6,1
2023-06-17 16:00:00,31.9,68,20.5,100,211.0,1001.1,0.0,35.1,52,7.6,100,200.0,996.9,0.0,-3.200000000000003,16,6,1
2023-06-17 17:00:00,30.6,70,14.8,100,130.0,1002.9,0.0,29.6,77,13.8,100,74.0,998.7,0.0,1.0,17,6,1
2023-06-17 18:00:00,30.8,69,12.8,100,20.0,1002.7,0.0,29.7,75,12.0,100,30.0,998.6,0.0,1.1000000000000014,18,6,1
2023-06-17 19:00:00,30.6,65,15.3,100,0.0,1003.4,0.0,29.6,72,11.8,100,0.0,999.2,0.0,1.0,19,6,0
2023-06-17 20:00:00,30.2,66,9.2,100,0.0,1004.4,0.0,29.6,71,13.0,100,0.0,1000.2,0.0,0.5999999999999979,20,6,0
2023-06-17 21:00:00,30.0,67,14.4,100,0.0,1005.1,0.0,29.3,71,12.0,100,0.0,1001.1,0.0,0.6999999999999993,21,6,0
2023-06-17 22:00:00,29.8,67,16.9,100,0.0,1005.5,0.0,28.8,72,12.7,100,0.0,1001.4,0.1,1.0,22,6,0
2023-06-17 23:00:00,29.2,68,17.7,100,0.0,1005.4,0.0,28.9,70,11.8,100,0.0,1001.2,0.0,0.3000000000000007,23,6,0
2023-06-18 00:00:00,29.4,67,17.1,100,0.0,1004.3,0.0,28.4,73,14.2,100,0.0,1000.3,0.3,1.0,0,6,0
2023-06-18 01:00:00,27.8,82,8.9,100,0.0,1004.3,1.0,27.8,78,12.2,100,0.0,999.8,0.3,0.0,1,6,0
2023-06-18 02:00:00,27.1,89,12.6,100,0.0,1003.7,0.5,27.2,86,6.1,100,0.0,999.5,0.4,-0.09999999999999787,2,6,0
2023-06-18 03:00:00,27.2,87,16.9,100,0.0,1003.3,0.1,26.6,90,10.4,100,0.0,999.4,0.3,0.5999999999999979,3,6,0
2023-06-18 04:00:00,27.0,87,18.7,100,0.0,1003.8,0.0,26.4,89,14.2,100,0.0,999.6,0.0,0.6000000000000014,4,6,0
2023-06-18 05:00:00,28.7,83,5.4,100,0.0,1002.9,0.1,27.7,83,3.4,100,0.0,998.8,0.0,1.0,5,6,0
2023-06-18 06:00:00,28.8,82,12.9,85,20.0,1003.4,0.0,25.5,92,20.2,100,9.0,999.9,3.4,3.3000000000000007,6,6,1
2023-06-18 07:00:00,28.1,80,14.0,100,115.0,1004.9,0.3,26.7,85,12.7,100,29.0,1000.4,0.1,1.4000000000000021,7,6,1
2023-06-18 08:00:00,28.0,80,11.8,100,60.0,1005.1,0.0,27.5,84,8.8,100,59.0,1001.1,0.2,0.5,8,6,1
2023-06-18 09:00:00,29.2,76,8.7,100,123.0,1005.8,0.0,28.6,82,9.1,100,225.0,1001.5,0.6,0.5999999999999979,9,6,1
2023-06-18 10:00:00,30.9,68,5.6,100,318.0,1005.6,0.1,29.2,81,7.4,88,337.0,1001.5,0.6,1.6999999999999993,10,6,1
2023-06-18 11:00:00,31.7,63,4.1,100,435.0,1004.9,0.3,29.9,75,8.9,100,416.0,1000.8,0.1,1.8000000000000007,11,6,1
2023-06-18 12:00:00,32.6,60,5.8,99,572.0,1004.3,0.1,31.6,68,9.7,100,596.0,1000.1,0.0,1.0,12,6,1
2023-06-18 13:00:00,34.3,54,5.9,100,811.0,1003.2,0.0,32.2,63,10.2,100,558.0,999.3,0.6,2.0999999999999943,13,6,1
2023-06-18 14:00:00,33.9,56,8.9,100,646.0,1002.2,0.2,31.9,66,12.8,100,402.0,998.3,0.0,2.0,14,6,1
2023-06-18 15:00:00,34.1,53,9.0,100,429.0,1001.5,0.0,32.2,65,14.5,100,376.0,997.5,0.0,1.8999999999999986,15,6,1
2023-06-18 16:00:00,34.2,51,13.3,100,305.0,1001.3,0.0,32.0,66,14.4,100,296.0,997.6,0.0,2.200000000000003,16,6,1
2023-06-18 17:00:00,31.6,66,18.8,100,89.0,1001.2,0.0,30.1,71,19.2,100,160.0,997.4,0.0,1.5,17,6,1
2023-06-18 18:00:00,29.8,73,15.6,100,34.0,1002.1,0.3,29.6,70,18.0,100,37.0,997.8,0.0,0.1999999999999993,18,6,1
2023-06-18 19:00:00,29.0,74,22.8,100,0.0,1002.0,0.0,28.8,72,19.5,100,0.0,998.8,0.0,0.1999999999999993,19,6,0
2023-06-18 20:00:00,28.4,74,22.4,100,0.0,1002.7,0.0,28.1,74,21.9,100,0.0,998.7,0.0,0.29999999999999716,20,6,0
2023-06-18 21:00:00,28.5,72,21.0,100,0.0,1002.9,0.0,27.9,77,22.1,100,0.0,999.2,0.1,0.6000000000000014,21,6,0
2023-06-18 22:00:00,28.6,72,19.8,100,0.0,1003.5,0.0,28.0,75,24.3,100,0.0,999.3,0.0,0.6000000000000014,22,6,0
2023-06-18 23:00:00,28.8,71,17.1,100,0.0,1003.5,0.0,27.9,76,20.8,100,0.0,999.3,0.0,0.9000000000000021,23,6,0
2023-06-19 00:00:00,28.5,72,22.1,100,0.0,1002.9,0.0,26.9,82,14.4,100,0.0,999.6,2.1,1.6000000000000014,0,6,0
2023-06-19 01:00:00,28.0,74,18.0,100,0.0,1002.9,0.0,26.4,86,19.1,100,0.0,998.9,0.0,1.6000000000000014,1,6,0
2023-06-19 02:00:00,26.8,86,12.1,100,0.0,1002.9,0.8,26.0,89,16.6,100,0.0,998.5,0.2,0.8000000000000007,2,6,0
2023-06-19 03:00:00,26.3,90,13.6,100,0.0,1002.8,0.9,25.8,92,13.3,100,0.0,998.5,0.4,0.5,3,6,0
2023-06-19 04:00:00,26.3,89,16.7,100,0.0,1002.7,0.0,25.6,93,14.7,100,0.0,998.7,0.7,0.6999999999999993,4,6,0
2023-06-19 05:00:00,25.9,91,20.9,100,0.0,1003.1,4.5,25.3,92,20.7,100,0.0,999.2,2.6,0.5999999999999979,5,6,0
2023-06-19 06:00:00,25.8,92,18.4,100,6.0,1004.0,2.7,25.4,92,17.5,100,4.0,999.9,2.5,0.40000000000000213,6,6,1
2023-06-19 07:00:00,25.8,91,14.8,100,27.0,1005.2,4.4,25.3,93,15.7,100,15.0,1000.6,3.6,0.5,7,6,1
2023-06-19 08:00:00,26.0,91,18.3,100,56.0,1005.2,1.7,25.5,93,15.8,100,35.0,1001.2,3.0,0.5,8,6,1
2023-06-19 09:00:00,26.0,92,17.1,100,76.0,1005.8,1.5,25.4,93,12.9,100,49.0,1001.8,4.1,0.6000000000000014,9,6,1
2023-06-19 10:00:00,26.5,87,18.5,100,155.0,1004.9,0.3,25.5,93,16.7,100,139.0,1000.8,2.4,1.0,10,6,1
2023-06-19 11:00:00,28.6,76,20.9,100,465.0,1004.2,0.0,26.7,87,13.8,100,231.0,1000.4,0.4,1.9000000000000021,11,6,1
2023-06-19 12:00:00,29.0,72,21.6,100,518.0,1003.3,0.0,26.8,85,18.2,100,243.0,999.4,0.3,2.1999999999999993,12,6,1
2023-06-19 13:00:00,30.9,66,21.4,100,801.0,1002.3,0.0,28.8,75,19.0,100,451.0,998.5,0.0,2.099999999999998,13,6,1
2023-06-19 14:00:00,31.5,64,19.6,100,709.0,1001.2,0.0,29.7,71,19.3,100,483.0,997.2,0.0,1.8000000000000007,14,6,1
2023-06-19 15:00:00,32.0,63,18.7,100,615.0,1000.7,0.0,30.3,70,17.1,100,526.0,996.7,0.0,1.6999999999999993,15,6,1
2023-06-19 16:00:00,31.8,64,16.3,100,380.0,1000.3,0.0,29.5,73,17.4,100,334.0,996.4,0.4,2.3000000000000007,16,6,1
2023-06-19 17:00:00,28.4,82,11.2,100,218.0,1001.6,0.0,28.3,78,10.8,100,171.0,997.3,0.0,0.09999999999999787,17,6,1
2023-06-19 18:00:00,28.6,80,13.2,100,37.0,1001.4,0.0,27.2,85,14.2,100,46.0,997.6,0.1,1.4000000000000021,18,6,1
2023-06-19 19:00:00,27.9,82,17.0,100,0.0,1002.1,0.0,26.7,88,17.9,100,0.0,998.0,0.0,1.1999999999999993,19,6,0
2023-06-19 20:00:00,27.3,86,17.0,100,0.0,1002.6,0.0,26.6,88,17.4,100,0.0,998.6,0.3,0.6999999999999993,20,6,0
2023-06-19 21:00:00,27.3,85,19.2,100,0.0,1003.0,0.0,26.4,87,19.4,100,0.0,999.0,0.0,0.9000000000000021,21,6,0
2023-06-19 22:00:00,27.2,83,18.9,100,0.0,1003.0,0.0,26.6,87,19.7,100,0.0,999.0,0.0,0.5999999999999979,22,6,0
2023-06-19 23:00:00,27.0,83,18.7,100,0.0,1002.8,0.0,26.6,87,16.9,100,0.0,998.8,0.0,0.3999999999999986,23,6,0
2023-06-20 00:00:00,26.9,83,21.9,100,0.0,1002.2,0.0,26.3,86,19.5,100,0.0,998.4,0.0,0.5999999999999979,0,6,0
2023-06-20 01:00:00,26.6,84,25.3,98,0.0,1002.1,0.0,25.7,88,24.0,99,0.0,998.4,0.1,0.9000000000000021,1,6,0
2023-06-20 02:00:00,26.1,85,26.6,86,0.0,1001.8,0.1,25.6,88,21.3,99,0.0,997.7,0.1,0.5,2,6,0
2023-06-20 03:00:00,25.9,86,18.2,89,0.0,1001.8,0.0,25.6,87,20.0,88,0.0,997.7,0.0,0.29999999999999716,3,6,0
2023-06-20 04:00:00,25.7,88,16.5,69,0.0,1002.2,1.9,25.9,84,18.0,100,0.0,998.0,0.1,-0.1999999999999993,4,6,0
2023-06-20 05:00:00,26.3,88,16.5,68,0.0,1002.1,0.0,25.5,91,15.8,94,0.0,998.1,0.0,0.8000000000000007,5,6,0
2023-06-20 06:00:00,26.5,86,20.0,96,16.0,1003.1,0.0,24.6,93,20.2,100,7.0,999.1,0.3,1.8999999999999986,6,6,1
2023-06-20 07:00:00,27.1,82,16.7,100,160.0,1003.8,0.1,25.5,91,13.6,99,101.0,999.2,0.1,1.6000000000000014,7,6,1
2023-06-20 08:00:00,28.6,77,15.3,100,312.0,1004.0,0.0,28.3,81,13.3,100,364.0,999.8,0.0,0.3000000000000007,8,6,1
2023-06-20 09:00:00,30.8,69,16.7,100,543.0,1004.2,0.0,29.9,75,16.1,98,491.0,1000.2,0.0,0.9000000000000021,9,6,1
2023-06-20 10:00:00,32.1,62,19.8,100,642.0,1003.8,0.0,31.5,67,18.5,100,633.0,999.8,0.0,0.6000000000000014,10,6,1
2023-06-20 11:00:00,33.3,59,17.8,100,751.0,1003.1,0.0,32.5,64,18.1,100,792.0,999.2,0.0,0.7999999999999972,11,6,1
2023-06-20 12:00:00,34.0,57,16.8,100,754.0,1002.0,0.0,33.0,62,17.5,100,807.0,998.0,0.0,1.0,12,6,1
2023-06-20 13:00:00,34.2,56,16.9,100,663.0,1001.1,0.0,33.6,60,16.8,100,723.0,997.0,0.0,0.6000000000000014,13,6,1
2023-06-20 14:00:00,34.3,57,14.7,100,576.0,1000.4,0.0,33.6,61,15.6,100,578.0,996.3,0.1,0.6999999999999957,14,6,1
2023-06-20 15:00:00,34.2,57,12.8,100,459.0,999.4,0.0,33.2,62,14.5,100,444.0,995.4,0.5,1.0,15,6,1
2023-06-20 16:00:00,33.9,57,9.6,100,304.0,999.0,0.0,32.6,63,14.5,100,320.0,994.9,0.0,1.2999999999999972,16,6,1
2023-06-20 17:00:00,32.7,64,8.2,100,160.0,999.8,0.0,32.0,64,11.2,100,144.0,995.6,0.0,0.7000000000000028,17,6,1
2023-06-20 18:00:00,31.9,64,11.6,100,39.0,1000.4,0.0,30.9,68,10.4,100,40.0,996.4,0.0,1.0,18,6,1
2023-06-20 19:00:00,31.0,67,14.5,100,0.0,1001.2,0.0,30.1,70,13.8,100,0.0,997.4,0.0,0.8999999999999986,19,6,0
2023-06-20 20:00:00,30.4,69,16.9,100,0.0,1002.3,0.0,28.1,75,21.6,100,0.0,998.6,1.2,2.299999999999997,20,6,0
2023-06-20 21:00:00,28.8,69,23.3,100,0.0,1003.3,0.0,26.5,83,22.3,100,0.0,999.7,0.6,2.3000000000000007,21,6,0
2023-06-20 22:00:00,27.4,77,28.2,100,0.0,1004.2,0.0,25.8,92,16.2,100,0.0,1000.6,4.5,1.5999999999999979,22,6,0
2023-06-20 23:00:00,27.1,79,21.3,100,0.0,1003.7,0.0,26.2,91,15.2,100,0.0,999.5,0.1,0.9000000000000021,23,6,0
2023-06-21 00:00:00,27.1,82,16.0,100,0.0,1003.3,0.0,26.1,94,12.5,100,0.0,999.2,0.0,1.0,0,6,0
2023-06-21 01:00:00,27.0,84,15.0,100,0.0,1003.0,0.0,26.3,93,12.7,100,0.0,998.8,0.0,0.6999999999999993,1,6,0
2023-06-21 02:00:00,27.0,85,13.8,100,0.0,1002.8,0.0,26.3,93,10.5,100,0.0,998.5,0.0,0.6999999999999993,2,6,0
2023-06-21 03:00:00,27.0,86,11.5,100,0.0,1002.4,0.0,26.1,94,13.2,100,0.0,998.1,0.0,0.8999999999999986,3,6,0
2023-06-21 04:00:00,26.9,88,15.1,100,0.0,1002.4,0.0,26.2,93,13.6,100,0.0,998.1,0.0,0.6999999999999993,4,6,0
2023-06-21 05:00:00,26.2,91,11.2,100,0.0,1002.7,0.0,26.1,90,10.1,100,0.0,998.4,0.0,0.09999999999999787,5,6,0
2023-06-21 06:00:00,26.5,89,11.8,100,14.0,1003.5,0.0,26.3,88,9.6,100,13.0,999.5,0.0,0.1999999999999993,6,6,1
2023-06-21 07:00:00,27.6,84,9.0,100,113.0,1004.2,0.0,27.5,85,9.4,100,115.0,1000.2,0.0,0.10000000000000142,7,6,1
2023-06-21 08:00:00,29.1,79,10.0,100,295.0,1004.4,0.0,28.1,83,8.2,100,172.0,1000.0,0.0,1.0,8,6,1
2023-06-21 09:00:00,30.2,73,9.3,100,332.0,1004.7,0.0,28.7,80,7.9,100,162.0,1000.5,0.0,1.5,9,6,1
2023-06-21 10:00:00,31.7,68,11.4,100,481.0,1004.3,0.0,30.4,74,7.7,100,378.0,1000.3,0.0,1.3000000000000007,10,6,1
2023-06-21 11:00:00,32.5,65,7.7,100,582.0,1003.9,0.0,32.1,68,9.7,100,609.0,999.7,0.0,0.3999999999999986,11,6,1
2023-06-21 12:00:00,32.9,65,9.9,100,783.0,1003.2,0.3,33.2,64,8.2,100,805.0,998.9,0.1,-0.30000000000000426,12,6,1
2023-06-21 13:00:00,32.9,67,10.9,100,747.0,1002.2,0.3,33.4,64,9.6,100,764.0,998.0,0.1,-0.5,13,6,1
2023-06-21 14:00:00,33.0,69,11.2,100,701.0,1001.6,0.4,33.5,64,9.2,99,684.0,997.4,0.1,-0.5,14,6,1
2023-06-21 15:00:00,31.7,75,17.7,91,576.0,1001.3,0.2,31.4,70,5.0,100,451.0,997.2,3.2,0.3000000000000007,15,6,1
2023-06-21 16:00:00,30.9,71,13.1,100,305.0,1001.2,0.0,31.5,70,10.2,88,244.0,997.0,0.0,-0.6000000000000014,16,6,1
2023-06-21 17:00:00,31.0,74,17.3,98,222.0,1001.9,0.0,31.0,70,11.5,100,229.0,998.0,0.0,0.0,17,6,1
2023-06-21 18:00:00,30.2,76,15.2,100,49.0,1002.4,0.0,29.9,77,10.0,100,41.0,998.3,0.0,0.3000000000000007,18,6,1
2023-06-21 19:00:00,29.7,79,10.8,100,0.0,1003.4,0.0,29.3,80,10.6,100,0.0,999.2,0.0,0.3999999999999986,19,6,0
2023-06-21 20:00:00,29.5,79,10.9,100,0.0,1004.5,0.0,28.8,82,10.4,100,0.0,1000.2,0.0,0.6999999999999993,20,6,0
2023-06-21 21:00:00,29.2,79,12.7,100,0.0,1005.1,0.0,28.6,83,10.0,100,0.0,1000.9,0.0,0.5999999999999979,21,6,0
2023-06-21 22:00:00,28.8,80,12.0,100,0.0,1004.9,0.0,28.2,84,10.5,100,0.0,1000.8,0.0,0.6000000000000014,22,6,0
2023-06-21 23:00:00,28.6,81,12.3,100,0.0,1004.4,0.0,28.1,84,11.2,100,0.0,1000.2,0.0,0.5,23,6,0
2023-06-22 00:00:00,28.3,82,12.0,100,0.0,1004.1,0.0,27.9,86,8.7,100,0.0,999.8,0.1,0.40000000000000213,0,6,0
2023-06-22 01:00:00,27.9,85,12.5,100,0.0,1003.6,0.2,27.5,88,8.6,100,0.0,999.5,0.1,0.3999999999999986,1,6,0
2023-06-22 02:00:00,27.6,87,14.1,100,0.0,1002.9,0.1,27.2,89,8.7,100,0.0,998.8,0.1,0.40000000000000213,2,6,0
2023-06-22 03:00:00,27.5,85,11.6,100,0.0,1002.5,0.0,26.9,90,7.4,100,0.0,998.3,0.0,0.6000000000000014,3,6,0
2023-06-22 04:00:00,27.3,84,10.0,100,0.0,1003.2,0.0,26.5,91,7.7,100,0.0,999.0,0.0,0.8000000000000007,4,6,0
2023-06-22 05:00:00,27.2,90,11.5,100,0.0,1003.8,0.0,27.1,90,4.6,100,0.0,999.6,0.0,0.09999999999999787,5,6,0
2023-06-22 06:00:00,27.9,83,13.4,100,10.0,1004.4,0.0,27.9,88,2.6,100,8.0,1000.0,0.0,0.0,6,6,1
2023-06-22 07:00:00,28.2,75,6.8,100,87.0,1003.9,0.0,28.5,86,2.5,100,78.0,999.8,0.0,-0.3000000000000007,7,6,1
2023-06-22 08:00:00,28.9,74,10.3,100,190.0,1004.2,0.0,29.6,78,5.2,100,202.0,1000.0,0.0,-0.7000000000000028,8,6,1
2023-06-22 09:00:00,30.7,67,10.7,100,421.0,1004.4,0.0,31.6,65,9.7,100,470.0,1000.2,0.0,-0.9000000000000021,9,6,1
2023-06-22 10:00:00,32.4,60,7.0,100,548.0,1004.6,0.0,32.8,59,6.7,100,591.0,1000.2,0.0,-0.3999999999999986,10,6,1
2023-06-22 11:00:00,33.0,58,2.1,100,531.0,1004.3,0.0,33.7,55,5.9,100,634.0,999.9,0.0,-0.7000000000000028,11,6,1
2023-06-22 12:00:00,33.2,58,4.8,100,693.0,1003.4,0.0,34.4,53,5.9,100,705.0,998.9,0.0,-1.1999999999999957,12,6,1
2023-06-22 13:00:00,32.6,70,10.7,100,780.0,1002.7,0.2,35.1,51,3.8,100,822.0,998.2,0.0,-2.5,13,6,1
2023-06-22 14:00:00,32.5,71,11.2,100,741.0,1002.3,0.0,34.7,51,2.0,100,694.0,997.8,0.0,-2.200000000000003,14,6,1
2023-06-22 15:00:00,31.9,72,12.1,100,545.0,1001.9,0.0,31.2,69,9.8,100,527.0,998.2,2.4,0.6999999999999993,15,6,1
2023-06-22 16:00:00,31.3,69,13.0,100,277.0,1001.7,0.0,29.6,73,4.3,100,299.0,997.6,0.1,1.6999999999999993,16,6,1
2023-06-22 17:00:00,31.2,71,12.6,100,178.0,1002.0,0.0,30.7,69,6.2,100,161.0,997.9,0.0,0.5,17,6,1
2023-06-22 18:00:00,30.2,72,10.7,100,58.0,1002.1,0.0,29.7,74,7.2,100,61.0,998.0,0.0,0.5,18,6,1
2023-06-22 19:00:00,29.6,74,7.6,100,0.0,1003.1,0.0,28.9,78,7.6,100,0.0,998.8,0.0,0.7000000000000028,19,6,0
2023-06-22 20:00:00,29.4,79,10.0,100,0.0,1004.3,0.0,28.8,79,9.0,100,0.0,1000.0,0.0,0.5999999999999979,20,6,0
2023-06-22 21:00:00,29.1,80,12.2,100,0.0,1004.5,0.0,28.6,85,9.5,100,0.0,1000.3,0.0,0.5,21,6,0
2023-06-22 22:00:00,28.8,83,12.2,100,0.0,1004.9,0.0,28.4,87,10.5,100,0.0,1000.6,0.0,0.40000000000000213,22,6,0
2023-06-22 23:00:00,28.6,85,11.7,100,0.0,1004.7,0.0,28.3,88,10.5,100,0.0,1000.5,0.0,0.3000000000000007,23,6,0
2023-06-23 00:00:00,28.4,86,13.0,100,0.0,1004.2,0.0,28.0,88,12.1,100,0.0,1000.1,0.0,0.3999999999999986,0,6,0
2023-06-23 01:00:00,28.2,86,13.3,100,0.0,1004.1,0.1,27.9,88,12.1,100,0.0,999.9,0.0,0.3000000000000007,1,6,0
2023-06-23 02:00:00,27.8,85,12.8,100,0.0,1003.5,0.2,27.3,85,14.8,100,0.0,999.4,0.1,0.5,2,6,0
2023-06-23 03:00:00,27.1,83,13.6,100,0.0,1003.1,0.0,26.8,85,12.7,100,0.0,998.9,0.0,0.3000000000000007,3,6,0
2023-06-23 04:00:00,26.8,84,13.0,100,0.0,1003.2,0.0,26.7,85,9.4,100,0.0,999.0,0.0,0.10000000000000142,4,6,0
2023-06-23 05:00:00,27.9,88,14.8,100,0.0,1004.1,0.0,27.3,87,12.2,100,0.0,1000.0,0.0,0.5999999999999979,5,6,0
2023-06-23 06:00:00,28.2,83,13.1,100,13.0,1004.6,0.0,27.4,87,7.9,100,13.0,1000.3,0.0,0.8000000000000007,6,6,1
2023-06-23 07:00:00,28.8,78,10.0,100,114.0,1005.0,0.0,28.3,84,5.5,100,118.0,1000.8,0.0,0.5,7,6,1
2023-06-23 08:00:00,29.7,73,10.1,100,241.0,1005.2,0.0,30.0,75,7.7,100,342.0,1000.9,0.0,-0.3000000000000007,8,6,1
2023-06-23 09:00:00,31.2,66,10.4,100,469.0,1005.0,0.0,31.3,67,8.6,100,515.0,1000.8,0.0,-0.10000000000000142,9,6,1
2023-06-23 10:00:00,32.8,59,10.0,100,683.0,1004.8,0.0,32.8,60,9.8,100,713.0,1000.4,0.0,0.0,10,6,1
2023-06-23 11:00:00,34.0,54,8.9,100,777.0,1004.2,0.0,33.7,55,9.7,100,776.0,999.9,0.0,0.29999999999999716,11,6,1
2023-06-23 12:00:00,34.4,53,6.1,100,851.0,1003.6,0.0,34.7,52,10.1,100,873.0,999.2,0.0,-0.30000000000000426,12,6,1
2023-06-23 13:00:00,34.2,54,5.1,100,796.0,1002.6,0.0,35.1,50,9.0,100,786.0,998.1,0.0,-0.8999999999999986,13,6,1
2023-06-23 14:00:00,33.1,67,8.2,100,649.0,1002.0,0.0,35.1,51,7.6,100,671.0,997.6,0.0,-2.0,14,6,1
2023-06-23 15:00:00,32.5,76,10.3,100,508.0,1001.4,0.0,34.7,51,4.8,100,479.0,997.1,0.0,-2.200000000000003,15,6,1
2023-06-23 16:00:00,31.5,78,15.5,100,371.0,1001.2,0.0,33.6,55,8.0,100,351.0,996.8,0.0,-2.1000000000000014,16,6,1
2023-06-23 17:00:00,30.9,82,7.0,100,199.0,1002.3,0.0,32.6,62,1.1,100,205.0,997.9,0.0,-1.7000000000000028,17,6,1
2023-06-23 18:00:00,29.7,85,9.0,100,42.0,1002.5,0.0,31.3,74,1.1,100,54.0,998.3,0.0,-1.6000000000000014,18,6,1
2023-06-23 19:00:00,29.5,87,6.3,100,0.0,1002.9,0.0,29.7,74,8.1,100,0.0,998.6,0.0,-0.1999999999999993,19,6,0
2023-06-23 20:00:00,29.4,82,6.4,100,0.0,1003.5,0.0,28.7,81,2.6,100,0.0,999.3,0.0,0.6999999999999993,20,6,0
2023-06-23 21:00:00,29.1,78,9.7,100,0.0,1004.3,0.0,27.5,81,13.0,100,0.0,1000.6,0.0,1.6000000000000014,21,6,0
2023-06-23 22:00:00,28.7,76,10.4,100,0.0,1005.0,0.0,27.5,80,10.7,100,0.0,1000.8,0.0,1.1999999999999993,22,6,0
2023-06-23 23:00:00,28.3,78,8.7,100,0.0,1004.6,0.0,27.8,81,11.8,100,0.0,1000.3,0.0,0.5,23,6,0
2023-06-24 00:00:00,28.0,79,6.9,100,0.0,1004.2,0.0,27.9,80,12.4,100,0.0,999.8,0.0,0.10000000000000142,0,6,0
2023-06-24 01:00:00,27.9,80,9.5,100,0.0,1003.4,0.0,27.8,81,11.8,100,0.0,999.0,0.0,0.09999999999999787,1,6,0
2023-06-24 02:00:00,27.9,81,11.2,100,0.0,1003.0,0.0,27.6,81,11.8,100,0.0,998.7,0.0,0.29999999999999716,2,6,0
2023-06-24 03:00:00,27.9,80,13.0,100,0.0,1002.9,0.0,27.5,81,12.5,100,0.0,998.8,0.0,0.3999999999999986,3,6,0
2023-06-24 04:00:00,27.7,78,14.1,100,0.0,1002.7,0.0,27.3,80,12.1,100,0.0,998.6,0.0,0.3999999999999986,4,6,0
2023-06-24 05:00:00,28.4,78,14.3,100,0.0,1002.8,0.0,27.7,80,10.9,100,0.0,998.7,0.0,0.6999999999999993,5,6,0
2023-06-24 06:00:00,28.6,76,13.1,100,17.0,1003.5,0.0,28.0,78,12.2,100,13.0,999.2,0.0,0.6000000000000014,6,6,1
2023-06-24 07:00:00,29.0,76,11.1,100,87.0,1004.0,0.0,28.6,76,10.2,100,87.0,999.8,0.0,0.3999999999999986,7,6,1
2023-06-24 08:00:00,30.4,70,11.5,100,236.0,1004.4,0.0,29.9,71,9.7,100,242.0,1000.3,0.0,0.5,8,6,1
2023-06-24 09:00:00,32.0,59,14.8,100,450.0,1004.5,0.0,31.5,62,11.4,100,469.0,1000.4,0.0,0.5,9,6,1
2023-06-24 10:00:00,33.1,54,13.8,100,564.0,1004.2,0.0,32.5,59,12.1,100,644.0,1000.1,0.0,0.6000000000000014,10,6,1
2023-06-24 11:00:00,33.9,52,11.9,100,650.0,1003.9,0.0,33.3,57,10.7,100,702.0,999.6,0.0,0.6000000000000014,11,6,1
2023-06-24 12:00:00,34.0,52,11.5,100,682.0,1003.4,0.0,34.2,55,10.9,100,831.0,999.0,0.0,-0.20000000000000284,12,6,1
2023-06-24 13:00:00,33.8,54,9.6,100,572.0,1002.6,0.2,33.3,58,9.8,100,616.0,998.4,1.7,0.5,13,6,1
2023-06-24 14:00:00,34.0,53,9.4,100,511.0,1001.6,0.0,33.9,57,10.8,100,563.0,997.4,0.1,0.10000000000000142,14,6,1
2023-06-24 15:00:00,33.6,55,8.9,100,420.0,1000.8,0.0,32.9,61,9.4,100,524.0,996.7,0.5,0.7000000000000028,15,6,1
2023-06-24 16:00:00,32.9,59,11.2,100,389.0,1000.5,0.0,33.4,59,7.2,100,368.0,996.2,0.0,-0.5,16,6,1
2023-06-24 17:00:00,31.6,65,7.4,100,205.0,1001.7,0.0,33.0,64,2.2,100,232.0,997.3,0.0,-1.3999999999999986,17,6,1
2023-06-24 18:00:00,31.1,68,8.6,100,51.0,1002.0,0.0,30.7,70,7.5,100,44.0,998.2,0.4,0.40000000000000213,18,6,1
2023-06-24 19:00:00,30.3,71,8.7,100,0.0,1002.8,0.0,29.8,74,5.9,100,0.0,998.7,0.0,0.5,19,6,0
2023-06-24 20:00:00,29.7,75,8.4,100,0.0,1003.6,0.0,29.0,74,7.4,100,0.0,999.2,0.0,0.6999999999999993,20,6,0
2023-06-24 21:00:00,29.6,76,7.9,100,0.0,1003.9,0.0,28.5,74,5.2,100,0.0,999.7,0.0,1.1000000000000014,21,6,0
2023-06-24 22:00:00,29.2,75,7.2,100,0.0,1004.2,0.0,28.6,72,8.2,100,0.0,999.9,0.0,0.5999999999999979,22,6,0
2023-06-24 23:00:00,28.8,76,7.2,100,0.0,1003.8,0.0,28.3,74,9.5,100,0.0,999.7,0.0,0.5,23,6,0
2023-06-25 00:00:00,28.7,75,8.6,100,0.0,1003.5,0.0,28.0,77,9.4,100,0.0,999.2,0.0,0.6999999999999993,0,6,0
2023-06-25 01:00:00,28.5,75,9.3,100,0.0,1003.0,0.0,27.8,79,9.9,100,0.0,998.8,0.0,0.6999999999999993,1,6,0
2023-06-25 02:00:00,28.4,75,11.9,100,0.0,1002.5,0.0,27.6,79,10.3,100,0.0,998.4,0.0,0.7999999999999972,2,6,0
2023-06-25 03:00:00,28.3,73,13.4,99,0.0,1002.2,0.0,27.3,79,10.7,100,0.0,998.1,0.0,1.0,3,6,0
2023-06-25 04:00:00,28.4,67,14.8,100,0.0,1002.2,0.0,26.9,80,10.5,100,0.0,998.2,0.0,1.5,4,6,0
2023-06-25 05:00:00,28.7,66,11.3,100,0.0,1002.9,0.0,27.9,70,9.0,100,0.0,998.8,0.0,0.8000000000000007,5,6,0
2023-06-25 06:00:00,29.0,64,14.8,100,18.0,1003.1,0.0,27.8,74,9.5,100,21.0,999.0,0.0,1.1999999999999993,6,6,1
2023-06-25 07:00:00,30.0,62,14.0,100,135.0,1003.6,0.0,28.5,76,7.7,100,112.0,999.6,0.0,1.5,7,6,1
2023-06-25 08:00:00,30.9,58,15.5,100,260.0,1004.4,0.0,30.2,69,8.0,100,303.0,1000.3,0.0,0.6999999999999993,8,6,1
2023-06-25 09:00:00,31.7,55,15.6,100,376.0,1004.4,0.0,31.7,59,10.3,100,468.0,1000.3,0.0,0.0,9,6,1
2023-06-25 10:00:00,32.2,54,13.5,100,426.0,1004.5,0.0,32.2,57,11.1,100,518.0,1000.2,0.0,0.0,10,6,1
2023-06-25 11:00:00,33.2,51,11.1,100,611.0,1003.7,0.0,33.1,54,10.8,100,655.0,999.5,0.0,0.10000000000000142,11,6,1
2023-06-25 12:00:00,33.9,50,10.2,100,634.0,1002.9,0.0,33.8,52,11.1,100,677.0,998.8,0.0,0.10000000000000142,12,6,1
2023-06-25 13:00:00,34.1,50,11.0,100,590.0,1002.4,0.0,33.8,51,12.2,100,519.0,998.2,0.0,0.30000000000000426,13,6,1
2023-06-25 14:00:00,33.6,57,13.0,100,555.0,1001.4,0.0,34.1,50,12.0,100,522.0,997.2,0.0,-0.5,14,6,1
2023-06-25 15:00:00,32.7,67,15.2,100,489.0,1000.9,0.0,34.1,51,13.0,100,495.0,996.7,0.0,-1.3999999999999986,15,6,1
2023-06-25 16:00:00,32.5,69,16.6,100,401.0,1000.6,0.0,33.4,56,14.3,100,406.0,996.4,0.0,-0.8999999999999986,16,6,1
2023-06-25 17:00:00,31.3,74,15.5,100,226.0,1001.8,0.0,31.2,72,12.9,100,231.0,997.7,0.0,0.10000000000000142,17,6,1
2023-06-25 18:00:00,30.4,77,15.3,100,55.0,1002.3,0.0,30.1,77,12.1,100,56.0,998.2,0.0,0.29999999999999716,18,6,1
2023-06-25 19:00:00,29.8,80,15.1,100,0.0,1003.2,0.0,29.3,82,13.8,100,0.0,999.0,0.0,0.5,19,6,0
2023-06-25 20:00:00,29.5,83,17.3,100,0.0,1003.8,0.0,29.2,81,14.4,100,0.0,999.6,0.0,0.3000000000000007,20,6,0
2023-06-25 21:00:00,29.4,86,18.4,99,0.0,1004.2,0.0,29.0,85,14.8,100,0.0,999.9,0.0,0.3999999999999986,21,6,0
2023-06-25 22:00:00,29.3,85,19.2,100,0.0,1004.6,0.0,29.0,82,15.2,100,0.0,1000.4,0.0,0.3000000000000007,22,6,0
2023-06-25 23:00:00,29.2,83,18.0,100,0.0,1004.4,0.0,29.0,78,14.8,100,0.0,1000.2,0.0,0.1999999999999993,23,6,0
2023-06-26 00:00:00,29.2,77,14.9,100,0.0,1004.0,0.0,28.7,75,12.8,100,0.0,999.7,0.0,0.5,0,6,0
2023-06-26 01:00:00,28.9,75,12.5,100,0.0,1003.4,0.0,28.2,75,11.7,100,0.0,999.2,0.0,0.6999999999999993,1,6,0
2023-06-26 02:00:00,28.5,75,11.4,100,0.0,1003.0,0.0,27.8,75,9.9,100,0.0,998.7,0.0,0.6999999999999993,2,6,0
2023-06-26 03:00:00,28.2,75,10.4,100,0.0,1002.8,0.0,27.3,76,8.5,100,0.0,998.6,0.0,0.8999999999999986,3,6,0
2023-06-26 04:00:00,27.9,77,10.2,100,0.0,1003.1,0.0,27.0,77,7.1,100,0.0,998.9,0.0,0.8999999999999986,4,6,0
2023-06-26 05:00:00,28.2,75,9.4,100,0.0,1003.9,0.0,28.1,74,11.0,100,0.0,999.6,0.0,0.09999999999999787,5,6,0
2023-06-26 06:00:00,28.6,74,11.3,100,16.0,1004.3,0.0,28.8,67,14.1,100,17.0,1000.1,0.0,-0.1999999999999993,6,6,1
2023-06-26 07:00:00,29.8,64,14.5,100,111.0,1005.0,0.0,29.5,65,14.0,100,133.0,1000.8,0.0,0.3000000000000007,7,6,1
2023-06-26 08:00:00,30.3,61,18.2,100,251.0,1005.1,0.0,30.1,63,15.5,100,285.0,1000.8,0.0,0.1999999999999993,8,6,1
2023-06-26 09:00:00,31.4,58,16.9,100,398.0,1005.1,0.0,31.3,60,16.4,100,472.0,1000.9,0.0,0.09999999999999787,9,6,1
2023-06-26 10:00:00,32.5,55,15.5,100,557.0,1005.1,0.0,32.3,57,15.4,100,567.0,1000.8,0.0,0.20000000000000284,10,6,1
2023-06-26 11:00:00,33.8,52,13.5,100,764.0,1004.5,0.0,33.6,53,13.9,100,751.0,1000.3,0.0,0.19999999999999574,11,6,1
2023-06-26 12:00:00,34.5,51,11.4,100,799.0,1003.8,0.0,34.2,52,13.1,100,810.0,999.5,0.0,0.29999999999999716,12,6,1
2023-06-26 13:00:00,34.9,50,8.4,100,824.0,1003.2,0.0,34.9,50,12.3,100,844.0,998.9,0.0,0.0,13,6,1
2023-06-26 14:00:00,34.8,51,3.5,100,732.0,1002.1,0.0,35.3,49,13.1,100,761.0,997.8,0.0,-0.5,14,6,1
2023-06-26 15:00:00,33.8,56,7.9,100,592.0,1001.6,0.0,35.2,49,13.1,100,605.0,997.3,0.0,-1.4000000000000057,15,6,1
2023-06-26 16:00:00,31.3,67,16.3,100,406.0,1001.5,0.1,34.9,49,8.3,100,423.0,996.7,0.0,-3.599999999999998,16,6,1
2023-06-26 17:00:00,33.0,56,5.9,100,170.0,1002.3,0.1,29.1,74,9.3,100,166.0,998.3,0.0,3.8999999999999986,17,6,1
2023-06-26 18:00:00,29.3,74,11.4,100,44.0,1002.8,0.3,28.7,80,12.9,100,39.0,998.2,1.8,0.6000000000000014,18,6,1
2023-06-26 19:00:00,27.9,87,10.7,100,0.0,1003.5,0.4,27.5,83,4.4,100,0.0,999.4,0.0,0.3999999999999986,19,6,0
2023-06-26 20:00:00,28.0,85,10.4,100,0.0,1004.4,0.0,27.5,85,6.2,100,0.0,999.9,0.0,0.5,20,6,0
2023-06-26 21:00:00,28.2,86,12.0,100,0.0,1004.9,0.0,27.9,80,10.2,100,0.0,1000.7,0.0,0.3000000000000007,21,6,0
2023-06-26 22:00:00,28.5,83,16.1,100,0.0,1005.2,0.0,28.2,80,12.2,100,0.0,1000.7,0.0,0.3000000000000007,22,6,0
2023-06-26 23:00:00,28.6,86,15.5,100,0.0,1004.6,0.0,28.0,89,10.5,100,0.0,1000.4,0.0,0.6000000000000014,23,6,0
2023-06-27 00:00:00,28.6,88,14.8,100,0.0,1004.1,0.0,28.1,92,11.6,100,0.0,999.8,0.0,0.5,0,6,0
2023-06-27 01:00:00,28.5,90,13.9,100,0.0,1003.5,0.0,28.0,87,12.1,100,0.0,999.3,0.0,0.5,1,6,0
2023-06-27 02:00:00,28.2,88,14.0,100,0.0,1002.9,0.0,27.7,81,11.9,100,0.0,998.9,0.0,0.5,2,6,0
2023-06-27 03:00:00,28.0,83,13.6,100,0.0,1002.8,0.0,27.3,80,11.6,100,0.0,998.7,0.0,0.6999999999999993,3,6,0
2023-06-27 04:00:00,27.7,79,13.3,100,0.0,1003.1,0.0,27.0,80,11.4,100,0.0,999.0,0.0,0.6999999999999993,4,6,0
2023-06-27 05:00:00,28.4,76,13.3,100,0.0,1003.1,0.0,27.6,79,11.5,100,0.0,999.1,0.0,0.7999999999999972,5,6,0
2023-06-27 06:00:00,28.8,74,13.2,100,22.0,1004.2,0.0,28.1,77,11.1,100,20.0,1000.0,0.0,0.6999999999999993,6,6,1
2023-06-27 07:00:00,30.0,69,12.5,100,139.0,1004.7,0.0,29.2,74,10.0,100,136.0,1000.6,0.0,0.8000000000000007,7,6,1
2023-06-27 08:00:00,31.2,58,15.4,100,266.0,1004.9,0.0,30.9,63,13.5,100,308.0,1000.8,0.0,0.3000000000000007,8,6,1
2023-06-27 09:00:00,32.3,53,16.0,100,421.0,1005.3,0.0,31.9,57,15.5,100,468.0,1001.0,0.0,0.3999999999999986,9,6,1
2023-06-27 10:00:00,33.6,48,13.3,100,590.0,1004.8,0.0,32.9,53,13.4,100,615.0,1000.7,0.0,0.7000000000000028,10,6,1
2023-06-27 11:00:00,34.6,46,11.2,100,744.0,1004.5,0.0,33.7,51,12.6,100,717.0,1000.4,0.0,0.8999999999999986,11,6,1
2023-06-27 12:00:00,35.7,41,10.8,100,801.0,1003.9,0.0,34.5,49,11.6,100,816.0,999.8,0.0,1.2000000000000028,12,6,1
2023-06-27 13:00:00,36.0,40,8.2,100,750.0,1003.1,0.0,35.2,45,12.0,100,813.0,999.1,0.0,0.7999999999999972,13,6,1
2023-06-27 14:00:00,36.0,40,9.8,100,668.0,1002.1,0.0,35.5,44,13.0,100,728.0,998.2,0.0,0.5,14,6,1
2023-06-27 15:00:00,34.7,52,14.1,100,555.0,1001.5,0.0,35.0,44,13.8,100,579.0,997.5,0.0,-0.29999999999999716,15,6,1
2023-06-27 16:00:00,33.2,68,17.6,100,390.0,1001.3,0.0,34.4,47,11.4,100,416.0,997.3,0.0,-1.1999999999999957,16,6,1
2023-06-27 17:00:00,33.0,58,7.0,100,230.0,1002.5,0.0,33.8,49,10.0,100,223.0,998.4,0.0,-0.7999999999999972,17,6,1
2023-06-27 18:00:00,31.3,71,13.1,100,51.0,1002.8,0.0,31.8,60,10.8,100,47.0,998.9,0.0,-0.5,18,6,1
2023-06-27 19:00:00,30.4,71,17.7,100,0.0,1003.8,0.0,30.1,72,14.6,100,0.0,999.9,0.0,0.29999999999999716,19,6,0
2023-06-27 20:00:00,29.8,76,22.3,100,0.0,1004.7,0.0,29.6,75,17.3,100,0.0,1000.7,0.0,0.1999999999999993,20,6,0
2023-06-27 21:00:00,29.7,78,19.2,100,0.0,1005.5,0.0,29.5,74,15.8,100,0.0,1001.2,0.0,0.1999999999999993,21,6,0
2023-06-27 22:00:00,29.5,75,15.0,100,0.0,1005.6,0.0,29.3,71,13.2,100,0.0,1001.3,0.0,0.1999999999999993,22,6,0
2023-06-27 23:00:00,29.2,70,12.2,100,0.0,1005.4,0.0,29.2,64,13.3,100,0.0,1001.1,0.0,0.0,23,6,0
2023-06-28 00:00:00,28.8,68,12.4,100,0.0,1005.0,0.0,28.5,66,11.2,100,0.0,1000.9,0.0,0.3000000000000007,0,6,0
2023-06-28 01:00:00,28.4,66,13.2,100,0.0,1004.7,0.0,27.9,68,8.3,100,0.0,1000.4,0.0,0.5,1,6,0
2023-06-28 02:00:00,28.0,67,14.3,99,0.0,1004.1,0.0,27.2,72,6.5,100,0.0,1000.0,0.0,0.8000000000000007,2,6,0
2023-06-28 03:00:00,27.9,68,15.1,100,0.0,1004.1,0.0,26.7,75,4.9,99,0.0,1000.1,0.0,1.1999999999999993,3,6,0
2023-06-28 04:00:00,27.7,71,14.7,100,0.0,1004.2,0.0,26.4,76,6.3,100,0.0,1000.1,0.0,1.3000000000000007,4,6,0
2023-06-28 05:00:00,28.9,65,13.7,95,0.0,1004.5,0.0,28.6,65,13.4,98,0.0,1000.5,0.0,0.29999999999999716,5,6,0
2023-06-28 06:00:00,28.8,67,14.7,93,23.0,1005.3,0.0,28.8,65,14.4,99,22.0,1001.2,0.0,0.0,6,6,1
2023-06-28 07:00:00,29.8,65,13.0,98,173.0,1005.7,0.0,30.0,62,12.6,96,168.0,1001.7,0.0,-0.1999999999999993,7,6,1
2023-06-28 08:00:00,31.3,59,15.4,100,381.0,1006.1,0.0,31.4,57,15.6,100,381.0,1002.3,0.0,-0.09999999999999787,8,6,1
2023-06-28 09:00:00,32.7,55,14.2,100,588.0,1006.1,0.0,32.6,54,15.4,100,582.0,1002.0,0.0,0.10000000000000142,9,6,1
2023-06-28 10:00:00,33.9,52,12.6,100,750.0,1005.8,0.0,33.7,52,15.5,100,752.0,1001.7,0.0,0.19999999999999574,10,6,1
2023-06-28 11:00:00,35.2,46,13.3,96,865.0,1005.3,0.0,34.6,50,15.1,100,862.0,1001.2,0.0,0.6000000000000014,11,6,1
2023-06-28 12:00:00,35.7,44,15.5,65,837.0,1004.6,0.1,34.9,49,17.3,24,839.0,1000.7,0.1,0.8000000000000043,12,6,1
2023-06-28 13:00:00,35.7,45,15.2,74,814.0,1004.0,0.1,35.0,49,13.8,26,790.0,1000.1,0.3,0.7000000000000028,13,6,1
2023-06-28 14:00:00,35.1,48,12.8,66,732.0,1003.5,0.3,35.9,47,11.6,50,788.0,999.3,0.0,-0.7999999999999972,14,6,1
2023-06-28 15:00:00,34.0,58,13.2,100,624.0,1002.8,0.2,35.5,48,9.7,54,604.0,998.5,0.1,-1.5,15,6,1
2023-06-28 16:00:00,31.6,70,16.6,10,383.0,1002.6,1.8,34.1,51,10.6,52,360.0,998.2,0.1,-2.5,16,6,1
2023-06-28 17:00:00,30.7,77,20.4,11,234.0,1002.9,0.0,34.1,49,10.2,26,216.0,998.6,0.0,-3.400000000000002,17,6,1
2023-06-28 18:00:00,30.3,73,19.1,45,56.0,1003.8,0.1,30.3,72,17.9,22,65.0,999.6,0.0,0.0,18,6,1
2023-06-28 19:00:00,29.5,76,18.6,24,0.0,1005.1,0.2,29.7,73,12.4,22,0.0,1000.8,0.0,-0.1999999999999993,19,6,0
2023-06-28 20:00:00,29.2,79,15.6,36,0.0,1005.8,0.0,29.4,73,11.9,34,0.0,1001.6,0.0,-0.1999999999999993,20,6,0
2023-06-28 21:00:00,29.2,78,16.9,20,0.0,1006.5,0.0,29.2,78,14.4,35,0.0,1002.3,0.0,0.0,21,6,0
2023-06-28 22:00:00,29.2,79,20.2,38,0.0,1007.0,0.0,29.1,80,13.4,77,0.0,1003.0,0.0,0.09999999999999787,22,6,0
2023-06-28 23:00:00,29.0,80,17.7,55,0.0,1007.1,0.0,29.2,77,14.1,39,0.0,1002.8,0.0,-0.1999999999999993,23,6,0
2023-06-29 00:00:00,28.8,80,12.8,75,0.0,1006.7,0.1,29.1,70,13.3,23,0.0,1002.3,0.0,-0.3000000000000007,0,6,0
2023-06-29 01:00:00,28.4,80,7.1,40,0.0,1006.0,0.2,28.6,70,11.6,14,0.0,1001.6,0.0,-0.20000000000000284,1,6,0
2023-06-29 02:00:00,28.1,78,10.3,7,0.0,1005.3,0.0,28.1,72,11.8,4,0.0,1001.0,0.0,0.0,2,6,0
2023-06-29 03:00:00,27.8,76,12.5,4,0.0,1004.9,0.0,27.8,74,13.0,7,0.0,1000.8,0.0,0.0,3,6,0
2023-06-29 04:00:00,27.5,76,12.5,3,0.0,1005.0,0.0,27.6,75,13.5,6,0.0,1000.8,0.0,-0.10000000000000142,4,6,0
2023-06-29 05:00:00,28.3,75,10.9,64,0.0,1005.3,0.0,28.1,74,10.9,9,0.0,1001.1,0.0,0.1999999999999993,5,6,0
2023-06-29 06:00:00,28.8,72,12.9,99,23.0,1005.8,0.0,28.8,71,11.6,70,21.0,1001.6,0.0,0.0,6,6,1
2023-06-29 07:00:00,30.2,66,12.5,98,170.0,1006.4,0.0,30.4,65,11.6,84,163.0,1002.2,0.0,-0.1999999999999993,7,6,1
2023-06-29 08:00:00,31.9,57,15.3,98,386.0,1006.5,0.0,31.9,55,17.0,98,373.0,1002.5,0.0,0.0,8,6,1
2023-06-29 09:00:00,33.2,52,17.3,97,586.0,1006.6,0.0,33.1,51,17.6,98,575.0,1002.5,0.0,0.10000000000000142,9,6,1
2023-06-29 10:00:00,34.3,49,15.9,99,750.0,1006.2,0.0,34.4,48,15.9,99,751.0,1002.0,0.0,-0.10000000000000142,10,6,1
2023-06-29 11:00:00,35.5,45,14.1,97,851.0,1005.7,0.0,35.4,46,15.2,98,857.0,1001.5,0.0,0.10000000000000142,11,6,1
2023-06-29 12:00:00,36.1,43,15.5,95,886.0,1005.0,0.0,36.2,43,14.0,92,900.0,1000.9,0.0,-0.10000000000000142,12,6,1
2023-06-29 13:00:00,36.0,45,13.8,86,859.0,1004.2,0.4,37.2,40,14.4,39,872.0,999.9,0.0,-1.2000000000000028,13,6,1
2023-06-29 14:00:00,36.2,45,10.9,94,765.0,1003.3,0.0,35.0,46,11.5,87,779.0,999.4,0.1,1.2000000000000028,14,6,1
2023-06-29 15:00:00,34.9,49,13.7,98,589.0,1002.3,0.1,35.2,45,13.6,97,554.0,998.3,0.0,-0.30000000000000426,15,6,1
2023-06-29 16:00:00,34.0,52,15.4,92,333.0,1002.6,0.1,35.0,47,14.3,96,427.0,998.2,0.1,-1.0,16,6,1
2023-06-29 17:00:00,29.8,74,4.3,15,224.0,1003.7,0.0,31.9,63,7.8,13,232.0,999.5,0.0,-2.099999999999998,17,6,1
2023-06-29 18:00:00,29.1,77,2.9,31,61.0,1004.0,0.0,30.3,66,8.3,46,54.0,999.7,0.0,-1.1999999999999993,18,6,1
2023-06-29 19:00:00,28.9,79,9.7,36,0.0,1005.0,0.0,29.5,69,7.9,50,0.0,1000.8,0.0,-0.6000000000000014,19,6,0
2023-06-29 20:00:00,29.1,77,10.8,51,0.0,1006.0,0.0,29.3,72,12.3,53,0.0,1001.6,0.0,-0.1999999999999993,20,6,0
2023-06-29 21:00:00,29.0,73,8.4,25,0.0,1006.3,0.0,29.2,73,11.1,72,0.0,1002.1,0.0,-0.1999999999999993,21,6,0
2023-06-29 22:00:00,28.9,73,9.3,23,0.0,1006.6,0.0,29.4,72,13.7,68,0.0,1002.5,0.0,-0.5,22,6,0
2023-06-29 23:00:00,29.1,72,12.5,51,0.0,1006.5,0.0,28.7,73,14.9,37,0.0,1002.3,0.0,0.40000000000000213,23,6,0
2023-06-30 00:00:00,29.0,72,12.7,25,0.0,1006.1,0.0,28.5,74,14.6,33,0.0,1001.9,0.0,0.5,0,6,0
2023-06-30 01:00:00,28.7,70,12.6,6,0.0,1005.6,0.0,28.6,72,14.5,10,0.0,1001.5,0.0,0.09999999999999787,1,6,0
2023-06-30 02:00:00,28.9,65,13.0,13,0.0,1005.2,0.0,28.3,71,12.0,4,0.0,1001.1,0.0,0.5999999999999979,2,6,0
2023-06-30 03:00:00,28.7,63,12.3,73,0.0,1005.0,0.0,28.0,71,12.0,44,0.0,1000.9,0.0,0.6999999999999993,3,6,0
2023-06-30 04:00:00,28.5,63,12.0,77,0.0,1005.1,0.0,27.6,71,11.0,64,0.0,1001.0,0.0,0.8999999999999986,4,6,0
2023-06-30 05:00:00,26.8,75,8.9,82,0.0,1005.8,0.0,26.8,69,8.3,14,0.0,1001.8,0.0,0.0,5,6,0
2023-06-30 06:00:00,27.3,71,11.3,97,23.0,1006.7,0.0,27.4,70,9.0,90,21.0,1002.4,0.0,-0.09999999999999787,6,6,1
2023-06-30 07:00:00,28.8,67,10.3,100,168.0,1007.0,0.0,28.8,68,6.4,89,163.0,1002.7,0.0,0.0,7,6,1
2023-06-30 08:00:00,30.6,60,12.6,98,375.0,1007.1,0.0,30.6,62,7.4,98,367.0,1002.8,0.0,0.0,8,6,1
2023-06-30 09:00:00,32.0,55,13.4,98,560.0,1007.1,0.0,32.0,57,11.4,98,574.0,1003.0,0.0,0.0,9,6,1
2023-06-30 10:00:00,33.3,51,13.8,100,711.0,1007.1,0.0,33.0,53,13.2,100,691.0,1002.9,0.0,0.29999999999999716,10,6,1
2023-06-30 11:00:00,34.6,48,13.0,81,846.0,1006.5,0.0,34.1,51,12.8,89,827.0,1002.3,0.0,0.5,11,6,1
2023-06-30 12:00:00,35.5,46,11.5,91,913.0,1005.5,0.0,34.8,49,12.3,93,897.0,1001.4,0.0,0.7000000000000028,12,6,1
2023-06-30 13:00:00,36.0,45,10.7,82,900.0,1004.3,0.0,35.4,48,13.1,87,900.0,1000.1,0.0,0.6000000000000014,13,6,1
2023-06-30 14:00:00,36.3,44,10.3,94,796.0,1003.0,0.0,35.6,47,13.9,52,810.0,999.0,0.0,0.6999999999999957,14,6,1
2023-06-30 15:00:00,36.0,45,11.2,97,631.0,1001.8,0.0,35.6,48,12.3,67,603.0,997.9,0.0,0.3999999999999986,15,6,1
2023-06-30 16:00:00,35.1,49,11.9,89,426.0,1001.3,0.0,34.9,49,12.2,90,450.0,997.3,0.0,0.20000000000000284,16,6,1
2023-06-30 17:00:00,32.8,63,14.8,78,247.0,1002.2,0.0,33.7,54,8.5,98,241.0,998.0,0.0,-0.9000000000000057,17,6,1
2023-06-30 18:00:00,30.8,73,17.8,72,69.0,1002.6,0.0,31.4,67,12.3,26,67.0,998.6,0.0,-0.5999999999999979,18,6,1
2023-06-30 19:00:00,30.6,69,12.6,51,0.0,1003.8,0.0,29.8,71,16.2,45,0.0,999.6,0.0,0.8000000000000007,19,6,0
2023-06-30 20:00:00,30.0,71,14.3,36,0.0,1004.6,0.0,29.2,78,13.0,30,0.0,1000.3,0.0,0.8000000000000007,20,6,0
2023-06-30 21:00:00,29.5,76,15.2,99,0.0,1004.9,0.0,29.1,78,11.7,21,0.0,1000.6,0.0,0.3999999999999986,21,6,0
2023-06-30 22:00:00,29.6,75,16.8,100,0.0,1005.4,0.0,28.9,81,6.5,58,0.0,1001.2,0.0,0.7000000000000028,22,6,0
2023-06-30 23:00:00,29.1,78,11.2,100,0.0,1005.9,0.0,28.6,82,6.8,100,0.0,1001.6,0.0,0.5,23,6,0
2023-07-01 00:00:00,28.7,78,11.0,86,0.0,1005.4,0.0,28.6,81,6.6,98,0.0,1001.2,0.0,0.09999999999999787,0,7,0
2023-07-01 01:00:00,28.6,76,12.5,99,0.0,1004.5,0.0,27.9,83,6.9,100,0.0,1000.5,0.0,0.7000000000000028,1,7,0
2023-07-01 02:00:00,28.5,72,11.0,99,0.0,1004.4,0.0,27.9,79,10.2,100,0.0,1000.3,0.0,0.6000000000000014,2,7,0
2023-07-01 03:00:00,28.6,67,11.6,100,0.0,1004.3,0.0,28.3,72,11.5,100,0.0,1000.2,0.0,0.3000000000000007,3,7,0
2023-07-01 04:00:00,28.6,64,11.0,99,0.0,1004.4,0.0,28.3,67,10.8,70,0.0,1000.3,0.0,0.3000000000000007,4,7,0
2023-07-01 05:00:00,28.5,70,13.7,92,0.0,1004.8,0.0,29.3,65,10.0,70,0.0,1000.8,0.0,-0.8000000000000007,5,7,0
2023-07-01 06:00:00,28.3,73,14.3,90,19.0,1005.4,0.0,28.7,73,11.3,94,12.0,1001.4,0.5,-0.3999999999999986,6,7,1
2023-07-01 07:00:00,30.1,70,14.9,98,130.0,1006.2,0.0,29.4,70,15.3,100,135.0,1002.3,0.0,0.7000000000000028,7,7,1
2023-07-01 08:00:00,31.4,62,18.5,100,278.0,1006.7,0.0,29.7,68,14.8,100,259.0,1002.8,0.0,1.6999999999999993,8,7,1
2023-07-01 09:00:00,32.4,56,23.7,100,460.0,1007.2,0.0,31.6,60,21.7,100,489.0,1003.3,0.0,0.7999999999999972,9,7,1
2023-07-01 10:00:00,32.3,56,18.0,100,485.0,1007.2,0.0,32.1,58,16.9,100,544.0,1003.1,0.0,0.19999999999999574,10,7,1
2023-07-01 11:00:00,33.8,52,16.5,100,709.0,1006.4,0.0,33.2,54,15.9,100,669.0,1002.2,0.0,0.5999999999999943,11,7,1
2023-07-01 12:00:00,34.6,49,14.6,100,657.0,1005.5,0.0,34.2,50,13.1,100,710.0,1001.4,0.0,0.3999999999999986,12,7,1
2023-07-01 13:00:00,34.8,49,14.7,100,556.0,1004.6,0.0,34.7,48,13.6,100,647.0,1000.3,0.0,0.09999999999999432,13,7,1
2023-07-01 14:00:00,34.9,51,15.8,100,588.0,1003.5,0.0,34.8,50,14.1,100,584.0,999.3,0.0,0.10000000000000142,14,7,1
2023-07-01 15:00:00,34.8,53,12.6,100,468.0,1002.9,0.0,34.2,53,11.6,100,389.0,998.8,0.0,0.5999999999999943,15,7,1
2023-07-01 16:00:00,34.1,55,11.4,100,364.0,1002.7,0.6,34.0,53,10.6,100,319.0,998.6,0.0,0.10000000000000142,16,7,1
2023-07-01 17:00:00,29.4,69,8.8,100,207.0,1003.6,0.0,29.4,71,8.3,100,179.0,999.2,0.0,0.0,17,7,1
2023-07-01 18:00:00,29.9,69,9.8,100,40.0,1004.5,0.0,29.5,72,7.8,100,33.0,1000.3,0.0,0.3999999999999986,18,7,1
2023-07-01 19:00:00,29.5,67,10.2,100,0.0,1004.8,0.0,28.6,76,5.8,100,0.0,1000.7,0.0,0.8999999999999986,19,7,0
2023-07-01 20:00:00,28.8,68,13.8,100,0.0,1005.3,0.0,28.3,77,7.6,100,0.0,1001.5,0.0,0.5,20,7,0
2023-07-01 21:00:00,28.5,69,14.8,100,0.0,1005.6,0.0,28.0,77,8.7,100,0.0,1001.6,0.0,0.5,21,7,0
2023-07-01 22:00:00,28.8,67,11.7,100,0.0,1006.0,0.0,28.1,75,7.9,100,0.0,1001.9,0.0,0.6999999999999993,22,7,0
2023-07-01 23:00:00,28.9,66,15.1,100,0.0,1005.9,0.0,28.3,75,4.8,100,0.0,1001.8,0.0,0.5999999999999979,23,7,0
2023-07-02 00:00:00,28.8,66,10.5,100,0.0,1005.9,0.0,27.8,76,15.5,100,0.0,1001.7,0.1,1.0,0,7,0
2023-07-02 01:00:00,27.6,77,10.6,100,0.0,1005.6,1.0,27.1,77,13.2,100,0.0,1001.2,0.0,0.5,1,7,0
2023-07-02 02:00:00,27.3,80,9.4,100,0.0,1005.2,0.4,26.9,78,6.9,100,0.0,1000.7,0.0,0.40000000000000213,2,7,0
2023-07-02 03:00:00,26.6,84,1.6,100,0.0,1004.6,1.7,26.8,78,5.1,100,0.0,1000.0,0.0,-0.1999999999999993,3,7,0
2023-07-02 04:00:00,26.5,88,3.6,100,0.0,1004.3,0.1,26.7,83,0.5,100,0.0,1000.0,0.0,-0.1999999999999993,4,7,0
2023-07-02 05:00:00,27.5,80,10.7,100,0.0,1003.7,0.3,28.1,75,11.4,100,0.0,999.6,0.0,-0.6000000000000014,5,7,0
2023-07-02 06:00:00,28.2,77,12.1,100,12.0,1004.3,0.0,28.3,75,11.9,100,10.0,1000.2,0.1,-0.10000000000000142,6,7,1
2023-07-02 07:00:00,28.5,77,7.8,100,42.0,1005.4,0.1,27.5,81,14.8,100,50.0,1001.4,1.5,1.0,7,7,1
2023-07-02 08:00:00,29.0,77,4.1,100,89.0,1006.0,0.0,27.6,83,12.8,100,101.0,1001.7,0.0,1.3999999999999986,8,7,1
2023-07-02 09:00:00,29.7,74,4.7,100,197.0,1006.0,0.1,28.5,79,11.3,100,148.0,1002.0,0.0,1.1999999999999993,9,7,1
2023-07-02 10:00:00,30.5,71,8.9,100,302.0,1005.9,0.1,29.6,73,12.6,100,277.0,1001.9,0.0,0.8999999999999986,10,7,1
2023-07-02 11:00:00,31.6,65,11.3,100,419.0,1004.7,0.0,31.3,65,11.9,100,457.0,1000.5,0.0,0.3000000000000007,11,7,1
2023-07-02 12:00:00,33.3,57,14.6,100,617.0,1003.9,0.0,32.4,63,14.4,100,508.0,999.9,0.0,0.8999999999999986,12,7,1
2023-07-02 13:00:00,33.5,55,13.0,100,436.0,1003.1,0.0,32.5,62,12.4,100,418.0,999.1,0.0,1.0,13,7,1
2023-07-02 14:00:00,32.9,57,11.4,100,316.0,1002.5,0.0,32.6,62,13.1,100,432.0,998.2,0.0,0.29999999999999716,14,7,1
2023-07-02 15:00:00,32.0,61,9.6,100,245.0,1002.1,0.0,31.0,70,10.1,100,199.0,998.1,0.0,1.0,15,7,1
2023-07-02 16:00:00,31.3,68,12.3,100,225.0,1001.8,0.0,30.5,75,10.2,100,151.0,997.6,0.0,0.8000000000000007,16,7,1
2023-07-02 17:00:00,27.7,86,9.7,100,167.0,1002.7,0.0,27.6,90,13.0,100,195.0,998.6,0.0,0.09999999999999787,17,7,1
2023-07-02 18:00:00,27.9,88,15.5,99,58.0,1003.1,0.0,27.6,91,13.6,100,48.0,999.1,0.2,0.29999999999999716,18,7,1
2023-07-02 19:00:00,27.6,90,15.0,100,0.0,1003.6,0.0,27.3,91,12.3,100,0.0,999.5,0.0,0.3000000000000007,19,7,0
2023-07-02 20:00:00,27.4,90,13.5,100,0.0,1004.2,0.0,27.0,92,13.7,100,0.0,1000.1,0.0,0.3999999999999986,20,7,0
2023-07-02 21:00:00,27.4,89,12.1,100,0.0,1004.9,0.0,27.0,92,13.0,83,0.0,1000.6,0.0,0.3999999999999986,21,7,0
2023-07-02 22:00:00,27.3,91,11.2,100,0.0,1005.4,0.1,27.0,92,8.7,100,0.0,1001.0,0.0,0.3000000000000007,22,7,0
2023-07-02 23:00:00,27.2,90,10.2,100,0.0,1005.4,0.0,26.8,92,7.9,100,0.0,1001.1,0.0,0.3999999999999986,23,7,0
2023-07-03 00:00:00,27.2,86,8.7,100,0.0,1004.6,0.0,26.3,91,3.6,100,0.0,1000.4,1.4,0.8999999999999986,0,7,0
2023-07-03 01:00:00,26.7,87,9.3,100,0.0,1004.0,0.1,25.5,95,11.7,100,0.0,1000.0,5.0,1.1999999999999993,1,7,0
2023-07-03 02:00:00,26.0,92,9.4,100,0.0,1003.8,1.9,25.3,96,10.1,100,0.0,999.6,0.1,0.6999999999999993,2,7,0
2023-07-03 03:00:00,25.4,94,13.3,100,0.0,1004.0,5.3,25.3,96,9.4,100,0.0,999.6,0.5,0.09999999999999787,3,7,0
2023-07-03 04:00:00,25.6,94,9.7,100,0.0,1003.8,0.6,25.4,95,6.9,100,0.0,999.5,0.8,0.20000000000000284,4,7,0
2023-07-03 05:00:00,26.3,87,10.2,100,0.0,1003.9,0.9,26.5,93,9.4,100,0.0,999.4,0.9,-0.1999999999999993,5,7,0
2023-07-03 06:00:00,26.2,92,10.5,100,5.0,1004.4,6.1,26.4,94,6.8,100,2.0,1000.0,1.1,-0.1999999999999993,6,7,1
2023-07-03 07:00:00,26.6,94,5.9,100,14.0,1004.8,0.6,26.5,93,7.8,100,26.0,1000.3,0.7,0.10000000000000142,7,7,1
2023-07-03 08:00:00,26.8,93,10.3,100,96.0,1005.0,1.2,26.9,92,4.0,100,105.0,1001.2,1.4,-0.09999999999999787,8,7,1
2023-07-03 09:00:00,28.2,89,10.5,99,299.0,1004.6,0.6,27.2,93,10.0,100,105.0,1000.2,1.1,1.0,9,7,1
2023-07-03 10:00:00,30.7,73,13.6,100,684.0,1003.9,0.1,30.6,73,13.3,95,564.0,999.9,0.1,0.09999999999999787,10,7,1
2023-07-03 11:00:00,32.1,64,18.9,100,715.0,1004.0,0.0,32.1,62,19.7,100,656.0,999.7,0.0,0.0,11,7,1
2023-07-03 12:00:00,32.9,58,15.7,100,709.0,1003.3,0.0,32.7,58,14.8,100,545.0,999.2,0.0,0.19999999999999574,12,7,1
2023-07-03 13:00:00,33.2,55,14.6,100,489.0,1002.4,0.0,33.5,52,12.4,100,489.0,998.0,0.0,-0.29999999999999716,13,7,1
2023-07-03 14:00:00,33.0,57,9.7,100,279.0,1001.6,0.0,32.1,61,10.7,100,403.0,997.7,0.4,0.8999999999999986,14,7,1
2023-07-03 15:00:00,32.8,57,7.1,100,360.0,1001.0,0.0,31.6,64,11.3,100,336.0,996.9,0.0,1.1999999999999957,15,7,1
2023-07-03 16:00:00,30.3,68,12.4,100,203.0,1000.9,0.1,31.6,65,10.1,100,282.0,996.7,0.0,-1.3000000000000007,16,7,1
2023-07-03 17:00:00,28.4,80,15.5,100,95.0,1000.9,0.0,27.8,85,10.3,100,92.0,996.8,0.2,0.5999999999999979,17,7,1
2023-07-03 18:00:00,27.7,83,14.0,100,27.0,1001.6,0.2,27.5,85,14.3,100,24.0,997.7,0.1,0.1999999999999993,18,7,1
2023-07-03 19:00:00,27.6,83,20.3,100,0.0,1002.0,0.0,27.0,83,18.4,100,0.0,998.4,0.0,0.6000000000000014,19,7,0
2023-07-03 20:00:00,27.4,79,21.4,100,0.0,1003.0,0.0,26.6,81,17.3,100,0.0,999.0,0.0,0.7999999999999972,20,7,0
2023-07-03 21:00:00,26.9,78,18.6,100,0.0,1003.4,0.0,26.6,81,18.1,100,0.0,999.4,0.0,0.29999999999999716,21,7,0
2023-07-03 22:00:00,26.9,78,15.7,100,0.0,1003.7,0.0,26.7,80,15.9,100,0.0,999.3,0.0,0.1999999999999993,22,7,0
2023-07-03 23:00:00,26.7,79,15.6,100,0.0,1003.4,0.0,26.5,82,11.8,100,0.0,999.4,0.0,0.1999999999999993,23,7,0
2023-07-04 00:00:00,26.7,79,12.6,100,0.0,1003.2,0.0,26.5,82,12.7,100,0.0,998.9,0.0,0.1999999999999993,0,7,0
2023-07-04 01:00:00,26.9,79,11.1,100,0.0,1002.7,0.0,26.4,82,10.5,100,0.0,998.4,0.0,0.5,1,7,0
2023-07-04 02:00:00,27.0,78,14.8,100,0.0,1001.6,0.0,26.3,83,11.2,100,0.0,997.6,0.0,0.6999999999999993,2,7,0
2023-07-04 03:00:00,27.0,77,12.8,100,0.0,1001.2,0.0,26.6,80,12.9,100,0.0,997.0,0.0,0.3999999999999986,3,7,0
2023-07-04 04:00:00,27.0,75,12.3,100,0.0,1001.2,0.0,26.8,76,12.0,100,0.0,997.0,0.0,0.1999999999999993,4,7,0
2023-07-04 05:00:00,27.3,78,7.4,100,0.0,1001.9,0.0,27.9,70,10.8,100,0.0,997.6,0.0,-0.5999999999999979,5,7,0
2023-07-04 06:00:00,27.0,82,5.0,100,13.0,1002.5,0.0,27.4,73,13.7,100,13.0,998.4,0.1,-0.3999999999999986,6,7,1
2023-07-04 07:00:00,27.4,82,10.5,100,57.0,1002.5,0.0,26.7,78,11.3,100,52.0,998.5,0.1,0.6999999999999993,7,7,1
2023-07-04 08:00:00,27.9,77,9.7,100,131.0,1002.9,0.0,27.6,76,8.7,100,153.0,998.8,0.0,0.29999999999999716,8,7,1
2023-07-04 09:00:00,28.9,72,9.9,100,260.0,1003.1,0.0,29.1,71,11.2,100,280.0,999.1,0.0,-0.20000000000000284,9,7,1
2023-07-04 10:00:00,30.3,69,10.2,100,407.0,1003.0,0.0,31.0,63,12.0,100,529.0,998.8,0.0,-0.6999999999999993,10,7,1
2023-07-04 11:00:00,31.5,62,11.0,100,512.0,1002.5,0.0,31.9,60,9.8,100,618.0,998.2,0.0,-0.3999999999999986,11,7,1
2023-07-04 12:00:00,32.2,59,11.2,100,538.0,1002.1,0.0,32.3,60,12.1,100,612.0,997.8,0.0,-0.09999999999999432,12,7,1
2023-07-04 13:00:00,30.9,68,11.8,100,573.0,1001.2,1.3,32.5,59,11.3,100,540.0,996.8,0.0,-1.6000000000000014,13,7,1
2023-07-04 14:00:00,31.4,67,11.5,100,507.0,1000.1,0.0,31.8,63,10.9,100,583.0,995.9,0.4,-0.40000000000000213,14,7,1
2023-07-04 15:00:00,30.8,73,17.6,100,590.0,999.2,0.3,30.5,71,12.1,100,378.0,995.0,0.3,0.3000000000000007,15,7,1
2023-07-04 16:00:00,30.1,74,16.3,100,422.0,999.5,0.2,30.2,72,14.5,100,289.0,995.2,2.4,-0.09999999999999787,16,7,1
2023-07-04 17:00:00,27.9,87,11.6,100,102.0,999.8,1.5,29.2,77,9.8,100,150.0,995.5,12.6,-1.3000000000000007,17,7,1
2023-07-04 18:00:00,27.2,92,7.9,100,6.0,1000.8,3.2,26.7,82,17.9,100,21.0,996.1,0.6,0.5,18,7,1
2023-07-04 19:00:00,26.9,92,3.6,100,0.0,1001.0,2.0,25.9,91,11.7,100,0.0,996.8,1.4,1.0,19,7,0
2023-07-04 20:00:00,26.7,92,4.7,100,0.0,1001.7,1.6,26.3,91,5.4,100,0.0,997.5,0.7,0.3999999999999986,20,7,0
2023-07-04 21:00:00,26.5,92,6.6,100,0.0,1001.8,1.6,26.3,91,5.2,100,0.0,997.7,0.4,0.1999999999999993,21,7,0
2023-07-04 22:00:00,26.4,92,7.4,100,0.0,1002.3,0.8,26.3,92,7.6,100,0.0,998.1,0.3,0.09999999999999787,22,7,0
2023-07-04 23:00:00,26.2,93,10.0,100,0.0,1001.9,0.7,26.3,90,11.6,100,0.0,997.7,0.1,-0.10000000000000142,23,7,0
2023-07-05 00:00:00,26.3,91,11.2,100,0.0,1001.2,0.1,26.0,88,13.8,100,0.0,997.1,0.1,0.3000000000000007,0,7,0
2023-07-05 01:00:00,26.3,90,12.0,100,0.0,1000.6,0.0,25.7,87,16.6,100,0.0,996.5,0.1,0.6000000000000014,1,7,0
2023-07-05 02:00:00,26.0,89,14.5,100,0.0,1000.3,0.1,25.5,87,15.7,100,0.0,996.1,0.1,0.5,2,7,0
2023-07-05 03:00:00,25.8,88,16.1,100,0.0,999.7,0.1,25.7,84,14.9,100,0.0,995.5,0.0,0.10000000000000142,3,7,0
2023-07-05 04:00:00,25.8,86,14.4,100,0.0,999.7,0.0,26.0,81,15.0,100,0.0,995.6,0.0,-0.1999999999999993,4,7,0
2023-07-05 05:00:00,26.2,84,14.3,100,0.0,999.7,0.0,25.6,88,10.6,100,0.0,995.5,0.0,0.5999999999999979,5,7,0
2023-07-05 06:00:00,26.5,84,12.6,100,17.0,1000.3,0.1,26.2,84,12.1,100,18.0,996.2,0.0,0.3000000000000007,6,7,1
2023-07-05 07:00:00,27.4,82,11.4,100,135.0,1000.9,0.0,27.6,79,9.8,100,136.0,996.7,0.0,-0.20000000000000284,7,7,1
2023-07-05 08:00:00,28.6,76,14.8,100,270.0,1001.0,0.0,28.9,72,12.4,100,255.0,996.9,0.0,-0.29999999999999716,8,7,1
2023-07-05 09:00:00,30.0,69,15.3,100,434.0,1000.9,0.0,30.6,63,15.3,100,491.0,996.9,0.0,-0.6000000000000014,9,7,1
2023-07-05 10:00:00,31.9,60,18.0,99,675.0,1001.1,0.0,32.2,57,17.7,100,699.0,996.8,0.0,-0.30000000000000426,10,7,1
2023-07-05 11:00:00,33.4,54,20.9,100,798.0,1000.5,0.0,33.4,52,22.1,99,720.0,996.5,0.0,0.0,11,7,1
2023-07-05 12:00:00,33.2,56,19.5,99,736.0,1000.1,0.6,33.4,52,20.8,100,578.0,996.0,0.0,-0.19999999999999574,12,7,1
2023-07-05 13:00:00,34.2,52,16.2,100,819.0,999.1,0.0,34.2,50,19.0,99,744.0,995.1,0.0,0.0,13,7,1
2023-07-05 14:00:00,31.2,64,11.6,100,576.0,998.9,1.4,34.7,48,18.2,100,666.0,994.2,0.0,-3.5000000000000036,14,7,1
2023-07-05 15:00:00,30.7,70,7.3,100,233.0,998.1,0.0,32.8,54,19.0,100,563.0,994.0,0.5,-2.099999999999998,15,7,1
2023-07-05 16:00:00,29.7,79,7.7,100,257.0,998.7,0.7,32.7,55,14.6,100,270.0,993.8,0.0,-3.0000000000000036,16,7,1
2023-07-05 17:00:00,30.4,69,10.5,100,137.0,998.6,0.7,28.9,71,28.9,100,130.0,994.9,0.0,1.5,17,7,1
2023-07-05 18:00:00,27.0,91,10.6,100,43.0,999.8,12.7,27.5,77,16.3,98,37.0,995.4,0.3,-0.5,18,7,1
2023-07-05 19:00:00,26.8,91,12.5,100,0.0,1000.0,1.4,26.7,85,8.9,100,0.0,996.0,0.3,0.10000000000000142,19,7,0
2023-07-05 20:00:00,26.6,86,13.8,100,0.0,1001.0,0.5,26.8,86,12.5,100,0.0,996.8,0.0,-0.1999999999999993,20,7,0
2023-07-05 21:00:00,26.7,85,12.5,100,0.0,1002.1,0.0,27.3,82,13.2,100,0.0,997.7,0.0,-0.6000000000000014,21,7,0
2023-07-05 22:00:00,26.9,85,13.5,100,0.0,1002.6,0.0,27.7,76,14.4,100,0.0,998.5,0.0,-0.8000000000000007,22,7,0
2023-07-05 23:00:00,27.0,84,14.0,100,0.0,1002.5,0.0,27.5,73,15.1,100,0.0,998.5,0.0,-0.5,23,7,0
2023-07-06 00:00:00,27.1,79,15.5,100,0.0,1002.0,0.0,27.3,72,14.6,100,0.0,997.9,0.0,-0.1999999999999993,0,7,0
2023-07-06 01:00:00,27.1,76,16.3,100,0.0,1001.8,0.0,27.4,70,16.0,100,0.0,997.7,0.0,-0.29999999999999716,1,7,0
2023-07-06 02:00:00,27.2,73,16.3,100,0.0,1001.7,0.0,27.5,70,15.2,100,0.0,997.6,0.0,-0.3000000000000007,2,7,0
2023-07-06 03:00:00,27.3,72,17.1,100,0.0,1001.6,0.0,27.3,71,17.1,100,0.0,997.7,0.0,0.0,3,7,0
2023-07-06 04:00:00,27.3,72,20.2,100,0.0,1001.7,0.0,27.1,73,16.8,100,0.0,997.8,0.0,0.1999999999999993,4,7,0
2023-07-06 05:00:00,28.2,71,13.6,100,0.0,1002.1,0.0,27.9,72,19.6,100,0.0,998.0,0.0,0.3000000000000007,5,7,0
2023-07-06 06:00:00,27.8,74,15.0,100,14.0,1002.7,0.1,27.6,75,16.8,100,14.0,998.4,0.1,0.1999999999999993,6,7,1
2023-07-06 07:00:00,28.0,75,15.3,100,128.0,1003.4,0.0,27.6,78,12.8,100,96.0,999.3,0.1,0.3999999999999986,7,7,1
2023-07-06 08:00:00,28.6,75,13.8,100,255.0,1004.1,0.0,28.3,76,14.3,100,212.0,999.9,0.0,0.3000000000000007,8,7,1
2023-07-06 09:00:00,29.0,73,15.5,100,295.0,1004.5,0.0,29.6,69,15.5,100,370.0,1000.3,0.0,-0.6000000000000014,9,7,1
2023-07-06 10:00:00,29.5,72,13.5,100,318.0,1004.6,0.0,29.3,71,13.8,100,199.0,1000.4,0.0,0.1999999999999993,10,7,1
2023-07-06 11:00:00,30.0,70,14.8,100,359.0,1004.3,0.0,31.0,63,16.0,100,472.0,1000.3,0.0,-1.0,11,7,1
2023-07-06 12:00:00,30.8,65,18.2,100,415.0,1003.9,0.0,31.2,62,19.2,100,458.0,999.8,0.0,-0.3999999999999986,12,7,1
2023-07-06 13:00:00,31.5,62,21.4,100,541.0,1002.9,0.0,31.6,59,21.5,100,405.0,999.1,0.0,-0.10000000000000142,13,7,1
2023-07-06 14:00:00,31.9,61,21.9,100,541.0,1002.0,0.0,32.6,55,22.9,100,611.0,997.9,0.0,-0.7000000000000028,14,7,1
2023-07-06 15:00:00,31.8,60,20.5,100,469.0,1001.3,0.0,32.1,55,21.1,100,477.0,997.2,0.0,-0.3000000000000007,15,7,1
2023-07-06 16:00:00,31.3,60,20.0,100,343.0,1001.2,0.0,31.4,58,18.7,100,321.0,997.2,0.0,-0.09999999999999787,16,7,1
2023-07-06 17:00:00,30.3,78,1.4,100,191.0,1001.6,0.0,31.7,58,12.1,100,167.0,997.3,0.0,-1.3999999999999986,17,7,1
2023-07-06 18:00:00,29.5,83,2.1,100,36.0,1002.0,0.0,30.4,65,6.5,100,40.0,997.9,0.0,-0.8999999999999986,18,7,1
2023-07-06 19:00:00,29.3,80,6.9,100,0.0,1003.3,0.0,29.6,70,5.4,100,0.0,999.0,0.0,-0.3000000000000007,19,7,0
2023-07-06 20:00:00,29.1,74,10.2,100,0.0,1004.3,0.0,29.0,78,6.9,100,0.0,1000.1,0.0,0.10000000000000142,20,7,0
2023-07-06 21:00:00,28.5,77,5.8,100,0.0,1005.2,0.0,29.0,69,6.2,100,0.0,1000.9,0.0,-0.5,21,7,0
2023-07-06 22:00:00,28.0,79,6.6,100,0.0,1005.5,0.0,28.9,67,10.7,100,0.0,1001.3,0.0,-0.8999999999999986,22,7,0
2023-07-06 23:00:00,28.0,77,10.3,100,0.0,1005.1,0.0,28.7,66,14.8,100,0.0,1000.9,0.0,-0.6999999999999993,23,7,0
2023-07-07 00:00:00,27.9,73,12.6,100,0.0,1004.6,0.0,28.1,68,12.7,100,0.0,1000.5,0.0,-0.20000000000000284,0,7,0
2023-07-07 01:00:00,27.8,68,12.7,100,0.0,1004.4,0.0,27.2,72,10.6,100,0.0,1000.3,0.0,0.6000000000000014,1,7,0
2023-07-07 02:00:00,27.7,67,11.1,100,0.0,1004.4,0.0,27.0,73,9.8,100,0.0,1000.2,0.0,0.6999999999999993,2,7,0
2023-07-07 03:00:00,27.6,69,12.3,100,0.0,1004.3,0.0,26.9,73,8.7,100,0.0,1000.2,0.0,0.7000000000000028,3,7,0
2023-07-07 04:00:00,27.4,70,12.1,100,0.0,1004.1,0.0,26.9,72,10.9,100,0.0,1000.0,0.0,0.5,4,7,0
2023-07-07 05:00:00,27.1,74,6.9,100,0.0,1005.4,0.0,27.4,74,10.1,100,0.0,1001.1,0.0,-0.29999999999999716,5,7,0
2023-07-07 06:00:00,27.4,76,7.0,100,11.0,1006.1,0.0,28.0,70,11.3,100,9.0,1001.8,0.0,-0.6000000000000014,6,7,1
2023-07-07 07:00:00,27.9,77,10.3,100,58.0,1006.7,0.0,28.6,69,12.4,100,63.0,1002.5,0.0,-0.7000000000000028,7,7,1
2023-07-07 08:00:00,29.3,71,11.1,100,212.0,1007.1,0.0,29.9,64,13.1,100,224.0,1002.8,0.0,-0.5999999999999979,8,7,1
2023-07-07 09:00:00,31.1,62,15.5,100,474.0,1006.9,0.0,31.4,59,14.3,100,473.0,1002.8,0.0,-0.29999999999999716,9,7,1
2023-07-07 10:00:00,32.1,58,15.8,100,662.0,1006.4,0.0,32.3,56,14.3,100,620.0,1002.4,0.0,-0.19999999999999574,10,7,1
2023-07-07 11:00:00,33.1,54,19.0,100,764.0,1006.2,0.0,33.7,51,20.7,100,783.0,1002.0,0.0,-0.6000000000000014,11,7,1
2023-07-07 12:00:00,33.8,52,17.6,100,840.0,1005.4,0.0,34.5,48,20.2,100,792.0,1001.2,0.0,-0.7000000000000028,12,7,1
2023-07-07 13:00:00,34.1,52,13.8,100,756.0,1004.5,0.0,34.9,48,17.1,100,802.0,1000.3,0.0,-0.7999999999999972,13,7,1
2023-07-07 14:00:00,33.6,52,15.1,100,736.0,1003.5,0.0,33.2,54,17.8,100,746.0,999.6,0.5,0.3999999999999986,14,7,1
2023-07-07 15:00:00,32.6,57,14.7,100,495.0,1003.0,0.4,33.7,50,19.0,100,542.0,998.8,0.0,-1.1000000000000014,15,7,1
2023-07-07 16:00:00,32.4,58,14.9,100,367.0,1002.5,0.0,33.6,50,17.7,100,429.0,998.3,0.0,-1.2000000000000028,16,7,1
2023-07-07 17:00:00,32.6,60,9.3,100,203.0,1003.0,0.0,32.2,57,21.2,99,241.0,999.1,0.0,0.3999999999999986,17,7,1
2023-07-07 18:00:00,31.2,62,19.3,100,68.0,1003.8,0.0,30.0,65,13.4,100,59.0,999.7,0.0,1.1999999999999993,18,7,1
2023-07-07 19:00:00,29.8,66,16.2,98,0.0,1004.8,0.0,29.2,69,10.3,100,0.0,1000.7,0.0,0.6000000000000014,19,7,0
2023-07-07 20:00:00,29.1,70,14.0,100,0.0,1005.6,0.0,29.0,71,11.4,100,0.0,1001.4,0.0,0.10000000000000142,20,7,0
2023-07-07 21:00:00,28.7,72,12.9,100,0.0,1006.5,0.0,29.0,70,13.4,100,0.0,1002.3,0.0,-0.3000000000000007,21,7,0
2023-07-07 22:00:00,28.7,71,14.0,100,0.0,1006.9,0.0,28.7,70,10.9,100,0.0,1002.7,0.0,0.0,22,7,0
2023-07-07 23:00:00,28.4,71,13.1,100,0.0,1006.7,0.0,28.3,71,9.0,100,0.0,1002.6,0.0,0.09999999999999787,23,7,0
2023-07-08 00:00:00,28.2,71,12.5,100,0.0,1006.1,0.0,28.0,72,8.7,100,0.0,1001.9,0.0,0.1999999999999993,0,7,0
2023-07-08 01:00:00,28.0,72,10.5,95,0.0,1005.6,0.0,27.8,72,9.0,100,0.0,1001.4,0.0,0.1999999999999993,1,7,0
2023-07-08 02:00:00,27.3,74,9.3,98,0.0,1005.2,0.0,27.5,73,9.2,100,0.0,1001.0,0.0,-0.1999999999999993,2,7,0
2023-07-08 03:00:00,27.2,75,8.9,100,0.0,1005.2,0.0,27.6,72,9.4,100,0.0,1001.0,0.0,-0.40000000000000213,3,7,0
2023-07-08 04:00:00,27.5,74,10.8,100,0.0,1005.6,0.0,27.8,70,9.7,100,0.0,1001.4,0.0,-0.3000000000000007,4,7,0
2023-07-08 05:00:00,28.1,74,8.5,100,0.0,1006.1,0.0,28.4,69,11.0,100,0.0,1001.9,0.0,-0.29999999999999716,5,7,0
2023-07-08 06:00:00,28.4,73,11.7,100,13.0,1007.1,0.0,28.4,70,10.9,100,8.0,1003.0,0.0,0.0,6,7,1
2023-07-08 07:00:00,29.1,73,12.0,100,106.0,1007.7,0.0,29.3,69,9.5,99,113.0,1003.6,0.0,-0.1999999999999993,7,7,1
2023-07-08 08:00:00,30.3,69,12.0,99,248.0,1008.0,0.0,30.2,65,11.8,100,214.0,1003.9,0.0,0.10000000000000142,8,7,1
2023-07-08 09:00:00,31.7,61,14.8,99,488.0,1007.5,0.0,31.8,58,16.6,100,471.0,1003.4,0.0,-0.10000000000000142,9,7,1
2023-07-08 10:00:00,32.6,58,16.6,100,677.0,1007.1,0.0,32.3,56,17.5,100,503.0,1003.0,0.0,0.30000000000000426,10,7,1
2023-07-08 11:00:00,33.5,55,16.7,100,821.0,1006.5,0.0,34.1,51,15.6,97,765.0,1002.2,0.0,-0.6000000000000014,11,7,1
2023-07-08 12:00:00,34.0,55,18.1,99,892.0,1006.0,0.0,34.8,51,17.3,100,909.0,1001.7,0.0,-0.7999999999999972,12,7,1
2023-07-08 13:00:00,34.2,55,15.8,97,852.0,1005.2,0.0,34.3,52,16.8,100,845.0,1001.1,0.0,-0.09999999999999432,13,7,1
2023-07-08 14:00:00,34.3,55,13.8,100,774.0,1004.3,0.0,34.7,50,15.8,100,660.0,1000.1,0.0,-0.4000000000000057,14,7,1
2023-07-08 15:00:00,32.7,59,13.8,100,583.0,1004.1,0.3,33.2,56,16.5,98,616.0,999.7,1.2,-0.5,15,7,1
2023-07-08 16:00:00,32.9,60,11.4,100,429.0,1003.7,0.0,32.8,57,10.9,99,306.0,999.6,0.0,0.10000000000000142,16,7,1
2023-07-08 17:00:00,31.9,63,12.3,100,249.0,1004.4,0.0,28.6,78,5.7,99,236.0,1000.4,0.0,3.299999999999997,17,7,1
2023-07-08 18:00:00,30.0,68,13.0,100,61.0,1005.0,0.0,29.2,76,10.7,100,64.0,1001.0,0.0,0.8000000000000007,18,7,1
2023-07-08 19:00:00,30.0,65,14.1,93,0.0,1005.7,0.0,29.7,69,9.8,88,0.0,1001.4,0.0,0.3000000000000007,19,7,0
2023-07-08 20:00:00,29.6,66,12.9,53,0.0,1006.5,0.0,29.2,72,6.1,73,0.0,1002.2,0.0,0.40000000000000213,20,7,0
2023-07-08 21:00:00,29.1,68,11.6,48,0.0,1006.5,0.0,28.6,74,5.2,48,0.0,1002.4,0.0,0.5,21,7,0
2023-07-08 22:00:00,28.5,70,9.3,41,0.0,1006.7,0.0,28.1,76,5.7,76,0.0,1002.5,0.0,0.3999999999999986,22,7,0
2023-07-08 23:00:00,27.9,73,7.7,98,0.0,1006.4,0.0,27.8,77,6.9,65,0.0,1002.2,0.0,0.09999999999999787,23,7,0
2023-07-09 00:00:00,27.6,75,7.6,100,0.0,1005.9,0.0,27.8,75,9.1,94,0.0,1001.7,0.0,-0.1999999999999993,0,7,0
2023-07-09 01:00:00,27.3,77,8.0,100,0.0,1005.3,0.0,27.8,72,11.0,99,0.0,1001.0,0.0,-0.5,1,7,0
2023-07-09 02:00:00,27.2,78,10.0,100,0.0,1005.0,0.0,27.6,72,11.0,98,0.0,1000.8,0.0,-0.40000000000000213,2,7,0
2023-07-09 03:00:00,27.3,76,10.8,100,0.0,1005.1,0.0,27.3,72,10.3,100,0.0,1000.9,0.0,0.0,3,7,0
2023-07-09 04:00:00,27.4,73,11.0,100,0.0,1005.2,0.0,27.1,73,10.2,98,0.0,1001.0,0.0,0.29999999999999716,4,7,0
2023-07-09 05:00:00,28.6,70,11.1,100,0.0,1005.9,0.0,28.4,69,10.9,88,0.0,1001.8,0.0,0.20000000000000284,5,7,0
2023-07-09 06:00:00,28.7,70,12.0,100,14.0,1006.1,0.0,28.7,70,9.7,87,10.0,1001.8,0.0,0.0,6,7,1
2023-07-09 07:00:00,29.6,70,11.4,94,138.0,1006.5,0.0,29.9,68,8.6,100,132.0,1002.4,0.0,-0.29999999999999716,7,7,1
2023-07-09 08:00:00,31.3,61,13.4,100,369.0,1006.9,0.0,31.6,59,12.8,99,339.0,1002.8,0.0,-0.3000000000000007,8,7,1
2023-07-09 09:00:00,32.4,56,13.4,100,561.0,1006.7,0.0,32.8,54,13.3,93,563.0,1002.5,0.0,-0.3999999999999986,9,7,1
2023-07-09 10:00:00,33.2,54,12.4,100,701.0,1006.3,0.0,33.9,51,13.0,100,730.0,1002.0,0.0,-0.6999999999999957,10,7,1
2023-07-09 11:00:00,34.2,51,12.4,100,837.0,1005.8,0.0,34.9,48,12.6,100,846.0,1001.5,0.0,-0.6999999999999957,11,7,1
2023-07-09 12:00:00,35.0,49,13.5,90,887.0,1004.8,0.0,35.3,47,13.3,91,879.0,1000.5,0.0,-0.29999999999999716,12,7,1
2023-07-09 13:00:00,35.3,48,15.5,94,855.0,1004.1,0.0,35.5,48,12.9,52,861.0,999.9,0.0,-0.20000000000000284,13,7,1
2023-07-09 14:00:00,33.8,54,15.4,54,665.0,1003.8,0.3,35.6,49,12.6,98,764.0,999.2,0.0,-1.8000000000000043,14,7,1
2023-07-09 15:00:00,33.4,57,10.9,74,609.0,1003.1,0.0,33.0,59,7.8,83,545.0,998.8,0.4,0.3999999999999986,15,7,1
2023-07-09 16:00:00,33.9,54,8.8,86,474.0,1002.4,0.0,33.5,57,3.2,93,406.0,998.2,0.0,0.3999999999999986,16,7,1
2023-07-09 17:00:00,28.9,80,13.9,94,256.0,1003.6,0.0,31.7,67,12.5,94,245.0,998.9,0.0,-2.8000000000000007,17,7,1
2023-07-09 18:00:00,28.2,81,6.1,100,57.0,1004.4,3.4,27.4,84,13.8,100,55.0,1000.2,16.4,0.8000000000000007,18,7,1
2023-07-09 19:00:00,27.6,86,12.6,100,0.0,1004.9,5.7,26.7,88,3.4,100,0.0,1001.4,4.5,0.9000000000000021,19,7,0
2023-07-09 20:00:00,26.9,87,12.6,100,0.0,1005.1,0.0,26.8,89,8.0,100,0.0,1001.0,0.8,0.09999999999999787,20,7,0
2023-07-09 21:00:00,26.9,84,16.2,100,0.0,1005.8,0.1,26.5,89,13.2,100,0.0,1001.8,0.0,0.3999999999999986,21,7,0
2023-07-09 22:00:00,26.5,88,11.4,100,0.0,1006.1,0.2,26.4,87,12.6,100,0.0,1001.9,0.0,0.10000000000000142,22,7,0
2023-07-09 23:00:00,26.4,89,8.4,100,0.0,1006.5,0.0,26.6,83,10.2,100,0.0,1002.0,0.0,-0.20000000000000284,23,7,0
2023-07-10 00:00:00,26.3,88,8.9,100,0.0,1005.6,0.0,26.3,83,10.5,100,0.0,1001.4,0.0,0.0,0,7,0
2023-07-10 01:00:00,26.3,85,11.0,99,0.0,1005.0,0.0,26.2,82,10.6,100,0.0,1000.8,0.0,0.10000000000000142,1,7,0
2023-07-10 02:00:00,26.0,86,4.2,100,0.0,1005.0,0.1,26.0,84,9.7,98,0.0,1000.6,2.3,0.0,2,7,0
2023-07-10 03:00:00,25.1,92,17.3,100,0.0,1005.2,9.1,25.0,92,9.7,100,0.0,1000.9,8.9,0.10000000000000142,3,7,0
2023-07-10 04:00:00,25.4,89,12.7,99,0.0,1004.9,0.0,25.4,90,9.2,100,0.0,1000.7,0.0,0.0,4,7,0
2023-07-10 05:00:00,26.2,89,4.5,100,0.0,1004.9,0.0,26.8,83,10.8,99,0.0,1000.3,0.3,-0.6000000000000014,5,7,0
2023-07-10 06:00:00,26.9,86,7.9,100,15.0,1005.3,0.1,27.2,83,9.1,98,16.0,1000.9,0.0,-0.3000000000000007,6,7,1
2023-07-10 07:00:00,27.9,84,7.3,100,122.0,1005.7,0.1,28.3,80,6.5,100,112.0,1001.4,0.0,-0.40000000000000213,7,7,1
2023-07-10 08:00:00,29.1,80,8.0,100,236.0,1006.2,0.0,30.3,71,9.7,100,278.0,1001.7,0.0,-1.1999999999999993,8,7,1
2023-07-10 09:00:00,29.0,80,1.6,100,288.0,1006.8,3.2,31.1,65,8.2,100,420.0,1002.5,0.2,-2.1000000000000014,9,7,1
2023-07-10 10:00:00,28.7,82,13.7,100,380.0,1007.0,6.5,28.0,79,5.8,100,206.0,1003.2,4.1,0.6999999999999993,10,7,1
2023-07-10 11:00:00,28.4,84,7.2,100,285.0,1006.3,0.0,26.7,92,6.2,100,97.0,1002.1,0.5,1.6999999999999993,11,7,1
2023-07-10 12:00:00,29.6,78,5.2,100,424.0,1005.5,0.2,28.9,81,6.6,100,396.0,1001.2,0.2,0.7000000000000028,12,7,1
2023-07-10 13:00:00,30.8,71,6.1,100,477.0,1004.8,0.2,30.1,74,6.7,100,431.0,1000.7,0.0,0.6999999999999993,13,7,1
2023-07-10 14:00:00,31.3,65,5.3,100,381.0,1003.9,0.0,30.7,70,5.8,100,361.0,999.8,0.0,0.6000000000000014,14,7,1
2023-07-10 15:00:00,31.3,64,6.4,100,382.0,1003.1,0.1,31.6,64,10.2,100,385.0,998.9,0.3,-0.3000000000000007,15,7,1
2023-07-10 16:00:00,31.1,66,5.5,100,256.0,1002.5,0.0,32.1,60,10.0,100,261.0,998.2,0.0,-1.0,16,7,1
2023-07-10 17:00:00,26.7,93,7.9,100,149.0,1004.1,0.0,27.4,92,4.0,100,142.0,999.8,0.1,-0.6999999999999993,17,7,1
2023-07-10 18:00:00,27.1,93,9.1,100,47.0,1004.1,0.1,27.7,93,7.7,100,35.0,1000.1,2.1,-0.5999999999999979,18,7,1
2023-07-10 19:00:00,27.0,95,9.2,100,0.0,1005.0,0.0,27.2,94,9.7,100,0.0,1000.7,0.4,-0.1999999999999993,19,7,0
2023-07-10 20:00:00,27.3,94,11.9,100,0.0,1005.8,0.1,26.8,95,8.7,100,0.0,1001.8,0.3,0.5,20,7,0
2023-07-10 21:00:00,27.0,95,10.8,100,0.0,1005.7,0.0,26.5,95,10.3,100,0.0,1001.6,0.1,0.5,21,7,0
2023-07-10 22:00:00,26.8,94,10.0,100,0.0,1006.0,0.0,26.3,94,10.8,100,0.0,1001.7,0.0,0.5,22,7,0
2023-07-10 23:00:00,26.3,95,8.7,100,0.0,1006.2,2.6,26.2,94,8.1,100,0.0,1001.8,0.0,0.10000000000000142,23,7,0
2023-07-11 00:00:00,25.9,96,10.0,100,0.0,1005.5,4.1,26.1,93,5.4,100,0.0,1001.3,0.1,-0.20000000000000284,0,7,0
2023-07-11 01:00:00,26.1,94,13.4,100,0.0,1004.6,1.5,26.0,93,9.0,100,0.0,1000.5,0.3,0.10000000000000142,1,7,0
2023-07-11 02:00:00,25.9,94,10.0,100,0.0,1004.3,1.1,25.5,94,11.8,100,0.0,1000.2,0.8,0.3999999999999986,2,7,0
2023-07-11 03:00:00,25.7,94,9.5,100,0.0,1004.1,0.9,25.4,94,8.7,100,0.0,999.7,2.3,0.3000000000000007,3,7,0
2023-07-11 04:00:00,25.7,94,12.8,100,0.0,1003.7,1.0,25.4,94,9.2,100,0.0,999.8,1.4,0.3000000000000007,4,7,0
2023-07-11 05:00:00,26.0,88,15.4,100,0.0,1003.8,1.5,25.9,89,14.1,100,0.0,999.6,0.3,0.10000000000000142,5,7,0
2023-07-11 06:00:00,26.5,86,16.7,100,13.0,1004.3,0.1,26.2,89,11.5,100,14.0,999.9,0.0,0.3000000000000007,6,7,1
2023-07-11 07:00:00,26.8,86,17.6,100,48.0,1005.3,0.4,27.0,88,7.6,100,67.0,1001.1,0.0,-0.1999999999999993,7,7,1
2023-07-11 08:00:00,26.9,85,17.5,100,84.0,1005.2,0.2,27.6,87,7.3,100,89.0,1001.1,0.0,-0.7000000000000028,8,7,1
2023-07-11 09:00:00,28.0,82,12.5,100,196.0,1005.2,0.0,29.1,79,11.5,100,210.0,1001.2,0.0,-1.1000000000000014,9,7,1
2023-07-11 10:00:00,28.8,77,13.5,100,239.0,1005.8,0.0,29.7,72,12.6,100,277.0,1001.7,0.4,-0.8999999999999986,10,7,1
2023-07-11 11:00:00,30.2,69,14.6,100,495.0,1005.2,0.0,29.9,71,12.7,100,266.0,1001.2,0.1,0.3000000000000007,11,7,1
2023-07-11 12:00:00,31.2,65,14.1,100,561.0,1004.7,0.0,30.3,68,12.3,100,388.0,1000.5,0.0,0.8999999999999986,12,7,1
2023-07-11 13:00:00,31.8,63,12.6,100,469.0,1004.0,0.0,30.4,66,12.9,100,368.0,999.9,0.0,1.4000000000000021,13,7,1
2023-07-11 14:00:00,31.3,66,13.3,100,354.0,1003.3,0.0,30.3,68,12.4,100,277.0,999.3,0.0,1.0,14,7,1
2023-07-11 15:00:00,31.1,68,11.7,100,293.0,1002.3,0.0,30.4,72,13.0,100,267.0,998.3,0.0,0.7000000000000028,15,7,1
2023-07-11 16:00:00,31.1,68,10.3,100,250.0,1002.1,0.0,31.0,71,11.4,100,336.0,998.1,0.0,0.10000000000000142,16,7,1
2023-07-11 17:00:00,30.8,72,7.2,100,179.0,1002.2,0.0,30.2,71,11.3,100,147.0,998.4,0.4,0.6000000000000014,17,7,1
2023-07-11 18:00:00,29.8,73,12.2,100,36.0,1002.8,0.0,29.4,72,11.2,100,47.0,998.7,0.0,0.40000000000000213,18,7,1
2023-07-11 19:00:00,29.3,75,12.4,100,0.0,1004.0,0.0,29.0,74,11.8,100,0.0,1000.0,0.0,0.3000000000000007,19,7,0
2023-07-11 20:00:00,28.9,76,14.3,100,0.0,1004.4,0.0,28.6,77,12.4,100,0.0,1000.3,0.0,0.29999999999999716,20,7,0
2023-07-11 21:00:00,28.7,77,14.0,100,0.0,1005.0,0.0,28.3,79,12.4,100,0.0,1000.8,0.0,0.3999999999999986,21,7,0
2023-07-11 22:00:00,28.3,80,13.0,100,0.0,1005.2,0.0,28.1,80,11.2,78,0.0,1001.1,0.0,0.1999999999999993,22,7,0
2023-07-11 23:00:00,27.8,83,7.1,100,0.0,1005.4,0.0,27.7,81,10.7,99,0.0,1001.0,0.0,0.10000000000000142,23,7,0
2023-07-12 00:00:00,27.0,86,2.6,100,0.0,1004.8,0.5,26.3,85,10.6,100,0.0,1000.4,2.6,0.6999999999999993,0,7,0
2023-07-12 01:00:00,25.3,92,12.3,100,0.0,1005.0,4.0,25.5,90,2.5,100,0.0,1000.5,6.3,-0.1999999999999993,1,7,0
2023-07-12 02:00:00,25.4,91,12.0,100,0.0,1004.6,0.7,25.4,92,7.9,100,0.0,1000.3,0.4,0.0,2,7,0
2023-07-12 03:00:00,24.8,93,8.7,100,0.0,1004.8,2.6,25.5,92,7.6,100,0.0,1000.0,0.3,-0.6999999999999993,3,7,0
2023-07-12 04:00:00,24.5,93,12.2,100,0.0,1004.4,1.3,25.2,93,6.9,100,0.0,1000.5,0.3,-0.6999999999999993,4,7,0
2023-07-12 05:00:00,25.7,88,9.1,100,0.0,1004.5,0.7,25.4,87,11.4,100,0.0,1000.0,0.3,0.3000000000000007,5,7,0
2023-07-12 06:00:00,24.8,92,15.1,100,5.0,1005.6,1.7,24.9,91,13.3,100,6.0,1001.1,2.9,-0.09999999999999787,6,7,1
2023-07-12 07:00:00,25.1,89,9.3,100,43.0,1005.5,0.4,25.1,91,10.7,100,24.0,1001.3,1.9,0.0,7,7,1
2023-07-12 08:00:00,26.1,88,10.5,100,167.0,1005.6,0.0,26.2,86,9.2,100,105.0,1001.3,0.2,-0.09999999999999787,8,7,1
2023-07-12 09:00:00,27.6,83,8.7,100,278.0,1006.0,0.0,28.1,78,7.7,100,257.0,1001.7,0.0,-0.5,9,7,1
2023-07-12 10:00:00,29.5,75,6.9,100,441.0,1005.7,0.0,30.3,70,9.0,100,424.0,1001.3,0.0,-0.8000000000000007,10,7,1
2023-07-12 11:00:00,31.2,68,9.3,100,678.0,1005.2,0.0,31.9,63,8.7,100,638.0,1000.9,0.0,-0.6999999999999993,11,7,1
2023-07-12 12:00:00,32.0,63,7.7,100,667.0,1004.3,0.0,33.0,58,6.6,100,719.0,1000.0,0.0,-1.0,12,7,1
2023-07-12 13:00:00,32.5,61,3.4,100,730.0,1003.4,0.0,33.7,56,5.1,100,789.0,998.9,0.0,-1.2000000000000028,13,7,1
2023-07-12 14:00:00,32.4,64,6.8,100,754.0,1002.8,0.0,33.5,57,3.3,100,723.0,998.3,0.0,-1.1000000000000014,14,7,1
2023-07-12 15:00:00,30.4,82,14.8,100,579.0,1002.0,1.6,31.4,67,9.0,100,541.0,997.8,0.7,-1.0,15,7,1
2023-07-12 16:00:00,29.7,83,10.6,100,366.0,1002.3,1.3,30.3,75,7.3,100,348.0,998.0,0.4,-0.6000000000000014,16,7,1
2023-07-12 17:00:00,28.2,84,9.5,100,186.0,1003.0,1.3,29.5,76,4.5,98,235.0,998.7,8.9,-1.3000000000000007,17,7,1
2023-07-12 18:00:00,27.7,85,7.9,100,37.0,1003.4,0.0,28.5,86,5.1,100,44.0,999.0,0.0,-0.8000000000000007,18,7,1
2023-07-12 19:00:00,27.0,85,7.6,100,0.0,1004.2,0.1,28.0,85,4.0,100,0.0,999.8,0.0,-1.0,19,7,0
2023-07-12 20:00:00,26.6,87,4.1,100,0.0,1004.9,0.0,27.4,89,5.8,100,0.0,1000.5,0.0,-0.7999999999999972,20,7,0
2023-07-12 21:00:00,26.4,92,6.1,100,0.0,1005.7,0.0,27.3,87,6.2,100,0.0,1001.5,0.0,-0.9000000000000021,21,7,0
2023-07-12 22:00:00,26.9,88,5.5,100,0.0,1006.2,0.0,26.9,85,7.1,97,0.0,1002.0,0.0,0.0,22,7,0
2023-07-12 23:00:00,27.1,88,9.2,100,0.0,1005.5,0.0,26.5,83,9.0,100,0.0,1001.4,0.0,0.6000000000000014,23,7,0
2023-07-13 00:00:00,26.8,86,11.0,100,0.0,1005.0,0.0,26.5,84,9.3,100,0.0,1000.7,0.0,0.3000000000000007,0,7,0
2023-07-13 01:00:00,26.4,86,8.1,100,0.0,1004.5,0.1,26.5,88,6.8,100,0.0,1000.2,0.0,-0.10000000000000142,1,7,0
2023-07-13 02:00:00,26.1,88,9.9,100,0.0,1004.0,0.0,26.7,90,11.2,100,0.0,999.7,0.0,-0.5999999999999979,2,7,0
2023-07-13 03:00:00,26.1,89,10.0,100,0.0,1003.7,0.0,26.9,86,11.8,100,0.0,999.4,0.0,-0.7999999999999972,3,7,0
2023-07-13 04:00:00,26.3,89,7.4,100,0.0,1004.2,0.0,26.5,87,10.4,100,0.0,999.8,0.0,-0.1999999999999993,4,7,0
2023-07-13 05:00:00,26.3,86,11.3,100,0.0,1004.6,0.0,26.1,89,9.8,100,0.0,1000.3,0.0,0.1999999999999993,5,7,0
2023-07-13 06:00:00,26.4,88,11.9,100,12.0,1005.2,0.0,26.4,89,9.9,100,11.0,1000.9,0.0,0.0,6,7,1
2023-07-13 07:00:00,27.1,87,11.0,100,99.0,1005.8,0.0,27.3,86,9.0,100,81.0,1001.5,0.0,-0.1999999999999993,7,7,1
2023-07-13 08:00:00,28.5,81,13.2,100,264.0,1006.0,0.0,28.8,78,11.5,100,250.0,1001.9,0.0,-0.3000000000000007,8,7,1
2023-07-13 09:00:00,30.1,73,14.3,100,443.0,1006.0,0.0,30.4,69,13.0,100,413.0,1001.8,0.0,-0.29999999999999716,9,7,1
2023-07-13 10:00:00,31.3,64,13.9,100,582.0,1005.8,0.0,31.9,60,14.2,100,659.0,1001.6,0.0,-0.5999999999999979,10,7,1
2023-07-13 11:00:00,31.9,62,14.0,100,622.0,1005.1,0.0,32.5,57,13.4,100,717.0,1000.9,0.0,-0.6000000000000014,11,7,1
2023-07-13 12:00:00,32.3,60,14.3,100,668.0,1004.6,0.0,33.0,56,13.4,100,748.0,1000.3,0.0,-0.7000000000000028,12,7,1
2023-07-13 13:00:00,32.5,59,12.7,100,681.0,1003.8,0.0,33.2,56,13.0,100,672.0,999.5,0.0,-0.7000000000000028,13,7,1
2023-07-13 14:00:00,32.6,59,10.7,100,594.0,1003.0,0.0,33.3,56,10.7,100,604.0,998.7,0.0,-0.6999999999999957,14,7,1
2023-07-13 15:00:00,32.7,59,9.4,97,558.0,1002.4,0.0,33.1,58,10.5,100,525.0,998.1,0.0,-0.3999999999999986,15,7,1
2023-07-13 16:00:00,31.7,65,13.0,69,405.0,1002.3,0.0,31.2,66,14.0,100,354.0,998.3,0.1,0.5,16,7,1
2023-07-13 17:00:00,30.1,82,11.9,16,238.0,1002.9,0.1,31.2,65,10.1,73,188.0,998.8,0.1,-1.0999999999999979,17,7,1
2023-07-13 18:00:00,29.5,82,8.1,100,64.0,1003.4,0.4,30.2,70,7.7,76,64.0,999.2,0.0,-0.6999999999999993,18,7,1
2023-07-13 19:00:00,28.4,89,5.5,83,0.0,1004.3,0.0,28.9,78,7.9,90,0.0,1000.1,0.0,-0.5,19,7,0
2023-07-13 20:00:00,28.5,85,9.3,92,0.0,1005.1,0.0,28.4,83,9.5,97,0.0,1000.9,0.0,0.10000000000000142,20,7,0
2023-07-13 21:00:00,28.2,85,13.5,82,0.0,1005.7,0.0,28.2,84,10.7,80,0.0,1001.5,0.0,0.0,21,7,0
2023-07-13 22:00:00,27.9,86,14.2,69,0.0,1006.0,0.0,28.0,83,10.5,79,0.0,1001.9,0.0,-0.10000000000000142,22,7,0
2023-07-13 23:00:00,27.8,84,14.1,37,0.0,1005.8,0.0,27.8,81,12.0,54,0.0,1001.7,0.0,0.0,23,7,0
2023-07-14 00:00:00,27.7,81,14.3,36,0.0,1005.2,0.0,27.6,78,13.0,56,0.0,1001.0,0.0,0.09999999999999787,0,7,0
2023-07-14 01:00:00,27.5,79,14.3,74,0.0,1004.9,0.0,27.5,76,13.0,62,0.0,1000.8,0.0,0.0,1,7,0
2023-07-14 02:00:00,27.2,77,14.0,99,0.0,1004.9,0.0,27.3,74,12.1,77,0.0,1000.8,0.0,-0.10000000000000142,2,7,0
2023-07-14 03:00:00,27.1,76,14.9,100,0.0,1004.6,0.0,27.0,74,11.7,96,0.0,1000.5,0.0,0.10000000000000142,3,7,0
2023-07-14 04:00:00,26.9,76,13.5,100,0.0,1004.9,0.0,26.6,76,10.1,99,0.0,1000.7,0.0,0.29999999999999716,4,7,0
2023-07-14 05:00:00,27.2,76,11.5,100,0.0,1005.8,0.0,27.4,75,9.9,99,0.0,1001.6,0.0,-0.1999999999999993,5,7,0
2023-07-14 06:00:00,27.4,77,12.5,100,13.0,1006.1,0.0,27.6,75,12.5,100,11.0,1001.9,0.0,-0.20000000000000284,6,7,1
2023-07-14 07:00:00,28.1,77,11.2,100,116.0,1006.7,0.0,27.8,76,12.5,100,104.0,1002.5,0.0,0.3000000000000007,7,7,1
2023-07-14 08:00:00,29.2,74,11.5,100,292.0,1006.9,0.0,28.8,73,12.4,100,247.0,1002.8,0.0,0.3999999999999986,8,7,1
2023-07-14 09:00:00,30.4,69,12.4,100,448.0,1007.1,0.0,30.7,65,13.3,100,437.0,1002.9,0.0,-0.3000000000000007,9,7,1
2023-07-14 10:00:00,31.5,63,13.0,100,598.0,1006.6,0.0,32.0,60,13.8,100,621.0,1002.5,0.0,-0.5,10,7,1
2023-07-14 11:00:00,32.5,59,12.6,100,725.0,1005.9,0.0,33.1,56,14.1,100,802.0,1001.8,0.0,-0.6000000000000014,11,7,1
2023-07-14 12:00:00,33.1,57,17.0,82,792.0,1005.1,0.2,33.8,56,15.6,97,832.0,1000.8,0.0,-0.6999999999999957,12,7,1
2023-07-14 13:00:00,33.7,58,14.0,8,821.0,1004.2,0.0,34.4,54,14.5,23,827.0,999.9,0.0,-0.6999999999999957,13,7,1
2023-07-14 14:00:00,33.9,56,13.0,15,748.0,1003.2,0.0,34.5,54,13.6,20,781.0,998.9,0.0,-0.6000000000000014,14,7,1
2023-07-14 15:00:00,33.9,55,11.0,21,604.0,1002.3,0.0,34.5,53,13.2,15,630.0,998.0,0.0,-0.6000000000000014,15,7,1
2023-07-14 16:00:00,32.2,64,8.4,14,422.0,1002.3,0.1,32.8,58,12.1,31,436.0,998.2,0.1,-0.5999999999999943,16,7,1
2023-07-14 17:00:00,33.1,58,8.9,15,244.0,1003.0,0.0,33.7,52,7.1,10,244.0,998.7,0.0,-0.6000000000000014,17,7,1
2023-07-14 18:00:00,31.1,68,12.6,53,67.0,1003.2,0.0,31.8,58,8.6,17,71.0,999.1,0.0,-0.6999999999999993,18,7,1
2023-07-14 19:00:00,29.4,79,16.8,67,0.0,1004.1,0.0,29.9,72,14.3,6,0.0,999.9,0.0,-0.5,19,7,0
2023-07-14 20:00:00,29.3,75,15.5,100,0.0,1005.2,0.0,29.3,72,11.9,33,0.0,1001.0,0.0,0.0,20,7,0
2023-07-14 21:00:00,29.2,76,16.5,97,0.0,1006.0,0.0,29.0,75,8.1,30,0.0,1002.0,0.0,0.1999999999999993,21,7,0
2023-07-14 22:00:00,29.2,77,15.5,58,0.0,1006.7,0.0,28.9,75,12.1,37,0.0,1002.7,0.0,0.3000000000000007,22,7,0
2023-07-14 23:00:00,28.8,77,12.8,52,0.0,1006.6,0.0,28.7,75,13.9,37,0.0,1002.5,0.0,0.10000000000000142,23,7,0
2023-07-15 00:00:00,28.6,74,13.7,83,0.0,1006.1,0.0,28.3,80,11.8,53,0.0,1001.9,0.0,0.3000000000000007,0,7,0
2023-07-15 01:00:00,28.2,75,12.7,53,0.0,1005.3,0.0,27.7,84,11.5,61,0.0,1001.3,0.0,0.5,1,7,0
2023-07-15 02:00:00,28.0,72,13.0,78,0.0,1004.6,0.0,27.4,81,12.5,18,0.0,1000.6,0.0,0.6000000000000014,2,7,0
2023-07-15 03:00:00,27.7,71,11.5,60,0.0,1004.8,0.0,27.1,77,12.0,52,0.0,1000.6,0.0,0.5999999999999979,3,7,0
2023-07-15 04:00:00,27.3,71,11.3,82,0.0,1005.0,0.0,26.9,74,11.7,61,0.0,1000.8,0.0,0.40000000000000213,4,7,0
2023-07-15 05:00:00,27.9,72,12.8,72,0.0,1005.1,0.0,27.6,74,11.3,69,0.0,1000.9,0.0,0.29999999999999716,5,7,0
2023-07-15 06:00:00,28.2,70,14.1,100,18.0,1005.5,0.0,28.2,71,12.9,71,17.0,1001.4,0.0,0.0,6,7,1
2023-07-15 07:00:00,29.3,70,13.1,100,160.0,1005.7,0.0,29.7,68,11.2,95,158.0,1001.6,0.0,-0.3999999999999986,7,7,1
2023-07-15 08:00:00,30.8,62,15.9,99,365.0,1006.3,0.0,31.2,58,17.3,94,362.0,1002.0,0.0,-0.3999999999999986,8,7,1
2023-07-15 09:00:00,31.7,58,18.2,100,554.0,1006.7,0.0,32.2,55,17.3,99,568.0,1002.5,0.0,-0.5000000000000036,9,7,1
2023-07-15 10:00:00,32.7,57,17.1,100,706.0,1006.7,0.0,33.3,53,16.5,100,722.0,1002.5,0.0,-0.5999999999999943,10,7,1
2023-07-15 11:00:00,33.6,55,15.4,100,841.0,1006.1,0.0,34.1,51,15.5,100,813.0,1001.9,0.0,-0.5,11,7,1
2023-07-15 12:00:00,34.3,54,16.3,100,879.0,1005.0,0.0,34.7,51,16.9,100,868.0,1000.8,0.0,-0.4000000000000057,12,7,1
2023-07-15 13:00:00,34.8,51,14.8,100,797.0,1003.6,0.0,34.9,49,15.6,100,837.0,999.4,0.0,-0.10000000000000142,13,7,1
2023-07-15 14:00:00,35.2,49,12.5,100,674.0,1002.6,0.0,35.1,48,13.3,100,709.0,998.4,0.0,0.10000000000000142,14,7,1
2023-07-15 15:00:00,35.1,48,10.0,100,557.0,1001.9,0.0,35.3,48,11.6,100,602.0,997.7,0.0,-0.19999999999999574,15,7,1
2023-07-15 16:00:00,34.8,49,6.9,100,366.0,1001.5,0.0,34.8,49,11.0,100,384.0,997.4,0.0,0.0,16,7,1
2023-07-15 17:00:00,34.2,51,2.3,100,213.0,1002.2,0.0,34.1,54,8.2,100,192.0,998.0,0.0,0.10000000000000142,17,7,1
2023-07-15 18:00:00,31.8,71,5.4,100,59.0,1002.7,0.0,32.7,57,10.0,100,65.0,998.5,0.0,-0.9000000000000021,18,7,1
2023-07-15 19:00:00,30.8,67,6.2,100,0.0,1003.5,0.0,31.5,58,8.7,100,0.0,999.4,0.0,-0.6999999999999993,19,7,0
2023-07-15 20:00:00,30.6,68,8.8,100,0.0,1004.3,0.0,30.4,64,8.8,100,0.0,1000.2,0.0,0.20000000000000284,20,7,0
2023-07-15 21:00:00,30.0,69,12.0,100,0.0,1004.9,0.0,29.8,70,10.9,100,0.0,1000.8,0.0,0.1999999999999993,21,7,0
2023-07-15 22:00:00,29.7,69,10.8,100,0.0,1005.4,0.0,29.3,73,8.0,100,0.0,1001.2,0.0,0.3999999999999986,22,7,0
2023-07-15 23:00:00,29.2,70,16.1,100,0.0,1005.7,0.0,29.3,70,9.4,100,0.0,1001.5,0.0,-0.10000000000000142,23,7,0
2023-07-16 00:00:00,28.5,74,14.8,100,0.0,1005.2,0.0,28.4,76,5.9,100,0.0,1001.1,0.4,0.10000000000000142,0,7,0
2023-07-16 01:00:00,28.1,76,9.3,100,0.0,1004.7,0.0,27.8,81,7.2,100,0.0,1000.5,0.0,0.3000000000000007,1,7,0
2023-07-16 02:00:00,27.7,79,8.3,100,0.0,1004.4,0.0,27.6,82,7.2,100,0.0,1000.1,0.0,0.09999999999999787,2,7,0
2023-07-16 03:00:00,27.5,80,8.9,100,0.0,1003.9,0.0,27.4,81,7.9,100,0.0,999.7,0.0,0.10000000000000142,3,7,0
2023-07-16 04:00:00,27.5,78,9.7,100,0.0,1004.1,0.0,27.3,81,7.9,100,0.0,999.9,0.0,0.1999999999999993,4,7,0
2023-07-16 05:00:00,28.4,74,10.8,98,0.0,1004.5,0.0,28.3,73,9.7,93,0.0,1000.6,0.0,0.09999999999999787,5,7,0
2023-07-16 06:00:00,28.8,72,9.2,100,12.0,1005.0,0.0,28.4,73,10.0,100,12.0,1000.9,0.0,0.40000000000000213,6,7,1
2023-07-16 07:00:00,28.9,74,7.8,100,68.0,1005.3,0.0,29.0,75,7.8,100,76.0,1001.2,0.0,-0.10000000000000142,7,7,1
2023-07-16 08:00:00,29.9,70,7.3,100,161.0,1005.6,0.0,30.3,70,8.5,100,180.0,1001.4,0.0,-0.40000000000000213,8,7,1
2023-07-16 09:00:00,31.7,59,15.0,100,402.0,1005.5,0.0,31.7,59,13.8,100,340.0,1001.5,0.0,0.0,9,7,1
2023-07-16 10:00:00,31.9,58,14.8,100,402.0,1005.6,0.0,32.5,56,13.3,100,473.0,1001.5,0.0,-0.6000000000000014,10,7,1
2023-07-16 11:00:00,32.4,58,13.1,100,483.0,1005.2,0.0,33.1,55,11.9,100,583.0,1001.0,0.0,-0.7000000000000028,11,7,1
2023-07-16 12:00:00,33.4,56,13.7,100,743.0,1004.2,0.0,33.9,54,12.3,100,722.0,1000.1,0.0,-0.5,12,7,1
2023-07-16 13:00:00,33.7,55,13.7,100,654.0,1003.4,0.0,33.9,54,13.0,100,623.0,999.1,0.0,-0.19999999999999574,13,7,1
2023-07-16 14:00:00,34.1,55,11.9,100,600.0,1002.8,0.0,34.4,53,10.4,100,609.0,998.4,0.0,-0.29999999999999716,14,7,1
2023-07-16 15:00:00,34.0,55,7.4,100,483.0,1002.2,0.0,34.4,53,9.6,100,498.0,998.0,0.0,-0.3999999999999986,15,7,1
2023-07-16 16:00:00,33.6,56,8.8,100,319.0,1001.7,0.0,34.0,55,10.9,100,395.0,997.5,0.0,-0.3999999999999986,16,7,1
2023-07-16 17:00:00,32.4,57,11.5,100,176.0,1002.7,1.0,31.6,65,5.7,100,189.0,998.5,6.2,0.7999999999999972,17,7,1
2023-07-16 18:00:00,30.8,65,4.0,100,48.0,1003.1,0.0,31.0,66,5.6,100,47.0,999.0,0.0,-0.1999999999999993,18,7,1
2023-07-16 19:00:00,30.1,67,7.6,100,0.0,1003.7,0.0,30.1,67,5.4,100,0.0,999.3,0.0,0.0,19,7,0
2023-07-16 20:00:00,29.9,70,8.0,100,0.0,1004.2,0.0,29.3,72,7.6,100,0.0,1000.1,0.0,0.5999999999999979,20,7,0
2023-07-16 21:00:00,29.5,72,9.8,100,0.0,1004.6,0.0,28.8,77,8.3,100,0.0,1000.5,0.0,0.6999999999999993,21,7,0
2023-07-16 22:00:00,29.1,72,12.6,97,0.0,1005.1,0.0,28.8,76,8.9,100,0.0,1001.1,0.0,0.3000000000000007,22,7,0
2023-07-16 23:00:00,29.0,71,14.8,97,0.0,1005.1,0.0,28.6,77,10.7,99,0.0,1001.1,0.0,0.3999999999999986,23,7,0
2023-07-17 00:00:00,28.6,72,12.7,100,0.0,1004.8,0.0,28.1,76,10.0,97,0.0,1000.7,0.0,0.5,0,7,0
2023-07-17 01:00:00,28.2,70,11.5,84,0.0,1004.2,0.0,27.8,76,7.7,96,0.0,1000.0,0.0,0.3999999999999986,1,7,0
2023-07-17 02:00:00,28.1,67,12.9,98,0.0,1003.5,0.0,27.6,74,8.9,100,0.0,999.4,0.0,0.5,2,7,0
2023-07-17 03:00:00,27.9,67,12.2,100,0.0,1003.2,0.0,27.3,71,9.0,100,0.0,999.1,0.0,0.5999999999999979,3,7,0
2023-07-17 04:00:00,27.7,67,11.1,100,0.0,1003.4,0.0,27.0,71,9.1,100,0.0,999.4,0.0,0.6999999999999993,4,7,0
2023-07-17 05:00:00,28.1,68,9.8,100,0.0,1003.8,0.0,27.5,74,8.4,100,0.0,999.6,0.0,0.6000000000000014,5,7,0
2023-07-17 06:00:00,28.5,68,11.1,41,15.0,1004.3,0.0,28.2,70,10.2,92,13.0,1000.2,0.0,0.3000000000000007,6,7,1
2023-07-17 07:00:00,29.6,67,11.5,43,160.0,1005.1,0.0,29.7,66,11.0,95,143.0,1000.9,0.0,-0.09999999999999787,7,7,1
2023-07-17 08:00:00,31.0,62,14.5,35,366.0,1005.2,0.0,31.4,57,15.7,68,361.0,1001.1,0.0,-0.3999999999999986,8,7,1
2023-07-17 09:00:00,32.3,56,15.9,82,574.0,1005.1,0.0,32.6,54,15.9,73,574.0,1001.0,0.0,-0.30000000000000426,9,7,1
2023-07-17 10:00:00,33.3,54,14.1,99,722.0,1004.7,0.0,33.6,52,14.1,84,747.0,1000.6,0.0,-0.30000000000000426,10,7,1
2023-07-17 11:00:00,34.0,53,13.7,100,786.0,1004.2,0.0,34.6,50,13.6,98,843.0,1000.0,0.0,-0.6000000000000014,11,7,1
2023-07-17 12:00:00,34.6,52,14.5,99,801.0,1003.5,0.0,35.1,50,14.7,100,852.0,999.3,0.0,-0.5,12,7,1
2023-07-17 13:00:00,35.3,51,15.1,100,826.0,1002.2,0.0,35.8,49,15.6,100,834.0,998.1,0.0,-0.5,13,7,1
2023-07-17 14:00:00,35.7,49,12.6,100,732.0,1001.2,0.0,35.5,50,16.6,100,760.0,997.2,0.0,0.20000000000000284,14,7,1
2023-07-17 15:00:00,34.7,51,6.1,100,561.0,1000.3,0.0,35.2,50,13.5,100,556.0,996.2,0.0,-0.5,15,7,1
2023-07-17 16:00:00,31.7,70,12.4,100,358.0,1000.3,1.1,34.2,52,9.2,100,317.0,996.0,0.0,-2.5000000000000036,16,7,1
2023-07-17 17:00:00,29.0,74,10.8,100,171.0,1001.7,0.0,28.1,84,11.6,100,114.0,997.1,1.2,0.8999999999999986,17,7,1
2023-07-17 18:00:00,28.7,79,15.9,97,58.0,1002.1,0.0,29.1,77,9.8,96,33.0,997.9,0.0,-0.40000000000000213,18,7,1
2023-07-17 19:00:00,29.2,73,11.2,100,0.0,1002.8,0.0,29.0,74,10.2,77,0.0,998.6,0.0,0.1999999999999993,19,7,0
2023-07-17 20:00:00,28.8,80,8.8,100,0.0,1003.7,0.0,28.6,83,8.8,100,0.0,999.3,0.0,0.1999999999999993,20,7,0
2023-07-17 21:00:00,28.6,84,3.2,100,0.0,1004.6,0.0,28.8,81,9.9,100,0.0,1000.0,0.0,-0.1999999999999993,21,7,0
2023-07-17 22:00:00,28.6,81,6.0,100,0.0,1004.8,0.0,28.4,84,5.7,100,0.0,1000.4,0.0,0.20000000000000284,22,7,0
2023-07-17 23:00:00,29.0,75,10.7,100,0.0,1004.2,0.0,27.6,87,6.2,100,0.0,1000.2,0.0,1.3999999999999986,23,7,0
2023-07-18 00:00:00,28.6,75,11.9,100,0.0,1003.8,0.0,27.9,83,7.9,100,0.0,999.7,0.0,0.7000000000000028,0,7,0
2023-07-18 01:00:00,28.6,73,11.0,100,0.0,1003.2,0.0,28.0,79,10.6,100,0.0,999.0,0.0,0.6000000000000014,1,7,0
2023-07-18 02:00:00,28.0,74,10.2,100,0.0,1002.5,0.0,27.7,76,10.8,100,0.0,998.4,0.0,0.3000000000000007,2,7,0
2023-07-18 03:00:00,27.7,76,12.0,100,0.0,1002.4,0.0,27.3,75,10.2,100,0.0,998.2,0.0,0.3999999999999986,3,7,0
2023-07-18 04:00:00,28.0,70,13.3,100,0.0,1002.8,0.0,27.2,73,8.5,100,0.0,998.6,0.0,0.8000000000000007,4,7,0
2023-07-18 05:00:00,28.4,63,13.4,100,0.0,1003.1,0.0,28.4,62,10.8,100,0.0,998.9,0.0,0.0,5,7,0
2023-07-18 06:00:00,29.0,61,18.2,100,16.0,1003.3,0.0,28.5,64,11.4,100,14.0,999.3,0.0,0.5,6,7,1
2023-07-18 07:00:00,30.0,60,17.4,100,137.0,1004.1,0.0,29.8,64,11.8,100,125.0,999.9,0.0,0.1999999999999993,7,7,1
2023-07-18 08:00:00,30.8,58,17.3,100,241.0,1004.4,0.0,30.9,56,16.2,100,242.0,1000.4,0.0,-0.09999999999999787,8,7,1
2023-07-18 09:00:00,31.8,56,18.1,100,427.0,1004.6,0.0,31.7,55,16.5,100,380.0,1000.5,0.0,0.10000000000000142,9,7,1
2023-07-18 10:00:00,32.8,54,17.4,100,593.0,1004.5,0.0,32.7,53,16.1,100,517.0,1000.3,0.0,0.09999999999999432,10,7,1
2023-07-18 11:00:00,33.5,53,19.4,100,677.0,1004.0,0.0,32.8,54,18.0,100,428.0,1000.0,0.0,0.7000000000000028,11,7,1
2023-07-18 12:00:00,33.9,50,23.9,100,744.0,1003.0,0.1,33.7,50,19.7,100,513.0,998.9,0.0,0.19999999999999574,12,7,1
2023-07-18 13:00:00,35.1,48,19.7,100,754.0,1001.8,0.0,34.4,48,20.0,100,630.0,997.8,0.0,0.7000000000000028,13,7,1
2023-07-18 14:00:00,35.6,44,19.8,100,667.0,1000.6,0.0,35.0,46,20.0,100,511.0,996.7,0.0,0.6000000000000014,14,7,1
2023-07-18 15:00:00,36.1,41,18.3,100,527.0,999.6,0.0,36.0,42,19.9,98,565.0,995.7,0.0,0.10000000000000142,15,7,1
2023-07-18 16:00:00,35.6,44,12.3,100,408.0,999.2,0.0,35.9,41,17.8,100,339.0,995.1,0.0,-0.29999999999999716,16,7,1
2023-07-18 17:00:00,33.7,51,11.9,99,146.0,999.8,0.0,34.2,49,7.4,100,225.0,995.7,0.0,-0.5,17,7,1
2023-07-18 18:00:00,31.8,59,7.3,100,25.0,1000.2,0.0,32.4,50,8.0,100,41.0,995.9,0.0,-0.5999999999999979,18,7,1
2023-07-18 19:00:00,31.7,57,4.7,100,0.0,1001.3,0.0,31.2,56,11.8,100,0.0,996.9,0.0,0.5,19,7,0
2023-07-18 20:00:00,29.7,67,3.7,91,0.0,1002.3,0.0,31.1,54,8.4,100,0.0,997.9,0.0,-1.4000000000000021,20,7,0
2023-07-18 21:00:00,29.0,77,4.6,100,0.0,1002.9,0.0,30.5,53,7.4,99,0.0,998.6,0.0,-1.5,21,7,0
2023-07-18 22:00:00,28.8,82,1.1,100,0.0,1003.2,0.0,30.1,54,7.8,100,0.0,999.1,0.0,-1.3000000000000007,22,7,0
2023-07-18 23:00:00,29.0,73,8.9,100,0.0,1003.3,0.0,30.1,53,10.9,100,0.0,999.1,0.0,-1.1000000000000014,23,7,0
2023-07-19 00:00:00,30.1,55,17.0,100,0.0,1002.7,0.0,29.2,56,9.0,100,0.0,998.6,0.0,0.9000000000000021,0,7,0
2023-07-19 01:00:00,30.0,54,17.2,100,0.0,1002.2,0.0,28.2,60,9.2,100,0.0,998.2,0.0,1.8000000000000007,1,7,0
2023-07-19 02:00:00,29.9,55,17.1,100,0.0,1001.8,0.0,28.2,60,12.2,100,0.0,997.8,0.0,1.6999999999999993,2,7,0
2023-07-19 03:00:00,29.2,57,16.2,100,0.0,1001.6,0.0,28.2,61,13.5,100,0.0,997.5,0.0,1.0,3,7,0
2023-07-19 04:00:00,28.9,58,14.7,100,0.0,1001.6,0.0,28.2,62,14.4,100,0.0,997.6,0.0,0.6999999999999993,4,7,0
2023-07-19 05:00:00,29.5,55,16.6,100,0.0,1001.5,0.0,28.2,62,12.0,100,0.0,997.5,0.0,1.3000000000000007,5,7,0
2023-07-19 06:00:00,29.4,57,15.3,100,11.0,1002.2,0.0,28.3,64,12.9,100,11.0,998.0,0.0,1.0999999999999979,6,7,1
2023-07-19 07:00:00,29.4,60,12.4,100,69.0,1002.8,0.0,29.0,63,12.3,100,85.0,998.5,0.0,0.3999999999999986,7,7,1
2023-07-19 08:00:00,29.4,62,12.5,100,80.0,1003.3,0.0,29.5,63,11.6,100,133.0,999.1,0.0,-0.10000000000000142,8,7,1
2023-07-19 09:00:00,30.7,58,13.6,100,280.0,1003.4,0.0,30.8,58,13.7,100,261.0,999.4,0.0,-0.10000000000000142,9,7,1
2023-07-19 10:00:00,33.1,50,19.3,89,630.0,1003.4,0.0,33.3,48,23.4,100,643.0,999.3,0.0,-0.19999999999999574,10,7,1
2023-07-19 11:00:00,34.4,44,22.9,83,743.0,1002.4,0.0,34.0,46,23.2,96,662.0,998.4,0.0,0.3999999999999986,11,7,1
2023-07-19 12:00:00,35.3,42,27.8,97,822.0,1001.4,0.0,34.4,46,23.7,100,846.0,997.6,0.0,0.8999999999999986,12,7,1
2023-07-19 13:00:00,35.5,41,26.1,100,774.0,1000.4,0.0,35.2,43,21.6,99,782.0,996.5,0.0,0.29999999999999716,13,7,1
2023-07-19 14:00:00,35.9,39,24.9,100,717.0,999.3,0.0,35.1,42,19.3,100,597.0,995.4,0.0,0.7999999999999972,14,7,1
2023-07-19 15:00:00,36.3,38,21.8,83,591.0,998.5,0.0,34.9,42,18.5,99,505.0,994.8,0.1,1.3999999999999986,15,7,1
2023-07-19 16:00:00,34.7,41,25.9,96,418.0,998.7,0.1,33.9,45,21.4,100,368.0,994.7,0.0,0.8000000000000043,16,7,1
2023-07-19 17:00:00,31.6,61,9.8,70,137.0,999.6,0.0,33.4,46,10.1,95,163.0,995.1,0.1,-1.7999999999999972,17,7,1
2023-07-19 18:00:00,29.7,59,16.9,94,55.0,1000.9,0.2,31.1,52,15.3,100,53.0,996.3,0.0,-1.4000000000000021,18,7,1
2023-07-19 19:00:00,28.5,63,18.9,100,0.0,1001.7,0.1,28.6,63,8.9,100,0.0,997.4,0.0,-0.10000000000000142,19,7,0
2023-07-19 20:00:00,29.0,65,14.0,98,0.0,1001.8,0.0,27.4,71,6.9,99,0.0,997.7,0.0,1.6000000000000014,20,7,0
2023-07-19 21:00:00,28.3,68,12.6,93,0.0,1002.7,0.0,28.3,67,11.2,100,0.0,998.5,0.0,0.0,21,7,0
2023-07-19 22:00:00,28.4,65,12.5,100,0.0,1002.8,0.0,30.4,53,15.3,100,0.0,998.7,0.0,-2.0,22,7,0
2023-07-19 23:00:00,29.3,59,14.3,100,0.0,1002.5,0.0,29.7,55,15.3,91,0.0,998.5,0.0,-0.3999999999999986,23,7,0
2023-07-20 00:00:00,29.8,55,19.1,99,0.0,1001.8,0.0,29.4,55,16.9,100,0.0,997.8,0.0,0.40000000000000213,0,7,0
2023-07-20 01:00:00,29.4,55,21.4,96,0.0,1001.5,0.0,29.0,57,17.0,98,0.0,997.5,0.0,0.3999999999999986,1,7,0
2023-07-20 02:00:00,28.8,57,19.1,96,0.0,1001.2,0.0,28.4,59,14.8,68,0.0,997.1,0.0,0.40000000000000213,2,7,0
2023-07-20 03:00:00,28.5,58,19.3,100,0.0,1001.1,0.0,27.6,63,13.2,97,0.0,997.1,0.0,0.8999999999999986,3,7,0
2023-07-20 04:00:00,28.3,59,18.0,100,0.0,1001.2,0.0,27.4,63,14.8,100,0.0,997.1,0.0,0.9000000000000021,4,7,0
2023-07-20 05:00:00,28.4,60,15.1,100,0.0,1001.1,0.0,27.7,64,11.7,100,0.0,997.1,0.0,0.6999999999999993,5,7,0
2023-07-20 06:00:00,28.7,60,17.3,100,12.0,1001.6,0.0,28.2,63,13.8,100,11.0,997.6,0.0,0.5,6,7,1
2023-07-20 07:00:00,29.0,62,15.9,100,70.0,1002.4,0.0,29.2,61,15.8,100,105.0,998.2,0.0,-0.1999999999999993,7,7,1
2023-07-20 08:00:00,29.5,61,15.3,100,126.0,1003.2,0.0,30.0,61,12.2,100,162.0,998.9,0.0,-0.5,8,7,1
2023-07-20 09:00:00,30.3,60,13.5,100,221.0,1003.0,0.0,32.1,52,17.8,91,440.0,998.9,0.0,-1.8000000000000007,9,7,1
2023-07-20 10:00:00,31.7,55,15.9,100,380.0,1002.4,0.0,32.5,51,19.5,83,420.0,998.2,0.0,-0.8000000000000007,10,7,1
2023-07-20 11:00:00,33.5,50,22.4,100,719.0,1002.0,0.0,33.2,49,23.7,96,529.0,998.2,0.0,0.29999999999999716,11,7,1
2023-07-20 12:00:00,34.1,45,24.6,100,506.0,1001.4,0.0,33.8,48,22.6,100,617.0,997.6,0.0,0.30000000000000426,12,7,1
2023-07-20 13:00:00,35.6,39,24.1,100,572.0,1000.0,0.0,35.1,42,21.1,91,664.0,996.2,0.0,0.5,13,7,1
2023-07-20 14:00:00,36.2,37,29.2,100,705.0,998.8,0.0,36.3,37,20.5,100,674.0,994.8,0.0,-0.09999999999999432,14,7,1
2023-07-20 15:00:00,36.0,38,28.7,100,589.0,998.3,0.0,36.3,36,25.7,99,476.0,994.1,0.0,-0.29999999999999716,15,7,1
2023-07-20 16:00:00,35.4,43,19.1,100,341.0,998.3,0.0,35.4,41,21.3,78,365.0,994.2,0.0,0.0,16,7,1
2023-07-20 17:00:00,34.1,48,14.5,97,145.0,998.5,0.0,33.8,46,12.7,97,180.0,994.4,0.0,0.30000000000000426,17,7,1
2023-07-20 18:00:00,33.0,48,16.8,100,50.0,999.4,0.0,32.6,48,11.0,99,54.0,995.0,0.0,0.3999999999999986,18,7,1
2023-07-20 19:00:00,33.2,45,15.9,100,0.0,1000.6,0.0,31.9,54,7.3,100,0.0,996.5,0.0,1.3000000000000043,19,7,0
2023-07-20 20:00:00,33.1,44,17.7,100,0.0,1001.7,0.0,31.4,56,6.8,100,0.0,997.6,0.0,1.7000000000000028,20,7,0
2023-07-20 21:00:00,32.4,48,16.8,100,0.0,1003.0,0.0,32.4,45,16.2,100,0.0,998.6,0.0,0.0,21,7,0
2023-07-20 22:00:00,31.5,50,19.4,100,0.0,1003.3,0.0,31.8,47,13.7,100,0.0,999.0,0.0,-0.3000000000000007,22,7,0
2023-07-20 23:00:00,30.6,54,17.6,100,0.0,1002.9,0.0,30.5,52,10.2,100,0.0,998.9,0.0,0.10000000000000142,23,7,0
2023-07-21 00:00:00,30.1,56,14.8,100,0.0,1002.5,0.0,30.4,51,16.6,100,0.0,998.5,0.0,-0.29999999999999716,0,7,0
2023-07-21 01:00:00,29.6,58,14.3,100,0.0,1002.3,0.0,30.2,52,15.3,100,0.0,998.3,0.0,-0.5999999999999979,1,7,0
2023-07-21 02:00:00,29.9,54,21.7,100,0.0,1001.9,0.0,29.5,55,13.1,100,0.0,997.7,0.0,0.3999999999999986,2,7,0
2023-07-21 03:00:00,29.5,55,18.9,100,0.0,1001.4,0.0,29.0,55,15.4,99,0.0,997.2,0.0,0.5,3,7,0
2023-07-21 04:00:00,29.1,56,17.1,100,0.0,1001.7,0.0,28.4,57,13.2,100,0.0,997.6,0.0,0.7000000000000028,4,7,0
2023-07-21 05:00:00,29.4,56,17.6,100,0.0,1001.3,0.0,29.9,54,15.6,100,0.0,997.3,0.0,-0.5,5,7,0
2023-07-21 06:00:00,29.5,57,15.1,100,14.0,1001.9,0.0,29.1,59,11.2,100,8.0,997.8,0.0,0.3999999999999986,6,7,1
2023-07-21 07:00:00,30.1,57,14.7,100,92.0,1003.0,0.0,29.1,62,9.0,100,92.0,998.9,0.0,1.0,7,7,1
2023-07-21 08:00:00,31.2,54,15.8,100,257.0,1003.0,0.0,30.7,58,12.5,100,272.0,999.1,0.0,0.5,8,7,1
2023-07-21 09:00:00,31.7,52,19.3,98,302.0,1003.2,0.0,32.5,50,17.7,100,533.0,999.0,0.0,-0.8000000000000007,9,7,1
2023-07-21 10:00:00,33.1,49,21.7,100,637.0,1003.2,0.0,33.7,47,21.8,100,683.0,999.1,0.0,-0.6000000000000014,10,7,1
2023-07-21 11:00:00,33.7,46,24.9,100,490.0,1002.9,0.0,35.8,39,27.1,100,813.0,998.4,0.0,-2.0999999999999943,11,7,1
2023-07-21 12:00:00,35.5,41,24.9,100,753.0,1002.2,0.0,37.1,36,23.4,100,837.0,997.7,0.0,-1.6000000000000014,12,7,1
2023-07-21 13:00:00,36.0,41,24.0,100,799.0,1001.3,0.0,36.0,38,28.5,100,810.0,997.3,0.2,0.0,13,7,1
2023-07-21 14:00:00,35.8,40,24.4,100,613.0,1000.4,0.0,36.4,38,22.3,100,592.0,996.2,0.0,-0.6000000000000014,14,7,1
2023-07-21 15:00:00,35.5,41,24.4,100,482.0,1000.0,0.0,36.2,37,21.3,100,504.0,995.8,0.0,-0.7000000000000028,15,7,1
2023-07-21 16:00:00,34.6,44,23.0,100,306.0,1000.3,0.0,35.5,40,18.7,100,277.0,995.9,0.0,-0.8999999999999986,16,7,1
2023-07-21 17:00:00,34.5,47,16.6,100,176.0,1000.5,0.0,34.8,43,19.2,100,166.0,996.2,0.0,-0.29999999999999716,17,7,1
2023-07-21 18:00:00,33.3,46,27.0,95,67.0,1001.3,0.0,32.9,49,14.1,100,52.0,997.3,0.0,0.3999999999999986,18,7,1
2023-07-21 19:00:00,32.3,47,24.8,100,0.0,1002.1,0.0,30.9,58,5.5,100,0.0,997.9,0.0,1.3999999999999986,19,7,0
2023-07-21 20:00:00,31.5,51,20.9,100,0.0,1003.2,0.0,30.1,62,5.2,100,0.0,998.9,0.0,1.3999999999999986,20,7,0
2023-07-21 21:00:00,30.8,55,16.2,100,0.0,1004.2,0.0,30.5,59,5.7,100,0.0,1000.0,0.0,0.3000000000000007,21,7,0
2023-07-21 22:00:00,30.2,59,14.7,100,0.0,1004.4,0.0,29.5,65,4.1,100,0.0,1000.3,0.0,0.6999999999999993,22,7,0
2023-07-21 23:00:00,29.8,62,12.6,100,0.0,1004.6,0.0,30.7,54,15.3,100,0.0,1000.3,0.0,-0.8999999999999986,23,7,0
2023-07-22 00:00:00,29.5,63,13.4,100,0.0,1004.1,0.0,30.7,53,18.2,100,0.0,999.9,0.0,-1.1999999999999993,0,7,0
2023-07-22 01:00:00,29.2,64,14.4,100,0.0,1003.8,0.0,30.1,56,16.7,98,0.0,999.5,0.0,-0.9000000000000021,1,7,0
2023-07-22 02:00:00,28.8,65,17.7,99,0.0,1003.4,0.0,29.4,59,17.6,99,0.0,999.1,0.0,-0.5999999999999979,2,7,0
2023-07-22 03:00:00,27.9,67,18.8,100,0.0,1003.2,0.0,28.3,63,18.1,100,0.0,999.0,0.0,-0.40000000000000213,3,7,0
2023-07-22 04:00:00,27.8,68,18.4,100,0.0,1003.5,0.0,26.8,73,16.9,100,0.0,999.5,0.0,1.0,4,7,0
2023-07-22 05:00:00,29.5,58,14.8,100,0.0,1003.4,0.0,29.5,57,11.4,100,0.0,999.3,0.1,0.0,5,7,0
2023-07-22 06:00:00,30.0,56,19.2,100,12.0,1003.8,0.0,29.7,57,14.8,99,11.0,999.9,0.0,0.3000000000000007,6,7,1
2023-07-22 07:00:00,30.2,57,19.7,100,110.0,1004.4,0.0,30.3,56,17.4,100,131.0,1000.3,0.0,-0.10000000000000142,7,7,1
2023-07-22 08:00:00,30.3,58,16.2,100,179.0,1004.7,0.0,31.0,55,18.5,100,293.0,1000.6,0.0,-0.6999999999999993,8,7,1
2023-07-22 09:00:00,31.4,55,15.1,100,372.0,1004.8,0.0,31.9,53,18.9,100,427.0,1000.7,0.0,-0.5,9,7,1
2023-07-22 10:00:00,32.4,52,13.4,100,512.0,1004.9,0.0,32.3,51,19.5,100,375.0,1000.8,0.0,0.10000000000000142,10,7,1
2023-07-22 11:00:00,33.0,50,17.3,100,320.0,1005.0,0.0,31.9,54,18.4,100,285.0,1001.2,0.0,1.1000000000000014,11,7,1
2023-07-22 12:00:00,34.4,45,22.4,100,438.0,1004.2,0.0,31.8,55,15.3,100,270.0,1000.7,0.0,2.599999999999998,12,7,1
2023-07-22 13:00:00,33.6,49,17.1,100,556.0,1003.4,1.0,32.3,54,16.1,100,416.0,999.5,0.0,1.3000000000000043,13,7,1
2023-07-22 14:00:00,34.6,44,23.9,100,552.0,1002.6,0.0,33.2,52,14.8,100,537.0,998.7,0.0,1.3999999999999986,14,7,1
2023-07-22 15:00:00,33.7,48,19.1,100,430.0,1002.3,0.0,33.6,48,14.8,100,320.0,998.1,0.0,0.10000000000000142,15,7,1
2023-07-22 16:00:00,33.4,48,17.1,100,257.0,1002.0,0.0,33.9,47,13.4,100,262.0,997.7,0.0,-0.5,16,7,1
2023-07-22 17:00:00,31.9,62,4.3,100,164.0,1003.0,0.0,30.5,69,3.3,100,158.0,999.1,3.5,1.3999999999999986,17,7,1
2023-07-22 18:00:00,30.3,67,4.4,100,34.0,1003.6,0.1,30.1,72,0.4,100,31.0,999.2,0.0,0.1999999999999993,18,7,1
2023-07-22 19:00:00,30.3,64,11.9,100,0.0,1004.3,0.0,29.7,72,7.2,100,0.0,1000.2,0.0,0.6000000000000014,19,7,0
2023-07-22 20:00:00,30.2,60,21.5,100,0.0,1005.3,0.0,29.6,61,18.8,100,0.0,1001.2,0.0,0.5999999999999979,20,7,0
2023-07-22 21:00:00,30.2,58,22.8,100,0.0,1006.1,0.0,29.1,64,13.0,100,0.0,1001.9,0.0,1.0999999999999979,21,7,0
2023-07-22 22:00:00,29.9,59,18.3,100,0.0,1005.8,0.0,29.5,60,16.3,100,0.0,1001.6,0.0,0.3999999999999986,22,7,0
2023-07-22 23:00:00,29.3,62,15.7,100,0.0,1005.9,0.0,29.5,60,13.8,100,0.0,1001.7,0.0,-0.1999999999999993,23,7,0
2023-07-23 00:00:00,29.2,62,17.7,100,0.0,1005.4,0.0,29.3,60,14.8,100,0.0,1001.2,0.0,-0.10000000000000142,0,7,0
2023-07-23 01:00:00,28.0,69,19.1,100,0.0,1004.7,0.2,28.9,62,13.0,100,0.0,1000.5,0.0,-0.8999999999999986,1,7,0
2023-07-23 02:00:00,26.1,85,17.4,100,0.0,1004.2,1.0,28.5,64,11.7,100,0.0,1000.0,0.0,-2.3999999999999986,2,7,0
2023-07-23 03:00:00,25.9,86,15.9,100,0.0,1004.3,1.0,27.9,67,10.7,100,0.0,1000.1,0.0,-2.0,3,7,0
2023-07-23 04:00:00,25.7,87,14.7,100,0.0,1004.7,0.9,27.5,69,8.9,100,0.0,1000.4,0.0,-1.8000000000000007,4,7,0
2023-07-23 05:00:00,26.1,88,11.9,100,0.0,1004.8,1.5,27.0,79,7.1,100,0.0,1000.6,0.1,-0.8999999999999986,5,7,0
2023-07-23 06:00:00,26.2,89,14.7,100,6.0,1005.0,0.6,27.4,77,8.0,100,7.0,1000.9,0.0,-1.1999999999999993,6,7,1
2023-07-23 07:00:00,26.7,85,16.7,100,44.0,1005.5,0.3,28.6,73,7.8,100,95.0,1001.3,0.0,-1.9000000000000021,7,7,1
2023-07-23 08:00:00,27.2,83,15.9,100,100.0,1005.7,0.5,29.3,70,8.7,100,144.0,1001.4,0.1,-2.1000000000000014,8,7,1
2023-07-23 09:00:00,28.0,80,14.8,100,206.0,1006.1,0.2,29.2,70,13.0,100,161.0,1001.9,0.5,-1.1999999999999993,9,7,1
2023-07-23 10:00:00,28.4,79,15.2,100,258.0,1006.3,0.5,27.9,83,8.4,100,146.0,1002.3,0.8,0.5,10,7,1
2023-07-23 11:00:00,28.4,77,14.1,100,197.0,1005.8,0.6,28.4,81,10.0,100,284.0,1001.6,0.8,0.0,11,7,1
2023-07-23 12:00:00,28.7,79,16.0,100,289.0,1004.8,0.4,29.4,71,8.1,100,209.0,1000.7,0.3,-0.6999999999999993,12,7,1
2023-07-23 13:00:00,28.8,80,13.6,100,223.0,1004.2,0.2,28.9,76,6.9,100,229.0,999.9,0.7,-0.09999999999999787,13,7,1
2023-07-23 14:00:00,28.6,82,11.1,100,205.0,1003.2,0.3,29.6,73,2.3,100,158.0,998.8,0.0,-1.0,14,7,1
2023-07-23 15:00:00,29.0,81,10.2,100,190.0,1002.5,0.4,29.9,74,5.0,100,125.0,998.2,0.0,-0.8999999999999986,15,7,1
2023-07-23 16:00:00,28.8,79,16.4,100,121.0,1002.4,0.3,30.2,73,1.9,100,116.0,998.4,0.0,-1.3999999999999986,16,7,1
2023-07-23 17:00:00,28.3,86,7.9,100,78.0,1003.8,0.1,29.6,72,10.1,100,49.0,999.5,0.0,-1.3000000000000007,17,7,1
2023-07-23 18:00:00,25.8,92,19.6,100,46.0,1004.7,0.3,28.0,81,9.2,100,42.0,1000.0,0.2,-2.1999999999999993,18,7,1
2023-07-23 19:00:00,25.9,91,14.6,100,0.0,1004.7,1.8,26.1,91,12.0,99,0.0,1000.8,1.6,-0.20000000000000284,19,7,0
2023-07-23 20:00:00,26.0,90,14.2,100,0.0,1005.2,0.0,26.3,93,10.9,83,0.0,1001.1,0.0,-0.3000000000000007,20,7,0
2023-07-23 21:00:00,26.3,90,15.0,100,0.0,1006.0,0.0,26.2,93,9.8,92,0.0,1002.0,0.0,0.10000000000000142,21,7,0
2023-07-23 22:00:00,26.4,90,12.7,100,0.0,1006.0,0.0,26.5,91,12.7,100,0.0,1001.8,0.0,-0.10000000000000142,22,7,0
2023-07-23 23:00:00,26.3,91,10.0,100,0.0,1005.4,0.0,26.1,89,12.8,100,0.0,1001.3,0.0,0.1999999999999993,23,7,0
2023-07-24 00:00:00,26.4,90,12.7,100,0.0,1004.6,0.4,26.0,89,14.9,100,0.0,1000.5,0.3,0.3999999999999986,0,7,0
2023-07-24 01:00:00,26.2,90,13.9,100,0.0,1004.1,0.1,25.6,91,12.5,100,0.0,999.9,0.3,0.5999999999999979,1,7,0
2023-07-24 02:00:00,25.7,92,12.2,100,0.0,1003.6,0.4,25.6,91,12.0,100,0.0,999.3,0.0,0.09999999999999787,2,7,0
2023-07-24 03:00:00,25.6,92,10.3,100,0.0,1003.4,0.3,25.5,91,11.2,100,0.0,999.1,0.0,0.10000000000000142,3,7,0
2023-07-24 04:00:00,25.5,92,10.2,100,0.0,1004.0,0.3,25.2,93,8.9,100,0.0,999.7,0.3,0.3000000000000007,4,7,0
2023-07-24 05:00:00,25.8,90,11.4,100,0.0,1003.8,0.8,25.4,92,6.9,100,0.0,999.6,0.6,0.40000000000000213,5,7,0
2023-07-24 06:00:00,26.1,90,12.4,100,4.0,1004.1,0.0,25.8,91,10.0,100,3.0,999.9,0.1,0.3000000000000007,6,7,1
2023-07-24 07:00:00,26.8,85,13.8,100,72.0,1004.7,0.0,26.5,89,8.7,100,74.0,1000.6,0.1,0.3000000000000007,7,7,1
2023-07-24 08:00:00,27.4,82,11.1,100,133.0,1005.1,0.0,27.6,83,7.9,100,142.0,1000.9,0.0,-0.20000000000000284,8,7,1
2023-07-24 09:00:00,27.8,76,15.2,100,170.0,1005.3,0.0,29.0,72,10.8,100,229.0,1001.1,0.0,-1.1999999999999993,9,7,1
2023-07-24 10:00:00,28.5,73,14.2,100,239.0,1005.4,0.0,29.4,69,10.7,100,191.0,1001.1,0.0,-0.8999999999999986,10,7,1
2023-07-24 11:00:00,29.5,69,10.0,100,284.0,1005.0,0.0,29.7,67,11.2,100,152.0,1000.7,0.0,-0.1999999999999993,11,7,1
2023-07-24 12:00:00,29.4,70,7.7,100,205.0,1004.8,0.0,29.6,66,12.3,100,146.0,1000.4,0.1,-0.20000000000000284,12,7,1
2023-07-24 13:00:00,29.2,73,9.0,100,230.0,1004.1,0.2,27.4,84,4.8,100,175.0,1000.0,4.8,1.8000000000000007,13,7,1
2023-07-24 14:00:00,29.1,74,11.6,100,315.0,1002.9,0.2,27.5,87,4.6,100,91.0,998.7,0.9,1.6000000000000014,14,7,1
2023-07-24 15:00:00,28.6,77,9.9,100,239.0,1002.2,0.2,29.3,77,6.6,100,188.0,997.9,0.1,-0.6999999999999993,15,7,1
2023-07-24 16:00:00,28.8,77,11.1,100,207.0,1001.7,0.1,29.8,69,10.1,100,157.0,997.5,0.1,-1.0,16,7,1
2023-07-24 17:00:00,27.1,89,15.0,100,61.0,1003.0,0.0,27.3,85,10.9,100,69.0,999.3,0.2,-0.1999999999999993,17,7,1
2023-07-24 18:00:00,26.2,91,13.0,100,14.0,1003.9,2.7,26.0,90,10.0,100,13.0,999.7,2.5,0.1999999999999993,18,7,1
2023-07-24 19:00:00,26.2,92,9.2,100,0.0,1004.4,1.7,25.7,91,11.5,100,0.0,1000.2,1.8,0.5,19,7,0
2023-07-24 20:00:00,25.9,93,10.2,100,0.0,1004.9,1.1,25.7,90,15.3,100,0.0,1000.7,0.6,0.1999999999999993,20,7,0
2023-07-24 21:00:00,26.0,91,13.6,100,0.0,1005.2,0.8,25.4,90,14.7,100,0.0,1001.0,0.5,0.6000000000000014,21,7,0
2023-07-24 22:00:00,25.7,91,15.6,100,0.0,1005.3,0.4,25.3,91,13.3,100,0.0,1001.1,0.2,0.3999999999999986,22,7,0
2023-07-24 23:00:00,25.5,91,15.5,100,0.0,1005.2,0.6,25.1,92,12.3,100,0.0,1001.0,0.2,0.3999999999999986,23,7,0
2023-07-25 00:00:00,25.5,88,16.6,100,0.0,1004.4,0.3,25.0,92,14.0,100,0.0,1000.1,0.1,0.5,0,7,0
2023-07-25 01:00:00,25.4,87,17.5,100,0.0,1003.6,0.1,24.8,92,12.2,100,0.0,999.5,0.8,0.5999999999999979,1,7,0
2023-07-25 02:00:00,24.9,90,14.7,100,0.0,1003.2,0.8,24.6,92,12.0,100,0.0,998.8,0.6,0.29999999999999716,2,7,0
2023-07-25 03:00:00,24.7,91,15.1,100,0.0,1003.4,1.3,24.5,93,8.5,100,0.0,999.1,0.7,0.1999999999999993,3,7,0
2023-07-25 04:00:00,24.7,90,14.1,100,0.0,1003.2,2.0,24.4,93,7.4,100,0.0,999.0,1.2,0.3000000000000007,4,7,0
2023-07-25 05:00:00,25.1,87,14.7,100,0.0,1003.3,2.7,25.3,85,11.4,100,0.0,998.9,1.3,-0.1999999999999993,5,7,0
2023-07-25 06:00:00,25.3,87,13.9,100,5.0,1003.6,0.3,25.9,83,10.7,100,5.0,999.3,0.0,-0.5999999999999979,6,7,1
2023-07-25 07:00:00,25.8,86,13.3,100,56.0,1004.0,0.1,26.3,83,8.7,100,58.0,1000.0,0.1,-0.5,7,7,1
2023-07-25 08:00:00,26.6,84,10.8,100,105.0,1004.9,0.0,27.0,81,8.0,100,134.0,1000.8,0.1,-0.3999999999999986,8,7,1
2023-07-25 09:00:00,27.4,82,8.8,100,149.0,1005.3,0.0,27.6,78,8.7,100,152.0,1001.2,0.0,-0.20000000000000284,9,7,1
2023-07-25 10:00:00,28.1,78,9.6,100,209.0,1005.4,0.2,28.7,72,11.0,100,218.0,1001.1,0.0,-0.5999999999999979,10,7,1
2023-07-25 11:00:00,28.4,77,11.4,100,274.0,1005.3,0.6,29.0,72,12.1,100,255.0,1001.0,0.1,-0.6000000000000014,11,7,1
2023-07-25 12:00:00,28.2,79,12.3,100,256.0,1004.8,0.7,29.1,73,12.2,100,298.0,1000.5,0.3,-0.9000000000000021,12,7,1
2023-07-25 13:00:00,28.2,80,11.6,100,255.0,1004.1,0.4,28.9,74,11.5,100,227.0,999.9,0.2,-0.6999999999999993,13,7,1
2023-07-25 14:00:00,28.5,79,12.5,100,272.0,1003.3,0.3,29.1,74,11.4,100,207.0,999.2,0.1,-0.6000000000000014,14,7,1
2023-07-25 15:00:00,28.6,79,14.5,100,288.0,1002.6,0.4,29.4,72,14.4,100,243.0,998.4,0.1,-0.7999999999999972,15,7,1
2023-07-25 16:00:00,28.3,81,14.0,100,224.0,1002.5,0.4,28.7,76,14.3,100,212.0,998.2,0.4,-0.3999999999999986,16,7,1
2023-07-25 17:00:00,26.8,90,12.9,100,49.0,1003.8,0.3,26.2,89,11.1,100,48.0,999.6,0.2,0.6000000000000014,17,7,1
2023-07-25 18:00:00,26.4,93,11.0,100,12.0,1004.2,1.0,25.9,92,12.1,100,10.0,1000.0,1.2,0.5,18,7,1
2023-07-25 19:00:00,26.1,94,10.2,100,0.0,1004.9,1.2,25.7,93,11.0,100,0.0,1000.8,1.0,0.40000000000000213,19,7,0
2023-07-25 20:00:00,25.9,94,13.5,100,0.0,1005.1,1.2,25.4,93,12.8,100,0.0,1001.1,1.0,0.5,20,7,0
2023-07-25 21:00:00,25.8,93,16.5,100,0.0,1005.4,0.8,25.3,92,14.9,100,0.0,1001.3,0.8,0.5,21,7,0
2023-07-25 22:00:00,25.7,92,15.7,100,0.0,1005.6,0.4,25.2,92,14.2,100,0.0,1001.5,0.8,0.5,22,7,0
2023-07-25 23:00:00,25.6,91,16.1,100,0.0,1005.5,0.3,25.0,93,12.8,100,0.0,1001.3,0.7,0.6000000000000014,23,7,0
2023-07-26 00:00:00,25.4,91,17.5,100,0.0,1004.6,0.3,24.9,93,14.3,100,0.0,1000.5,0.7,0.5,0,7,0
2023-07-26 01:00:00,25.2,91,16.1,100,0.0,1003.9,0.3,24.8,93,14.3,100,0.0,999.7,0.5,0.3999999999999986,1,7,0
2023-07-26 02:00:00,25.1,91,16.6,100,0.0,1003.4,0.2,24.7,93,13.0,100,0.0,999.2,0.3,0.40000000000000213,2,7,0
2023-07-26 03:00:00,25.0,90,16.7,100,0.0,1003.5,0.4,24.6,92,11.6,100,0.0,999.3,0.1,0.3999999999999986,3,7,0
2023-07-26 04:00:00,25.1,87,17.1,100,0.0,1003.9,0.4,24.6,92,11.3,100,0.0,999.8,0.5,0.5,4,7,0
2023-07-26 05:00:00,25.6,83,12.4,100,0.0,1004.4,0.2,24.8,90,13.2,100,0.0,1000.1,0.3,0.8000000000000007,5,7,0
2023-07-26 06:00:00,25.6,83,13.7,100,5.0,1005.2,0.1,24.8,91,13.2,100,3.0,1000.9,0.0,0.8000000000000007,6,7,1
2023-07-26 07:00:00,26.1,82,14.7,100,63.0,1005.8,0.2,25.2,89,12.2,100,32.0,1001.5,0.0,0.9000000000000021,7,7,1
2023-07-26 08:00:00,26.5,83,13.2,100,141.0,1006.1,0.3,26.4,84,11.1,100,167.0,1002.0,0.0,0.10000000000000142,8,7,1
2023-07-26 09:00:00,26.5,86,13.8,100,152.0,1006.3,0.5,26.6,84,10.5,100,147.0,1002.3,0.2,-0.10000000000000142,9,7,1
2023-07-26 10:00:00,26.9,85,15.7,100,224.0,1006.5,0.4,27.5,81,11.8,100,268.0,1002.4,0.7,-0.6000000000000014,10,7,1
2023-07-26 11:00:00,26.7,87,17.9,100,194.0,1006.3,0.7,27.2,86,13.7,100,234.0,1002.3,1.0,-0.5,11,7,1
2023-07-26 12:00:00,27.2,86,15.2,100,277.0,1005.6,0.4,26.9,88,14.0,100,229.0,1001.5,1.1,0.3000000000000007,12,7,1
2023-07-26 13:00:00,28.0,82,15.2,100,317.0,1004.8,0.1,28.4,80,14.4,100,375.0,1000.6,0.4,-0.3999999999999986,13,7,1
2023-07-26 14:00:00,28.6,78,17.0,100,317.0,1004.1,0.0,28.9,75,14.7,100,218.0,1000.0,0.0,-0.29999999999999716,14,7,1
2023-07-26 15:00:00,28.4,79,16.3,100,227.0,1003.6,0.1,29.4,70,13.1,100,150.0,999.3,0.0,-1.0,15,7,1
2023-07-26 16:00:00,28.7,76,15.2,100,200.0,1003.3,0.0,30.3,66,16.7,100,245.0,999.2,0.0,-1.6000000000000014,16,7,1
2023-07-26 17:00:00,28.8,75,15.0,100,99.0,1003.9,0.0,29.7,67,17.4,100,116.0,999.8,0.0,-0.8999999999999986,17,7,1
2023-07-26 18:00:00,28.3,75,17.1,100,38.0,1004.4,0.0,28.9,69,17.2,100,30.0,1000.4,0.0,-0.5999999999999979,18,7,1
2023-07-26 19:00:00,27.8,76,17.5,100,0.0,1005.2,0.1,28.2,71,18.0,100,0.0,1001.2,0.0,-0.3999999999999986,19,7,0
2023-07-26 20:00:00,27.3,77,20.5,100,0.0,1005.7,0.1,27.3,77,17.0,100,0.0,1001.7,0.1,0.0,20,7,0
2023-07-26 21:00:00,26.6,81,19.3,100,0.0,1006.2,0.3,27.1,78,15.1,100,0.0,1002.0,0.0,-0.5,21,7,0
2023-07-26 22:00:00,26.0,85,18.5,97,0.0,1006.2,0.2,27.0,78,13.5,100,0.0,1002.2,0.0,-1.0,22,7,0
2023-07-26 23:00:00,25.8,86,16.4,98,0.0,1005.6,0.0,26.8,77,15.6,100,0.0,1001.6,0.0,-1.0,23,7,0
2023-07-27 00:00:00,25.8,85,17.1,98,0.0,1005.0,0.0,26.3,78,16.5,100,0.0,1001.0,0.0,-0.5,0,7,0
2023-07-27 01:00:00,25.7,84,16.1,93,0.0,1004.7,0.0,26.1,79,17.1,100,0.0,1000.6,0.0,-0.40000000000000213,1,7,0
2023-07-27 02:00:00,25.5,83,16.6,100,0.0,1004.7,0.0,26.1,78,17.3,100,0.0,1000.6,0.0,-0.6000000000000014,2,7,0
2023-07-27 03:00:00,25.7,81,19.9,99,0.0,1004.2,0.0,26.3,77,19.1,100,0.0,1000.3,0.0,-0.6000000000000014,3,7,0
2023-07-27 04:00:00,25.9,79,19.5,97,0.0,1004.2,0.0,26.3,75,19.9,96,0.0,1000.2,0.0,-0.40000000000000213,4,7,0
2023-07-27 05:00:00,26.4,76,15.4,97,0.0,1005.3,0.0,26.7,73,16.2,96,0.0,1001.1,0.0,-0.3000000000000007,5,7,0
2023-07-27 06:00:00,26.6,75,15.0,100,12.0,1006.1,0.0,27.1,71,15.0,100,10.0,1001.9,0.0,-0.5,6,7,1
2023-07-27 07:00:00,27.5,74,15.4,95,129.0,1006.6,0.0,28.2,69,14.3,99,154.0,1002.5,0.0,-0.6999999999999993,7,7,1
2023-07-27 08:00:00,29.2,69,17.7,64,365.0,1006.9,0.0,29.9,63,17.4,90,368.0,1002.9,0.0,-0.6999999999999993,8,7,1
2023-07-27 09:00:00,30.6,61,23.4,47,581.0,1006.9,0.0,31.1,57,21.1,92,547.0,1002.9,0.0,-0.5,9,7,1
2023-07-27 10:00:00,31.4,59,23.7,54,725.0,1006.6,0.0,32.0,55,20.7,100,678.0,1002.5,0.0,-0.6000000000000014,10,7,1
2023-07-27 11:00:00,32.2,56,24.7,45,823.0,1006.2,0.0,32.5,53,22.6,100,685.0,1002.1,0.0,-0.29999999999999716,11,7,1
2023-07-27 12:00:00,33.3,51,24.4,54,880.0,1005.0,0.0,33.1,51,21.3,94,627.0,1000.9,0.0,0.19999999999999574,12,7,1
2023-07-27 13:00:00,34.1,50,22.7,95,897.0,1003.9,0.0,35.0,44,22.3,86,889.0,999.6,0.0,-0.8999999999999986,13,7,1
2023-07-27 14:00:00,34.5,49,21.6,93,788.0,1003.0,0.0,35.2,43,23.4,88,830.0,998.9,0.0,-0.7000000000000028,14,7,1
2023-07-27 15:00:00,34.6,49,19.6,58,685.0,1002.4,0.0,35.4,43,17.6,64,644.0,998.3,0.0,-0.7999999999999972,15,7,1
2023-07-27 16:00:00,33.8,52,15.7,97,475.0,1002.3,0.0,34.6,45,17.1,97,466.0,998.1,0.0,-0.8000000000000043,16,7,1
2023-07-27 17:00:00,32.1,58,11.3,65,260.0,1003.3,0.0,32.4,55,9.0,34,255.0,999.0,0.0,-0.29999999999999716,17,7,1
2023-07-27 18:00:00,30.7,61,10.4,34,68.0,1003.7,0.0,31.2,56,9.8,47,69.0,999.6,0.0,-0.5,18,7,1
2023-07-27 19:00:00,29.8,64,8.4,30,0.0,1004.6,0.0,30.7,55,11.4,7,0.0,1000.4,0.0,-0.8999999999999986,19,7,0
2023-07-27 20:00:00,29.1,68,8.7,17,0.0,1005.5,0.0,30.1,59,11.2,17,0.0,1001.3,0.0,-1.0,20,7,0
2023-07-27 21:00:00,29.7,61,15.5,95,0.0,1006.1,0.0,29.4,63,12.4,24,0.0,1002.0,0.0,0.3000000000000007,21,7,0
2023-07-27 22:00:00,29.0,63,13.2,85,0.0,1006.5,0.0,29.6,60,14.3,17,0.0,1002.3,0.0,-0.6000000000000014,22,7,0
2023-07-27 23:00:00,28.8,64,15.1,36,0.0,1006.5,0.0,28.8,63,11.1,14,0.0,1002.4,0.0,0.0,23,7,0
2023-07-28 00:00:00,28.3,64,14.6,36,0.0,1005.8,0.0,28.1,66,8.9,44,0.0,1001.6,0.0,0.1999999999999993,0,7,0
2023-07-28 01:00:00,28.1,64,16.4,78,0.0,1005.3,0.0,27.6,68,8.8,30,0.0,1001.2,0.0,0.5,1,7,0
2023-07-28 02:00:00,28.0,63,17.7,76,0.0,1005.0,0.0,27.0,71,9.3,81,0.0,1000.9,0.0,1.0,2,7,0
2023-07-28 03:00:00,27.6,65,15.7,55,0.0,1004.9,0.0,26.7,72,10.0,52,0.0,1000.8,0.0,0.9000000000000021,3,7,0
2023-07-28 04:00:00,27.0,67,13.9,11,0.0,1005.1,0.0,26.3,73,9.7,29,0.0,1001.1,0.0,0.6999999999999993,4,7,0
2023-07-28 05:00:00,27.1,67,12.1,20,0.0,1005.3,0.0,27.2,68,10.7,16,0.0,1001.2,0.0,-0.09999999999999787,5,7,0
2023-07-28 06:00:00,27.3,68,13.5,76,15.0,1005.9,0.0,27.5,66,12.5,64,14.0,1001.8,0.0,-0.1999999999999993,6,7,1
2023-07-28 07:00:00,28.3,67,13.9,60,157.0,1006.3,0.0,28.7,65,11.3,77,150.0,1002.2,0.0,-0.3999999999999986,7,7,1
2023-07-28 08:00:00,29.7,61,16.8,86,376.0,1006.3,0.0,30.2,57,16.3,85,367.0,1002.2,0.0,-0.5,8,7,1
2023-07-28 09:00:00,30.9,56,18.5,66,576.0,1006.2,0.0,31.4,53,18.0,52,539.0,1002.2,0.0,-0.5,9,7,1
2023-07-28 10:00:00,32.0,55,17.5,33,756.0,1005.6,0.0,32.6,51,16.9,27,747.0,1001.6,0.0,-0.6000000000000014,10,7,1
2023-07-28 11:00:00,33.1,53,22.0,58,872.0,1005.4,0.0,33.5,50,19.8,35,865.0,1001.2,0.0,-0.3999999999999986,11,7,1
2023-07-28 12:00:00,34.5,48,24.3,18,899.0,1004.4,0.0,35.3,44,23.5,22,857.0,1000.2,0.0,-0.7999999999999972,12,7,1
2023-07-28 13:00:00,35.0,48,22.4,13,894.0,1003.3,0.0,35.8,43,21.6,5,814.0,999.0,0.0,-0.7999999999999972,13,7,1
2023-07-28 14:00:00,35.3,46,21.0,18,779.0,1002.0,0.0,36.4,41,20.7,89,805.0,997.6,0.0,-1.1000000000000014,14,7,1
2023-07-28 15:00:00,35.1,45,21.2,85,619.0,1001.2,0.0,36.1,41,20.3,78,609.0,996.9,0.0,-1.0,15,7,1
2023-07-28 16:00:00,34.7,48,18.9,67,474.0,1000.9,0.0,35.8,41,17.4,7,480.0,996.6,0.0,-1.0999999999999943,16,7,1
2023-07-28 17:00:00,33.4,56,9.8,60,256.0,1002.2,0.0,33.0,54,14.1,64,260.0,998.1,0.0,0.3999999999999986,17,7,1
2023-07-28 18:00:00,31.9,59,7.0,85,60.0,1002.8,0.2,31.6,59,6.0,70,51.0,998.5,0.1,0.29999999999999716,18,7,1
2023-07-28 19:00:00,30.2,69,5.9,65,0.0,1003.5,0.3,30.3,63,7.6,65,0.0,999.3,0.0,-0.10000000000000142,19,7,0
2023-07-28 20:00:00,30.2,63,11.6,11,0.0,1004.5,0.0,30.5,59,9.4,43,0.0,1000.3,0.0,-0.3000000000000007,20,7,0
2023-07-28 21:00:00,29.4,66,8.4,19,0.0,1005.1,0.0,30.2,59,10.2,16,0.0,1000.9,0.0,-0.8000000000000007,21,7,0
2023-07-28 22:00:00,29.8,63,16.9,10,0.0,1005.4,0.0,30.0,59,11.3,24,0.0,1001.3,0.0,-0.1999999999999993,22,7,0
2023-07-28 23:00:00,30.1,59,15.5,21,0.0,1005.3,0.0,29.1,63,9.5,20,0.0,1001.2,0.0,1.0,23,7,0
2023-07-29 00:00:00,29.1,63,12.4,21,0.0,1004.7,0.0,29.1,62,12.5,31,0.0,1000.6,0.0,0.0,0,7,0
2023-07-29 01:00:00,28.4,65,12.3,25,0.0,1004.3,0.0,29.0,61,13.1,27,0.0,1000.2,0.0,-0.6000000000000014,1,7,0
2023-07-29 02:00:00,28.0,67,12.6,29,0.0,1003.9,0.0,28.5,63,12.7,26,0.0,999.8,0.0,-0.5,2,7,0
2023-07-29 03:00:00,27.8,66,13.7,36,0.0,1003.8,0.0,28.0,65,12.8,21,0.0,999.6,0.0,-0.1999999999999993,3,7,0
2023-07-29 04:00:00,27.5,66,13.9,41,0.0,1004.1,0.0,27.5,68,12.3,31,0.0,999.9,0.0,0.0,4,7,0
2023-07-29 05:00:00,28.0,64,15.9,32,0.0,1004.6,0.0,28.5,62,15.8,38,0.0,1000.5,0.0,-0.5,5,7,0
2023-07-29 06:00:00,28.1,65,16.3,50,14.0,1005.0,0.0,28.6,61,16.6,99,13.0,1000.9,0.0,-0.5,6,7,1
2023-07-29 07:00:00,28.8,66,15.1,62,149.0,1006.1,0.0,29.3,61,15.1,98,147.0,1001.8,0.0,-0.5,7,7,1
2023-07-29 08:00:00,30.0,61,18.9,54,331.0,1006.0,0.0,30.4,57,19.4,96,314.0,1001.8,0.0,-0.3999999999999986,8,7,1
2023-07-29 09:00:00,31.1,59,19.7,97,560.0,1006.0,0.0,31.9,54,19.3,95,551.0,1001.9,0.0,-0.7999999999999972,9,7,1
2023-07-29 10:00:00,32.4,56,19.8,100,737.0,1005.8,0.0,33.1,51,19.3,100,712.0,1001.6,0.0,-0.7000000000000028,10,7,1
2023-07-29 11:00:00,33.5,52,26.3,100,820.0,1005.3,0.0,34.3,48,23.5,100,794.0,1001.1,0.0,-0.7999999999999972,11,7,1
2023-07-29 12:00:00,34.3,49,22.5,100,855.0,1004.5,0.0,35.5,44,20.9,100,868.0,1000.1,0.0,-1.2000000000000028,12,7,1
2023-07-29 13:00:00,35.0,46,22.8,98,879.0,1003.1,0.0,36.1,42,22.3,97,873.0,998.9,0.0,-1.1000000000000014,13,7,1
2023-07-29 14:00:00,35.4,46,21.1,90,801.0,1002.0,0.0,36.3,41,20.3,99,786.0,997.8,0.0,-0.8999999999999986,14,7,1
2023-07-29 15:00:00,35.5,43,20.9,77,677.0,1001.4,0.0,36.2,40,21.4,81,658.0,997.2,0.0,-0.7000000000000028,15,7,1
2023-07-29 16:00:00,34.8,47,16.6,51,470.0,1000.8,0.0,35.8,41,16.2,28,477.0,996.7,0.0,-1.0,16,7,1
2023-07-29 17:00:00,33.7,51,12.9,37,255.0,1002.6,0.0,34.4,45,12.9,20,258.0,998.5,0.0,-0.6999999999999957,17,7,1
2023-07-29 18:00:00,31.5,62,6.4,20,65.0,1002.9,0.0,32.6,51,6.7,28,64.0,998.8,0.0,-1.1000000000000014,18,7,1
2023-07-29 19:00:00,30.3,63,6.5,24,0.0,1003.8,0.0,31.5,53,6.9,16,0.0,999.6,0.0,-1.1999999999999993,19,7,0
2023-07-29 20:00:00,31.2,54,14.7,18,0.0,1004.4,0.0,31.0,54,10.5,21,0.0,1000.3,0.0,0.1999999999999993,20,7,0
2023-07-29 21:00:00,31.6,50,18.6,50,0.0,1005.4,0.0,31.4,51,15.4,51,0.0,1001.3,0.0,0.20000000000000284,21,7,0
2023-07-29 22:00:00,30.2,56,12.6,54,0.0,1006.0,0.0,30.7,53,11.4,100,0.0,1001.8,0.0,-0.5,22,7,0
2023-07-29 23:00:00,29.6,59,15.1,30,0.0,1005.9,0.0,30.3,55,13.2,25,0.0,1001.7,0.0,-0.6999999999999993,23,7,0
2023-07-30 00:00:00,29.5,59,16.2,30,0.0,1005.0,0.0,29.9,56,14.5,25,0.0,1000.9,0.0,-0.3999999999999986,0,7,0
2023-07-30 01:00:00,28.9,61,14.8,69,0.0,1004.7,0.0,29.3,58,14.0,15,0.0,1000.6,0.0,-0.40000000000000213,1,7,0
2023-07-30 02:00:00,28.7,62,14.2,46,0.0,1004.3,0.0,28.9,60,14.2,29,0.0,1000.1,0.0,-0.1999999999999993,2,7,0
2023-07-30 03:00:00,28.3,63,13.8,44,0.0,1003.9,0.0,28.5,61,13.8,52,0.0,999.8,0.0,-0.1999999999999993,3,7,0
2023-07-30 04:00:00,28.2,63,13.9,9,0.0,1003.8,0.0,28.4,60,16.3,27,0.0,999.7,0.0,-0.1999999999999993,4,7,0
2023-07-30 05:00:00,28.7,61,16.2,34,0.0,1004.4,0.0,28.9,57,17.3,44,0.0,1000.3,0.0,-0.1999999999999993,5,7,0
2023-07-30 06:00:00,28.7,61,16.7,35,14.0,1004.6,0.0,28.9,58,18.1,9,14.0,1000.4,0.0,-0.1999999999999993,6,7,1
2023-07-30 07:00:00,29.3,62,17.6,75,146.0,1005.3,0.0,29.7,57,16.3,65,146.0,1001.1,0.0,-0.3999999999999986,7,7,1
2023-07-30 08:00:00,30.4,58,21.9,98,365.0,1005.4,0.0,30.8,54,20.1,96,341.0,1001.2,0.0,-0.40000000000000213,8,7,1
2023-07-30 09:00:00,31.5,56,22.0,100,575.0,1005.7,0.0,32.2,52,19.9,100,572.0,1001.5,0.0,-0.7000000000000028,9,7,1
2023-07-30 10:00:00,32.5,55,21.7,100,705.0,1005.3,0.0,33.3,49,20.3,100,692.0,1001.0,0.0,-0.7999999999999972,10,7,1
2023-07-30 11:00:00,33.5,52,21.6,100,841.0,1004.5,0.0,34.5,47,20.1,100,849.0,1000.1,0.0,-1.0,11,7,1
2023-07-30 12:00:00,34.1,52,22.7,100,859.0,1004.0,0.0,35.3,46,19.5,100,842.0,999.4,0.0,-1.1999999999999957,12,7,1
2023-07-30 13:00:00,34.7,50,21.0,99,835.0,1003.1,0.0,36.0,44,19.2,100,840.0,998.7,0.0,-1.2999999999999972,13,7,1
2023-07-30 14:00:00,35.2,48,17.1,99,765.0,1002.1,0.0,36.3,42,18.9,100,757.0,997.8,0.0,-1.0999999999999943,14,7,1
2023-07-30 15:00:00,35.5,46,13.8,100,656.0,1001.3,0.0,36.5,41,14.7,100,639.0,997.0,0.0,-1.0,15,7,1
2023-07-30 16:00:00,34.6,46,15.7,100,467.0,1001.2,0.0,35.8,40,20.1,100,469.0,996.9,0.0,-1.1999999999999957,16,7,1
2023-07-30 17:00:00,32.4,60,1.8,100,204.0,1001.7,0.0,33.3,52,5.4,100,200.0,997.3,0.0,-0.8999999999999986,17,7,1
2023-07-30 18:00:00,31.8,67,4.0,100,58.0,1002.3,0.0,31.6,66,5.8,98,61.0,998.2,0.0,0.1999999999999993,18,7,1
2023-07-30 19:00:00,30.2,72,5.1,100,0.0,1003.3,0.0,31.0,62,7.1,100,0.0,998.9,0.0,-0.8000000000000007,19,7,0
2023-07-30 20:00:00,29.3,76,7.1,100,0.0,1004.5,0.0,30.4,64,8.0,100,0.0,999.9,0.0,-1.0999999999999979,20,7,0
2023-07-30 21:00:00,29.6,68,10.8,100,0.0,1004.4,0.0,30.2,66,3.7,100,0.0,1000.4,0.0,-0.5999999999999979,21,7,0
2023-07-30 22:00:00,29.1,70,8.2,100,0.0,1004.8,0.0,29.6,65,7.1,100,0.0,1000.7,0.0,-0.5,22,7,0
2023-07-30 23:00:00,28.8,72,7.9,100,0.0,1004.7,0.0,29.4,64,8.0,100,0.0,1000.4,0.0,-0.5999999999999979,23,7,0
2023-07-31 00:00:00,28.5,71,9.2,100,0.0,1004.2,0.0,29.2,64,9.5,100,0.0,999.9,0.0,-0.6999999999999993,0,7,0
2023-07-31 01:00:00,28.4,69,10.9,100,0.0,1003.4,0.0,29.0,63,9.5,100,0.0,999.2,0.0,-0.6000000000000014,1,7,0
2023-07-31 02:00:00,28.6,65,13.0,100,0.0,1003.2,0.0,28.8,63,11.2,99,0.0,999.0,0.0,-0.1999999999999993,2,7,0
2023-07-31 03:00:00,28.4,65,13.3,100,0.0,1002.9,0.0,28.9,61,13.8,100,0.0,998.8,0.0,-0.5,3,7,0
2023-07-31 04:00:00,28.1,66,14.2,100,0.0,1003.5,0.0,28.7,61,14.8,100,0.0,999.2,0.0,-0.5999999999999979,4,7,0
2023-07-31 05:00:00,29.0,62,14.5,100,0.0,1003.6,0.0,29.1,60,14.1,100,0.0,999.4,0.0,-0.10000000000000142,5,7,0
2023-07-31 06:00:00,29.0,62,15.3,100,14.0,1004.4,0.0,29.1,61,14.8,100,13.0,1000.2,0.0,-0.10000000000000142,6,7,1
2023-07-31 07:00:00,29.6,63,15.4,100,122.0,1005.2,0.0,30.0,59,14.5,100,137.0,1001.0,0.0,-0.3999999999999986,7,7,1
2023-07-31 08:00:00,30.6,60,18.4,100,305.0,1005.6,0.0,31.0,56,17.7,100,317.0,1001.5,0.0,-0.3999999999999986,8,7,1
2023-07-31 09:00:00,31.4,58,18.3,100,463.0,1005.6,0.0,32.3,53,17.3,100,517.0,1001.5,0.0,-0.8999999999999986,9,7,1
2023-07-31 10:00:00,32.6,56,16.6,100,635.0,1005.3,0.0,33.5,50,15.7,100,663.0,1001.0,0.0,-0.8999999999999986,10,7,1
2023-07-31 11:00:00,33.9,53,15.5,100,821.0,1004.9,0.0,34.7,48,14.7,100,824.0,1000.6,0.0,-0.8000000000000043,11,7,1
2023-07-31 12:00:00,34.6,52,17.3,100,871.0,1004.2,0.0,35.3,47,15.5,100,815.0,999.9,0.0,-0.6999999999999957,12,7,1
2023-07-31 13:00:00,34.8,52,16.7,100,775.0,1003.4,0.0,36.0,46,13.2,100,777.0,999.0,0.0,-1.2000000000000028,13,7,1
2023-07-31 14:00:00,34.6,52,15.5,100,620.0,1002.5,0.0,36.5,44,14.5,100,726.0,998.0,0.0,-1.8999999999999986,14,7,1
2023-07-31 15:00:00,33.4,56,6.5,100,551.0,1002.0,0.4,33.9,53,8.8,100,560.0,997.7,0.6,-0.5,15,7,1
2023-07-31 16:00:00,34.0,54,4.7,100,429.0,1001.4,0.0,34.1,51,5.4,100,349.0,997.1,0.0,-0.10000000000000142,16,7,1
2023-07-31 17:00:00,29.8,78,11.8,76,226.0,1002.7,0.0,31.5,65,6.8,100,219.0,998.0,0.0,-1.6999999999999993,17,7,1
2023-07-31 18:00:00,29.6,77,5.0,100,42.0,1002.7,0.3,27.8,86,10.2,100,49.0,999.5,5.2,1.8000000000000007,18,7,1
2023-07-31 19:00:00,29.3,78,12.7,100,0.0,1003.4,0.0,27.3,86,8.6,100,0.0,999.2,0.0,2.0,19,7,0
2023-07-31 20:00:00,28.8,79,8.8,100,0.0,1004.3,0.0,27.2,85,8.0,100,0.0,999.8,0.0,1.6000000000000014,20,7,0
2023-07-31 21:00:00,28.1,81,6.4,100,0.0,1004.8,0.0,27.1,85,5.6,100,0.0,1000.5,0.0,1.0,21,7,0
2023-07-31 22:00:00,27.9,80,9.4,100,0.0,1005.0,0.0,27.3,83,6.5,100,0.0,1000.9,0.0,0.5999999999999979,22,7,0
2023-07-31 23:00:00,27.8,78,11.6,100,0.0,1004.8,0.0,27.3,80,9.8,100,0.0,1000.8,0.0,0.5,23,7,0
2023-08-01 00:00:00,27.7,77,11.3,100,0.0,1004.4,0.0,27.1,80,9.7,100,0.0,1000.2,0.0,0.5999999999999979,0,8,0
2023-08-01 01:00:00,27.4,78,10.0,100,0.0,1003.8,0.0,27.1,81,10.7,100,0.0,999.7,0.0,0.29999999999999716,1,8,0
2023-08-01 02:00:00,27.4,77,11.8,100,0.0,1003.3,0.0,27.2,80,11.7,100,0.0,999.1,0.0,0.1999999999999993,2,8,0
2023-08-01 03:00:00,27.9,69,13.3,100,0.0,1003.2,0.0,27.3,73,12.4,100,0.0,999.0,0.0,0.5999999999999979,3,8,0
2023-08-01 04:00:00,28.1,64,13.9,100,0.0,1003.5,0.0,27.7,66,14.8,100,0.0,999.5,0.0,0.40000000000000213,4,8,0
2023-08-01 05:00:00,29.0,62,15.5,100,0.0,1004.0,0.0,29.2,60,16.8,100,0.0,999.9,0.0,-0.1999999999999993,5,8,0
2023-08-01 06:00:00,29.1,62,17.1,100,10.0,1004.4,0.0,29.3,60,17.7,100,13.0,1000.3,0.0,-0.1999999999999993,6,8,1
2023-08-01 07:00:00,29.5,63,15.6,100,92.0,1005.2,0.0,30.3,58,21.3,100,126.0,1001.0,0.0,-0.8000000000000007,7,8,1
2023-08-01 08:00:00,30.5,61,16.0,100,221.0,1005.3,0.0,31.1,57,20.2,100,286.0,1001.2,0.0,-0.6000000000000014,8,8,1
2023-08-01 09:00:00,31.8,57,17.3,100,410.0,1005.3,0.0,32.2,55,17.8,100,373.0,1001.1,0.0,-0.40000000000000213,9,8,1
2023-08-01 10:00:00,32.8,55,18.6,100,507.0,1004.9,0.0,33.4,52,19.6,100,563.0,1000.7,0.0,-0.6000000000000014,10,8,1
2023-08-01 11:00:00,33.8,51,22.4,100,614.0,1004.6,0.0,35.0,46,21.5,100,687.0,1000.2,0.0,-1.2000000000000028,11,8,1
2023-08-01 12:00:00,34.7,49,20.1,100,677.0,1003.6,0.0,36.0,43,19.4,100,723.0,999.3,0.0,-1.2999999999999972,12,8,1
2023-08-01 13:00:00,35.1,47,19.8,100,596.0,1002.8,0.0,36.3,42,16.8,100,613.0,998.4,0.0,-1.1999999999999957,13,8,1
2023-08-01 14:00:00,35.2,46,17.8,100,526.0,1002.2,0.0,36.4,41,17.2,100,513.0,997.8,0.0,-1.1999999999999957,14,8,1
2023-08-01 15:00:00,33.9,52,20.3,100,362.0,1002.3,1.2,36.2,41,10.0,100,322.0,997.4,0.0,-2.3000000000000043,15,8,1
2023-08-01 16:00:00,30.9,67,8.3,100,229.0,1002.1,0.1,29.6,71,5.1,100,209.0,998.5,2.7,1.2999999999999972,16,8,1
2023-08-01 17:00:00,33.5,54,2.5,100,173.0,1002.3,0.0,34.3,44,12.1,100,94.0,997.9,0.0,-0.7999999999999972,17,8,1
2023-08-01 18:00:00,30.6,73,4.6,100,48.0,1002.8,0.0,32.5,49,9.8,100,55.0,998.7,0.0,-1.8999999999999986,18,8,1
2023-08-01 19:00:00,29.7,74,7.1,100,0.0,1003.6,0.0,31.6,52,9.2,100,0.0,999.6,0.0,-1.9000000000000021,19,8,0
2023-08-01 20:00:00,30.1,61,7.6,100,0.0,1004.0,0.0,30.7,55,8.9,100,0.0,1000.1,0.0,-0.5999999999999979,20,8,0
2023-08-01 21:00:00,30.9,52,12.9,100,0.0,1004.7,0.0,30.8,53,12.7,100,0.0,1000.6,0.0,0.09999999999999787,21,8,0
2023-08-01 22:00:00,30.1,56,11.8,100,0.0,1005.0,0.0,31.2,48,14.9,100,0.0,1000.9,0.0,-1.0999999999999979,22,8,0
2023-08-01 23:00:00,29.5,58,11.3,100,0.0,1004.9,0.0,30.9,48,15.6,100,0.0,1000.7,0.0,-1.3999999999999986,23,8,0
2023-08-02 00:00:00,29.2,58,11.8,100,0.0,1004.8,0.0,30.5,49,14.5,100,0.0,1000.6,0.0,-1.3000000000000007,0,8,0
2023-08-02 01:00:00,29.2,56,13.7,100,0.0,1005.0,0.0,30.0,51,16.0,100,0.0,1000.8,0.0,-0.8000000000000007,1,8,0
2023-08-02 02:00:00,29.1,56,15.3,100,0.0,1004.4,0.0,29.5,52,16.4,100,0.0,1000.4,0.0,-0.3999999999999986,2,8,0
2023-08-02 03:00:00,28.9,56,16.3,100,0.0,1004.4,0.0,29.0,54,16.7,100,0.0,1000.3,0.0,-0.10000000000000142,3,8,0
2023-08-02 04:00:00,28.4,59,16.1,100,0.0,1004.9,0.0,28.4,57,17.6,100,0.0,1000.8,0.0,0.0,4,8,0
2023-08-02 05:00:00,28.8,58,16.0,100,0.0,1004.9,0.0,28.9,56,18.8,100,0.0,1000.9,0.0,-0.09999999999999787,5,8,0
2023-08-02 06:00:00,28.7,59,17.1,100,14.0,1005.3,0.0,28.8,58,18.5,100,13.0,1001.3,0.0,-0.10000000000000142,6,8,1
2023-08-02 07:00:00,29.4,60,17.2,100,137.0,1006.1,0.0,29.6,56,18.7,100,131.0,1001.9,0.0,-0.20000000000000284,7,8,1
2023-08-02 08:00:00,30.5,56,19.4,100,346.0,1006.6,0.0,30.6,54,19.8,100,331.0,1002.4,0.0,-0.10000000000000142,8,8,1
2023-08-02 09:00:00,31.6,52,18.0,100,529.0,1006.5,0.0,31.9,49,19.1,100,510.0,1002.6,0.0,-0.29999999999999716,9,8,1
2023-08-02 10:00:00,32.6,50,18.4,100,678.0,1006.1,0.0,33.1,47,19.2,100,690.0,1002.0,0.0,-0.5,10,8,1
2023-08-02 11:00:00,33.8,46,21.3,100,817.0,1005.6,0.0,34.2,45,19.6,100,822.0,1001.5,0.0,-0.4000000000000057,11,8,1
2023-08-02 12:00:00,34.7,43,21.3,100,801.0,1004.8,0.0,35.5,41,18.8,100,896.0,1000.6,0.0,-0.7999999999999972,12,8,1
2023-08-02 13:00:00,35.5,41,22.8,100,788.0,1003.8,0.0,36.3,38,21.3,100,852.0,999.6,0.0,-0.7999999999999972,13,8,1
2023-08-02 14:00:00,36.0,38,20.0,100,739.0,1002.9,0.0,37.0,36,19.1,100,739.0,998.6,0.0,-1.0,14,8,1
2023-08-02 15:00:00,36.0,39,18.9,100,550.0,1002.5,0.0,36.7,36,18.9,100,550.0,998.3,0.0,-0.7000000000000028,15,8,1
2023-08-02 16:00:00,35.9,38,16.6,100,448.0,1002.2,0.0,36.5,35,17.3,100,446.0,998.1,0.0,-0.6000000000000014,16,8,1
2023-08-02 17:00:00,34.7,44,7.8,100,242.0,1002.9,0.0,35.2,35,11.5,100,231.0,998.7,0.0,-0.5,17,8,1
2023-08-02 18:00:00,32.7,49,6.2,100,56.0,1003.5,0.0,34.3,36,10.6,100,59.0,999.3,0.0,-1.5999999999999943,18,8,1
2023-08-02 19:00:00,32.3,46,9.0,100,0.0,1004.1,0.0,33.3,38,9.7,100,0.0,1000.0,0.0,-1.0,19,8,0
2023-08-02 20:00:00,31.4,48,8.3,100,0.0,1004.5,0.0,32.8,37,15.5,100,0.0,1000.4,0.0,-1.3999999999999986,20,8,0
2023-08-02 21:00:00,30.7,49,6.9,100,0.0,1005.1,0.0,32.7,36,18.7,100,0.0,1000.9,0.0,-2.0000000000000036,21,8,0
2023-08-02 22:00:00,30.3,48,11.1,100,0.0,1005.5,0.0,31.9,39,14.8,100,0.0,1001.3,0.0,-1.5999999999999979,22,8,0
2023-08-02 23:00:00,30.0,47,13.1,100,0.0,1005.0,0.0,31.5,41,13.9,100,0.0,1000.9,0.0,-1.5,23,8,0
2023-08-03 00:00:00,30.1,46,16.6,100,0.0,1004.7,0.0,30.8,43,15.4,100,0.0,1000.6,0.0,-0.6999999999999993,0,8,0
2023-08-03 01:00:00,30.0,48,18.5,100,0.0,1004.4,0.0,30.3,46,17.9,100,0.0,1000.2,0.0,-0.3000000000000007,1,8,0
2023-08-03 02:00:00,29.6,52,20.3,100,0.0,1004.0,0.0,29.8,49,18.4,100,0.0,999.9,0.0,-0.1999999999999993,2,8,0
2023-08-03 03:00:00,29.2,55,20.4,100,0.0,1004.0,0.0,29.1,53,17.3,100,0.0,999.8,0.0,0.09999999999999787,3,8,0
2023-08-03 04:00:00,28.5,57,18.8,100,0.0,1004.2,0.0,28.4,56,16.6,100,0.0,1000.1,0.0,0.10000000000000142,4,8,0
2023-08-03 05:00:00,28.7,58,16.8,100,0.0,1004.4,0.0,28.7,58,16.2,100,0.0,1000.3,0.0,0.0,5,8,0
2023-08-03 06:00:00,28.8,60,17.3,100,14.0,1004.9,0.0,28.8,58,17.0,100,13.0,1000.9,0.0,0.0,6,8,1
2023-08-03 07:00:00,29.6,59,16.2,100,145.0,1005.6,0.0,30.0,56,18.4,100,144.0,1001.4,0.0,-0.3999999999999986,7,8,1
2023-08-03 08:00:00,31.0,55,19.9,99,378.0,1005.7,0.0,31.3,53,20.9,100,364.0,1001.6,0.0,-0.3000000000000007,8,8,1
2023-08-03 09:00:00,32.3,52,18.7,99,581.0,1005.9,0.0,32.7,49,19.4,100,571.0,1001.8,0.0,-0.4000000000000057,9,8,1
2023-08-03 10:00:00,33.6,49,18.4,100,758.0,1005.4,0.0,34.0,47,18.4,100,760.0,1001.2,0.0,-0.3999999999999986,10,8,1
2023-08-03 11:00:00,34.6,47,20.9,100,869.0,1005.1,0.2,35.3,43,19.1,99,876.0,1000.7,0.0,-0.6999999999999957,11,8,1
2023-08-03 12:00:00,35.8,44,17.6,100,884.0,1004.1,0.0,36.4,41,17.6,78,910.0,1000.0,0.1,-0.6000000000000014,12,8,1
2023-08-03 13:00:00,36.7,41,17.9,72,905.0,1002.9,0.0,37.6,37,15.8,100,897.0,998.6,0.0,-0.8999999999999986,13,8,1
2023-08-03 14:00:00,37.0,39,18.4,84,746.0,1001.9,0.0,38.1,35,17.3,95,740.0,997.6,0.0,-1.1000000000000014,14,8,1
2023-08-03 15:00:00,36.8,37,20.6,64,466.0,1001.4,0.1,37.5,34,22.0,65,470.0,997.1,0.0,-0.7000000000000028,15,8,1
2023-08-03 16:00:00,35.3,41,10.0,21,399.0,1001.6,0.1,37.0,36,12.8,17,342.0,997.1,0.0,-1.7000000000000028,16,8,1
2023-08-03 17:00:00,31.8,63,8.4,32,231.0,1003.0,0.0,36.3,36,12.1,47,214.0,998.2,0.0,-4.4999999999999964,17,8,1
2023-08-03 18:00:00,30.4,67,15.0,67,44.0,1003.6,0.1,32.4,50,10.1,32,35.0,999.2,0.3,-2.0,18,8,1
2023-08-03 19:00:00,29.5,66,17.9,24,0.0,1004.4,0.0,29.2,71,19.8,49,0.0,1000.5,0.0,0.3000000000000007,19,8,0
2023-08-03 20:00:00,29.5,79,15.6,21,0.0,1005.5,0.1,29.5,73,11.7,52,0.0,1001.2,0.0,0.0,20,8,0
2023-08-03 21:00:00,29.3,80,13.0,54,0.0,1006.4,0.0,29.2,81,8.5,70,0.0,1002.2,0.0,0.10000000000000142,21,8,0
2023-08-03 22:00:00,29.2,80,15.5,66,0.0,1006.8,0.0,28.7,80,14.7,62,0.0,1002.7,0.2,0.5,22,8,0
2023-08-03 23:00:00,29.0,76,16.9,27,0.0,1006.8,0.1,28.6,83,11.9,28,0.0,1002.8,0.0,0.3999999999999986,23,8,0
2023-08-04 00:00:00,28.5,81,16.6,11,0.0,1006.5,0.0,28.3,86,9.7,20,0.0,1002.3,0.0,0.1999999999999993,0,8,0
2023-08-04 01:00:00,28.1,86,11.5,9,0.0,1006.0,0.0,28.0,86,6.9,9,0.0,1001.8,0.0,0.10000000000000142,1,8,0
2023-08-04 02:00:00,27.7,87,8.4,22,0.0,1005.9,0.0,27.5,85,6.0,49,0.0,1001.6,0.0,0.1999999999999993,2,8,0
2023-08-04 03:00:00,27.6,83,9.7,12,0.0,1005.9,0.0,27.5,79,7.3,81,0.0,1001.7,0.0,0.10000000000000142,3,8,0
2023-08-04 04:00:00,28.3,62,10.9,72,0.0,1006.1,0.0,27.6,70,9.1,46,0.0,1002.0,0.0,0.6999999999999993,4,8,0
2023-08-04 05:00:00,28.2,61,8.6,20,0.0,1006.3,0.0,28.4,68,12.4,21,0.0,1002.1,0.0,-0.1999999999999993,5,8,0
2023-08-04 06:00:00,28.0,66,9.0,97,14.0,1006.9,0.0,29.0,59,13.4,100,13.0,1002.6,0.0,-1.0,6,8,1
2023-08-04 07:00:00,29.1,64,8.9,100,132.0,1007.4,0.0,29.9,57,11.9,100,133.0,1003.1,0.0,-0.7999999999999972,7,8,1
2023-08-04 08:00:00,30.7,54,12.7,93,332.0,1007.8,0.0,31.1,52,15.5,100,329.0,1003.5,0.0,-0.40000000000000213,8,8,1
2023-08-04 09:00:00,31.9,51,12.3,80,545.0,1008.1,0.0,32.4,49,14.4,100,523.0,1003.9,0.0,-0.5,9,8,1
2023-08-04 10:00:00,33.2,48,11.6,78,752.0,1008.1,0.0,33.8,46,13.4,95,735.0,1003.8,0.0,-0.5999999999999943,10,8,1
2023-08-04 11:00:00,34.9,44,15.5,87,889.0,1007.7,0.0,34.5,46,18.5,58,877.0,1003.6,0.8,0.3999999999999986,11,8,1
2023-08-04 12:00:00,35.9,43,15.5,55,908.0,1006.6,0.0,36.1,42,13.1,40,767.0,1002.3,0.0,-0.20000000000000284,12,8,1
2023-08-04 13:00:00,36.8,41,13.7,79,881.0,1005.6,0.0,37.6,38,15.8,48,868.0,1001.3,0.0,-0.8000000000000043,13,8,1
2023-08-04 14:00:00,35.4,43,6.8,100,629.0,1004.9,0.0,37.6,37,11.7,94,611.0,1000.4,0.0,-2.200000000000003,14,8,1
2023-08-04 15:00:00,31.4,64,15.3,83,352.0,1004.8,0.4,32.4,60,17.8,85,408.0,1000.2,0.3,-1.0,15,8,1
2023-08-04 16:00:00,31.2,63,19.5,83,371.0,1004.8,0.4,32.1,61,7.0,86,322.0,1000.7,0.3,-0.9000000000000021,16,8,1
2023-08-04 17:00:00,31.9,63,10.0,100,190.0,1004.9,0.1,34.7,43,3.6,83,196.0,1000.4,0.1,-2.8000000000000043,17,8,1
2023-08-04 18:00:00,31.0,66,6.0,99,43.0,1005.2,0.0,31.5,57,11.6,100,63.0,1000.8,0.0,-0.5,18,8,1
2023-08-04 19:00:00,30.4,67,13.6,98,0.0,1005.9,0.0,30.3,59,9.1,96,0.0,1001.8,0.0,0.09999999999999787,19,8,0
2023-08-04 20:00:00,30.0,69,13.7,99,0.0,1007.1,0.0,30.1,63,10.7,100,0.0,1003.3,0.0,-0.10000000000000142,20,8,0
2023-08-04 21:00:00,29.9,68,17.3,95,0.0,1007.9,0.0,29.6,68,12.4,99,0.0,1003.9,0.0,0.29999999999999716,21,8,0
2023-08-04 22:00:00,29.7,67,16.9,69,0.0,1008.2,0.0,29.2,67,11.7,99,0.0,1004.1,0.0,0.5,22,8,0
2023-08-04 23:00:00,29.4,65,16.3,100,0.0,1008.2,0.0,29.0,67,7.9,82,0.0,1004.0,0.0,0.3999999999999986,23,8,0
2023-08-05 00:00:00,29.3,64,12.9,100,0.0,1007.6,0.0,28.8,67,6.5,100,0.0,1003.4,0.0,0.5,0,8,0
2023-08-05 01:00:00,29.1,65,9.7,97,0.0,1007.2,0.0,28.8,67,8.4,100,0.0,1003.0,0.0,0.3000000000000007,1,8,0
2023-08-05 02:00:00,28.9,65,11.5,45,0.0,1006.8,0.0,28.7,67,9.8,99,0.0,1002.7,0.0,0.1999999999999993,2,8,0
2023-08-05 03:00:00,28.7,65,11.3,100,0.0,1006.8,0.0,28.4,68,8.5,46,0.0,1002.6,0.0,0.3000000000000007,3,8,0
2023-08-05 04:00:00,28.3,65,11.4,14,0.0,1007.0,0.0,27.7,71,7.4,21,0.0,1002.9,0.0,0.6000000000000014,4,8,0
2023-08-05 05:00:00,29.3,64,10.8,80,0.0,1007.4,0.0,28.7,68,9.9,88,0.0,1003.3,0.0,0.6000000000000014,5,8,0
2023-08-05 06:00:00,29.2,65,12.4,99,12.0,1008.2,0.0,29.4,64,11.7,100,11.0,1004.0,0.0,-0.1999999999999993,6,8,1
2023-08-05 07:00:00,30.5,62,13.4,88,141.0,1008.9,0.0,30.8,59,11.3,68,120.0,1004.8,0.0,-0.3000000000000007,7,8,1
2023-08-05 08:00:00,31.9,54,17.2,30,364.0,1009.3,0.0,32.0,52,17.3,94,352.0,1005.1,0.0,-0.10000000000000142,8,8,1
2023-08-05 09:00:00,33.0,50,15.5,49,576.0,1009.3,0.0,33.3,49,15.8,71,564.0,1005.2,0.0,-0.29999999999999716,9,8,1
2023-08-05 10:00:00,34.3,47,13.9,95,743.0,1009.0,0.0,34.6,45,14.5,58,723.0,1004.7,0.0,-0.30000000000000426,10,8,1
2023-08-05 11:00:00,35.2,44,12.0,95,806.0,1008.5,0.0,35.7,41,13.5,64,838.0,1004.2,0.1,-0.5,11,8,1
2023-08-05 12:00:00,36.1,41,11.8,60,803.0,1007.3,0.0,36.8,39,13.8,39,861.0,1003.0,0.0,-0.6999999999999957,12,8,1
2023-08-05 13:00:00,36.4,40,7.0,91,859.0,1006.5,0.0,37.5,37,11.2,70,844.0,1002.2,0.0,-1.1000000000000014,13,8,1
2023-08-05 14:00:00,35.4,42,8.1,97,721.0,1006.0,0.1,37.2,36,4.0,100,690.0,1001.5,0.1,-1.8000000000000043,14,8,1
2023-08-05 15:00:00,32.9,56,16.3,84,528.0,1005.5,0.2,35.3,42,6.0,95,463.0,1000.9,0.2,-2.3999999999999986,15,8,1
2023-08-05 16:00:00,31.7,61,18.7,68,401.0,1005.0,0.2,33.0,58,13.8,75,321.0,1000.4,0.3,-1.3000000000000007,16,8,1
2023-08-05 17:00:00,31.5,64,16.2,62,231.0,1005.8,0.1,32.3,61,14.3,80,229.0,1001.4,0.2,-0.7999999999999972,17,8,1
2023-08-05 18:00:00,30.5,74,14.4,97,50.0,1006.4,0.0,30.5,70,12.9,100,51.0,1002.1,0.1,0.0,18,8,1
2023-08-05 19:00:00,29.8,78,11.8,34,0.0,1007.2,0.0,29.9,74,12.4,27,0.0,1002.8,0.0,-0.09999999999999787,19,8,0
2023-08-05 20:00:00,29.6,79,12.7,33,0.0,1008.2,0.0,29.9,72,10.4,35,0.0,1003.9,0.0,-0.29999999999999716,20,8,0
2023-08-05 21:00:00,29.4,78,13.4,14,0.0,1008.7,0.0,29.5,72,10.9,18,0.0,1004.5,0.0,-0.10000000000000142,21,8,0
2023-08-05 22:00:00,29.2,78,13.4,75,0.0,1009.1,0.0,28.9,78,12.8,47,0.0,1004.9,0.0,0.3000000000000007,22,8,0
2023-08-05 23:00:00,29.1,76,14.8,76,0.0,1008.8,0.0,29.0,77,13.6,40,0.0,1004.6,0.0,0.10000000000000142,23,8,0
2023-08-06 00:00:00,28.9,76,14.5,72,0.0,1008.6,0.0,28.7,77,13.4,84,0.0,1004.5,0.0,0.1999999999999993,0,8,0
2023-08-06 01:00:00,27.2,84,16.1,84,0.0,1008.9,1.3,28.6,76,7.9,62,0.0,1004.3,0.1,-1.4000000000000021,1,8,0
2023-08-06 02:00:00,25.9,89,15.9,62,0.0,1008.4,0.3,26.5,88,8.7,63,0.0,1004.1,1.3,-0.6000000000000014,2,8,0
2023-08-06 03:00:00,25.0,89,10.5,82,0.0,1008.4,1.2,25.7,91,4.8,80,0.0,1004.1,3.3,-0.6999999999999993,3,8,0
2023-08-06 04:00:00,24.3,93,13.8,79,0.0,1008.4,8.6,25.5,93,6.5,59,0.0,1003.9,3.6,-1.1999999999999993,4,8,0
2023-08-06 05:00:00,27.2,85,10.2,47,0.0,1008.1,0.1,27.4,83,12.2,73,0.0,1003.2,0.0,-0.1999999999999993,5,8,0
2023-08-06 06:00:00,26.0,90,13.5,88,9.0,1008.5,1.8,27.8,80,5.5,97,12.0,1003.9,0.2,-1.8000000000000007,6,8,1
2023-08-06 07:00:00,27.0,85,9.8,88,115.0,1008.8,0.1,27.8,83,2.5,98,109.0,1004.8,0.7,-0.8000000000000007,7,8,1
2023-08-06 08:00:00,29.5,75,9.2,96,327.0,1008.9,0.0,30.4,70,5.6,92,285.0,1004.6,0.0,-0.8999999999999986,8,8,1
2023-08-06 09:00:00,32.0,62,11.4,56,545.0,1008.8,0.0,32.9,54,11.0,50,442.0,1004.6,0.0,-0.8999999999999986,9,8,1
2023-08-06 10:00:00,33.7,53,12.5,34,715.0,1008.3,0.0,34.7,47,13.3,83,701.0,1004.0,0.0,-1.0,10,8,1
2023-08-06 11:00:00,35.1,48,10.9,54,864.0,1007.4,0.0,36.0,42,14.6,62,826.0,1003.1,0.0,-0.8999999999999986,11,8,1
2023-08-06 12:00:00,35.8,45,8.9,98,881.0,1006.3,0.0,37.2,39,15.9,64,864.0,1002.0,0.0,-1.4000000000000057,12,8,1
2023-08-06 13:00:00,36.0,44,7.3,45,835.0,1004.9,0.0,37.9,37,15.8,50,861.0,1000.6,0.0,-1.8999999999999986,13,8,1
2023-08-06 14:00:00,35.2,53,9.5,86,774.0,1004.1,0.0,37.7,38,12.6,70,747.0,999.8,0.0,-2.5,14,8,1
2023-08-06 15:00:00,33.6,62,15.5,90,528.0,1003.5,0.1,36.0,41,7.2,95,585.0,999.3,0.2,-2.3999999999999986,15,8,1
2023-08-06 16:00:00,33.2,59,18.1,91,406.0,1003.0,0.0,36.7,39,11.3,67,475.0,998.8,0.0,-3.5,16,8,1
2023-08-06 17:00:00,32.7,57,13.3,84,220.0,1004.1,0.0,32.3,60,10.5,59,236.0,1000.0,0.0,0.4000000000000057,17,8,1
2023-08-06 18:00:00,31.5,63,9.0,86,55.0,1004.6,0.0,31.8,60,6.0,94,49.0,1000.5,0.0,-0.3000000000000007,18,8,1
2023-08-06 19:00:00,30.9,67,7.7,90,0.0,1005.5,0.0,31.3,61,5.1,100,0.0,1001.2,0.0,-0.40000000000000213,19,8,0
2023-08-06 20:00:00,30.4,68,8.7,99,0.0,1005.7,0.0,30.6,65,9.2,94,0.0,1001.6,0.0,-0.20000000000000284,20,8,0
2023-08-06 21:00:00,30.1,71,9.4,95,0.0,1006.6,0.0,29.9,67,7.9,90,0.0,1002.3,0.0,0.20000000000000284,21,8,0
2023-08-06 22:00:00,29.1,75,7.0,75,0.0,1008.1,1.1,29.4,71,11.0,97,0.0,1003.6,0.1,-0.29999999999999716,22,8,0
2023-08-06 23:00:00,28.4,79,7.8,98,0.0,1007.3,0.8,28.8,74,7.1,96,0.0,1003.2,0.8,-0.40000000000000213,23,8,0
2023-08-07 00:00:00,28.1,79,12.7,100,0.0,1006.7,0.0,27.6,80,17.5,94,0.0,1002.6,0.4,0.5,0,8,0
2023-08-07 01:00:00,27.5,81,14.3,100,0.0,1006.2,0.0,26.9,78,11.5,100,0.0,1001.9,0.0,0.6000000000000014,1,8,0
2023-08-07 02:00:00,27.1,80,12.7,100,0.0,1005.6,0.1,26.8,79,7.9,96,0.0,1001.4,0.0,0.3000000000000007,2,8,0
2023-08-07 03:00:00,26.2,83,16.7,99,0.0,1005.5,0.7,26.6,79,11.8,87,0.0,1001.5,0.0,-0.40000000000000213,3,8,0
2023-08-07 04:00:00,26.4,82,13.9,99,0.0,1005.5,0.0,26.4,78,10.2,91,0.0,1001.4,0.0,0.0,4,8,0
2023-08-07 05:00:00,26.8,83,6.5,99,0.0,1005.7,0.0,26.6,82,9.3,94,0.0,1001.3,0.0,0.1999999999999993,5,8,0
2023-08-07 06:00:00,27.2,85,14.2,100,10.0,1006.1,0.0,27.2,83,14.0,100,10.0,1001.8,0.1,0.0,6,8,1
2023-08-07 07:00:00,27.4,84,13.5,99,125.0,1006.9,0.0,28.1,81,10.4,100,87.0,1002.6,0.0,-0.7000000000000028,7,8,1
2023-08-07 08:00:00,29.3,77,12.7,100,283.0,1006.9,0.0,30.1,71,8.8,96,263.0,1002.7,0.0,-0.8000000000000007,8,8,1
2023-08-07 09:00:00,31.4,64,11.4,100,387.0,1006.7,0.0,32.7,53,14.1,100,479.0,1002.4,0.0,-1.3000000000000043,9,8,1
2023-08-07 10:00:00,33.7,51,11.6,100,695.0,1006.3,0.0,34.3,48,14.5,100,753.0,1001.9,0.0,-0.5999999999999943,10,8,1
2023-08-07 11:00:00,35.1,45,11.1,100,811.0,1005.4,0.0,35.0,45,13.9,100,782.0,1001.2,0.0,0.10000000000000142,11,8,1
2023-08-07 12:00:00,35.6,43,10.4,100,842.0,1004.5,0.0,36.1,42,14.0,100,888.0,1000.3,0.0,-0.5,12,8,1
2023-08-07 13:00:00,35.6,43,5.4,100,770.0,1003.3,0.0,36.9,40,11.6,100,838.0,999.0,0.0,-1.2999999999999972,13,8,1
2023-08-07 14:00:00,35.3,44,6.2,100,706.0,1002.3,0.0,37.1,39,6.4,100,732.0,997.9,0.0,-1.8000000000000043,14,8,1
2023-08-07 15:00:00,33.1,64,14.0,100,534.0,1001.8,0.0,36.3,39,3.2,100,592.0,997.4,0.0,-3.1999999999999957,15,8,1
2023-08-07 16:00:00,32.0,67,18.7,100,427.0,1001.6,0.0,34.5,54,10.9,100,438.0,997.0,0.0,-2.5,16,8,1
2023-08-07 17:00:00,30.3,74,16.1,100,221.0,1003.2,0.0,32.5,63,12.0,100,215.0,998.8,0.0,-2.1999999999999993,17,8,1
2023-08-07 18:00:00,30.2,74,12.9,100,60.0,1003.4,0.0,30.4,72,13.8,99,48.0,999.2,0.1,-0.1999999999999993,18,8,1
2023-08-07 19:00:00,29.6,81,15.6,100,0.0,1004.0,0.0,29.7,78,10.8,100,0.0,999.8,0.0,-0.09999999999999787,19,8,0
2023-08-07 20:00:00,29.3,81,13.6,100,0.0,1004.8,0.0,29.4,80,10.3,100,0.0,1000.6,0.0,-0.09999999999999787,20,8,0
2023-08-07 21:00:00,29.1,82,8.9,100,0.0,1005.6,0.0,29.2,77,11.0,100,0.0,1001.2,0.0,-0.09999999999999787,21,8,0
2023-08-07 22:00:00,28.8,85,11.9,100,0.0,1006.0,0.0,28.9,80,10.4,100,0.0,1001.7,0.0,-0.09999999999999787,22,8,0
2023-08-07 23:00:00,28.7,85,13.6,100,0.0,1005.8,0.0,28.9,80,12.3,100,0.0,1001.7,0.0,-0.1999999999999993,23,8,0
2023-08-08 00:00:00,28.6,83,14.2,100,0.0,1005.3,0.0,28.8,80,12.0,100,0.0,1001.2,0.0,-0.1999999999999993,0,8,0
2023-08-08 01:00:00,28.7,79,16.8,100,0.0,1004.7,0.0,28.7,77,13.3,100,0.0,1000.7,0.0,0.0,1,8,0
2023-08-08 02:00:00,28.7,76,17.1,100,0.0,1004.2,0.0,28.3,77,15.0,100,0.0,1000.1,0.0,0.3999999999999986,2,8,0
2023-08-08 03:00:00,28.1,78,12.4,100,0.0,1004.2,0.0,27.5,78,13.7,100,0.0,999.9,0.0,0.6000000000000014,3,8,0
2023-08-08 04:00:00,27.9,77,13.1,100,0.0,1004.8,0.0,27.7,78,10.6,100,0.0,1000.4,0.0,0.1999999999999993,4,8,0
2023-08-08 05:00:00,24.4,93,14.3,100,0.0,1006.0,0.0,25.2,88,10.9,100,0.0,1000.8,0.0,-0.8000000000000007,5,8,0
2023-08-08 06:00:00,25.3,88,9.3,100,8.0,1005.6,1.1,26.2,88,4.8,100,6.0,1001.2,0.1,-0.8999999999999986,6,8,1
2023-08-08 07:00:00,26.7,86,8.9,100,91.0,1006.1,0.6,27.3,86,1.9,100,82.0,1001.8,0.0,-0.6000000000000014,7,8,1
2023-08-08 08:00:00,28.5,82,7.1,100,224.0,1006.5,0.0,29.1,76,1.6,100,200.0,1002.3,0.0,-0.6000000000000014,8,8,1
2023-08-08 09:00:00,30.9,68,8.8,100,442.0,1006.8,0.0,31.0,68,4.3,100,335.0,1002.6,0.0,-0.10000000000000142,9,8,1
2023-08-08 10:00:00,32.8,57,8.6,100,609.0,1006.6,0.0,33.5,52,9.3,100,576.0,1002.3,0.0,-0.7000000000000028,10,8,1
2023-08-08 11:00:00,34.0,51,7.2,100,701.0,1006.1,0.0,34.8,46,10.3,100,727.0,1001.7,0.0,-0.7999999999999972,11,8,1
2023-08-08 12:00:00,34.9,47,4.0,100,812.0,1005.1,0.0,35.8,43,12.2,100,854.0,1000.8,0.0,-0.8999999999999986,12,8,1
2023-08-08 13:00:00,35.1,45,1.0,100,808.0,1004.1,0.0,36.3,40,11.3,100,785.0,999.8,0.0,-1.1999999999999957,13,8,1
2023-08-08 14:00:00,34.1,52,8.9,100,701.0,1003.5,0.0,36.9,39,7.1,100,772.0,999.0,0.0,-2.799999999999997,14,8,1
2023-08-08 15:00:00,32.6,64,15.5,100,564.0,1003.1,0.0,36.3,40,1.5,100,600.0,998.5,0.0,-3.6999999999999957,15,8,1
2023-08-08 16:00:00,31.3,68,18.7,100,358.0,1003.0,0.0,34.2,52,11.5,100,381.0,998.6,0.0,-2.900000000000002,16,8,1
2023-08-08 17:00:00,31.6,65,9.9,100,192.0,1004.3,0.0,31.9,63,12.4,100,212.0,1000.0,0.0,-0.29999999999999716,17,8,1
2023-08-08 18:00:00,30.5,74,11.2,100,50.0,1004.9,0.0,30.6,69,10.3,100,45.0,1000.6,0.0,-0.10000000000000142,18,8,1
2023-08-08 19:00:00,29.7,79,9.5,100,0.0,1005.8,0.0,30.0,73,9.2,100,0.0,1001.5,0.0,-0.3000000000000007,19,8,0
2023-08-08 20:00:00,29.4,80,8.8,100,0.0,1006.9,0.0,29.5,77,10.6,100,0.0,1002.5,0.0,-0.10000000000000142,20,8,0
2023-08-08 21:00:00,29.1,82,8.7,100,0.0,1007.6,0.0,29.1,82,7.9,100,0.0,1003.3,0.0,0.0,21,8,0
2023-08-08 22:00:00,28.9,81,11.6,100,0.0,1007.8,0.0,28.8,82,5.8,100,0.0,1003.6,0.0,0.09999999999999787,22,8,0
2023-08-08 23:00:00,28.7,81,13.8,100,0.0,1007.4,0.0,28.6,82,9.0,100,0.0,1003.3,0.0,0.09999999999999787,23,8,0
2023-08-09 00:00:00,28.6,80,15.0,100,0.0,1007.0,0.0,28.3,80,12.3,100,0.0,1003.0,0.1,0.3000000000000007,0,8,0
2023-08-09 01:00:00,28.2,77,14.8,100,0.0,1006.5,0.0,26.9,84,10.7,100,0.0,1002.3,0.4,1.3000000000000007,1,8,0
2023-08-09 02:00:00,27.5,78,11.2,99,0.0,1006.0,0.0,26.9,84,9.8,98,0.0,1001.6,0.0,0.6000000000000014,2,8,0
2023-08-09 03:00:00,27.2,80,9.2,98,0.0,1006.0,0.0,26.6,86,4.6,91,0.0,1001.7,0.0,0.5999999999999979,3,8,0
2023-08-09 04:00:00,27.1,81,7.7,100,0.0,1006.1,0.0,26.4,88,4.5,99,0.0,1001.8,0.0,0.7000000000000028,4,8,0
2023-08-09 05:00:00,26.7,87,8.1,97,0.0,1007.2,0.0,26.2,89,6.3,81,0.0,1003.1,0.0,0.5,5,8,0
2023-08-09 06:00:00,27.2,83,8.0,78,9.0,1007.3,0.0,27.2,84,7.4,99,7.0,1003.1,0.0,0.0,6,8,1
2023-08-09 07:00:00,28.4,79,5.8,100,137.0,1008.5,0.0,28.4,79,5.6,97,89.0,1003.9,0.0,0.0,7,8,1
2023-08-09 08:00:00,29.0,72,12.2,100,246.0,1009.1,0.0,28.9,75,10.3,100,305.0,1005.1,1.6,0.10000000000000142,8,8,1
2023-08-09 09:00:00,30.7,63,11.6,100,449.0,1009.2,0.0,30.0,68,6.0,100,321.0,1004.7,0.1,0.6999999999999993,9,8,1
2023-08-09 10:00:00,32.4,56,7.8,100,651.0,1008.7,0.0,32.1,58,7.5,100,531.0,1004.6,0.0,0.29999999999999716,10,8,1
2023-08-09 11:00:00,33.6,52,5.0,100,770.0,1008.2,0.0,34.1,51,7.5,99,775.0,1003.9,0.0,-0.5,11,8,1
2023-08-09 12:00:00,34.4,51,1.1,100,906.0,1007.4,0.0,35.0,49,7.5,100,807.0,1003.0,0.0,-0.6000000000000014,12,8,1
2023-08-09 13:00:00,34.3,53,8.6,100,862.0,1006.7,0.0,35.3,48,5.4,100,737.0,1002.2,0.0,-1.0,13,8,1
2023-08-09 14:00:00,32.7,64,11.1,100,717.0,1006.0,1.9,35.1,48,3.4,100,691.0,1001.4,0.0,-2.3999999999999986,14,8,1
2023-08-09 15:00:00,31.9,65,12.2,100,481.0,1005.2,0.0,33.3,58,8.6,98,536.0,1000.8,0.3,-1.3999999999999986,15,8,1
2023-08-09 16:00:00,31.9,63,9.4,100,351.0,1005.0,0.0,32.1,63,10.7,100,341.0,1000.7,0.0,-0.20000000000000284,16,8,1
2023-08-09 17:00:00,31.8,63,4.3,100,208.0,1005.3,0.0,32.5,62,3.1,100,172.0,1001.1,0.0,-0.6999999999999993,17,8,1
2023-08-09 18:00:00,30.7,69,6.0,100,57.0,1005.8,0.0,31.3,69,3.7,100,60.0,1001.4,0.0,-0.6000000000000014,18,8,1
2023-08-09 19:00:00,29.9,78,9.0,99,0.0,1006.7,0.0,30.3,76,3.6,99,0.0,1002.4,0.0,-0.40000000000000213,19,8,0
2023-08-09 20:00:00,29.5,78,7.7,99,0.0,1007.5,0.0,29.8,77,6.3,98,0.0,1003.2,0.0,-0.3000000000000007,20,8,0
2023-08-09 21:00:00,29.2,78,8.7,82,0.0,1008.0,0.0,29.4,77,6.8,100,0.0,1003.7,0.0,-0.1999999999999993,21,8,0
2023-08-09 22:00:00,28.9,82,8.6,86,0.0,1008.4,0.0,29.0,79,7.2,100,0.0,1004.1,0.0,-0.10000000000000142,22,8,0
2023-08-09 23:00:00,28.7,84,9.5,100,0.0,1008.1,0.0,28.7,81,8.4,94,0.0,1003.9,0.0,0.0,23,8,0
2023-08-10 00:00:00,28.5,83,11.2,100,0.0,1007.4,0.0,28.6,81,10.6,100,0.0,1003.3,0.0,-0.10000000000000142,0,8,0
2023-08-10 01:00:00,28.4,81,11.7,100,0.0,1007.0,0.0,28.5,79,11.7,100,0.0,1002.9,0.0,-0.10000000000000142,1,8,0
2023-08-10 02:00:00,28.2,80,12.3,100,0.0,1006.5,0.0,28.3,78,14.5,100,0.0,1002.3,0.0,-0.10000000000000142,2,8,0
2023-08-10 03:00:00,28.0,78,14.3,100,0.0,1006.6,0.0,27.8,74,14.8,100,0.0,1002.5,0.0,0.1999999999999993,3,8,0
2023-08-10 04:00:00,27.8,75,14.6,100,0.0,1007.2,0.0,27.5,76,13.7,100,0.0,1002.9,0.0,0.3000000000000007,4,8,0
2023-08-10 05:00:00,25.3,87,8.0,100,0.0,1008.1,0.0,25.2,88,12.3,100,0.0,1003.5,0.0,0.10000000000000142,5,8,0
2023-08-10 06:00:00,25.9,87,10.5,100,9.0,1008.6,0.1,25.8,88,11.0,100,4.0,1003.9,0.3,0.09999999999999787,6,8,1
2023-08-10 07:00:00,27.0,84,9.1,100,123.0,1009.1,0.0,27.2,87,7.3,100,84.0,1004.8,0.0,-0.1999999999999993,7,8,1
2023-08-10 08:00:00,29.1,75,9.7,100,322.0,1009.2,0.0,29.2,73,10.9,100,230.0,1004.9,0.0,-0.09999999999999787,8,8,1
2023-08-10 09:00:00,31.5,63,11.0,100,573.0,1009.0,0.0,31.6,58,12.6,100,494.0,1004.7,0.0,-0.10000000000000142,9,8,1
2023-08-10 10:00:00,33.2,55,12.0,100,737.0,1008.8,0.0,33.4,51,13.5,100,694.0,1004.5,0.0,-0.19999999999999574,10,8,1
2023-08-10 11:00:00,34.3,49,12.1,100,778.0,1008.1,0.0,34.7,47,13.0,100,804.0,1003.8,0.0,-0.4000000000000057,11,8,1
2023-08-10 12:00:00,35.0,47,9.4,100,818.0,1007.1,0.0,35.5,45,11.0,100,809.0,1002.7,0.0,-0.5,12,8,1
2023-08-10 13:00:00,34.7,49,8.7,100,812.0,1006.3,0.0,36.5,42,9.3,99,825.0,1001.8,0.0,-1.7999999999999972,13,8,1
2023-08-10 14:00:00,32.9,63,13.3,100,718.0,1005.8,0.4,34.4,49,11.3,100,733.0,1001.4,0.3,-1.5,14,8,1
2023-08-10 15:00:00,31.5,68,12.3,100,507.0,1005.4,0.1,32.4,62,10.9,99,534.0,1001.1,0.1,-0.8999999999999986,15,8,1
2023-08-10 16:00:00,30.9,70,11.3,97,355.0,1005.3,0.1,32.7,58,11.0,94,434.0,1000.8,0.0,-1.8000000000000043,16,8,1
2023-08-10 17:00:00,29.5,79,13.0,78,216.0,1006.4,0.0,31.6,65,7.1,51,218.0,1002.4,0.0,-2.1000000000000014,17,8,1
2023-08-10 18:00:00,29.5,78,11.9,97,58.0,1006.8,0.0,30.5,70,6.8,100,50.0,1002.8,0.0,-1.0,18,8,1
2023-08-10 19:00:00,29.1,79,9.5,100,0.0,1007.0,0.0,29.7,76,7.6,95,0.0,1002.8,0.3,-0.5999999999999979,19,8,0
2023-08-10 20:00:00,28.9,80,9.0,100,0.0,1007.8,0.0,28.8,81,10.3,86,0.0,1003.6,0.1,0.09999999999999787,20,8,0
2023-08-10 21:00:00,28.3,82,12.4,100,0.0,1008.4,0.0,28.1,78,12.4,100,0.0,1004.1,0.0,0.1999999999999993,21,8,0
2023-08-10 22:00:00,27.6,78,13.5,100,0.0,1008.8,0.0,27.4,79,12.3,100,0.0,1004.6,0.0,0.20000000000000284,22,8,0
2023-08-10 23:00:00,27.3,78,13.6,100,0.0,1008.4,0.0,27.1,80,11.8,96,0.0,1004.2,0.0,0.1999999999999993,23,8,0
2023-08-11 00:00:00,27.2,78,14.0,100,0.0,1007.6,0.0,26.9,80,11.5,99,0.0,1003.4,0.0,0.3000000000000007,0,8,0
2023-08-11 01:00:00,27.2,77,14.2,99,0.0,1007.0,0.0,26.6,78,10.4,95,0.0,1002.8,0.0,0.5999999999999979,1,8,0
2023-08-11 02:00:00,27.1,75,12.6,100,0.0,1006.3,0.0,26.5,78,9.7,100,0.0,1002.3,0.0,0.6000000000000014,2,8,0
2023-08-11 03:00:00,26.9,74,11.8,100,0.0,1006.1,0.0,26.5,76,10.2,100,0.0,1002.0,0.0,0.3999999999999986,3,8,0
2023-08-11 04:00:00,26.6,74,10.9,99,0.0,1006.2,0.0,26.4,75,9.3,100,0.0,1002.0,0.0,0.20000000000000284,4,8,0
2023-08-11 05:00:00,26.7,78,14.2,99,0.0,1006.7,0.0,26.8,77,6.6,100,0.0,1002.4,0.0,-0.10000000000000142,5,8,0
2023-08-11 06:00:00,26.6,80,15.0,99,8.0,1007.3,0.0,25.2,88,10.6,100,8.0,1003.9,15.5,1.4000000000000021,6,8,1
2023-08-11 07:00:00,26.9,82,17.0,100,105.0,1007.9,0.0,25.6,90,12.9,37,67.0,1004.0,0.7,1.2999999999999972,7,8,1
2023-08-11 08:00:00,29.7,73,14.5,67,342.0,1007.9,0.0,28.2,84,11.0,28,354.0,1003.8,0.8,1.5,8,8,1
2023-08-11 09:00:00,32.1,60,15.5,98,543.0,1008.0,0.0,31.3,65,11.5,92,543.0,1003.9,0.1,0.8000000000000007,9,8,1
2023-08-11 10:00:00,33.3,54,12.7,99,598.0,1008.0,0.0,32.8,57,13.3,100,643.0,1003.7,0.0,0.5,10,8,1
2023-08-11 11:00:00,33.7,54,9.3,100,688.0,1007.4,0.0,33.0,59,12.1,100,701.0,1003.1,0.0,0.7000000000000028,11,8,1
2023-08-11 12:00:00,33.9,55,2.9,100,758.0,1006.6,0.0,33.2,58,8.9,100,767.0,1002.4,0.1,0.6999999999999957,12,8,1
2023-08-11 13:00:00,31.3,69,10.6,100,637.0,1005.9,1.6,33.6,58,4.8,100,731.0,1001.4,0.1,-2.3000000000000007,13,8,1
2023-08-11 14:00:00,31.4,69,7.7,96,600.0,1004.8,0.2,33.7,58,4.4,66,691.0,1000.3,0.1,-2.3000000000000043,14,8,1
2023-08-11 15:00:00,32.1,65,6.0,28,610.0,1004.3,0.0,31.5,65,4.1,59,576.0,1000.0,2.7,0.6000000000000014,15,8,1
2023-08-11 16:00:00,31.5,68,6.8,51,477.0,1004.3,0.0,31.2,68,4.6,79,404.0,1000.1,0.0,0.3000000000000007,16,8,1
2023-08-11 17:00:00,28.6,82,12.0,72,231.0,1005.4,0.1,28.3,81,10.1,44,242.0,1001.4,0.0,0.3000000000000007,17,8,1
2023-08-11 18:00:00,28.0,84,10.3,94,45.0,1006.0,0.1,27.3,89,7.4,95,25.0,1001.8,1.8,0.6999999999999993,18,8,1
2023-08-11 19:00:00,27.6,88,9.5,100,0.0,1006.7,0.2,27.3,93,5.5,100,0.0,1002.2,1.1,0.3000000000000007,19,8,0
2023-08-11 20:00:00,27.3,90,5.0,93,0.0,1007.2,0.1,27.2,95,5.2,96,0.0,1003.0,0.3,0.10000000000000142,20,8,0
2023-08-11 21:00:00,27.1,91,7.3,23,0.0,1007.6,0.0,27.0,94,6.5,50,0.0,1003.5,0.1,0.10000000000000142,21,8,0
2023-08-11 22:00:00,27.0,90,8.7,35,0.0,1008.0,0.0,26.9,90,10.8,100,0.0,1003.8,0.0,0.10000000000000142,22,8,0
2023-08-11 23:00:00,26.9,91,9.5,35,0.0,1007.9,0.0,27.0,88,11.0,100,0.0,1003.6,0.0,-0.10000000000000142,23,8,0
2023-08-12 00:00:00,26.9,89,12.5,90,0.0,1007.6,0.0,26.8,89,16.8,35,0.0,1003.7,0.0,0.09999999999999787,0,8,0
2023-08-12 01:00:00,26.5,90,16.2,99,0.0,1006.9,1.8,25.9,90,12.7,91,0.0,1002.5,0.0,0.6000000000000014,1,8,0
2023-08-12 02:00:00,25.9,92,14.8,100,0.0,1007.1,0.0,25.7,89,14.8,96,0.0,1002.6,0.0,0.1999999999999993,2,8,0
2023-08-12 03:00:00,25.5,91,10.0,100,0.0,1006.4,1.0,25.6,88,11.2,100,0.0,1001.9,0.0,-0.10000000000000142,3,8,0
2023-08-12 04:00:00,25.3,93,10.5,100,0.0,1007.0,1.2,25.4,89,11.0,100,0.0,1002.4,0.0,-0.09999999999999787,4,8,0
2023-08-12 05:00:00,25.2,91,10.5,100,0.0,1006.6,1.1,25.4,90,8.1,100,0.0,1002.2,0.0,-0.1999999999999993,5,8,0
2023-08-12 06:00:00,25.9,88,11.9,100,7.0,1006.7,0.2,26.0,89,9.7,100,4.0,1002.2,0.5,-0.10000000000000142,6,8,1
2023-08-12 07:00:00,27.0,87,14.1,100,132.0,1007.3,0.0,27.0,89,12.3,100,89.0,1003.1,0.1,0.0,7,8,1
2023-08-12 08:00:00,29.3,78,12.3,99,347.0,1007.6,0.0,29.0,79,10.0,96,304.0,1003.4,0.0,0.3000000000000007,8,8,1
2023-08-12 09:00:00,31.4,66,12.6,100,542.0,1007.4,0.0,31.5,64,10.7,91,529.0,1003.2,0.0,-0.10000000000000142,9,8,1
2023-08-12 10:00:00,33.4,57,13.8,99,754.0,1007.2,0.0,33.3,56,13.0,75,767.0,1003.0,0.0,0.10000000000000142,10,8,1
2023-08-12 11:00:00,34.5,51,12.2,99,865.0,1006.4,0.0,34.4,52,12.4,93,885.0,1002.2,0.0,0.10000000000000142,11,8,1
2023-08-12 12:00:00,35.2,49,9.2,83,919.0,1005.5,0.0,35.0,49,9.9,99,894.0,1001.2,0.0,0.20000000000000284,12,8,1
2023-08-12 13:00:00,35.3,51,4.1,100,899.0,1004.5,0.0,35.7,47,9.0,97,877.0,1000.2,0.0,-0.4000000000000057,13,8,1
2023-08-12 14:00:00,35.0,52,3.6,90,807.0,1003.5,0.0,36.1,46,7.4,91,819.0,999.3,0.0,-1.1000000000000014,14,8,1
2023-08-12 15:00:00,33.1,61,12.8,67,623.0,1002.9,0.1,34.7,50,2.7,27,603.0,998.5,0.0,-1.6000000000000014,15,8,1
2023-08-12 16:00:00,31.8,67,17.7,38,412.0,1002.9,0.0,31.8,66,13.9,63,399.0,998.7,0.3,0.0,16,8,1
2023-08-12 17:00:00,27.5,83,8.2,53,219.0,1004.8,4.2,27.3,87,6.4,100,196.0,1001.3,5.1,0.1999999999999993,17,8,1
2023-08-12 18:00:00,27.7,87,10.4,84,34.0,1005.1,0.3,26.8,91,8.7,97,17.0,1001.4,3.3,0.8999999999999986,18,8,1
2023-08-12 19:00:00,26.1,93,11.2,100,0.0,1006.2,6.2,27.0,91,5.4,77,0.0,1001.5,1.8,-0.8999999999999986,19,8,0
2023-08-12 20:00:00,26.4,94,11.6,100,0.0,1007.2,0.7,26.6,91,7.0,87,0.0,1003.0,0.2,-0.20000000000000284,20,8,0
2023-08-12 21:00:00,26.5,93,8.4,100,0.0,1007.4,1.1,26.4,93,6.7,100,0.0,1003.1,0.0,0.10000000000000142,21,8,0
2023-08-12 22:00:00,26.3,93,6.2,100,0.0,1007.6,0.4,26.0,95,4.3,99,0.0,1003.3,0.0,0.3000000000000007,22,8,0
2023-08-12 23:00:00,26.0,93,5.9,99,0.0,1007.3,0.0,26.0,96,5.6,99,0.0,1003.1,0.0,0.0,23,8,0
2023-08-13 00:00:00,25.8,94,8.9,100,0.0,1006.6,0.0,25.7,95,8.7,100,0.0,1002.4,0.0,0.10000000000000142,0,8,0
2023-08-13 01:00:00,25.6,94,9.2,100,0.0,1005.7,0.0,25.7,93,8.4,100,0.0,1001.3,0.0,-0.09999999999999787,1,8,0
2023-08-13 02:00:00,25.5,93,11.6,100,0.0,1005.2,0.0,25.5,94,10.8,100,0.0,1001.0,0.0,0.0,2,8,0
2023-08-13 03:00:00,25.5,93,13.0,100,0.0,1005.3,0.0,25.6,93,11.3,100,0.0,1000.9,0.0,-0.10000000000000142,3,8,0
2023-08-13 04:00:00,25.6,93,11.6,100,0.0,1005.5,0.0,25.5,93,10.9,99,0.0,1001.1,0.0,0.10000000000000142,4,8,0
2023-08-13 05:00:00,26.3,88,11.7,100,0.0,1005.9,0.0,26.2,89,10.2,100,0.0,1001.4,0.0,0.10000000000000142,5,8,0
2023-08-13 06:00:00,25.2,92,4.6,100,11.0,1006.4,7.2,26.6,87,12.3,100,11.0,1001.5,0.2,-1.4000000000000021,6,8,1
2023-08-13 07:00:00,26.5,90,6.4,100,84.0,1006.8,0.7,28.0,84,4.2,100,130.0,1002.5,0.2,-1.5,7,8,1
2023-08-13 08:00:00,27.8,85,5.3,100,186.0,1007.2,0.1,29.0,80,3.9,100,210.0,1003.0,0.0,-1.1999999999999993,8,8,1
2023-08-13 09:00:00,29.8,77,7.4,100,426.0,1007.4,0.0,31.1,66,9.7,100,436.0,1003.0,0.0,-1.3000000000000007,9,8,1
2023-08-13 10:00:00,32.0,65,9.1,100,643.0,1007.0,0.0,32.9,56,11.9,100,666.0,1002.7,0.0,-0.8999999999999986,10,8,1
2023-08-13 11:00:00,33.5,57,7.8,100,834.0,1006.3,0.0,33.8,53,10.9,100,793.0,1002.0,0.0,-0.29999999999999716,11,8,1
2023-08-13 12:00:00,34.1,55,7.3,100,850.0,1005.3,0.0,34.7,51,9.8,100,892.0,1001.0,0.0,-0.6000000000000014,12,8,1
2023-08-13 13:00:00,34.5,52,5.1,100,859.0,1004.2,0.0,35.0,50,8.2,100,828.0,999.9,0.0,-0.5,13,8,1
2023-08-13 14:00:00,34.5,52,5.0,100,766.0,1003.2,0.0,35.3,49,7.5,100,775.0,998.9,0.0,-0.7999999999999972,14,8,1
2023-08-13 15:00:00,34.1,54,5.9,100,628.0,1002.5,0.0,35.1,49,2.9,100,627.0,998.1,0.0,-1.0,15,8,1
2023-08-13 16:00:00,32.4,71,10.2,100,439.0,1002.6,0.1,34.2,52,5.3,100,418.0,998.1,0.0,-1.8000000000000043,16,8,1
2023-08-13 17:00:00,30.7,74,0.5,100,239.0,1003.7,0.0,31.1,70,4.5,100,232.0,999.3,0.0,-0.40000000000000213,17,8,1
2023-08-13 18:00:00,29.9,78,3.7,100,52.0,1004.3,0.0,30.1,79,2.4,100,49.0,1000.0,0.0,-0.20000000000000284,18,8,1
2023-08-13 19:00:00,29.1,82,5.5,100,0.0,1005.6,0.0,28.4,81,8.7,100,0.0,1001.8,2.4,0.7000000000000028,19,8,0
2023-08-13 20:00:00,28.4,83,9.4,100,0.0,1006.3,0.0,27.5,86,10.6,100,0.0,1002.0,0.1,0.8999999999999986,20,8,0
2023-08-13 21:00:00,28.3,79,12.7,100,0.0,1006.9,0.0,27.2,86,3.6,100,0.0,1002.7,0.1,1.1000000000000014,21,8,0
2023-08-13 22:00:00,27.9,81,13.0,100,0.0,1007.1,0.0,27.3,86,10.7,100,0.0,1003.0,0.0,0.5999999999999979,22,8,0
2023-08-13 23:00:00,27.8,80,14.8,100,0.0,1006.9,0.0,27.1,85,12.4,100,0.0,1002.8,0.0,0.6999999999999993,23,8,0
2023-08-14 00:00:00,27.6,79,18.8,100,0.0,1006.4,0.0,26.5,89,15.5,100,0.0,1002.3,0.2,1.1000000000000014,0,8,0
2023-08-14 01:00:00,27.0,85,14.5,100,0.0,1006.0,0.0,26.3,89,13.0,100,0.0,1001.8,0.0,0.6999999999999993,1,8,0
2023-08-14 02:00:00,26.5,86,16.6,100,0.0,1006.2,1.1,26.2,89,10.8,100,0.0,1001.7,0.0,0.3000000000000007,2,8,0
2023-08-14 03:00:00,26.3,91,16.9,100,0.0,1005.7,0.7,26.1,89,8.5,99,0.0,1001.7,0.0,0.1999999999999993,3,8,0
2023-08-14 04:00:00,26.6,90,15.1,100,0.0,1005.9,0.0,26.1,92,7.9,100,0.0,1001.8,0.0,0.5,4,8,0
2023-08-14 05:00:00,26.1,91,13.1,100,0.0,1005.9,0.0,25.7,93,11.2,99,0.0,1001.9,0.0,0.40000000000000213,5,8,0
2023-08-14 06:00:00,26.1,92,12.6,100,10.0,1006.6,0.1,25.0,91,12.0,99,2.0,1002.4,3.1,1.1000000000000014,6,8,1
2023-08-14 07:00:00,26.8,90,14.0,100,145.0,1007.4,0.2,26.0,88,8.8,99,107.0,1003.1,0.8,0.8000000000000007,7,8,1
2023-08-14 08:00:00,28.1,81,16.3,100,328.0,1007.8,0.2,27.0,84,8.4,100,305.0,1003.9,3.6,1.1000000000000014,8,8,1
2023-08-14 09:00:00,29.5,74,13.2,99,499.0,1008.0,0.0,28.8,79,9.0,100,386.0,1003.8,0.1,0.6999999999999993,9,8,1
2023-08-14 10:00:00,31.3,68,10.7,100,717.0,1007.7,0.0,31.2,70,8.7,100,720.0,1003.5,0.0,0.10000000000000142,10,8,1
2023-08-14 11:00:00,32.5,64,8.1,100,861.0,1006.9,0.0,32.7,63,8.0,100,836.0,1002.7,0.0,-0.20000000000000284,11,8,1
2023-08-14 12:00:00,33.4,59,4.0,95,895.0,1006.3,0.0,33.7,59,7.2,100,864.0,1002.0,0.0,-0.30000000000000426,12,8,1
2023-08-14 13:00:00,33.5,60,3.1,100,875.0,1005.3,0.0,34.1,57,6.2,99,862.0,1001.0,0.0,-0.6000000000000014,13,8,1
2023-08-14 14:00:00,32.6,67,10.8,98,754.0,1004.5,0.7,33.5,58,1.8,96,692.0,1000.1,0.0,-0.8999999999999986,14,8,1
2023-08-14 15:00:00,31.0,77,11.2,34,604.0,1004.0,1.9,32.3,63,7.7,58,599.0,999.7,0.1,-1.2999999999999972,15,8,1
2023-08-14 16:00:00,30.8,76,9.2,15,423.0,1003.6,0.1,31.3,71,7.8,52,415.0,999.4,0.1,-0.5,16,8,1
2023-08-14 17:00:00,26.2,91,11.6,38,234.0,1005.2,0.0,26.7,86,4.0,50,215.0,1000.9,0.0,-0.5,17,8,1
2023-08-14 18:00:00,25.8,95,13.8,100,45.0,1005.9,6.0,27.0,88,6.3,96,40.0,1001.3,0.2,-1.1999999999999993,18,8,1
2023-08-14 19:00:00,26.7,87,11.6,99,0.0,1006.1,0.2,26.3,93,2.7,99,0.0,1002.1,0.8,0.3999999999999986,19,8,0
2023-08-14 20:00:00,26.8,85,8.3,88,0.0,1006.9,0.1,26.6,93,3.0,99,0.0,1002.8,0.1,0.1999999999999993,20,8,0
2023-08-14 21:00:00,26.7,87,8.8,88,0.0,1007.8,0.1,26.7,93,8.7,93,0.0,1003.5,0.1,0.0,21,8,0
2023-08-14 22:00:00,26.7,89,9.8,97,0.0,1007.8,0.0,26.8,92,9.3,92,0.0,1003.9,0.0,-0.10000000000000142,22,8,0
2023-08-14 23:00:00,26.9,90,11.9,88,0.0,1007.4,0.0,27.1,92,11.9,100,0.0,1003.2,0.0,-0.20000000000000284,23,8,0
2023-08-15 00:00:00,27.2,90,11.6,98,0.0,1006.8,0.0,27.1,92,9.5,97,0.0,1002.6,0.0,0.09999999999999787,0,8,0
2023-08-15 01:00:00,27.3,90,12.7,100,0.0,1006.0,0.0,27.0,92,11.4,96,0.0,1001.9,0.0,0.3000000000000007,1,8,0
2023-08-15 02:00:00,27.1,90,12.0,99,0.0,1005.6,0.0,26.9,90,12.2,100,0.0,1001.4,0.0,0.20000000000000284,2,8,0
2023-08-15 03:00:00,26.8,90,10.7,95,0.0,1005.5,0.0,26.6,90,11.9,93,0.0,1001.2,0.0,0.1999999999999993,3,8,0
2023-08-15 04:00:00,26.6,91,10.7,68,0.0,1005.6,0.0,26.3,90,11.7,100,0.0,1001.3,0.0,0.3000000000000007,4,8,0
2023-08-15 05:00:00,25.4,90,7.6,94,0.0,1007.2,0.0,25.7,91,9.9,96,0.0,1002.9,0.0,-0.3000000000000007,5,8,0
2023-08-15 06:00:00,26.0,90,11.0,100,4.0,1007.1,1.1,25.8,89,11.6,100,3.0,1002.6,0.3,0.1999999999999993,6,8,1
2023-08-15 07:00:00,26.9,89,10.2,100,101.0,1007.8,0.1,26.8,89,8.9,100,95.0,1003.4,0.0,0.09999999999999787,7,8,1
2023-08-15 08:00:00,27.3,85,11.2,86,278.0,1008.3,0.1,29.0,81,6.2,100,327.0,1004.0,0.2,-1.6999999999999993,8,8,1
2023-08-15 09:00:00,29.0,81,7.6,57,470.0,1008.5,0.3,29.5,78,5.9,89,431.0,1004.1,0.5,-0.5,9,8,1
2023-08-15 10:00:00,30.4,77,5.2,48,636.0,1008.0,0.1,31.3,71,7.3,92,635.0,1003.7,0.0,-0.9000000000000021,10,8,1
2023-08-15 11:00:00,31.9,67,7.0,51,738.0,1007.5,0.1,32.5,63,7.6,90,760.0,1003.3,0.0,-0.6000000000000014,11,8,1
2023-08-15 12:00:00,33.1,61,4.1,38,869.0,1006.7,0.0,33.7,57,6.0,23,873.0,1002.4,0.0,-0.6000000000000014,12,8,1
2023-08-15 13:00:00,33.5,59,3.3,18,835.0,1005.5,0.0,34.1,53,6.8,17,815.0,1001.2,0.0,-0.6000000000000014,13,8,1
2023-08-15 14:00:00,33.5,59,4.7,8,802.0,1004.4,0.0,34.4,53,5.3,10,786.0,1000.0,0.0,-0.8999999999999986,14,8,1
2023-08-15 15:00:00,33.0,65,9.7,19,664.0,1003.9,0.0,34.1,54,1.8,24,654.0,999.6,0.0,-1.1000000000000014,15,8,1
2023-08-15 16:00:00,31.4,80,14.0,20,471.0,1003.9,0.8,32.3,66,9.3,34,436.0,999.6,0.3,-0.8999999999999986,16,8,1
2023-08-15 17:00:00,28.9,76,17.3,9,233.0,1004.5,0.0,30.4,73,3.4,27,211.0,1000.1,0.1,-1.5,17,8,1
2023-08-15 18:00:00,29.5,79,5.8,73,54.0,1004.8,0.1,29.6,80,4.5,57,46.0,1000.6,0.0,-0.10000000000000142,18,8,1
2023-08-15 19:00:00,28.8,80,6.6,100,0.0,1005.5,0.0,29.3,81,7.4,52,0.0,1001.3,0.0,-0.5,19,8,0
2023-08-15 20:00:00,29.0,79,13.3,100,0.0,1006.8,0.0,28.8,82,11.0,94,0.0,1002.6,0.0,0.1999999999999993,20,8,0
2023-08-15 21:00:00,28.7,85,15.2,84,0.0,1007.5,0.0,28.5,82,12.3,54,0.0,1003.3,0.0,0.1999999999999993,21,8,0
2023-08-15 22:00:00,28.5,85,16.0,77,0.0,1007.7,0.0,28.4,81,12.6,30,0.0,1003.5,0.0,0.10000000000000142,22,8,0
2023-08-15 23:00:00,28.3,83,16.7,57,0.0,1007.5,0.0,28.1,83,13.6,36,0.0,1003.4,0.0,0.1999999999999993,23,8,0
2023-08-16 00:00:00,28.0,85,17.2,28,0.0,1007.0,0.0,27.9,84,15.1,11,0.0,1003.0,0.0,0.10000000000000142,0,8,0
2023-08-16 01:00:00,27.7,85,17.2,13,0.0,1006.7,0.0,27.5,83,14.2,17,0.0,1002.6,0.0,0.1999999999999993,1,8,0
2023-08-16 02:00:00,27.4,82,14.8,42,0.0,1006.3,0.0,27.2,81,15.4,14,0.0,1002.1,0.0,0.1999999999999993,2,8,0
2023-08-16 03:00:00,27.1,81,15.3,10,0.0,1006.3,0.0,27.0,79,16.2,12,0.0,1002.0,0.0,0.10000000000000142,3,8,0
2023-08-16 04:00:00,26.9,81,12.0,9,0.0,1006.9,0.0,26.9,77,15.5,11,0.0,1002.5,0.0,0.0,4,8,0
2023-08-16 05:00:00,26.5,89,9.3,17,0.0,1007.2,0.0,26.5,85,11.5,16,0.0,1002.5,0.0,0.0,5,8,0
2023-08-16 06:00:00,26.6,90,6.1,88,12.0,1007.7,0.0,26.6,85,7.1,100,11.0,1003.4,0.0,0.0,6,8,1
2023-08-16 07:00:00,27.9,83,8.7,68,147.0,1008.0,0.0,28.0,80,8.4,14,140.0,1003.7,0.0,-0.10000000000000142,7,8,1
2023-08-16 08:00:00,29.3,77,10.2,22,367.0,1008.2,0.0,29.8,73,10.4,8,372.0,1003.9,0.0,-0.5,8,8,1
2023-08-16 09:00:00,31.0,71,10.8,30,592.0,1008.3,0.0,31.7,65,11.2,8,587.0,1004.0,0.0,-0.6999999999999993,9,8,1
2023-08-16 10:00:00,32.5,64,10.8,10,754.0,1007.8,0.0,33.0,60,11.4,10,765.0,1003.5,0.0,-0.5,10,8,1
2023-08-16 11:00:00,33.5,58,11.4,11,864.0,1007.0,0.0,33.8,58,11.5,22,865.0,1002.7,0.0,-0.29999999999999716,11,8,1
2023-08-16 12:00:00,34.2,56,9.4,17,910.0,1006.0,0.0,34.3,55,9.0,17,869.0,1001.7,0.0,-0.09999999999999432,12,8,1
2023-08-16 13:00:00,34.3,55,3.3,35,874.0,1004.9,0.0,35.0,53,7.3,16,884.0,1000.5,0.0,-0.7000000000000028,13,8,1
2023-08-16 14:00:00,34.2,54,5.4,58,734.0,1004.0,0.0,34.9,51,6.1,73,759.0,999.6,0.0,-0.6999999999999957,14,8,1
2023-08-16 15:00:00,32.5,67,12.9,28,637.0,1003.7,0.4,33.9,53,5.0,23,597.0,999.3,0.0,-1.3999999999999986,15,8,1
2023-08-16 16:00:00,31.5,70,15.1,13,412.0,1003.5,0.0,32.3,66,12.2,27,414.0,999.3,0.1,-0.7999999999999972,16,8,1
2023-08-16 17:00:00,30.3,75,10.5,22,229.0,1004.1,0.0,29.9,75,17.2,25,230.0,999.6,0.0,0.40000000000000213,17,8,1
2023-08-16 18:00:00,29.3,79,16.2,34,50.0,1005.1,0.1,28.7,79,11.5,20,49.0,1000.6,0.0,0.6000000000000014,18,8,1
2023-08-16 19:00:00,28.6,78,13.8,44,0.0,1005.6,0.0,28.6,78,11.0,69,0.0,1001.4,0.0,0.0,19,8,0
2023-08-16 20:00:00,28.2,80,13.2,50,0.0,1006.6,0.0,28.6,79,11.8,83,0.0,1002.1,0.0,-0.40000000000000213,20,8,0
2023-08-16 21:00:00,28.4,79,11.7,50,0.0,1007.3,0.0,28.4,85,10.0,25,0.0,1002.9,0.0,0.0,21,8,0
2023-08-16 22:00:00,28.5,82,10.9,93,0.0,1007.6,0.0,28.2,86,8.0,100,0.0,1003.2,0.0,0.3000000000000007,22,8,0
2023-08-16 23:00:00,28.3,87,7.0,100,0.0,1007.3,0.0,28.3,83,10.9,100,0.0,1002.8,0.0,0.0,23,8,0
2023-08-17 00:00:00,28.2,87,9.7,100,0.0,1006.7,0.0,27.8,83,12.1,97,0.0,1002.3,0.0,0.3999999999999986,0,8,0
2023-08-17 01:00:00,27.7,85,10.6,100,0.0,1006.0,0.0,27.6,80,14.5,94,0.0,1001.8,0.0,0.09999999999999787,1,8,0
2023-08-17 02:00:00,27.5,81,13.9,98,0.0,1005.9,0.0,27.3,75,16.1,100,0.0,1001.7,0.0,0.1999999999999993,2,8,0
2023-08-17 03:00:00,27.1,76,14.0,98,0.0,1005.8,0.0,26.8,73,16.6,100,0.0,1001.5,0.0,0.3000000000000007,3,8,0
2023-08-17 04:00:00,26.7,74,11.8,88,0.0,1005.9,0.0,26.5,73,16.6,81,0.0,1001.5,0.0,0.1999999999999993,4,8,0
2023-08-17 05:00:00,27.4,89,9.8,90,0.0,1006.0,0.0,26.4,85,9.5,80,0.0,1001.5,0.0,1.0,5,8,0
2023-08-17 06:00:00,27.6,85,12.2,45,11.0,1006.4,0.0,26.5,83,7.6,94,10.0,1002.0,0.0,1.1000000000000014,6,8,1
2023-08-17 07:00:00,28.2,78,10.9,33,147.0,1006.7,0.0,27.6,79,6.4,86,117.0,1002.4,0.0,0.5999999999999979,7,8,1
2023-08-17 08:00:00,29.4,73,10.7,47,368.0,1007.3,0.0,29.6,70,10.1,15,355.0,1003.1,0.0,-0.20000000000000284,8,8,1
2023-08-17 09:00:00,31.1,68,10.2,52,580.0,1007.4,0.0,31.7,64,11.9,32,592.0,1003.1,0.0,-0.5999999999999979,9,8,1
2023-08-17 10:00:00,32.4,64,11.3,83,678.0,1007.0,0.0,32.8,62,13.1,49,763.0,1002.9,0.0,-0.3999999999999986,10,8,1
2023-08-17 11:00:00,33.7,58,11.4,99,828.0,1006.9,0.1,33.6,58,10.6,28,850.0,1002.7,0.1,0.10000000000000142,11,8,1
2023-08-17 12:00:00,34.5,53,11.6,100,904.0,1005.7,0.0,34.6,53,9.6,100,928.0,1001.5,0.0,-0.10000000000000142,12,8,1
2023-08-17 13:00:00,35.1,51,12.3,100,816.0,1004.3,0.0,35.4,47,11.6,100,825.0,1000.0,0.0,-0.29999999999999716,13,8,1
2023-08-17 14:00:00,35.4,48,12.8,100,758.0,1003.5,0.0,35.9,44,13.7,100,740.0,999.2,0.0,-0.5,14,8,1
2023-08-17 15:00:00,35.2,48,3.3,100,599.0,1002.7,0.0,35.4,46,11.6,100,647.0,998.5,0.1,-0.19999999999999574,15,8,1
2023-08-17 16:00:00,32.6,59,3.5,100,314.0,1003.3,0.1,34.7,47,5.2,100,393.0,998.6,0.0,-2.1000000000000014,16,8,1
2023-08-17 17:00:00,31.2,64,12.8,100,184.0,1003.7,0.0,32.3,57,6.4,100,142.0,999.4,0.0,-1.0999999999999979,17,8,1
2023-08-17 18:00:00,29.5,76,2.6,100,42.0,1004.9,0.2,29.9,74,4.5,100,47.0,1000.4,0.1,-0.3999999999999986,18,8,1
2023-08-17 19:00:00,27.7,70,21.3,100,0.0,1005.9,0.4,28.0,70,11.3,100,0.0,1001.8,0.4,-0.3000000000000007,19,8,0
2023-08-17 20:00:00,26.1,79,20.7,100,0.0,1006.8,6.6,27.1,71,11.0,100,0.0,1002.2,0.0,-1.0,20,8,0
2023-08-17 21:00:00,25.4,85,16.6,100,0.0,1006.6,0.6,26.5,75,3.5,100,0.0,1002.8,0.0,-1.1000000000000014,21,8,0
2023-08-17 22:00:00,25.8,85,15.6,100,0.0,1007.2,0.2,26.3,77,7.3,100,0.0,1003.1,0.3,-0.5,22,8,0
2023-08-17 23:00:00,24.9,87,19.7,100,0.0,1007.1,0.3,25.3,87,9.7,100,0.0,1003.2,1.6,-0.40000000000000213,23,8,0
2023-08-18 00:00:00,24.4,85,22.6,100,0.0,1006.3,0.0,24.8,86,6.6,100,0.0,1002.4,12.4,-0.40000000000000213,0,8,0
2023-08-18 01:00:00,24.9,82,15.9,100,0.0,1005.7,0.0,24.6,89,13.4,100,0.0,1001.4,1.9,0.29999999999999716,1,8,0
2023-08-18 02:00:00,25.1,84,13.3,100,0.0,1005.3,0.0,24.4,91,5.6,100,0.0,1000.9,0.0,0.7000000000000028,2,8,0
2023-08-18 03:00:00,25.0,84,10.7,100,0.0,1004.6,0.0,24.4,92,7.4,100,0.0,1000.4,0.0,0.6000000000000014,3,8,0
2023-08-18 04:00:00,24.9,86,10.8,100,0.0,1004.6,0.0,24.9,91,8.7,100,0.0,1000.2,0.0,0.0,4,8,0
2023-08-18 05:00:00,26.7,93,5.0,100,0.0,1004.8,0.0,27.2,93,7.9,100,0.0,1000.6,0.0,-0.5,5,8,0
2023-08-18 06:00:00,27.4,87,6.5,100,10.0,1004.9,0.0,27.6,87,12.6,100,8.0,1000.6,0.0,-0.20000000000000284,6,8,1
2023-08-18 07:00:00,28.1,84,2.6,100,81.0,1005.7,0.0,28.8,76,12.7,100,97.0,1001.3,0.0,-0.6999999999999993,7,8,1
2023-08-18 08:00:00,29.2,78,5.2,100,177.0,1006.0,0.0,30.4,64,14.1,100,229.0,1001.8,0.0,-1.1999999999999993,8,8,1
2023-08-18 09:00:00,30.7,66,12.4,100,327.0,1006.0,0.0,31.2,57,16.6,100,350.0,1002.0,0.0,-0.5,9,8,1
2023-08-18 10:00:00,32.1,57,14.8,100,579.0,1005.9,0.0,32.2,54,14.4,100,540.0,1001.7,0.0,-0.10000000000000142,10,8,1
2023-08-18 11:00:00,33.1,54,15.1,100,772.0,1005.5,0.0,33.5,51,13.8,100,773.0,1001.2,0.0,-0.3999999999999986,11,8,1
2023-08-18 12:00:00,34.0,51,15.9,100,907.0,1004.1,0.0,34.5,47,15.9,100,920.0,999.9,0.0,-0.5,12,8,1
2023-08-18 13:00:00,34.6,47,15.5,100,830.0,1003.0,0.0,34.9,46,15.5,100,883.0,998.8,0.0,-0.29999999999999716,13,8,1
2023-08-18 14:00:00,35.4,44,14.0,100,749.0,1002.0,0.0,35.6,41,16.6,100,800.0,997.9,0.0,-0.20000000000000284,14,8,1
2023-08-18 15:00:00,35.1,44,13.6,100,547.0,1001.3,0.0,35.7,41,16.9,100,605.0,997.1,0.0,-0.6000000000000014,15,8,1
2023-08-18 16:00:00,33.3,54,11.0,100,344.0,1001.2,0.0,35.1,43,10.0,100,380.0,996.9,0.0,-1.8000000000000043,16,8,1
2023-08-18 17:00:00,29.7,73,7.3,100,185.0,1002.7,0.1,29.4,77,6.3,100,182.0,998.7,0.0,0.3000000000000007,17,8,1
2023-08-18 18:00:00,27.9,81,9.3,100,27.0,1003.3,0.7,28.8,74,7.4,100,22.0,999.1,0.0,-0.9000000000000021,18,8,1
2023-08-18 19:00:00,28.0,80,13.8,100,0.0,1003.7,0.0,27.6,79,11.9,100,0.0,999.4,0.0,0.3999999999999986,19,8,0
2023-08-18 20:00:00,27.8,85,16.6,100,0.0,1004.1,0.0,27.4,83,9.8,100,0.0,1000.0,0.0,0.40000000000000213,20,8,0
2023-08-18 21:00:00,28.0,80,16.2,100,0.0,1004.8,0.0,27.9,84,14.8,100,0.0,1000.6,0.0,0.10000000000000142,21,8,0
2023-08-18 22:00:00,28.2,85,18.4,100,0.0,1005.0,0.0,28.0,86,18.2,100,0.0,1000.9,0.0,0.1999999999999993,22,8,0
2023-08-18 23:00:00,28.1,85,10.2,83,0.0,1005.1,0.0,28.4,76,16.4,100,0.0,1000.7,0.0,-0.29999999999999716,23,8,0
2023-08-19 00:00:00,27.4,88,8.2,100,0.0,1005.2,0.0,28.9,65,19.8,100,0.0,1000.4,0.0,-1.5,0,8,0
2023-08-19 01:00:00,27.4,83,10.0,100,0.0,1004.5,0.0,28.5,66,17.9,100,0.0,1000.1,0.0,-1.1000000000000014,1,8,0
2023-08-19 02:00:00,27.6,76,12.0,100,0.0,1004.1,0.0,28.0,69,14.8,100,0.0,999.9,0.0,-0.3999999999999986,2,8,0
2023-08-19 03:00:00,27.4,72,11.5,100,0.0,1003.8,0.0,27.6,71,12.5,100,0.0,999.7,0.0,-0.20000000000000284,3,8,0
2023-08-19 04:00:00,27.4,69,11.2,100,0.0,1004.1,0.0,27.1,73,10.1,100,0.0,999.8,0.0,0.29999999999999716,4,8,0
2023-08-19 05:00:00,28.2,60,15.5,100,0.0,1003.8,0.0,27.9,62,11.2,100,0.0,999.8,0.0,0.3000000000000007,5,8,0
2023-08-19 06:00:00,28.0,61,14.3,100,12.0,1004.3,0.0,28.2,61,14.5,100,11.0,1000.2,0.0,-0.1999999999999993,6,8,1
2023-08-19 07:00:00,28.8,64,12.3,100,149.0,1005.1,0.0,29.2,61,13.7,100,138.0,1000.8,0.0,-0.3999999999999986,7,8,1
2023-08-19 08:00:00,30.2,60,13.3,100,333.0,1005.5,0.0,30.6,57,15.8,100,361.0,1001.4,0.0,-0.40000000000000213,8,8,1
2023-08-19 09:00:00,31.5,55,14.9,100,530.0,1005.3,0.0,31.7,55,15.9,95,553.0,1001.3,0.0,-0.1999999999999993,9,8,1
2023-08-19 10:00:00,32.6,54,14.8,100,732.0,1005.4,0.0,33.0,52,15.2,79,754.0,1001.1,0.0,-0.3999999999999986,10,8,1
2023-08-19 11:00:00,33.7,51,13.4,100,869.0,1004.8,0.0,34.2,49,14.8,97,897.0,1000.5,0.0,-0.5,11,8,1
2023-08-19 12:00:00,34.7,48,12.6,98,910.0,1003.8,0.0,35.1,45,15.2,57,929.0,999.5,0.0,-0.3999999999999986,12,8,1
2023-08-19 13:00:00,35.6,46,11.7,100,905.0,1002.4,0.0,36.0,43,15.0,100,873.0,998.2,0.0,-0.3999999999999986,13,8,1
2023-08-19 14:00:00,35.0,46,8.7,100,758.0,1001.3,0.0,36.3,42,13.3,100,800.0,997.1,0.0,-1.2999999999999972,14,8,1
2023-08-19 15:00:00,33.0,63,14.1,100,521.0,1000.7,0.2,35.6,44,6.9,100,630.0,996.4,0.0,-2.6000000000000014,15,8,1
2023-08-19 16:00:00,31.4,69,16.5,99,333.0,1000.7,0.2,32.7,60,8.6,96,359.0,996.6,0.3,-1.3000000000000043,16,8,1
2023-08-19 17:00:00,31.3,72,9.2,97,190.0,1001.8,0.1,33.5,62,3.0,82,176.0,997.3,0.2,-2.1999999999999993,17,8,1
2023-08-19 18:00:00,30.0,76,5.4,60,44.0,1002.5,0.0,30.4,67,7.9,76,48.0,998.3,0.0,-0.3999999999999986,18,8,1
2023-08-19 19:00:00,29.6,70,10.0,77,0.0,1003.7,0.0,30.4,60,10.9,82,0.0,999.3,0.0,-0.7999999999999972,19,8,0
2023-08-19 20:00:00,28.5,69,3.6,54,0.0,1004.9,0.0,28.3,69,8.0,55,0.0,1000.5,0.3,0.1999999999999993,20,8,0
2023-08-19 21:00:00,27.8,75,3.9,26,0.0,1005.3,0.0,28.1,78,5.9,59,0.0,1001.0,0.1,-0.3000000000000007,21,8,0
2023-08-19 22:00:00,27.5,80,3.6,18,0.0,1005.5,0.0,27.7,80,5.8,33,0.0,1001.2,0.0,-0.1999999999999993,22,8,0
2023-08-19 23:00:00,27.1,80,4.4,23,0.0,1005.4,0.0,27.7,74,6.3,77,0.0,1001.2,0.0,-0.5999999999999979,23,8,0
2023-08-20 00:00:00,26.9,81,5.1,53,0.0,1004.9,0.0,27.5,72,6.8,50,0.0,1000.7,0.0,-0.6000000000000014,0,8,0
2023-08-20 01:00:00,26.9,80,6.9,31,0.0,1004.9,0.0,28.0,65,10.2,80,0.0,1000.7,0.0,-1.1000000000000014,1,8,0
2023-08-20 02:00:00,26.6,81,8.7,30,0.0,1004.6,0.0,27.9,65,9.4,72,0.0,1000.5,0.0,-1.2999999999999972,2,8,0
2023-08-20 03:00:00,26.7,76,9.3,29,0.0,1004.7,0.0,27.5,67,7.4,61,0.0,1000.4,0.0,-0.8000000000000007,3,8,0
2023-08-20 04:00:00,26.8,72,9.6,56,0.0,1004.9,0.0,27.1,69,7.2,95,0.0,1000.6,0.0,-0.3000000000000007,4,8,0
2023-08-20 05:00:00,26.9,79,10.7,89,0.0,1005.1,0.0,25.8,82,5.6,100,0.0,1001.0,0.0,1.0999999999999979,5,8,0
2023-08-20 06:00:00,27.3,76,12.0,100,7.0,1005.5,0.0,26.7,80,7.5,100,8.0,1001.2,0.0,0.6000000000000014,6,8,1
2023-08-20 07:00:00,28.2,76,11.3,100,92.0,1006.2,0.0,27.8,79,7.8,100,85.0,1001.9,0.0,0.3999999999999986,7,8,1
2023-08-20 08:00:00,30.0,66,10.7,94,262.0,1006.6,0.0,29.7,71,6.1,100,209.0,1002.4,0.0,0.3000000000000007,8,8,1
2023-08-20 09:00:00,31.2,58,12.6,99,435.0,1006.4,0.0,30.7,61,9.6,100,296.0,1002.1,0.0,0.5,9,8,1
2023-08-20 10:00:00,32.1,56,10.9,100,596.0,1006.0,0.0,31.1,59,8.6,100,277.0,1001.8,0.0,1.0,10,8,1
2023-08-20 11:00:00,33.1,54,8.7,90,791.0,1005.3,0.0,32.1,56,7.2,48,463.0,1001.2,0.0,1.0,11,8,1
2023-08-20 12:00:00,34.0,50,6.6,34,902.0,1004.5,0.0,33.2,54,6.5,65,669.0,1000.3,0.0,0.7999999999999972,12,8,1
2023-08-20 13:00:00,34.1,48,1.1,36,892.0,1003.7,0.2,34.3,50,4.7,24,874.0,999.3,0.0,-0.19999999999999574,13,8,1
2023-08-20 14:00:00,33.7,51,6.6,29,778.0,1002.7,0.3,34.9,48,4.2,19,794.0,998.2,0.0,-1.1999999999999957,14,8,1
2023-08-20 15:00:00,31.9,66,15.8,21,632.0,1001.9,0.1,34.9,47,1.6,17,654.0,997.3,0.0,-3.0,15,8,1
2023-08-20 16:00:00,30.8,68,17.6,10,442.0,1001.3,0.1,33.9,51,5.9,16,451.0,996.8,0.0,-3.099999999999998,16,8,1
2023-08-20 17:00:00,30.2,70,17.1,3,242.0,1002.1,0.0,32.4,59,10.0,4,230.0,997.8,0.0,-2.1999999999999993,17,8,1
2023-08-20 18:00:00,29.7,74,16.5,21,48.0,1002.3,0.0,29.6,71,15.6,5,49.0,998.2,0.1,0.09999999999999787,18,8,1
2023-08-20 19:00:00,29.2,77,16.8,35,0.0,1002.8,0.0,29.0,75,14.2,39,0.0,998.7,0.0,0.1999999999999993,19,8,0
2023-08-20 20:00:00,29.0,79,15.8,33,0.0,1003.6,0.0,28.8,77,13.6,52,0.0,999.4,0.0,0.1999999999999993,20,8,0
2023-08-20 21:00:00,28.8,80,12.5,6,0.0,1004.4,0.0,28.7,72,14.7,6,0.0,999.9,0.0,0.10000000000000142,21,8,0
2023-08-20 22:00:00,28.6,80,11.5,12,0.0,1005.2,0.0,28.2,83,12.7,14,0.0,1000.7,0.0,0.40000000000000213,22,8,0
2023-08-20 23:00:00,28.4,82,14.1,29,0.0,1005.1,0.0,28.2,78,12.3,70,0.0,1000.7,0.0,0.1999999999999993,23,8,0
2023-08-21 00:00:00,28.3,80,13.3,85,0.0,1004.8,0.0,28.4,74,11.6,100,0.0,1000.3,0.0,-0.09999999999999787,0,8,0
2023-08-21 01:00:00,28.5,76,12.2,41,0.0,1004.2,0.0,28.3,78,10.1,46,0.0,999.7,0.0,0.1999999999999993,1,8,0
2023-08-21 02:00:00,27.9,84,13.4,96,0.0,1003.9,0.0,27.7,81,6.4,38,0.0,999.5,0.0,0.1999999999999993,2,8,0
2023-08-21 03:00:00,27.7,84,12.7,90,0.0,1003.6,0.0,27.0,80,5.0,88,0.0,999.5,0.0,0.6999999999999993,3,8,0
2023-08-21 04:00:00,27.5,81,11.2,80,0.0,1003.9,0.0,27.3,73,8.5,58,0.0,999.7,0.0,0.1999999999999993,4,8,0
2023-08-21 05:00:00,27.7,86,8.9,79,0.0,1004.4,0.0,27.2,79,8.2,35,0.0,1000.1,0.0,0.5,5,8,0
2023-08-21 06:00:00,27.9,82,12.1,82,12.0,1004.5,0.0,27.6,77,10.0,82,11.0,1000.4,0.0,0.29999999999999716,6,8,1
2023-08-21 07:00:00,28.9,78,10.7,70,144.0,1005.4,0.0,28.8,74,10.5,73,135.0,1001.1,0.0,0.09999999999999787,7,8,1
2023-08-21 08:00:00,30.6,71,9.5,23,372.0,1006.2,0.0,30.8,66,8.7,68,349.0,1001.9,0.0,-0.1999999999999993,8,8,1
2023-08-21 09:00:00,32.3,61,8.8,47,583.0,1006.0,0.0,32.6,57,10.5,70,582.0,1002.0,0.0,-0.30000000000000426,9,8,1
2023-08-21 10:00:00,33.3,56,8.1,43,751.0,1006.0,0.0,33.6,53,10.8,50,732.0,1001.7,0.0,-0.30000000000000426,10,8,1
2023-08-21 11:00:00,33.9,55,6.0,34,837.0,1005.3,0.0,34.5,50,10.0,39,869.0,1000.9,0.0,-0.6000000000000014,11,8,1
2023-08-21 12:00:00,34.3,54,3.2,36,876.0,1004.6,0.0,34.6,50,8.7,47,856.0,1000.2,0.0,-0.30000000000000426,12,8,1
2023-08-21 13:00:00,33.6,58,8.9,53,870.0,1003.7,0.5,34.7,51,4.3,54,843.0,999.3,0.1,-1.1000000000000014,13,8,1
2023-08-21 14:00:00,31.7,68,11.4,67,769.0,1002.8,1.3,35.3,50,2.1,33,807.0,998.0,0.0,-3.599999999999998,14,8,1
2023-08-21 15:00:00,32.2,66,11.2,60,651.0,1002.0,0.0,34.2,53,5.9,30,642.0,997.3,0.0,-2.0,15,8,1
2023-08-21 16:00:00,31.6,66,13.2,82,433.0,1001.5,0.0,32.5,63,11.6,72,431.0,997.0,0.4,-0.8999999999999986,16,8,1
2023-08-21 17:00:00,31.1,70,12.8,67,230.0,1002.4,0.0,31.0,68,12.9,66,226.0,998.1,0.1,0.10000000000000142,17,8,1
2023-08-21 18:00:00,29.8,77,10.7,21,51.0,1003.0,0.0,30.1,72,9.2,13,48.0,998.6,0.0,-0.3000000000000007,18,8,1
2023-08-21 19:00:00,29.2,82,8.6,10,0.0,1003.8,0.0,29.3,79,8.7,3,0.0,999.4,0.0,-0.10000000000000142,19,8,0
2023-08-21 20:00:00,29.0,85,8.1,99,0.0,1004.5,0.0,28.8,83,5.1,93,0.0,1000.3,0.0,0.1999999999999993,20,8,0
2023-08-21 21:00:00,28.8,86,9.1,98,0.0,1004.9,0.0,28.5,84,7.9,86,0.0,1000.6,0.0,0.3000000000000007,21,8,0
2023-08-21 22:00:00,28.6,87,10.3,58,0.0,1005.2,0.0,28.4,85,8.8,71,0.0,1000.8,0.0,0.20000000000000284,22,8,0
2023-08-21 23:00:00,28.5,89,9.0,31,0.0,1005.3,0.0,28.2,87,8.8,28,0.0,1000.9,0.0,0.3000000000000007,23,8,0
2023-08-22 00:00:00,28.2,91,8.8,25,0.0,1005.1,0.0,27.9,88,6.5,55,0.0,1000.8,0.0,0.3000000000000007,0,8,0
2023-08-22 01:00:00,27.8,91,6.9,99,0.0,1004.7,0.0,27.4,90,4.9,97,0.0,1000.3,0.0,0.40000000000000213,1,8,0
2023-08-22 02:00:00,27.5,90,7.7,93,0.0,1004.4,0.0,27.4,89,5.9,97,0.0,1000.2,0.0,0.10000000000000142,2,8,0
2023-08-22 03:00:00,27.3,89,9.4,100,0.0,1004.1,0.1,27.3,88,5.4,71,0.0,999.8,0.1,0.0,3,8,0
2023-08-22 04:00:00,27.3,88,6.4,92,0.0,1004.4,0.1,27.0,89,4.2,65,0.0,1000.0,0.0,0.3000000000000007,4,8,0
2023-08-22 05:00:00,27.4,88,7.6,90,0.0,1004.4,0.2,27.4,90,9.5,78,0.0,1000.1,0.1,0.0,5,8,0
2023-08-22 06:00:00,25.5,94,13.4,99,9.0,1005.7,6.3,26.9,92,1.5,94,9.0,1001.2,0.1,-1.3999999999999986,6,8,1
2023-08-22 07:00:00,27.2,90,14.8,50,112.0,1005.9,0.4,27.0,89,8.9,65,92.0,1001.9,2.0,0.1999999999999993,7,8,1
2023-08-22 08:00:00,28.6,82,14.0,50,327.0,1006.6,0.1,28.5,82,11.5,50,246.0,1002.5,0.0,0.10000000000000142,8,8,1
2023-08-22 09:00:00,30.1,76,15.6,59,503.0,1006.4,0.0,30.5,71,11.9,59,481.0,1002.1,0.0,-0.3999999999999986,9,8,1
2023-08-22 10:00:00,31.4,67,16.4,78,679.0,1005.9,0.2,32.1,64,13.4,72,702.0,1001.7,0.0,-0.7000000000000028,10,8,1
2023-08-22 11:00:00,32.2,64,16.9,95,784.0,1005.3,0.0,33.2,61,13.6,63,788.0,1001.1,0.1,-1.0,11,8,1
2023-08-22 12:00:00,32.8,64,16.6,73,826.0,1004.5,0.0,33.8,58,14.4,72,841.0,1000.2,0.1,-1.0,12,8,1
2023-08-22 13:00:00,32.9,66,16.7,69,860.0,1003.4,0.1,32.5,61,15.1,87,882.0,999.3,0.7,0.3999999999999986,13,8,1
2023-08-22 14:00:00,32.0,69,14.4,40,775.0,1002.7,0.8,33.4,61,11.9,29,754.0,998.3,0.1,-1.3999999999999986,14,8,1
2023-08-22 15:00:00,32.4,69,15.8,21,584.0,1002.3,0.0,33.5,59,13.7,46,651.0,997.9,0.5,-1.1000000000000014,15,8,1
2023-08-22 16:00:00,31.7,73,14.8,19,440.0,1002.0,0.0,32.6,63,12.5,19,456.0,997.6,0.0,-0.9000000000000021,16,8,1
2023-08-22 17:00:00,31.0,74,14.0,86,233.0,1002.8,0.0,32.2,65,11.4,29,237.0,998.5,0.0,-1.2000000000000028,17,8,1
2023-08-22 18:00:00,29.6,80,13.7,21,47.0,1003.6,0.0,30.5,72,12.8,20,50.0,999.5,0.0,-0.8999999999999986,18,8,1
2023-08-22 19:00:00,29.1,79,14.5,14,0.0,1004.5,0.0,29.5,77,10.9,3,0.0,1000.3,0.0,-0.3999999999999986,19,8,0
2023-08-22 20:00:00,29.1,79,13.1,10,0.0,1005.5,0.0,28.9,80,9.1,2,0.0,1001.3,0.0,0.20000000000000284,20,8,0
2023-08-22 21:00:00,28.8,80,13.6,14,0.0,1006.0,0.0,28.5,83,9.2,6,0.0,1001.9,0.0,0.3000000000000007,21,8,0
2023-08-22 22:00:00,28.5,84,11.7,11,0.0,1006.4,0.0,28.2,86,9.2,8,0.0,1002.2,0.0,0.3000000000000007,22,8,0
2023-08-22 23:00:00,28.0,86,12.6,66,0.0,1006.4,0.5,27.9,89,8.0,39,0.0,1002.1,0.6,0.10000000000000142,23,8,0
2023-08-23 00:00:00,27.5,90,13.8,24,0.0,1005.7,0.1,27.4,91,10.5,80,0.0,1001.8,2.1,0.10000000000000142,0,8,0
2023-08-23 01:00:00,26.4,94,15.7,79,0.0,1005.8,3.2,26.1,95,14.4,43,0.0,1001.3,0.4,0.29999999999999716,1,8,0
2023-08-23 02:00:00,26.4,93,15.5,97,0.0,1005.2,0.3,26.2,94,8.9,81,0.0,1001.1,0.2,0.1999999999999993,2,8,0
2023-08-23 03:00:00,26.2,93,14.2,99,0.0,1005.3,1.1,26.1,94,7.5,99,0.0,1001.3,0.2,0.09999999999999787,3,8,0
2023-08-23 04:00:00,26.2,93,12.9,100,0.0,1005.7,0.1,25.7,94,10.7,99,0.0,1001.5,0.0,0.5,4,8,0
2023-08-23 05:00:00,26.3,90,12.6,100,0.0,1005.8,0.0,26.2,90,8.4,100,0.0,1001.7,0.0,0.10000000000000142,5,8,0
2023-08-23 06:00:00,26.3,92,12.5,99,7.0,1006.3,0.3,26.1,92,7.6,100,4.0,1002.1,0.4,0.1999999999999993,6,8,1
2023-08-23 07:00:00,27.0,90,10.5,96,102.0,1006.8,0.2,26.7,90,9.2,100,69.0,1002.5,0.1,0.3000000000000007,7,8,1
2023-08-23 08:00:00,28.6,84,10.8,99,333.0,1007.2,0.0,29.0,78,8.5,100,337.0,1003.0,0.0,-0.3999999999999986,8,8,1
2023-08-23 09:00:00,30.3,75,12.9,100,532.0,1006.9,0.0,31.2,66,10.8,87,564.0,1002.6,0.0,-0.8999999999999986,9,8,1
2023-08-23 10:00:00,31.9,66,12.4,97,730.0,1006.4,0.1,32.8,60,9.9,99,763.0,1002.3,0.0,-0.8999999999999986,10,8,1
2023-08-23 11:00:00,33.0,61,10.7,100,862.0,1005.9,0.1,34.0,57,11.1,99,863.0,1001.5,0.0,-1.0,11,8,1
2023-08-23 12:00:00,33.5,60,9.1,75,916.0,1004.9,0.0,34.8,53,10.7,98,867.0,1000.4,0.0,-1.2999999999999972,12,8,1
2023-08-23 13:00:00,33.2,67,10.7,37,912.0,1003.7,0.0,35.4,51,8.1,46,856.0,999.2,0.0,-2.1999999999999957,13,8,1
2023-08-23 14:00:00,32.4,78,14.0,31,788.0,1002.7,0.1,35.3,50,5.9,32,766.0,998.1,0.0,-2.8999999999999986,14,8,1
2023-08-23 15:00:00,31.7,77,17.9,16,632.0,1002.2,0.0,34.3,55,8.7,20,602.0,997.7,0.4,-2.599999999999998,15,8,1
2023-08-23 16:00:00,31.0,75,17.9,10,456.0,1001.7,0.0,32.4,70,12.7,11,434.0,997.4,0.8,-1.3999999999999986,16,8,1
2023-08-23 17:00:00,30.7,84,15.3,60,232.0,1002.0,0.0,33.8,55,4.0,63,235.0,997.7,0.0,-3.099999999999998,17,8,1
2023-08-23 18:00:00,28.9,83,16.1,18,47.0,1002.8,0.0,30.7,74,13.0,12,48.0,998.7,0.0,-1.8000000000000007,18,8,1
2023-08-23 19:00:00,28.9,84,15.9,80,0.0,1003.7,0.0,29.1,81,12.2,25,0.0,999.5,0.0,-0.20000000000000284,19,8,0
2023-08-23 20:00:00,28.8,85,13.3,22,0.0,1004.6,0.0,29.0,80,9.5,31,0.0,1000.4,0.0,-0.1999999999999993,20,8,0
2023-08-23 21:00:00,28.5,86,11.5,18,0.0,1005.3,0.0,28.8,79,10.0,29,0.0,1001.0,0.0,-0.3000000000000007,21,8,0
2023-08-23 22:00:00,28.4,85,10.0,99,0.0,1005.5,0.0,28.6,83,11.2,85,0.0,1001.1,0.0,-0.20000000000000284,22,8,0
2023-08-23 23:00:00,28.3,85,11.5,99,0.0,1005.1,0.0,28.5,87,14.9,99,0.0,1000.7,0.0,-0.1999999999999993,23,8,0
2023-08-24 00:00:00,28.1,89,12.7,99,0.0,1004.4,0.0,28.3,89,15.9,99,0.0,1000.1,0.0,-0.1999999999999993,0,8,0
2023-08-24 01:00:00,28.0,89,14.5,100,0.0,1004.0,0.0,28.1,87,15.2,100,0.0,999.8,0.0,-0.10000000000000142,1,8,0
2023-08-24 02:00:00,28.1,86,18.0,100,0.0,1003.7,0.0,28.0,87,16.8,99,0.0,999.5,0.0,0.10000000000000142,2,8,0
2023-08-24 03:00:00,28.1,86,18.9,99,0.0,1003.7,0.0,27.8,85,16.6,100,0.0,999.6,0.0,0.3000000000000007,3,8,0
2023-08-24 04:00:00,27.8,85,16.2,99,0.0,1004.2,0.0,27.4,85,16.9,100,0.0,999.9,0.0,0.40000000000000213,4,8,0
2023-08-24 05:00:00,26.5,91,14.1,100,0.0,1005.3,0.0,25.9,95,10.5,100,0.0,1001.2,0.0,0.6000000000000014,5,8,0
2023-08-24 06:00:00,26.6,91,15.1,100,7.0,1005.4,0.0,25.7,95,10.3,100,5.0,1001.1,0.2,0.9000000000000021,6,8,1
2023-08-24 07:00:00,27.3,88,15.1,100,126.0,1006.2,0.0,26.3,93,9.4,100,69.0,1002.0,0.0,1.0,7,8,1
2023-08-24 08:00:00,28.5,84,15.6,100,305.0,1006.6,0.0,27.5,89,9.8,100,175.0,1002.4,0.0,1.0,8,8,1
2023-08-24 09:00:00,29.8,79,14.8,100,509.0,1006.3,0.0,29.5,78,10.8,100,394.0,1002.1,0.0,0.3000000000000007,9,8,1
2023-08-24 10:00:00,31.0,73,14.5,100,694.0,1006.1,0.0,30.9,72,11.0,100,527.0,1001.9,0.0,0.10000000000000142,10,8,1
2023-08-24 11:00:00,32.2,69,12.5,100,804.0,1005.3,0.0,32.7,64,10.0,100,786.0,1001.1,0.0,-0.5,11,8,1
2023-08-24 12:00:00,33.3,63,9.2,100,915.0,1004.2,0.0,33.9,57,8.2,100,849.0,999.8,0.0,-0.6000000000000014,12,8,1
2023-08-24 13:00:00,33.7,61,6.5,68,833.0,1003.3,0.0,34.8,54,5.4,87,869.0,998.9,0.0,-1.0999999999999943,13,8,1
2023-08-24 14:00:00,33.6,62,7.4,94,800.0,1002.3,0.0,34.9,52,4.7,21,764.0,997.9,0.0,-1.2999999999999972,14,8,1
2023-08-24 15:00:00,33.0,71,9.6,43,638.0,1002.0,0.1,34.9,52,3.1,35,624.0,997.6,0.0,-1.8999999999999986,15,8,1
2023-08-24 16:00:00,31.5,81,13.0,61,443.0,1001.9,1.1,33.9,55,4.6,98,405.0,997.5,0.0,-2.3999999999999986,16,8,1
2023-08-24 17:00:00,30.6,87,14.6,74,213.0,1002.5,0.0,32.8,60,6.6,46,198.0,998.3,0.0,-2.1999999999999957,17,8,1
2023-08-24 18:00:00,28.9,87,15.8,100,44.0,1003.2,0.0,30.0,83,13.1,100,45.0,999.0,0.0,-1.1000000000000014,18,8,1
2023-08-24 19:00:00,28.8,86,16.5,100,0.0,1004.0,0.0,29.1,83,13.0,100,0.0,999.7,0.0,-0.3000000000000007,19,8,0
2023-08-24 20:00:00,28.8,87,16.4,60,0.0,1004.8,0.0,28.7,84,16.0,65,0.0,1000.6,0.0,0.10000000000000142,20,8,0
2023-08-24 21:00:00,28.7,89,18.5,89,0.0,1005.4,0.0,28.5,89,16.6,95,0.0,1001.1,0.0,0.1999999999999993,21,8,0
2023-08-24 22:00:00,28.4,92,18.8,100,0.0,1005.6,0.0,28.2,86,14.8,100,0.0,1001.4,0.0,0.1999999999999993,22,8,0
2023-08-24 23:00:00,28.2,87,19.2,98,0.0,1005.2,0.0,27.9,81,11.4,90,0.0,1001.0,0.0,0.3000000000000007,23,8,0
2023-08-25 00:00:00,27.9,81,18.1,100,0.0,1004.5,0.0,27.5,83,10.9,100,0.0,1000.6,0.0,0.3999999999999986,0,8,0
2023-08-25 01:00:00,27.6,83,19.5,100,0.0,1004.1,0.0,27.5,87,15.0,97,0.0,1000.2,0.0,0.10000000000000142,1,8,0
2023-08-25 02:00:00,27.5,85,20.1,100,0.0,1003.7,0.0,27.4,85,15.8,97,0.0,999.7,0.0,0.10000000000000142,2,8,0
2023-08-25 03:00:00,27.4,83,18.4,81,0.0,1003.8,0.0,27.1,82,15.8,27,0.0,999.7,0.0,0.29999999999999716,3,8,0
2023-08-25 04:00:00,26.9,83,10.1,54,0.0,1004.5,0.0,26.8,80,14.5,19,0.0,999.9,0.0,0.09999999999999787,4,8,0
2023-08-25 05:00:00,27.3,84,7.4,18,0.0,1004.6,0.0,27.2,81,11.2,18,0.0,1000.2,0.0,0.10000000000000142,5,8,0
2023-08-25 06:00:00,27.6,82,7.1,92,12.0,1005.4,0.0,27.5,80,10.6,51,12.0,1001.0,0.0,0.10000000000000142,6,8,1
2023-08-25 07:00:00,28.7,78,8.6,98,151.0,1005.9,0.0,28.8,76,10.6,100,149.0,1001.5,0.0,-0.10000000000000142,7,8,1
2023-08-25 08:00:00,30.0,73,10.8,100,361.0,1006.2,0.0,30.4,70,10.9,100,372.0,1001.9,0.0,-0.3999999999999986,8,8,1
2023-08-25 09:00:00,31.5,67,11.1,96,573.0,1006.0,0.0,32.1,61,10.5,99,578.0,1001.8,0.0,-0.6000000000000014,9,8,1
2023-08-25 10:00:00,33.1,59,9.9,85,777.0,1005.8,0.0,33.6,54,10.1,96,767.0,1001.5,0.0,-0.5,10,8,1
2023-08-25 11:00:00,34.5,49,5.8,84,878.0,1005.1,0.0,34.9,48,9.5,68,876.0,1000.8,0.0,-0.3999999999999986,11,8,1
2023-08-25 12:00:00,35.1,45,3.1,62,891.0,1004.2,0.0,35.9,43,8.2,28,884.0,999.8,0.0,-0.7999999999999972,12,8,1
2023-08-25 13:00:00,34.8,47,7.8,96,891.0,1003.3,0.0,36.3,42,5.6,99,894.0,998.9,0.0,-1.5,13,8,1
2023-08-25 14:00:00,33.3,68,14.2,88,772.0,1002.7,0.1,36.0,41,4.5,98,783.0,998.3,0.0,-2.700000000000003,14,8,1
2023-08-25 15:00:00,32.5,66,18.6,62,640.0,1002.4,0.0,34.8,50,10.6,89,621.0,997.9,0.0,-2.299999999999997,15,8,1
2023-08-25 16:00:00,31.4,66,18.2,100,449.0,1002.4,0.0,32.8,63,15.7,100,443.0,998.1,0.0,-1.3999999999999986,16,8,1
2023-08-25 17:00:00,30.2,76,14.3,100,209.0,1003.4,0.0,32.4,65,10.6,100,218.0,999.1,0.0,-2.1999999999999993,17,8,1
2023-08-25 18:00:00,29.5,80,14.2,90,40.0,1003.9,0.0,30.0,73,13.0,98,42.0,999.5,0.0,-0.5,18,8,1
2023-08-25 19:00:00,29.2,82,13.5,100,0.0,1004.6,0.0,29.2,76,12.3,100,0.0,1000.2,0.0,0.0,19,8,0
2023-08-25 20:00:00,29.0,87,15.3,100,0.0,1005.4,0.0,28.8,82,11.8,100,0.0,1001.1,0.0,0.1999999999999993,20,8,0
2023-08-25 21:00:00,28.8,86,16.3,100,0.0,1006.1,0.0,28.5,82,13.2,98,0.0,1002.0,0.0,0.3000000000000007,21,8,0
2023-08-25 22:00:00,28.6,90,18.0,100,0.0,1006.4,0.0,28.5,86,15.2,100,0.0,1002.3,0.0,0.10000000000000142,22,8,0
2023-08-25 23:00:00,28.5,87,18.0,94,0.0,1006.0,0.0,28.3,86,17.3,100,0.0,1001.8,0.0,0.1999999999999993,23,8,0
2023-08-26 00:00:00,28.4,82,16.8,100,0.0,1005.4,0.0,28.2,83,17.3,100,0.0,1001.2,0.0,0.1999999999999993,0,8,0
2023-08-26 01:00:00,28.3,79,17.8,100,0.0,1005.0,0.0,28.0,82,18.8,99,0.0,1000.9,0.0,0.3000000000000007,1,8,0
2023-08-26 02:00:00,28.0,81,20.2,100,0.0,1004.8,0.0,27.5,83,19.2,100,0.0,1000.6,0.0,0.5,2,8,0
2023-08-26 03:00:00,27.7,81,17.4,100,0.0,1005.1,0.0,27.2,79,16.7,100,0.0,1000.7,0.0,0.5,3,8,0
2023-08-26 04:00:00,27.6,78,11.6,100,0.0,1005.8,0.0,27.1,77,15.8,100,0.0,1001.3,0.0,0.5,4,8,0
2023-08-26 05:00:00,28.3,79,15.5,100,0.0,1005.6,0.0,27.6,82,16.1,100,0.0,1001.3,0.0,0.6999999999999993,5,8,0
2023-08-26 06:00:00,28.0,79,14.5,100,11.0,1006.1,0.0,27.7,80,15.0,100,11.0,1001.8,0.0,0.3000000000000007,6,8,1
2023-08-26 07:00:00,28.8,76,10.0,99,143.0,1006.8,0.0,28.8,76,12.9,100,142.0,1002.3,0.0,0.0,7,8,1
2023-08-26 08:00:00,30.1,71,9.6,81,366.0,1007.3,0.0,30.4,69,13.0,94,364.0,1002.9,0.0,-0.29999999999999716,8,8,1
2023-08-26 09:00:00,31.5,65,8.7,66,593.0,1007.0,0.0,32.3,59,12.9,49,604.0,1002.8,0.0,-0.7999999999999972,9,8,1
2023-08-26 10:00:00,32.9,59,6.8,23,785.0,1006.9,0.0,33.6,54,11.2,56,781.0,1002.5,0.0,-0.7000000000000028,10,8,1
2023-08-26 11:00:00,33.8,54,5.6,44,869.0,1006.5,0.1,34.5,50,10.6,32,857.0,1002.1,0.0,-0.7000000000000028,11,8,1
2023-08-26 12:00:00,34.3,54,0.5,49,886.0,1005.7,0.0,35.3,47,8.7,52,901.0,1001.3,0.0,-1.0,12,8,1
2023-08-26 13:00:00,34.1,56,8.8,68,877.0,1004.7,0.0,35.5,47,3.2,70,816.0,1000.3,0.0,-1.3999999999999986,13,8,1
2023-08-26 14:00:00,32.2,68,15.3,74,737.0,1003.8,0.4,34.8,48,5.4,99,764.0,999.2,0.0,-2.5999999999999943,14,8,1
2023-08-26 15:00:00,32.0,68,14.9,63,526.0,1003.4,0.0,33.5,60,13.1,47,582.0,998.9,0.0,-1.5,15,8,1
2023-08-26 16:00:00,31.7,68,16.1,19,389.0,1003.1,0.0,32.3,65,15.8,27,439.0,998.7,0.0,-0.5999999999999979,16,8,1
2023-08-26 17:00:00,31.0,75,12.2,43,209.0,1004.0,0.0,31.5,72,8.9,18,211.0,999.7,0.0,-0.5,17,8,1
2023-08-26 18:00:00,29.5,84,3.3,95,35.0,1005.2,0.0,30.2,75,8.7,91,35.0,1000.5,0.0,-0.6999999999999993,18,8,1
2023-08-26 19:00:00,27.4,92,11.8,100,0.0,1006.7,6.5,29.4,80,1.8,90,0.0,1001.9,0.0,-2.0,19,8,0
2023-08-26 20:00:00,27.6,88,6.6,100,0.0,1007.2,0.1,29.0,85,5.2,96,0.0,1002.8,0.0,-1.3999999999999986,20,8,0
2023-08-26 21:00:00,27.7,89,6.6,97,0.0,1008.0,0.0,28.5,90,1.9,99,0.0,1003.8,0.0,-0.8000000000000007,21,8,0
2023-08-26 22:00:00,27.5,92,4.3,100,0.0,1008.5,0.0,28.2,92,1.8,100,0.0,1004.1,0.0,-0.6999999999999993,22,8,0
2023-08-26 23:00:00,27.7,92,3.7,100,0.0,1008.3,0.1,26.2,97,9.4,100,0.0,1004.6,11.2,1.5,23,8,0
2023-08-27 00:00:00,26.4,92,16.3,100,0.0,1008.3,7.7,26.0,91,6.2,100,0.0,1003.6,4.5,0.3999999999999986,0,8,0
2023-08-27 01:00:00,26.0,94,8.5,100,0.0,1007.3,1.9,25.9,91,2.8,98,0.0,1002.9,0.1,0.10000000000000142,1,8,0
2023-08-27 02:00:00,25.7,95,4.9,100,0.0,1007.3,1.0,26.0,93,2.6,100,0.0,1002.6,0.1,-0.3000000000000007,2,8,0
2023-08-27 03:00:00,25.9,95,5.2,100,0.0,1006.6,0.5,25.9,95,2.6,100,0.0,1002.4,0.4,0.0,3,8,0
2023-08-27 04:00:00,26.0,90,6.0,100,0.0,1006.8,0.1,25.6,93,5.5,100,0.0,1002.4,0.1,0.3999999999999986,4,8,0
2023-08-27 05:00:00,26.1,92,10.1,100,0.0,1007.1,0.0,25.9,93,6.9,100,0.0,1002.7,0.0,0.20000000000000284,5,8,0
2023-08-27 06:00:00,26.1,90,11.7,100,9.0,1007.7,0.1,26.2,93,6.8,100,5.0,1003.2,0.6,-0.09999999999999787,6,8,1
2023-08-27 07:00:00,26.7,90,9.0,100,64.0,1008.2,0.2,26.9,92,5.7,100,63.0,1003.9,0.2,-0.1999999999999993,7,8,1
2023-08-27 08:00:00,27.3,88,9.3,100,121.0,1009.0,0.1,28.0,86,9.1,100,186.0,1004.7,0.1,-0.6999999999999993,8,8,1
2023-08-27 09:00:00,29.3,77,9.1,98,441.0,1008.6,0.0,29.1,77,8.5,91,327.0,1004.4,0.1,0.1999999999999993,9,8,1
2023-08-27 10:00:00,31.3,69,10.0,100,708.0,1008.1,0.0,31.3,67,7.6,97,714.0,1003.8,0.0,0.0,10,8,1
2023-08-27 11:00:00,32.3,64,9.0,100,841.0,1007.5,0.4,32.4,63,6.9,100,817.0,1003.2,0.1,-0.10000000000000142,11,8,1
2023-08-27 12:00:00,32.7,61,8.8,100,753.0,1006.6,0.2,32.9,61,8.2,100,775.0,1002.3,0.1,-0.19999999999999574,12,8,1
2023-08-27 13:00:00,32.9,58,7.8,100,682.0,1005.3,0.1,33.2,58,9.6,100,774.0,1000.9,0.1,-0.30000000000000426,13,8,1
2023-08-27 14:00:00,32.9,58,3.7,100,623.0,1004.5,0.1,33.3,57,7.2,100,690.0,1000.2,0.1,-0.3999999999999986,14,8,1
2023-08-27 15:00:00,33.0,58,3.6,100,490.0,1003.8,0.0,33.5,56,3.4,100,531.0,999.5,0.1,-0.5,15,8,1
2023-08-27 16:00:00,31.9,67,10.2,100,321.0,1003.7,0.0,33.1,58,3.1,100,336.0,999.4,0.0,-1.2000000000000028,16,8,1
2023-08-27 17:00:00,31.5,68,8.4,100,173.0,1004.2,0.0,32.5,63,3.2,100,178.0,1000.0,0.0,-1.0,17,8,1
2023-08-27 18:00:00,29.7,82,11.0,100,30.0,1004.8,0.0,30.3,75,9.9,100,35.0,1000.5,0.0,-0.6000000000000014,18,8,1
2023-08-27 19:00:00,29.2,82,9.7,100,0.0,1005.7,0.0,29.1,82,8.9,100,0.0,1001.4,0.0,0.09999999999999787,19,8,0
2023-08-27 20:00:00,29.1,85,10.2,100,0.0,1006.3,0.0,28.9,82,9.1,100,0.0,1002.1,0.0,0.20000000000000284,20,8,0
2023-08-27 21:00:00,29.0,87,13.3,100,0.0,1007.0,0.0,28.7,83,11.6,100,0.0,1003.0,0.0,0.3000000000000007,21,8,0
2023-08-27 22:00:00,28.8,85,16.7,100,0.0,1007.1,0.0,28.6,84,13.4,100,0.0,1003.1,0.0,0.1999999999999993,22,8,0
2023-08-27 23:00:00,28.6,84,16.2,100,0.0,1006.9,0.0,28.6,83,13.1,100,0.0,1002.7,0.0,0.0,23,8,0
2023-08-28 00:00:00,28.5,83,13.9,100,0.0,1006.2,0.0,28.6,78,12.5,100,0.0,1002.0,0.0,-0.10000000000000142,0,8,0
2023-08-28 01:00:00,28.4,80,13.9,100,0.0,1005.7,0.0,28.4,78,14.5,100,0.0,1001.4,0.0,0.0,1,8,0
2023-08-28 02:00:00,28.3,78,15.3,100,0.0,1005.2,0.0,28.0,82,15.9,100,0.0,1000.9,0.0,0.3000000000000007,2,8,0
2023-08-28 03:00:00,28.0,80,16.3,100,0.0,1005.1,0.0,27.7,81,15.0,100,0.0,1000.8,0.0,0.3000000000000007,3,8,0
2023-08-28 04:00:00,27.7,80,15.9,98,0.0,1005.7,0.0,27.3,79,13.1,100,0.0,1001.5,0.0,0.3999999999999986,4,8,0
2023-08-28 05:00:00,28.1,78,16.1,89,0.0,1005.5,0.0,27.5,81,15.0,96,0.0,1001.4,0.0,0.6000000000000014,5,8,0
2023-08-28 06:00:00,27.9,78,17.6,100,8.0,1006.1,0.0,27.4,80,15.6,100,8.0,1002.0,0.0,0.5,6,8,1
2023-08-28 07:00:00,28.5,76,16.4,82,106.0,1006.6,0.0,28.2,78,14.5,100,106.0,1002.6,0.0,0.3000000000000007,7,8,1
2023-08-28 08:00:00,30.2,71,16.4,49,373.0,1007.5,0.0,29.2,74,14.4,99,225.0,1003.3,0.0,1.0,8,8,1
2023-08-28 09:00:00,32.0,62,16.6,66,572.0,1007.2,0.0,31.1,67,14.1,76,495.0,1003.1,0.0,0.8999999999999986,9,8,1
2023-08-28 10:00:00,33.1,57,16.9,52,706.0,1006.9,0.0,32.6,59,15.8,99,692.0,1002.8,0.0,0.5,10,8,1
2023-08-28 11:00:00,33.8,54,14.4,100,726.0,1006.3,0.0,32.8,58,14.2,91,581.0,1002.1,0.0,1.0,11,8,1
2023-08-28 12:00:00,34.3,52,10.9,99,693.0,1005.5,0.0,32.9,58,10.9,74,527.0,1001.4,0.0,1.3999999999999986,12,8,1
2023-08-28 13:00:00,34.5,51,8.6,100,543.0,1004.3,0.0,33.6,56,8.8,99,525.0,1000.2,0.0,0.8999999999999986,13,8,1
2023-08-28 14:00:00,34.9,51,7.9,100,690.0,1003.2,0.0,33.9,54,8.9,99,503.0,999.2,0.0,1.0,14,8,1
2023-08-28 15:00:00,34.0,53,9.1,100,512.0,1002.9,0.0,34.0,52,8.5,100,505.0,998.6,0.0,0.0,15,8,1
2023-08-28 16:00:00,33.2,59,10.5,94,291.0,1002.6,0.0,33.2,56,10.2,100,330.0,998.5,0.0,0.0,16,8,1
2023-08-28 17:00:00,31.7,66,11.2,100,192.0,1003.5,0.0,33.1,73,2.9,100,132.0,999.2,0.0,-1.4000000000000021,17,8,1
2023-08-28 18:00:00,30.1,71,9.4,93,36.0,1004.4,0.0,30.2,73,9.4,34,34.0,1000.1,3.5,-0.09999999999999787,18,8,1
2023-08-28 19:00:00,26.9,90,18.9,100,0.0,1006.5,18.3,26.5,88,12.9,100,0.0,1001.7,7.9,0.3999999999999986,19,8,0
2023-08-28 20:00:00,26.8,90,7.1,100,0.0,1006.2,0.4,26.6,93,8.8,100,0.0,1002.4,1.4,0.1999999999999993,20,8,0
2023-08-28 21:00:00,27.1,89,15.3,99,0.0,1006.7,0.0,26.7,91,11.7,100,0.0,1002.7,0.8,0.40000000000000213,21,8,0
2023-08-28 22:00:00,27.2,88,16.2,100,0.0,1006.7,0.0,26.6,91,13.7,100,0.0,1002.6,0.1,0.5999999999999979,22,8,0
2023-08-28 23:00:00,26.7,91,17.3,100,0.0,1006.1,0.0,26.4,90,17.7,100,0.0,1002.1,0.0,0.3000000000000007,23,8,0
2023-08-29 00:00:00,26.7,87,16.6,100,0.0,1005.5,0.0,26.7,90,19.1,100,0.0,1001.1,0.0,0.0,0,8,0
2023-08-29 01:00:00,26.9,88,17.0,100,0.0,1005.0,0.0,26.5,87,16.8,100,0.0,1000.7,0.0,0.3999999999999986,1,8,0
2023-08-29 02:00:00,26.7,86,15.1,100,0.0,1004.8,0.0,26.2,86,13.9,100,0.0,1000.5,0.0,0.5,2,8,0
2023-08-29 03:00:00,26.5,85,14.5,100,0.0,1004.7,0.0,26.2,84,14.0,100,0.0,1000.4,0.0,0.3000000000000007,3,8,0
2023-08-29 04:00:00,26.4,85,10.6,99,0.0,1005.1,0.0,26.1,84,13.4,100,0.0,1000.7,0.0,0.29999999999999716,4,8,0
2023-08-29 05:00:00,25.5,90,1.8,100,0.0,1005.4,0.0,25.2,92,9.3,100,0.0,1001.0,0.0,0.3000000000000007,5,8,0
2023-08-29 06:00:00,26.0,91,5.1,100,3.0,1005.8,0.0,25.5,93,4.5,100,2.0,1001.3,0.0,0.5,6,8,1
2023-08-29 07:00:00,26.8,90,0.7,100,57.0,1006.6,0.0,26.1,93,3.8,100,52.0,1002.2,0.0,0.6999999999999993,7,8,1
2023-08-29 08:00:00,28.6,81,10.6,100,252.0,1007.0,0.0,27.9,85,11.3,100,254.0,1003.1,0.2,0.7000000000000028,8,8,1
2023-08-29 09:00:00,30.5,69,9.6,100,493.0,1006.8,0.0,29.9,72,8.6,100,450.0,1002.7,0.0,0.6000000000000014,9,8,1
2023-08-29 10:00:00,31.9,62,9.4,100,554.0,1006.5,0.0,32.2,59,10.6,100,650.0,1002.4,0.0,-0.30000000000000426,10,8,1
2023-08-29 11:00:00,33.6,56,9.0,100,825.0,1005.7,0.0,33.8,53,12.1,100,827.0,1001.3,0.0,-0.19999999999999574,11,8,1
2023-08-29 12:00:00,34.2,55,7.8,100,855.0,1004.6,0.0,35.0,49,12.0,100,926.0,1000.2,0.0,-0.7999999999999972,12,8,1
2023-08-29 13:00:00,33.6,59,5.4,100,738.0,1003.7,0.0,35.3,49,11.5,100,834.0,999.1,0.0,-1.6999999999999957,13,8,1
2023-08-29 14:00:00,30.7,75,12.2,100,618.0,1003.0,6.8,33.8,54,5.5,100,704.0,998.5,0.0,-3.099999999999998,14,8,1
2023-08-29 15:00:00,29.8,75,8.4,100,437.0,1002.4,1.8,28.5,82,11.9,100,275.0,998.3,3.9,1.3000000000000007,15,8,1
2023-08-29 16:00:00,30.5,73,9.2,100,299.0,1002.5,0.0,30.0,75,7.4,100,207.0,998.4,0.1,0.5,16,8,1
2023-08-29 17:00:00,32.6,60,6.6,100,183.0,1002.5,0.0,31.1,66,9.4,100,113.0,998.4,0.0,1.5,17,8,1
2023-08-29 18:00:00,30.6,68,8.7,100,38.0,1003.4,0.0,30.0,70,7.0,97,38.0,999.2,0.0,0.6000000000000014,18,8,1
2023-08-29 19:00:00,29.6,77,9.4,100,0.0,1004.7,0.0,29.2,74,11.5,99,0.0,1000.5,0.0,0.40000000000000213,19,8,0
2023-08-29 20:00:00,29.0,79,9.6,100,0.0,1005.5,0.0,28.9,75,12.6,99,0.0,1001.2,0.0,0.10000000000000142,20,8,0
2023-08-29 21:00:00,28.6,79,9.3,100,0.0,1006.3,0.0,28.1,80,8.8,100,0.0,1002.0,0.0,0.5,21,8,0
2023-08-29 22:00:00,28.2,83,10.4,93,0.0,1006.9,0.0,27.5,83,7.8,100,0.0,1002.8,0.0,0.6999999999999993,22,8,0
2023-08-29 23:00:00,27.7,84,15.2,74,0.0,1006.8,0.0,25.8,88,18.7,100,0.0,1003.3,7.6,1.8999999999999986,23,8,0
2023-08-30 00:00:00,25.1,89,19.4,92,0.0,1007.2,1.0,25.2,90,6.9,99,0.0,1002.4,4.3,-0.09999999999999787,0,8,0
2023-08-30 01:00:00,25.4,90,15.7,53,0.0,1006.0,0.1,25.6,90,9.8,91,0.0,1001.7,0.2,-0.20000000000000284,1,8,0
2023-08-30 02:00:00,25.2,91,8.8,80,0.0,1005.4,0.0,25.5,91,7.0,79,0.0,1000.9,0.0,-0.3000000000000007,2,8,0
2023-08-30 03:00:00,25.3,90,11.0,71,0.0,1004.8,0.0,25.4,92,6.6,100,0.0,1000.6,0.0,-0.09999999999999787,3,8,0
2023-08-30 04:00:00,25.4,89,10.5,70,0.0,1004.8,0.0,25.3,92,6.8,54,0.0,1000.5,0.0,0.09999999999999787,4,8,0
2023-08-30 05:00:00,26.6,83,9.5,31,0.0,1005.2,0.0,25.7,90,7.0,98,0.0,1000.9,0.0,0.9000000000000021,5,8,0
2023-08-30 06:00:00,26.7,84,9.2,41,12.0,1005.6,0.0,26.0,88,8.2,94,12.0,1001.4,0.0,0.6999999999999993,6,8,1
2023-08-30 07:00:00,28.0,81,9.0,78,157.0,1006.2,0.0,27.6,84,7.4,80,149.0,1002.0,0.0,0.3999999999999986,7,8,1
2023-08-30 08:00:00,30.1,71,9.3,67,387.0,1006.9,0.0,30.0,69,9.5,86,386.0,1002.6,0.0,0.10000000000000142,8,8,1
2023-08-30 09:00:00,31.9,63,9.0,26,598.0,1006.5,0.0,31.9,60,9.9,32,606.0,1002.3,0.0,0.0,9,8,1
2023-08-30 10:00:00,33.7,54,10.8,31,783.0,1006.2,0.0,33.6,53,12.1,30,788.0,1001.9,0.0,0.10000000000000142,10,8,1
2023-08-30 11:00:00,33.7,51,12.4,42,823.0,1005.8,0.2,34.5,48,11.8,4,873.0,1001.3,0.0,-0.7999999999999972,11,8,1
2023-08-30 12:00:00,34.3,49,11.6,24,889.0,1004.9,0.0,35.1,48,10.5,5,939.0,1000.4,0.0,-0.8000000000000043,12,8,1
2023-08-30 13:00:00,34.1,51,10.1,19,791.0,1004.1,0.1,34.6,48,12.3,58,908.0,999.7,0.3,-0.5,13,8,1
2023-08-30 14:00:00,33.0,57,8.5,14,751.0,1003.9,0.3,33.5,54,5.9,29,657.0,999.4,0.3,-0.5,14,8,1
2023-08-30 15:00:00,32.7,58,8.7,15,647.0,1003.5,0.0,33.6,54,9.0,11,567.0,998.8,0.0,-0.8999999999999986,15,8,1
2023-08-30 16:00:00,32.5,61,9.4,24,431.0,1003.2,0.0,32.4,59,10.5,21,431.0,998.8,0.0,0.10000000000000142,16,8,1
2023-08-30 17:00:00,31.3,67,6.4,10,217.0,1003.5,0.0,29.7,75,2.9,14,220.0,999.4,0.0,1.6000000000000014,17,8,1
2023-08-30 18:00:00,29.7,76,4.2,96,40.0,1004.4,0.0,28.5,82,3.6,35,40.0,1000.2,0.0,1.1999999999999993,18,8,1
2023-08-30 19:00:00,28.9,83,3.9,89,0.0,1005.2,0.0,28.0,84,4.5,99,0.0,1000.9,0.0,0.8999999999999986,19,8,0
2023-08-30 20:00:00,28.3,89,3.9,38,0.0,1005.8,0.0,27.4,86,12.9,100,0.0,1002.0,0.3,0.9000000000000021,20,8,0
2023-08-30 21:00:00,26.0,91,21.0,96,0.0,1007.8,5.8,26.2,89,13.9,98,0.0,1003.0,0.1,-0.1999999999999993,21,8,0
2023-08-30 22:00:00,26.1,92,5.7,47,0.0,1007.5,0.8,26.0,89,6.3,96,0.0,1003.1,0.2,0.10000000000000142,22,8,0
2023-08-30 23:00:00,25.8,94,8.2,99,0.0,1007.4,0.0,25.6,91,7.6,99,0.0,1003.1,0.2,0.1999999999999993,23,8,0
2023-08-31 00:00:00,25.9,92,8.9,98,0.0,1006.7,0.0,24.6,94,18.6,100,0.0,1003.2,3.8,1.2999999999999972,0,8,0
2023-08-31 01:00:00,24.7,93,16.9,100,0.0,1006.4,3.2,24.6,95,9.0,99,0.0,1001.2,3.0,0.09999999999999787,1,8,0
2023-08-31 02:00:00,24.8,93,12.1,98,0.0,1005.5,0.0,24.7,96,9.2,99,0.0,1001.3,0.2,0.10000000000000142,2,8,0
2023-08-31 03:00:00,24.8,93,10.8,99,0.0,1005.3,0.0,24.7,96,7.0,100,0.0,1001.0,0.2,0.10000000000000142,3,8,0
2023-08-31 04:00:00,24.7,94,7.5,98,0.0,1005.4,0.0,24.5,96,5.1,100,0.0,1000.9,0.0,0.1999999999999993,4,8,0
2023-08-31 05:00:00,25.7,90,8.8,94,0.0,1005.0,0.0,25.4,91,7.4,98,0.0,1000.4,0.0,0.3000000000000007,5,8,0
2023-08-31 06:00:00,26.1,88,10.9,97,12.0,1005.3,0.0,25.7,91,9.0,97,11.0,1000.9,0.0,0.40000000000000213,6,8,1
2023-08-31 07:00:00,27.6,84,12.8,98,153.0,1006.2,0.0,27.3,87,10.7,94,148.0,1002.0,0.0,0.3000000000000007,7,8,1
2023-08-31 08:00:00,29.7,76,12.4,100,367.0,1006.7,0.0,29.4,78,9.0,99,359.0,1002.5,0.0,0.3000000000000007,8,8,1
2023-08-31 09:00:00,31.7,66,13.7,100,567.0,1006.5,0.0,31.6,67,11.9,100,581.0,1002.4,0.0,0.09999999999999787,9,8,1
2023-08-31 10:00:00,32.4,59,16.2,99,713.0,1006.7,0.0,33.1,60,11.9,50,774.0,1002.3,0.0,-0.7000000000000028,10,8,1
2023-08-31 11:00:00,33.2,56,13.8,60,846.0,1006.2,0.0,32.3,61,9.5,79,846.0,1002.1,1.2,0.9000000000000057,11,8,1
2023-08-31 12:00:00,34.1,54,9.7,12,926.0,1005.4,0.0,33.9,55,8.6,40,881.0,1001.1,0.0,0.20000000000000284,12,8,1
2023-08-31 13:00:00,34.7,52,7.1,6,903.0,1004.1,0.0,34.0,55,8.3,14,854.0,999.9,0.0,0.7000000000000028,13,8,1
2023-08-31 14:00:00,34.7,51,2.3,17,804.0,1002.9,0.0,34.5,53,3.0,11,798.0,998.6,0.0,0.20000000000000284,14,8,1
2023-08-31 15:00:00,32.8,61,10.5,44,640.0,1003.0,0.3,33.8,56,4.1,6,603.0,998.5,0.0,-1.0,15,8,1
2023-08-31 16:00:00,31.6,71,5.8,46,431.0,1003.2,0.1,31.9,68,2.4,34,406.0,999.1,1.7,-0.29999999999999716,16,8,1
2023-08-31 17:00:00,31.2,67,1.1,22,181.0,1003.4,0.0,31.1,69,4.7,18,171.0,999.4,0.1,0.09999999999999787,17,8,1
2023-08-31 18:00:00,29.9,77,4.3,77,38.0,1004.1,0.0,29.5,77,5.4,35,36.0,1000.0,0.0,0.3999999999999986,18,8,1
2023-08-31 19:00:00,29.3,82,6.8,65,0.0,1005.3,0.0,28.5,79,9.9,55,0.0,1001.3,0.0,0.8000000000000007,19,8,0
2023-08-31 20:00:00,28.9,84,9.2,28,0.0,1006.3,0.0,27.8,81,8.1,17,0.0,1002.0,0.0,1.0999999999999979,20,8,0
2023-08-31 21:00:00,28.2,83,8.3,94,0.0,1007.1,0.0,27.3,83,6.9,42,0.0,1002.9,0.0,0.8999999999999986,21,8,0
2023-08-31 22:00:00,27.8,83,8.4,28,0.0,1007.3,0.0,27.1,84,5.9,26,0.0,1003.0,0.0,0.6999999999999993,22,8,0
2023-08-31 23:00:00,27.4,84,9.7,19,0.0,1006.7,0.0,26.8,85,10.5,36,0.0,1002.7,0.0,0.5999999999999979,23,8,0
2023-09-01 00:00:00,26.8,84,21.4,49,0.0,1006.8,0.2,25.7,86,16.3,55,0.0,1002.4,0.0,1.1000000000000014,0,9,0
2023-09-01 01:00:00,25.8,87,16.2,26,0.0,1005.9,0.0,25.5,88,11.7,24,0.0,1001.6,0.0,0.3000000000000007,1,9,0
2023-09-01 02:00:00,25.5,88,12.6,36,0.0,1005.2,0.0,25.4,90,10.5,22,0.0,1001.0,0.0,0.10000000000000142,2,9,0
2023-09-01 03:00:00,25.5,88,12.7,16,0.0,1004.8,0.0,25.5,89,9.5,35,0.0,1000.4,0.0,0.0,3,9,0
2023-09-01 04:00:00,25.5,88,9.4,17,0.0,1004.7,0.0,25.3,89,6.4,21,0.0,1000.4,0.0,0.1999999999999993,4,9,0
2023-09-01 05:00:00,27.0,79,14.2,27,0.0,1005.0,0.0,26.4,84,10.2,26,0.0,1001.0,0.0,0.6000000000000014,5,9,0
2023-09-01 06:00:00,27.1,78,12.9,24,12.0,1005.7,0.0,26.8,82,10.9,35,11.0,1001.4,0.0,0.3000000000000007,6,9,1
2023-09-01 07:00:00,28.2,76,10.4,21,155.0,1006.5,0.0,28.1,77,8.6,20,145.0,1002.2,0.0,0.09999999999999787,7,9,1
2023-09-01 08:00:00,29.8,72,8.6,18,385.0,1006.9,0.0,29.7,72,7.2,22,377.0,1002.7,0.0,0.10000000000000142,8,9,1
2023-09-01 09:00:00,31.6,67,6.5,21,608.0,1007.0,0.0,31.4,67,6.2,15,600.0,1002.7,0.0,0.20000000000000284,9,9,1
2023-09-01 10:00:00,32.9,62,2.6,10,786.0,1006.7,0.0,32.9,61,6.2,7,783.0,1002.5,0.0,0.0,10,9,1
2023-09-01 11:00:00,33.4,60,6.1,43,906.0,1006.2,0.0,33.9,56,4.9,8,905.0,1001.8,0.0,-0.5,11,9,1
2023-09-01 12:00:00,32.4,69,12.7,83,929.0,1005.5,1.9,34.6,54,4.4,98,896.0,1001.0,0.0,-2.200000000000003,12,9,1
2023-09-01 13:00:00,31.5,75,12.3,91,876.0,1004.5,1.4,33.4,59,8.0,89,890.0,1000.0,0.2,-1.8999999999999986,13,9,1
2023-09-01 14:00:00,31.7,72,13.1,92,725.0,1003.3,0.0,32.2,68,8.1,97,680.0,998.9,0.9,-0.5000000000000036,14,9,1
2023-09-01 15:00:00,31.2,73,13.1,86,646.0,1003.0,0.0,31.9,68,9.1,88,606.0,998.7,1.2,-0.6999999999999993,15,9,1
2023-09-01 16:00:00,31.1,71,13.6,23,425.0,1003.2,0.0,31.4,70,8.8,82,433.0,999.0,1.6,-0.29999999999999716,16,9,1
2023-09-01 17:00:00,30.6,75,12.5,9,218.0,1003.5,0.0,31.2,74,11.2,52,211.0,999.2,0.0,-0.5999999999999979,17,9,1
2023-09-01 18:00:00,29.3,83,13.4,31,37.0,1004.1,0.0,29.4,81,10.8,44,36.0,999.8,0.0,-0.09999999999999787,18,9,1
2023-09-01 19:00:00,28.8,88,12.6,38,0.0,1005.3,0.0,28.7,84,11.4,95,0.0,1001.0,0.0,0.10000000000000142,19,9,0
2023-09-01 20:00:00,28.7,88,13.8,99,0.0,1006.0,0.0,28.4,85,11.4,96,0.0,1001.8,0.0,0.3000000000000007,20,9,0
2023-09-01 21:00:00,28.5,88,15.5,88,0.0,1006.9,0.0,28.3,87,11.2,81,0.0,1002.6,0.0,0.1999999999999993,21,9,0
2023-09-01 22:00:00,28.4,89,15.1,100,0.0,1007.0,0.0,28.3,87,11.2,95,0.0,1002.9,0.0,0.09999999999999787,22,9,0
2023-09-01 23:00:00,28.5,88,15.2,100,0.0,1006.8,0.0,28.0,89,14.1,100,0.0,1002.6,0.0,0.5,23,9,0
2023-09-02 00:00:00,28.2,87,17.2,51,0.0,1006.3,0.0,28.0,83,16.8,97,0.0,1002.1,0.0,0.1999999999999993,0,9,0
2023-09-02 01:00:00,27.9,84,15.3,28,0.0,1005.5,0.0,27.2,83,14.8,38,0.0,1001.5,0.0,0.6999999999999993,1,9,0
2023-09-02 02:00:00,27.4,82,15.4,37,0.0,1005.0,0.0,27.0,84,13.6,4,0.0,1000.8,0.0,0.3999999999999986,2,9,0
2023-09-02 03:00:00,27.1,82,14.9,18,0.0,1004.3,0.0,26.7,85,12.8,22,0.0,1000.2,0.0,0.40000000000000213,3,9,0
2023-09-02 04:00:00,26.8,83,11.7,6,0.0,1004.4,0.0,26.3,86,10.7,3,0.0,1000.1,0.0,0.5,4,9,0
2023-09-02 05:00:00,27.4,83,12.5,3,0.0,1004.8,0.0,26.9,86,12.3,4,0.0,1000.5,0.0,0.5,5,9,0
2023-09-02 06:00:00,27.6,83,11.7,0,12.0,1005.0,0.0,27.0,85,9.7,0,11.0,1000.7,0.0,0.6000000000000014,6,9,1
2023-09-02 07:00:00,28.6,80,11.5,0,158.0,1005.5,0.0,28.3,81,10.3,0,155.0,1001.4,0.0,0.3000000000000007,7,9,1
2023-09-02 08:00:00,30.3,73,11.0,6,385.0,1006.3,0.0,29.9,74,9.1,4,382.0,1002.0,0.0,0.40000000000000213,8,9,1
2023-09-02 09:00:00,31.9,67,10.0,9,596.0,1006.5,0.0,31.5,68,7.6,8,598.0,1002.5,0.0,0.3999999999999986,9,9,1
2023-09-02 10:00:00,33.1,63,10.0,45,765.0,1006.7,0.0,32.8,64,8.4,54,777.0,1002.5,0.0,0.30000000000000426,10,9,1
2023-09-02 11:00:00,33.5,62,9.9,19,891.0,1006.1,0.2,33.3,63,7.2,32,881.0,1001.9,0.3,0.20000000000000284,11,9,1
2023-09-02 12:00:00,34.0,61,11.8,58,935.0,1004.8,0.1,33.7,61,8.4,38,889.0,1000.7,0.2,0.29999999999999716,12,9,1
2023-09-02 13:00:00,34.1,63,12.6,63,905.0,1003.4,0.1,34.2,59,7.6,52,875.0,999.3,0.1,-0.10000000000000142,13,9,1
2023-09-02 14:00:00,33.6,67,14.6,96,758.0,1001.8,0.1,34.4,59,7.0,51,806.0,997.7,0.0,-0.7999999999999972,14,9,1
2023-09-02 15:00:00,33.0,72,16.7,92,614.0,1001.3,0.0,30.8,74,13.8,100,649.0,997.8,4.3,2.1999999999999993,15,9,1
2023-09-02 16:00:00,31.6,74,18.0,95,451.0,1001.7,0.0,31.5,74,13.4,84,393.0,997.5,0.1,0.10000000000000142,16,9,1
2023-09-02 17:00:00,31.8,71,9.3,99,198.0,1002.4,1.6,30.8,77,8.0,95,226.0,998.1,0.1,1.0,17,9,1
2023-09-02 18:00:00,30.3,76,14.1,19,36.0,1003.3,0.0,29.5,82,6.1,60,33.0,999.1,2.3,0.8000000000000007,18,9,1
2023-09-02 19:00:00,28.8,81,9.4,50,0.0,1004.4,0.0,28.8,89,3.1,14,0.0,1000.2,0.0,0.0,19,9,0
2023-09-02 20:00:00,28.8,81,11.6,17,0.0,1005.0,0.1,28.8,84,10.0,1,0.0,1000.8,0.5,0.0,20,9,0
2023-09-02 21:00:00,28.5,83,11.2,39,0.0,1005.6,0.1,27.9,87,5.7,1,0.0,1001.4,0.0,0.6000000000000014,21,9,0
2023-09-02 22:00:00,28.0,85,9.8,94,0.0,1006.0,0.0,27.2,89,4.1,25,0.0,1001.6,0.0,0.8000000000000007,22,9,0
2023-09-02 23:00:00,27.7,88,9.0,35,0.0,1006.3,0.0,26.9,91,9.2,88,0.0,1002.2,1.5,0.8000000000000007,23,9,0
2023-09-03 00:00:00,27.2,86,13.5,100,0.0,1005.9,1.1,26.8,89,6.4,94,0.0,1001.3,0.8,0.3999999999999986,0,9,0
2023-09-03 01:00:00,26.7,85,9.1,100,0.0,1004.4,0.3,26.4,87,4.5,100,0.0,1000.6,0.5,0.3000000000000007,1,9,0
2023-09-03 02:00:00,26.4,85,10.1,96,0.0,1003.8,0.0,26.0,88,7.4,85,0.0,999.7,0.0,0.3999999999999986,2,9,0
2023-09-03 03:00:00,26.1,84,9.8,97,0.0,1003.5,0.0,25.6,90,7.8,86,0.0,999.5,0.0,0.5,3,9,0
2023-09-03 04:00:00,25.9,85,7.9,98,0.0,1003.8,0.0,25.5,90,8.5,77,0.0,999.6,0.0,0.3999999999999986,4,9,0
2023-09-03 05:00:00,26.0,88,7.0,100,0.0,1004.4,0.0,25.8,91,6.5,97,0.0,1000.2,0.0,0.1999999999999993,5,9,0
2023-09-03 06:00:00,26.4,87,8.6,100,11.0,1004.8,0.0,26.2,90,8.7,100,11.0,1000.6,0.0,0.1999999999999993,6,9,1
2023-09-03 07:00:00,27.7,83,8.3,100,137.0,1005.6,0.0,27.6,86,8.8,100,133.0,1001.3,0.0,0.09999999999999787,7,9,1
2023-09-03 08:00:00,29.2,76,11.9,100,299.0,1005.6,0.0,29.4,75,12.3,100,313.0,1001.4,0.0,-0.1999999999999993,8,9,1
2023-09-03 09:00:00,30.8,67,14.5,100,523.0,1005.2,0.0,30.9,67,13.7,100,551.0,1001.1,0.0,-0.09999999999999787,9,9,1
2023-09-03 10:00:00,31.8,62,14.4,100,661.0,1005.1,0.0,31.8,63,12.7,100,669.0,1001.2,0.0,0.0,10,9,1
2023-09-03 11:00:00,32.5,59,14.0,100,703.0,1004.5,0.0,32.2,61,12.6,100,635.0,1000.3,0.0,0.29999999999999716,11,9,1
2023-09-03 12:00:00,33.5,56,13.3,100,867.0,1003.1,0.0,33.0,57,13.3,100,737.0,999.0,0.0,0.5,12,9,1
2023-09-03 13:00:00,34.0,55,13.4,100,839.0,1002.4,0.0,33.7,53,13.4,100,864.0,998.2,0.0,0.29999999999999716,13,9,1
2023-09-03 14:00:00,33.8,54,14.2,100,695.0,1001.5,0.0,33.9,52,13.8,100,741.0,997.4,0.0,-0.10000000000000142,14,9,1
2023-09-03 15:00:00,33.7,53,14.4,100,584.0,1000.9,0.0,33.4,53,13.4,100,506.0,996.9,0.0,0.30000000000000426,15,9,1
2023-09-03 16:00:00,32.9,55,14.5,99,325.0,1000.4,0.0,32.1,57,13.7,100,365.0,996.3,0.0,0.7999999999999972,16,9,1
2023-09-03 17:00:00,27.4,82,6.1,99,132.0,1000.8,0.1,28.3,74,7.2,96,214.0,996.9,0.0,-0.9000000000000021,17,9,1
2023-09-03 18:00:00,27.3,85,8.1,100,19.0,1002.1,0.0,27.4,81,11.7,100,23.0,998.1,0.0,-0.09999999999999787,18,9,1
2023-09-03 19:00:00,27.3,84,14.8,100,0.0,1002.8,0.0,26.8,85,8.0,100,0.0,998.9,0.5,0.5,19,9,0
2023-09-03 20:00:00,27.0,81,11.1,100,0.0,1003.7,0.0,26.6,84,19.3,100,0.0,999.7,0.1,0.3999999999999986,20,9,0
2023-09-03 21:00:00,26.8,81,14.6,100,0.0,1004.1,0.0,25.8,83,21.1,100,0.0,1000.1,0.0,1.0,21,9,0
2023-09-03 22:00:00,26.4,79,16.6,100,0.0,1004.1,0.0,25.7,83,18.8,100,0.0,1000.0,0.0,0.6999999999999993,22,9,0
2023-09-03 23:00:00,26.1,79,17.7,100,0.0,1003.6,0.0,25.8,83,19.6,100,0.0,999.6,0.0,0.3000000000000007,23,9,0
2023-09-04 00:00:00,26.2,79,17.2,100,0.0,1002.8,0.0,25.8,80,14.8,100,0.0,998.5,0.0,0.3999999999999986,0,9,0
2023-09-04 01:00:00,26.1,79,15.1,100,0.0,1002.1,0.0,25.7,81,12.7,100,0.0,997.9,0.0,0.40000000000000213,1,9,0
2023-09-04 02:00:00,26.1,79,16.1,100,0.0,1001.5,0.0,25.7,81,11.4,100,0.0,997.3,0.0,0.40000000000000213,2,9,0
2023-09-04 03:00:00,26.0,80,14.0,100,0.0,1001.0,0.0,25.5,82,12.2,100,0.0,996.8,0.0,0.5,3,9,0
2023-09-04 04:00:00,26.2,79,11.6,100,0.0,1001.4,0.0,25.9,81,10.6,100,0.0,997.1,0.0,0.3000000000000007,4,9,0
2023-09-04 05:00:00,26.6,85,9.4,100,0.0,1001.4,0.0,26.0,91,10.4,100,0.0,997.1,0.0,0.6000000000000014,5,9,0
2023-09-04 06:00:00,27.2,81,12.4,100,8.0,1001.8,0.0,26.1,88,10.4,86,10.0,997.7,0.0,1.0999999999999979,6,9,1
2023-09-04 07:00:00,28.2,78,10.7,100,99.0,1002.7,0.0,27.5,83,8.6,100,140.0,998.5,0.0,0.6999999999999993,7,9,1
2023-09-04 08:00:00,29.4,72,13.2,100,223.0,1003.0,0.0,28.9,77,9.6,100,226.0,998.9,0.0,0.5,8,9,1
2023-09-04 09:00:00,30.6,65,15.5,100,353.0,1002.9,0.0,29.7,69,13.8,100,253.0,998.8,0.0,0.9000000000000021,9,9,1
2023-09-04 10:00:00,31.7,60,17.3,100,513.0,1002.9,0.0,30.6,63,14.1,100,367.0,998.8,0.0,1.0999999999999979,10,9,1
2023-09-04 11:00:00,31.4,61,19.1,100,366.0,1002.6,0.0,31.1,61,18.0,100,377.0,998.7,0.0,0.29999999999999716,11,9,1
2023-09-04 12:00:00,31.3,59,23.5,100,500.0,1001.9,0.0,31.6,57,19.7,100,484.0,997.7,0.0,-0.3000000000000007,12,9,1
2023-09-04 13:00:00,32.0,57,24.6,100,710.0,1000.5,0.0,31.8,56,19.6,100,570.0,996.4,0.0,0.1999999999999993,13,9,1
2023-09-04 14:00:00,32.2,57,21.1,100,569.0,999.2,0.0,32.8,51,25.0,96,603.0,994.9,0.0,-0.5999999999999943,14,9,1
2023-09-04 15:00:00,32.2,57,20.6,99,510.0,998.8,0.0,31.4,59,21.6,91,456.0,994.8,0.0,0.8000000000000043,15,9,1
2023-09-04 16:00:00,30.9,63,19.5,100,351.0,999.2,0.4,31.6,59,18.4,100,387.0,995.0,0.0,-0.7000000000000028,16,9,1
2023-09-04 17:00:00,30.5,65,15.2,100,112.0,1000.3,0.5,29.2,72,14.2,100,168.0,996.4,0.0,1.3000000000000007,17,9,1
2023-09-04 18:00:00,29.2,71,9.8,100,22.0,1000.7,0.0,28.0,81,6.5,100,11.0,996.5,0.3,1.1999999999999993,18,9,1
2023-09-04 19:00:00,29.2,69,13.3,100,0.0,1002.1,0.0,28.0,80,7.7,100,0.0,997.7,0.0,1.1999999999999993,19,9,0
2023-09-04 20:00:00,28.3,71,16.6,100,0.0,1002.8,0.1,28.4,75,12.2,100,0.0,998.5,0.0,-0.09999999999999787,20,9,0
2023-09-04 21:00:00,26.9,79,15.9,100,0.0,1003.6,0.5,28.1,69,17.7,100,0.0,999.2,0.0,-1.2000000000000028,21,9,0
2023-09-04 22:00:00,25.4,90,19.6,100,0.0,1003.8,3.4,27.2,73,16.4,100,0.0,999.7,0.1,-1.8000000000000007,22,9,0
2023-09-04 23:00:00,25.5,86,19.9,100,0.0,1002.9,0.6,26.0,81,13.3,100,0.0,999.0,0.3,-0.5,23,9,0
2023-09-05 00:00:00,25.7,84,17.5,100,0.0,1002.3,0.0,26.4,78,13.7,100,0.0,998.2,0.0,-0.6999999999999993,0,9,0
2023-09-05 01:00:00,25.9,82,16.4,100,0.0,1001.7,0.0,26.9,73,15.7,100,0.0,997.6,0.0,-1.0,1,9,0
2023-09-05 02:00:00,26.1,80,15.4,100,0.0,1001.5,0.0,26.9,71,15.9,100,0.0,997.4,0.0,-0.7999999999999972,2,9,0
2023-09-05 03:00:00,26.3,77,15.3,100,0.0,1001.1,0.0,26.8,71,15.0,100,0.0,996.9,0.0,-0.5,3,9,0
2023-09-05 04:00:00,26.1,74,14.9,100,0.0,1001.3,0.0,26.6,71,14.9,100,0.0,997.1,0.0,-0.5,4,9,0
2023-09-05 05:00:00,27.5,70,18.1,100,0.0,1001.8,0.0,27.2,74,16.4,100,0.0,997.4,0.0,0.3000000000000007,5,9,0
2023-09-05 06:00:00,26.8,72,17.0,100,4.0,1002.1,0.1,26.6,77,14.8,100,3.0,997.8,0.2,0.1999999999999993,6,9,1
2023-09-05 07:00:00,27.0,71,14.1,100,36.0,1002.8,0.0,26.6,79,13.0,100,40.0,998.8,0.3,0.3999999999999986,7,9,1
2023-09-05 08:00:00,27.8,68,14.6,100,104.0,1003.4,0.0,27.9,71,14.4,100,128.0,999.4,0.0,-0.09999999999999787,8,9,1
2023-09-05 09:00:00,29.4,63,15.3,100,323.0,1003.5,0.0,28.7,64,16.2,100,192.0,999.5,0.0,0.6999999999999993,9,9,1
2023-09-05 10:00:00,30.8,52,24.0,100,542.0,1003.3,0.0,30.1,56,16.6,100,381.0,999.2,0.0,0.6999999999999993,10,9,1
2023-09-05 11:00:00,29.7,56,26.5,100,579.0,1003.0,0.0,31.7,52,15.6,100,680.0,998.7,0.0,-2.0,11,9,1
2023-09-05 12:00:00,29.8,59,15.1,100,335.0,1002.0,0.0,32.0,51,16.6,100,554.0,997.8,0.0,-2.1999999999999993,12,9,1
2023-09-05 13:00:00,31.2,53,19.9,100,362.0,1001.2,0.0,32.0,47,20.9,100,504.0,996.9,0.0,-0.8000000000000007,13,9,1
2023-09-05 14:00:00,31.3,54,20.5,100,458.0,1000.3,0.0,31.6,51,16.2,100,396.0,996.0,0.0,-0.3000000000000007,14,9,1
2023-09-05 15:00:00,32.0,53,17.3,100,521.0,999.5,0.0,31.5,54,14.9,100,405.0,995.4,0.0,0.5,15,9,1
2023-09-05 16:00:00,32.3,54,15.0,100,411.0,999.5,0.0,31.6,56,12.6,99,439.0,995.4,0.0,0.6999999999999957,16,9,1
2023-09-05 17:00:00,26.1,88,2.2,100,166.0,1001.5,0.0,28.9,76,10.5,100,203.0,997.1,0.0,-2.799999999999997,17,9,1
2023-09-05 18:00:00,26.3,89,4.8,100,13.0,1001.8,0.0,27.7,75,11.0,100,15.0,998.0,0.1,-1.3999999999999986,18,9,1
2023-09-05 19:00:00,26.5,87,7.1,100,0.0,1002.3,0.0,26.6,80,17.7,100,0.0,998.5,0.1,-0.10000000000000142,19,9,0
2023-09-05 20:00:00,26.6,84,14.3,100,0.0,1003.0,0.0,26.7,77,12.4,100,0.0,998.9,0.0,-0.09999999999999787,20,9,0
2023-09-05 21:00:00,26.4,83,11.2,100,0.0,1003.5,0.0,26.8,77,12.4,100,0.0,999.3,0.0,-0.40000000000000213,21,9,0
2023-09-05 22:00:00,26.5,81,11.7,100,0.0,1003.4,0.0,26.4,80,12.8,100,0.0,999.2,0.0,0.10000000000000142,22,9,0
2023-09-05 23:00:00,26.4,81,13.2,98,0.0,1003.1,0.0,26.2,81,13.8,100,0.0,998.9,0.0,0.1999999999999993,23,9,0
2023-09-06 00:00:00,26.0,83,13.8,100,0.0,1002.6,0.0,26.2,79,15.5,99,0.0,998.4,0.0,-0.1999999999999993,0,9,0
2023-09-06 01:00:00,26.1,81,14.8,100,0.0,1001.9,0.0,26.0,80,14.3,100,0.0,997.9,0.0,0.10000000000000142,1,9,0
2023-09-06 02:00:00,26.1,80,14.6,100,0.0,1001.4,0.0,26.1,79,13.8,100,0.0,997.3,0.0,0.0,2,9,0
2023-09-06 03:00:00,26.2,79,14.7,100,0.0,1001.1,0.0,26.3,78,13.8,100,0.0,996.9,0.0,-0.10000000000000142,3,9,0
2023-09-06 04:00:00,26.4,78,14.7,100,0.0,1001.4,0.0,26.4,77,12.2,100,0.0,997.2,0.0,0.0,4,9,0
2023-09-06 05:00:00,27.7,70,16.1,100,0.0,1002.1,0.0,27.4,72,13.5,100,0.0,998.0,0.0,0.3000000000000007,5,9,0
2023-09-06 06:00:00,27.7,71,15.9,97,7.0,1002.7,0.0,27.2,73,14.4,99,10.0,998.7,0.0,0.5,6,9,1
2023-09-06 07:00:00,28.2,72,13.3,100,126.0,1003.5,0.0,28.1,73,14.6,100,126.0,999.4,0.0,0.09999999999999787,7,9,1
2023-09-06 08:00:00,29.4,69,15.6,100,288.0,1004.7,0.0,29.3,69,15.7,100,346.0,1000.5,0.0,0.09999999999999787,8,9,1
2023-09-06 09:00:00,30.7,65,16.1,100,480.0,1004.7,0.0,30.5,66,14.9,100,516.0,1000.6,0.0,0.1999999999999993,9,9,1
2023-09-06 10:00:00,31.8,62,16.2,100,651.0,1004.7,0.0,31.3,62,18.1,100,666.0,1000.8,0.0,0.5,10,9,1
2023-09-06 11:00:00,32.3,60,16.1,100,673.0,1004.3,0.0,31.9,60,17.1,100,598.0,1000.1,0.0,0.3999999999999986,11,9,1
2023-09-06 12:00:00,32.8,59,15.1,100,722.0,1003.4,0.0,33.1,58,15.8,100,843.0,999.2,0.0,-0.30000000000000426,12,9,1
2023-09-06 13:00:00,33.0,59,14.2,100,632.0,1002.2,0.0,31.6,64,17.9,100,763.0,998.2,1.9,1.3999999999999986,13,9,1
2023-09-06 14:00:00,31.1,65,19.3,100,651.0,1001.4,0.1,28.2,81,11.3,100,501.0,997.2,3.9,2.900000000000002,14,9,1
2023-09-06 15:00:00,29.6,75,14.2,100,384.0,1000.8,0.3,29.9,76,7.9,100,396.0,996.7,0.0,-0.29999999999999716,15,9,1
2023-09-06 16:00:00,28.9,79,15.0,100,301.0,1001.5,3.4,30.2,71,12.0,100,318.0,997.0,0.0,-1.3000000000000007,16,9,1
2023-09-06 17:00:00,31.2,68,6.8,100,149.0,1001.3,2.6,30.6,66,12.6,100,153.0,997.2,0.0,0.5999999999999979,17,9,1
2023-09-06 18:00:00,29.9,70,14.8,100,31.0,1001.9,0.0,29.5,69,12.5,100,28.0,997.8,0.0,0.3999999999999986,18,9,1
2023-09-06 19:00:00,29.4,68,16.4,100,0.0,1002.9,0.0,28.9,72,9.7,100,0.0,998.7,0.0,0.5,19,9,0
2023-09-06 20:00:00,29.1,70,13.5,100,0.0,1003.6,0.0,28.7,71,10.6,100,0.0,999.4,0.0,0.40000000000000213,20,9,0
2023-09-06 21:00:00,28.6,73,13.7,100,0.0,1004.6,0.0,28.5,74,13.7,100,0.0,1000.4,0.0,0.10000000000000142,21,9,0
2023-09-06 22:00:00,28.4,75,15.5,100,0.0,1004.6,0.0,28.2,75,14.2,100,0.0,1000.6,0.0,0.1999999999999993,22,9,0
2023-09-06 23:00:00,28.2,75,16.1,100,0.0,1004.4,0.0,27.7,74,16.5,100,0.0,1000.3,0.0,0.5,23,9,0
2023-09-07 00:00:00,27.7,74,15.8,100,0.0,1003.7,0.0,27.4,73,15.0,100,0.0,999.5,0.0,0.3000000000000007,0,9,0
2023-09-07 01:00:00,27.4,74,16.0,100,0.0,1003.2,0.0,27.4,73,14.4,100,0.0,999.1,0.0,0.0,1,9,0
2023-09-07 02:00:00,27.3,74,15.0,100,0.0,1002.8,0.0,27.3,74,13.8,100,0.0,998.5,0.0,0.0,2,9,0
2023-09-07 03:00:00,27.1,75,14.0,100,0.0,1002.7,0.0,27.0,75,12.2,100,0.0,998.6,0.0,0.10000000000000142,3,9,0
2023-09-07 04:00:00,26.9,76,14.5,100,0.0,1003.1,0.0,26.7,77,12.8,100,0.0,999.0,0.0,0.1999999999999993,4,9,0
2023-09-07 05:00:00,27.1,75,13.2,100,0.0,1003.4,0.0,27.1,74,13.4,100,0.0,999.3,0.0,0.0,5,9,0
2023-09-07 06:00:00,27.2,76,14.3,100,11.0,1003.8,0.0,27.2,74,13.1,100,9.0,999.5,0.0,0.0,6,9,1
2023-09-07 07:00:00,28.3,75,13.0,100,146.0,1004.6,0.0,28.1,74,11.3,100,137.0,1000.4,0.0,0.1999999999999993,7,9,1
2023-09-07 08:00:00,29.8,70,15.1,100,355.0,1005.2,0.0,29.7,70,13.6,99,346.0,1001.1,0.0,0.10000000000000142,8,9,1
2023-09-07 09:00:00,31.2,63,17.7,100,566.0,1005.0,0.0,30.9,65,15.1,100,544.0,1001.0,0.0,0.3000000000000007,9,9,1
2023-09-07 10:00:00,32.3,58,18.0,98,747.0,1005.1,0.0,31.8,61,14.4,100,651.0,1001.0,0.0,0.49999999999999645,10,9,1
2023-09-07 11:00:00,33.1,56,16.3,95,837.0,1004.8,0.0,32.6,59,13.5,98,709.0,1000.8,0.0,0.5,11,9,1
2023-09-07 12:00:00,33.7,52,15.2,99,898.0,1004.2,0.0,33.4,58,14.1,99,870.0,1000.0,0.0,0.30000000000000426,12,9,1
2023-09-07 13:00:00,33.3,52,15.6,100,758.0,1002.9,0.2,33.5,57,14.5,100,802.0,998.5,0.0,-0.20000000000000284,13,9,1
2023-09-07 14:00:00,32.4,63,14.3,100,632.0,1001.9,0.2,32.6,60,14.0,100,547.0,997.6,0.0,-0.20000000000000284,14,9,1
2023-09-07 15:00:00,31.6,69,15.1,100,397.0,1001.3,0.0,31.9,63,13.1,100,389.0,997.1,0.1,-0.29999999999999716,15,9,1
2023-09-07 16:00:00,30.3,73,16.2,100,246.0,1001.8,1.8,31.0,70,14.4,100,301.0,997.5,0.5,-0.6999999999999993,16,9,1
2023-09-07 17:00:00,29.1,83,10.2,100,153.0,1002.0,0.1,30.4,76,6.1,100,165.0,997.8,0.0,-1.2999999999999972,17,9,1
2023-09-07 18:00:00,28.9,85,9.3,58,26.0,1002.6,0.2,29.1,80,4.7,46,30.0,998.6,0.0,-0.20000000000000284,18,9,1
2023-09-07 19:00:00,28.1,88,15.8,100,0.0,1004.1,0.4,29.0,79,9.8,100,0.0,999.8,0.0,-0.8999999999999986,19,9,0
2023-09-07 20:00:00,26.1,94,13.2,100,0.0,1005.6,8.3,28.0,81,3.8,100,0.0,1001.1,2.9,-1.8999999999999986,20,9,0
2023-09-07 21:00:00,26.4,92,10.2,100,0.0,1006.5,6.7,25.5,93,2.5,100,0.0,1002.2,11.0,0.8999999999999986,21,9,0
2023-09-07 22:00:00,26.5,89,11.6,100,0.0,1006.6,0.5,26.4,92,7.3,100,0.0,1002.3,0.7,0.10000000000000142,22,9,0
2023-09-07 23:00:00,26.0,93,13.1,100,0.0,1006.3,0.3,26.6,92,4.1,100,0.0,1002.0,1.8,-0.6000000000000014,23,9,0
2023-09-08 00:00:00,25.9,94,10.9,100,0.0,1005.7,1.1,26.8,89,7.9,100,0.0,1001.5,0.3,-0.9000000000000021,0,9,0
2023-09-08 01:00:00,26.0,91,10.5,100,0.0,1004.9,0.4,26.4,89,8.7,100,0.0,1000.6,0.0,-0.3999999999999986,1,9,0
2023-09-08 02:00:00,26.0,92,8.4,100,0.0,1004.0,0.2,26.3,89,9.5,100,0.0,999.8,0.0,-0.3000000000000007,2,9,0
2023-09-08 03:00:00,26.3,90,11.0,100,0.0,1003.9,0.0,26.3,86,9.6,100,0.0,999.7,0.0,0.0,3,9,0
2023-09-08 04:00:00,26.4,87,12.0,100,0.0,1004.1,0.0,26.2,86,10.6,100,0.0,1000.1,0.0,0.1999999999999993,4,9,0
2023-09-08 05:00:00,26.4,85,13.5,100,0.0,1004.7,0.0,26.6,78,10.7,100,0.0,1000.6,0.0,-0.20000000000000284,5,9,0
2023-09-08 06:00:00,26.6,81,13.5,100,11.0,1004.9,0.0,26.7,77,11.8,100,10.0,1000.7,0.0,-0.09999999999999787,6,9,1
2023-09-08 07:00:00,27.8,79,11.6,97,142.0,1006.0,0.0,27.9,74,11.5,97,129.0,1001.8,0.0,-0.09999999999999787,7,9,1
2023-09-08 08:00:00,29.5,71,12.5,94,379.0,1007.0,0.0,29.7,67,14.5,98,364.0,1002.7,0.0,-0.1999999999999993,8,9,1
2023-09-08 09:00:00,31.0,63,16.0,100,589.0,1006.7,0.0,31.1,62,16.5,100,571.0,1002.5,0.0,-0.10000000000000142,9,9,1
2023-09-08 10:00:00,32.1,59,16.3,100,694.0,1006.7,0.0,32.1,59,16.4,100,688.0,1002.6,0.0,0.0,10,9,1
2023-09-08 11:00:00,33.1,55,16.1,100,837.0,1006.1,0.0,32.8,59,15.8,100,812.0,1002.0,0.0,0.30000000000000426,11,9,1
2023-09-08 12:00:00,33.6,55,15.3,100,802.0,1004.8,0.0,33.4,58,15.5,100,845.0,1000.6,0.0,0.20000000000000284,12,9,1
2023-09-08 13:00:00,33.8,56,15.6,98,884.0,1003.6,0.1,33.5,58,15.5,100,779.0,999.5,0.0,0.29999999999999716,13,9,1
2023-09-08 14:00:00,33.2,60,14.2,96,732.0,1002.8,0.4,33.8,56,15.0,100,776.0,998.5,0.0,-0.5999999999999943,14,9,1
2023-09-08 15:00:00,32.7,63,13.4,70,582.0,1002.0,0.0,33.3,57,14.1,100,521.0,997.6,0.0,-0.5999999999999943,15,9,1
2023-09-08 16:00:00,31.6,70,17.7,57,378.0,1002.0,0.0,31.7,66,11.1,66,308.0,997.8,0.1,-0.09999999999999787,16,9,1
2023-09-08 17:00:00,31.4,70,8.5,100,172.0,1002.8,0.0,32.0,60,10.6,100,169.0,998.4,0.1,-0.6000000000000014,17,9,1
2023-09-08 18:00:00,29.5,83,13.8,99,23.0,1003.3,0.1,30.1,67,7.1,92,27.0,998.9,0.0,-0.6000000000000014,18,9,1
2023-09-08 19:00:00,29.3,80,19.8,95,0.0,1004.2,0.0,28.9,81,8.7,98,0.0,1000.4,0.1,0.40000000000000213,19,9,0
2023-09-08 20:00:00,28.8,83,21.0,100,0.0,1005.0,0.0,28.7,83,11.2,97,0.0,1001.1,0.2,0.10000000000000142,20,9,0
2023-09-08 21:00:00,28.9,83,18.4,93,0.0,1005.8,0.0,28.3,84,13.9,100,0.0,1001.9,0.3,0.5999999999999979,21,9,0
2023-09-08 22:00:00,28.7,79,19.7,95,0.0,1006.3,0.0,27.9,85,14.8,92,0.0,1002.5,0.1,0.8000000000000007,22,9,0
2023-09-08 23:00:00,28.1,80,23.5,97,0.0,1005.6,0.0,27.6,80,18.5,98,0.0,1001.8,0.0,0.5,23,9,0
2023-09-09 00:00:00,27.9,75,18.6,100,0.0,1004.7,0.0,26.9,81,14.4,100,0.0,1000.7,0.0,1.0,0,9,0
2023-09-09 01:00:00,27.4,76,16.2,47,0.0,1004.4,0.0,26.6,84,12.4,98,0.0,1000.2,0.0,0.7999999999999972,1,9,0
2023-09-09 02:00:00,27.0,77,14.3,78,0.0,1004.0,0.0,26.5,84,11.7,87,0.0,999.8,0.0,0.5,2,9,0
2023-09-09 03:00:00,26.6,80,11.8,77,0.0,1004.2,0.0,26.3,85,9.3,80,0.0,1000.0,0.0,0.3000000000000007,3,9,0
2023-09-09 04:00:00,26.4,81,12.0,63,0.0,1004.6,0.0,26.2,84,10.7,96,0.0,1000.4,0.0,0.1999999999999993,4,9,0
2023-09-09 05:00:00,27.7,73,13.7,80,0.0,1005.0,0.0,27.1,75,13.0,95,0.0,1000.8,0.0,0.5999999999999979,5,9,0
2023-09-09 06:00:00,27.6,75,9.2,99,9.0,1005.3,0.0,27.3,74,10.4,100,10.0,1000.8,0.1,0.3000000000000007,6,9,1
2023-09-09 07:00:00,28.4,74,6.4,81,144.0,1005.8,0.0,28.1,75,7.6,86,115.0,1001.6,0.0,0.29999999999999716,7,9,1
2023-09-09 08:00:00,29.8,69,10.7,63,348.0,1006.2,0.0,29.8,69,9.4,89,349.0,1002.0,0.0,0.0,8,9,1
2023-09-09 09:00:00,31.5,62,14.3,90,581.0,1006.2,0.0,31.3,62,11.4,96,564.0,1002.2,0.0,0.1999999999999993,9,9,1
2023-09-09 10:00:00,32.6,57,15.0,85,721.0,1005.5,0.0,32.4,58,12.3,72,730.0,1001.3,0.0,0.20000000000000284,10,9,1
2023-09-09 11:00:00,33.7,54,13.7,98,881.0,1004.7,0.0,33.3,56,11.5,100,864.0,1000.6,0.0,0.4000000000000057,11,9,1
2023-09-09 12:00:00,34.2,53,11.1,100,879.0,1003.8,0.0,33.9,55,10.2,100,784.0,999.5,0.0,0.30000000000000426,12,9,1
2023-09-09 13:00:00,34.1,54,7.6,100,699.0,1003.0,0.0,34.1,56,10.5,83,735.0,998.7,0.0,0.0,13,9,1
2023-09-09 14:00:00,33.7,56,11.2,100,571.0,1001.9,0.0,34.1,55,8.5,31,651.0,997.7,0.0,-0.3999999999999986,14,9,1
2023-09-09 15:00:00,32.0,72,14.1,100,441.0,1001.4,0.3,33.5,58,9.4,92,636.0,997.1,0.1,-1.5,15,9,1
2023-09-09 16:00:00,31.7,71,16.8,97,347.0,1001.0,0.0,32.3,64,10.2,93,396.0,996.9,0.0,-0.5999999999999979,16,9,1
2023-09-09 17:00:00,30.5,76,14.5,84,181.0,1001.8,0.0,31.1,69,10.4,88,198.0,997.7,0.0,-0.6000000000000014,17,9,1
2023-09-09 18:00:00,30.0,77,17.8,50,26.0,1002.8,0.1,29.8,74,12.4,34,26.0,998.7,0.0,0.1999999999999993,18,9,1
2023-09-09 19:00:00,29.5,77,18.4,98,0.0,1003.5,0.0,29.2,77,12.7,86,0.0,999.3,0.0,0.3000000000000007,19,9,0
2023-09-09 20:00:00,29.0,80,16.2,35,0.0,1004.0,0.0,28.8,79,14.4,95,0.0,999.8,0.0,0.1999999999999993,20,9,0
2023-09-09 21:00:00,28.8,82,15.9,21,0.0,1004.9,0.0,28.7,80,17.7,99,0.0,1000.7,0.0,0.10000000000000142,21,9,0
2023-09-09 22:00:00,28.7,80,17.6,43,0.0,1005.1,0.0,28.9,75,20.7,38,0.0,1000.9,0.0,-0.1999999999999993,22,9,0
2023-09-09 23:00:00,28.9,74,16.2,26,0.0,1004.7,0.0,28.6,72,17.2,21,0.0,1000.4,0.0,0.29999999999999716,23,9,0
2023-09-10 00:00:00,28.5,72,13.6,74,0.0,1004.1,0.0,28.2,73,15.2,84,0.0,999.8,0.0,0.3000000000000007,0,9,0
2023-09-10 01:00:00,28.2,73,13.9,67,0.0,1003.5,0.0,27.9,74,14.8,82,0.0,999.3,0.0,0.3000000000000007,1,9,0
2023-09-10 02:00:00,27.9,74,14.8,73,0.0,1003.1,0.0,27.6,76,14.8,66,0.0,999.0,0.0,0.29999999999999716,2,9,0
2023-09-10 03:00:00,27.6,73,15.2,66,0.0,1002.6,0.0,27.3,76,14.3,96,0.0,998.6,0.0,0.3000000000000007,3,9,0
2023-09-10 04:00:00,27.3,74,14.0,80,0.0,1003.1,0.0,26.9,78,13.0,83,0.0,999.0,0.0,0.40000000000000213,4,9,0
2023-09-10 05:00:00,28.4,70,14.0,63,0.0,1003.2,0.0,27.9,75,12.6,67,0.0,999.1,0.0,0.5,5,9,0
2023-09-10 06:00:00,28.6,69,15.1,100,9.0,1003.6,0.0,28.0,74,12.3,80,11.0,999.5,0.0,0.6000000000000014,6,9,1
2023-09-10 07:00:00,29.4,68,13.2,100,125.0,1004.6,0.0,29.1,72,11.3,99,143.0,1000.5,0.0,0.29999999999999716,7,9,1
2023-09-10 08:00:00,30.3,64,13.1,100,218.0,1005.5,0.0,30.4,64,13.2,100,316.0,1001.3,0.0,-0.09999999999999787,8,9,1
2023-09-10 09:00:00,30.5,62,12.7,100,211.0,1005.6,0.0,30.9,61,14.4,100,397.0,1001.4,0.0,-0.3999999999999986,9,9,1
2023-09-10 10:00:00,31.2,60,11.7,100,329.0,1005.1,0.0,31.4,59,12.7,100,424.0,1001.0,0.0,-0.1999999999999993,10,9,1
2023-09-10 11:00:00,32.0,57,12.0,100,461.0,1004.7,0.0,31.8,58,12.0,100,448.0,1000.5,0.0,0.1999999999999993,11,9,1
2023-09-10 12:00:00,32.4,56,12.9,100,477.0,1003.7,0.0,32.3,57,11.3,100,467.0,999.5,0.0,0.10000000000000142,12,9,1
2023-09-10 13:00:00,33.2,53,14.8,100,604.0,1002.5,0.0,32.9,55,11.9,100,527.0,998.2,0.0,0.30000000000000426,13,9,1
2023-09-10 14:00:00,33.5,52,15.2,100,492.0,1001.4,0.0,33.4,53,12.7,100,584.0,997.2,0.0,0.10000000000000142,14,9,1
2023-09-10 15:00:00,34.1,49,11.8,100,527.0,1000.8,0.0,33.3,53,9.5,100,411.0,996.5,0.0,0.8000000000000043,15,9,1
2023-09-10 16:00:00,33.6,49,8.2,100,367.0,1000.7,0.0,33.0,56,7.9,100,313.0,996.5,0.0,0.6000000000000014,16,9,1
2023-09-10 17:00:00,31.3,65,1.1,100,168.0,1001.9,0.0,31.2,73,3.2,100,134.0,997.6,0.0,0.10000000000000142,17,9,1
2023-09-10 18:00:00,30.1,75,6.6,100,15.0,1002.5,0.0,29.7,78,5.4,100,16.0,998.2,0.0,0.40000000000000213,18,9,1
2023-09-10 19:00:00,29.4,80,8.0,100,0.0,1003.4,0.0,29.3,77,9.8,100,0.0,999.3,0.0,0.09999999999999787,19,9,0
2023-09-10 20:00:00,29.3,78,13.1,100,0.0,1004.2,0.0,29.2,77,9.7,100,0.0,1000.0,0.0,0.10000000000000142,20,9,0
2023-09-10 21:00:00,29.0,82,14.1,100,0.0,1004.7,0.0,28.8,80,9.1,100,0.0,1000.5,0.0,0.1999999999999993,21,9,0
2023-09-10 22:00:00,28.8,84,14.8,100,0.0,1004.5,0.0,28.7,79,15.0,100,0.0,1000.5,0.0,0.10000000000000142,22,9,0
2023-09-10 23:00:00,28.6,79,13.7,100,0.0,1004.2,0.0,28.5,74,14.6,100,0.0,999.9,0.0,0.10000000000000142,23,9,0
2023-09-11 00:00:00,28.4,75,10.4,96,0.0,1003.7,0.0,28.0,75,14.7,82,0.0,999.4,0.0,0.3999999999999986,0,9,0
2023-09-11 01:00:00,28.0,75,12.5,88,0.0,1003.4,0.0,27.6,80,12.9,70,0.0,999.1,0.0,0.3999999999999986,1,9,0
2023-09-11 02:00:00,27.7,77,15.9,52,0.0,1002.7,0.0,27.3,81,11.5,61,0.0,998.6,0.0,0.3999999999999986,2,9,0
2023-09-11 03:00:00,27.4,78,12.6,43,0.0,1002.5,0.0,27.0,82,10.7,45,0.0,998.4,0.0,0.3999999999999986,3,9,0
2023-09-11 04:00:00,27.2,80,11.8,62,0.0,1003.0,0.0,26.8,83,11.1,82,0.0,998.7,0.0,0.3999999999999986,4,9,0
2023-09-11 05:00:00,27.9,75,9.5,99,0.0,1002.8,0.0,27.5,79,10.4,96,0.0,998.6,0.0,0.3999999999999986,5,9,0
2023-09-11 06:00:00,28.3,71,12.3,100,7.0,1003.5,0.0,28.2,72,13.4,100,8.0,999.3,0.0,0.10000000000000142,6,9,1
2023-09-11 07:00:00,28.7,70,14.1,100,75.0,1004.7,0.0,28.9,68,15.5,100,102.0,1000.6,0.0,-0.1999999999999993,7,9,1
2023-09-11 08:00:00,30.0,68,13.4,100,234.0,1005.2,0.0,29.8,66,13.7,100,221.0,1001.1,0.0,0.1999999999999993,8,9,1
2023-09-11 09:00:00,31.5,60,16.2,100,414.0,1005.4,0.0,30.6,63,14.5,100,385.0,1001.3,0.0,0.8999999999999986,9,9,1
2023-09-11 10:00:00,32.7,56,16.2,90,656.0,1005.1,0.0,31.6,61,14.6,100,558.0,1001.0,0.0,1.1000000000000014,10,9,1
2023-09-11 11:00:00,34.0,51,17.3,98,874.0,1004.5,0.0,32.5,59,13.7,99,696.0,1000.4,0.0,1.5,11,9,1
2023-09-11 12:00:00,34.7,48,15.5,100,883.0,1003.6,0.0,33.7,53,14.6,99,919.0,999.6,0.0,1.0,12,9,1
2023-09-11 13:00:00,34.9,47,12.1,100,785.0,1002.5,0.0,33.9,52,12.8,100,756.0,998.4,0.0,1.0,13,9,1
2023-09-11 14:00:00,34.6,46,8.2,100,627.0,1001.6,0.0,34.6,49,12.3,100,792.0,997.3,0.0,0.0,14,9,1
2023-09-11 15:00:00,34.1,47,7.3,100,499.0,1001.1,0.0,34.1,50,11.6,100,556.0,996.7,0.1,0.0,15,9,1
2023-09-11 16:00:00,32.3,62,8.7,100,328.0,1001.6,0.0,33.7,55,5.6,100,341.0,997.1,0.0,-1.4000000000000057,16,9,1
2023-09-11 17:00:00,30.4,73,6.4,100,147.0,1002.5,0.0,27.1,85,6.9,100,138.0,998.4,0.0,3.299999999999997,17,9,1
2023-09-11 18:00:00,29.4,77,7.8,100,15.0,1003.3,0.0,27.5,84,13.0,100,12.0,999.2,0.2,1.8999999999999986,18,9,1
2023-09-11 19:00:00,27.9,80,19.1,100,0.0,1004.2,0.0,27.1,88,12.1,100,0.0,999.8,0.0,0.7999999999999972,19,9,0
2023-09-11 20:00:00,28.0,79,13.4,100,0.0,1004.8,0.0,27.0,87,9.3,100,0.0,1000.7,0.0,1.0,20,9,0
2023-09-11 21:00:00,27.8,83,9.7,100,0.0,1005.4,0.0,26.8,86,11.2,100,0.0,1001.3,0.0,1.0,21,9,0
2023-09-11 22:00:00,27.6,84,13.2,100,0.0,1006.2,0.0,26.5,86,9.6,100,0.0,1001.9,0.0,1.1000000000000014,22,9,0
2023-09-11 23:00:00,27.2,84,14.6,100,0.0,1005.6,0.0,26.6,86,9.7,100,0.0,1001.5,0.0,0.5999999999999979,23,9,0
2023-09-12 00:00:00,27.0,85,14.9,100,0.0,1004.6,0.0,26.6,85,10.8,100,0.0,1000.4,0.0,0.3999999999999986,0,9,0
2023-09-12 01:00:00,26.9,84,14.2,100,0.0,1004.1,0.0,26.5,84,10.8,100,0.0,999.9,0.0,0.3999999999999986,1,9,0
2023-09-12 02:00:00,26.8,82,15.2,100,0.0,1003.1,0.0,26.5,82,11.8,100,0.0,999.1,0.0,0.3000000000000007,2,9,0
2023-09-12 03:00:00,26.9,81,15.0,100,0.0,1002.9,0.0,26.6,80,12.0,100,0.0,998.9,0.0,0.29999999999999716,3,9,0
2023-09-12 04:00:00,27.0,79,13.7,100,0.0,1003.2,0.0,26.8,78,12.8,100,0.0,999.1,0.0,0.1999999999999993,4,9,0
2023-09-12 05:00:00,29.3,61,15.4,100,0.0,1003.3,0.0,28.6,64,15.3,100,0.0,999.2,0.0,0.6999999999999993,5,9,0
2023-09-12 06:00:00,29.3,60,17.7,96,5.0,1003.8,0.0,28.8,59,16.8,93,8.0,999.8,0.0,0.5,6,9,1
2023-09-12 07:00:00,29.6,61,15.1,100,115.0,1005.2,0.0,29.2,61,16.6,100,135.0,1001.0,0.0,0.40000000000000213,7,9,1
2023-09-12 08:00:00,30.0,59,15.1,100,158.0,1005.7,0.0,29.8,61,16.3,96,208.0,1001.5,0.0,0.1999999999999993,8,9,1
2023-09-12 09:00:00,31.4,52,18.9,100,398.0,1005.6,0.0,30.9,57,18.0,100,385.0,1001.3,0.0,0.5,9,9,1
2023-09-12 10:00:00,33.2,48,18.1,100,748.0,1005.4,0.0,32.2,53,16.6,100,612.0,1001.1,0.0,1.0,10,9,1
2023-09-12 11:00:00,34.1,47,17.3,100,814.0,1005.2,0.0,33.1,53,15.3,100,718.0,1001.0,0.0,1.0,11,9,1
2023-09-12 12:00:00,34.9,46,14.5,100,902.0,1004.0,0.0,33.8,51,12.7,100,740.0,999.8,0.0,1.1000000000000014,12,9,1
2023-09-12 13:00:00,35.3,45,12.8,100,866.0,1003.1,0.0,33.8,50,4.8,100,585.0,999.0,0.0,1.5,13,9,1
2023-09-12 14:00:00,35.0,47,6.8,100,723.0,1002.4,0.0,33.8,51,5.1,100,598.0,998.1,0.0,1.2000000000000028,14,9,1
2023-09-12 15:00:00,28.4,77,1.1,100,451.0,1003.2,5.6,32.4,57,12.9,100,597.0,998.6,0.3,-4.0,15,9,1
2023-09-12 16:00:00,28.9,75,2.1,100,215.0,1002.1,0.0,31.9,59,1.9,100,231.0,998.0,0.0,-3.0,16,9,1
2023-09-12 17:00:00,28.6,74,8.3,100,143.0,1002.6,0.0,26.6,87,6.9,100,165.0,998.4,0.0,2.0,17,9,1
2023-09-12 18:00:00,28.0,78,7.4,100,21.0,1003.5,0.0,26.8,92,3.7,100,16.0,999.5,0.0,1.1999999999999993,18,9,1
2023-09-12 19:00:00,27.6,81,11.5,100,0.0,1004.4,0.0,26.4,91,13.3,100,0.0,1000.4,0.2,1.2000000000000028,19,9,0
2023-09-12 20:00:00,27.7,80,13.6,100,0.0,1005.3,0.0,26.5,86,15.8,100,0.0,1001.0,0.0,1.1999999999999993,20,9,0
2023-09-12 21:00:00,27.4,80,12.9,100,0.0,1006.0,0.0,26.7,86,15.9,100,0.0,1001.9,0.0,0.6999999999999993,21,9,0
2023-09-12 22:00:00,27.3,81,13.7,100,0.0,1006.4,0.0,27.2,85,16.3,100,0.0,1002.1,0.0,0.10000000000000142,22,9,0
2023-09-12 23:00:00,27.6,80,16.1,100,0.0,1006.3,0.0,27.5,79,19.5,100,0.0,1002.1,0.0,0.10000000000000142,23,9,0
2023-09-13 00:00:00,27.7,77,18.1,100,0.0,1005.5,0.0,27.3,80,17.7,100,0.0,1001.2,0.0,0.3999999999999986,0,9,0
2023-09-13 01:00:00,27.3,76,16.4,100,0.0,1004.7,0.0,26.8,82,15.0,100,0.0,1000.4,0.0,0.5,1,9,0
2023-09-13 02:00:00,26.9,78,14.5,100,0.0,1004.2,0.0,26.5,84,14.3,100,0.0,1000.0,0.0,0.3999999999999986,2,9,0
2023-09-13 03:00:00,26.7,80,12.5,100,0.0,1004.1,0.0,26.3,86,13.5,100,0.0,999.8,0.0,0.3999999999999986,3,9,0
2023-09-13 04:00:00,26.5,81,12.4,100,0.0,1004.1,0.0,26.1,86,13.3,100,0.0,999.9,0.0,0.3999999999999986,4,9,0
2023-09-13 05:00:00,27.0,80,15.1,100,0.0,1004.2,0.1,26.6,84,13.2,100,0.0,999.9,0.0,0.3999999999999986,5,9,0
2023-09-13 06:00:00,27.6,76,17.6,95,12.0,1004.7,0.0,26.9,83,12.1,100,10.0,1000.7,0.0,0.7000000000000028,6,9,1
2023-09-13 07:00:00,28.5,75,13.8,94,103.0,1005.5,0.0,28.0,80,8.7,100,119.0,1001.4,0.0,0.5,7,9,1
2023-09-13 08:00:00,30.1,69,14.1,97,260.0,1006.0,0.0,29.5,75,10.7,100,297.0,1001.9,0.0,0.6000000000000014,8,9,1
2023-09-13 09:00:00,31.6,62,15.9,100,466.0,1006.1,0.0,31.3,63,13.8,100,522.0,1002.2,0.0,0.3000000000000007,9,9,1
2023-09-13 10:00:00,32.9,55,13.6,100,617.0,1005.7,0.0,32.3,57,12.6,99,641.0,1001.5,0.0,0.6000000000000014,10,9,1
2023-09-13 11:00:00,34.1,50,11.5,100,807.0,1005.1,0.0,33.3,54,11.2,100,797.0,1001.0,0.0,0.8000000000000043,11,9,1
2023-09-13 12:00:00,34.8,48,11.4,100,792.0,1003.9,0.0,34.0,51,11.9,100,834.0,999.8,0.0,0.7999999999999972,12,9,1
2023-09-13 13:00:00,35.1,47,10.2,100,702.0,1002.3,0.0,34.7,48,10.4,100,805.0,998.1,0.0,0.3999999999999986,13,9,1
2023-09-13 14:00:00,35.2,46,8.5,100,706.0,1001.4,0.0,35.1,48,9.4,100,791.0,997.3,0.0,0.10000000000000142,14,9,1
2023-09-13 15:00:00,34.5,52,12.2,100,596.0,1000.9,0.0,34.9,47,6.2,100,607.0,996.7,0.0,-0.3999999999999986,15,9,1
2023-09-13 16:00:00,31.8,71,11.0,100,314.0,1001.2,0.3,32.3,58,15.5,100,365.0,997.0,0.0,-0.49999999999999645,16,9,1
2023-09-13 17:00:00,32.6,60,8.2,100,169.0,1001.9,0.1,31.7,69,8.3,86,133.0,997.9,0.0,0.9000000000000021,17,9,1
2023-09-13 18:00:00,30.2,77,20.9,96,22.0,1002.4,0.0,27.8,84,18.2,99,16.0,998.7,1.5,2.3999999999999986,18,9,1
2023-09-13 19:00:00,29.1,72,17.3,100,0.0,1003.2,0.1,27.8,85,17.2,100,0.0,999.4,0.0,1.3000000000000007,19,9,0
2023-09-13 20:00:00,28.4,79,16.0,100,0.0,1005.0,0.0,27.5,86,17.0,100,0.0,1000.8,0.0,0.8999999999999986,20,9,0
2023-09-13 21:00:00,28.4,76,18.9,100,0.0,1005.8,0.0,27.4,88,15.8,100,0.0,1001.7,0.0,1.0,21,9,0
2023-09-13 22:00:00,28.4,78,17.3,100,0.0,1005.8,0.0,27.7,82,14.1,100,0.0,1001.6,0.0,0.6999999999999993,22,9,0
2023-09-13 23:00:00,28.2,77,14.8,100,0.0,1005.5,0.0,27.8,77,14.0,100,0.0,1001.2,0.0,0.3999999999999986,23,9,0
2023-09-14 00:00:00,28.1,75,13.4,100,0.0,1004.8,0.0,27.4,76,13.3,100,0.0,1000.7,0.0,0.7000000000000028,0,9,0
2023-09-14 01:00:00,27.7,74,14.5,100,0.0,1004.5,0.0,27.0,77,12.5,100,0.0,1000.3,0.0,0.6999999999999993,1,9,0
2023-09-14 02:00:00,27.4,74,14.3,100,0.0,1003.9,0.0,26.9,79,12.2,100,0.0,999.7,0.0,0.5,2,9,0
2023-09-14 03:00:00,27.2,75,15.3,100,0.0,1003.7,0.0,26.8,81,13.0,100,0.0,999.7,0.0,0.3999999999999986,3,9,0
2023-09-14 04:00:00,27.1,75,14.0,100,0.0,1004.3,0.0,26.8,79,13.3,100,0.0,1000.1,0.0,0.3000000000000007,4,9,0
2023-09-14 05:00:00,28.1,76,14.4,100,0.0,1004.2,0.0,27.4,76,15.7,100,0.0,999.9,0.0,0.7000000000000028,5,9,0
2023-09-14 06:00:00,28.2,74,16.1,100,8.0,1004.6,0.0,27.3,76,14.7,100,8.0,1000.6,0.0,0.8999999999999986,6,9,1
2023-09-14 07:00:00,29.0,71,12.3,100,114.0,1005.6,0.0,28.3,74,11.2,100,112.0,1001.3,0.0,0.6999999999999993,7,9,1
2023-09-14 08:00:00,30.5,63,14.3,100,261.0,1006.1,0.0,29.9,68,12.1,100,298.0,1001.9,0.0,0.6000000000000014,8,9,1
2023-09-14 09:00:00,32.0,54,15.5,100,475.0,1006.4,0.0,31.5,59,14.1,100,551.0,1002.4,0.0,0.5,9,9,1
2023-09-14 10:00:00,32.9,50,12.6,100,590.0,1006.1,0.0,32.6,55,11.9,100,721.0,1001.9,0.0,0.29999999999999716,10,9,1
2023-09-14 11:00:00,33.8,47,11.4,100,670.0,1005.3,0.0,33.6,51,11.1,100,795.0,1001.1,0.0,0.19999999999999574,11,9,1
2023-09-14 12:00:00,35.0,43,12.0,100,800.0,1004.3,0.0,34.4,48,11.4,100,856.0,1000.1,0.0,0.6000000000000014,12,9,1
2023-09-14 13:00:00,35.9,41,11.7,99,798.0,1003.1,0.0,35.1,45,11.7,98,857.0,998.8,0.0,0.7999999999999972,13,9,1
2023-09-14 14:00:00,36.1,41,9.2,99,802.0,1001.7,0.0,35.5,45,9.8,98,785.0,997.5,0.0,0.6000000000000014,14,9,1
2023-09-14 15:00:00,35.0,45,11.2,90,591.0,1001.0,0.0,34.9,47,6.3,66,531.0,996.8,0.0,0.10000000000000142,15,9,1
2023-09-14 16:00:00,32.5,63,20.4,97,349.0,1000.8,0.0,31.5,65,13.0,82,348.0,997.2,0.7,1.0,16,9,1
2023-09-14 17:00:00,29.3,72,23.0,100,134.0,1002.9,0.2,27.4,89,12.2,100,127.0,998.6,0.2,1.9000000000000021,17,9,1
2023-09-14 18:00:00,27.8,79,21.2,100,14.0,1003.8,0.1,26.7,89,10.7,100,15.0,999.6,9.8,1.1000000000000014,18,9,1
2023-09-14 19:00:00,26.1,91,19.0,99,0.0,1004.6,1.5,26.3,90,5.7,100,0.0,1000.9,5.2,-0.1999999999999993,19,9,0
2023-09-14 20:00:00,26.1,87,15.4,100,0.0,1005.7,0.7,26.2,88,11.9,100,0.0,1001.6,0.9,-0.09999999999999787,20,9,0
2023-09-14 21:00:00,26.5,85,16.7,93,0.0,1006.6,0.0,26.3,84,17.1,100,0.0,1002.4,0.0,0.1999999999999993,21,9,0
2023-09-14 22:00:00,26.5,84,16.3,100,0.0,1006.8,0.0,25.5,91,13.8,100,0.0,1002.4,0.5,1.0,22,9,0
2023-09-14 23:00:00,26.0,85,13.5,100,0.0,1006.0,0.0,25.7,89,12.5,99,0.0,1001.6,0.1,0.3000000000000007,23,9,0
2023-09-15 00:00:00,26.0,85,10.9,100,0.0,1005.1,0.0,25.6,90,11.6,100,0.0,1000.8,0.0,0.3999999999999986,0,9,0
2023-09-15 01:00:00,25.9,85,14.1,90,0.0,1004.5,0.0,25.5,90,10.5,98,0.0,1000.3,0.0,0.3999999999999986,1,9,0
2023-09-15 02:00:00,25.8,85,14.5,99,0.0,1003.9,0.0,25.3,90,11.8,100,0.0,999.7,0.0,0.5,2,9,0
2023-09-15 03:00:00,25.8,86,15.1,96,0.0,1003.9,0.0,25.3,89,12.3,100,0.0,999.7,0.0,0.5,3,9,0
2023-09-15 04:00:00,25.7,86,13.8,100,0.0,1004.3,0.0,25.2,89,12.1,100,0.0,1000.1,0.0,0.5,4,9,0
2023-09-15 05:00:00,26.9,81,14.1,100,0.0,1004.3,0.0,26.2,85,10.6,100,0.0,1000.3,0.0,0.6999999999999993,5,9,0
2023-09-15 06:00:00,27.1,81,14.9,95,12.0,1005.2,0.0,26.5,83,11.6,93,11.0,1001.2,0.0,0.6000000000000014,6,9,1
2023-09-15 07:00:00,28.3,78,13.9,91,156.0,1006.0,0.0,27.9,78,11.3,94,146.0,1001.9,0.0,0.40000000000000213,7,9,1
2023-09-15 08:00:00,30.2,68,16.2,95,382.0,1006.6,0.0,29.5,70,14.2,87,356.0,1002.6,0.0,0.6999999999999993,8,9,1
2023-09-15 09:00:00,31.7,59,19.1,94,606.0,1006.9,0.0,30.7,64,15.3,93,524.0,1002.9,0.0,1.0,9,9,1
2023-09-15 10:00:00,32.7,56,18.1,15,761.0,1006.6,0.0,32.0,59,15.5,74,745.0,1002.5,0.0,0.7000000000000028,10,9,1
2023-09-15 11:00:00,33.8,53,17.4,90,903.0,1006.1,0.0,33.2,57,17.1,84,900.0,1002.0,0.0,0.5999999999999943,11,9,1
2023-09-15 12:00:00,34.5,51,17.3,91,910.0,1005.2,0.0,33.9,55,18.7,90,940.0,1001.0,0.0,0.6000000000000014,12,9,1
2023-09-15 13:00:00,34.8,51,15.8,92,887.0,1004.2,0.1,33.6,54,18.9,88,826.0,1000.0,0.1,1.1999999999999957,13,9,1
2023-09-15 14:00:00,34.1,52,17.1,99,740.0,1002.9,0.0,33.5,55,14.7,94,695.0,998.7,0.2,0.6000000000000014,14,9,1
2023-09-15 15:00:00,32.7,59,13.0,60,541.0,1002.5,0.6,33.1,56,11.2,94,560.0,998.2,0.1,-0.3999999999999986,15,9,1
2023-09-15 16:00:00,32.2,63,17.2,30,374.0,1002.3,0.0,31.5,65,11.7,66,358.0,998.3,0.7,0.7000000000000028,16,9,1
2023-09-15 17:00:00,28.9,81,5.2,96,176.0,1003.7,0.0,30.3,72,8.6,45,162.0,998.9,0.0,-1.4000000000000021,17,9,1
2023-09-15 18:00:00,28.8,85,6.6,94,13.0,1003.9,0.0,28.9,78,4.0,82,20.0,999.6,0.1,-0.09999999999999787,18,9,1
2023-09-15 19:00:00,28.7,85,4.2,86,0.0,1005.2,0.0,28.8,81,7.8,80,0.0,1000.7,0.0,-0.10000000000000142,19,9,0
2023-09-15 20:00:00,28.1,90,3.5,93,0.0,1006.3,0.1,28.7,79,7.9,95,0.0,1001.8,0.2,-0.5999999999999979,20,9,0
2023-09-15 21:00:00,27.5,89,7.9,100,0.0,1007.0,0.1,27.9,84,7.9,96,0.0,1002.6,0.1,-0.3999999999999986,21,9,0
2023-09-15 22:00:00,27.0,89,3.8,100,0.0,1007.1,0.0,27.7,83,9.5,89,0.0,1002.8,0.0,-0.6999999999999993,22,9,0
2023-09-15 23:00:00,27.2,85,10.6,96,0.0,1006.5,0.0,27.6,77,12.6,93,0.0,1002.4,0.0,-0.40000000000000213,23,9,0
2023-09-16 00:00:00,27.2,83,10.5,95,0.0,1005.9,0.0,27.2,77,13.1,86,0.0,1001.7,0.0,0.0,0,9,0
2023-09-16 01:00:00,26.7,85,8.6,95,0.0,1005.7,0.0,26.9,79,13.0,97,0.0,1001.4,0.0,-0.1999999999999993,1,9,0
2023-09-16 02:00:00,26.3,85,9.2,90,0.0,1005.2,0.0,26.7,81,12.7,94,0.0,1001.0,0.0,-0.3999999999999986,2,9,0
2023-09-16 03:00:00,26.1,85,10.7,100,0.0,1004.8,0.0,26.5,82,10.4,100,0.0,1000.5,0.0,-0.3999999999999986,3,9,0
2023-09-16 04:00:00,26.0,84,12.1,98,0.0,1004.5,0.0,26.2,83,10.2,98,0.0,1000.4,0.0,-0.1999999999999993,4,9,0
2023-09-16 05:00:00,26.9,81,10.8,100,0.0,1005.2,0.0,26.6,83,9.7,100,0.0,1001.0,0.0,0.29999999999999716,5,9,0
2023-09-16 06:00:00,27.3,81,12.5,100,10.0,1005.7,0.0,27.0,81,9.9,100,10.0,1001.5,0.0,0.3000000000000007,6,9,1
2023-09-16 07:00:00,28.5,78,12.3,100,136.0,1006.0,0.0,28.2,78,9.2,97,134.0,1001.9,0.0,0.3000000000000007,7,9,1
2023-09-16 08:00:00,30.5,69,13.0,100,368.0,1006.7,0.0,30.0,72,9.2,100,367.0,1002.5,0.0,0.5,8,9,1
2023-09-16 09:00:00,32.0,60,15.3,100,583.0,1006.9,0.0,31.6,63,9.5,100,559.0,1002.8,0.0,0.3999999999999986,9,9,1
2023-09-16 10:00:00,33.0,57,13.8,100,685.0,1006.8,0.0,32.6,60,9.4,100,693.0,1002.6,0.0,0.3999999999999986,10,9,1
2023-09-16 11:00:00,33.8,55,10.7,100,813.0,1005.9,0.0,33.3,58,10.2,100,763.0,1001.6,0.0,0.5,11,9,1
2023-09-16 12:00:00,33.9,56,10.2,100,798.0,1005.0,0.0,33.6,57,11.5,100,782.0,1000.8,0.0,0.29999999999999716,12,9,1
2023-09-16 13:00:00,33.0,61,8.8,100,695.0,1004.0,0.1,33.1,58,11.3,100,757.0,999.8,0.0,-0.10000000000000142,13,9,1
2023-09-16 14:00:00,29.2,80,11.0,100,469.0,1003.7,7.4,30.9,68,12.6,91,527.0,999.2,0.7,-1.6999999999999993,14,9,1
2023-09-16 15:00:00,29.5,77,11.1,99,405.0,1003.4,2.6,28.6,82,11.4,100,388.0,999.4,3.2,0.8999999999999986,15,9,1
2023-09-16 16:00:00,29.0,77,12.4,97,148.0,1003.4,0.2,28.7,81,6.8,99,193.0,999.1,0.7,0.3000000000000007,16,9,1
2023-09-16 17:00:00,27.8,90,11.2,98,133.0,1003.8,0.2,27.9,91,9.7,100,81.0,999.6,0.4,-0.09999999999999787,17,9,1
2023-09-16 18:00:00,27.9,92,8.9,100,12.0,1004.6,0.7,28.0,92,6.8,100,10.0,1000.4,0.9,-0.10000000000000142,18,9,1
2023-09-16 19:00:00,27.8,93,7.5,100,0.0,1005.3,1.0,27.9,93,6.3,100,0.0,1001.2,2.2,-0.09999999999999787,19,9,0
2023-09-16 20:00:00,27.8,94,6.1,100,0.0,1006.2,2.1,27.5,94,6.2,99,0.0,1001.9,0.9,0.3000000000000007,20,9,0
2023-09-16 21:00:00,27.6,95,9.4,100,0.0,1006.7,1.1,27.2,95,6.2,100,0.0,1002.4,0.1,0.40000000000000213,21,9,0
2023-09-16 22:00:00,27.4,92,11.9,100,0.0,1006.6,0.1,26.8,93,13.7,93,0.0,1002.8,0.4,0.5999999999999979,22,9,0
2023-09-16 23:00:00,26.6,92,23.2,100,0.0,1006.9,1.2,25.1,95,15.2,100,0.0,1003.1,7.6,1.5,23,9,0
2023-09-17 00:00:00,25.6,91,14.7,100,0.0,1006.2,1.2,25.8,91,12.1,100,0.0,1001.8,0.1,-0.1999999999999993,0,9,0
2023-09-17 01:00:00,25.8,93,9.1,100,0.0,1005.9,0.5,25.8,93,9.7,100,0.0,1001.2,0.0,0.0,1,9,0
2023-09-17 02:00:00,25.8,94,7.5,100,0.0,1004.7,1.1,25.7,95,8.8,100,0.0,1000.5,0.3,0.10000000000000142,2,9,0
2023-09-17 03:00:00,25.8,95,8.7,100,0.0,1004.8,0.9,25.5,94,8.2,100,0.0,1000.6,0.2,0.3000000000000007,3,9,0
2023-09-17 04:00:00,25.8,94,8.9,98,0.0,1005.2,0.1,25.4,93,7.7,100,0.0,1000.8,0.0,0.40000000000000213,4,9,0
2023-09-17 05:00:00,25.6,92,13.1,100,0.0,1005.2,0.0,25.2,93,10.3,100,0.0,1001.0,0.0,0.40000000000000213,5,9,0
2023-09-17 06:00:00,25.8,91,13.1,100,7.0,1005.9,0.0,25.4,92,11.8,100,6.0,1001.7,0.0,0.40000000000000213,6,9,1
2023-09-17 07:00:00,26.3,90,11.2,100,61.0,1006.4,0.0,26.0,91,9.5,100,55.0,1002.1,0.0,0.3000000000000007,7,9,1
2023-09-17 08:00:00,27.5,86,10.0,100,200.0,1006.9,0.0,27.3,86,8.9,100,157.0,1002.6,0.0,0.1999999999999993,8,9,1
2023-09-17 09:00:00,28.1,84,8.9,100,228.0,1006.7,0.0,27.9,84,8.7,100,155.0,1002.4,0.0,0.20000000000000284,9,9,1
2023-09-17 10:00:00,29.7,77,11.6,100,440.0,1006.3,0.0,29.0,79,10.0,100,242.0,1002.2,0.1,0.6999999999999993,10,9,1
2023-09-17 11:00:00,31.1,70,12.5,100,642.0,1005.8,0.0,30.4,72,11.5,100,460.0,1001.6,0.1,0.7000000000000028,11,9,1
2023-09-17 12:00:00,32.0,66,11.2,100,757.0,1004.7,0.0,31.0,69,10.9,100,444.0,1000.6,0.0,1.0,12,9,1
2023-09-17 13:00:00,32.5,65,10.1,100,806.0,1003.6,0.1,31.9,67,10.3,100,629.0,999.4,0.1,0.6000000000000014,13,9,1
2023-09-17 14:00:00,32.6,64,7.9,94,761.0,1002.1,0.0,31.9,66,9.8,100,665.0,998.1,0.0,0.7000000000000028,14,9,1
2023-09-17 15:00:00,32.3,65,10.0,13,624.0,1001.5,0.0,32.0,65,7.9,13,534.0,997.4,0.5,0.29999999999999716,15,9,1
2023-09-17 16:00:00,31.5,69,11.8,64,415.0,1001.5,0.0,32.0,64,10.3,60,405.0,997.4,0.0,-0.5,16,9,1
2023-09-17 17:00:00,25.7,89,21.6,100,171.0,1003.5,0.1,27.2,87,8.0,99,152.0,998.4,6.0,-1.5,17,9,1
2023-09-17 18:00:00,26.5,87,9.7,89,10.0,1003.3,0.2,26.4,89,10.2,91,10.0,999.4,7.4,0.10000000000000142,18,9,1
2023-09-17 19:00:00,26.4,91,6.4,81,0.0,1004.1,0.5,25.8,93,7.8,93,0.0,999.8,0.3,0.5999999999999979,19,9,0
2023-09-17 20:00:00,26.5,91,6.5,18,0.0,1004.7,0.1,25.7,91,4.5,71,0.0,1000.5,0.1,0.8000000000000007,20,9,0
2023-09-17 21:00:00,25.9,93,6.7,18,0.0,1005.3,0.0,25.6,91,5.5,60,0.0,1001.0,0.0,0.29999999999999716,21,9,0
2023-09-17 22:00:00,25.9,91,10.2,22,0.0,1005.9,0.0,25.6,91,13.8,98,0.0,1002.0,0.0,0.29999999999999716,22,9,0
2023-09-17 23:00:00,25.8,91,17.5,71,0.0,1005.9,0.1,25.8,91,16.1,95,0.0,1001.4,0.2,0.0,23,9,0
2023-09-18 00:00:00,26.0,91,12.9,99,0.0,1005.2,0.1,25.7,93,14.5,100,0.0,1001.1,0.0,0.3000000000000007,0,9,0
2023-09-18 01:00:00,25.9,92,16.4,99,0.0,1004.8,0.0,25.7,91,14.1,100,0.0,1000.7,0.0,0.1999999999999993,1,9,0
2023-09-18 02:00:00,25.8,89,14.5,97,0.0,1004.4,0.0,25.3,91,12.9,100,0.0,1000.1,0.0,0.5,2,9,0
2023-09-18 03:00:00,25.3,90,10.5,99,0.0,1004.3,0.1,25.0,92,8.6,99,0.0,999.7,0.0,0.3000000000000007,3,9,0
2023-09-18 04:00:00,25.0,89,13.7,100,0.0,1004.1,0.2,24.6,94,9.3,100,0.0,1000.0,2.4,0.3999999999999986,4,9,0
2023-09-18 05:00:00,26.2,88,13.2,61,0.0,1003.7,0.1,26.0,89,8.8,100,0.0,999.5,0.2,0.1999999999999993,5,9,0
2023-09-18 06:00:00,26.6,84,9.4,100,8.0,1003.9,0.0,25.8,89,9.1,99,8.0,999.9,0.0,0.8000000000000007,6,9,1
2023-09-18 07:00:00,26.7,87,18.4,100,99.0,1005.8,0.0,25.3,92,13.7,100,73.0,1001.5,0.9,1.3999999999999986,7,9,1
2023-09-18 08:00:00,27.9,82,13.7,100,308.0,1006.2,0.0,27.3,88,10.0,100,211.0,1002.0,0.1,0.5999999999999979,8,9,1
2023-09-18 09:00:00,29.8,76,14.1,99,515.0,1006.4,0.0,29.4,80,11.2,100,445.0,1002.3,0.0,0.40000000000000213,9,9,1
2023-09-18 10:00:00,31.0,72,15.1,100,688.0,1005.9,0.0,30.9,72,13.6,100,600.0,1001.9,0.1,0.10000000000000142,10,9,1
2023-09-18 11:00:00,32.3,68,13.8,100,865.0,1005.5,0.0,31.8,67,13.3,100,706.0,1001.5,0.0,0.49999999999999645,11,9,1
2023-09-18 12:00:00,32.9,66,12.0,91,914.0,1004.3,0.0,32.7,65,12.5,100,802.0,1000.2,0.0,0.19999999999999574,12,9,1
2023-09-18 13:00:00,33.1,65,11.5,100,881.0,1003.2,0.0,33.1,64,12.7,100,795.0,999.0,0.0,0.0,13,9,1
2023-09-18 14:00:00,32.4,69,9.6,100,727.0,1002.3,0.1,33.1,63,11.9,100,693.0,998.1,0.0,-0.7000000000000028,14,9,1
2023-09-18 15:00:00,30.1,83,7.3,100,444.0,1002.2,1.5,32.1,67,11.5,100,492.0,997.6,1.5,-2.0,15,9,1
2023-09-18 16:00:00,29.6,85,13.8,100,211.0,1002.2,0.0,29.3,78,14.7,100,257.0,998.0,0.2,0.3000000000000007,16,9,1
2023-09-18 17:00:00,26.2,95,5.7,100,144.0,1004.1,0.8,27.7,93,1.8,100,120.0,998.9,0.0,-1.5,17,9,1
2023-09-18 18:00:00,26.3,95,2.9,100,6.0,1004.0,0.4,27.6,95,4.1,100,3.0,999.8,0.3,-1.3000000000000007,18,9,1
2023-09-18 19:00:00,26.8,94,9.1,100,0.0,1004.2,0.5,27.0,94,8.0,100,0.0,1000.4,0.6,-0.1999999999999993,19,9,0
2023-09-18 20:00:00,27.2,93,15.7,100,0.0,1005.8,0.1,24.9,91,19.7,100,0.0,1001.6,0.2,2.3000000000000007,20,9,0
2023-09-18 21:00:00,25.5,89,15.6,100,0.0,1007.1,0.3,25.3,90,8.4,100,0.0,1003.0,0.0,0.1999999999999993,21,9,0
2023-09-18 22:00:00,25.6,87,15.8,100,0.0,1006.8,0.0,25.5,89,13.2,100,0.0,1002.7,0.0,0.10000000000000142,22,9,0
2023-09-18 23:00:00,25.6,88,17.1,100,0.0,1006.6,0.0,25.4,90,13.2,100,0.0,1002.4,0.0,0.20000000000000284,23,9,0
2023-09-19 00:00:00,25.6,89,15.3,100,0.0,1006.2,0.0,25.4,90,12.7,100,0.0,1002.0,0.0,0.20000000000000284,0,9,0
2023-09-19 01:00:00,25.5,89,13.0,100,0.0,1005.7,0.0,25.1,91,9.2,100,0.0,1001.5,0.0,0.3999999999999986,1,9,0
2023-09-19 02:00:00,25.3,90,13.6,100,0.0,1005.0,0.0,24.9,91,11.2,100,0.0,1000.9,0.0,0.40000000000000213,2,9,0
2023-09-19 03:00:00,25.2,88,13.9,100,0.0,1004.7,0.0,24.9,91,11.6,100,0.0,1000.4,0.0,0.3000000000000007,3,9,0
2023-09-19 04:00:00,25.4,84,10.8,93,0.0,1004.8,0.0,24.9,89,10.8,100,0.0,1000.6,0.0,0.5,4,9,0
2023-09-19 05:00:00,26.2,84,15.5,95,0.0,1005.1,0.0,26.0,85,15.5,100,0.0,1001.1,0.0,0.1999999999999993,5,9,0
2023-09-19 06:00:00,26.4,83,12.1,100,11.0,1005.8,0.3,26.1,84,9.4,87,9.0,1001.4,0.0,0.29999999999999716,6,9,1
2023-09-19 07:00:00,27.6,81,12.2,100,123.0,1006.5,0.0,27.6,81,7.3,100,139.0,1002.3,0.0,0.0,7,9,1
2023-09-19 08:00:00,29.0,75,13.6,100,286.0,1007.4,0.0,29.4,73,9.9,100,348.0,1003.3,0.0,-0.3999999999999986,8,9,1
2023-09-19 09:00:00,30.5,69,14.9,100,457.0,1007.4,0.0,31.0,66,13.8,100,577.0,1003.3,0.0,-0.5,9,9,1
2023-09-19 10:00:00,31.4,64,15.3,100,558.0,1007.2,0.0,32.0,62,13.5,100,683.0,1003.1,0.0,-0.6000000000000014,10,9,1
2023-09-19 11:00:00,32.4,61,12.7,100,740.0,1006.4,0.0,32.6,59,11.3,100,706.0,1002.3,0.0,-0.20000000000000284,11,9,1
2023-09-19 12:00:00,33.1,58,10.3,100,756.0,1005.3,0.0,33.6,55,10.1,100,864.0,1001.0,0.0,-0.5,12,9,1
2023-09-19 13:00:00,33.7,56,7.6,100,775.0,1004.5,0.0,34.4,51,9.0,100,838.0,1000.1,0.0,-0.6999999999999957,13,9,1
2023-09-19 14:00:00,33.6,55,4.3,100,683.0,1004.1,0.0,34.5,49,9.3,100,706.0,999.7,0.0,-0.8999999999999986,14,9,1
2023-09-19 15:00:00,32.6,57,4.0,99,467.0,1003.9,0.0,34.0,51,6.4,99,502.0,999.4,0.0,-1.3999999999999986,15,9,1
2023-09-19 16:00:00,31.5,74,9.8,100,324.0,1003.3,0.0,33.2,54,5.1,100,337.0,999.1,0.0,-1.7000000000000028,16,9,1
2023-09-19 17:00:00,30.4,83,12.0,100,144.0,1003.8,0.0,32.4,58,3.1,99,149.0,999.7,0.0,-2.0,17,9,1
2023-09-19 18:00:00,28.9,80,13.8,100,19.0,1004.2,0.0,29.5,74,9.8,92,20.0,1000.0,0.0,-0.6000000000000014,18,9,1
2023-09-19 19:00:00,28.5,78,13.0,99,0.0,1005.3,0.0,28.4,79,12.0,100,0.0,1001.2,0.0,0.10000000000000142,19,9,0
2023-09-19 20:00:00,28.3,82,13.3,100,0.0,1006.2,0.0,28.3,80,11.7,100,0.0,1002.1,0.0,0.0,20,9,0
2023-09-19 21:00:00,28.4,83,14.8,100,0.0,1007.0,0.0,28.1,83,12.2,100,0.0,1002.8,0.0,0.29999999999999716,21,9,0
2023-09-19 22:00:00,28.2,84,15.7,100,0.0,1007.4,0.0,27.8,86,13.7,100,0.0,1003.3,0.0,0.3999999999999986,22,9,0
2023-09-19 23:00:00,27.9,86,15.5,100,0.0,1007.5,0.0,27.5,83,14.3,100,0.0,1003.4,0.0,0.3999999999999986,23,9,0
2023-09-20 00:00:00,27.5,83,15.1,100,0.0,1006.9,0.0,27.1,81,14.4,100,0.0,1002.8,0.0,0.3999999999999986,0,9,0
2023-09-20 01:00:00,27.2,82,12.0,100,0.0,1006.4,0.0,26.5,81,14.0,100,0.0,1002.2,0.0,0.6999999999999993,1,9,0
2023-09-20 02:00:00,26.8,81,11.8,100,0.0,1005.9,0.0,26.2,82,12.0,100,0.0,1001.6,0.0,0.6000000000000014,2,9,0
2023-09-20 03:00:00,26.3,83,10.4,100,0.0,1005.8,0.0,25.9,84,10.5,100,0.0,1001.5,0.0,0.40000000000000213,3,9,0
2023-09-20 04:00:00,26.0,84,8.9,100,0.0,1005.6,0.0,25.6,85,9.0,80,0.0,1001.3,0.0,0.3999999999999986,4,9,0
2023-09-20 05:00:00,26.8,82,4.3,100,0.0,1006.5,0.0,26.7,86,5.4,96,0.0,1002.0,0.0,0.10000000000000142,5,9,0
2023-09-20 06:00:00,26.5,85,10.5,100,7.0,1006.9,0.2,26.3,89,6.8,100,7.0,1002.9,0.0,0.1999999999999993,6,9,1
2023-09-20 07:00:00,27.1,82,10.5,100,96.0,1007.5,0.0,27.1,86,6.2,100,71.0,1003.3,0.0,0.0,7,9,1
2023-09-20 08:00:00,28.3,77,8.4,100,254.0,1007.8,0.0,28.7,76,7.4,100,260.0,1003.6,0.0,-0.3999999999999986,8,9,1
2023-09-20 09:00:00,30.0,72,9.2,100,473.0,1008.2,0.0,30.2,69,8.4,100,451.0,1004.0,0.0,-0.1999999999999993,9,9,1
2023-09-20 10:00:00,31.3,68,10.2,100,590.0,1007.9,0.0,31.7,64,10.0,100,644.0,1003.8,0.0,-0.3999999999999986,10,9,1
2023-09-20 11:00:00,32.8,60,10.8,100,783.0,1006.9,0.0,32.8,60,11.7,100,779.0,1002.8,0.0,0.0,11,9,1
2023-09-20 12:00:00,33.7,55,8.9,100,881.0,1005.9,0.0,33.8,54,10.9,100,891.0,1001.5,0.0,-0.09999999999999432,12,9,1
2023-09-20 13:00:00,34.0,53,5.2,100,846.0,1004.5,0.0,34.3,51,10.1,100,808.0,1000.2,0.0,-0.29999999999999716,13,9,1
2023-09-20 14:00:00,33.8,54,4.4,100,730.0,1003.5,0.0,34.7,51,9.0,100,735.0,999.1,0.0,-0.9000000000000057,14,9,1
2023-09-20 15:00:00,32.7,65,7.4,100,590.0,1002.9,0.0,34.2,51,4.6,100,564.0,998.5,0.0,-1.5,15,9,1
2023-09-20 16:00:00,31.0,82,13.6,100,351.0,1002.6,0.0,33.4,55,5.9,100,374.0,998.3,0.0,-2.3999999999999986,16,9,1
2023-09-20 17:00:00,30.0,76,5.5,100,159.0,1004.0,0.0,31.2,82,1.5,98,159.0,999.7,0.0,-1.1999999999999993,17,9,1
2023-09-20 18:00:00,29.5,77,5.5,100,15.0,1004.8,0.0,29.6,80,4.7,99,17.0,1000.5,0.0,-0.10000000000000142,18,9,1
2023-09-20 19:00:00,28.7,76,6.3,100,0.0,1005.9,0.0,28.9,80,4.7,100,0.0,1001.7,0.0,-0.1999999999999993,19,9,0
2023-09-20 20:00:00,27.9,79,4.1,100,0.0,1006.5,0.0,28.5,80,4.8,100,0.0,1002.2,0.0,-0.6000000000000014,20,9,0
2023-09-20 21:00:00,27.6,80,5.4,100,0.0,1007.0,0.0,28.2,83,7.7,100,0.0,1002.7,0.0,-0.5999999999999979,21,9,0
2023-09-20 22:00:00,27.8,83,7.4,99,0.0,1007.2,0.0,28.0,85,10.7,100,0.0,1002.9,0.0,-0.1999999999999993,22,9,0
2023-09-20 23:00:00,27.7,86,9.0,100,0.0,1007.0,0.0,27.9,82,10.3,100,0.0,1002.7,0.0,-0.1999999999999993,23,9,0
2023-09-21 00:00:00,27.5,85,9.8,99,0.0,1006.6,0.0,27.6,82,10.2,100,0.0,1002.3,0.0,-0.10000000000000142,0,9,0
2023-09-21 01:00:00,27.6,83,14.8,100,0.0,1006.1,0.0,27.5,81,12.5,100,0.0,1002.1,0.0,0.10000000000000142,1,9,0
2023-09-21 02:00:00,27.6,80,16.1,100,0.0,1005.7,0.1,27.3,80,12.5,99,0.0,1001.6,0.0,0.3000000000000007,2,9,0
2023-09-21 03:00:00,26.7,85,1.8,100,0.0,1006.2,0.0,27.0,79,12.5,100,0.0,1001.6,0.0,-0.3000000000000007,3,9,0
2023-09-21 04:00:00,27.0,84,5.7,100,0.0,1006.1,0.0,26.8,79,11.7,100,0.0,1001.8,0.0,0.1999999999999993,4,9,0
2023-09-21 05:00:00,26.1,85,10.7,100,0.0,1007.4,0.0,25.3,90,9.2,100,0.0,1002.7,0.0,0.8000000000000007,5,9,0
2023-09-21 06:00:00,25.7,89,10.0,100,2.0,1008.3,3.1,25.9,90,5.8,100,2.0,1003.9,1.1,-0.1999999999999993,6,9,1
2023-09-21 07:00:00,25.6,92,9.7,100,33.0,1008.5,0.3,26.1,90,3.1,100,24.0,1004.2,0.1,-0.5,7,9,1
2023-09-21 08:00:00,26.1,91,7.8,100,121.0,1008.9,0.4,27.3,84,4.3,100,183.0,1004.6,0.1,-1.1999999999999993,8,9,1
2023-09-21 09:00:00,27.7,86,6.6,100,332.0,1009.2,0.2,28.2,81,5.2,100,263.0,1004.9,0.0,-0.5,9,9,1
2023-09-21 10:00:00,29.4,79,7.1,100,534.0,1008.7,0.1,29.7,74,4.9,100,435.0,1004.4,0.0,-0.3000000000000007,10,9,1
2023-09-21 11:00:00,31.1,73,7.1,100,727.0,1007.7,0.0,31.1,68,5.5,100,612.0,1003.5,0.0,0.0,11,9,1
2023-09-21 12:00:00,31.7,70,8.4,100,752.0,1006.7,0.2,32.0,65,5.2,100,727.0,1002.6,0.0,-0.3000000000000007,12,9,1
2023-09-21 13:00:00,32.0,68,8.6,100,732.0,1005.4,0.2,32.5,63,5.5,100,746.0,1001.2,0.1,-0.5,13,9,1
2023-09-21 14:00:00,32.0,68,7.9,100,703.0,1004.4,0.0,32.9,61,4.8,100,702.0,1000.1,0.0,-0.8999999999999986,14,9,1
2023-09-21 15:00:00,30.9,76,10.7,100,550.0,1003.9,0.5,32.4,62,5.4,100,519.0,999.5,0.0,-1.5,15,9,1
2023-09-21 16:00:00,30.0,85,14.2,100,352.0,1003.6,0.0,31.0,73,10.2,100,339.0,999.5,0.0,-1.0,16,9,1
2023-09-21 17:00:00,30.2,83,10.5,97,161.0,1004.3,0.0,31.0,73,7.5,95,158.0,1000.1,0.0,-0.8000000000000007,17,9,1
2023-09-21 18:00:00,28.9,83,12.7,99,16.0,1005.0,0.0,29.0,83,9.9,99,16.0,1000.7,0.0,-0.10000000000000142,18,9,1
2023-09-21 19:00:00,28.6,86,13.5,89,0.0,1006.0,0.0,28.5,85,10.6,99,0.0,1001.8,0.0,0.10000000000000142,19,9,0
2023-09-21 20:00:00,28.5,89,14.4,57,0.0,1006.8,0.0,28.2,88,14.5,92,0.0,1002.7,0.0,0.3000000000000007,20,9,0
2023-09-21 21:00:00,28.3,88,15.5,10,0.0,1007.6,0.0,28.0,88,13.3,7,0.0,1003.3,0.0,0.3000000000000007,21,9,0
2023-09-21 22:00:00,28.1,88,14.9,8,0.0,1007.4,0.0,27.8,88,13.0,65,0.0,1003.2,0.0,0.3000000000000007,22,9,0
2023-09-21 23:00:00,28.0,86,14.0,17,0.0,1007.5,0.0,27.6,88,11.2,5,0.0,1003.3,0.0,0.3999999999999986,23,9,0
2023-09-22 00:00:00,27.6,87,11.2,15,0.0,1007.1,0.0,26.6,88,15.6,100,0.0,1003.3,1.5,1.0,0,9,0
2023-09-22 01:00:00,26.8,88,12.7,99,0.0,1006.2,0.3,26.1,93,12.8,88,0.0,1002.1,0.3,0.6999999999999993,1,9,0
2023-09-22 02:00:00,26.3,90,15.8,95,0.0,1006.0,0.0,25.7,93,12.4,86,0.0,1001.7,0.0,0.6000000000000014,2,9,0
2023-09-22 03:00:00,26.1,91,16.1,100,0.0,1006.0,0.0,25.4,92,12.8,99,0.0,1001.7,0.0,0.7000000000000028,3,9,0
2023-09-22 04:00:00,25.5,90,9.8,100,0.0,1006.5,0.3,25.2,92,5.8,100,0.0,1002.1,0.0,0.3000000000000007,4,9,0
2023-09-22 05:00:00,27.0,86,15.1,100,0.0,1007.1,0.0,26.4,84,11.4,97,0.0,1002.7,0.0,0.6000000000000014,5,9,0
2023-09-22 06:00:00,27.0,83,12.3,100,10.0,1007.4,0.0,26.4,84,8.9,99,11.0,1003.2,0.0,0.6000000000000014,6,9,1
2023-09-22 07:00:00,27.6,81,10.8,100,119.0,1008.0,0.0,27.6,81,9.6,100,143.0,1003.9,0.0,0.0,7,9,1
2023-09-22 08:00:00,29.0,77,10.2,99,342.0,1008.9,0.0,29.3,75,8.1,100,345.0,1004.4,0.0,-0.3000000000000007,8,9,1
2023-09-22 09:00:00,30.6,71,9.9,100,558.0,1008.8,0.0,30.9,68,9.7,100,588.0,1004.6,0.0,-0.29999999999999716,9,9,1
2023-09-22 10:00:00,32.1,64,10.7,100,780.0,1008.3,0.0,32.1,64,9.3,97,770.0,1004.0,0.0,0.0,10,9,1
2023-09-22 11:00:00,32.8,63,8.4,98,890.0,1007.4,0.0,33.1,61,7.6,99,900.0,1003.2,0.0,-0.30000000000000426,11,9,1
2023-09-22 12:00:00,32.8,64,8.0,100,901.0,1006.5,0.0,33.8,59,6.4,100,916.0,1002.1,0.0,-1.0,12,9,1
2023-09-22 13:00:00,31.4,74,13.2,100,883.0,1005.6,1.7,33.0,61,8.2,100,790.0,1001.2,0.0,-1.6000000000000014,13,9,1
2023-09-22 14:00:00,30.3,80,13.2,88,685.0,1004.5,0.2,31.8,70,9.3,91,686.0,1000.0,1.8,-1.5,14,9,1
2023-09-22 15:00:00,30.9,75,15.1,99,626.0,1003.7,0.1,31.3,73,11.8,97,574.0,999.4,0.5,-0.40000000000000213,15,9,1
2023-09-22 16:00:00,30.1,77,15.0,93,407.0,1004.1,0.0,30.6,75,12.2,90,385.0,999.8,0.0,-0.5,16,9,1
2023-09-22 17:00:00,30.0,82,10.5,30,172.0,1004.6,0.0,30.0,81,6.6,79,172.0,1000.5,0.0,0.0,17,9,1
2023-09-22 18:00:00,28.9,84,13.7,47,16.0,1004.9,0.0,28.9,84,7.8,68,17.0,1000.6,0.0,0.0,18,9,1
2023-09-22 19:00:00,28.6,85,14.0,63,0.0,1005.7,0.0,28.3,85,11.4,87,0.0,1001.5,0.0,0.3000000000000007,19,9,0
2023-09-22 20:00:00,28.3,88,15.9,100,0.0,1006.5,0.0,27.8,87,12.4,96,0.0,1002.3,0.0,0.5,20,9,0
2023-09-22 21:00:00,28.2,86,15.2,63,0.0,1007.3,0.0,27.6,88,12.3,98,0.0,1003.0,0.0,0.5999999999999979,21,9,0
2023-09-22 22:00:00,28.1,87,15.5,96,0.0,1007.2,0.0,27.6,88,13.7,98,0.0,1003.0,0.0,0.5,22,9,0
2023-09-22 23:00:00,27.9,89,17.3,92,0.0,1007.0,0.0,27.8,84,15.5,92,0.0,1002.9,0.0,0.09999999999999787,23,9,0
2023-09-23 00:00:00,27.0,86,14.8,100,0.0,1007.4,0.0,27.4,85,7.2,98,0.0,1002.8,0.0,-0.3999999999999986,0,9,0
2023-09-23 01:00:00,26.1,88,11.6,99,0.0,1006.8,0.0,26.8,87,7.7,93,0.0,1002.5,0.0,-0.6999999999999993,1,9,0
2023-09-23 02:00:00,25.8,88,5.0,97,0.0,1006.1,0.0,26.1,91,3.6,99,0.0,1001.7,0.0,-0.3000000000000007,2,9,0
2023-09-23 03:00:00,25.5,91,7.2,88,0.0,1006.2,0.0,25.7,92,5.9,98,0.0,1001.8,0.0,-0.1999999999999993,3,9,0
2023-09-23 04:00:00,25.4,91,4.2,98,0.0,1006.5,0.0,25.5,93,4.3,97,0.0,1001.9,0.0,-0.10000000000000142,4,9,0
2023-09-23 05:00:00,27.0,86,7.8,94,0.0,1006.3,0.0,26.6,88,7.1,98,0.0,1001.9,0.0,0.3999999999999986,5,9,0
2023-09-23 06:00:00,27.6,85,11.1,89,12.0,1007.3,0.0,27.1,87,8.8,87,12.0,1003.0,0.0,0.5,6,9,1
2023-09-23 07:00:00,28.7,81,13.0,53,159.0,1008.0,0.0,28.5,83,10.8,7,153.0,1003.8,0.0,0.1999999999999993,7,9,1
2023-09-23 08:00:00,29.9,76,14.3,10,386.0,1008.4,0.1,30.0,75,11.7,5,387.0,1004.1,0.0,-0.10000000000000142,8,9,1
2023-09-23 09:00:00,31.0,73,11.6,10,601.0,1008.3,0.1,31.2,71,9.7,25,600.0,1004.0,0.0,-0.1999999999999993,9,9,1
2023-09-23 10:00:00,31.8,70,8.7,40,763.0,1007.9,0.1,32.2,68,7.4,73,761.0,1003.7,0.0,-0.40000000000000213,10,9,1
2023-09-23 11:00:00,32.1,69,5.2,43,838.0,1007.4,0.2,32.9,64,5.9,51,834.0,1003.0,0.1,-0.7999999999999972,11,9,1
2023-09-23 12:00:00,32.0,71,7.9,78,799.0,1006.1,0.2,33.8,60,2.9,93,870.0,1001.7,0.0,-1.7999999999999972,12,9,1
2023-09-23 13:00:00,31.0,75,12.8,72,801.0,1005.2,0.7,31.6,67,7.6,83,804.0,1001.1,1.4,-0.6000000000000014,13,9,1
2023-09-23 14:00:00,31.2,76,11.6,41,736.0,1004.3,0.1,31.4,71,9.0,39,627.0,1000.1,0.0,-0.1999999999999993,14,9,1
2023-09-23 15:00:00,31.4,74,11.1,17,552.0,1003.6,0.0,32.0,69,7.0,12,581.0,999.3,0.0,-0.6000000000000014,15,9,1
2023-09-23 16:00:00,30.6,79,14.8,10,385.0,1003.6,0.0,31.4,72,9.3,16,342.0,999.5,0.0,-0.7999999999999972,16,9,1
2023-09-23 17:00:00,30.3,81,11.5,18,160.0,1004.3,0.0,30.9,75,5.6,2,154.0,999.9,0.0,-0.5999999999999979,17,9,1
2023-09-23 18:00:00,29.4,83,13.4,8,15.0,1005.1,0.0,29.3,83,13.0,6,16.0,1000.7,0.0,0.09999999999999787,18,9,1
2023-09-23 19:00:00,28.8,86,12.3,11,0.0,1006.5,0.0,28.6,86,12.0,11,0.0,1002.2,0.0,0.1999999999999993,19,9,0
2023-09-23 20:00:00,28.6,89,13.7,11,0.0,1007.1,0.0,28.4,86,11.9,15,0.0,1002.6,0.0,0.20000000000000284,20,9,0
2023-09-23 21:00:00,28.3,88,14.1,76,0.0,1007.6,0.8,27.5,88,18.8,100,0.0,1003.7,2.6,0.8000000000000007,21,9,0
2023-09-23 22:00:00,25.9,93,18.5,100,0.0,1009.0,14.7,25.9,93,11.8,100,0.0,1004.4,10.2,0.0,22,9,0
2023-09-23 23:00:00,26.1,92,7.5,99,0.0,1007.9,0.3,26.0,95,11.6,95,0.0,1003.6,0.5,0.10000000000000142,23,9,0
2023-09-24 00:00:00,25.6,95,14.7,97,0.0,1007.7,0.1,25.6,96,9.7,100,0.0,1003.6,0.2,0.0,0,9,0
2023-09-24 01:00:00,25.3,95,11.5,97,0.0,1007.2,0.1,25.3,96,7.3,96,0.0,1003.0,0.2,0.0,1,9,0
2023-09-24 02:00:00,24.6,95,13.8,100,0.0,1007.6,3.9,24.6,97,9.0,100,0.0,1003.1,2.5,0.0,2,9,0
2023-09-24 03:00:00,24.7,94,10.6,100,0.0,1007.1,0.1,24.6,94,6.9,98,0.0,1002.7,0.0,0.09999999999999787,3,9,0
2023-09-24 04:00:00,24.8,92,10.6,100,0.0,1006.7,0.0,24.5,94,7.8,100,0.0,1002.5,0.0,0.3000000000000007,4,9,0
2023-09-24 05:00:00,25.1,93,14.1,98,0.0,1007.8,0.0,25.0,94,14.0,99,0.0,1003.3,0.0,0.10000000000000142,5,9,0
2023-09-24 06:00:00,25.5,93,13.7,100,6.0,1007.7,1.7,25.2,93,12.4,100,3.0,1003.7,4.9,0.3000000000000007,6,9,1
2023-09-24 07:00:00,26.4,90,9.0,100,111.0,1008.4,3.2,25.3,92,14.0,100,45.0,1003.7,3.0,1.0999999999999979,7,9,1
2023-09-24 08:00:00,27.5,86,13.0,96,270.0,1007.9,0.1,26.8,91,11.3,100,225.0,1003.8,1.8,0.6999999999999993,8,9,1
2023-09-24 09:00:00,29.9,76,15.1,97,606.0,1007.8,0.1,28.9,79,13.8,97,562.0,1003.8,0.4,1.0,9,9,1
2023-09-24 10:00:00,31.6,69,13.8,100,788.0,1007.3,0.0,31.2,68,14.0,99,787.0,1003.2,0.1,0.40000000000000213,10,9,1
2023-09-24 11:00:00,32.8,65,12.4,100,900.0,1006.2,0.0,32.7,62,13.1,98,917.0,1002.1,0.0,0.09999999999999432,11,9,1
2023-09-24 12:00:00,33.7,59,12.2,100,945.0,1005.2,0.1,33.6,59,13.8,98,961.0,1001.0,0.0,0.10000000000000142,12,9,1
2023-09-24 13:00:00,33.8,58,6.3,99,842.0,1004.1,0.0,34.0,58,11.8,95,893.0,999.9,0.1,-0.20000000000000284,13,9,1
2023-09-24 14:00:00,33.1,59,3.6,94,714.0,1003.3,0.0,33.6,60,8.6,82,716.0,999.1,0.1,-0.5,14,9,1
2023-09-24 15:00:00,31.4,75,8.0,92,503.0,1003.0,1.0,33.2,60,6.9,97,586.0,998.6,0.0,-1.8000000000000043,15,9,1
2023-09-24 16:00:00,30.0,86,11.8,99,367.0,1003.0,0.0,32.5,62,5.9,94,342.0,998.6,0.0,-2.5,16,9,1
2023-09-24 17:00:00,30.6,72,5.0,88,155.0,1003.2,0.0,31.4,68,5.1,92,154.0,999.1,0.1,-0.7999999999999972,17,9,1
2023-09-24 18:00:00,28.7,84,4.7,36,14.0,1003.9,0.0,29.2,80,6.1,57,15.0,999.4,0.0,-0.5,18,9,1
2023-09-24 19:00:00,28.3,85,3.6,74,0.0,1005.5,1.7,28.5,81,5.9,73,0.0,1001.2,2.1,-0.1999999999999993,19,9,0
2023-09-24 20:00:00,27.4,88,9.0,93,0.0,1006.1,2.3,27.1,87,5.1,86,0.0,1001.9,2.0,0.29999999999999716,20,9,0
2023-09-24 21:00:00,26.5,92,17.1,98,0.0,1007.7,2.7,25.4,93,10.0,96,0.0,1004.0,14.1,1.1000000000000014,21,9,0
2023-09-24 22:00:00,25.7,90,15.8,92,0.0,1007.7,1.0,25.2,94,3.7,98,0.0,1003.9,1.1,0.5,22,9,0
2023-09-24 23:00:00,25.4,90,4.3,58,0.0,1006.9,0.5,25.1,95,7.1,100,0.0,1002.6,0.2,0.29999999999999716,23,9,0
2023-09-25 00:00:00,25.3,90,14.2,85,0.0,1006.6,0.2,25.4,92,11.1,99,0.0,1001.9,0.1,-0.09999999999999787,0,9,0
2023-09-25 01:00:00,25.0,93,8.1,99,0.0,1006.0,1.6,25.2,92,10.5,93,0.0,1001.8,0.0,-0.1999999999999993,1,9,0
2023-09-25 02:00:00,25.3,92,11.6,84,0.0,1005.3,0.0,24.9,93,10.2,97,0.0,1001.0,0.8,0.40000000000000213,2,9,0
2023-09-25 03:00:00,25.2,91,10.9,100,0.0,1005.1,0.0,24.9,93,10.9,95,0.0,1000.8,0.0,0.3000000000000007,3,9,0
2023-09-25 04:00:00,25.2,89,10.8,87,0.0,1005.1,0.0,24.9,91,9.8,94,0.0,1000.8,0.0,0.3000000000000007,4,9,0
2023-09-25 05:00:00,25.5,87,13.0,26,0.0,1005.8,0.0,25.5,88,11.6,76,0.0,1001.6,0.0,0.0,5,9,0
2023-09-25 06:00:00,25.8,86,11.6,99,11.0,1006.1,0.0,25.6,87,9.4,100,5.0,1001.7,0.1,0.1999999999999993,6,9,1
2023-09-25 07:00:00,26.9,86,10.8,100,141.0,1006.7,0.0,26.3,86,9.0,100,84.0,1002.7,0.1,0.5999999999999979,7,9,1
2023-09-25 08:00:00,28.4,80,13.4,100,350.0,1007.0,0.0,28.0,79,11.0,100,289.0,1002.9,0.0,0.3999999999999986,8,9,1
2023-09-25 09:00:00,30.0,74,14.1,100,541.0,1006.8,0.0,29.9,71,14.8,100,491.0,1002.7,0.0,0.10000000000000142,9,9,1
2023-09-25 10:00:00,31.5,69,11.2,97,761.0,1006.6,0.0,31.5,66,14.1,100,700.0,1002.3,0.0,0.0,10,9,1
2023-09-25 11:00:00,32.7,64,10.4,97,904.0,1005.6,0.0,32.9,62,12.2,100,875.0,1001.2,0.0,-0.19999999999999574,11,9,1
2023-09-25 12:00:00,33.2,62,7.1,96,907.0,1004.6,0.0,33.6,59,11.5,94,922.0,1000.4,0.0,-0.3999999999999986,12,9,1
2023-09-25 13:00:00,32.9,65,3.3,95,863.0,1003.2,0.1,33.8,59,10.8,31,871.0,998.9,0.0,-0.8999999999999986,13,9,1
2023-09-25 14:00:00,32.4,69,5.4,17,788.0,1002.7,0.1,33.7,58,9.7,24,725.0,998.3,0.0,-1.3000000000000043,14,9,1
2023-09-25 15:00:00,31.0,76,7.4,30,547.0,1002.1,0.4,33.4,58,7.7,22,553.0,997.6,0.0,-2.3999999999999986,15,9,1
2023-09-25 16:00:00,30.4,80,10.3,14,334.0,1002.0,0.0,32.8,60,2.2,29,362.0,997.6,0.0,-2.3999999999999986,16,9,1
2023-09-25 17:00:00,30.8,79,2.3,39,162.0,1002.4,0.0,31.5,74,4.1,42,147.0,998.1,2.3,-0.6999999999999993,17,9,1
2023-09-25 18:00:00,29.1,89,4.7,17,13.0,1003.1,0.0,29.4,82,6.1,24,14.0,998.7,0.0,-0.29999999999999716,18,9,1
2023-09-25 19:00:00,28.4,92,6.3,97,0.0,1004.2,0.0,29.3,82,4.7,89,0.0,999.8,0.0,-0.9000000000000021,19,9,0
2023-09-25 20:00:00,28.5,89,5.4,98,0.0,1005.0,0.0,28.9,80,7.7,95,0.0,1000.9,0.0,-0.3999999999999986,20,9,0
2023-09-25 21:00:00,28.0,92,5.6,11,0.0,1005.2,0.0,28.3,81,5.4,78,0.0,1001.0,0.0,-0.3000000000000007,21,9,0
2023-09-25 22:00:00,28.1,87,10.5,27,0.0,1005.6,0.0,27.3,80,13.9,62,0.0,1001.7,0.0,0.8000000000000007,22,9,0
2023-09-25 23:00:00,26.3,87,13.7,91,0.0,1006.2,6.8,26.0,86,11.3,81,0.0,1001.9,0.5,0.3000000000000007,23,9,0
2023-09-26 00:00:00,26.1,87,13.0,100,0.0,1005.7,0.7,25.9,88,9.1,100,0.0,1001.6,0.0,0.20000000000000284,0,9,0
2023-09-26 01:00:00,25.6,87,10.6,97,0.0,1004.8,0.0,25.8,89,6.5,100,0.0,1000.5,0.0,-0.1999999999999993,1,9,0
2023-09-26 02:00:00,25.4,88,11.3,92,0.0,1004.6,0.0,25.5,91,6.5,96,0.0,1000.2,0.0,-0.10000000000000142,2,9,0
2023-09-26 03:00:00,25.4,88,10.4,82,0.0,1003.9,0.0,25.3,92,6.6,99,0.0,999.8,0.0,0.09999999999999787,3,9,0
2023-09-26 04:00:00,25.4,87,10.7,88,0.0,1004.2,0.0,25.3,90,7.3,87,0.0,999.8,0.0,0.09999999999999787,4,9,0
2023-09-26 05:00:00,24.8,90,14.7,93,0.0,1005.2,0.0,24.9,94,9.9,91,0.0,1001.2,0.0,-0.09999999999999787,5,9,0
2023-09-26 06:00:00,25.2,91,11.1,100,9.0,1006.6,2.5,25.1,94,8.2,100,2.0,1002.0,0.9,0.09999999999999787,6,9,1
2023-09-26 07:00:00,25.9,86,11.6,98,78.0,1006.9,0.1,25.7,91,10.8,100,88.0,1002.9,0.2,0.1999999999999993,7,9,1
2023-09-26 08:00:00,27.3,84,9.0,99,313.0,1007.4,0.0,26.6,87,8.5,100,186.0,1003.2,0.0,0.6999999999999993,8,9,1
2023-09-26 09:00:00,29.0,80,10.7,100,557.0,1007.3,0.0,28.3,80,10.5,100,417.0,1003.1,0.0,0.6999999999999993,9,9,1
2023-09-26 10:00:00,30.6,73,11.6,100,710.0,1006.5,0.0,30.2,72,12.7,99,689.0,1002.3,0.0,0.40000000000000213,10,9,1
2023-09-26 11:00:00,31.7,67,12.2,100,810.0,1005.1,0.0,31.4,68,13.0,99,868.0,1001.0,0.0,0.3000000000000007,11,9,1
2023-09-26 12:00:00,32.3,64,10.6,100,828.0,1004.2,0.0,32.2,64,11.5,76,895.0,1000.0,0.1,0.09999999999999432,12,9,1
2023-09-26 13:00:00,32.8,63,6.6,83,847.0,1003.4,0.0,32.8,62,9.0,18,847.0,999.1,0.0,0.0,13,9,1
2023-09-26 14:00:00,32.5,64,3.3,39,735.0,1002.5,0.0,33.1,60,8.0,67,745.0,998.2,0.0,-0.6000000000000014,14,9,1
2023-09-26 15:00:00,31.3,73,8.9,25,613.0,1002.3,0.9,33.2,60,5.1,68,596.0,997.9,0.0,-1.9000000000000021,15,9,1
2023-09-26 16:00:00,30.0,84,14.5,15,377.0,1002.4,0.0,32.4,61,2.7,13,393.0,998.0,0.0,-2.3999999999999986,16,9,1
2023-09-26 17:00:00,28.9,85,10.1,96,159.0,1003.1,0.0,29.0,79,9.8,7,160.0,999.1,0.0,-0.10000000000000142,17,9,1
2023-09-26 18:00:00,28.2,87,5.6,26,13.0,1003.7,0.0,28.3,87,1.9,15,12.0,999.3,0.0,-0.10000000000000142,18,9,1
2023-09-26 19:00:00,27.5,90,2.9,40,0.0,1004.9,0.0,27.9,88,5.1,24,0.0,1000.4,0.0,-0.3999999999999986,19,9,0
2023-09-26 20:00:00,25.7,92,14.1,68,0.0,1006.3,7.7,27.6,89,3.6,17,0.0,1001.7,0.0,-1.9000000000000021,20,9,0
2023-09-26 21:00:00,25.4,91,18.1,74,0.0,1007.0,5.1,26.3,94,5.7,74,0.0,1003.1,5.2,-0.9000000000000021,21,9,0
2023-09-26 22:00:00,25.5,91,12.5,100,0.0,1007.1,3.2,26.0,92,13.5,54,0.0,1003.2,0.1,-0.5,22,9,0
2023-09-26 23:00:00,25.1,93,18.4,100,0.0,1006.7,1.5,24.8,91,12.5,68,0.0,1002.5,0.1,0.3000000000000007,23,9,0
2023-09-27 00:00:00,25.2,93,13.0,100,0.0,1006.1,0.6,24.7,92,11.0,100,0.0,1001.7,0.1,0.5,0,9,0
2023-09-27 01:00:00,25.1,92,12.0,100,0.0,1005.4,0.3,25.0,91,9.7,91,0.0,1001.1,0.0,0.10000000000000142,1,9,0
2023-09-27 02:00:00,25.2,90,12.7,97,0.0,1004.8,0.1,25.1,90,10.8,97,0.0,1000.4,0.0,0.09999999999999787,2,9,0
2023-09-27 03:00:00,25.0,91,11.6,100,0.0,1004.7,0.0,25.1,89,11.2,100,0.0,1000.4,0.0,-0.10000000000000142,3,9,0
2023-09-27 04:00:00,25.2,90,9.5,94,0.0,1004.3,0.0,25.0,89,10.5,98,0.0,1000.1,0.0,0.1999999999999993,4,9,0
2023-09-27 05:00:00,25.8,92,8.8,100,0.0,1005.6,0.0,25.6,92,7.2,95,0.0,1001.2,0.0,0.1999999999999993,5,9,0
2023-09-27 06:00:00,26.1,90,10.5,87,12.0,1005.4,0.0,26.0,91,10.0,99,11.0,1001.3,0.0,0.10000000000000142,6,9,1
2023-09-27 07:00:00,27.3,86,9.4,95,152.0,1006.0,0.0,27.4,86,7.5,70,149.0,1001.8,0.0,-0.09999999999999787,7,9,1
2023-09-27 08:00:00,28.9,79,8.6,100,374.0,1006.3,0.0,29.3,76,10.0,99,382.0,1002.1,0.0,-0.40000000000000213,8,9,1
2023-09-27 09:00:00,30.6,71,9.7,91,592.0,1006.4,0.0,31.0,67,12.1,98,606.0,1002.3,0.0,-0.3999999999999986,9,9,1
2023-09-27 10:00:00,31.8,66,8.4,14,771.0,1006.0,0.0,32.1,63,10.4,4,773.0,1001.7,0.0,-0.3000000000000007,10,9,1
2023-09-27 11:00:00,32.8,61,6.6,17,897.0,1005.2,0.0,33.1,58,9.1,19,902.0,1000.9,0.0,-0.30000000000000426,11,9,1
2023-09-27 12:00:00,33.1,61,1.8,7,909.0,1004.2,0.0,33.7,57,7.9,11,904.0,999.9,0.0,-0.6000000000000014,12,9,1
2023-09-27 13:00:00,32.1,67,6.8,53,875.0,1003.5,0.0,34.0,55,6.5,19,871.0,998.9,0.0,-1.8999999999999986,13,9,1
2023-09-27 14:00:00,30.2,78,11.1,93,700.0,1002.6,3.7,33.1,59,4.1,34,716.0,997.9,0.0,-2.900000000000002,14,9,1
2023-09-27 15:00:00,30.5,75,11.2,20,511.0,1001.8,0.1,31.4,71,8.3,24,530.0,997.4,2.3,-0.8999999999999986,15,9,1
2023-09-27 16:00:00,30.2,76,11.4,15,384.0,1001.9,0.0,30.4,73,6.6,82,322.0,997.7,1.4,-0.1999999999999993,16,9,1
2023-09-27 17:00:00,27.9,86,2.3,23,160.0,1003.8,0.0,27.1,87,2.0,60,154.0,999.1,0.0,0.7999999999999972,17,9,1
2023-09-27 18:00:00,27.6,89,2.3,98,7.0,1004.6,0.4,26.9,92,7.9,88,11.0,1000.3,0.4,0.7000000000000028,18,9,1
2023-09-27 19:00:00,27.0,95,2.7,97,0.0,1005.3,0.1,26.7,93,2.9,92,0.0,1001.1,0.2,0.3000000000000007,19,9,0
2023-09-27 20:00:00,26.5,95,4.0,99,0.0,1005.7,0.0,26.3,96,3.1,96,0.0,1001.5,0.0,0.1999999999999993,20,9,0
2023-09-27 21:00:00,26.5,94,4.2,100,0.0,1006.3,0.0,26.3,95,4.3,97,0.0,1002.0,0.0,0.1999999999999993,21,9,0
2023-09-27 22:00:00,26.6,91,6.4,100,0.0,1006.5,0.0,26.5,92,6.2,100,0.0,1002.3,0.0,0.10000000000000142,22,9,0
2023-09-27 23:00:00,26.5,90,11.0,99,0.0,1006.5,0.0,26.2,92,10.5,93,0.0,1002.4,0.0,0.3000000000000007,23,9,0
2023-09-28 00:00:00,26.6,90,12.3,100,0.0,1005.7,0.0,26.1,93,8.6,99,0.0,1001.3,0.0,0.5,0,9,0
2023-09-28 01:00:00,26.2,90,11.0,100,0.0,1004.6,0.0,25.8,93,7.2,100,0.0,1000.4,0.0,0.3999999999999986,1,9,0
2023-09-28 02:00:00,26.0,90,9.3,99,0.0,1003.8,0.0,25.5,93,6.1,99,0.0,999.6,0.0,0.5,2,9,0
2023-09-28 03:00:00,25.8,90,10.4,100,0.0,1003.7,0.0,25.3,93,7.3,100,0.0,999.5,0.0,0.5,3,9,0
2023-09-28 04:00:00,25.7,88,12.3,99,0.0,1003.6,0.0,25.2,94,7.8,100,0.0,999.3,0.0,0.5,4,9,0
2023-09-28 05:00:00,26.5,84,10.5,76,0.0,1004.4,0.0,26.6,85,11.0,100,0.0,1000.1,0.0,-0.10000000000000142,5,9,0
2023-09-28 06:00:00,26.6,83,12.6,96,12.0,1004.5,0.0,26.8,83,11.2,100,10.0,1000.3,0.0,-0.1999999999999993,6,9,1
2023-09-28 07:00:00,27.8,81,12.9,100,160.0,1005.3,0.0,28.3,78,9.6,100,149.0,1001.3,0.0,-0.5,7,9,1
2023-09-28 08:00:00,29.5,72,14.0,99,372.0,1006.2,0.0,29.7,71,11.7,100,317.0,1002.0,0.0,-0.1999999999999993,8,9,1
2023-09-28 09:00:00,30.9,64,16.7,100,576.0,1006.7,0.0,31.2,64,13.2,100,565.0,1002.5,0.0,-0.3000000000000007,9,9,1
2023-09-28 10:00:00,31.9,61,16.2,98,726.0,1006.3,0.0,32.1,61,13.1,100,699.0,1002.2,0.0,-0.20000000000000284,10,9,1
2023-09-28 11:00:00,32.9,58,13.1,100,886.0,1006.0,0.0,33.1,57,12.0,84,862.0,1001.7,0.0,-0.20000000000000284,11,9,1
2023-09-28 12:00:00,33.5,56,11.2,63,898.0,1004.7,0.0,33.6,56,11.2,80,916.0,1000.4,0.0,-0.10000000000000142,12,9,1
2023-09-28 13:00:00,33.7,56,8.6,26,869.0,1002.8,0.0,31.9,64,14.1,75,876.0,998.9,1.8,1.8000000000000043,13,9,1
2023-09-28 14:00:00,31.8,66,10.5,93,735.0,1002.1,0.8,31.3,68,6.8,60,678.0,998.0,0.1,0.5,14,9,1
2023-09-28 15:00:00,32.1,64,12.3,100,567.0,1001.8,0.0,31.8,67,10.7,100,561.0,997.8,0.1,0.3000000000000007,15,9,1
2023-09-28 16:00:00,31.4,67,11.2,94,373.0,1001.9,0.6,31.7,65,9.7,96,339.0,997.6,0.1,-0.3000000000000007,16,9,1
2023-09-28 17:00:00,30.7,80,2.6,60,145.0,1002.5,0.0,31.2,68,7.1,38,144.0,998.2,0.0,-0.5,17,9,1
2023-09-28 18:00:00,27.9,90,6.5,43,11.0,1003.5,4.1,30.1,71,6.4,87,12.0,999.0,0.0,-2.200000000000003,18,9,1
2023-09-28 19:00:00,27.5,94,3.3,64,0.0,1004.4,0.1,28.4,79,6.1,97,0.0,1000.1,1.1,-0.8999999999999986,19,9,0
2023-09-28 20:00:00,27.9,88,4.9,94,0.0,1005.2,0.0,27.3,90,4.0,89,0.0,1001.1,0.2,0.5999999999999979,20,9,0
2023-09-28 21:00:00,26.5,89,4.3,100,0.0,1006.3,2.6,27.2,89,4.1,100,0.0,1001.6,0.1,-0.6999999999999993,21,9,0
2023-09-28 22:00:00,26.3,89,4.7,100,0.0,1006.1,0.0,26.5,95,4.7,100,0.0,1001.7,0.0,-0.1999999999999993,22,9,0
2023-09-28 23:00:00,26.7,86,5.5,62,0.0,1005.5,0.0,26.3,96,3.6,98,0.0,1001.2,0.0,0.3999999999999986,23,9,0
2023-09-29 00:00:00,26.6,88,7.0,100,0.0,1005.1,0.0,26.2,94,4.5,98,0.0,1000.9,0.0,0.40000000000000213,0,9,0
2023-09-29 01:00:00,26.5,88,8.7,100,0.0,1004.3,0.0,26.2,91,5.1,100,0.0,1000.0,0.0,0.3000000000000007,1,9,0
2023-09-29 02:00:00,26.5,87,11.4,100,0.0,1003.9,0.0,26.1,88,7.1,100,0.0,999.9,0.0,0.3999999999999986,2,9,0
2023-09-29 03:00:00,26.6,83,13.9,100,0.0,1003.9,0.0,25.8,87,6.6,100,0.0,999.8,0.0,0.8000000000000007,3,9,0
2023-09-29 04:00:00,26.5,80,13.5,100,0.0,1003.7,0.0,25.6,88,6.6,100,0.0,999.6,0.0,0.8999999999999986,4,9,0
2023-09-29 05:00:00,26.3,85,8.9,100,0.0,1004.1,0.0,25.9,87,7.7,99,0.0,999.9,0.0,0.40000000000000213,5,9,0
2023-09-29 06:00:00,26.7,85,10.7,87,12.0,1004.8,0.0,26.3,87,8.9,94,11.0,1000.7,0.0,0.3999999999999986,6,9,1
2023-09-29 07:00:00,28.1,81,11.0,75,157.0,1006.2,0.0,27.9,83,7.5,99,152.0,1002.1,0.0,0.20000000000000284,7,9,1
2023-09-29 08:00:00,29.8,71,16.1,51,381.0,1006.4,0.0,29.7,73,9.7,90,379.0,1002.4,0.0,0.10000000000000142,8,9,1
2023-09-29 09:00:00,30.9,65,18.5,81,602.0,1006.9,0.0,31.0,66,11.8,51,585.0,1002.7,0.0,-0.10000000000000142,9,9,1
2023-09-29 10:00:00,31.8,62,18.0,69,769.0,1007.2,0.0,32.0,63,12.2,64,754.0,1003.1,0.1,-0.1999999999999993,10,9,1
2023-09-29 11:00:00,32.5,61,16.6,93,879.0,1006.3,0.0,32.5,61,11.4,99,830.0,1002.2,0.1,0.0,11,9,1
2023-09-29 12:00:00,32.8,61,13.9,95,912.0,1005.1,0.0,33.1,60,9.7,60,914.0,1000.7,0.1,-0.30000000000000426,12,9,1
2023-09-29 13:00:00,33.0,63,9.8,48,849.0,1004.0,0.0,33.4,60,8.8,60,853.0,999.7,0.1,-0.3999999999999986,13,9,1
2023-09-29 14:00:00,32.0,69,9.1,27,725.0,1002.7,0.1,29.7,75,12.2,63,704.0,999.0,7.4,2.3000000000000007,14,9,1
2023-09-29 15:00:00,29.2,78,13.0,18,521.0,1001.9,4.7,30.4,73,7.9,5,355.0,997.8,0.1,-1.1999999999999993,15,9,1
2023-09-29 16:00:00,29.2,78,10.6,79,363.0,1002.9,2.4,29.0,77,12.4,37,360.0,998.5,2.7,0.1999999999999993,16,9,1
2023-09-29 17:00:00,27.9,88,7.5,62,131.0,1003.2,0.4,29.0,79,10.5,34,151.0,999.1,0.1,-1.1000000000000014,17,9,1
2023-09-29 18:00:00,27.4,93,6.2,100,1.0,1004.5,1.4,27.7,88,6.6,100,6.0,1000.3,0.6,-0.3000000000000007,18,9,1
2023-09-29 19:00:00,27.2,95,6.4,100,0.0,1005.6,0.6,27.3,90,5.2,100,0.0,1000.9,0.4,-0.10000000000000142,19,9,0
2023-09-29 20:00:00,27.1,94,5.2,100,0.0,1006.2,0.2,27.0,91,4.1,61,0.0,1001.7,0.0,0.10000000000000142,20,9,0
2023-09-29 21:00:00,26.6,92,5.5,100,0.0,1006.5,0.0,26.2,96,5.1,100,0.0,1002.4,0.0,0.40000000000000213,21,9,0
2023-09-29 22:00:00,26.6,91,4.8,100,0.0,1007.0,0.0,26.5,94,4.6,100,0.0,1002.7,0.0,0.10000000000000142,22,9,0
2023-09-29 23:00:00,26.6,91,6.0,100,0.0,1006.7,0.0,26.9,89,8.2,100,0.0,1002.5,0.0,-0.29999999999999716,23,9,0
2023-09-30 00:00:00,26.7,90,7.1,100,0.0,1006.1,0.0,26.8,86,11.3,100,0.0,1001.9,0.0,-0.10000000000000142,0,9,0
2023-09-30 01:00:00,26.6,90,9.2,100,0.0,1005.4,0.0,26.4,85,11.5,100,0.0,1001.1,0.0,0.20000000000000284,1,9,0
2023-09-30 02:00:00,26.3,90,9.7,100,0.0,1005.0,0.0,25.8,86,10.7,100,0.0,1000.8,0.0,0.5,2,9,0
2023-09-30 03:00:00,25.9,89,10.4,100,0.0,1004.9,0.0,25.6,85,9.7,100,0.0,1000.6,0.0,0.29999999999999716,3,9,0
2023-09-30 04:00:00,25.7,89,10.7,100,0.0,1004.9,0.0,25.4,85,8.7,100,0.0,1000.6,0.0,0.3000000000000007,4,9,0
2023-09-30 05:00:00,27.0,88,9.6,100,0.0,1005.0,0.0,26.6,83,8.2,100,0.0,1000.8,0.0,0.3999999999999986,5,9,0
2023-09-30 06:00:00,27.2,84,9.8,100,10.0,1005.8,0.0,26.8,81,8.2,100,9.0,1001.7,0.0,0.3999999999999986,6,9,1
2023-09-30 07:00:00,27.8,83,9.7,100,90.0,1007.0,0.0,27.7,77,8.7,100,103.0,1002.8,0.0,0.10000000000000142,7,9,1
2023-09-30 08:00:00,29.3,77,10.8,93,327.0,1007.6,0.0,28.9,71,10.4,100,278.0,1003.4,0.0,0.40000000000000213,8,9,1
2023-09-30 09:00:00,30.6,69,13.0,100,580.0,1007.9,0.0,30.7,65,12.8,100,568.0,1003.7,0.0,-0.09999999999999787,9,9,1
2023-09-30 10:00:00,31.3,66,11.8,100,680.0,1007.4,0.0,31.5,62,13.4,100,652.0,1003.2,0.0,-0.1999999999999993,10,9,1
2023-09-30 11:00:00,31.9,64,11.8,100,784.0,1006.9,0.0,32.1,60,13.7,100,753.0,1002.7,0.0,-0.20000000000000284,11,9,1
2023-09-30 12:00:00,32.3,62,12.3,100,818.0,1005.8,0.0,32.8,59,13.1,100,831.0,1001.6,0.0,-0.5,12,9,1
2023-09-30 13:00:00,32.4,63,14.8,100,828.0,1004.7,0.0,33.1,59,13.9,100,780.0,1000.4,0.0,-0.7000000000000028,13,9,1
2023-09-30 14:00:00,31.9,69,13.7,100,706.0,1003.7,0.0,32.9,59,13.0,100,673.0,999.3,0.0,-1.0,14,9,1
2023-09-30 15:00:00,30.3,79,16.0,100,461.0,1002.9,2.6,31.7,66,12.7,100,478.0,998.6,0.3,-1.3999999999999986,15,9,1
2023-09-30 16:00:00,29.9,77,18.6,94,320.0,1003.2,0.0,30.2,75,15.5,100,303.0,999.1,0.1,-0.3000000000000007,16,9,1
2023-09-30 17:00:00,29.5,80,9.2,91,147.0,1003.7,0.0,29.3,82,1.9,100,122.0,999.4,0.0,0.1999999999999993,17,9,1
2023-09-30 18:00:00,28.5,83,5.6,89,10.0,1004.5,0.1,29.1,87,1.1,64,10.0,1000.0,0.4,-0.6000000000000014,18,9,1
2023-09-30 19:00:00,28.1,82,7.8,100,0.0,1005.5,0.0,28.1,89,5.4,93,0.0,1001.1,0.1,0.0,19,9,0
2023-09-30 20:00:00,27.4,86,4.2,60,0.0,1006.3,0.0,27.9,87,5.4,88,0.0,1002.0,0.0,-0.5,20,9,0
2023-09-30 21:00:00,27.5,85,5.8,24,0.0,1006.9,0.0,27.8,85,7.2,80,0.0,1002.7,0.0,-0.3000000000000007,21,9,0
2023-09-30 22:00:00,27.7,86,10.0,39,0.0,1006.6,0.0,27.8,81,12.9,52,0.0,1002.5,0.0,-0.10000000000000142,22,9,0
2023-09-30 23:00:00,27.8,83,14.8,82,0.0,1006.4,0.0,27.5,79,14.2,33,0.0,1002.3,0.0,0.3000000000000007,23,9,0
2023-10-01 00:00:00,27.5,80,14.6,10,0.0,1005.8,0.0,27.2,80,14.9,7,0.0,1001.6,0.0,0.3000000000000007,0,10,0
2023-10-01 01:00:00,27.1,79,16.1,76,0.0,1004.9,0.0,27.0,78,14.1,44,0.0,1000.8,0.0,0.10000000000000142,1,10,0
2023-10-01 02:00:00,26.9,78,14.0,99,0.0,1004.4,0.0,26.7,76,12.6,100,0.0,1000.3,0.0,0.1999999999999993,2,10,0
2023-10-01 03:00:00,26.6,78,12.3,100,0.0,1004.3,0.0,26.4,75,12.2,97,0.0,1000.1,0.0,0.20000000000000284,3,10,0
2023-10-01 04:00:00,26.2,79,12.6,99,0.0,1004.2,0.0,26.0,76,12.4,100,0.0,1000.1,0.0,0.1999999999999993,4,10,0
2023-10-01 05:00:00,26.8,79,12.3,100,0.0,1005.4,0.0,26.6,75,12.1,100,0.0,1001.1,0.0,0.1999999999999993,5,10,0
2023-10-01 06:00:00,26.8,78,13.7,100,10.0,1005.9,0.0,26.8,74,12.3,100,10.0,1001.8,0.0,0.0,6,10,1
2023-10-01 07:00:00,27.7,77,11.8,100,137.0,1006.7,0.0,27.6,74,10.5,100,109.0,1002.4,0.0,0.09999999999999787,7,10,1
2023-10-01 08:00:00,29.0,74,12.0,100,340.0,1007.3,0.0,29.2,71,10.7,100,315.0,1003.1,0.0,-0.1999999999999993,8,10,1
2023-10-01 09:00:00,30.6,69,12.3,100,559.0,1007.4,0.0,30.6,66,12.5,100,524.0,1003.1,0.0,0.0,9,10,1
2023-10-01 10:00:00,31.6,64,12.5,100,706.0,1007.3,0.0,31.7,63,11.5,100,707.0,1003.2,0.0,-0.09999999999999787,10,10,1
2023-10-01 11:00:00,32.4,62,11.7,100,826.0,1006.4,0.0,32.6,60,11.2,95,866.0,1002.3,0.0,-0.20000000000000284,11,10,1
2023-10-01 12:00:00,32.7,62,13.0,97,896.0,1005.3,0.0,33.1,58,12.1,69,925.0,1001.0,0.0,-0.3999999999999986,12,10,1
2023-10-01 13:00:00,32.6,63,12.3,100,801.0,1004.2,0.0,33.4,59,11.5,58,837.0,999.9,0.0,-0.7999999999999972,13,10,1
2023-10-01 14:00:00,31.8,69,12.6,57,586.0,1002.9,0.1,33.0,59,10.9,47,689.0,998.6,0.0,-1.1999999999999993,14,10,1
2023-10-01 15:00:00,30.6,77,17.7,99,540.0,1002.3,2.5,31.5,67,13.0,91,546.0,998.2,2.5,-0.8999999999999986,15,10,1
2023-10-01 16:00:00,30.0,78,17.3,100,285.0,1002.4,0.1,30.3,75,14.8,100,318.0,998.3,1.8,-0.3000000000000007,16,10,1
2023-10-01 17:00:00,29.6,83,17.8,99,126.0,1003.3,0.0,30.1,75,13.6,98,148.0,999.0,0.0,-0.5,17,10,1
2023-10-01 18:00:00,28.9,82,16.3,87,10.0,1004.0,0.0,29.4,75,11.2,92,10.0,999.7,0.0,-0.5,18,10,1
2023-10-01 19:00:00,29.1,78,14.4,98,0.0,1005.2,0.0,29.1,74,12.7,100,0.0,1000.9,0.0,0.0,19,10,0
2023-10-01 20:00:00,29.0,78,17.0,96,0.0,1005.9,0.0,28.8,76,11.2,96,0.0,1001.6,0.0,0.1999999999999993,20,10,0
2023-10-01 21:00:00,28.8,78,16.6,94,0.0,1006.4,0.0,28.9,73,14.6,85,0.0,1002.3,0.0,-0.09999999999999787,21,10,0
2023-10-01 22:00:00,28.7,76,17.0,95,0.0,1006.5,0.0,28.6,76,16.0,46,0.0,1002.4,0.0,0.09999999999999787,22,10,0
2023-10-01 23:00:00,28.3,79,17.4,100,0.0,1006.2,0.0,28.1,80,16.9,28,0.0,1002.1,0.0,0.1999999999999993,23,10,0
2023-10-02 00:00:00,27.9,81,16.5,98,0.0,1005.8,0.0,27.8,78,17.3,93,0.0,1001.6,0.0,0.09999999999999787,0,10,0
2023-10-02 01:00:00,27.6,78,16.1,91,0.0,1005.3,0.0,27.6,74,17.1,99,0.0,1001.2,0.0,0.0,1,10,0
2023-10-02 02:00:00,27.3,76,14.8,97,0.0,1005.0,0.0,27.3,74,15.6,98,0.0,1000.8,0.0,0.0,2,10,0
2023-10-02 03:00:00,26.9,76,15.5,81,0.0,1004.7,0.0,26.8,75,14.1,94,0.0,1000.6,0.0,0.09999999999999787,3,10,0
2023-10-02 04:00:00,26.5,77,14.8,43,0.0,1004.8,0.0,26.4,76,14.0,87,0.0,1000.7,0.0,0.10000000000000142,4,10,0
2023-10-02 05:00:00,27.3,78,12.0,88,0.0,1005.4,0.0,27.2,75,12.4,99,0.0,1001.1,0.0,0.10000000000000142,5,10,0
2023-10-02 06:00:00,27.2,80,11.2,100,12.0,1006.2,0.0,27.2,76,12.3,94,12.0,1002.1,0.0,0.0,6,10,1
2023-10-02 07:00:00,28.1,79,11.7,99,150.0,1006.9,0.0,28.5,73,12.0,99,154.0,1002.7,0.0,-0.3999999999999986,7,10,1
2023-10-02 08:00:00,29.6,74,12.3,100,376.0,1007.3,0.0,30.1,67,14.3,96,379.0,1003.1,0.0,-0.5,8,10,1
2023-10-02 09:00:00,31.1,65,16.1,100,600.0,1007.5,0.0,31.5,61,17.6,97,604.0,1003.4,0.0,-0.3999999999999986,9,10,1
2023-10-02 10:00:00,32.3,60,17.6,100,768.0,1007.3,0.0,32.7,58,17.1,99,782.0,1003.2,0.0,-0.4000000000000057,10,10,1
2023-10-02 11:00:00,33.1,58,16.8,100,880.0,1006.6,0.0,33.4,55,19.6,100,890.0,1002.5,0.0,-0.29999999999999716,11,10,1
2023-10-02 12:00:00,33.4,57,17.0,100,879.0,1005.2,0.0,33.9,54,19.8,100,880.0,1000.9,0.0,-0.5,12,10,1
2023-10-02 13:00:00,33.2,58,15.3,100,809.0,1004.0,0.0,34.0,53,17.2,100,767.0,999.7,0.0,-0.7999999999999972,13,10,1
2023-10-02 14:00:00,33.1,61,15.6,100,710.0,1002.8,0.2,33.8,54,16.3,100,699.0,998.5,0.0,-0.6999999999999957,14,10,1
2023-10-02 15:00:00,31.9,69,16.2,100,511.0,1002.8,0.0,32.6,63,14.5,100,482.0,998.4,0.1,-0.7000000000000028,15,10,1
2023-10-02 16:00:00,29.9,81,21.2,100,309.0,1003.2,0.1,30.4,75,16.5,100,310.0,999.1,0.6,-0.5,16,10,1
2023-10-02 17:00:00,30.4,82,17.3,100,114.0,1003.8,0.0,31.6,66,9.6,100,132.0,999.7,0.0,-1.2000000000000028,17,10,1
2023-10-02 18:00:00,29.2,80,20.6,98,9.0,1004.8,0.0,29.7,77,16.3,32,9.0,1000.6,0.0,-0.5,18,10,1
2023-10-02 19:00:00,29.0,80,18.0,90,0.0,1005.3,0.0,29.1,78,15.8,55,0.0,1001.0,0.0,-0.10000000000000142,19,10,0
2023-10-02 20:00:00,28.7,82,11.3,57,0.0,1006.2,0.0,29.0,77,15.2,50,0.0,1001.7,0.0,-0.3000000000000007,20,10,0
2023-10-02 21:00:00,28.5,80,12.1,33,0.0,1006.9,0.0,28.9,75,15.5,30,0.0,1002.6,0.0,-0.3999999999999986,21,10,0
2023-10-02 22:00:00,28.8,76,17.6,93,0.0,1007.3,0.0,28.8,75,14.4,66,0.0,1003.2,0.0,0.0,22,10,0
2023-10-02 23:00:00,28.7,74,16.1,26,0.0,1007.2,0.0,28.6,74,15.1,44,0.0,1002.9,0.0,0.09999999999999787,23,10,0
2023-10-03 00:00:00,28.3,74,16.3,13,0.0,1006.6,0.0,28.1,75,14.1,11,0.0,1002.4,0.0,0.1999999999999993,0,10,0
2023-10-03 01:00:00,27.9,75,16.8,86,0.0,1006.0,0.0,27.5,77,14.0,100,0.0,1002.0,0.0,0.3999999999999986,1,10,0
2023-10-03 02:00:00,27.4,78,15.2,100,0.0,1005.5,0.0,27.2,79,14.0,79,0.0,1001.4,0.0,0.1999999999999993,2,10,0
2023-10-03 03:00:00,27.0,79,15.1,99,0.0,1005.2,0.0,26.8,80,14.0,75,0.0,1001.2,0.0,0.1999999999999993,3,10,0
2023-10-03 04:00:00,26.7,81,14.7,100,0.0,1005.5,0.0,26.5,82,13.3,99,0.0,1001.3,0.0,0.1999999999999993,4,10,0
2023-10-03 05:00:00,27.5,82,12.2,97,0.0,1005.8,0.0,27.3,81,12.0,91,0.0,1001.5,0.0,0.1999999999999993,5,10,0
2023-10-03 06:00:00,27.5,82,13.8,100,12.0,1006.7,0.1,27.5,81,11.0,98,11.0,1002.5,0.0,0.0,6,10,1
2023-10-03 07:00:00,28.6,81,12.2,99,151.0,1007.6,0.0,28.7,78,10.4,100,147.0,1003.4,0.0,-0.09999999999999787,7,10,1
2023-10-03 08:00:00,30.0,73,12.4,99,355.0,1008.0,0.0,30.2,71,10.6,100,322.0,1003.9,0.0,-0.1999999999999993,8,10,1
2023-10-03 09:00:00,31.5,65,13.4,99,601.0,1008.1,0.0,31.6,63,12.6,100,549.0,1004.0,0.0,-0.10000000000000142,9,10,1
2023-10-03 10:00:00,32.5,61,13.6,97,761.0,1007.9,0.0,32.8,58,12.6,95,738.0,1003.9,0.0,-0.29999999999999716,10,10,1
2023-10-03 11:00:00,33.7,54,13.3,97,892.0,1007.1,0.0,33.8,53,13.7,76,886.0,1002.9,0.0,-0.09999999999999432,11,10,1
2023-10-03 12:00:00,34.3,49,12.3,100,895.0,1006.0,0.0,34.2,50,13.4,100,850.0,1001.8,0.0,0.09999999999999432,12,10,1
2023-10-03 13:00:00,34.5,47,10.7,100,848.0,1004.6,0.0,34.6,48,11.5,100,811.0,1000.5,0.0,-0.10000000000000142,13,10,1
2023-10-03 14:00:00,34.4,47,8.6,99,728.0,1003.8,0.0,34.8,46,11.2,52,716.0,999.5,0.0,-0.3999999999999986,14,10,1
2023-10-03 15:00:00,33.8,49,8.7,18,560.0,1003.5,0.0,34.1,48,10.2,22,558.0,999.4,0.0,-0.30000000000000426,15,10,1
2023-10-03 16:00:00,32.4,65,10.1,24,364.0,1003.7,0.0,33.1,53,9.1,24,333.0,999.5,0.1,-0.7000000000000028,16,10,1
2023-10-03 17:00:00,29.8,80,17.5,33,144.0,1004.3,0.0,30.7,73,13.9,45,138.0,1000.1,0.0,-0.8999999999999986,17,10,1
2023-10-03 18:00:00,29.3,73,18.7,5,9.0,1004.9,0.0,29.4,74,13.4,13,9.0,1000.7,0.0,-0.09999999999999787,18,10,1
2023-10-03 19:00:00,28.8,80,17.6,2,0.0,1006.1,0.0,28.8,74,14.9,29,0.0,1001.9,0.0,0.0,19,10,0
2023-10-03 20:00:00,28.6,84,18.0,2,0.0,1007.4,0.0,28.4,84,17.3,59,0.0,1003.1,0.0,0.20000000000000284,20,10,0
2023-10-03 21:00:00,28.5,84,18.8,75,0.0,1007.7,0.0,28.4,82,17.4,100,0.0,1003.4,0.0,0.10000000000000142,21,10,0
2023-10-03 22:00:00,28.3,82,17.9,13,0.0,1008.0,0.0,28.1,82,16.6,92,0.0,1003.5,0.0,0.1999999999999993,22,10,0
2023-10-03 23:00:00,27.9,84,15.6,17,0.0,1007.9,0.0,27.7,83,12.9,12,0.0,1003.6,0.0,0.1999999999999993,23,10,0
2023-10-04 00:00:00,27.6,84,14.0,57,0.0,1007.5,0.0,27.2,84,9.2,81,0.0,1003.3,0.0,0.40000000000000213,0,10,0
2023-10-04 01:00:00,27.2,84,11.9,98,0.0,1006.8,0.0,27.0,84,9.7,70,0.0,1002.5,0.0,0.1999999999999993,1,10,0
2023-10-04 02:00:00,26.8,86,11.8,68,0.0,1006.2,0.0,26.7,85,9.2,73,0.0,1002.0,0.0,0.10000000000000142,2,10,0
2023-10-04 03:00:00,26.6,86,14.2,82,0.0,1005.7,0.0,26.4,86,10.0,77,0.0,1001.5,0.0,0.20000000000000284,3,10,0
2023-10-04 04:00:00,26.4,86,12.5,96,0.0,1005.7,0.0,26.1,86,10.9,82,0.0,1001.4,0.0,0.29999999999999716,4,10,0
2023-10-04 05:00:00,27.3,89,9.8,100,0.0,1005.9,0.0,26.9,90,8.4,100,0.0,1001.8,0.0,0.40000000000000213,5,10,0
2023-10-04 06:00:00,27.5,89,11.0,100,12.0,1006.7,0.0,27.3,87,12.2,89,12.0,1002.4,0.0,0.1999999999999993,6,10,1
2023-10-04 07:00:00,28.6,83,13.6,96,163.0,1007.4,0.0,28.5,82,12.2,98,161.0,1003.2,0.0,0.10000000000000142,7,10,1
2023-10-04 08:00:00,30.0,78,13.0,99,395.0,1007.8,0.0,30.2,74,12.5,94,393.0,1003.7,0.0,-0.1999999999999993,8,10,1
2023-10-04 09:00:00,31.6,69,11.9,93,601.0,1008.2,0.0,31.9,65,12.8,57,612.0,1003.9,0.0,-0.29999999999999716,9,10,1
2023-10-04 10:00:00,32.7,63,7.0,96,759.0,1008.1,0.0,33.0,60,9.8,68,717.0,1004.0,0.0,-0.29999999999999716,10,10,1
2023-10-04 11:00:00,33.6,59,5.6,98,808.0,1007.2,0.0,33.9,55,10.3,75,851.0,1003.1,0.0,-0.29999999999999716,11,10,1
2023-10-04 12:00:00,33.9,55,4.3,100,839.0,1006.3,0.0,34.4,50,9.5,98,821.0,1002.1,0.0,-0.5,12,10,1
2023-10-04 13:00:00,33.8,57,4.3,100,754.0,1005.4,0.0,35.1,47,9.6,100,861.0,1001.0,0.0,-1.3000000000000043,13,10,1
2023-10-04 14:00:00,33.7,55,1.8,100,622.0,1004.6,0.0,34.7,48,8.9,96,608.0,1000.2,0.0,-1.0,14,10,1
2023-10-04 15:00:00,33.4,55,2.2,100,489.0,1004.6,0.0,34.6,48,7.4,97,526.0,1000.1,0.0,-1.2000000000000028,15,10,1
2023-10-04 16:00:00,31.7,62,9.8,100,305.0,1005.1,0.4,34.0,48,0.8,97,357.0,1000.6,0.0,-2.3000000000000007,16,10,1
2023-10-04 17:00:00,27.8,89,4.4,84,120.0,1006.2,0.0,27.7,85,8.0,86,114.0,1002.0,0.0,0.10000000000000142,17,10,1
2023-10-04 18:00:00,26.5,91,9.5,98,5.0,1006.7,9.0,27.0,86,9.8,18,7.0,1002.2,0.2,-0.5,18,10,1
2023-10-04 19:00:00,26.7,91,8.0,97,0.0,1007.3,0.5,26.8,89,0.7,96,0.0,1003.4,0.2,-0.10000000000000142,19,10,0
2023-10-04 20:00:00,26.7,92,10.8,19,0.0,1008.2,0.0,26.8,90,4.7,60,0.0,1004.1,0.0,-0.10000000000000142,20,10,0
2023-10-04 21:00:00,26.6,91,7.1,31,0.0,1008.7,0.0,26.7,85,6.9,74,0.0,1004.3,0.1,-0.09999999999999787,21,10,0
2023-10-04 22:00:00,26.4,92,7.3,33,0.0,1008.6,0.0,26.7,82,14.1,59,0.0,1004.3,0.0,-0.3000000000000007,22,10,0
2023-10-04 23:00:00,26.3,90,11.6,35,0.0,1008.2,0.1,26.5,81,10.5,44,0.0,1004.2,0.0,-0.1999999999999993,23,10,0
2023-10-05 00:00:00,26.1,88,13.1,22,0.0,1007.7,0.0,26.0,85,16.6,16,0.0,1003.4,0.0,0.10000000000000142,0,10,0
2023-10-05 01:00:00,25.7,87,9.7,62,0.0,1007.2,0.0,25.7,85,14.8,40,0.0,1002.8,0.0,0.0,1,10,0
2023-10-05 02:00:00,25.5,87,8.2,100,0.0,1006.7,0.0,25.7,84,11.7,65,0.0,1002.1,0.0,-0.1999999999999993,2,10,0
2023-10-05 03:00:00,25.5,86,8.4,76,0.0,1006.3,0.0,25.5,85,10.2,55,0.0,1001.9,0.0,0.0,3,10,0
2023-10-05 04:00:00,25.2,87,10.0,44,0.0,1006.4,0.0,25.3,87,12.1,35,0.0,1002.0,0.0,-0.10000000000000142,4,10,0
2023-10-05 05:00:00,26.5,86,10.1,47,0.0,1006.5,0.0,25.6,91,6.7,69,0.0,1002.1,0.0,0.8999999999999986,5,10,0
2023-10-05 06:00:00,27.1,84,11.9,85,10.0,1007.1,0.0,26.2,90,7.4,12,11.0,1003.0,0.0,0.9000000000000021,6,10,1
2023-10-05 07:00:00,28.1,83,9.1,31,147.0,1008.0,0.0,27.7,85,8.2,6,140.0,1003.9,0.0,0.40000000000000213,7,10,1
2023-10-05 08:00:00,29.6,79,10.0,20,351.0,1008.4,0.0,29.7,77,10.9,2,382.0,1004.1,0.0,-0.09999999999999787,8,10,1
2023-10-05 09:00:00,31.3,72,12.4,3,592.0,1008.3,0.0,31.5,70,10.1,0,607.0,1004.1,0.0,-0.1999999999999993,9,10,1
2023-10-05 10:00:00,32.9,64,11.0,2,776.0,1007.7,0.0,33.0,63,9.2,10,783.0,1003.6,0.0,-0.10000000000000142,10,10,1
2023-10-05 11:00:00,33.9,57,7.7,13,886.0,1006.9,0.0,34.0,56,8.3,12,845.0,1002.6,0.0,-0.10000000000000142,11,10,1
2023-10-05 12:00:00,34.4,54,2.6,14,888.0,1006.0,0.0,34.7,54,5.4,49,857.0,1001.7,0.0,-0.30000000000000426,12,10,1
2023-10-05 13:00:00,34.0,56,3.7,26,837.0,1005.1,0.0,35.0,51,3.8,30,809.0,1000.6,0.0,-1.0,13,10,1
2023-10-05 14:00:00,33.7,59,8.2,62,693.0,1003.8,0.0,34.8,51,1.1,46,681.0,999.4,0.0,-1.0999999999999943,14,10,1
2023-10-05 15:00:00,30.1,69,18.1,94,503.0,1004.4,3.6,33.7,56,3.8,36,471.0,999.3,0.3,-3.6000000000000014,15,10,1
2023-10-05 16:00:00,28.1,82,4.5,27,251.0,1004.2,1.8,31.6,64,9.2,96,337.0,1000.0,0.5,-3.5,16,10,1
2023-10-05 17:00:00,28.0,85,2.1,13,109.0,1004.7,0.0,29.0,82,2.7,54,104.0,1000.4,0.3,-1.0,17,10,1
2023-10-05 18:00:00,27.6,89,7.3,36,8.0,1005.5,0.0,28.7,85,2.3,33,8.0,1001.3,0.0,-1.0999999999999979,18,10,1
2023-10-05 19:00:00,27.3,90,3.8,36,0.0,1006.6,0.0,27.7,90,4.3,34,0.0,1002.6,0.0,-0.3999999999999986,19,10,0
2023-10-05 20:00:00,27.1,88,8.4,65,0.0,1007.7,0.0,27.6,85,11.5,67,0.0,1003.6,0.3,-0.5,20,10,0
2023-10-05 21:00:00,27.1,85,12.7,54,0.0,1007.9,0.0,26.0,88,10.8,80,0.0,1003.6,0.6,1.1000000000000014,21,10,0
2023-10-05 22:00:00,26.9,83,15.8,52,0.0,1007.7,0.1,26.0,88,10.7,72,0.0,1003.7,0.2,0.8999999999999986,22,10,0
2023-10-05 23:00:00,27.1,76,13.2,100,0.0,1006.9,0.0,27.0,77,1.9,98,0.0,1003.1,0.1,0.10000000000000142,23,10,0
2023-10-06 00:00:00,27.8,68,11.8,66,0.0,1005.9,0.0,27.8,71,10.7,43,0.0,1001.8,0.0,0.0,0,10,0
2023-10-06 01:00:00,27.6,67,9.2,18,0.0,1005.3,0.0,26.9,76,14.0,15,0.0,1001.2,0.0,0.7000000000000028,1,10,0
2023-10-06 02:00:00,27.0,71,12.3,14,0.0,1004.9,0.0,25.8,83,14.0,24,0.0,1000.8,0.0,1.1999999999999993,2,10,0
2023-10-06 03:00:00,26.3,76,12.9,86,0.0,1005.0,0.0,25.7,83,14.0,32,0.0,1000.7,0.0,0.6000000000000014,3,10,0
2023-10-06 04:00:00,26.1,80,12.1,94,0.0,1005.2,0.0,25.8,82,11.4,87,0.0,1000.8,0.0,0.3000000000000007,4,10,0
2023-10-06 05:00:00,26.6,84,17.8,100,0.0,1005.5,0.0,24.7,95,8.9,86,0.0,1002.1,0.0,1.9000000000000021,5,10,0
2023-10-06 06:00:00,27.0,83,13.5,100,10.0,1006.4,0.0,25.5,92,11.4,100,6.0,1002.7,9.0,1.5,6,10,1
2023-10-06 07:00:00,27.7,82,9.9,100,73.0,1007.4,0.0,26.8,88,14.1,100,63.0,1003.2,1.3,0.8999999999999986,7,10,1
2023-10-06 08:00:00,28.6,81,7.9,100,166.0,1008.2,0.0,28.4,84,13.6,83,131.0,1003.5,0.0,0.20000000000000284,8,10,1
2023-10-06 09:00:00,30.0,78,8.0,99,338.0,1008.1,0.1,31.1,74,8.9,91,488.0,1003.6,0.0,-1.1000000000000014,9,10,1
2023-10-06 10:00:00,31.6,69,11.1,97,497.0,1007.4,0.0,32.4,65,5.4,96,665.0,1003.3,0.1,-0.7999999999999972,10,10,1
2023-10-06 11:00:00,33.5,59,9.2,96,835.0,1006.5,0.0,33.5,58,6.4,99,833.0,1002.3,0.0,0.0,11,10,1
2023-10-06 12:00:00,34.2,55,7.5,87,892.0,1005.2,0.0,34.3,54,5.9,96,891.0,1000.9,0.1,-0.09999999999999432,12,10,1
2023-10-06 13:00:00,33.9,55,1.9,68,808.0,1004.2,0.0,34.5,52,2.1,42,817.0,999.8,0.0,-0.6000000000000014,13,10,1
2023-10-06 14:00:00,32.5,65,9.6,56,716.0,1003.7,1.3,32.4,61,9.9,91,690.0,999.4,0.5,0.10000000000000142,14,10,1
2023-10-06 15:00:00,30.7,69,3.7,45,540.0,1003.5,1.5,31.5,65,4.6,60,454.0,999.1,0.5,-0.8000000000000007,15,10,1
2023-10-06 16:00:00,30.3,71,7.9,76,330.0,1004.2,0.1,31.8,63,1.3,95,306.0,999.5,0.1,-1.5,16,10,1
2023-10-06 17:00:00,28.7,86,5.8,87,117.0,1004.4,0.1,29.2,77,2.5,99,133.0,1000.3,0.5,-0.5,17,10,1
2023-10-06 18:00:00,27.7,90,6.3,20,7.0,1005.1,0.0,28.4,83,8.4,99,6.0,1000.7,0.0,-0.6999999999999993,18,10,1
2023-10-06 19:00:00,27.3,90,7.3,48,0.0,1006.1,0.0,28.2,85,4.7,100,0.0,1001.8,0.0,-0.8999999999999986,19,10,0
2023-10-06 20:00:00,27.3,90,9.0,29,0.0,1006.7,0.0,28.1,85,6.4,99,0.0,1002.4,0.0,-0.8000000000000007,20,10,0
2023-10-06 21:00:00,27.3,91,7.2,94,0.0,1007.1,0.0,27.8,87,8.0,89,0.0,1002.9,0.0,-0.5,21,10,0
2023-10-06 22:00:00,27.3,93,8.1,73,0.0,1007.2,0.0,27.3,92,7.7,26,0.0,1002.9,0.0,0.0,22,10,0
2023-10-06 23:00:00,27.0,93,9.2,32,0.0,1006.5,0.0,26.9,92,6.6,46,0.0,1002.3,0.0,0.10000000000000142,23,10,0
2023-10-07 00:00:00,26.6,93,7.9,2,0.0,1005.7,0.0,26.7,92,7.3,4,0.0,1001.5,0.0,-0.09999999999999787,0,10,0
2023-10-07 01:00:00,26.4,93,7.7,3,0.0,1005.3,0.0,26.5,93,7.8,0,0.0,1001.1,0.0,-0.10000000000000142,1,10,0
2023-10-07 02:00:00,26.2,93,7.1,1,0.0,1005.2,0.0,26.4,93,7.4,1,0.0,1000.9,0.0,-0.1999999999999993,2,10,0
2023-10-07 03:00:00,26.2,93,7.4,1,0.0,1005.2,0.0,26.2,92,6.9,1,0.0,1000.9,0.0,0.0,3,10,0
2023-10-07 04:00:00,26.0,94,7.6,1,0.0,1005.2,0.0,26.0,91,6.6,0,0.0,1000.9,0.0,0.0,4,10,0
2023-10-07 05:00:00,27.1,96,7.0,92,0.0,1005.5,0.0,26.9,97,5.8,15,0.0,1001.2,0.0,0.20000000000000284,5,10,0
2023-10-07 06:00:00,27.9,94,10.5,96,12.0,1006.2,0.0,27.7,92,9.5,79,11.0,1002.0,0.0,0.1999999999999993,6,10,1
2023-10-07 07:00:00,29.2,87,11.0,97,159.0,1007.3,0.0,29.2,83,10.5,83,158.0,1003.0,0.0,0.0,7,10,1
2023-10-07 08:00:00,30.4,82,10.6,100,382.0,1007.6,0.0,30.7,75,11.4,96,384.0,1003.3,0.0,-0.3000000000000007,8,10,1
2023-10-07 09:00:00,31.7,74,10.5,93,603.0,1007.9,0.1,32.2,68,9.3,95,604.0,1003.7,0.0,-0.5000000000000036,9,10,1
2023-10-07 10:00:00,32.7,68,8.2,99,767.0,1007.3,0.0,33.3,63,6.2,78,747.0,1003.0,0.0,-0.5999999999999943,10,10,1
2023-10-07 11:00:00,33.1,67,8.3,92,866.0,1006.5,0.0,34.2,59,3.6,91,819.0,1002.0,0.0,-1.1000000000000014,11,10,1
2023-10-07 12:00:00,32.5,77,12.3,96,891.0,1005.6,0.0,33.4,61,6.1,96,854.0,1001.2,0.0,-0.8999999999999986,12,10,1
2023-10-07 13:00:00,30.4,80,14.1,100,828.0,1005.1,2.0,29.9,78,4.5,99,798.0,1001.1,4.5,0.5,13,10,1
2023-10-07 14:00:00,31.0,76,6.4,99,631.0,1004.7,0.4,31.2,70,2.7,95,525.0,1000.3,0.3,-0.1999999999999993,14,10,1
2023-10-07 15:00:00,30.8,78,7.0,92,446.0,1004.6,0.1,31.6,70,5.4,53,553.0,1000.3,0.0,-0.8000000000000007,15,10,1
2023-10-07 16:00:00,30.7,78,9.4,33,331.0,1004.8,0.0,31.4,71,2.3,64,355.0,1000.5,0.0,-0.6999999999999993,16,10,1
2023-10-07 17:00:00,30.2,76,0.4,25,130.0,1005.8,0.0,30.7,74,4.6,8,142.0,1001.5,0.0,-0.5,17,10,1
2023-10-07 18:00:00,28.9,85,8.8,31,6.0,1006.5,0.0,29.2,83,4.8,26,7.0,1002.2,0.0,-0.3000000000000007,18,10,1
2023-10-07 19:00:00,28.5,93,13.4,56,0.0,1007.6,0.0,28.5,89,10.8,36,0.0,1003.5,0.0,0.0,19,10,0
2023-10-07 20:00:00,28.4,92,14.5,74,0.0,1008.5,0.0,28.1,88,10.5,98,0.0,1004.3,0.0,0.29999999999999716,20,10,0
2023-10-07 21:00:00,28.1,92,14.5,66,0.0,1009.0,0.0,27.8,89,10.9,100,0.0,1004.7,0.0,0.3000000000000007,21,10,0
2023-10-07 22:00:00,27.9,92,15.5,93,0.0,1008.9,0.0,27.5,91,11.2,100,0.0,1004.8,0.0,0.3999999999999986,22,10,0
2023-10-07 23:00:00,27.7,92,14.0,99,0.0,1008.5,0.0,27.0,88,9.5,96,0.0,1004.3,0.0,0.6999999999999993,23,10,0
2023-10-08 00:00:00,27.1,91,10.5,100,0.0,1008.1,0.0,26.5,89,8.7,100,0.0,1003.7,0.0,0.6000000000000014,0,10,0
2023-10-08 01:00:00,26.7,91,10.2,100,0.0,1007.5,0.0,26.1,91,8.1,99,0.0,1003.2,0.0,0.5999999999999979,1,10,0
2023-10-08 02:00:00,26.3,91,10.7,90,0.0,1007.1,0.0,26.0,93,8.9,55,0.0,1002.8,0.0,0.3000000000000007,2,10,0
2023-10-08 03:00:00,26.1,92,10.4,10,0.0,1007.1,0.0,25.8,93,6.1,58,0.0,1002.7,0.0,0.3000000000000007,3,10,0
2023-10-08 04:00:00,25.9,93,8.7,33,0.0,1007.3,0.0,25.5,93,5.4,95,0.0,1002.9,0.0,0.3999999999999986,4,10,0
2023-10-08 05:00:00,27.4,95,11.9,70,0.0,1007.6,0.0,27.0,92,10.2,98,0.0,1003.3,0.0,0.3999999999999986,5,10,0
2023-10-08 06:00:00,27.7,92,14.3,97,11.0,1008.3,0.0,27.4,90,10.6,100,11.0,1004.1,0.0,0.3000000000000007,6,10,1
2023-10-08 07:00:00,28.6,85,14.7,82,153.0,1009.1,0.0,28.8,82,11.9,100,152.0,1004.9,0.0,-0.1999999999999993,7,10,1
2023-10-08 08:00:00,29.8,80,12.9,40,386.0,1009.5,0.0,30.0,76,12.6,70,372.0,1005.3,0.0,-0.1999999999999993,8,10,1
2023-10-08 09:00:00,31.2,72,12.6,17,602.0,1009.8,0.0,31.5,67,12.4,46,599.0,1005.5,0.0,-0.3000000000000007,9,10,1
2023-10-08 10:00:00,32.2,67,12.0,8,769.0,1009.6,0.0,32.7,63,11.6,10,772.0,1005.3,0.0,-0.5,10,10,1
2023-10-08 11:00:00,32.7,66,12.3,8,863.0,1008.8,0.0,33.5,60,10.5,10,852.0,1004.5,0.0,-0.7999999999999972,11,10,1
2023-10-08 12:00:00,32.6,68,14.2,10,900.0,1007.6,0.0,33.8,59,10.5,20,880.0,1003.3,0.0,-1.1999999999999957,12,10,1
2023-10-08 13:00:00,32.0,72,15.8,16,829.0,1006.7,0.0,33.5,56,10.5,31,813.0,1002.3,0.0,-1.5,13,10,1
2023-10-08 14:00:00,31.6,74,16.4,11,726.0,1006.1,0.0,33.3,56,11.9,22,678.0,1001.8,0.0,-1.6999999999999957,14,10,1
2023-10-08 15:00:00,31.2,74,15.9,9,558.0,1005.8,0.0,32.7,61,13.6,6,556.0,1001.5,0.0,-1.5000000000000036,15,10,1
2023-10-08 16:00:00,30.2,74,14.2,6,362.0,1006.0,0.0,31.5,64,12.7,6,358.0,1001.6,0.0,-1.3000000000000007,16,10,1
2023-10-08 17:00:00,29.2,83,11.9,4,139.0,1006.9,0.0,30.0,78,12.4,5,140.0,1002.4,0.0,-0.8000000000000007,17,10,1
2023-10-08 18:00:00,28.4,89,13.6,11,6.0,1008.0,0.0,28.5,85,11.4,6,7.0,1003.7,0.0,-0.10000000000000142,18,10,1
2023-10-08 19:00:00,28.2,91,12.8,8,0.0,1009.1,0.0,28.1,89,9.8,4,0.0,1004.8,0.0,0.09999999999999787,19,10,0
2023-10-08 20:00:00,28.0,90,12.0,2,0.0,1010.0,0.0,27.8,90,9.4,1,0.0,1005.6,0.0,0.1999999999999993,20,10,0
2023-10-08 21:00:00,27.7,92,10.8,3,0.0,1010.3,0.0,27.5,91,9.4,3,0.0,1006.0,0.0,0.1999999999999993,21,10,0
2023-10-08 22:00:00,27.4,93,8.8,0,0.0,1010.4,0.0,27.2,93,9.0,4,0.0,1005.9,0.0,0.1999999999999993,22,10,0
2023-10-08 23:00:00,27.3,93,10.1,0,0.0,1010.1,0.0,27.0,93,8.0,0,0.0,1005.7,0.0,0.3000000000000007,23,10,0
2023-10-09 00:00:00,26.9,93,9.1,0,0.0,1009.2,0.0,26.7,93,7.2,0,0.0,1004.8,0.0,0.1999999999999993,0,10,0
2023-10-09 01:00:00,26.6,94,9.6,0,0.0,1008.8,0.0,26.7,93,8.6,0,0.0,1004.4,0.0,-0.09999999999999787,1,10,0
2023-10-09 02:00:00,26.5,95,10.0,13,0.0,1008.5,0.0,26.4,93,8.2,5,0.0,1004.1,0.0,0.10000000000000142,2,10,0
2023-10-09 03:00:00,26.4,95,10.9,0,0.0,1008.3,0.0,26.2,94,9.0,1,0.0,1004.0,0.0,0.1999999999999993,3,10,0
2023-10-09 04:00:00,26.2,95,11.2,3,0.0,1008.6,0.0,25.9,94,8.2,2,0.0,1004.3,0.0,0.3000000000000007,4,10,0
2023-10-09 05:00:00,27.4,95,11.6,4,0.0,1009.1,0.0,26.9,95,8.5,1,0.0,1004.9,0.0,0.5,5,10,0
2023-10-09 06:00:00,27.4,93,12.0,91,11.0,1010.0,0.2,27.4,92,9.8,85,11.0,1005.7,0.0,0.0,6,10,1
2023-10-09 07:00:00,28.5,87,14.0,59,143.0,1011.0,0.0,28.7,84,12.6,91,147.0,1006.8,0.0,-0.1999999999999993,7,10,1
2023-10-09 08:00:00,29.6,80,13.9,95,346.0,1011.6,0.0,30.1,76,13.2,75,364.0,1007.3,0.0,-0.5,8,10,1
2023-10-09 09:00:00,30.9,75,12.1,19,585.0,1011.8,0.0,31.4,69,12.7,86,579.0,1007.3,0.0,-0.5,9,10,1
2023-10-09 10:00:00,31.8,71,11.5,55,744.0,1011.5,0.0,32.7,64,10.0,96,765.0,1007.1,0.0,-0.9000000000000021,10,10,1
2023-10-09 11:00:00,32.3,69,12.7,47,862.0,1010.5,0.1,33.4,61,8.4,74,854.0,1006.2,0.0,-1.1000000000000014,11,10,1
2023-10-09 12:00:00,32.4,71,14.1,98,914.0,1009.5,0.1,34.1,59,8.7,96,909.0,1005.0,0.0,-1.7000000000000028,12,10,1
2023-10-09 13:00:00,31.3,74,16.3,50,840.0,1008.2,1.0,32.8,64,11.6,63,870.0,1003.7,0.8,-1.4999999999999964,13,10,1
2023-10-09 14:00:00,31.5,73,13.8,89,688.0,1007.1,0.0,32.8,64,9.0,78,692.0,1002.8,0.3,-1.2999999999999972,14,10,1
2023-10-09 15:00:00,30.8,76,13.9,90,541.0,1007.1,0.0,32.2,66,10.6,97,534.0,1002.8,0.5,-1.4000000000000021,15,10,1
2023-10-09 16:00:00,30.2,76,13.3,97,349.0,1007.6,0.0,31.0,69,11.5,97,357.0,1003.2,0.0,-0.8000000000000007,16,10,1
2023-10-09 17:00:00,29.8,86,12.9,95,134.0,1007.8,0.0,30.8,76,10.7,91,139.0,1003.4,0.0,-1.0,17,10,1
2023-10-09 18:00:00,28.6,84,13.3,2,6.0,1008.6,0.0,28.9,83,10.9,4,6.0,1004.3,0.0,-0.29999999999999716,18,10,1
2023-10-09 19:00:00,28.2,87,11.9,1,0.0,1009.7,0.0,28.3,85,10.2,2,0.0,1005.3,0.0,-0.10000000000000142,19,10,0
2023-10-09 20:00:00,27.9,89,11.2,0,0.0,1010.6,0.0,27.9,87,10.5,1,0.0,1006.3,0.0,0.0,20,10,0
2023-10-09 21:00:00,27.6,89,11.3,5,0.0,1011.3,0.0,27.5,90,8.4,9,0.0,1007.0,0.0,0.10000000000000142,21,10,0
2023-10-09 22:00:00,27.3,89,10.0,2,0.0,1011.0,0.0,27.3,91,7.1,3,0.0,1006.5,0.0,0.0,22,10,0
2023-10-09 23:00:00,27.0,90,10.8,21,0.0,1010.8,0.0,26.8,91,8.7,16,0.0,1006.5,0.0,0.1999999999999993,23,10,0
2023-10-10 00:00:00,26.5,89,7.7,35,0.0,1009.9,0.0,26.2,90,5.2,29,0.0,1005.6,0.0,0.3000000000000007,0,10,0
2023-10-10 01:00:00,26.1,90,8.4,18,0.0,1009.1,0.0,25.8,89,4.2,16,0.0,1004.7,0.0,0.3000000000000007,1,10,0
2023-10-10 02:00:00,25.9,89,8.1,12,0.0,1008.4,0.0,25.5,90,5.4,19,0.0,1004.2,0.0,0.3999999999999986,2,10,0
2023-10-10 03:00:00,25.7,88,11.6,56,0.0,1008.2,0.0,25.3,90,6.5,6,0.0,1004.0,0.0,0.3999999999999986,3,10,0
2023-10-10 04:00:00,25.9,86,11.0,95,0.0,1008.2,0.0,25.3,89,8.7,7,0.0,1004.1,0.0,0.5999999999999979,4,10,0
2023-10-10 05:00:00,25.3,93,12.4,27,0.0,1008.7,0.0,25.0,95,7.7,66,0.0,1004.8,0.0,0.3000000000000007,5,10,0
2023-10-10 06:00:00,25.8,93,10.7,77,10.0,1009.4,0.0,25.8,94,9.3,37,8.0,1005.0,0.0,0.0,6,10,1
2023-10-10 07:00:00,27.1,90,6.2,68,132.0,1010.5,0.0,27.7,88,8.9,84,128.0,1005.9,0.0,-0.5999999999999979,7,10,1
2023-10-10 08:00:00,28.8,86,4.7,90,373.0,1011.3,0.0,29.9,80,7.7,98,344.0,1006.6,0.0,-1.0999999999999979,8,10,1
2023-10-10 09:00:00,30.6,79,5.6,97,593.0,1011.2,0.0,31.7,73,6.6,98,602.0,1006.7,0.1,-1.0999999999999979,9,10,1
2023-10-10 10:00:00,31.7,76,2.5,44,763.0,1010.8,0.1,32.9,67,5.5,91,766.0,1006.3,0.1,-1.1999999999999993,10,10,1
2023-10-10 11:00:00,32.3,73,6.4,87,877.0,1009.4,0.0,33.8,62,2.3,91,872.0,1005.0,0.1,-1.5,11,10,1
2023-10-10 12:00:00,32.0,76,11.0,95,891.0,1008.2,0.0,34.3,59,3.6,95,837.0,1003.7,0.0,-2.299999999999997,12,10,1
2023-10-10 13:00:00,31.1,80,10.5,99,825.0,1007.4,0.0,32.0,67,10.4,97,823.0,1003.1,1.1,-0.8999999999999986,13,10,1
2023-10-10 14:00:00,30.9,79,8.3,99,651.0,1006.6,0.1,32.2,64,1.3,93,483.0,1002.1,0.0,-1.3000000000000043,14,10,1
2023-10-10 15:00:00,31.2,75,11.1,19,550.0,1006.0,0.0,32.3,67,7.6,100,535.0,1001.6,0.0,-1.0999999999999979,15,10,1
2023-10-10 16:00:00,30.4,79,13.5,20,350.0,1006.4,0.0,31.3,72,10.7,97,353.0,1002.1,0.0,-0.9000000000000021,16,10,1
2023-10-10 17:00:00,29.4,78,2.9,21,129.0,1006.7,0.0,30.3,77,5.7,94,131.0,1002.2,0.0,-0.9000000000000021,17,10,1
2023-10-10 18:00:00,28.4,88,1.8,6,5.0,1007.5,0.0,29.5,81,0.8,8,6.0,1003.2,0.0,-1.1000000000000014,18,10,1
2023-10-10 19:00:00,28.1,87,3.2,8,0.0,1008.7,0.0,28.6,89,3.3,14,0.0,1004.5,0.0,-0.5,19,10,0
2023-10-10 20:00:00,28.0,88,4.7,3,0.0,1009.5,0.0,28.2,91,3.6,12,0.0,1005.3,0.0,-0.1999999999999993,20,10,0
2023-10-10 21:00:00,27.8,90,6.8,20,0.0,1009.6,0.0,28.0,92,5.4,32,0.0,1005.4,0.0,-0.1999999999999993,21,10,0
2023-10-10 22:00:00,27.6,92,7.3,9,0.0,1009.8,0.0,27.4,92,10.0,62,0.0,1005.6,0.0,0.20000000000000284,22,10,0
2023-10-10 23:00:00,26.9,92,10.6,44,0.0,1009.9,0.4,26.4,88,4.1,54,0.0,1005.6,0.2,0.5,23,10,0
2023-10-11 00:00:00,26.2,93,9.3,57,0.0,1009.5,0.0,26.0,89,3.5,100,0.0,1005.0,0.0,0.1999999999999993,0,10,0
2023-10-11 01:00:00,25.6,96,2.8,94,0.0,1008.6,0.0,25.5,91,3.7,90,0.0,1004.2,0.0,0.10000000000000142,1,10,0
2023-10-11 02:00:00,25.3,97,3.7,75,0.0,1008.2,0.0,25.0,94,2.5,91,0.0,1003.8,0.0,0.3000000000000007,2,10,0
2023-10-11 03:00:00,25.1,97,3.9,79,0.0,1008.2,0.0,24.7,94,3.4,85,0.0,1003.8,0.0,0.40000000000000213,3,10,0
2023-10-11 04:00:00,24.8,98,3.8,36,0.0,1008.2,0.0,24.3,97,3.4,63,0.0,1003.8,0.0,0.5,4,10,0
2023-10-11 05:00:00,23.9,95,3.1,17,0.0,1008.5,0.0,24.7,96,0.4,24,0.0,1004.1,0.0,-0.8000000000000007,5,10,0
2023-10-11 06:00:00,25.3,90,2.3,72,8.0,1009.2,0.0,25.2,92,3.5,100,10.0,1004.8,0.0,0.10000000000000142,6,10,1
2023-10-11 07:00:00,26.3,87,5.7,55,148.0,1010.0,0.0,26.5,87,1.8,84,153.0,1005.8,0.0,-0.1999999999999993,7,10,1
2023-10-11 08:00:00,28.0,82,7.3,14,387.0,1010.6,0.0,28.5,79,4.7,52,375.0,1006.3,0.0,-0.5,8,10,1
2023-10-11 09:00:00,29.9,75,6.6,70,604.0,1010.5,0.0,30.4,71,6.3,26,593.0,1006.1,0.0,-0.5,9,10,1
2023-10-11 10:00:00,31.2,70,5.6,90,780.0,1010.0,0.0,32.0,64,6.1,26,774.0,1005.6,0.0,-0.8000000000000007,10,10,1
2023-10-11 11:00:00,32.0,64,3.2,93,874.0,1009.0,0.1,32.8,60,3.3,98,825.0,1004.6,0.1,-0.7999999999999972,11,10,1
2023-10-11 12:00:00,32.0,64,6.1,70,901.0,1008.1,0.1,33.2,57,1.3,86,829.0,1003.7,0.0,-1.2000000000000028,12,10,1
2023-10-11 13:00:00,31.9,68,7.9,13,872.0,1007.0,0.0,33.4,55,1.8,26,808.0,1002.6,0.0,-1.5,13,10,1
2023-10-11 14:00:00,31.5,73,10.0,3,740.0,1006.2,0.0,33.2,56,5.4,13,707.0,1001.7,0.0,-1.7000000000000028,14,10,1
2023-10-11 15:00:00,30.7,78,11.3,1,568.0,1006.0,0.0,32.6,61,8.7,11,557.0,1001.4,0.0,-1.9000000000000021,15,10,1
2023-10-11 16:00:00,29.8,78,10.5,1,353.0,1006.8,0.0,31.1,72,10.2,3,357.0,1002.3,0.0,-1.3000000000000007,16,10,1
2023-10-11 17:00:00,30.0,82,11.8,1,134.0,1007.0,0.0,30.1,80,6.9,26,136.0,1002.5,0.0,-0.10000000000000142,17,10,1
2023-10-11 18:00:00,28.9,88,9.8,49,5.0,1007.6,0.0,29.3,87,7.9,3,5.0,1003.1,0.0,-0.40000000000000213,18,10,1
2023-10-11 19:00:00,28.3,92,7.6,86,0.0,1008.7,0.0,28.6,92,7.5,94,0.0,1004.3,0.0,-0.3000000000000007,19,10,0
2023-10-11 20:00:00,27.8,95,6.0,96,0.0,1009.6,0.0,27.9,95,5.8,82,0.0,1005.2,0.0,-0.09999999999999787,20,10,0
2023-10-11 21:00:00,27.6,96,5.6,86,0.0,1010.3,0.0,27.3,97,4.1,11,0.0,1005.9,0.0,0.3000000000000007,21,10,0
2023-10-11 22:00:00,27.6,95,6.1,31,0.0,1010.5,0.0,26.9,98,4.7,1,0.0,1006.0,0.0,0.7000000000000028,22,10,0
2023-10-11 23:00:00,27.5,95,6.4,38,0.0,1010.1,0.0,27.1,97,5.6,41,0.0,1005.8,0.0,0.3999999999999986,23,10,0
2023-10-12 00:00:00,27.3,95,7.4,92,0.0,1009.6,0.1,26.5,92,9.0,88,0.0,1005.2,0.5,0.8000000000000007,0,10,0
2023-10-12 01:00:00,27.0,96,10.7,99,0.0,1009.2,0.1,26.2,95,2.9,98,0.0,1004.7,0.0,0.8000000000000007,1,10,0
2023-10-12 02:00:00,26.4,93,9.9,100,0.0,1008.9,0.1,25.9,96,4.2,95,0.0,1004.4,0.0,0.5,2,10,0
2023-10-12 03:00:00,26.0,94,4.3,100,0.0,1008.7,0.0,25.6,96,4.5,100,0.0,1004.3,0.0,0.3999999999999986,3,10,0
2023-10-12 04:00:00,25.4,96,4.1,100,0.0,1008.8,0.0,25.1,98,4.1,100,0.0,1004.4,0.0,0.29999999999999716,4,10,0
2023-10-12 05:00:00,26.7,98,3.5,99,0.0,1008.9,0.0,25.6,99,4.2,99,0.0,1004.4,0.0,1.0999999999999979,5,10,0
2023-10-12 06:00:00,26.9,99,2.4,100,9.0,1009.8,0.0,26.1,97,4.4,98,11.0,1005.2,0.0,0.7999999999999972,6,10,1
2023-10-12 07:00:00,28.0,92,3.6,99,130.0,1010.7,0.0,27.8,91,2.9,100,157.0,1006.2,0.0,0.1999999999999993,7,10,1
2023-10-12 08:00:00,29.4,82,5.2,99,319.0,1011.3,0.0,29.5,81,4.0,99,373.0,1006.8,0.2,-0.10000000000000142,8,10,1
2023-10-12 09:00:00,30.3,76,7.9,98,545.0,1011.6,0.1,30.9,72,5.4,96,550.0,1007.1,0.1,-0.5999999999999979,9,10,1
2023-10-12 10:00:00,30.8,74,10.0,98,726.0,1011.2,0.0,31.8,63,7.6,83,683.0,1006.7,0.1,-1.0,10,10,1
2023-10-12 11:00:00,31.2,70,10.7,98,893.0,1010.5,0.0,32.5,58,9.8,89,825.0,1005.9,0.0,-1.3000000000000007,11,10,1
2023-10-12 12:00:00,31.1,69,11.6,92,931.0,1009.6,0.0,32.5,59,11.6,97,882.0,1005.0,0.0,-1.3999999999999986,12,10,1
2023-10-12 13:00:00,31.1,69,10.8,43,893.0,1008.8,0.0,32.3,61,11.9,65,888.0,1004.3,0.0,-1.1999999999999957,13,10,1
2023-10-12 14:00:00,30.7,70,10.9,21,777.0,1008.2,0.0,31.9,63,11.4,31,778.0,1003.7,0.0,-1.1999999999999993,14,10,1
2023-10-12 15:00:00,30.0,73,11.6,14,598.0,1008.0,0.0,31.1,66,11.6,4,597.0,1003.4,0.0,-1.1000000000000014,15,10,1
2023-10-12 16:00:00,29.3,77,11.3,0,372.0,1008.2,0.0,29.9,71,11.7,0,374.0,1003.7,0.0,-0.5999999999999979,16,10,1
2023-10-12 17:00:00,29.2,79,11.4,1,138.0,1009.1,0.0,29.5,78,11.3,0,141.0,1004.5,0.0,-0.3000000000000007,17,10,1
2023-10-12 18:00:00,28.2,84,9.9,24,5.0,1009.4,0.0,28.0,87,8.8,86,6.0,1005.1,0.0,0.1999999999999993,18,10,1
2023-10-12 19:00:00,27.7,86,7.7,92,0.0,1010.6,0.0,27.3,90,7.2,97,0.0,1006.2,0.0,0.3999999999999986,19,10,0
2023-10-12 20:00:00,27.3,88,7.5,95,0.0,1011.3,0.0,26.8,92,7.4,74,0.0,1006.7,0.0,0.5,20,10,0
2023-10-12 21:00:00,26.8,90,7.0,100,0.0,1011.6,0.0,26.1,94,5.6,86,0.0,1007.1,0.0,0.6999999999999993,21,10,0
2023-10-12 22:00:00,26.0,93,6.1,100,0.0,1011.4,0.0,25.4,95,7.8,99,0.0,1007.1,0.0,0.6000000000000014,22,10,0
2023-10-12 23:00:00,26.5,88,5.5,83,0.0,1011.6,0.0,25.8,93,6.2,92,0.0,1007.2,0.0,0.6999999999999993,23,10,0
2023-10-13 00:00:00,26.9,86,2.5,50,0.0,1011.0,0.0,25.0,96,5.6,26,0.0,1006.5,0.0,1.8999999999999986,0,10,0
2023-10-13 01:00:00,25.2,95,3.1,29,0.0,1010.0,0.0,24.6,96,6.4,68,0.0,1005.6,0.0,0.5999999999999979,1,10,0
2023-10-13 02:00:00,25.0,97,4.6,98,0.0,1009.6,0.0,24.2,98,4.0,91,0.0,1005.1,0.0,0.8000000000000007,2,10,0
2023-10-13 03:00:00,24.8,97,4.6,99,0.0,1009.6,0.0,24.2,100,4.3,100,0.0,1005.2,0.0,0.6000000000000014,3,10,0
2023-10-13 04:00:00,24.7,96,4.0,99,0.0,1009.9,0.0,24.1,100,5.2,100,0.0,1005.4,0.0,0.5999999999999979,4,10,0
2023-10-13 05:00:00,25.7,95,7.1,100,0.0,1010.8,0.0,25.3,100,5.6,100,0.0,1006.2,0.0,0.3999999999999986,5,10,0
2023-10-13 06:00:00,26.4,93,6.6,96,9.0,1011.4,0.3,25.6,98,5.6,100,9.0,1007.0,0.1,0.7999999999999972,6,10,1
2023-10-13 07:00:00,26.7,82,9.7,100,128.0,1012.5,0.6,26.3,91,10.5,99,121.0,1007.8,0.1,0.3999999999999986,7,10,1
2023-10-13 08:00:00,28.2,80,7.0,100,280.0,1012.9,0.3,27.9,81,10.7,100,236.0,1008.4,0.0,0.3000000000000007,8,10,1
2023-10-13 09:00:00,29.4,75,8.7,100,484.0,1013.1,0.1,29.3,75,10.3,100,496.0,1008.8,0.2,0.09999999999999787,9,10,1
2023-10-13 10:00:00,30.0,72,9.3,100,688.0,1013.1,0.1,30.7,70,8.4,100,697.0,1008.7,0.0,-0.6999999999999993,10,10,1
2023-10-13 11:00:00,30.2,72,10.0,100,797.0,1012.1,0.1,31.2,65,9.1,97,712.0,1007.5,0.0,-1.0,11,10,1
2023-10-13 12:00:00,30.1,72,9.7,100,791.0,1011.0,0.1,31.3,63,11.1,83,779.0,1006.5,0.1,-1.1999999999999993,12,10,1
2023-10-13 13:00:00,29.9,73,9.0,100,635.0,1009.9,0.1,29.8,69,9.2,97,724.0,1005.5,1.3,0.09999999999999787,13,10,1
2023-10-13 14:00:00,29.7,74,9.9,100,579.0,1009.1,0.1,30.5,63,9.8,100,592.0,1004.6,0.2,-0.8000000000000007,14,10,1
2023-10-13 15:00:00,29.5,74,10.0,50,483.0,1008.9,0.0,30.3,67,9.7,86,466.0,1004.3,0.2,-0.8000000000000007,15,10,1
2023-10-13 16:00:00,28.9,76,10.5,28,306.0,1009.1,0.0,29.6,71,10.2,46,293.0,1004.6,0.0,-0.7000000000000028,16,10,1
2023-10-13 17:00:00,27.7,85,8.9,32,115.0,1009.2,0.0,27.5,84,9.5,27,121.0,1004.9,0.0,0.1999999999999993,17,10,1
2023-10-13 18:00:00,27.3,89,4.3,82,4.0,1010.0,0.0,27.3,88,6.1,81,4.0,1005.6,0.0,0.0,18,10,1
2023-10-13 19:00:00,27.1,93,3.1,50,0.0,1010.6,0.0,27.1,90,4.9,73,0.0,1006.2,0.0,0.0,19,10,0
2023-10-13 20:00:00,27.6,89,1.8,77,0.0,1011.5,0.0,26.6,95,4.5,29,0.0,1007.1,0.0,1.0,20,10,0
2023-10-13 21:00:00,27.6,88,3.1,94,0.0,1012.0,0.0,26.9,92,3.9,36,0.0,1007.6,0.0,0.7000000000000028,21,10,0
2023-10-13 22:00:00,26.7,93,5.5,70,0.0,1011.8,0.0,26.7,93,4.8,48,0.0,1007.3,0.0,0.0,22,10,0
2023-10-13 23:00:00,26.9,90,4.3,91,0.0,1011.5,0.0,27.0,91,4.1,94,0.0,1007.1,0.0,-0.10000000000000142,23,10,0
2023-10-14 00:00:00,26.7,91,5.0,74,0.0,1010.7,0.0,26.1,96,2.3,95,0.0,1006.3,0.0,0.5999999999999979,0,10,0
2023-10-14 01:00:00,26.1,93,5.0,99,0.0,1009.9,0.0,25.8,96,3.3,98,0.0,1005.4,0.3,0.3000000000000007,1,10,0
2023-10-14 02:00:00,25.6,94,3.3,100,0.0,1009.5,1.5,24.8,96,4.3,100,0.0,1005.3,3.1,0.8000000000000007,2,10,0
2023-10-14 03:00:00,24.7,97,8.7,100,0.0,1010.0,5.3,23.9,98,5.6,100,0.0,1005.9,4.4,0.8000000000000007,3,10,0
2023-10-14 04:00:00,24.2,95,8.7,100,0.0,1010.4,5.7,23.9,98,6.5,100,0.0,1005.9,0.2,0.3000000000000007,4,10,0
2023-10-14 05:00:00,24.3,98,10.4,100,0.0,1010.9,0.1,24.2,94,2.4,100,0.0,1006.5,0.1,0.10000000000000142,5,10,0
2023-10-14 06:00:00,23.8,99,6.6,100,2.0,1011.6,2.0,24.0,95,3.9,100,3.0,1007.0,3.7,-0.1999999999999993,6,10,1
2023-10-14 07:00:00,24.0,94,7.1,100,31.0,1012.9,3.8,23.6,96,7.0,100,53.0,1008.5,4.0,0.3999999999999986,7,10,1
2023-10-14 08:00:00,24.5,94,1.9,100,88.0,1013.3,3.1,24.1,93,4.0,100,62.0,1009.0,0.8,0.3999999999999986,8,10,1
2023-10-14 09:00:00,25.2,90,2.3,100,179.0,1013.8,0.9,25.1,88,1.5,100,184.0,1009.2,0.2,0.09999999999999787,9,10,1
2023-10-14 10:00:00,26.8,82,2.2,100,405.0,1013.3,0.1,27.2,80,3.9,100,438.0,1008.6,0.0,-0.3999999999999986,10,10,1
2023-10-14 11:00:00,28.3,78,5.1,100,600.0,1011.9,0.0,28.5,75,5.0,100,420.0,1007.5,0.0,-0.1999999999999993,11,10,1
2023-10-14 12:00:00,29.2,73,7.7,100,659.0,1010.5,0.0,29.3,71,5.5,100,423.0,1006.1,0.0,-0.10000000000000142,12,10,1
2023-10-14 13:00:00,29.2,75,9.5,100,663.0,1009.5,0.0,30.4,66,6.4,100,549.0,1005.0,0.0,-1.1999999999999993,13,10,1
2023-10-14 14:00:00,29.1,76,10.5,100,606.0,1008.6,0.0,30.6,66,7.7,100,595.0,1004.0,0.0,-1.5,14,10,1
2023-10-14 15:00:00,28.7,78,11.0,100,455.0,1008.0,0.0,30.0,70,10.3,100,473.0,1003.5,0.1,-1.3000000000000007,15,10,1
2023-10-14 16:00:00,28.1,80,11.0,100,295.0,1008.1,0.0,28.8,78,11.4,100,309.0,1003.7,0.1,-0.6999999999999993,16,10,1
2023-10-14 17:00:00,28.9,81,9.2,100,103.0,1008.6,0.0,28.5,80,7.6,90,113.0,1004.3,0.0,0.3999999999999986,17,10,1
2023-10-14 18:00:00,28.2,85,9.3,60,4.0,1009.4,0.0,28.0,85,5.6,55,4.0,1004.9,0.4,0.1999999999999993,18,10,1
2023-10-14 19:00:00,27.9,87,6.8,83,0.0,1010.6,0.0,27.4,89,4.8,92,0.0,1006.3,0.0,0.5,19,10,0
2023-10-14 20:00:00,27.7,87,5.8,91,0.0,1011.2,0.0,27.2,90,5.9,78,0.0,1006.7,0.0,0.5,20,10,0
2023-10-14 21:00:00,27.4,86,5.9,80,0.0,1011.8,0.0,26.8,91,4.4,94,0.0,1007.3,0.0,0.5999999999999979,21,10,0
2023-10-14 22:00:00,27.3,86,9.0,99,0.0,1011.5,0.0,26.2,91,10.1,100,0.0,1007.3,1.2,1.1000000000000014,22,10,0
2023-10-14 23:00:00,26.7,89,8.7,100,0.0,1011.2,0.0,25.7,92,8.4,100,0.0,1006.9,0.0,1.0,23,10,0
2023-10-15 00:00:00,26.2,91,4.9,100,0.0,1010.0,0.0,25.2,94,4.7,100,0.0,1005.7,0.0,1.0,0,10,0
2023-10-15 01:00:00,25.8,92,5.5,100,0.0,1009.4,0.0,24.7,96,4.2,100,0.0,1005.1,0.0,1.1000000000000014,1,10,0
2023-10-15 02:00:00,25.4,93,4.0,100,0.0,1008.6,0.0,24.5,97,6.9,100,0.0,1004.4,0.0,0.8999999999999986,2,10,0
2023-10-15 03:00:00,24.9,95,8.6,100,0.0,1009.0,0.1,24.4,97,6.0,100,0.0,1004.6,0.0,0.5,3,10,0
2023-10-15 04:00:00,25.1,93,9.0,100,0.0,1009.2,0.2,24.6,96,6.8,100,0.0,1004.7,0.0,0.5,4,10,0
2023-10-15 05:00:00,25.0,95,2.3,100,0.0,1010.1,0.0,24.3,91,3.0,100,0.0,1005.7,0.0,0.6999999999999993,5,10,0
2023-10-15 06:00:00,25.3,95,5.2,100,3.0,1010.6,1.0,24.3,91,1.8,100,1.0,1006.0,2.6,1.0,6,10,1
2023-10-15 07:00:00,25.9,92,4.7,100,55.0,1011.0,0.8,24.5,94,3.0,100,36.0,1006.5,1.6,1.3999999999999986,7,10,1
2023-10-15 08:00:00,26.7,87,6.2,100,147.0,1011.3,0.2,26.0,89,7.9,100,157.0,1006.9,0.4,0.6999999999999993,8,10,1
2023-10-15 09:00:00,27.7,82,8.3,100,370.0,1011.5,0.1,27.4,83,5.8,100,290.0,1007.0,0.1,0.3000000000000007,9,10,1
2023-10-15 10:00:00,28.2,80,9.0,100,489.0,1011.2,0.1,28.4,78,8.7,100,387.0,1006.7,0.1,-0.1999999999999993,10,10,1
2023-10-15 11:00:00,28.4,79,9.4,100,548.0,1010.0,0.0,28.9,77,8.6,100,484.0,1005.5,0.2,-0.5,11,10,1
2023-10-15 12:00:00,29.1,77,8.4,100,698.0,1009.0,0.0,29.2,76,7.3,100,483.0,1004.6,0.0,-0.09999999999999787,12,10,1
2023-10-15 13:00:00,29.0,78,7.6,100,693.0,1007.7,0.1,29.4,75,8.3,100,524.0,1003.2,0.0,-0.3999999999999986,13,10,1
2023-10-15 14:00:00,29.0,76,9.0,100,494.0,1006.5,0.0,29.3,75,8.3,100,507.0,1002.0,0.0,-0.3000000000000007,14,10,1
2023-10-15 15:00:00,28.9,75,9.4,100,418.0,1006.5,0.0,29.3,70,9.0,100,463.0,1002.0,0.4,-0.40000000000000213,15,10,1
2023-10-15 16:00:00,28.6,76,9.8,100,263.0,1006.7,0.0,28.6,76,8.8,100,241.0,1002.3,0.0,0.0,16,10,1
2023-10-15 17:00:00,29.1,79,6.1,100,112.0,1007.4,0.0,29.2,76,7.5,100,83.0,1002.8,0.0,-0.09999999999999787,17,10,1
2023-10-15 18:00:00,28.3,82,7.9,53,4.0,1008.0,0.0,28.0,82,6.9,69,4.0,1003.6,0.0,0.3000000000000007,18,10,1
2023-10-15 19:00:00,28.0,83,8.9,16,0.0,1008.8,0.0,27.6,85,7.4,67,0.0,1004.3,0.0,0.3999999999999986,19,10,0
2023-10-15 20:00:00,27.8,85,7.7,12,0.0,1009.6,0.0,27.3,87,5.8,100,0.0,1005.4,0.0,0.5,20,10,0
2023-10-15 21:00:00,27.6,86,6.0,64,0.0,1010.3,0.0,26.9,90,4.7,96,0.0,1005.8,0.0,0.7000000000000028,21,10,0
2023-10-15 22:00:00,27.5,87,7.4,99,0.0,1009.8,0.0,26.8,90,4.7,96,0.0,1005.3,0.0,0.6999999999999993,22,10,0
2023-10-15 23:00:00,27.0,90,4.8,98,0.0,1009.7,0.0,26.5,92,5.9,100,0.0,1005.2,0.0,0.5,23,10,0
2023-10-16 00:00:00,26.9,88,5.5,100,0.0,1009.0,0.0,25.8,94,3.6,100,0.0,1004.8,2.1,1.0999999999999979,0,10,0
2023-10-16 01:00:00,27.1,86,5.7,99,0.0,1008.2,0.0,24.7,96,5.5,100,0.0,1003.6,3.5,2.400000000000002,1,10,0
2023-10-16 02:00:00,26.7,89,4.3,99,0.0,1008.0,0.0,24.6,97,4.8,100,0.0,1003.9,0.1,2.099999999999998,2,10,0
2023-10-16 03:00:00,26.8,88,3.5,100,0.0,1008.2,0.1,24.8,96,4.4,100,0.0,1003.8,0.3,2.0,3,10,0
2023-10-16 04:00:00,25.8,93,3.3,100,0.0,1008.1,0.0,24.8,96,5.6,100,0.0,1003.8,0.2,1.0,4,10,0
2023-10-16 05:00:00,24.9,93,5.2,100,0.0,1009.1,0.1,24.3,96,1.3,100,0.0,1004.6,0.0,0.5999999999999979,5,10,0
2023-10-16 06:00:00,25.0,94,10.7,100,3.0,1010.3,5.5,24.2,96,6.9,100,4.0,1006.1,14.4,0.8000000000000007,6,10,1
2023-10-16 07:00:00,25.3,90,4.6,100,39.0,1011.3,6.6,24.6,93,8.4,100,38.0,1006.8,3.2,0.6999999999999993,7,10,1
2023-10-16 08:00:00,25.9,87,1.9,100,109.0,1011.6,0.2,25.6,90,4.6,100,187.0,1007.3,0.1,0.29999999999999716,8,10,1
2023-10-16 09:00:00,27.0,84,3.8,100,350.0,1011.6,0.0,27.3,80,1.9,100,377.0,1007.2,0.0,-0.3000000000000007,9,10,1
2023-10-16 10:00:00,28.1,82,2.4,100,551.0,1011.3,0.0,29.7,69,1.8,100,573.0,1006.9,0.0,-1.5999999999999979,10,10,1
2023-10-16 11:00:00,29.3,75,6.2,100,695.0,1010.3,0.1,30.2,68,6.0,100,684.0,1005.8,0.1,-0.8999999999999986,11,10,1
2023-10-16 12:00:00,29.5,74,9.5,99,740.0,1009.3,0.0,30.4,68,9.0,100,790.0,1004.7,0.1,-0.8999999999999986,12,10,1
2023-10-16 13:00:00,29.6,74,9.2,82,740.0,1008.0,0.0,30.9,66,7.9,93,832.0,1003.3,0.0,-1.2999999999999972,13,10,1
2023-10-16 14:00:00,29.3,74,10.7,82,690.0,1007.0,0.0,30.8,68,9.7,73,743.0,1002.2,0.0,-1.5,14,10,1
2023-10-16 15:00:00,28.7,77,10.9,91,556.0,1006.8,0.0,29.7,73,11.9,39,567.0,1002.1,0.0,-1.0,15,10,1
2023-10-16 16:00:00,28.1,79,9.8,99,338.0,1007.3,0.0,28.6,77,10.8,20,346.0,1002.8,0.0,-0.5,16,10,1
2023-10-16 17:00:00,27.4,87,8.9,83,121.0,1008.1,0.0,27.8,86,10.5,26,125.0,1003.8,0.0,-0.40000000000000213,17,10,1
2023-10-16 18:00:00,27.4,90,8.4,100,3.0,1008.8,0.0,27.6,88,6.5,100,3.0,1004.4,0.0,-0.20000000000000284,18,10,1
2023-10-16 19:00:00,27.1,91,4.7,100,0.0,1009.3,0.0,27.2,89,5.1,100,0.0,1005.0,0.0,-0.09999999999999787,19,10,0
2023-10-16 20:00:00,26.9,91,5.0,100,0.0,1010.4,0.0,26.6,93,4.8,99,0.0,1005.9,0.0,0.29999999999999716,20,10,0
2023-10-16 21:00:00,26.5,92,4.7,97,0.0,1010.7,0.0,26.2,95,6.4,98,0.0,1006.2,0.0,0.3000000000000007,21,10,0
2023-10-16 22:00:00,26.2,94,5.8,91,0.0,1010.4,0.0,26.6,91,4.9,100,0.0,1005.9,0.0,-0.40000000000000213,22,10,0
2023-10-16 23:00:00,26.0,94,6.6,92,0.0,1010.1,0.0,26.8,91,3.0,100,0.0,1005.7,0.0,-0.8000000000000007,23,10,0
2023-10-17 00:00:00,26.1,93,4.5,100,0.0,1010.1,0.0,25.8,95,1.1,100,0.0,1005.6,0.0,0.3000000000000007,0,10,0
2023-10-17 01:00:00,25.8,95,3.8,100,0.0,1009.3,0.0,25.4,97,1.5,100,0.0,1004.8,0.1,0.40000000000000213,1,10,0
2023-10-17 02:00:00,25.1,97,3.7,100,0.0,1008.9,0.0,25.2,98,1.8,99,0.0,1004.6,0.0,-0.09999999999999787,2,10,0
2023-10-17 03:00:00,25.2,98,4.0,95,0.0,1008.8,0.0,24.8,99,2.3,100,0.0,1004.3,0.0,0.3999999999999986,3,10,0
2023-10-17 04:00:00,25.0,98,4.1,74,0.0,1008.9,0.0,24.8,100,3.1,100,0.0,1004.5,0.0,0.1999999999999993,4,10,0
2023-10-17 05:00:00,26.0,97,3.9,100,0.0,1009.7,0.0,25.4,97,3.2,100,0.0,1005.2,0.0,0.6000000000000014,5,10,0
2023-10-17 06:00:00,26.7,93,5.4,98,9.0,1010.5,0.0,26.0,95,2.9,100,10.0,1006.0,0.0,0.6999999999999993,6,10,1
2023-10-17 07:00:00,27.8,89,5.9,94,127.0,1011.1,0.0,27.4,89,2.6,100,136.0,1006.8,0.0,0.40000000000000213,7,10,1
2023-10-17 08:00:00,29.2,79,4.8,36,335.0,1011.7,0.1,28.8,82,5.2,88,368.0,1007.4,0.2,0.3999999999999986,8,10,1
2023-10-17 09:00:00,30.5,69,11.4,39,566.0,1012.1,0.1,30.0,76,8.5,89,544.0,1007.8,0.1,0.5,9,10,1
2023-10-17 10:00:00,31.3,61,14.6,28,740.0,1011.5,0.0,30.6,69,12.1,100,664.0,1007.1,0.2,0.6999999999999993,10,10,1
2023-10-17 11:00:00,31.5,61,14.8,52,864.0,1010.7,0.0,31.5,62,13.5,100,802.0,1006.2,0.0,0.0,11,10,1
2023-10-17 12:00:00,31.5,61,14.4,55,883.0,1009.7,0.0,32.0,58,15.3,100,883.0,1005.1,0.0,-0.5,12,10,1
2023-10-17 13:00:00,31.3,62,14.0,90,866.0,1008.6,0.0,31.8,58,15.4,100,833.0,1004.0,0.0,-0.5,13,10,1
2023-10-17 14:00:00,31.1,63,14.9,63,752.0,1008.0,0.0,31.5,60,15.1,100,748.0,1003.4,0.0,-0.3999999999999986,14,10,1
2023-10-17 15:00:00,30.4,65,15.5,72,572.0,1008.0,0.0,30.7,63,15.8,100,570.0,1003.4,0.0,-0.3000000000000007,15,10,1
2023-10-17 16:00:00,29.6,68,14.9,11,350.0,1008.2,0.0,29.7,67,14.3,79,349.0,1003.7,0.0,-0.09999999999999787,16,10,1
2023-10-17 17:00:00,29.1,69,13.0,8,123.0,1008.7,0.0,29.1,71,11.8,72,126.0,1004.2,0.0,0.0,17,10,1
2023-10-17 18:00:00,28.2,71,9.7,9,4.0,1009.2,0.0,27.9,75,8.7,13,4.0,1004.8,0.0,0.3000000000000007,18,10,1
2023-10-17 19:00:00,27.5,76,7.8,28,0.0,1010.2,0.0,26.8,79,6.9,11,0.0,1005.7,0.0,0.6999999999999993,19,10,0
2023-10-17 20:00:00,27.2,80,8.3,1,0.0,1011.0,0.0,26.2,81,6.9,3,0.0,1006.4,0.0,1.0,20,10,0
2023-10-17 21:00:00,27.1,82,8.4,1,0.0,1011.3,0.0,25.8,84,6.3,2,0.0,1006.8,0.0,1.3000000000000007,21,10,0
2023-10-17 22:00:00,27.0,80,8.1,2,0.0,1011.3,0.0,25.2,89,6.8,2,0.0,1006.8,0.0,1.8000000000000007,22,10,0
2023-10-17 23:00:00,27.0,79,9.5,4,0.0,1011.1,0.0,25.4,88,6.1,27,0.0,1006.6,0.0,1.6000000000000014,23,10,0
2023-10-18 00:00:00,27.0,79,9.4,56,0.0,1010.8,0.0,25.3,88,6.6,71,0.0,1006.4,0.0,1.6999999999999993,0,10,0
2023-10-18 01:00:00,27.0,79,8.6,100,0.0,1010.2,0.0,25.4,87,6.6,96,0.0,1005.7,0.0,1.6000000000000014,1,10,0
2023-10-18 02:00:00,26.8,78,6.9,95,0.0,1009.9,0.0,24.9,89,7.8,88,0.0,1005.4,0.0,1.9000000000000021,2,10,0
2023-10-18 03:00:00,25.9,84,5.6,87,0.0,1009.6,0.0,24.9,89,4.7,99,0.0,1005.2,0.0,1.0,3,10,0
2023-10-18 04:00:00,25.0,89,6.5,100,0.0,1009.7,0.0,24.6,91,4.4,100,0.0,1005.3,0.0,0.3999999999999986,4,10,0
2023-10-18 05:00:00,26.9,84,6.4,100,0.0,1010.2,0.0,25.5,91,4.7,100,0.0,1005.7,0.0,1.3999999999999986,5,10,0
2023-10-18 06:00:00,27.2,85,7.1,100,11.0,1010.8,0.0,26.2,89,5.2,100,10.0,1006.4,0.2,1.0,6,10,1
2023-10-18 07:00:00,28.9,76,9.2,100,154.0,1011.6,0.1,27.9,84,4.4,99,140.0,1007.3,0.0,1.0,7,10,1
2023-10-18 08:00:00,29.8,69,13.4,99,360.0,1011.9,0.0,29.2,75,10.3,100,340.0,1007.5,0.2,0.6000000000000014,8,10,1
2023-10-18 09:00:00,30.4,66,15.1,70,573.0,1012.3,0.0,30.5,67,13.9,42,541.0,1007.9,0.0,-0.10000000000000142,9,10,1
2023-10-18 10:00:00,30.9,64,15.5,9,750.0,1012.2,0.0,31.1,63,15.2,87,753.0,1007.7,0.0,-0.20000000000000284,10,10,1
2023-10-18 11:00:00,31.0,62,15.1,51,838.0,1011.5,0.0,31.5,60,15.0,97,834.0,1007.0,0.0,-0.5,11,10,1
2023-10-18 12:00:00,31.2,62,14.5,9,888.0,1010.8,0.0,31.6,59,14.7,52,882.0,1006.3,0.0,-0.40000000000000213,12,10,1
2023-10-18 13:00:00,31.1,61,15.0,8,839.0,1009.7,0.0,31.4,59,14.7,38,850.0,1005.2,0.0,-0.29999999999999716,13,10,1
2023-10-18 14:00:00,30.8,62,14.8,44,735.0,1009.0,0.0,31.2,59,14.5,77,740.0,1004.5,0.0,-0.3999999999999986,14,10,1
2023-10-18 15:00:00,30.2,64,15.6,87,552.0,1008.6,0.0,30.3,63,15.5,34,531.0,1004.1,0.0,-0.10000000000000142,15,10,1
2023-10-18 16:00:00,29.6,67,15.0,67,336.0,1008.7,0.0,29.5,67,14.7,2,347.0,1004.3,0.0,0.10000000000000142,16,10,1
2023-10-18 17:00:00,29.2,62,10.2,26,118.0,1009.3,0.0,29.0,65,9.1,1,122.0,1004.9,0.0,0.1999999999999993,17,10,1
2023-10-18 18:00:00,28.5,65,9.2,100,3.0,1010.0,0.0,27.9,69,7.4,96,4.0,1005.7,0.0,0.6000000000000014,18,10,1
2023-10-18 19:00:00,28.0,70,7.2,87,0.0,1010.7,0.0,26.8,76,6.0,98,0.0,1006.3,0.0,1.1999999999999993,19,10,0
2023-10-18 20:00:00,27.5,77,6.2,78,0.0,1011.2,0.0,26.2,81,7.4,62,0.0,1006.8,0.0,1.3000000000000007,20,10,0
2023-10-18 21:00:00,26.9,81,5.6,33,0.0,1011.5,0.0,26.0,84,7.7,1,0.0,1007.1,0.0,0.8999999999999986,21,10,0
2023-10-18 22:00:00,26.4,84,6.2,56,0.0,1011.7,0.0,25.7,87,7.8,1,0.0,1007.2,0.0,0.6999999999999993,22,10,0
2023-10-18 23:00:00,26.1,87,6.9,0,0.0,1011.6,0.0,25.5,88,6.1,0,0.0,1007.2,0.0,0.6000000000000014,23,10,0
2023-10-19 00:00:00,26.5,84,5.0,0,0.0,1011.1,0.0,25.1,89,4.7,3,0.0,1006.7,0.0,1.3999999999999986,0,10,0
2023-10-19 01:00:00,25.6,90,5.4,26,0.0,1010.2,0.0,24.9,89,3.9,7,0.0,1005.7,0.0,0.7000000000000028,1,10,0
2023-10-19 02:00:00,25.2,93,5.4,19,0.0,1009.6,0.0,24.8,89,3.7,22,0.0,1005.2,0.0,0.3999999999999986,2,10,0
2023-10-19 03:00:00,25.0,94,4.5,5,0.0,1009.4,0.0,24.7,90,3.8,26,0.0,1005.0,0.0,0.3000000000000007,3,10,0
2023-10-19 04:00:00,24.7,95,3.1,12,0.0,1009.6,0.0,24.4,91,4.8,25,0.0,1005.1,0.0,0.3000000000000007,4,10,0
2023-10-19 05:00:00,25.4,93,5.6,71,0.0,1009.6,0.0,24.6,94,6.2,81,0.0,1005.2,0.0,0.7999999999999972,5,10,0
2023-10-19 06:00:00,26.0,90,7.5,99,11.0,1010.6,0.0,25.3,89,8.0,100,11.0,1006.2,0.0,0.6999999999999993,6,10,1
2023-10-19 07:00:00,27.6,84,6.4,98,150.0,1011.5,0.0,27.4,81,6.6,97,157.0,1007.1,0.0,0.20000000000000284,7,10,1
2023-10-19 08:00:00,29.4,76,6.5,93,382.0,1012.1,0.0,29.5,73,7.3,94,369.0,1007.8,0.0,-0.10000000000000142,8,10,1
2023-10-19 09:00:00,30.4,68,11.1,98,566.0,1012.7,0.1,30.4,69,9.3,93,580.0,1008.2,0.3,0.0,9,10,1
2023-10-19 10:00:00,31.1,63,14.0,26,734.0,1012.2,0.0,31.0,66,11.5,54,733.0,1007.7,0.5,0.10000000000000142,10,10,1
2023-10-19 11:00:00,31.5,61,15.8,3,821.0,1011.5,0.0,31.7,61,14.0,22,837.0,1006.9,0.2,-0.1999999999999993,11,10,1
2023-10-19 12:00:00,31.8,56,18.1,4,892.0,1010.4,0.0,32.3,56,16.3,21,887.0,1005.8,0.0,-0.49999999999999645,12,10,1
2023-10-19 13:00:00,31.9,51,18.8,0,848.0,1009.7,0.0,32.3,51,17.4,3,859.0,1005.3,0.0,-0.3999999999999986,13,10,1
2023-10-19 14:00:00,31.4,49,18.2,0,747.0,1008.9,0.0,31.9,48,16.9,1,744.0,1004.4,0.0,-0.5,14,10,1
2023-10-19 15:00:00,30.5,55,17.7,0,580.0,1008.7,0.0,31.0,52,16.7,0,576.0,1004.1,0.0,-0.5,15,10,1
2023-10-19 16:00:00,29.5,61,15.0,0,352.0,1008.7,0.0,29.6,59,15.8,0,355.0,1004.3,0.0,-0.10000000000000142,16,10,1
2023-10-19 17:00:00,29.6,73,13.1,0,122.0,1008.6,0.0,29.6,73,11.7,1,125.0,1004.2,0.0,0.0,17,10,1
2023-10-19 18:00:00,28.7,76,10.5,95,3.0,1009.4,0.0,28.1,79,7.9,100,3.0,1005.1,0.0,0.5999999999999979,18,10,1
2023-10-19 19:00:00,28.1,78,7.8,100,0.0,1010.3,0.0,27.3,82,6.4,100,0.0,1006.0,0.0,0.8000000000000007,19,10,0
2023-10-19 20:00:00,27.0,83,6.5,98,0.0,1011.0,0.0,26.3,86,6.7,100,0.0,1006.6,0.0,0.6999999999999993,20,10,0
2023-10-19 21:00:00,26.3,84,7.6,100,0.0,1011.5,0.0,25.8,88,7.0,100,0.0,1007.1,0.0,0.5,21,10,0
2023-10-19 22:00:00,26.2,85,5.4,100,0.0,1011.7,0.0,25.7,88,4.9,99,0.0,1007.2,0.0,0.5,22,10,0
2023-10-19 23:00:00,25.6,87,8.2,69,0.0,1011.4,0.0,25.1,90,4.4,98,0.0,1007.0,0.0,0.5,23,10,0
2023-10-20 00:00:00,25.9,83,7.3,67,0.0,1010.6,0.0,25.0,90,5.4,27,0.0,1006.2,0.0,0.8999999999999986,0,10,0
2023-10-20 01:00:00,25.2,86,7.7,63,0.0,1009.9,0.0,24.9,89,6.4,44,0.0,1005.5,0.0,0.3000000000000007,1,10,0
2023-10-20 02:00:00,25.1,87,7.7,66,0.0,1009.5,0.0,24.3,91,4.8,90,0.0,1005.1,0.0,0.8000000000000007,2,10,0
2023-10-20 03:00:00,25.0,87,7.3,67,0.0,1009.4,0.0,23.9,92,4.4,99,0.0,1005.0,0.0,1.1000000000000014,3,10,0
2023-10-20 04:00:00,25.0,87,8.0,60,0.0,1009.8,0.0,23.8,93,3.8,100,0.0,1005.4,0.0,1.1999999999999993,4,10,0
2023-10-20 05:00:00,24.6,93,5.5,74,0.0,1010.3,0.0,24.5,95,5.9,100,0.0,1005.9,0.0,0.10000000000000142,5,10,0
2023-10-20 06:00:00,25.4,90,6.6,97,11.0,1011.4,0.0,25.3,93,7.2,98,10.0,1006.9,0.0,0.09999999999999787,6,10,1
2023-10-20 07:00:00,27.7,81,4.4,91,150.0,1012.1,0.0,27.6,84,4.6,9,152.0,1007.7,0.0,0.09999999999999787,7,10,1
2023-10-20 08:00:00,29.4,71,6.2,16,381.0,1012.5,0.1,29.6,71,5.4,7,372.0,1008.1,0.0,-0.20000000000000284,8,10,1
2023-10-20 09:00:00,30.3,65,7.4,10,591.0,1012.7,0.1,30.8,64,6.5,9,584.0,1008.2,0.0,-0.5,9,10,1
2023-10-20 10:00:00,31.2,61,8.9,16,743.0,1011.9,0.0,31.4,60,8.7,14,731.0,1007.5,0.0,-0.1999999999999993,10,10,1
2023-10-20 11:00:00,31.6,58,11.3,47,856.0,1011.0,0.0,31.9,58,10.5,16,827.0,1006.6,0.0,-0.29999999999999716,11,10,1
2023-10-20 12:00:00,31.5,58,12.3,68,890.0,1009.8,0.0,32.1,56,11.7,100,854.0,1005.3,0.0,-0.6000000000000014,12,10,1
2023-10-20 13:00:00,31.3,60,14.2,56,850.0,1008.8,0.0,32.0,56,12.7,97,840.0,1004.3,0.0,-0.6999999999999993,13,10,1
2023-10-20 14:00:00,30.7,63,14.5,50,720.0,1008.1,0.0,31.5,58,13.4,94,740.0,1003.5,0.0,-0.8000000000000007,14,10,1
2023-10-20 15:00:00,30.2,67,14.0,56,555.0,1008.0,0.0,30.7,61,13.5,97,567.0,1003.5,0.0,-0.5,15,10,1
2023-10-20 16:00:00,29.5,70,13.5,96,337.0,1008.2,0.0,29.7,66,12.6,98,339.0,1003.8,0.0,-0.1999999999999993,16,10,1
2023-10-20 17:00:00,29.7,72,14.0,83,111.0,1008.3,0.0,29.7,74,11.3,87,120.0,1003.8,0.0,0.0,17,10,1
2023-10-20 18:00:00,29.0,76,14.8,12,3.0,1009.2,0.0,28.6,79,10.3,8,3.0,1004.8,0.0,0.3999999999999986,18,10,1
2023-10-20 19:00:00,28.5,78,13.8,6,0.0,1010.4,0.0,28.0,80,8.4,27,0.0,1006.1,0.0,0.5,19,10,0
2023-10-20 20:00:00,28.1,79,10.9,23,0.0,1011.5,0.0,26.9,85,5.9,84,0.0,1007.2,0.0,1.2000000000000028,20,10,0
2023-10-20 21:00:00,27.8,81,7.9,42,0.0,1012.1,0.0,26.1,88,7.4,89,0.0,1007.7,0.0,1.6999999999999993,21,10,0
2023-10-20 22:00:00,26.9,86,5.2,73,0.0,1011.5,0.0,26.2,87,5.6,79,0.0,1007.1,0.0,0.6999999999999993,22,10,0
2023-10-20 23:00:00,26.3,91,5.1,66,0.0,1011.4,0.0,25.7,91,5.8,91,0.0,1006.9,0.0,0.6000000000000014,23,10,0
2023-10-21 00:00:00,26.1,92,5.9,100,0.0,1010.7,0.0,25.3,93,7.1,86,0.0,1006.2,0.0,0.8000000000000007,0,10,0
2023-10-21 01:00:00,26.2,89,5.9,95,0.0,1010.1,0.7,25.3,94,6.6,96,0.0,1005.5,0.0,0.8999999999999986,1,10,0
2023-10-21 02:00:00,26.0,90,5.4,100,0.0,1009.5,0.0,25.2,93,5.4,99,0.0,1005.1,0.4,0.8000000000000007,2,10,0
2023-10-21 03:00:00,25.0,96,2.3,99,0.0,1009.3,0.1,24.5,97,4.0,99,0.0,1005.1,0.0,0.5,3,10,0
2023-10-21 04:00:00,24.3,98,9.6,99,0.0,1009.8,0.7,24.6,97,7.2,100,0.0,1005.0,0.1,-0.3000000000000007,4,10,0
2023-10-21 05:00:00,25.1,94,2.9,79,0.0,1010.0,0.6,24.2,94,4.0,99,0.0,1005.7,0.2,0.9000000000000021,5,10,0
2023-10-21 06:00:00,24.7,92,10.2,100,5.0,1011.3,0.7,24.8,94,8.0,100,9.0,1006.4,0.0,-0.10000000000000142,6,10,1
2023-10-21 07:00:00,25.6,88,9.0,100,101.0,1012.3,0.0,25.7,88,8.8,99,131.0,1007.9,0.0,-0.09999999999999787,7,10,1
2023-10-21 08:00:00,26.8,83,9.2,100,340.0,1013.0,0.0,27.1,81,8.0,100,293.0,1008.4,0.0,-0.3000000000000007,8,10,1
2023-10-21 09:00:00,28.9,73,11.5,100,492.0,1013.0,0.1,29.3,72,9.7,100,567.0,1008.7,0.0,-0.40000000000000213,9,10,1
2023-10-21 10:00:00,29.1,74,12.8,100,608.0,1012.6,0.7,30.3,69,11.9,100,622.0,1008.1,0.0,-1.1999999999999993,10,10,1
2023-10-21 11:00:00,30.7,66,10.5,100,728.0,1011.5,0.1,31.2,66,12.4,100,752.0,1007.0,0.1,-0.5,11,10,1
2023-10-21 12:00:00,31.3,64,13.3,100,745.0,1010.1,0.1,31.9,62,12.7,100,819.0,1005.7,0.0,-0.5999999999999979,12,10,1
2023-10-21 13:00:00,30.0,66,21.5,100,691.0,1009.6,0.6,32.0,60,16.0,100,775.0,1004.8,0.1,-2.0,13,10,1
2023-10-21 14:00:00,28.5,77,16.5,100,510.0,1008.9,0.4,29.0,73,15.9,100,493.0,1004.4,1.5,-0.5,14,10,1
2023-10-21 15:00:00,28.6,75,16.3,100,368.0,1008.7,0.0,29.4,74,15.5,97,433.0,1004.1,0.1,-0.7999999999999972,15,10,1
2023-10-21 16:00:00,28.0,78,14.3,100,232.0,1009.0,0.0,28.7,74,15.0,15,308.0,1004.5,0.0,-0.6999999999999993,16,10,1
2023-10-21 17:00:00,28.4,78,15.6,98,88.0,1010.1,0.0,27.6,83,9.1,12,112.0,1005.5,0.0,0.7999999999999972,17,10,1
2023-10-21 18:00:00,27.7,84,13.9,95,2.0,1010.4,0.0,27.1,86,11.8,91,2.0,1005.8,0.1,0.5999999999999979,18,10,1
2023-10-21 19:00:00,27.6,83,10.0,98,0.0,1011.2,0.0,26.9,87,8.2,97,0.0,1006.8,0.0,0.7000000000000028,19,10,0
2023-10-21 20:00:00,27.4,84,7.4,95,0.0,1011.9,0.0,26.6,89,5.9,99,0.0,1007.6,0.0,0.7999999999999972,20,10,0
2023-10-21 21:00:00,27.5,83,7.4,96,0.0,1012.1,0.0,26.2,90,5.6,100,0.0,1007.7,0.0,1.3000000000000007,21,10,0
2023-10-21 22:00:00,27.4,81,8.7,100,0.0,1011.8,0.0,25.6,93,7.0,50,0.0,1007.5,0.0,1.7999999999999972,22,10,0
2023-10-21 23:00:00,27.3,81,10.3,74,0.0,1011.1,0.0,25.1,94,5.3,30,0.0,1006.7,0.0,2.1999999999999993,23,10,0
2023-10-22 00:00:00,27.0,83,8.3,100,0.0,1010.5,0.0,25.0,95,5.5,90,0.0,1006.1,0.0,2.0,0,10,0
2023-10-22 01:00:00,26.6,86,6.1,90,0.0,1009.7,0.0,25.1,94,4.4,93,0.0,1005.4,0.0,1.5,1,10,0
2023-10-22 02:00:00,25.9,90,5.8,38,0.0,1009.4,0.0,24.7,95,5.9,8,0.0,1005.0,0.0,1.1999999999999993,2,10,0
2023-10-22 03:00:00,25.6,92,5.8,74,0.0,1009.5,0.0,24.5,96,6.1,19,0.0,1005.1,0.0,1.1000000000000014,3,10,0
2023-10-22 04:00:00,25.3,94,5.6,90,0.0,1009.9,0.0,24.3,97,7.2,88,0.0,1005.5,0.0,1.0,4,10,0
2023-10-22 05:00:00,25.0,91,6.3,19,0.0,1011.1,0.0,24.6,96,9.8,87,0.0,1006.6,0.0,0.3999999999999986,5,10,0
2023-10-22 06:00:00,25.8,91,7.4,89,9.0,1011.3,0.1,25.0,96,7.1,98,8.0,1007.0,0.1,0.8000000000000007,6,10,1
2023-10-22 07:00:00,27.0,87,5.6,100,148.0,1012.3,0.0,26.3,90,4.3,82,122.0,1007.9,0.0,0.6999999999999993,7,10,1
2023-10-22 08:00:00,29.1,75,7.0,98,364.0,1012.6,0.5,28.7,79,6.6,33,373.0,1008.3,0.0,0.40000000000000213,8,10,1
2023-10-22 09:00:00,29.3,70,16.2,98,535.0,1013.0,0.5,30.5,68,11.7,38,548.0,1008.3,0.1,-1.1999999999999993,9,10,1
2023-10-22 10:00:00,30.0,71,13.6,98,633.0,1012.3,0.2,30.0,67,14.8,95,682.0,1008.0,0.5,0.0,10,10,1
2023-10-22 11:00:00,31.3,64,16.6,92,823.0,1011.4,0.1,31.7,62,13.2,96,784.0,1006.8,0.0,-0.3999999999999986,11,10,1
2023-10-22 12:00:00,31.7,60,17.5,98,806.0,1010.1,0.0,32.3,59,15.0,80,822.0,1005.6,0.0,-0.5999999999999979,12,10,1
2023-10-22 13:00:00,31.7,58,18.5,97,835.0,1009.0,0.0,32.2,58,14.5,84,728.0,1004.6,0.0,-0.5000000000000036,13,10,1
2023-10-22 14:00:00,31.0,60,18.6,91,665.0,1008.3,0.8,31.6,56,16.8,85,625.0,1003.8,0.0,-0.6000000000000014,14,10,1
2023-10-22 15:00:00,30.7,62,17.0,92,517.0,1007.9,0.2,30.9,60,16.3,90,484.0,1003.4,0.0,-0.1999999999999993,15,10,1
2023-10-22 16:00:00,29.9,65,14.8,98,294.0,1008.1,0.0,30.2,63,14.1,99,302.0,1003.8,0.0,-0.3000000000000007,16,10,1
2023-10-22 17:00:00,29.5,67,13.9,100,116.0,1008.6,0.0,29.9,63,10.9,100,115.0,1004.1,0.0,-0.3999999999999986,17,10,1
2023-10-22 18:00:00,28.2,73,9.7,98,2.0,1009.0,0.0,28.6,70,10.2,99,2.0,1004.7,0.0,-0.40000000000000213,18,10,1
2023-10-22 19:00:00,27.5,78,6.3,100,0.0,1009.9,0.0,27.1,79,6.2,98,0.0,1005.6,0.0,0.3999999999999986,19,10,0
2023-10-22 20:00:00,26.7,84,5.8,100,0.0,1010.6,0.0,26.1,86,6.5,96,0.0,1006.2,0.0,0.5999999999999979,20,10,0
2023-10-22 21:00:00,26.7,83,5.9,100,0.0,1010.9,0.0,27.1,80,3.6,100,0.0,1006.6,0.0,-0.40000000000000213,21,10,0
2023-10-22 22:00:00,27.0,82,5.1,100,0.0,1011.1,0.0,26.7,82,0.8,100,0.0,1006.6,0.0,0.3000000000000007,22,10,0
2023-10-22 23:00:00,27.0,83,3.6,100,0.0,1010.9,0.0,25.1,90,2.1,100,0.0,1006.5,0.0,1.8999999999999986,23,10,0
2023-10-23 00:00:00,24.7,94,3.7,100,0.0,1010.3,0.0,24.3,93,2.7,100,0.0,1005.9,0.0,0.3999999999999986,0,10,0
2023-10-23 01:00:00,24.6,95,4.7,100,0.0,1009.8,0.0,24.2,94,5.5,100,0.0,1005.3,0.0,0.40000000000000213,1,10,0
2023-10-23 02:00:00,24.5,93,7.4,100,0.0,1009.6,0.0,23.9,95,6.3,100,0.0,1005.2,0.0,0.6000000000000014,2,10,0
2023-10-23 03:00:00,24.6,91,7.2,100,0.0,1009.7,0.0,23.8,95,6.3,100,0.0,1005.4,0.0,0.8000000000000007,3,10,0
2023-10-23 04:00:00,24.5,90,6.8,99,0.0,1009.6,0.0,23.8,93,6.5,100,0.0,1005.3,0.0,0.6999999999999993,4,10,0
2023-10-23 05:00:00,24.0,93,4.0,100,0.0,1010.4,0.0,23.3,92,4.2,100,0.0,1005.8,0.0,0.6999999999999993,5,10,0
2023-10-23 06:00:00,24.5,93,6.2,90,10.0,1010.7,0.0,24.5,87,5.6,75,10.0,1006.5,0.1,0.0,6,10,1
2023-10-23 07:00:00,26.2,89,6.4,92,154.0,1011.1,0.0,26.6,82,4.5,99,147.0,1006.8,0.0,-0.40000000000000213,7,10,1
2023-10-23 08:00:00,28.9,76,4.6,99,382.0,1011.9,0.0,29.3,71,1.8,99,386.0,1007.6,0.0,-0.40000000000000213,8,10,1
2023-10-23 09:00:00,30.4,66,9.8,100,563.0,1012.0,0.3,30.7,61,6.1,99,576.0,1007.6,0.1,-0.3000000000000007,9,10,1
2023-10-23 10:00:00,32.1,49,10.4,99,743.0,1011.2,0.0,31.6,55,8.3,94,690.0,1006.9,0.0,0.5,10,10,1
2023-10-23 11:00:00,33.0,41,9.4,74,836.0,1009.7,0.0,32.3,50,8.1,56,697.0,1005.6,0.0,0.7000000000000028,11,10,1
2023-10-23 12:00:00,33.5,39,6.2,90,919.0,1008.5,0.0,33.5,44,8.5,96,878.0,1004.2,0.0,0.0,12,10,1
2023-10-23 13:00:00,33.7,37,1.8,99,871.0,1007.3,0.0,34.0,41,8.4,96,825.0,1003.0,0.0,-0.29999999999999716,13,10,1
2023-10-23 14:00:00,32.2,52,13.9,97,743.0,1006.5,0.0,33.7,40,3.4,99,665.0,1002.2,0.0,-1.5,14,10,1
2023-10-23 15:00:00,30.7,46,18.6,98,568.0,1006.3,0.0,32.7,44,7.2,100,508.0,1001.7,0.0,-2.0000000000000036,15,10,1
2023-10-23 16:00:00,30.4,51,10.9,100,340.0,1006.8,0.0,30.2,62,15.7,79,322.0,1002.2,0.0,0.1999999999999993,16,10,1
2023-10-23 17:00:00,29.0,54,12.3,91,114.0,1007.8,0.0,28.6,57,15.7,53,107.0,1003.3,0.0,0.3999999999999986,17,10,1
2023-10-23 18:00:00,28.1,60,10.4,3,2.0,1008.5,0.0,27.4,53,5.4,0,2.0,1004.1,0.0,0.7000000000000028,18,10,1
2023-10-23 19:00:00,27.2,65,6.2,15,0.0,1009.5,0.0,27.0,59,7.1,0,0.0,1005.2,0.0,0.1999999999999993,19,10,0
2023-10-23 20:00:00,26.0,73,6.5,62,0.0,1010.5,0.0,26.3,65,6.1,4,0.0,1006.0,0.0,-0.3000000000000007,20,10,0
2023-10-23 21:00:00,25.9,72,6.6,33,0.0,1010.9,0.0,25.7,68,8.0,16,0.0,1006.6,0.0,0.1999999999999993,21,10,0
2023-10-23 22:00:00,25.0,75,9.2,82,0.0,1010.9,0.0,24.5,74,5.1,57,0.0,1006.7,0.0,0.5,22,10,0
2023-10-23 23:00:00,24.3,77,8.0,99,0.0,1010.7,0.0,24.1,75,5.8,23,0.0,1006.5,0.0,0.1999999999999993,23,10,0
2023-10-24 00:00:00,24.2,76,7.7,100,0.0,1010.1,0.0,24.3,73,8.9,42,0.0,1005.8,0.0,-0.10000000000000142,0,10,0
2023-10-24 01:00:00,23.8,76,8.9,99,0.0,1009.6,0.0,24.3,76,10.2,75,0.0,1005.3,0.0,-0.5,1,10,0
2023-10-24 02:00:00,23.5,76,8.7,98,0.0,1009.2,0.0,24.5,84,11.1,97,0.0,1004.8,0.0,-1.0,2,10,0
2023-10-24 03:00:00,23.3,80,7.4,92,0.0,1009.3,0.0,24.3,89,9.2,86,0.0,1004.7,0.0,-1.0,3,10,0
2023-10-24 04:00:00,23.2,85,7.2,65,0.0,1009.4,0.0,23.9,93,7.7,30,0.0,1004.9,0.0,-0.6999999999999993,4,10,0
2023-10-24 05:00:00,23.5,78,7.0,78,0.0,1009.8,0.0,24.2,86,4.8,22,0.0,1005.4,0.0,-0.6999999999999993,5,10,0
2023-10-24 06:00:00,24.3,75,8.6,20,10.0,1010.7,0.0,25.0,84,6.5,17,10.0,1006.3,0.0,-0.6999999999999993,6,10,1
2023-10-24 07:00:00,26.4,72,8.3,28,162.0,1011.4,0.0,27.2,79,5.4,3,160.0,1007.0,0.0,-0.8000000000000007,7,10,1
2023-10-24 08:00:00,28.9,69,8.0,27,396.0,1011.9,0.0,29.4,72,6.8,32,393.0,1007.5,0.0,-0.5,8,10,1
2023-10-24 09:00:00,30.6,64,6.2,93,611.0,1012.0,0.0,31.2,59,5.4,80,609.0,1007.5,0.0,-0.5999999999999979,9,10,1
2023-10-24 10:00:00,32.0,50,2.5,58,773.0,1011.1,0.0,32.6,46,3.2,54,779.0,1006.8,0.0,-0.6000000000000014,10,10,1
2023-10-24 11:00:00,32.9,43,1.5,27,849.0,1009.8,0.0,33.5,41,4.4,9,873.0,1005.4,0.0,-0.6000000000000014,11,10,1
2023-10-24 12:00:00,33.2,42,5.5,63,906.0,1008.5,0.0,33.9,38,5.4,33,875.0,1004.1,0.0,-0.6999999999999957,12,10,1
2023-10-24 13:00:00,33.3,42,10.0,93,842.0,1007.6,0.0,33.6,39,5.5,16,796.0,1003.3,0.0,-0.30000000000000426,13,10,1
2023-10-24 14:00:00,31.9,55,15.6,44,716.0,1007.0,0.1,32.8,47,9.8,46,726.0,1002.6,0.0,-0.8999999999999986,14,10,1
2023-10-24 15:00:00,30.7,57,17.9,87,515.0,1007.2,0.0,31.3,55,14.2,99,530.0,1002.6,0.0,-0.6000000000000014,15,10,1
2023-10-24 16:00:00,30.2,60,14.8,100,315.0,1007.5,0.0,30.2,56,15.3,99,319.0,1003.1,0.0,0.0,16,10,1
2023-10-24 17:00:00,29.1,71,15.1,100,111.0,1008.1,0.0,29.1,68,11.2,98,113.0,1003.9,0.0,0.0,17,10,1
2023-10-24 18:00:00,28.6,68,9.4,2,2.0,1008.7,0.0,28.1,75,9.8,2,2.0,1004.2,0.0,0.5,18,10,1
2023-10-24 19:00:00,27.8,72,6.8,8,0.0,1009.9,0.0,27.4,73,7.1,0,0.0,1005.4,0.0,0.40000000000000213,19,10,0
2023-10-24 20:00:00,27.5,77,7.7,23,0.0,1010.7,0.0,26.6,80,6.4,30,0.0,1006.2,0.0,0.8999999999999986,20,10,0
2023-10-24 21:00:00,26.8,80,6.5,38,0.0,1011.2,0.0,26.1,82,6.4,85,0.0,1006.7,0.0,0.6999999999999993,21,10,0
2023-10-24 22:00:00,26.3,79,6.5,34,0.0,1011.1,0.0,25.1,88,9.6,49,0.0,1006.7,0.0,1.1999999999999993,22,10,0
2023-10-24 23:00:00,25.0,86,9.2,53,0.0,1010.9,0.0,24.8,91,8.5,46,0.0,1006.6,0.0,0.1999999999999993,23,10,0
2023-10-25 00:00:00,24.7,89,7.6,2,0.0,1010.4,0.0,24.9,91,6.3,45,0.0,1006.2,0.0,-0.1999999999999993,0,10,0
2023-10-25 01:00:00,24.4,92,5.9,9,0.0,1009.9,0.0,24.5,94,7.4,4,0.0,1005.4,0.0,-0.10000000000000142,1,10,0
2023-10-25 02:00:00,24.2,94,7.3,9,0.0,1009.7,0.0,23.9,96,5.2,36,0.0,1005.2,0.0,0.3000000000000007,2,10,0
2023-10-25 03:00:00,23.8,95,6.8,19,0.0,1009.9,0.0,24.1,96,6.8,9,0.0,1005.5,0.0,-0.3000000000000007,3,10,0
2023-10-25 04:00:00,23.7,95,8.0,10,0.0,1010.1,0.0,24.0,97,5.1,0,0.0,1005.7,0.0,-0.3000000000000007,4,10,0
2023-10-25 05:00:00,23.8,94,8.9,0,0.0,1010.7,0.0,23.9,97,5.5,0,0.0,1006.3,0.0,-0.09999999999999787,5,10,0
2023-10-25 06:00:00,25.4,91,8.8,84,8.0,1011.9,0.4,25.7,93,4.1,11,7.0,1007.4,0.0,-0.3000000000000007,6,10,1
2023-10-25 07:00:00,26.4,92,6.8,37,127.0,1012.7,0.0,26.7,86,2.7,8,143.0,1008.4,0.0,-0.3000000000000007,7,10,1
2023-10-25 08:00:00,28.1,83,7.1,22,356.0,1013.3,0.0,28.7,74,5.4,23,365.0,1008.9,0.0,-0.5999999999999979,8,10,1
2023-10-25 09:00:00,30.1,69,7.4,13,581.0,1013.5,0.0,30.5,63,6.3,22,592.0,1009.1,0.0,-0.3999999999999986,9,10,1
2023-10-25 10:00:00,31.7,57,4.2,16,757.0,1012.8,0.0,31.8,54,2.5,15,701.0,1008.4,0.0,-0.10000000000000142,10,10,1
2023-10-25 11:00:00,32.6,48,1.6,10,815.0,1011.7,0.0,32.8,46,3.3,24,805.0,1007.4,0.0,-0.19999999999999574,11,10,1
2023-10-25 12:00:00,33.4,44,0.4,11,883.0,1010.5,0.0,33.6,41,3.7,9,847.0,1006.2,0.0,-0.20000000000000284,12,10,1
2023-10-25 13:00:00,33.9,42,4.8,15,847.0,1009.4,0.0,34.1,39,6.3,3,838.0,1005.1,0.0,-0.20000000000000284,13,10,1
2023-10-25 14:00:00,32.9,48,14.0,44,730.0,1008.6,0.0,33.9,39,7.4,1,722.0,1004.2,0.0,-1.0,14,10,1
2023-10-25 15:00:00,31.4,51,15.6,3,551.0,1008.1,0.0,33.1,43,8.6,16,546.0,1003.5,0.0,-1.7000000000000028,15,10,1
2023-10-25 16:00:00,30.7,57,14.8,2,330.0,1008.5,0.0,30.8,53,15.5,12,338.0,1004.0,0.0,-0.10000000000000142,16,10,1
2023-10-25 17:00:00,29.0,67,14.7,8,112.0,1009.1,0.0,29.3,61,9.0,2,113.0,1004.7,0.0,-0.3000000000000007,17,10,1
2023-10-25 18:00:00,28.0,75,12.6,0,2.0,1009.6,0.0,27.7,76,8.9,0,2.0,1005.3,0.0,0.3000000000000007,18,10,1
2023-10-25 19:00:00,27.8,78,12.0,0,0.0,1011.0,0.0,27.3,77,9.8,1,0.0,1006.5,0.0,0.5,19,10,0
2023-10-25 20:00:00,27.6,79,10.9,0,0.0,1011.8,0.0,26.9,78,7.2,0,0.0,1007.4,0.0,0.7000000000000028,20,10,0
2023-10-25 21:00:00,27.5,79,9.9,10,0.0,1012.0,0.0,26.3,81,6.2,0,0.0,1007.6,0.0,1.1999999999999993,21,10,0
2023-10-25 22:00:00,27.0,81,6.5,7,0.0,1012.0,0.0,25.5,86,7.1,7,0.0,1007.5,0.0,1.5,22,10,0
2023-10-25 23:00:00,25.8,87,6.7,26,0.0,1011.8,0.0,25.7,84,6.9,24,0.0,1007.4,0.0,0.10000000000000142,23,10,0
2023-10-26 00:00:00,26.3,84,5.1,40,0.0,1011.3,0.0,26.5,79,3.7,43,0.0,1006.9,0.0,-0.1999999999999993,0,10,0
2023-10-26 01:00:00,25.2,89,4.6,45,0.0,1010.7,0.0,24.5,89,2.5,50,0.0,1006.3,0.0,0.6999999999999993,1,10,0
2023-10-26 02:00:00,24.2,94,4.1,38,0.0,1010.2,0.0,24.1,91,6.9,29,0.0,1005.9,0.0,0.09999999999999787,2,10,0
2023-10-26 03:00:00,24.2,94,8.0,36,0.0,1010.0,0.0,23.7,94,7.2,7,0.0,1005.7,0.0,0.5,3,10,0
2023-10-26 04:00:00,23.9,94,8.7,15,0.0,1010.2,0.0,23.4,96,6.1,18,0.0,1005.7,0.0,0.5,4,10,0
2023-10-26 05:00:00,23.9,94,8.4,4,0.0,1010.9,0.0,23.4,96,6.4,11,0.0,1006.4,0.0,0.5,5,10,0
2023-10-26 06:00:00,25.2,91,2.1,72,7.0,1011.8,0.8,24.3,95,7.2,62,7.0,1007.4,1.2,0.8999999999999986,6,10,1
2023-10-26 07:00:00,25.9,90,6.4,63,131.0,1012.9,0.3,26.0,89,5.5,27,128.0,1008.4,0.0,-0.10000000000000142,7,10,1
2023-10-26 08:00:00,27.2,84,5.8,32,300.0,1013.4,0.0,27.4,80,4.6,41,308.0,1009.0,0.2,-0.1999999999999993,8,10,1
2023-10-26 09:00:00,29.2,74,2.1,20,546.0,1013.7,0.0,29.0,70,1.5,41,513.0,1009.4,0.2,0.1999999999999993,9,10,1
2023-10-26 10:00:00,30.1,68,2.9,46,661.0,1013.3,0.1,30.0,64,6.0,23,606.0,1008.9,0.1,0.10000000000000142,10,10,1
2023-10-26 11:00:00,30.6,62,10.2,43,742.0,1012.4,0.0,30.8,59,8.0,18,680.0,1007.9,0.0,-0.1999999999999993,11,10,1
2023-10-26 12:00:00,30.5,60,10.7,18,699.0,1011.1,0.1,31.0,58,10.9,33,765.0,1006.7,0.0,-0.5,12,10,1
2023-10-26 13:00:00,30.5,61,12.4,33,723.0,1010.0,0.0,30.8,58,11.3,41,696.0,1005.6,0.1,-0.3000000000000007,13,10,1
2023-10-26 14:00:00,30.1,64,12.1,33,588.0,1009.1,0.0,30.6,59,10.8,15,579.0,1004.6,0.1,-0.5,14,10,1
2023-10-26 15:00:00,29.7,67,13.9,19,482.0,1008.6,0.1,30.4,60,12.1,15,511.0,1004.1,0.1,-0.6999999999999993,15,10,1
2023-10-26 16:00:00,29.2,70,12.6,7,308.0,1009.0,0.0,29.3,66,12.4,29,305.0,1004.6,0.0,-0.10000000000000142,16,10,1
2023-10-26 17:00:00,28.3,74,11.1,69,102.0,1009.6,0.0,28.3,72,10.2,94,105.0,1005.2,0.0,0.0,17,10,1
2023-10-26 18:00:00,28.6,75,14.5,74,2.0,1009.8,0.0,28.0,76,10.0,71,2.0,1005.5,0.0,0.6000000000000014,18,10,1
2023-10-26 19:00:00,28.3,76,13.5,92,0.0,1011.0,0.0,27.7,79,9.2,1,0.0,1006.6,0.0,0.6000000000000014,19,10,0
2023-10-26 20:00:00,28.2,77,16.4,3,0.0,1011.5,0.0,27.6,80,14.4,1,0.0,1007.0,0.0,0.5999999999999979,20,10,0
2023-10-26 21:00:00,28.1,78,18.2,1,0.0,1011.7,0.0,27.5,81,10.7,10,0.0,1007.4,0.0,0.6000000000000014,21,10,0
2023-10-26 22:00:00,27.8,80,13.3,0,0.0,1011.8,0.0,26.3,88,8.6,2,0.0,1007.6,0.0,1.5,22,10,0
2023-10-26 23:00:00,27.0,84,5.8,0,0.0,1011.6,0.0,27.2,83,5.5,0,0.0,1007.2,0.0,-0.1999999999999993,23,10,0
2023-10-27 00:00:00,26.1,89,6.6,0,0.0,1010.6,0.0,26.3,87,5.9,0,0.0,1006.2,0.0,-0.1999999999999993,0,10,0
2023-10-27 01:00:00,25.8,90,6.5,3,0.0,1009.6,0.0,25.9,89,6.3,4,0.0,1005.1,0.0,-0.09999999999999787,1,10,0
2023-10-27 02:00:00,25.5,91,6.8,24,0.0,1009.0,0.0,26.4,86,5.8,9,0.0,1004.6,0.0,-0.8999999999999986,2,10,0
2023-10-27 03:00:00,26.8,84,5.1,72,0.0,1008.9,0.0,26.4,86,3.2,12,0.0,1004.4,0.0,0.40000000000000213,3,10,0
2023-10-27 04:00:00,25.6,89,3.8,18,0.0,1008.9,0.0,24.6,94,3.3,18,0.0,1004.4,0.0,1.0,4,10,0
2023-10-27 05:00:00,24.6,95,3.8,26,0.0,1009.5,0.0,24.6,96,5.7,17,0.0,1005.1,0.0,0.0,5,10,0
2023-10-27 06:00:00,25.7,90,10.1,92,6.0,1010.2,0.3,25.4,94,6.8,50,6.0,1005.7,0.0,0.3000000000000007,6,10,1
2023-10-27 07:00:00,26.2,92,7.3,100,94.0,1011.5,0.3,26.4,84,7.9,74,120.0,1007.2,0.2,-0.1999999999999993,7,10,1
2023-10-27 08:00:00,27.6,85,6.5,47,271.0,1012.0,0.2,27.8,81,5.8,9,308.0,1007.7,0.1,-0.1999999999999993,8,10,1
2023-10-27 09:00:00,29.3,72,7.1,69,531.0,1012.3,0.4,29.6,72,7.9,24,532.0,1007.8,0.0,-0.3000000000000007,9,10,1
2023-10-27 10:00:00,29.7,67,9.8,50,567.0,1011.8,0.1,30.7,65,10.2,25,688.0,1007.2,0.1,-1.0,10,10,1
2023-10-27 11:00:00,30.1,66,9.9,40,629.0,1010.6,0.0,30.9,64,11.8,38,766.0,1006.1,0.3,-0.7999999999999972,11,10,1
2023-10-27 12:00:00,30.5,66,12.2,26,775.0,1009.5,0.0,31.2,62,13.0,25,808.0,1005.0,0.1,-0.6999999999999993,12,10,1
2023-10-27 13:00:00,30.7,65,13.8,16,731.0,1008.6,0.0,31.0,61,13.8,33,728.0,1004.2,0.1,-0.3000000000000007,13,10,1
2023-10-27 14:00:00,30.5,64,14.1,74,647.0,1007.6,0.0,30.9,61,14.4,45,651.0,1003.1,0.0,-0.3999999999999986,14,10,1
2023-10-27 15:00:00,30.3,64,14.8,54,520.0,1007.5,0.0,30.5,62,14.8,51,522.0,1003.0,0.0,-0.1999999999999993,15,10,1
2023-10-27 16:00:00,29.7,66,14.1,26,312.0,1007.8,0.0,29.7,65,13.7,100,322.0,1003.3,0.0,0.0,16,10,1
2023-10-27 17:00:00,28.9,69,10.9,22,101.0,1008.3,0.0,28.7,69,9.4,100,105.0,1003.8,0.0,0.1999999999999993,17,10,1
2023-10-27 18:00:00,27.6,81,16.3,71,1.0,1009.2,0.1,28.4,76,7.4,92,2.0,1004.5,0.0,-0.7999999999999972,18,10,1
2023-10-27 19:00:00,27.4,83,7.4,59,0.0,1010.2,0.2,27.4,80,13.4,98,0.0,1005.8,0.0,0.0,19,10,0
2023-10-27 20:00:00,27.2,85,8.9,90,0.0,1011.0,0.0,26.5,84,8.4,87,0.0,1006.5,0.0,0.6999999999999993,20,10,0
2023-10-27 21:00:00,27.4,84,8.2,60,0.0,1011.4,0.0,26.2,86,7.3,56,0.0,1006.9,0.0,1.1999999999999993,21,10,0
2023-10-27 22:00:00,26.5,86,11.2,82,0.0,1011.7,0.1,26.0,89,6.4,42,0.0,1007.0,0.0,0.5,22,10,0
2023-10-27 23:00:00,25.4,88,13.7,100,0.0,1011.4,0.2,26.0,91,7.7,53,0.0,1006.8,0.0,-0.6000000000000014,23,10,0
2023-10-28 00:00:00,25.3,83,5.1,10,0.0,1010.2,0.2,25.7,90,10.5,6,0.0,1005.9,0.0,-0.3999999999999986,0,10,0
2023-10-28 01:00:00,25.5,83,1.5,13,0.0,1009.7,0.0,24.6,93,3.4,4,0.0,1005.2,0.0,0.8999999999999986,1,10,0
2023-10-28 02:00:00,24.6,90,2.3,9,0.0,1009.3,0.0,24.2,94,5.6,7,0.0,1004.8,0.0,0.40000000000000213,2,10,0
2023-10-28 03:00:00,24.6,92,8.9,44,0.0,1009.3,0.0,24.0,95,6.6,9,0.0,1004.6,0.0,0.6000000000000014,3,10,0
2023-10-28 04:00:00,24.6,92,4.0,23,0.0,1009.1,0.1,24.2,93,8.9,11,0.0,1004.5,0.0,0.40000000000000213,4,10,0
2023-10-28 05:00:00,24.5,94,4.0,5,0.0,1009.6,0.0,24.4,92,6.3,13,0.0,1005.1,0.0,0.10000000000000142,5,10,0
2023-10-28 06:00:00,25.7,94,7.8,54,8.0,1010.4,0.0,25.3,95,7.6,36,9.0,1005.8,0.0,0.3999999999999986,6,10,1
2023-10-28 07:00:00,27.0,87,8.4,27,132.0,1011.4,0.0,26.6,90,6.8,22,130.0,1006.7,0.1,0.3999999999999986,7,10,1
2023-10-28 08:00:00,28.4,78,8.7,29,343.0,1012.3,0.1,28.7,80,9.1,20,335.0,1007.7,0.0,-0.3000000000000007,8,10,1
2023-10-28 09:00:00,29.1,74,13.5,86,494.0,1012.9,0.2,29.7,73,13.4,100,538.0,1008.4,0.1,-0.5999999999999979,9,10,1
2023-10-28 10:00:00,27.4,80,8.2,100,535.0,1013.1,3.9,27.0,81,8.7,99,519.0,1008.6,6.8,0.3999999999999986,10,10,1
2023-10-28 11:00:00,28.7,73,7.6,100,456.0,1011.4,0.0,29.0,73,9.7,98,446.0,1007.0,0.1,-0.3000000000000007,11,10,1
2023-10-28 12:00:00,29.6,71,6.9,100,694.0,1010.1,0.0,29.8,71,9.1,100,697.0,1005.8,0.3,-0.1999999999999993,12,10,1
2023-10-28 13:00:00,30.2,67,11.6,100,747.0,1008.6,0.0,30.7,65,10.1,100,749.0,1004.0,0.0,-0.5,13,10,1
2023-10-28 14:00:00,29.7,70,13.3,100,634.0,1007.8,0.1,30.3,66,13.4,100,602.0,1003.2,0.0,-0.6000000000000014,14,10,1
2023-10-28 15:00:00,29.3,70,14.1,100,479.0,1007.4,0.1,29.7,70,14.0,99,478.0,1002.9,0.0,-0.3999999999999986,15,10,1
2023-10-28 16:00:00,28.7,75,13.8,100,302.0,1007.5,0.0,28.8,75,12.7,90,299.0,1003.0,0.0,-0.10000000000000142,16,10,1
2023-10-28 17:00:00,28.0,78,14.9,99,91.0,1008.5,0.0,27.9,79,12.4,68,103.0,1004.1,0.0,0.10000000000000142,17,10,1
2023-10-28 18:00:00,28.1,80,12.6,36,1.0,1009.1,0.0,28.0,78,10.0,38,2.0,1004.6,0.0,0.10000000000000142,18,10,1
2023-10-28 19:00:00,28.1,80,11.8,44,0.0,1010.1,0.0,27.6,81,8.7,69,0.0,1005.7,0.0,0.5,19,10,0
2023-10-28 20:00:00,28.1,78,11.4,82,0.0,1011.2,0.0,27.4,82,10.2,99,0.0,1006.8,0.1,0.7000000000000028,20,10,0
2023-10-28 21:00:00,27.9,77,10.5,99,0.0,1011.6,0.1,27.1,83,8.6,100,0.0,1007.2,0.0,0.7999999999999972,21,10,0
2023-10-28 22:00:00,27.9,76,9.1,92,0.0,1011.6,0.0,27.0,83,4.5,99,0.0,1007.2,0.0,0.8999999999999986,22,10,0
2023-10-28 23:00:00,27.5,77,6.6,99,0.0,1011.1,0.0,26.3,86,4.0,99,0.0,1006.7,0.4,1.1999999999999993,23,10,0
2023-10-29 00:00:00,27.3,78,7.2,100,0.0,1010.3,0.0,26.0,89,5.6,99,0.0,1005.8,0.0,1.3000000000000007,0,10,0
2023-10-29 01:00:00,27.1,79,7.9,97,0.0,1009.3,0.0,26.5,84,4.3,99,0.0,1004.9,0.0,0.6000000000000014,1,10,0
2023-10-29 02:00:00,26.9,80,8.0,99,0.0,1009.1,0.0,25.6,89,4.0,100,0.0,1004.6,0.0,1.2999999999999972,2,10,0
2023-10-29 03:00:00,26.9,80,7.4,88,0.0,1008.7,0.0,25.0,92,7.0,97,0.0,1004.3,0.2,1.8999999999999986,3,10,0
2023-10-29 04:00:00,26.1,84,8.2,98,0.0,1009.0,0.9,24.1,93,4.3,95,0.0,1005.0,4.1,2.0,4,10,0
2023-10-29 05:00:00,24.9,93,5.1,97,0.0,1009.8,1.1,24.1,95,2.3,100,0.0,1005.2,0.3,0.7999999999999972,5,10,0
2023-10-29 06:00:00,24.8,92,8.2,98,3.0,1009.8,0.6,24.9,93,2.6,99,6.0,1005.2,0.1,-0.09999999999999787,6,10,1
2023-10-29 07:00:00,24.4,92,10.8,99,100.0,1011.4,1.1,26.3,86,5.4,97,134.0,1006.8,0.1,-1.9000000000000021,7,10,1
2023-10-29 08:00:00,26.8,85,7.1,94,263.0,1012.0,0.2,26.6,84,4.3,63,300.0,1007.6,1.0,0.1999999999999993,8,10,1
2023-10-29 09:00:00,28.6,77,11.0,46,473.0,1012.6,0.2,28.5,77,7.1,50,491.0,1008.3,0.1,0.10000000000000142,9,10,1
2023-10-29 10:00:00,29.4,69,8.4,56,593.0,1012.2,0.1,29.8,70,10.7,87,684.0,1007.8,0.2,-0.40000000000000213,10,10,1
2023-10-29 11:00:00,29.2,70,14.8,99,780.0,1011.2,0.2,30.8,64,12.1,100,708.0,1006.5,0.0,-1.6000000000000014,11,10,1
2023-10-29 12:00:00,29.8,68,13.4,100,669.0,1010.0,0.0,29.6,67,15.1,100,804.0,1005.6,0.8,0.1999999999999993,12,10,1
2023-10-29 13:00:00,29.8,68,10.9,100,686.0,1009.0,0.0,29.7,69,10.5,100,594.0,1004.6,0.7,0.10000000000000142,13,10,1
2023-10-29 14:00:00,29.7,68,13.0,100,594.0,1008.2,0.0,30.1,66,12.3,99,578.0,1003.7,0.0,-0.40000000000000213,14,10,1
2023-10-29 15:00:00,29.0,71,18.0,98,480.0,1007.9,0.2,28.6,72,15.9,99,354.0,1003.4,0.2,0.3999999999999986,15,10,1
2023-10-29 16:00:00,28.4,74,13.7,96,264.0,1008.1,0.2,28.1,77,13.0,100,252.0,1003.7,0.0,0.29999999999999716,16,10,1
2023-10-29 17:00:00,28.0,74,12.2,87,86.0,1008.8,0.0,27.4,78,11.9,100,82.0,1004.4,0.0,0.6000000000000014,17,10,1
2023-10-29 18:00:00,27.8,83,10.4,99,1.0,1009.3,0.0,26.7,84,14.0,100,1.0,1005.0,0.5,1.1000000000000014,18,10,1
2023-10-29 19:00:00,27.5,82,8.6,95,0.0,1010.2,0.6,26.6,85,6.7,67,0.0,1005.8,0.0,0.8999999999999986,19,10,0
2023-10-29 20:00:00,27.9,78,12.4,59,0.0,1010.8,0.1,26.6,86,8.1,72,0.0,1006.4,0.0,1.2999999999999972,20,10,0
2023-10-29 21:00:00,27.8,76,14.2,84,0.0,1011.1,0.1,26.6,85,9.0,61,0.0,1006.8,0.0,1.1999999999999993,21,10,0
2023-10-29 22:00:00,27.4,77,11.6,100,0.0,1011.3,0.0,25.6,89,8.2,97,0.0,1007.2,1.7,1.7999999999999972,22,10,0
2023-10-29 23:00:00,27.3,78,8.6,100,0.0,1010.6,0.1,25.1,93,3.3,100,0.0,1006.4,0.0,2.1999999999999993,23,10,0
2023-10-30 00:00:00,27.0,79,6.3,96,0.0,1010.2,0.0,24.8,93,6.9,100,0.0,1006.2,0.7,2.1999999999999993,0,10,0
2023-10-30 01:00:00,25.7,87,6.2,100,0.0,1009.3,0.1,24.7,94,2.4,73,0.0,1005.1,0.2,1.0,1,10,0
2023-10-30 02:00:00,25.3,90,3.4,52,0.0,1008.9,0.3,24.3,97,5.0,38,0.0,1004.4,0.0,1.0,2,10,0
2023-10-30 03:00:00,24.9,96,7.6,38,0.0,1008.5,0.3,23.9,98,3.7,85,0.0,1004.1,0.0,1.0,3,10,0
2023-10-30 04:00:00,24.6,98,6.6,100,0.0,1008.8,0.1,24.0,98,3.6,100,0.0,1004.3,0.1,0.6000000000000014,4,10,0
2023-10-30 05:00:00,24.3,98,8.0,100,0.0,1009.4,0.1,24.2,98,3.3,100,0.0,1005.0,0.0,0.10000000000000142,5,10,0
2023-10-30 06:00:00,24.4,94,1.8,100,6.0,1010.9,6.1,24.0,97,5.8,100,5.0,1006.6,6.2,0.3999999999999986,6,10,1
2023-10-30 07:00:00,25.5,90,4.4,100,56.0,1012.0,0.2,23.8,98,7.6,100,26.0,1007.6,1.8,1.6999999999999993,7,10,1
2023-10-30 08:00:00,25.7,88,2.9,100,164.0,1012.6,0.7,24.4,95,3.8,100,65.0,1008.2,0.3,1.3000000000000007,8,10,1
2023-10-30 09:00:00,26.3,87,4.7,100,279.0,1012.9,0.4,26.1,84,7.2,100,249.0,1008.5,0.2,0.1999999999999993,9,10,1
2023-10-30 10:00:00,27.8,80,4.3,100,474.0,1012.2,0.1,27.9,76,8.7,100,435.0,1007.8,0.1,-0.09999999999999787,10,10,1
2023-10-30 11:00:00,29.1,72,6.3,100,669.0,1011.2,0.1,29.5,72,8.8,100,591.0,1006.8,0.1,-0.3999999999999986,11,10,1
2023-10-30 12:00:00,29.7,69,9.5,100,702.0,1010.0,0.0,30.5,64,12.3,100,668.0,1005.4,0.0,-0.8000000000000007,12,10,1
2023-10-30 13:00:00,29.8,67,11.5,100,677.0,1008.6,0.0,30.0,65,14.6,100,626.0,1004.1,0.1,-0.1999999999999993,13,10,1
2023-10-30 14:00:00,30.0,63,14.5,72,627.0,1007.5,0.0,29.6,66,14.5,100,524.0,1003.0,0.0,0.3999999999999986,14,10,1
2023-10-30 15:00:00,29.4,65,15.3,82,470.0,1007.4,0.0,29.3,67,14.5,100,410.0,1002.9,0.0,0.09999999999999787,15,10,1
2023-10-30 16:00:00,29.3,63,16.4,100,294.0,1007.8,0.0,29.0,66,14.3,100,254.0,1003.3,0.0,0.3000000000000007,16,10,1
2023-10-30 17:00:00,28.7,66,12.5,100,84.0,1008.7,0.0,28.1,71,8.7,100,76.0,1004.4,0.0,0.5999999999999979,17,10,1
2023-10-30 18:00:00,26.3,93,6.0,100,0.0,1009.4,0.3,25.5,93,7.6,100,1.0,1004.9,0.1,0.8000000000000007,18,10,1
2023-10-30 19:00:00,26.2,92,6.4,98,0.0,1010.3,0.1,25.5,94,6.0,98,0.0,1006.0,0.1,0.6999999999999993,19,10,0
2023-10-30 20:00:00,25.9,93,7.9,93,0.0,1011.4,0.0,25.4,94,5.9,82,0.0,1007.0,0.0,0.5,20,10,0
2023-10-30 21:00:00,25.7,94,6.4,98,0.0,1011.8,0.0,25.2,95,4.8,99,0.0,1007.4,0.0,0.5,21,10,0
2023-10-30 22:00:00,25.4,95,3.6,99,0.0,1011.8,0.0,24.9,96,4.2,100,0.0,1007.4,0.0,0.5,22,10,0
2023-10-30 23:00:00,25.2,96,6.0,100,0.0,1011.5,0.0,24.9,96,5.0,100,0.0,1007.1,0.0,0.3000000000000007,23,10,0
2023-10-31 00:00:00,25.2,94,6.8,100,0.0,1010.7,0.0,24.6,96,5.6,100,0.0,1006.3,0.0,0.5999999999999979,0,10,0
2023-10-31 01:00:00,26.1,85,6.4,44,0.0,1009.8,0.0,24.6,95,5.0,91,0.0,1005.4,0.0,1.5,1,10,0
2023-10-31 02:00:00,26.1,83,5.9,51,0.0,1009.2,0.0,24.5,96,3.8,57,0.0,1004.9,0.0,1.6000000000000014,2,10,0
2023-10-31 03:00:00,26.0,83,6.6,87,0.0,1008.8,0.0,24.4,96,3.6,70,0.0,1004.3,0.0,1.6000000000000014,3,10,0
2023-10-31 04:00:00,25.9,85,5.6,96,0.0,1008.8,0.0,24.4,96,6.5,99,0.0,1004.5,0.0,1.5,4,10,0
2023-10-31 05:00:00,25.1,88,6.0,86,0.0,1009.3,0.0,24.2,96,7.2,86,0.0,1004.9,0.0,0.9000000000000021,5,10,0
2023-10-31 06:00:00,25.2,94,10.7,93,7.0,1010.6,0.4,24.6,93,8.1,100,8.0,1006.3,1.0,0.5999999999999979,6,10,1
2023-10-31 07:00:00,26.5,83,10.1,81,115.0,1011.5,0.8,25.3,93,5.1,99,55.0,1007.0,0.9,1.1999999999999993,7,10,1
2023-10-31 08:00:00,28.1,82,9.5,92,232.0,1012.2,0.1,26.9,88,7.3,93,195.0,1007.8,0.0,1.2000000000000028,8,10,1
2023-10-31 09:00:00,30.2,66,17.1,100,497.0,1012.3,0.1,29.0,76,9.8,100,425.0,1008.1,0.1,1.1999999999999993,9,10,1
2023-10-31 10:00:00,30.7,62,18.9,100,613.0,1011.8,0.0,30.4,68,15.3,98,581.0,1007.5,0.2,0.3000000000000007,10,10,1
2023-10-31 11:00:00,31.0,61,18.1,100,784.0,1011.0,0.0,31.3,61,16.9,100,769.0,1006.4,0.1,-0.3000000000000007,11,10,1
2023-10-31 12:00:00,30.9,61,19.8,100,816.0,1009.8,0.0,31.6,58,18.9,100,802.0,1005.2,0.0,-0.7000000000000028,12,10,1
2023-10-31 13:00:00,30.6,62,20.0,100,722.0,1008.8,0.0,31.3,59,18.3,100,754.0,1004.2,0.0,-0.6999999999999993,13,10,1
2023-10-31 14:00:00,30.2,64,20.4,100,615.0,1008.1,0.0,30.8,60,19.0,100,656.0,1003.5,0.0,-0.6000000000000014,14,10,1
2023-10-31 15:00:00,29.7,64,20.7,100,439.0,1008.0,0.1,29.9,64,19.0,100,448.0,1003.4,0.0,-0.1999999999999993,15,10,1
2023-10-31 16:00:00,29.1,69,19.4,100,258.0,1008.3,0.0,29.1,68,17.3,100,249.0,1003.9,0.0,0.0,16,10,1
2023-10-31 17:00:00,28.5,72,16.5,100,78.0,1009.1,0.0,28.3,71,13.1,100,77.0,1004.7,0.0,0.1999999999999993,17,10,1
2023-10-31 18:00:00,27.4,81,15.8,100,1.0,1009.8,0.0,27.4,81,12.7,100,1.0,1005.3,0.0,0.0,18,10,1
2023-10-31 19:00:00,27.2,83,13.8,100,0.0,1010.8,0.0,27.2,81,11.3,100,0.0,1006.2,0.0,0.0,19,10,0
2023-10-31 20:00:00,27.6,78,11.7,99,0.0,1011.9,0.0,26.7,84,9.2,100,0.0,1007.6,0.0,0.9000000000000021,20,10,0
2023-10-31 21:00:00,27.9,75,13.2,99,0.0,1012.0,0.0,26.5,85,6.5,100,0.0,1007.6,0.0,1.3999999999999986,21,10,0
2023-10-31 22:00:00,28.0,74,13.3,64,0.0,1011.6,0.0,26.4,84,6.2,34,0.0,1007.2,0.0,1.6000000000000014,22,10,0
2023-10-31 23:00:00,27.7,75,13.3,16,0.0,1011.2,0.0,26.2,84,5.8,99,0.0,1006.7,0.1,1.5,23,10,0
2023-11-01 00:00:00,27.5,76,11.8,99,0.0,1010.7,0.0,26.0,84,5.4,99,0.0,1006.2,0.0,1.5,0,11,0
2023-11-01 01:00:00,27.3,77,11.2,97,0.0,1010.1,0.0,25.8,85,5.2,14,0.0,1005.6,0.0,1.5,1,11,0
2023-11-01 02:00:00,26.9,79,8.5,33,0.0,1009.5,0.0,25.0,90,7.3,52,0.0,1005.1,0.0,1.8999999999999986,2,11,0
2023-11-01 03:00:00,26.7,80,9.7,79,0.0,1009.4,0.0,25.0,90,5.0,93,0.0,1005.0,0.1,1.6999999999999993,3,11,0
2023-11-01 04:00:00,26.4,82,6.7,93,0.0,1009.3,0.0,25.2,89,5.7,98,0.0,1005.0,0.1,1.1999999999999993,4,11,0
2023-11-01 05:00:00,26.3,82,5.8,99,0.0,1010.2,0.0,25.5,87,4.7,95,0.0,1005.9,0.1,0.8000000000000007,5,11,0
2023-11-01 06:00:00,27.4,82,10.0,100,7.0,1011.1,0.1,25.3,94,6.4,100,3.0,1006.7,0.9,2.099999999999998,6,11,1
2023-11-01 07:00:00,27.9,78,12.2,100,101.0,1011.6,0.2,25.7,90,1.8,100,92.0,1007.5,0.8,2.1999999999999993,7,11,1
2023-11-01 08:00:00,28.9,74,11.4,100,323.0,1012.4,0.1,27.4,81,10.2,99,275.0,1007.9,0.2,1.5,8,11,1
2023-11-01 09:00:00,29.7,70,17.9,100,490.0,1012.4,0.2,29.6,70,14.3,99,536.0,1008.0,0.2,0.09999999999999787,9,11,1
2023-11-01 10:00:00,29.9,70,17.8,99,699.0,1011.9,0.3,29.9,69,16.7,100,592.0,1007.4,0.4,0.0,10,11,1
2023-11-01 11:00:00,30.4,69,15.8,100,764.0,1010.7,0.3,30.7,68,15.4,100,722.0,1006.2,0.2,-0.3000000000000007,11,11,1
2023-11-01 12:00:00,28.4,78,21.8,100,773.0,1010.0,3.4,30.5,65,16.8,100,786.0,1005.2,0.3,-2.1000000000000014,12,11,1
2023-11-01 13:00:00,29.2,75,18.9,99,610.0,1009.1,1.3,28.7,76,16.8,100,521.0,1004.8,0.9,0.5,13,11,1
2023-11-01 14:00:00,28.6,75,18.3,100,542.0,1008.4,0.5,28.8,77,15.5,100,459.0,1003.8,0.3,-0.1999999999999993,14,11,1
2023-11-01 15:00:00,28.0,79,16.1,99,354.0,1008.4,1.0,28.1,76,16.8,99,401.0,1003.8,0.6,-0.10000000000000142,15,11,1
2023-11-01 16:00:00,26.2,85,16.6,99,243.0,1009.1,3.5,26.6,82,17.8,100,211.0,1004.5,0.7,-0.40000000000000213,16,11,1
2023-11-01 17:00:00,26.2,88,11.6,100,53.0,1009.6,0.1,26.0,88,7.6,100,60.0,1004.8,0.4,0.1999999999999993,17,11,1
2023-11-01 18:00:00,26.1,87,13.8,100,1.0,1010.3,0.0,25.9,87,11.5,100,1.0,1005.9,0.0,0.20000000000000284,18,11,1
2023-11-01 19:00:00,26.4,87,12.9,100,0.0,1011.2,0.0,25.8,87,8.8,100,0.0,1006.8,0.0,0.5999999999999979,19,11,0
2023-11-01 20:00:00,26.5,87,10.2,100,0.0,1011.8,0.0,26.0,87,8.4,100,0.0,1007.3,0.0,0.5,20,11,0
2023-11-01 21:00:00,26.6,86,10.5,100,0.0,1011.9,0.0,25.8,89,7.2,100,0.0,1007.4,0.0,0.8000000000000007,21,11,0
2023-11-01 22:00:00,25.2,93,9.7,100,0.0,1012.1,2.1,25.0,94,9.9,100,0.0,1007.4,1.0,0.1999999999999993,22,11,0
2023-11-01 23:00:00,25.3,94,9.2,97,0.0,1011.1,0.3,25.0,94,5.6,100,0.0,1006.8,0.2,0.3000000000000007,23,11,0
2023-11-02 00:00:00,25.5,92,6.1,100,0.0,1010.3,0.1,24.5,97,4.2,100,0.0,1005.9,0.0,1.0,0,11,0
2023-11-02 01:00:00,25.3,92,9.7,100,0.0,1009.8,1.0,24.5,97,3.6,100,0.0,1005.3,0.0,0.8000000000000007,1,11,0
2023-11-02 02:00:00,25.5,92,6.0,100,0.0,1008.9,0.2,24.8,96,3.1,100,0.0,1004.4,0.4,0.6999999999999993,2,11,0
2023-11-02 03:00:00,25.3,94,4.1,100,0.0,1008.7,0.1,24.6,97,1.6,100,0.0,1004.3,0.0,0.6999999999999993,3,11,0
2023-11-02 04:00:00,25.2,94,4.0,100,0.0,1008.8,0.6,24.5,98,4.8,100,0.0,1004.3,0.0,0.6999999999999993,4,11,0
2023-11-02 05:00:00,25.1,95,2.7,100,0.0,1009.5,0.1,24.5,98,4.9,100,0.0,1005.1,0.0,0.6000000000000014,5,11,0
2023-11-02 06:00:00,24.2,96,8.3,100,2.0,1010.8,0.3,24.0,96,7.6,100,5.0,1006.2,0.3,0.1999999999999993,6,11,1
2023-11-02 07:00:00,25.2,91,8.1,100,61.0,1011.5,0.2,25.1,91,9.7,100,108.0,1007.0,0.1,0.09999999999999787,7,11,1
2023-11-02 08:00:00,26.5,86,11.6,100,220.0,1012.3,0.2,26.7,84,13.3,100,221.0,1007.7,0.1,-0.1999999999999993,8,11,1
2023-11-02 09:00:00,27.6,82,9.7,100,327.0,1012.1,0.2,27.2,81,11.8,100,237.0,1007.6,0.1,0.40000000000000213,9,11,1
2023-11-02 10:00:00,28.4,77,12.6,100,427.0,1011.6,0.1,28.7,74,11.8,100,412.0,1007.2,0.1,-0.3000000000000007,10,11,1
2023-11-02 11:00:00,29.0,74,12.2,100,532.0,1010.4,0.1,29.4,73,10.7,100,596.0,1005.9,0.1,-0.3999999999999986,11,11,1
2023-11-02 12:00:00,29.2,75,13.0,100,663.0,1009.6,0.2,30.2,70,12.2,100,712.0,1005.0,0.0,-1.0,12,11,1
2023-11-02 13:00:00,29.1,74,12.5,100,552.0,1008.7,0.0,30.1,69,13.0,99,574.0,1004.0,0.1,-1.0,13,11,1
2023-11-02 14:00:00,29.1,74,15.8,86,532.0,1007.7,0.1,29.3,73,14.2,93,548.0,1003.2,0.8,-0.1999999999999993,14,11,1
2023-11-02 15:00:00,28.9,74,15.5,93,432.0,1007.4,0.0,28.8,76,14.5,78,454.0,1002.9,0.3,0.09999999999999787,15,11,1
2023-11-02 16:00:00,28.3,76,14.3,51,282.0,1007.8,0.0,28.6,75,14.9,44,274.0,1003.3,0.0,-0.3000000000000007,16,11,1
2023-11-02 17:00:00,27.6,79,12.4,61,84.0,1008.2,0.0,27.5,80,11.2,100,88.0,1003.7,0.0,0.10000000000000142,17,11,1
2023-11-02 18:00:00,26.5,86,13.2,92,1.0,1008.8,1.2,26.9,81,13.8,58,1.0,1004.3,0.3,-0.3999999999999986,18,11,1
2023-11-02 19:00:00,25.8,90,12.8,100,0.0,1009.9,2.7,25.9,89,12.2,50,0.0,1005.1,0.1,-0.09999999999999787,19,11,0
2023-11-02 20:00:00,25.9,90,10.2,87,0.0,1010.3,0.1,25.5,91,9.1,96,0.0,1006.1,0.0,0.3999999999999986,20,11,0
2023-11-02 21:00:00,26.2,90,7.7,100,0.0,1010.6,0.0,25.3,93,3.2,100,0.0,1006.5,0.1,0.8999999999999986,21,11,0
2023-11-02 22:00:00,24.6,95,9.4,100,0.0,1010.8,3.1,25.2,94,7.1,100,0.0,1005.9,0.1,-0.5999999999999979,22,11,0
2023-11-02 23:00:00,25.2,93,5.5,100,0.0,1010.1,0.1,24.8,95,4.1,100,0.0,1005.8,0.0,0.3999999999999986,23,11,0
2023-11-03 00:00:00,24.9,95,6.2,100,0.0,1009.4,0.1,24.3,96,8.0,100,0.0,1004.7,0.0,0.5999999999999979,0,11,0
2023-11-03 01:00:00,24.9,96,5.8,100,0.0,1008.8,0.1,24.0,96,8.0,100,0.0,1004.5,0.0,0.8999999999999986,1,11,0
2023-11-03 02:00:00,24.8,94,7.6,100,0.0,1008.1,0.1,24.0,96,7.7,100,0.0,1003.5,0.1,0.8000000000000007,2,11,0
2023-11-03 03:00:00,24.5,96,4.0,100,0.0,1007.9,0.8,24.0,95,5.4,100,0.0,1003.6,0.4,0.5,3,11,0
2023-11-03 04:00:00,24.5,96,7.1,100,0.0,1007.9,0.1,24.1,96,8.7,100,0.0,1003.4,0.1,0.3999999999999986,4,11,0
2023-11-03 05:00:00,24.6,96,6.3,100,0.0,1008.4,0.2,24.0,97,8.5,100,0.0,1004.0,0.0,0.6000000000000014,5,11,0
2023-11-03 06:00:00,25.5,93,6.9,100,5.0,1009.1,1.1,25.1,93,3.9,100,5.0,1004.7,0.5,0.3999999999999986,6,11,1
2023-11-03 07:00:00,24.3,96,12.0,100,95.0,1010.8,6.4,25.9,90,10.7,100,76.0,1005.7,0.1,-1.5999999999999979,7,11,1
2023-11-03 08:00:00,25.5,89,9.0,100,182.0,1010.7,0.4,25.8,89,10.5,100,183.0,1006.0,0.9,-0.3000000000000007,8,11,1
2023-11-03 09:00:00,27.5,80,11.3,100,466.0,1010.8,0.0,27.4,80,12.7,100,369.0,1006.5,0.0,0.10000000000000142,9,11,1
2023-11-03 10:00:00,28.0,78,14.3,100,539.0,1010.2,0.0,28.5,75,11.5,100,395.0,1005.5,0.1,-0.5,10,11,1
2023-11-03 11:00:00,28.7,74,13.9,100,650.0,1009.2,0.0,29.4,73,13.5,100,664.0,1004.8,0.2,-0.6999999999999993,11,11,1
2023-11-03 12:00:00,29.1,74,13.0,100,748.0,1008.1,0.0,29.8,71,13.8,100,676.0,1003.6,0.1,-0.6999999999999993,12,11,1
2023-11-03 13:00:00,28.4,77,16.3,100,609.0,1007.2,0.3,28.5,74,15.7,100,506.0,1002.6,1.0,-0.10000000000000142,13,11,1
2023-11-03 14:00:00,28.2,79,16.5,100,479.0,1006.3,0.1,28.3,78,16.2,100,518.0,1001.7,0.1,-0.10000000000000142,14,11,1
2023-11-03 15:00:00,28.2,78,15.7,100,375.0,1005.8,0.0,28.4,77,15.0,100,381.0,1001.3,0.1,-0.1999999999999993,15,11,1
2023-11-03 16:00:00,28.0,78,14.5,100,233.0,1006.2,0.0,28.0,77,13.3,100,247.0,1001.8,0.2,0.0,16,11,1
2023-11-03 17:00:00,27.4,80,12.5,100,70.0,1006.6,0.0,27.5,78,10.7,100,78.0,1002.2,0.0,-0.10000000000000142,17,11,1
2023-11-03 18:00:00,27.3,80,10.0,99,1.0,1007.4,0.0,27.1,81,7.3,100,1.0,1003.0,0.0,0.1999999999999993,18,11,1
2023-11-03 19:00:00,26.7,84,11.0,100,0.0,1008.4,0.1,26.6,83,7.3,100,0.0,1003.9,0.0,0.09999999999999787,19,11,0
2023-11-03 20:00:00,25.6,91,9.9,100,0.0,1009.4,3.3,25.9,87,8.9,100,0.0,1004.8,0.5,-0.29999999999999716,20,11,0
2023-11-03 21:00:00,25.5,94,6.2,100,0.0,1009.6,0.2,25.1,94,6.1,100,0.0,1005.1,1.7,0.3999999999999986,21,11,0
2023-11-03 22:00:00,25.2,94,7.8,100,0.0,1009.8,0.4,25.1,92,7.6,100,0.0,1005.6,0.4,0.09999999999999787,22,11,0
2023-11-03 23:00:00,25.1,93,3.9,100,0.0,1009.5,0.5,25.0,93,3.9,100,0.0,1004.7,1.0,0.10000000000000142,23,11,0
2023-11-04 00:00:00,25.2,94,4.1,100,0.0,1008.7,0.2,24.9,94,1.8,100,0.0,1004.4,0.1,0.3000000000000007,0,11,0
2023-11-04 01:00:00,25.0,94,4.8,100,0.0,1008.3,0.3,24.4,95,2.7,100,0.0,1003.9,1.2,0.6000000000000014,1,11,0
2023-11-04 02:00:00,25.1,95,1.1,100,0.0,1007.9,0.5,24.4,96,5.0,100,0.0,1003.3,0.1,0.7000000000000028,2,11,0
2023-11-04 03:00:00,24.9,96,2.2,100,0.0,1007.4,0.1,24.1,97,5.5,100,0.0,1003.1,0.0,0.7999999999999972,3,11,0
2023-11-04 04:00:00,24.7,96,3.7,100,0.0,1007.3,0.1,24.1,97,4.7,100,0.0,1002.9,0.1,0.5999999999999979,4,11,0
2023-11-04 05:00:00,24.8,91,3.2,100,0.0,1008.0,0.8,24.0,98,3.3,100,0.0,1003.6,0.0,0.8000000000000007,5,11,0
2023-11-04 06:00:00,25.0,91,2.3,100,4.0,1008.6,1.2,23.9,97,1.6,100,5.0,1004.1,2.3,1.1000000000000014,6,11,1
2023-11-04 07:00:00,25.1,93,4.0,100,65.0,1009.6,0.8,24.7,93,6.5,100,71.0,1005.2,0.5,0.40000000000000213,7,11,1
2023-11-04 08:00:00,25.6,88,8.2,100,131.0,1010.2,0.2,25.6,89,5.7,100,166.0,1005.6,0.2,0.0,8,11,1
2023-11-04 09:00:00,26.2,87,7.8,100,244.0,1010.3,0.2,26.5,86,8.2,100,307.0,1005.7,0.2,-0.3000000000000007,9,11,1
2023-11-04 10:00:00,27.5,81,6.3,100,407.0,1010.3,0.3,27.8,80,9.7,100,498.0,1006.0,0.3,-0.3000000000000007,10,11,1
2023-11-04 11:00:00,26.4,86,10.1,100,345.0,1009.2,3.9,27.1,81,9.3,100,357.0,1004.6,2.5,-0.7000000000000028,11,11,1
2023-11-04 12:00:00,27.5,80,12.3,100,551.0,1008.5,0.2,27.7,78,12.2,100,507.0,1004.0,1.6,-0.1999999999999993,12,11,1
2023-11-04 13:00:00,27.7,79,13.8,100,569.0,1007.7,0.1,28.2,78,13.7,100,597.0,1003.1,0.7,-0.5,13,11,1
2023-11-04 14:00:00,26.6,82,14.5,100,290.0,1007.3,4.0,26.9,83,12.0,100,352.0,1002.7,6.8,-0.29999999999999716,14,11,1
2023-11-04 15:00:00,26.6,83,10.9,100,159.0,1007.1,0.3,26.3,85,11.4,100,186.0,1002.9,1.2,0.3000000000000007,15,11,1
2023-11-04 16:00:00,26.2,83,11.7,100,131.0,1007.8,0.3,26.1,86,9.4,100,74.0,1003.2,0.1,0.09999999999999787,16,11,1
2023-11-04 17:00:00,25.9,88,8.8,100,38.0,1008.1,0.3,25.6,88,8.6,100,39.0,1003.6,0.1,0.29999999999999716,17,11,1
2023-11-04 18:00:00,25.9,90,7.2,100,0.0,1008.3,2.4,24.9,95,6.0,100,0.0,1004.0,1.8,1.0,18,11,1
2023-11-04 19:00:00,25.2,94,4.1,100,0.0,1009.5,5.4,24.7,95,4.7,100,0.0,1005.1,3.4,0.5,19,11,0
2023-11-04 20:00:00,25.2,92,6.2,100,0.0,1010.7,3.2,24.5,96,7.6,100,0.0,1005.9,3.3,0.6999999999999993,20,11,0
2023-11-04 21:00:00,25.0,94,4.8,100,0.0,1011.0,5.1,24.2,96,8.4,100,0.0,1006.5,4.6,0.8000000000000007,21,11,0
2023-11-04 22:00:00,25.1,93,6.3,100,0.0,1010.5,3.8,24.2,97,5.7,100,0.0,1006.1,1.4,0.9000000000000021,22,11,0
2023-11-04 23:00:00,25.3,93,3.8,100,0.0,1010.0,0.9,24.4,97,0.4,100,0.0,1005.7,0.2,0.9000000000000021,23,11,0
2023-11-05 00:00:00,25.1,95,3.0,100,0.0,1009.7,0.3,24.4,98,1.8,100,0.0,1005.3,0.1,0.7000000000000028,0,11,0
2023-11-05 01:00:00,25.2,94,6.6,100,0.0,1009.1,0.1,24.3,97,5.0,100,0.0,1004.8,0.1,0.8999999999999986,1,11,0
2023-11-05 02:00:00,24.8,96,5.7,100,0.0,1008.6,0.1,24.2,97,4.0,100,0.0,1004.1,0.1,0.6000000000000014,2,11,0
2023-11-05 03:00:00,24.6,97,5.9,100,0.0,1008.2,0.0,24.0,98,6.3,100,0.0,1003.6,0.1,0.6000000000000014,3,11,0
2023-11-05 04:00:00,24.4,98,6.1,100,0.0,1008.4,0.0,23.9,98,5.1,100,0.0,1003.9,0.0,0.5,4,11,0
2023-11-05 05:00:00,24.4,97,4.7,100,0.0,1009.1,0.1,24.0,98,5.2,100,0.0,1004.7,0.0,0.3999999999999986,5,11,0
2023-11-05 06:00:00,24.7,96,3.8,100,3.0,1010.2,1.6,24.8,95,3.8,100,3.0,1005.5,0.1,-0.10000000000000142,6,11,1
2023-11-05 07:00:00,25.0,96,7.2,100,63.0,1011.1,0.2,25.4,93,3.4,100,62.0,1006.3,0.0,-0.3999999999999986,7,11,1
2023-11-05 08:00:00,25.7,91,7.6,100,176.0,1011.5,0.4,26.6,86,4.7,100,214.0,1006.9,0.1,-0.9000000000000021,8,11,1
2023-11-05 09:00:00,26.6,87,9.5,100,360.0,1011.7,0.1,27.7,82,4.7,100,339.0,1007.1,0.2,-1.0999999999999979,9,11,1
2023-11-05 10:00:00,27.8,83,7.5,100,563.0,1011.0,0.2,29.2,76,3.8,100,575.0,1006.4,0.3,-1.3999999999999986,10,11,1
2023-11-05 11:00:00,28.8,79,7.3,100,746.0,1010.3,0.2,27.7,77,8.7,100,406.0,1006.0,6.4,1.1000000000000014,11,11,1
2023-11-05 12:00:00,28.4,79,10.4,100,658.0,1009.7,0.5,26.0,86,6.4,100,180.0,1005.3,2.3,2.3999999999999986,12,11,1
2023-11-05 13:00:00,26.6,84,11.1,100,193.0,1008.9,6.5,26.1,86,9.6,100,208.0,1004.4,0.9,0.5,13,11,1
2023-11-05 14:00:00,26.4,85,9.8,100,124.0,1008.2,0.7,26.8,84,10.8,100,373.0,1003.9,0.3,-0.40000000000000213,14,11,1
2023-11-05 15:00:00,26.5,85,10.9,100,175.0,1008.1,0.0,27.2,81,10.3,100,253.0,1003.7,0.1,-0.6999999999999993,15,11,1
2023-11-05 16:00:00,26.6,84,9.3,100,144.0,1008.4,0.0,27.2,80,9.7,100,165.0,1003.9,0.0,-0.5999999999999979,16,11,1
2023-11-05 17:00:00,26.6,85,6.7,100,58.0,1009.2,0.0,26.8,82,6.6,100,55.0,1004.8,0.0,-0.1999999999999993,17,11,1
2023-11-05 18:00:00,26.0,92,9.9,100,0.0,1009.7,1.0,25.5,90,6.2,100,1.0,1005.2,3.8,0.5,18,11,1
2023-11-05 19:00:00,24.9,95,7.2,100,0.0,1011.1,5.3,24.6,94,1.5,100,0.0,1006.9,9.0,0.29999999999999716,19,11,0
2023-11-05 20:00:00,24.8,95,7.5,100,0.0,1011.8,0.4,24.6,96,3.4,100,0.0,1007.3,1.0,0.1999999999999993,20,11,0
2023-11-05 21:00:00,24.9,95,4.8,100,0.0,1012.1,0.4,24.5,96,1.1,100,0.0,1007.6,1.4,0.3999999999999986,21,11,0
2023-11-05 22:00:00,24.3,97,8.2,100,0.0,1012.5,1.9,24.5,97,3.3,100,0.0,1007.8,2.2,-0.1999999999999993,22,11,0
2023-11-05 23:00:00,23.9,98,8.3,100,0.0,1012.0,2.2,23.9,98,5.6,100,0.0,1007.7,2.7,0.0,23,11,0
2023-11-06 00:00:00,23.9,98,8.0,100,0.0,1011.5,1.8,23.9,98,7.4,100,0.0,1007.0,1.5,0.0,0,11,0
2023-11-06 01:00:00,24.0,98,5.4,93,0.0,1010.3,0.8,23.8,98,5.1,100,0.0,1005.8,0.7,0.1999999999999993,1,11,0
2023-11-06 02:00:00,24.0,97,7.0,100,0.0,1010.2,0.1,23.7,98,6.3,100,0.0,1005.6,0.3,0.3000000000000007,2,11,0
2023-11-06 03:00:00,24.0,96,5.6,100,0.0,1009.9,0.0,23.4,99,4.3,100,0.0,1005.5,0.0,0.6000000000000014,3,11,0
2023-11-06 04:00:00,23.9,97,6.8,93,0.0,1010.3,0.0,23.4,99,5.7,100,0.0,1006.0,0.0,0.5,4,11,0
2023-11-06 05:00:00,23.8,97,4.5,96,0.0,1010.6,0.0,23.1,99,3.6,100,0.0,1006.0,0.0,0.6999999999999993,5,11,0
2023-11-06 06:00:00,25.1,97,6.0,100,6.0,1011.3,0.0,24.8,96,5.5,100,6.0,1006.6,0.0,0.3000000000000007,6,11,1
2023-11-06 07:00:00,25.7,91,5.2,100,58.0,1012.5,0.6,26.0,92,6.5,100,125.0,1008.0,0.0,-0.3000000000000007,7,11,1
2023-11-06 08:00:00,26.5,89,5.7,100,209.0,1012.8,0.1,27.4,87,3.7,100,333.0,1008.1,0.1,-0.8999999999999986,8,11,1
2023-11-06 09:00:00,27.4,86,8.7,100,399.0,1013.2,0.3,28.6,81,10.8,100,481.0,1008.6,0.2,-1.2000000000000028,9,11,1
2023-11-06 10:00:00,28.3,80,9.5,100,529.0,1012.6,0.2,29.1,76,6.2,100,533.0,1008.0,1.7,-0.8000000000000007,10,11,1
2023-11-06 11:00:00,28.8,77,8.9,100,656.0,1011.5,0.2,29.8,72,6.9,100,640.0,1007.0,0.1,-1.0,11,11,1
2023-11-06 12:00:00,29.1,76,9.6,100,638.0,1010.4,0.2,30.3,69,6.9,100,666.0,1005.8,0.2,-1.1999999999999993,12,11,1
2023-11-06 13:00:00,28.0,80,10.4,100,478.0,1009.5,0.2,28.7,73,10.8,100,524.0,1004.9,4.5,-0.6999999999999993,13,11,1
2023-11-06 14:00:00,28.4,78,10.3,100,336.0,1008.6,0.1,27.4,81,8.6,100,191.0,1004.0,4.3,1.0,14,11,1
2023-11-06 15:00:00,28.0,80,14.4,100,316.0,1008.2,0.1,28.1,78,10.8,100,248.0,1003.7,0.0,-0.10000000000000142,15,11,1
2023-11-06 16:00:00,27.7,80,15.5,100,208.0,1009.0,0.0,27.8,78,13.0,100,176.0,1004.6,0.0,-0.10000000000000142,16,11,1
2023-11-06 17:00:00,27.3,81,11.3,100,59.0,1009.6,0.0,27.1,82,9.2,100,49.0,1005.1,0.0,0.1999999999999993,17,11,1
2023-11-06 18:00:00,26.4,88,13.0,100,1.0,1010.3,0.1,26.2,89,7.6,100,1.0,1006.0,0.0,0.1999999999999993,18,11,1
2023-11-06 19:00:00,25.6,91,12.9,100,0.0,1011.6,2.0,25.8,92,3.8,100,0.0,1006.8,0.0,-0.1999999999999993,19,11,0
2023-11-06 20:00:00,25.4,93,6.1,100,0.0,1012.2,3.0,25.1,94,9.1,100,0.0,1007.9,7.0,0.29999999999999716,20,11,0
2023-11-06 21:00:00,25.1,94,3.8,100,0.0,1012.7,4.8,25.0,95,4.7,100,0.0,1008.2,2.7,0.10000000000000142,21,11,0
2023-11-06 22:00:00,25.0,96,5.5,100,0.0,1012.5,0.2,24.2,98,7.4,100,0.0,1007.9,2.4,0.8000000000000007,22,11,0
2023-11-06 23:00:00,25.0,96,1.4,100,0.0,1012.2,0.1,24.1,97,5.6,100,0.0,1007.8,0.5,0.8999999999999986,23,11,0
2023-11-07 00:00:00,24.7,96,6.5,100,0.0,1011.9,2.6,24.1,97,6.9,100,0.0,1007.6,0.1,0.5999999999999979,0,11,0
2023-11-07 01:00:00,24.4,98,7.1,100,0.0,1011.2,0.1,23.7,98,9.0,100,0.0,1006.9,0.4,0.6999999999999993,1,11,0
2023-11-07 02:00:00,24.2,97,8.9,100,0.0,1010.6,0.1,23.8,96,7.8,100,0.0,1006.2,0.1,0.3999999999999986,2,11,0
2023-11-07 03:00:00,24.2,96,6.9,100,0.0,1010.5,0.0,24.0,96,4.8,100,0.0,1005.9,0.0,0.1999999999999993,3,11,0
2023-11-07 04:00:00,24.3,96,7.0,100,0.0,1010.2,0.0,24.1,96,4.6,100,0.0,1005.9,0.0,0.1999999999999993,4,11,0
2023-11-07 05:00:00,24.2,97,6.4,100,0.0,1011.2,0.0,24.2,96,6.4,100,0.0,1006.6,0.0,0.0,5,11,0
2023-11-07 06:00:00,24.7,94,8.6,100,3.0,1011.4,0.1,24.1,94,5.8,100,4.0,1007.1,0.1,0.5999999999999979,6,11,1
2023-11-07 07:00:00,25.6,90,10.2,94,89.0,1012.2,0.0,24.9,91,10.3,100,93.0,1007.7,0.0,0.7000000000000028,7,11,1
2023-11-07 08:00:00,26.9,84,12.0,88,291.0,1012.8,0.1,26.6,84,8.3,93,249.0,1008.4,0.0,0.29999999999999716,8,11,1
2023-11-07 09:00:00,27.8,81,13.2,100,493.0,1013.6,0.1,28.3,78,11.4,100,454.0,1009.1,0.1,-0.5,9,11,1
2023-11-07 10:00:00,27.6,81,12.2,93,459.0,1012.9,1.1,25.9,89,14.2,93,431.0,1008.7,3.6,1.7000000000000028,10,11,1
2023-11-07 11:00:00,28.1,78,14.2,82,575.0,1012.1,0.2,27.6,79,12.8,71,444.0,1007.5,0.5,0.5,11,11,1
2023-11-07 12:00:00,28.5,76,15.2,79,608.0,1010.6,0.5,28.9,74,14.0,55,685.0,1006.1,0.1,-0.3999999999999986,12,11,1
2023-11-07 13:00:00,28.9,74,15.7,34,690.0,1009.4,0.4,29.1,72,14.9,67,676.0,1004.9,0.2,-0.20000000000000284,13,11,1
2023-11-07 14:00:00,28.5,77,16.6,80,620.0,1008.6,0.1,29.1,72,14.2,100,571.0,1004.1,0.1,-0.6000000000000014,14,11,1
2023-11-07 15:00:00,28.3,77,15.6,92,394.0,1008.7,0.1,28.1,75,14.3,97,408.0,1004.2,0.9,0.1999999999999993,15,11,1
2023-11-07 16:00:00,28.0,74,14.6,92,234.0,1009.1,0.2,27.4,79,13.6,100,206.0,1004.7,0.1,0.6000000000000014,16,11,1
2023-11-07 17:00:00,26.6,86,8.3,100,63.0,1009.8,0.4,26.9,83,7.3,100,53.0,1005.4,0.1,-0.29999999999999716,17,11,1
2023-11-07 18:00:00,25.8,93,4.3,100,0.0,1009.6,0.2,25.2,94,6.5,100,0.0,1005.0,2.5,0.6000000000000014,18,11,1
2023-11-07 19:00:00,26.0,93,5.5,100,0.0,1011.3,0.4,25.2,94,1.8,100,0.0,1007.2,2.7,0.8000000000000007,19,11,0
2023-11-07 20:00:00,25.6,93,10.5,100,0.0,1012.2,1.1,24.5,97,4.3,100,0.0,1007.7,9.7,1.1000000000000014,20,11,0
2023-11-07 21:00:00,25.6,93,6.1,100,0.0,1011.7,0.6,25.0,95,1.0,100,0.0,1007.5,0.8,0.6000000000000014,21,11,0
2023-11-07 22:00:00,25.1,95,1.8,100,0.0,1011.7,2.6,24.7,98,3.7,100,0.0,1007.3,0.8,0.40000000000000213,22,11,0
2023-11-07 23:00:00,24.7,96,4.0,100,0.0,1012.0,2.8,24.6,98,5.3,100,0.0,1007.1,0.4,0.09999999999999787,23,11,0
2023-11-08 00:00:00,24.8,94,1.6,100,0.0,1011.6,2.5,24.5,97,6.6,100,0.0,1007.3,0.9,0.3000000000000007,0,11,0
2023-11-08 01:00:00,24.5,96,5.4,100,0.0,1010.9,0.4,24.5,97,4.1,100,0.0,1006.4,1.2,0.0,1,11,0
2023-11-08 02:00:00,24.6,96,2.4,100,0.0,1010.0,0.2,24.0,97,5.8,100,0.0,1005.5,3.5,0.6000000000000014,2,11,0
2023-11-08 03:00:00,24.9,95,2.5,100,0.0,1009.8,0.2,24.1,96,2.0,100,0.0,1005.3,1.0,0.7999999999999972,3,11,0
2023-11-08 04:00:00,24.8,96,4.4,100,0.0,1009.5,0.2,23.9,98,6.3,100,0.0,1005.2,0.7,0.9000000000000021,4,11,0
2023-11-08 05:00:00,24.5,97,6.8,100,0.0,1009.9,0.1,23.9,98,6.3,100,0.0,1005.4,0.2,0.6000000000000014,5,11,0
2023-11-08 06:00:00,25.2,97,4.4,100,5.0,1010.7,0.0,24.5,96,1.8,100,5.0,1006.1,0.0,0.6999999999999993,6,11,1
2023-11-08 07:00:00,25.8,93,8.7,100,109.0,1011.8,0.3,25.7,90,5.6,100,112.0,1007.0,0.0,0.10000000000000142,7,11,1
2023-11-08 08:00:00,26.8,88,11.3,88,211.0,1012.1,0.1,27.2,84,8.3,59,293.0,1007.6,0.1,-0.3999999999999986,8,11,1
2023-11-08 09:00:00,28.0,83,10.0,25,461.0,1012.7,0.3,28.4,82,8.0,43,496.0,1008.3,0.3,-0.3999999999999986,9,11,1
2023-11-08 10:00:00,28.8,78,11.5,94,657.0,1012.6,0.0,29.9,73,9.4,100,622.0,1008.0,0.1,-1.0999999999999979,10,11,1
2023-11-08 11:00:00,28.1,80,10.8,98,557.0,1011.7,0.2,27.2,81,12.2,100,466.0,1007.3,5.3,0.9000000000000021,11,11,1
2023-11-08 12:00:00,26.9,82,17.2,100,464.0,1011.0,0.7,27.9,80,11.8,97,392.0,1006.2,0.1,-1.0,12,11,1
2023-11-08 13:00:00,26.5,83,12.5,98,342.0,1010.1,0.8,28.0,79,12.7,99,543.0,1005.7,1.1,-1.5,13,11,1
2023-11-08 14:00:00,27.5,81,10.9,96,489.0,1009.3,0.0,27.3,80,12.7,99,389.0,1004.9,0.9,0.1999999999999993,14,11,1
2023-11-08 15:00:00,27.9,77,12.6,79,381.0,1008.4,0.1,27.9,77,11.6,98,355.0,1003.9,0.1,0.0,15,11,1
2023-11-08 16:00:00,27.8,78,12.8,62,267.0,1008.3,0.1,27.6,79,11.3,100,210.0,1004.0,0.0,0.1999999999999993,16,11,1
2023-11-08 17:00:00,27.2,82,10.9,99,83.0,1009.0,0.0,26.9,82,8.0,99,74.0,1004.6,0.0,0.3000000000000007,17,11,1
2023-11-08 18:00:00,26.4,87,6.6,61,1.0,1010.1,0.3,26.0,87,6.2,55,1.0,1005.6,0.0,0.3999999999999986,18,11,1
2023-11-08 19:00:00,25.3,92,9.7,99,0.0,1011.4,5.0,25.4,92,7.1,100,0.0,1006.7,0.7,-0.09999999999999787,19,11,0
2023-11-08 20:00:00,25.0,93,7.1,100,0.0,1012.2,1.6,24.4,96,9.1,100,0.0,1007.9,1.6,0.6000000000000014,20,11,0
2023-11-08 21:00:00,25.0,93,4.2,100,0.0,1012.4,0.0,24.4,95,3.2,100,0.0,1008.1,0.1,0.6000000000000014,21,11,0
2023-11-08 22:00:00,24.7,94,2.6,100,0.0,1012.0,0.0,24.7,96,1.1,100,0.0,1007.8,0.0,0.0,22,11,0
2023-11-08 23:00:00,24.3,95,6.2,100,0.0,1011.7,0.4,24.2,97,5.9,100,0.0,1007.2,0.0,0.10000000000000142,23,11,0
2023-11-09 00:00:00,24.3,95,2.9,83,0.0,1011.0,0.0,23.9,98,7.2,100,0.0,1006.6,0.3,0.40000000000000213,0,11,0
2023-11-09 01:00:00,24.0,98,3.5,100,0.0,1010.1,0.1,23.4,99,8.5,100,0.0,1005.8,1.4,0.6000000000000014,1,11,0
2023-11-09 02:00:00,23.7,98,7.2,100,0.0,1010.3,1.0,23.3,98,7.0,100,0.0,1005.4,0.1,0.3999999999999986,2,11,0
2023-11-09 03:00:00,23.5,97,8.1,100,0.0,1010.2,1.5,22.8,99,7.8,100,0.0,1006.0,7.3,0.6999999999999993,3,11,0
2023-11-09 04:00:00,23.6,96,4.6,100,0.0,1010.1,0.2,23.0,96,5.1,100,0.0,1005.7,3.0,0.6000000000000014,4,11,0
2023-11-09 05:00:00,23.5,96,8.3,100,0.0,1011.0,0.2,23.0,96,5.9,100,0.0,1006.4,0.1,0.5,5,11,0
2023-11-09 06:00:00,24.7,91,1.9,100,3.0,1012.0,0.2,23.6,95,9.0,100,5.0,1007.7,0.7,1.0999999999999979,6,11,1
2023-11-09 07:00:00,25.3,89,5.1,100,65.0,1012.7,0.2,24.4,91,6.9,100,65.0,1008.1,0.2,0.9000000000000021,7,11,1
2023-11-09 08:00:00,26.2,86,7.3,100,192.0,1013.0,0.1,25.5,86,6.4,100,169.0,1008.6,0.0,0.6999999999999993,8,11,1
2023-11-09 09:00:00,27.1,82,7.1,100,338.0,1013.4,0.0,27.0,81,7.7,100,249.0,1008.9,0.0,0.10000000000000142,9,11,1
2023-11-09 10:00:00,28.0,80,5.8,100,471.0,1012.8,0.0,27.5,80,8.7,100,294.0,1008.4,0.3,0.5,10,11,1
2023-11-09 11:00:00,28.6,78,6.9,100,545.0,1011.8,0.1,28.2,76,8.4,93,466.0,1007.6,4.0,0.40000000000000213,11,11,1
2023-11-09 12:00:00,26.7,83,15.7,100,556.0,1011.2,2.4,27.0,83,10.1,98,553.0,1006.7,6.6,-0.3000000000000007,12,11,1
2023-11-09 13:00:00,26.9,83,8.4,100,449.0,1010.4,0.2,27.0,82,7.3,100,316.0,1005.8,0.1,-0.10000000000000142,13,11,1
2023-11-09 14:00:00,27.4,81,7.6,100,423.0,1009.3,0.0,28.2,75,9.8,100,414.0,1004.8,0.0,-0.8000000000000007,14,11,1
2023-11-09 15:00:00,27.3,80,11.5,100,320.0,1009.0,0.0,27.9,77,10.0,100,317.0,1004.5,0.1,-0.5999999999999979,15,11,1
2023-11-09 16:00:00,26.9,82,9.1,100,174.0,1009.3,0.0,27.2,80,9.5,100,192.0,1004.9,0.0,-0.3000000000000007,16,11,1
2023-11-09 17:00:00,26.6,84,8.0,100,68.0,1010.0,0.0,26.4,83,8.2,100,73.0,1005.4,0.0,0.20000000000000284,17,11,1
2023-11-09 18:00:00,25.5,90,8.7,100,0.0,1010.3,0.1,24.9,92,6.9,100,1.0,1005.7,0.1,0.6000000000000014,18,11,1
2023-11-09 19:00:00,25.6,91,6.7,100,0.0,1011.5,0.2,24.5,92,7.6,100,0.0,1007.0,2.4,1.1000000000000014,19,11,0
2023-11-09 20:00:00,25.6,92,7.5,100,0.0,1012.2,0.0,24.5,94,7.6,100,0.0,1007.8,0.1,1.1000000000000014,20,11,0
2023-11-09 21:00:00,25.5,91,6.1,99,0.0,1012.8,0.8,24.5,96,3.9,100,0.0,1008.5,1.0,1.0,21,11,0
2023-11-09 22:00:00,24.9,93,6.9,99,0.0,1013.1,5.1,24.7,95,7.6,100,0.0,1008.5,0.5,0.1999999999999993,22,11,0
2023-11-09 23:00:00,25.0,93,2.8,99,0.0,1012.6,0.4,24.3,97,3.1,100,0.0,1008.4,1.3,0.6999999999999993,23,11,0
2023-11-10 00:00:00,24.6,96,4.7,100,0.0,1012.7,0.6,23.7,98,6.9,100,0.0,1008.4,1.9,0.9000000000000021,0,11,0
2023-11-10 01:00:00,24.0,98,7.2,100,0.0,1011.7,0.3,23.8,98,3.3,100,0.0,1007.4,0.3,0.1999999999999993,1,11,0
2023-11-10 02:00:00,24.0,98,5.8,100,0.0,1011.1,0.1,23.6,98,6.3,100,0.0,1006.7,0.1,0.3999999999999986,2,11,0
2023-11-10 03:00:00,23.8,98,6.6,100,0.0,1011.1,0.1,23.3,99,5.1,100,0.0,1006.5,0.0,0.5,3,11,0
2023-11-10 04:00:00,23.6,98,7.5,100,0.0,1011.1,0.0,23.2,99,5.8,100,0.0,1006.7,0.0,0.40000000000000213,4,11,0
2023-11-10 05:00:00,23.3,99,7.6,100,0.0,1011.6,0.0,23.2,99,5.0,100,0.0,1007.2,0.0,0.10000000000000142,5,11,0
2023-11-10 06:00:00,26.4,83,5.4,100,5.0,1012.4,0.0,24.5,96,5.4,100,4.0,1008.0,0.0,1.8999999999999986,6,11,1
2023-11-10 07:00:00,28.0,78,10.5,100,108.0,1013.1,0.0,25.4,94,3.7,100,72.0,1008.8,0.0,2.6000000000000014,7,11,1
2023-11-10 08:00:00,29.1,69,14.0,100,306.0,1014.0,0.1,27.3,85,3.2,100,234.0,1009.6,0.0,1.8000000000000007,8,11,1
2023-11-10 09:00:00,29.7,67,15.8,100,506.0,1014.4,0.1,28.9,77,8.7,91,426.0,1010.0,0.1,0.8000000000000007,9,11,1
2023-11-10 10:00:00,29.9,68,16.5,88,633.0,1014.1,0.0,30.0,68,14.0,32,593.0,1009.7,0.2,-0.10000000000000142,10,11,1
2023-11-10 11:00:00,30.0,68,17.0,20,775.0,1013.1,0.1,30.5,66,16.1,26,732.0,1008.6,0.0,-0.5,11,11,1
2023-11-10 12:00:00,30.0,69,17.4,15,785.0,1012.0,0.1,30.8,63,16.6,11,798.0,1007.5,0.0,-0.8000000000000007,12,11,1
2023-11-10 13:00:00,29.8,71,17.6,13,766.0,1011.0,0.1,30.6,64,16.4,15,734.0,1006.5,0.0,-0.8000000000000007,13,11,1
2023-11-10 14:00:00,29.7,70,17.7,14,650.0,1010.1,0.0,30.2,66,16.8,14,624.0,1005.5,0.0,-0.5,14,11,1
2023-11-10 15:00:00,29.2,71,18.7,8,476.0,1009.9,0.0,29.5,68,17.5,15,464.0,1005.3,0.0,-0.3000000000000007,15,11,1
2023-11-10 16:00:00,28.5,73,18.8,9,279.0,1010.1,0.0,28.7,72,17.2,13,279.0,1005.5,0.0,-0.1999999999999993,16,11,1
2023-11-10 17:00:00,27.7,77,15.6,20,85.0,1010.9,0.0,27.7,77,12.2,10,89.0,1006.5,0.0,0.0,17,11,1
2023-11-10 18:00:00,27.8,76,14.7,27,0.0,1011.6,0.0,27.5,77,12.4,43,1.0,1007.0,0.0,0.3000000000000007,18,11,1
2023-11-10 19:00:00,27.5,77,13.9,22,0.0,1012.8,0.0,27.0,80,10.0,22,0.0,1008.4,0.0,0.5,19,11,0
2023-11-10 20:00:00,27.3,77,12.8,31,0.0,1013.4,0.0,26.5,82,8.4,32,0.0,1008.9,0.0,0.8000000000000007,20,11,0
2023-11-10 21:00:00,27.0,78,12.4,28,0.0,1013.8,0.0,26.0,84,7.8,50,0.0,1009.2,0.0,1.0,21,11,0
2023-11-10 22:00:00,27.1,77,12.0,35,0.0,1013.8,0.0,25.6,85,7.0,47,0.0,1009.4,0.0,1.5,22,11,0
2023-11-10 23:00:00,26.9,77,10.7,49,0.0,1013.5,0.0,25.4,86,6.6,46,0.0,1009.1,0.0,1.5,23,11,0
2023-11-11 00:00:00,26.7,78,9.9,93,0.0,1013.0,0.0,24.9,88,5.9,40,0.0,1008.6,0.0,1.8000000000000007,0,11,0
2023-11-11 01:00:00,26.5,79,9.4,60,0.0,1012.2,0.0,24.9,88,5.9,42,0.0,1007.7,0.0,1.6000000000000014,1,11,0
2023-11-11 02:00:00,26.2,79,9.8,51,0.0,1011.3,0.0,24.7,88,6.5,23,0.0,1006.9,0.0,1.5,2,11,0
2023-11-11 03:00:00,25.8,81,8.3,48,0.0,1011.1,0.0,24.3,90,6.7,39,0.0,1006.6,0.0,1.5,3,11,0
2023-11-11 04:00:00,25.6,83,8.2,48,0.0,1011.3,0.0,24.0,92,6.5,33,0.0,1006.8,0.0,1.6000000000000014,4,11,0
2023-11-11 05:00:00,25.3,84,7.4,44,0.0,1011.8,0.0,23.7,93,7.2,39,0.0,1007.3,0.0,1.6000000000000014,5,11,0
2023-11-11 06:00:00,26.3,81,11.9,67,5.0,1012.6,0.0,24.6,91,10.5,85,5.0,1008.0,0.0,1.6999999999999993,6,11,1
2023-11-11 07:00:00,27.8,76,14.8,94,127.0,1013.4,0.0,26.3,86,9.4,97,110.0,1009.0,0.0,1.5,7,11,1
2023-11-11 08:00:00,28.6,72,20.4,98,326.0,1014.0,0.0,28.5,75,14.3,99,302.0,1009.6,0.0,0.10000000000000142,8,11,1
2023-11-11 09:00:00,29.2,69,19.6,51,530.0,1014.4,0.0,29.6,67,18.3,100,497.0,1009.8,0.0,-0.40000000000000213,9,11,1
2023-11-11 10:00:00,29.7,67,20.4,37,720.0,1014.0,0.0,30.3,63,19.1,93,704.0,1009.4,0.0,-0.6000000000000014,10,11,1
2023-11-11 11:00:00,30.0,65,21.2,90,791.0,1012.8,0.0,30.4,62,19.2,96,728.0,1008.3,0.0,-0.3999999999999986,11,11,1
2023-11-11 12:00:00,29.9,65,21.4,71,770.0,1011.8,0.0,30.7,60,19.4,73,787.0,1007.3,0.0,-0.8000000000000007,12,11,1
2023-11-11 13:00:00,29.8,64,21.9,89,721.0,1011.0,0.0,30.4,60,19.1,100,671.0,1006.4,0.0,-0.5999999999999979,13,11,1
2023-11-11 14:00:00,29.5,64,21.1,91,626.0,1010.4,0.0,30.1,60,18.8,88,580.0,1005.9,0.0,-0.6000000000000014,14,11,1
2023-11-11 15:00:00,29.0,65,19.9,62,417.0,1010.3,0.0,29.3,61,18.6,96,429.0,1005.7,0.0,-0.3000000000000007,15,11,1
2023-11-11 16:00:00,28.4,67,17.8,70,245.0,1010.5,0.0,28.5,66,16.8,87,239.0,1006.0,0.0,-0.10000000000000142,16,11,1
2023-11-11 17:00:00,27.7,70,15.8,75,77.0,1011.0,0.0,27.6,70,12.8,64,89.0,1006.6,0.0,0.09999999999999787,17,11,1
2023-11-11 18:00:00,27.9,64,15.1,100,0.0,1011.7,0.0,27.1,68,9.2,100,1.0,1007.3,0.0,0.7999999999999972,18,11,1
2023-11-11 19:00:00,27.6,66,13.5,100,0.0,1012.8,0.0,26.2,72,7.5,100,0.0,1008.4,0.0,1.4000000000000021,19,11,0
2023-11-11 20:00:00,27.5,65,13.5,100,0.0,1013.5,0.0,25.8,74,7.1,100,0.0,1009.0,0.0,1.6999999999999993,20,11,0
2023-11-11 21:00:00,27.3,66,14.3,100,0.0,1013.9,0.0,25.4,76,7.1,99,0.0,1009.4,0.0,1.9000000000000021,21,11,0
2023-11-11 22:00:00,27.0,68,13.0,100,0.0,1014.2,0.0,25.5,76,6.8,97,0.0,1009.8,0.0,1.5,22,11,0
2023-11-11 23:00:00,26.9,68,12.9,98,0.0,1013.7,0.0,25.6,75,7.4,79,0.0,1009.2,0.0,1.2999999999999972,23,11,0
2023-11-12 00:00:00,26.7,69,13.1,40,0.0,1013.0,0.0,25.4,75,7.1,33,0.0,1008.5,0.0,1.3000000000000007,0,11,0
2023-11-12 01:00:00,26.5,71,12.0,31,0.0,1012.2,0.0,24.7,79,6.7,30,0.0,1007.7,0.0,1.8000000000000007,1,11,0
2023-11-12 02:00:00,26.2,72,11.2,35,0.0,1011.8,0.0,24.5,80,7.2,46,0.0,1007.2,0.0,1.6999999999999993,2,11,0
2023-11-12 03:00:00,25.8,75,10.4,29,0.0,1011.2,0.0,24.3,81,8.1,94,0.0,1006.7,0.0,1.5,3,11,0
2023-11-12 04:00:00,25.3,79,11.1,45,0.0,1011.1,0.0,23.8,84,8.1,88,0.0,1006.6,0.0,1.5,4,11,0
2023-11-12 05:00:00,25.3,78,11.8,87,0.0,1011.6,0.0,23.5,86,7.3,47,0.0,1007.1,0.0,1.8000000000000007,5,11,0
2023-11-12 06:00:00,26.3,77,12.3,100,6.0,1012.6,0.0,25.0,88,9.4,100,5.0,1008.1,0.0,1.3000000000000007,6,11,1
2023-11-12 07:00:00,27.5,76,13.4,100,127.0,1013.2,0.0,26.1,86,9.4,98,120.0,1008.7,0.0,1.3999999999999986,7,11,1
2023-11-12 08:00:00,28.8,66,19.6,100,346.0,1013.9,0.0,28.0,78,11.5,100,311.0,1009.5,0.0,0.8000000000000007,8,11,1
2023-11-12 09:00:00,29.3,64,20.4,100,543.0,1014.4,0.0,29.5,64,18.1,100,518.0,1009.9,0.0,-0.1999999999999993,9,11,1
2023-11-12 10:00:00,29.7,63,21.4,100,638.0,1014.1,0.0,30.2,59,19.6,100,686.0,1009.5,0.0,-0.5,10,11,1
2023-11-12 11:00:00,29.9,62,21.7,100,781.0,1013.0,0.0,30.6,57,20.9,100,772.0,1008.4,0.0,-0.7000000000000028,11,11,1
2023-11-12 12:00:00,29.9,61,21.2,100,770.0,1011.9,0.0,30.5,57,20.9,100,786.0,1007.3,0.0,-0.6000000000000014,12,11,1
2023-11-12 13:00:00,29.8,61,20.7,98,761.0,1010.8,0.0,30.6,56,20.9,99,780.0,1006.2,0.0,-0.8000000000000007,13,11,1
2023-11-12 14:00:00,29.5,61,20.0,93,661.0,1010.1,0.0,30.1,58,20.0,63,669.0,1005.6,0.0,-0.6000000000000014,14,11,1
2023-11-12 15:00:00,29.2,62,19.5,87,508.0,1010.1,0.0,29.5,58,17.4,99,514.0,1005.7,0.0,-0.3000000000000007,15,11,1
2023-11-12 16:00:00,28.6,65,17.3,90,299.0,1010.5,0.0,28.6,63,15.9,96,308.0,1006.0,0.0,0.0,16,11,1
2023-11-12 17:00:00,27.6,69,15.8,95,83.0,1010.8,0.0,27.2,70,11.6,90,97.0,1006.3,0.0,0.40000000000000213,17,11,1
2023-11-12 18:00:00,27.6,70,12.0,99,0.0,1011.8,0.0,26.8,73,8.4,98,1.0,1007.4,0.0,0.8000000000000007,18,11,1
2023-11-12 19:00:00,27.3,71,12.4,96,0.0,1012.8,0.0,25.8,78,6.9,100,0.0,1008.3,0.0,1.5,19,11,0
2023-11-12 20:00:00,27.4,70,13.7,99,0.0,1013.4,0.0,25.7,79,7.9,100,0.0,1008.8,0.0,1.6999999999999993,20,11,0
2023-11-12 21:00:00,27.5,68,15.0,100,0.0,1013.5,0.0,25.5,79,7.8,100,0.0,1009.0,0.0,2.0,21,11,0
2023-11-12 22:00:00,27.4,68,15.2,100,0.0,1013.4,0.0,25.1,80,7.8,100,0.0,1008.9,0.0,2.299999999999997,22,11,0
2023-11-12 23:00:00,27.2,70,14.2,100,0.0,1013.0,0.0,25.0,80,8.3,100,0.0,1008.5,0.0,2.1999999999999993,23,11,0
2023-11-13 00:00:00,27.0,71,14.0,100,0.0,1012.2,0.0,25.3,78,9.0,100,0.0,1007.6,0.0,1.6999999999999993,0,11,0
2023-11-13 01:00:00,26.7,73,13.7,100,0.0,1011.3,0.0,24.9,80,7.4,100,0.0,1006.9,0.0,1.8000000000000007,1,11,0
2023-11-13 02:00:00,26.5,73,12.1,100,0.0,1010.9,0.0,24.3,84,7.1,100,0.0,1006.5,0.0,2.1999999999999993,2,11,0
2023-11-13 03:00:00,26.4,74,11.8,100,0.0,1010.6,0.0,24.1,85,8.2,100,0.0,1006.2,0.0,2.299999999999997,3,11,0
2023-11-13 04:00:00,26.1,76,12.1,100,0.0,1010.5,0.0,23.7,87,8.5,100,0.0,1006.0,0.0,2.400000000000002,4,11,0
2023-11-13 05:00:00,25.7,77,11.5,100,0.0,1010.9,0.0,23.5,89,9.2,100,0.0,1006.5,0.0,2.1999999999999993,5,11,0
2023-11-13 06:00:00,26.4,82,14.8,100,5.0,1011.6,0.0,24.8,94,10.1,100,5.0,1007.2,0.0,1.5999999999999979,6,11,1
2023-11-13 07:00:00,27.6,77,18.7,100,115.0,1012.5,0.0,26.4,88,10.8,100,116.0,1008.1,0.0,1.2000000000000028,7,11,1
2023-11-13 08:00:00,28.7,69,23.7,99,324.0,1013.1,0.0,28.3,74,16.7,100,288.0,1008.7,0.1,0.3999999999999986,8,11,1
2023-11-13 09:00:00,29.3,67,22.7,100,536.0,1013.3,0.0,29.6,66,20.7,100,528.0,1008.7,0.0,-0.3000000000000007,9,11,1
2023-11-13 10:00:00,29.6,66,22.7,100,667.0,1012.8,0.0,30.0,64,20.1,100,608.0,1008.3,0.0,-0.3999999999999986,10,11,1
2023-11-13 11:00:00,29.9,64,22.4,49,772.0,1012.2,0.0,30.4,62,19.9,54,756.0,1007.7,0.0,-0.5,11,11,1
2023-11-13 12:00:00,29.9,64,20.9,60,825.0,1011.3,0.0,30.5,61,19.9,65,806.0,1006.8,0.0,-0.6000000000000014,12,11,1
2023-11-13 13:00:00,29.6,65,19.9,100,732.0,1010.4,0.0,30.3,61,19.4,100,766.0,1005.8,0.0,-0.6999999999999993,13,11,1
2023-11-13 14:00:00,29.2,65,19.2,100,524.0,1009.5,0.0,29.6,62,18.4,100,547.0,1004.9,0.0,-0.40000000000000213,14,11,1
2023-11-13 15:00:00,28.7,66,18.8,100,377.0,1009.4,0.0,28.9,64,18.1,100,302.0,1004.7,0.0,-0.1999999999999993,15,11,1
2023-11-13 16:00:00,28.0,69,18.3,100,159.0,1009.7,0.0,28.0,69,14.5,100,135.0,1005.2,0.0,0.0,16,11,1
2023-11-13 17:00:00,27.7,70,16.6,100,47.0,1010.3,0.0,27.4,72,12.7,100,46.0,1005.9,0.0,0.3000000000000007,17,11,1
2023-11-13 18:00:00,26.6,80,19.2,100,0.0,1010.9,0.3,25.7,86,12.1,100,0.0,1006.3,0.8,0.9000000000000021,18,11,1
2023-11-13 19:00:00,25.2,87,20.0,100,0.0,1011.7,0.4,24.1,95,10.5,100,0.0,1007.2,1.4,1.0999999999999979,19,11,0
2023-11-13 20:00:00,25.4,87,14.1,100,0.0,1012.3,0.1,24.7,92,12.6,100,0.0,1007.7,0.2,0.6999999999999993,20,11,0
2023-11-13 21:00:00,25.5,88,14.1,100,0.0,1012.7,0.4,23.9,94,13.5,100,0.0,1008.6,0.7,1.6000000000000014,21,11,0
2023-11-13 22:00:00,25.1,92,13.5,100,0.0,1012.7,0.8,23.7,95,14.5,100,0.0,1008.2,1.1,1.4000000000000021,22,11,0
2023-11-13 23:00:00,24.9,91,14.8,100,0.0,1012.0,1.8,23.5,96,10.1,100,0.0,1007.8,1.9,1.3999999999999986,23,11,0
2023-11-14 00:00:00,24.7,91,14.7,100,0.0,1011.4,4.1,23.7,96,14.0,100,0.0,1006.9,2.0,1.0,0,11,0
2023-11-14 01:00:00,25.1,91,15.5,100,0.0,1010.6,1.9,23.9,94,9.7,100,0.0,1006.2,2.7,1.2000000000000028,1,11,0
2023-11-14 02:00:00,25.5,89,16.1,100,0.0,1009.8,3.2,24.1,95,11.0,100,0.0,1005.6,3.7,1.3999999999999986,2,11,0
2023-11-14 03:00:00,25.2,90,17.9,100,0.0,1009.6,1.1,24.2,94,9.1,100,0.0,1005.0,2.4,1.0,3,11,0
2023-11-14 04:00:00,25.2,91,14.2,100,0.0,1009.3,2.1,24.2,94,10.1,100,0.0,1005.2,4.6,1.0,4,11,0
2023-11-14 05:00:00,25.0,91,11.2,100,0.0,1010.5,3.2,24.3,94,10.5,100,0.0,1005.8,4.3,0.6999999999999993,5,11,0
2023-11-14 06:00:00,25.0,88,8.0,100,1.0,1011.3,0.2,23.9,89,7.9,100,0.0,1007.0,3.8,1.1000000000000014,6,11,1
2023-11-14 07:00:00,25.3,89,8.9,100,22.0,1011.5,0.5,23.8,90,7.1,100,13.0,1007.1,2.5,1.5,7,11,1
2023-11-14 08:00:00,26.2,90,9.4,100,110.0,1012.3,0.4,25.1,87,5.5,100,146.0,1007.8,0.4,1.0999999999999979,8,11,1
2023-11-14 09:00:00,27.7,80,14.4,100,266.0,1012.9,0.9,25.9,87,6.6,100,171.0,1008.6,4.5,1.8000000000000007,9,11,1
2023-11-14 10:00:00,27.7,79,16.1,100,226.0,1012.8,1.7,26.5,84,13.6,100,211.0,1008.3,0.6,1.1999999999999993,10,11,1
2023-11-14 11:00:00,27.7,77,19.2,100,179.0,1011.5,0.3,26.8,82,13.8,100,235.0,1007.0,0.5,0.8999999999999986,11,11,1
2023-11-14 12:00:00,27.4,77,22.9,100,293.0,1010.5,0.5,27.1,81,15.0,100,234.0,1005.9,0.5,0.29999999999999716,12,11,1
2023-11-14 13:00:00,26.8,82,20.8,100,250.0,1009.4,0.8,25.9,88,16.4,100,184.0,1004.9,0.8,0.9000000000000021,13,11,1
2023-11-14 14:00:00,25.6,89,18.9,100,218.0,1009.0,1.2,25.7,88,14.0,100,125.0,1004.5,2.4,-0.09999999999999787,14,11,1
2023-11-14 15:00:00,25.3,88,18.3,100,93.0,1009.3,1.7,24.6,92,13.8,100,85.0,1004.8,2.4,0.6999999999999993,15,11,1
2023-11-14 16:00:00,25.5,88,13.6,100,44.0,1009.4,1.4,24.6,92,15.4,100,38.0,1004.7,3.3,0.8999999999999986,16,11,1
2023-11-14 17:00:00,25.5,84,17.7,100,16.0,1010.0,0.5,24.5,92,13.0,100,7.0,1005.3,3.5,1.0,17,11,1
2023-11-14 18:00:00,23.7,82,24.3,100,0.0,1011.0,3.5,24.5,93,17.3,100,0.0,1005.7,2.9,-0.8000000000000007,18,11,1
2023-11-14 19:00:00,22.6,86,10.5,100,0.0,1011.3,5.8,21.1,85,24.3,100,0.0,1006.6,4.6,1.5,19,11,0
2023-11-14 20:00:00,24.1,89,19.1,100,0.0,1011.2,5.9,21.2,89,11.9,100,0.0,1006.7,2.4,2.900000000000002,20,11,0
2023-11-14 21:00:00,25.0,90,18.5,100,0.0,1011.7,5.5,22.2,92,4.7,100,0.0,1007.4,1.7,2.8000000000000007,21,11,0
2023-11-14 22:00:00,25.2,90,13.8,100,0.0,1011.9,2.9,23.0,92,4.4,100,0.0,1007.8,1.8,2.1999999999999993,22,11,0
2023-11-14 23:00:00,24.9,88,15.3,100,0.0,1011.8,2.5,23.3,93,6.3,100,0.0,1007.3,2.2,1.5999999999999979,23,11,0
2023-11-15 00:00:00,24.9,92,15.0,100,0.0,1011.1,1.7,23.6,95,8.5,100,0.0,1006.7,0.9,1.2999999999999972,0,11,0
2023-11-15 01:00:00,24.9,92,13.0,100,0.0,1010.2,1.3,23.7,95,11.2,100,0.0,1005.6,0.6,1.1999999999999993,1,11,0
2023-11-15 02:00:00,25.0,90,16.3,100,0.0,1009.6,1.0,23.7,96,11.5,100,0.0,1005.0,1.9,1.3000000000000007,2,11,0
2023-11-15 03:00:00,25.0,91,17.8,100,0.0,1009.1,0.9,23.9,95,12.2,100,0.0,1004.6,1.8,1.1000000000000014,3,11,0
2023-11-15 04:00:00,24.4,92,12.6,100,0.0,1009.1,0.6,24.1,94,11.9,100,0.0,1004.6,1.9,0.29999999999999716,4,11,0
2023-11-15 05:00:00,24.3,91,14.8,100,0.0,1009.7,1.3,23.2,90,10.9,100,0.0,1005.1,1.9,1.1000000000000014,5,11,0
2023-11-15 06:00:00,24.7,86,18.7,100,2.0,1010.3,1.0,24.1,86,15.9,100,1.0,1005.8,0.3,0.5999999999999979,6,11,1
2023-11-15 07:00:00,24.1,88,20.5,100,32.0,1011.3,1.8,24.0,90,13.5,100,32.0,1006.7,2.2,0.10000000000000142,7,11,1
2023-11-15 08:00:00,24.4,88,19.8,100,79.0,1011.8,1.5,23.6,90,19.4,100,62.0,1007.5,2.1,0.7999999999999972,8,11,1
2023-11-15 09:00:00,24.4,91,15.1,100,58.0,1012.5,1.2,23.8,91,12.3,100,101.0,1008.2,3.1,0.5999999999999979,9,11,1
2023-11-15 10:00:00,25.1,88,17.7,100,195.0,1012.5,1.8,24.6,92,11.7,100,178.0,1008.1,1.6,0.5,10,11,1
2023-11-15 11:00:00,24.4,89,22.6,100,214.0,1011.7,1.4,24.8,91,15.3,100,169.0,1007.0,0.9,-0.40000000000000213,11,11,1
2023-11-15 12:00:00,23.8,91,19.7,100,207.0,1010.6,3.5,25.1,85,18.4,100,275.0,1005.9,0.7,-1.3000000000000007,12,11,1
2023-11-15 13:00:00,23.9,92,20.4,100,263.0,1009.4,2.4,24.8,84,15.7,100,274.0,1005.1,2.2,-0.9000000000000021,13,11,1
2023-11-15 14:00:00,23.5,89,19.4,100,133.0,1009.1,1.8,24.0,90,15.1,100,262.0,1004.5,4.0,-0.5,14,11,1
2023-11-15 15:00:00,24.0,83,21.4,100,161.0,1008.7,2.3,23.4,89,15.6,100,147.0,1004.2,7.9,0.6000000000000014,15,11,1
2023-11-15 16:00:00,23.9,87,21.7,100,53.0,1009.0,0.6,22.8,90,15.5,100,72.0,1004.7,1.8,1.0999999999999979,16,11,1
2023-11-15 17:00:00,23.8,86,19.3,100,28.0,1009.6,0.1,22.8,90,13.0,100,33.0,1005.2,0.6,1.0,17,11,1
2023-11-15 18:00:00,24.1,91,16.9,100,0.0,1010.0,1.0,23.4,95,11.4,100,0.0,1005.5,6.0,0.7000000000000028,18,11,1
2023-11-15 19:00:00,23.8,92,16.4,100,0.0,1011.0,0.6,23.5,93,12.3,100,0.0,1006.5,0.3,0.3000000000000007,19,11,0
2023-11-15 20:00:00,23.4,95,7.9,100,0.0,1011.6,4.8,23.5,91,15.2,100,0.0,1007.2,0.0,-0.10000000000000142,20,11,0
2023-11-15 21:00:00,23.9,94,6.1,100,0.0,1012.0,1.8,22.9,96,7.6,100,0.0,1007.7,2.8,1.0,21,11,0
2023-11-15 22:00:00,24.2,94,9.0,100,0.0,1011.6,0.3,22.9,96,4.7,100,0.0,1007.2,0.6,1.3000000000000007,22,11,0
2023-11-15 23:00:00,23.7,95,8.4,100,0.0,1011.4,0.7,23.0,96,6.2,100,0.0,1006.9,0.2,0.6999999999999993,23,11,0
2023-11-16 00:00:00,24.0,94,9.2,100,0.0,1010.2,0.3,23.2,95,10.0,100,0.0,1005.7,0.0,0.8000000000000007,0,11,0
2023-11-16 01:00:00,24.2,93,10.5,100,0.0,1009.4,0.1,23.1,96,7.9,100,0.0,1004.9,0.0,1.0999999999999979,1,11,0
2023-11-16 02:00:00,24.3,94,6.9,100,0.0,1008.9,0.1,22.5,98,4.9,100,0.0,1004.7,0.0,1.8000000000000007,2,11,0
2023-11-16 03:00:00,23.7,96,4.6,100,0.0,1008.6,0.0,22.8,98,6.4,100,0.0,1004.3,0.0,0.8999999999999986,3,11,0
2023-11-16 04:00:00,23.3,96,9.2,100,0.0,1008.8,0.0,22.7,98,8.4,99,0.0,1004.4,0.0,0.6000000000000014,4,11,0
2023-11-16 05:00:00,23.2,97,8.8,100,0.0,1009.1,0.0,23.0,97,6.9,100,0.0,1004.8,0.0,0.1999999999999993,5,11,0
2023-11-16 06:00:00,24.7,93,10.7,99,3.0,1010.4,0.2,24.1,96,8.3,95,3.0,1005.8,0.1,0.5999999999999979,6,11,1
2023-11-16 07:00:00,25.3,89,12.1,99,84.0,1011.4,0.1,25.0,94,7.2,100,77.0,1006.8,0.1,0.3000000000000007,7,11,1
2023-11-16 08:00:00,26.2,86,12.1,100,186.0,1012.1,0.0,26.3,83,10.2,100,191.0,1007.6,0.1,-0.10000000000000142,8,11,1
2023-11-16 09:00:00,27.8,78,15.6,100,394.0,1012.4,0.0,27.6,78,12.0,98,341.0,1007.9,0.0,0.1999999999999993,9,11,1
2023-11-16 10:00:00,28.9,71,18.9,99,537.0,1012.2,0.0,28.7,71,17.1,100,454.0,1007.8,0.0,0.1999999999999993,10,11,1
2023-11-16 11:00:00,29.1,69,19.2,99,614.0,1011.4,0.0,29.7,67,17.0,99,585.0,1007.0,0.0,-0.5999999999999979,11,11,1
2023-11-16 12:00:00,29.2,71,19.3,100,676.0,1010.5,0.1,30.0,67,16.0,100,638.0,1006.0,0.0,-0.8000000000000007,12,11,1
2023-11-16 13:00:00,29.4,71,18.9,100,686.0,1009.6,0.0,28.3,75,16.5,99,650.0,1005.3,3.1,1.0999999999999979,13,11,1
2023-11-16 14:00:00,28.5,74,17.6,99,448.0,1008.7,0.1,28.4,76,15.3,96,399.0,1004.3,2.3,0.10000000000000142,14,11,1
2023-11-16 15:00:00,28.3,75,15.0,93,399.0,1008.3,0.0,28.7,72,14.8,93,456.0,1003.9,0.1,-0.3999999999999986,15,11,1
2023-11-16 16:00:00,27.9,78,12.9,96,289.0,1009.0,0.0,28.1,75,13.2,97,274.0,1004.6,0.0,-0.20000000000000284,16,11,1
2023-11-16 17:00:00,27.0,82,9.7,100,81.0,1009.8,0.0,26.8,83,9.2,100,78.0,1005.3,0.0,0.1999999999999993,17,11,1
2023-11-16 18:00:00,27.3,82,14.8,99,0.0,1010.3,0.0,27.1,82,11.2,99,0.0,1005.9,0.0,0.1999999999999993,18,11,1
2023-11-16 19:00:00,27.2,82,15.8,100,0.0,1011.3,0.0,26.6,84,10.2,99,0.0,1006.8,0.0,0.5999999999999979,19,11,0
2023-11-16 20:00:00,27.2,81,14.8,100,0.0,1012.2,0.0,26.4,86,10.1,100,0.0,1007.7,0.0,0.8000000000000007,20,11,0
2023-11-16 21:00:00,27.2,81,14.3,100,0.0,1012.2,0.0,26.3,86,10.3,100,0.0,1007.8,0.0,0.8999999999999986,21,11,0
2023-11-16 22:00:00,26.9,82,13.0,100,0.0,1012.0,0.0,26.0,87,9.0,100,0.0,1007.6,0.0,0.8999999999999986,22,11,0
2023-11-16 23:00:00,26.7,84,11.2,100,0.0,1011.6,0.0,25.4,91,5.7,100,0.0,1007.2,0.0,1.3000000000000007,23,11,0
2023-11-17 00:00:00,26.4,86,9.2,100,0.0,1011.3,0.0,24.8,94,7.6,100,0.0,1006.9,0.0,1.5999999999999979,0,11,0
2023-11-17 01:00:00,26.0,89,6.1,98,0.0,1010.5,0.0,24.4,94,7.6,89,0.0,1006.2,0.0,1.6000000000000014,1,11,0
2023-11-17 02:00:00,25.3,92,5.7,60,0.0,1010.1,0.0,24.2,95,4.9,100,0.0,1005.6,0.0,1.1000000000000014,2,11,0
2023-11-17 03:00:00,25.2,92,6.2,99,0.0,1009.4,0.0,24.3,95,7.6,100,0.0,1004.8,0.0,0.8999999999999986,3,11,0
2023-11-17 04:00:00,24.8,94,6.6,100,0.0,1009.3,0.0,23.9,97,5.9,100,0.0,1005.0,0.0,0.9000000000000021,4,11,0
2023-11-17 05:00:00,24.3,95,5.9,100,0.0,1010.3,0.0,23.6,97,6.9,100,0.0,1005.8,0.0,0.6999999999999993,5,11,0
2023-11-17 06:00:00,25.6,91,8.7,100,4.0,1011.4,0.6,25.1,94,8.6,98,4.0,1006.8,0.0,0.5,6,11,1
2023-11-17 07:00:00,26.7,90,9.5,100,89.0,1012.0,0.1,26.3,90,9.1,96,106.0,1007.5,0.0,0.3999999999999986,7,11,1
2023-11-17 08:00:00,28.1,81,12.8,96,251.0,1012.6,0.1,28.0,80,10.6,88,306.0,1008.2,0.0,0.10000000000000142,8,11,1
2023-11-17 09:00:00,28.7,75,17.8,100,405.0,1012.7,0.2,29.1,76,16.7,100,458.0,1008.1,0.1,-0.40000000000000213,9,11,1
2023-11-17 10:00:00,29.2,74,20.4,100,627.0,1012.2,0.5,29.4,72,18.1,98,508.0,1007.8,0.1,-0.1999999999999993,10,11,1
2023-11-17 11:00:00,29.4,73,20.9,100,741.0,1011.5,0.4,29.9,69,19.3,100,732.0,1007.0,0.2,-0.5,11,11,1
2023-11-17 12:00:00,29.5,73,21.2,99,749.0,1010.7,0.2,30.3,70,18.4,84,724.0,1006.2,0.2,-0.8000000000000007,12,11,1
2023-11-17 13:00:00,29.4,74,19.6,100,713.0,1009.7,0.1,29.8,72,18.5,73,657.0,1005.2,0.2,-0.40000000000000213,13,11,1
2023-11-17 14:00:00,29.3,74,19.7,31,617.0,1008.9,0.0,29.7,73,18.3,16,632.0,1004.4,0.4,-0.3999999999999986,14,11,1
2023-11-17 15:00:00,28.7,76,18.4,13,460.0,1008.6,0.0,29.4,73,17.7,6,477.0,1004.0,0.0,-0.6999999999999993,15,11,1
2023-11-17 16:00:00,28.3,78,17.1,9,287.0,1008.7,0.0,28.6,76,16.1,7,285.0,1004.1,0.0,-0.3000000000000007,16,11,1
2023-11-17 17:00:00,27.6,80,14.5,9,83.0,1009.3,0.0,27.6,81,12.2,7,86.0,1004.9,0.0,0.0,17,11,1
2023-11-17 18:00:00,27.9,76,17.6,100,0.0,1010.2,0.0,27.3,79,14.3,100,0.0,1005.8,0.0,0.5999999999999979,18,11,1
2023-11-17 19:00:00,27.7,77,17.6,100,0.0,1010.9,0.0,27.1,81,13.2,100,0.0,1006.3,0.0,0.5999999999999979,19,11,0
2023-11-17 20:00:00,27.6,78,17.3,100,0.0,1011.5,0.0,27.0,82,12.2,98,0.0,1007.0,0.0,0.6000000000000014,20,11,0
2023-11-17 21:00:00,27.5,78,16.8,100,0.0,1012.0,0.0,26.9,82,10.8,100,0.0,1007.5,0.0,0.6000000000000014,21,11,0
2023-11-17 22:00:00,27.3,80,15.0,100,0.0,1012.1,0.0,26.6,83,9.7,100,0.0,1007.6,0.0,0.6999999999999993,22,11,0
2023-11-17 23:00:00,27.0,83,14.8,98,0.0,1011.6,0.0,26.3,85,7.6,96,0.0,1007.2,0.0,0.6999999999999993,23,11,0
2023-11-18 00:00:00,26.6,86,12.3,99,0.0,1011.1,0.0,25.8,87,5.8,22,0.0,1006.7,0.0,0.8000000000000007,0,11,0
2023-11-18 01:00:00,26.4,87,11.0,100,0.0,1010.5,0.0,25.3,90,6.1,85,0.0,1006.0,0.0,1.0999999999999979,1,11,0
2023-11-18 02:00:00,25.9,90,11.5,100,0.0,1009.9,0.2,25.0,93,6.9,98,0.0,1005.3,0.1,0.8999999999999986,2,11,0
2023-11-18 03:00:00,25.7,92,11.3,100,0.0,1009.5,0.2,24.8,94,7.6,99,0.0,1005.1,0.1,0.8999999999999986,3,11,0
2023-11-18 04:00:00,25.4,93,10.6,100,0.0,1009.5,0.1,24.7,96,7.3,92,0.0,1005.0,0.1,0.6999999999999993,4,11,0
2023-11-18 05:00:00,25.4,93,10.3,100,0.0,1010.0,0.1,24.5,97,7.3,95,0.0,1005.5,0.1,0.8999999999999986,5,11,0
2023-11-18 06:00:00,26.0,91,11.5,100,4.0,1010.9,0.0,24.7,97,8.4,97,4.0,1006.4,0.0,1.3000000000000007,6,11,1
2023-11-18 07:00:00,27.3,83,14.3,100,114.0,1011.3,0.0,26.5,89,13.7,98,112.0,1006.9,0.0,0.8000000000000007,7,11,1
2023-11-18 08:00:00,28.3,79,16.0,98,318.0,1012.0,0.1,28.1,81,15.1,99,280.0,1007.5,0.0,0.1999999999999993,8,11,1
2023-11-18 09:00:00,28.9,75,16.4,100,515.0,1012.4,0.1,29.4,71,16.3,99,513.0,1007.8,0.1,-0.5,9,11,1
2023-11-18 10:00:00,29.5,71,18.4,94,704.0,1011.9,0.0,30.2,67,17.4,97,663.0,1007.3,0.0,-0.6999999999999993,10,11,1
2023-11-18 11:00:00,29.6,71,19.1,81,750.0,1011.3,0.0,30.5,65,17.7,96,713.0,1006.6,0.0,-0.8999999999999986,11,11,1
2023-11-18 12:00:00,29.7,71,20.6,82,772.0,1010.3,0.0,30.3,66,18.6,82,744.0,1005.8,0.1,-0.6000000000000014,12,11,1
2023-11-18 13:00:00,29.7,70,20.8,14,772.0,1009.4,0.0,30.2,66,19.1,23,700.0,1004.8,0.1,-0.5,13,11,1
2023-11-18 14:00:00,29.4,70,21.0,14,659.0,1008.7,0.0,29.6,68,19.9,21,584.0,1004.1,0.1,-0.20000000000000284,14,11,1
2023-11-18 15:00:00,28.9,72,20.5,22,486.0,1008.5,0.1,29.2,70,18.9,12,477.0,1003.9,0.1,-0.3000000000000007,15,11,1
2023-11-18 16:00:00,28.3,74,20.5,35,274.0,1008.8,0.0,28.4,74,18.1,23,289.0,1004.3,0.0,-0.09999999999999787,16,11,1
2023-11-18 17:00:00,27.4,79,17.3,26,81.0,1009.5,0.0,27.4,78,15.3,41,85.0,1004.9,0.0,0.0,17,11,1
2023-11-18 18:00:00,26.9,84,17.5,97,0.0,1010.5,0.2,26.3,85,14.9,99,0.0,1006.0,0.0,0.5999999999999979,18,11,1
2023-11-18 19:00:00,27.2,82,18.4,100,0.0,1011.4,0.0,25.9,87,14.8,99,0.0,1007.0,0.1,1.3000000000000007,19,11,0
2023-11-18 20:00:00,27.1,82,17.3,98,0.0,1011.8,0.0,25.9,88,11.2,98,0.0,1007.4,0.1,1.2000000000000028,20,11,0
2023-11-18 21:00:00,26.9,84,16.1,99,0.0,1012.3,0.0,26.5,86,12.5,100,0.0,1007.8,0.0,0.3999999999999986,21,11,0
2023-11-18 22:00:00,26.8,86,16.6,100,0.0,1012.2,0.0,26.3,86,11.5,100,0.0,1007.7,0.0,0.5,22,11,0
2023-11-18 23:00:00,26.9,85,16.6,100,0.0,1012.0,0.0,26.4,86,10.8,100,0.0,1007.5,0.0,0.5,23,11,0
2023-11-19 00:00:00,26.8,85,15.5,100,0.0,1011.3,0.0,26.1,88,10.6,99,0.0,1006.8,0.0,0.6999999999999993,0,11,0
2023-11-19 01:00:00,26.4,87,13.7,100,0.0,1010.7,0.0,25.6,91,8.4,98,0.0,1006.3,0.0,0.7999999999999972,1,11,0
2023-11-19 02:00:00,26.1,88,11.7,99,0.0,1010.3,0.0,25.1,94,7.2,100,0.0,1005.8,0.0,1.0,2,11,0
2023-11-19 03:00:00,25.9,88,9.7,99,0.0,1010.0,0.0,24.9,95,6.3,100,0.0,1005.5,0.0,1.0,3,11,0
2023-11-19 04:00:00,25.6,90,8.7,100,0.0,1009.8,0.0,24.5,96,6.6,100,0.0,1005.4,0.0,1.1000000000000014,4,11,0
2023-11-19 05:00:00,25.3,91,8.1,100,0.0,1010.3,0.0,24.3,97,7.1,100,0.0,1005.8,0.0,1.0,5,11,0
2023-11-19 06:00:00,25.7,91,11.3,96,4.0,1011.1,0.0,24.5,97,8.0,91,4.0,1006.6,0.0,1.1999999999999993,6,11,1
2023-11-19 07:00:00,27.1,84,13.3,100,89.0,1011.8,0.1,26.1,91,9.1,100,104.0,1007.4,0.0,1.0,7,11,1
2023-11-19 08:00:00,28.3,77,17.8,100,294.0,1012.6,0.1,27.9,81,14.9,99,281.0,1008.2,0.2,0.40000000000000213,8,11,1
2023-11-19 09:00:00,29.0,74,18.8,92,516.0,1013.0,0.0,29.4,71,17.3,100,511.0,1008.5,0.0,-0.3999999999999986,9,11,1
2023-11-19 10:00:00,29.3,71,19.6,100,693.0,1012.9,0.0,30.0,67,18.4,100,687.0,1008.4,0.0,-0.6999999999999993,10,11,1
2023-11-19 11:00:00,29.5,69,18.8,100,781.0,1012.2,0.0,30.3,64,18.3,99,757.0,1007.7,0.0,-0.8000000000000007,11,11,1
2023-11-19 12:00:00,29.7,68,18.7,100,816.0,1011.0,0.0,30.5,61,17.8,99,790.0,1006.4,0.0,-0.8000000000000007,12,11,1
2023-11-19 13:00:00,29.5,69,19.7,86,794.0,1010.0,0.0,30.4,60,18.1,92,767.0,1005.4,0.0,-0.8999999999999986,13,11,1
2023-11-19 14:00:00,29.2,70,19.2,90,679.0,1009.2,0.0,30.0,64,17.6,97,692.0,1004.7,0.0,-0.8000000000000007,14,11,1
2023-11-19 15:00:00,28.8,71,18.3,99,500.0,1009.2,0.0,29.3,67,16.1,100,509.0,1004.7,0.0,-0.5,15,11,1
2023-11-19 16:00:00,28.1,73,18.0,100,274.0,1009.5,0.0,28.3,71,15.9,100,280.0,1005.0,0.0,-0.1999999999999993,16,11,1
2023-11-19 17:00:00,27.3,77,15.2,100,76.0,1009.9,0.0,27.3,76,11.5,100,82.0,1005.5,0.0,0.0,17,11,1
2023-11-19 18:00:00,26.7,79,14.1,100,0.0,1010.5,0.0,26.3,80,10.7,100,0.0,1005.9,0.0,0.3999999999999986,18,11,1
2023-11-19 19:00:00,26.6,80,14.8,100,0.0,1011.3,0.0,26.0,82,10.2,100,0.0,1006.8,0.0,0.6000000000000014,19,11,0
2023-11-19 20:00:00,26.6,80,14.2,100,0.0,1011.7,0.0,25.7,84,8.5,100,0.0,1007.3,0.0,0.9000000000000021,20,11,0
2023-11-19 21:00:00,26.4,81,14.5,27,0.0,1011.9,0.0,25.5,85,7.8,72,0.0,1007.4,0.0,0.8999999999999986,21,11,0
2023-11-19 22:00:00,26.5,78,14.1,53,0.0,1011.8,0.0,25.3,86,8.7,45,0.0,1007.4,0.0,1.1999999999999993,22,11,0
2023-11-19 23:00:00,26.3,78,14.0,28,0.0,1011.1,0.0,25.1,87,7.2,44,0.0,1006.6,0.0,1.1999999999999993,23,11,0
2023-11-20 00:00:00,25.9,80,13.9,28,0.0,1010.7,0.0,24.8,88,7.0,35,0.0,1006.3,0.0,1.0999999999999979,0,11,0
2023-11-20 01:00:00,25.7,81,13.2,89,0.0,1010.2,0.0,24.6,88,7.4,93,0.0,1005.8,0.0,1.0999999999999979,1,11,0
2023-11-20 02:00:00,25.5,82,13.5,98,0.0,1009.4,0.0,24.5,87,9.1,92,0.0,1004.8,0.0,1.0,2,11,0
2023-11-20 03:00:00,25.4,85,13.0,100,0.0,1009.0,0.0,24.3,88,9.4,100,0.0,1004.5,0.0,1.0999999999999979,3,11,0
2023-11-20 04:00:00,25.3,86,10.8,97,0.0,1009.1,0.0,24.1,90,5.1,99,0.0,1004.7,0.0,1.1999999999999993,4,11,0
2023-11-20 05:00:00,25.2,87,10.8,100,0.0,1009.6,0.0,24.1,90,7.1,100,0.0,1005.2,0.0,1.0999999999999979,5,11,0
2023-11-20 06:00:00,25.9,89,14.9,100,3.0,1010.1,0.3,25.3,90,9.0,100,2.0,1005.7,0.1,0.5999999999999979,6,11,1
2023-11-20 07:00:00,26.0,89,13.6,100,56.0,1011.3,0.2,25.3,93,9.7,100,22.0,1006.8,0.4,0.6999999999999993,7,11,1
2023-11-20 08:00:00,26.3,89,17.6,100,131.0,1012.2,1.6,26.1,85,14.3,100,94.0,1007.6,0.4,0.1999999999999993,8,11,1
2023-11-20 09:00:00,26.0,89,16.7,100,91.0,1012.3,0.8,26.0,90,15.1,100,161.0,1007.7,0.5,0.0,9,11,1
2023-11-20 10:00:00,26.5,86,19.2,100,199.0,1011.8,0.6,26.1,87,14.8,100,186.0,1007.5,0.7,0.3999999999999986,10,11,1
2023-11-20 11:00:00,27.2,84,19.4,100,358.0,1011.1,0.3,26.4,85,14.8,100,150.0,1006.6,1.5,0.8000000000000007,11,11,1
2023-11-20 12:00:00,26.3,85,20.7,100,178.0,1010.3,2.1,25.7,92,14.4,100,62.0,1005.7,1.9,0.6000000000000014,12,11,1
2023-11-20 13:00:00,25.8,92,19.2,100,150.0,1008.9,1.2,25.4,93,11.3,100,56.0,1004.7,1.6,0.40000000000000213,13,11,1
2023-11-20 14:00:00,25.7,92,19.7,100,118.0,1008.4,2.0,25.5,93,11.9,100,77.0,1004.1,1.6,0.1999999999999993,14,11,1
2023-11-20 15:00:00,25.5,91,21.2,100,80.0,1008.6,0.8,25.7,92,17.0,100,143.0,1004.0,1.6,-0.1999999999999993,15,11,1
2023-11-20 16:00:00,25.2,92,19.0,100,52.0,1008.7,1.6,25.2,93,14.8,100,64.0,1004.2,1.3,0.0,16,11,1
2023-11-20 17:00:00,24.9,94,17.7,100,25.0,1009.3,1.3,24.6,94,16.0,100,33.0,1004.6,2.2,0.29999999999999716,17,11,1
2023-11-20 18:00:00,25.1,93,12.8,100,0.0,1009.8,2.3,24.6,94,13.6,100,0.0,1005.4,0.2,0.5,18,11,1
2023-11-20 19:00:00,25.2,93,12.6,100,0.0,1010.5,0.4,24.5,95,10.8,100,0.0,1006.1,0.3,0.6999999999999993,19,11,0
2023-11-20 20:00:00,25.0,94,10.0,100,0.0,1011.1,0.5,24.5,96,9.4,100,0.0,1006.8,0.2,0.5,20,11,0
2023-11-20 21:00:00,24.8,96,7.2,100,0.0,1011.1,0.5,24.5,96,10.1,100,0.0,1006.7,0.1,0.3000000000000007,21,11,0
2023-11-20 22:00:00,24.9,96,6.5,100,0.0,1011.1,0.3,24.3,95,10.2,100,0.0,1006.7,0.0,0.5999999999999979,22,11,0
2023-11-20 23:00:00,24.8,96,3.7,100,0.0,1010.7,0.1,24.2,96,9.7,100,0.0,1006.2,0.0,0.6000000000000014,23,11,0
2023-11-21 00:00:00,24.9,96,2.2,100,0.0,1010.2,0.2,24.4,96,8.4,100,0.0,1005.8,0.0,0.5,0,11,0
2023-11-21 01:00:00,25.1,96,2.5,100,0.0,1009.3,0.1,24.1,97,8.2,100,0.0,1004.8,0.1,1.0,1,11,0
2023-11-21 02:00:00,25.0,96,2.6,100,0.0,1008.6,0.0,23.4,99,10.3,100,0.0,1004.1,0.0,1.6000000000000014,2,11,0
2023-11-21 03:00:00,24.7,96,2.9,100,0.0,1008.4,0.0,23.1,99,9.7,100,0.0,1003.9,0.0,1.5999999999999979,3,11,0
2023-11-21 04:00:00,24.6,96,4.7,100,0.0,1008.6,0.2,23.1,99,9.8,100,0.0,1004.1,0.3,1.5,4,11,0
2023-11-21 05:00:00,24.2,97,7.7,100,0.0,1009.2,0.0,23.3,99,8.9,76,0.0,1004.7,0.0,0.8999999999999986,5,11,0
2023-11-21 06:00:00,24.4,98,7.2,100,1.0,1009.9,2.0,24.2,98,9.2,100,1.0,1005.4,0.1,0.1999999999999993,6,11,1
2023-11-21 07:00:00,25.1,96,3.8,100,37.0,1010.3,0.6,24.3,98,6.2,100,43.0,1006.0,0.2,0.8000000000000007,7,11,1
2023-11-21 08:00:00,26.1,93,2.3,100,147.0,1011.0,0.1,25.7,91,6.1,100,176.0,1006.4,0.1,0.40000000000000213,8,11,1
2023-11-21 09:00:00,26.4,93,3.6,100,246.0,1011.8,0.8,26.9,87,8.4,100,265.0,1007.3,0.1,-0.5,9,11,1
2023-11-21 10:00:00,27.0,89,7.9,100,310.0,1011.2,0.3,28.0,82,7.4,100,404.0,1006.6,0.1,-1.0,10,11,1
2023-11-21 11:00:00,27.5,85,6.9,100,400.0,1010.6,0.3,28.0,81,7.4,100,456.0,1006.1,0.4,-0.5,11,11,1
2023-11-21 12:00:00,27.4,83,9.0,100,341.0,1009.5,0.1,26.6,86,6.7,100,383.0,1005.1,8.3,0.7999999999999972,12,11,1
2023-11-21 13:00:00,26.6,85,13.7,100,252.0,1008.6,0.8,27.2,83,11.9,100,252.0,1004.0,0.2,-0.5999999999999979,13,11,1
2023-11-21 14:00:00,26.6,85,13.2,100,321.0,1008.2,0.2,27.5,83,11.3,100,360.0,1003.5,0.2,-0.8999999999999986,14,11,1
2023-11-21 15:00:00,26.7,84,12.7,100,281.0,1008.0,0.0,27.1,84,12.7,100,247.0,1003.4,0.1,-0.40000000000000213,15,11,1
2023-11-21 16:00:00,26.4,85,13.7,100,189.0,1008.4,0.0,27.0,83,14.8,100,211.0,1003.7,0.1,-0.6000000000000014,16,11,1
2023-11-21 17:00:00,26.1,86,12.1,100,56.0,1009.0,0.0,26.3,85,11.5,100,60.0,1004.4,0.1,-0.1999999999999993,17,11,1
2023-11-21 18:00:00,25.3,93,12.7,100,0.0,1010.0,0.1,25.1,95,8.9,99,0.0,1005.3,1.1,0.1999999999999993,18,11,1
2023-11-21 19:00:00,25.1,93,14.8,100,0.0,1010.6,0.3,25.1,94,9.8,100,0.0,1006.2,0.5,0.0,19,11,0
2023-11-21 20:00:00,25.1,93,9.5,100,0.0,1010.7,0.2,25.0,94,6.8,100,0.0,1006.1,0.5,0.10000000000000142,20,11,0
2023-11-21 21:00:00,24.7,94,10.1,100,0.0,1011.3,2.4,24.9,94,7.4,100,0.0,1006.8,0.1,-0.1999999999999993,21,11,0
2023-11-21 22:00:00,24.6,95,2.8,100,0.0,1011.5,10.7,24.7,95,3.6,100,0.0,1006.8,0.8,-0.09999999999999787,22,11,0
2023-11-21 23:00:00,24.2,96,3.4,100,0.0,1011.0,5.9,24.3,97,3.6,100,0.0,1006.5,3.0,-0.10000000000000142,23,11,0
2023-11-22 00:00:00,24.1,97,3.3,100,0.0,1010.1,0.2,24.2,97,1.8,100,0.0,1005.6,0.2,-0.09999999999999787,0,11,0
2023-11-22 01:00:00,24.2,97,3.4,100,0.0,1009.2,0.2,24.0,98,4.4,100,0.0,1004.6,0.2,0.1999999999999993,1,11,0
2023-11-22 02:00:00,24.2,97,5.1,100,0.0,1008.5,0.2,23.4,99,7.9,100,0.0,1004.1,3.4,0.8000000000000007,2,11,0
2023-11-22 03:00:00,24.0,98,4.7,100,0.0,1008.5,0.8,23.5,98,4.8,100,0.0,1004.0,2.2,0.5,3,11,0
2023-11-22 04:00:00,23.9,97,4.2,100,0.0,1009.1,0.9,23.3,98,6.8,100,0.0,1004.7,8.2,0.5999999999999979,4,11,0
2023-11-22 05:00:00,23.8,97,3.3,100,0.0,1009.1,0.8,23.1,98,2.5,100,0.0,1004.7,2.0,0.6999999999999993,5,11,0
2023-11-22 06:00:00,24.6,97,3.4,100,2.0,1010.3,0.1,23.9,98,5.9,100,1.0,1005.6,2.7,0.7000000000000028,6,11,1
2023-11-22 07:00:00,25.0,96,5.2,100,47.0,1010.8,0.1,24.3,95,8.2,100,41.0,1006.3,0.0,0.6999999999999993,7,11,1
2023-11-22 08:00:00,26.3,88,3.8,100,191.0,1011.6,0.1,25.3,91,1.3,100,145.0,1007.3,0.1,1.0,8,11,1
2023-11-22 09:00:00,26.8,88,7.7,100,311.0,1012.0,0.2,25.5,92,1.8,100,207.0,1007.4,0.9,1.3000000000000007,9,11,1
2023-11-22 10:00:00,27.2,85,5.4,88,485.0,1011.3,0.4,27.4,82,9.3,100,429.0,1007.0,0.4,-0.1999999999999993,10,11,1
2023-11-22 11:00:00,28.1,83,7.6,100,746.0,1010.6,0.1,28.4,79,8.8,100,613.0,1006.1,0.3,-0.29999999999999716,11,11,1
2023-11-22 12:00:00,28.2,81,9.0,100,659.0,1009.1,0.0,29.0,76,10.7,100,615.0,1004.6,0.0,-0.8000000000000007,12,11,1
2023-11-22 13:00:00,28.1,81,8.6,100,526.0,1008.2,0.0,28.6,73,10.2,100,584.0,1003.7,1.4,-0.5,13,11,1
2023-11-22 14:00:00,28.0,81,8.6,99,421.0,1007.4,0.1,28.4,78,9.8,99,499.0,1002.9,1.0,-0.3999999999999986,14,11,1
2023-11-22 15:00:00,27.9,82,10.5,80,415.0,1007.2,0.0,28.5,78,12.3,95,404.0,1002.7,0.1,-0.6000000000000014,15,11,1
2023-11-22 16:00:00,27.5,79,11.6,100,246.0,1007.9,0.1,27.3,82,10.0,95,237.0,1003.6,0.8,0.1999999999999993,16,11,1
2023-11-22 17:00:00,26.8,85,6.3,100,70.0,1008.6,0.0,26.5,86,4.8,99,62.0,1004.1,0.1,0.3000000000000007,17,11,1
2023-11-22 18:00:00,26.4,87,5.9,100,0.0,1009.0,0.0,25.9,90,4.4,100,0.0,1004.6,0.0,0.5,18,11,1
2023-11-22 19:00:00,26.1,89,4.8,99,0.0,1009.7,0.0,25.5,92,4.2,99,0.0,1005.2,0.0,0.6000000000000014,19,11,0
2023-11-22 20:00:00,25.4,93,7.0,100,0.0,1010.5,0.0,25.2,94,4.0,100,0.0,1006.1,0.0,0.1999999999999993,20,11,0
2023-11-22 21:00:00,25.5,91,7.4,100,0.0,1010.9,0.0,24.9,96,3.6,100,0.0,1006.5,0.0,0.6000000000000014,21,11,0
2023-11-22 22:00:00,25.5,88,6.5,100,0.0,1010.8,0.0,24.8,96,4.8,100,0.0,1006.3,0.1,0.6999999999999993,22,11,0
2023-11-22 23:00:00,26.1,85,6.8,100,0.0,1010.4,0.0,24.2,98,3.1,100,0.0,1006.1,0.1,1.9000000000000021,23,11,0
2023-11-23 00:00:00,26.2,84,8.1,100,0.0,1009.8,0.0,24.3,97,2.5,100,0.0,1005.5,0.1,1.8999999999999986,0,11,0
2023-11-23 01:00:00,25.5,88,5.4,100,0.0,1009.2,0.0,24.4,97,4.5,100,0.0,1004.7,0.0,1.1000000000000014,1,11,0
2023-11-23 02:00:00,25.4,88,4.7,100,0.0,1008.5,0.1,24.0,98,3.9,100,0.0,1004.1,0.0,1.3999999999999986,2,11,0
2023-11-23 03:00:00,25.1,90,4.7,100,0.0,1008.4,0.0,23.8,98,4.6,100,0.0,1003.9,0.0,1.3000000000000007,3,11,0
2023-11-23 04:00:00,25.1,91,5.5,100,0.0,1008.4,0.0,23.4,99,3.3,99,0.0,1003.9,0.0,1.7000000000000028,4,11,0
2023-11-23 05:00:00,24.8,93,5.9,100,0.0,1008.8,0.1,23.6,98,3.0,100,0.0,1004.3,0.0,1.1999999999999993,5,11,0
2023-11-23 06:00:00,24.7,95,4.5,100,2.0,1009.7,0.8,24.5,97,5.4,100,2.0,1005.0,0.6,0.1999999999999993,6,11,1
2023-11-23 07:00:00,25.1,93,6.8,100,87.0,1010.7,1.7,25.4,93,6.7,100,82.0,1006.1,0.3,-0.29999999999999716,7,11,1
2023-11-23 08:00:00,25.7,90,5.6,100,212.0,1011.5,1.4,25.7,89,8.6,100,145.0,1007.0,0.6,0.0,8,11,1
2023-11-23 09:00:00,25.3,90,7.8,100,319.0,1012.2,1.0,26.8,85,8.9,100,411.0,1007.5,0.1,-1.5,9,11,1
2023-11-23 10:00:00,26.1,85,3.3,100,354.0,1011.4,1.3,27.7,81,8.6,100,494.0,1007.0,0.1,-1.5999999999999979,10,11,1
2023-11-23 11:00:00,26.5,85,4.6,100,562.0,1010.6,1.9,28.3,78,9.7,99,550.0,1005.8,0.2,-1.8000000000000007,11,11,1
2023-11-23 12:00:00,26.6,84,7.2,100,490.0,1009.4,0.3,27.3,80,10.0,99,570.0,1004.9,7.4,-0.6999999999999993,12,11,1
2023-11-23 13:00:00,26.5,80,12.1,99,579.0,1008.7,0.9,26.5,84,10.5,100,390.0,1004.1,4.2,0.0,13,11,1
2023-11-23 14:00:00,25.9,85,6.5,100,346.0,1007.8,1.3,26.0,85,10.4,100,224.0,1003.0,0.6,-0.10000000000000142,14,11,1
2023-11-23 15:00:00,26.0,83,5.4,100,231.0,1007.4,0.0,26.3,83,7.6,100,236.0,1002.9,0.0,-0.3000000000000007,15,11,1
2023-11-23 16:00:00,26.1,83,8.0,100,149.0,1007.8,0.0,26.3,82,8.7,100,162.0,1003.3,0.0,-0.1999999999999993,16,11,1
2023-11-23 17:00:00,25.9,85,4.3,100,41.0,1008.1,0.0,25.7,85,5.9,100,48.0,1003.7,0.0,0.1999999999999993,17,11,1
2023-11-23 18:00:00,26.3,85,8.2,100,0.0,1008.8,0.0,25.9,88,8.0,97,0.0,1004.3,0.0,0.40000000000000213,18,11,1
2023-11-23 19:00:00,26.1,87,10.3,80,0.0,1009.5,0.0,25.6,89,7.7,98,0.0,1005.0,0.0,0.5,19,11,0
2023-11-23 20:00:00,26.0,88,9.1,85,0.0,1010.3,0.0,25.6,89,6.6,94,0.0,1005.7,0.0,0.3999999999999986,20,11,0
2023-11-23 21:00:00,26.0,87,9.0,94,0.0,1010.4,0.0,25.2,92,5.4,88,0.0,1005.8,0.0,0.8000000000000007,21,11,0
2023-11-23 22:00:00,25.9,88,8.1,79,0.0,1010.1,0.0,25.0,93,6.0,59,0.0,1005.6,0.0,0.8999999999999986,22,11,0
2023-11-23 23:00:00,25.8,88,7.6,100,0.0,1009.6,0.0,24.8,94,6.5,53,0.0,1005.0,0.0,1.0,23,11,0
2023-11-24 00:00:00,25.9,87,9.3,99,0.0,1008.8,0.0,24.7,94,5.6,99,0.0,1004.3,0.0,1.1999999999999993,0,11,0
2023-11-24 01:00:00,25.9,87,10.1,100,0.0,1008.0,0.0,24.5,94,5.8,100,0.0,1003.6,0.0,1.3999999999999986,1,11,0
2023-11-24 02:00:00,25.6,88,8.9,100,0.0,1007.6,0.1,24.6,93,5.7,100,0.0,1003.2,0.0,1.0,2,11,0
2023-11-24 03:00:00,25.1,92,6.4,100,0.0,1007.3,0.5,24.3,93,4.8,100,0.0,1002.7,0.1,0.8000000000000007,3,11,0
2023-11-24 04:00:00,25.3,91,7.2,93,0.0,1007.4,0.1,24.6,94,7.3,50,0.0,1002.9,0.1,0.6999999999999993,4,11,0
2023-11-24 05:00:00,25.2,92,8.0,99,0.0,1008.2,0.1,24.0,97,6.3,100,0.0,1003.8,0.0,1.1999999999999993,5,11,0
2023-11-24 06:00:00,25.8,91,11.0,97,2.0,1009.2,0.2,24.8,95,6.7,100,2.0,1004.8,0.6,1.0,6,11,1
2023-11-24 07:00:00,25.7,90,10.8,49,65.0,1010.3,0.3,26.0,86,11.0,96,57.0,1006.1,1.0,-0.3000000000000007,7,11,1
2023-11-24 08:00:00,26.1,85,13.3,94,268.0,1011.6,0.8,26.2,86,7.9,97,156.0,1006.7,0.5,-0.09999999999999787,8,11,1
2023-11-24 09:00:00,26.6,84,7.5,100,341.0,1011.9,0.5,26.0,87,13.3,100,388.0,1007.7,3.1,0.6000000000000014,9,11,1
2023-11-24 10:00:00,26.4,85,8.4,97,512.0,1011.5,1.2,27.4,79,9.2,99,413.0,1007.0,0.2,-1.0,10,11,1
2023-11-24 11:00:00,27.0,82,9.4,97,684.0,1010.7,0.7,28.2,78,10.2,100,521.0,1006.1,0.0,-1.1999999999999993,11,11,1
2023-11-24 12:00:00,27.8,80,7.9,98,642.0,1009.5,0.1,27.6,78,7.6,98,454.0,1005.1,1.6,0.1999999999999993,12,11,1
2023-11-24 13:00:00,28.0,80,9.4,99,638.0,1008.8,0.0,28.0,78,10.1,100,484.0,1004.4,0.1,0.0,13,11,1
2023-11-24 14:00:00,27.2,82,11.6,100,507.0,1008.0,0.9,26.8,82,13.8,98,471.0,1003.4,1.3,0.3999999999999986,14,11,1
2023-11-24 15:00:00,26.8,83,16.2,98,389.0,1008.0,0.1,27.0,80,12.2,98,335.0,1003.4,0.1,-0.1999999999999993,15,11,1
2023-11-24 16:00:00,26.2,84,11.0,96,212.0,1008.2,0.0,27.1,79,11.4,99,210.0,1003.7,0.0,-0.9000000000000021,16,11,1
2023-11-24 17:00:00,25.9,85,9.6,89,73.0,1009.1,0.0,26.3,84,8.9,82,59.0,1004.5,0.0,-0.40000000000000213,17,11,1
2023-11-24 18:00:00,25.1,94,11.3,99,0.0,1009.6,10.5,25.3,91,10.3,100,0.0,1004.9,0.0,-0.1999999999999993,18,11,1
2023-11-24 19:00:00,24.2,96,8.8,100,0.0,1011.3,4.0,24.1,97,12.9,100,0.0,1006.8,7.3,0.09999999999999787,19,11,0
2023-11-24 20:00:00,24.7,94,5.0,100,0.0,1011.6,0.2,24.0,96,8.2,100,0.0,1007.3,3.1,0.6999999999999993,20,11,0
2023-11-24 21:00:00,24.2,95,5.3,100,0.0,1012.4,4.8,24.1,96,7.2,100,0.0,1007.6,0.2,0.09999999999999787,21,11,0
2023-11-24 22:00:00,24.2,96,5.5,100,0.0,1011.9,0.8,23.4,97,3.4,100,0.0,1007.5,4.7,0.8000000000000007,22,11,0
2023-11-24 23:00:00,24.5,95,4.5,100,0.0,1011.4,0.4,23.7,97,6.6,100,0.0,1006.9,0.2,0.8000000000000007,23,11,0
2023-11-25 00:00:00,24.5,96,3.7,100,0.0,1010.6,0.1,23.7,97,7.1,100,0.0,1006.2,0.1,0.8000000000000007,0,11,0
2023-11-25 01:00:00,24.3,96,6.2,100,0.0,1010.2,0.3,23.6,98,6.7,100,0.0,1005.9,0.1,0.6999999999999993,1,11,0
2023-11-25 02:00:00,23.9,98,7.7,100,0.0,1010.0,0.2,23.4,100,6.0,100,0.0,1005.3,0.4,0.5,2,11,0
2023-11-25 03:00:00,24.0,94,6.6,100,0.0,1009.7,1.0,23.4,98,5.8,100,0.0,1005.2,1.5,0.6000000000000014,3,11,0
2023-11-25 04:00:00,23.9,95,6.8,74,0.0,1009.8,0.5,23.4,98,6.8,87,0.0,1005.3,0.3,0.5,4,11,0
2023-11-25 05:00:00,23.9,95,6.1,91,0.0,1010.2,0.2,23.4,98,8.4,100,0.0,1005.6,0.1,0.5,5,11,0
2023-11-25 06:00:00,25.0,92,11.3,93,2.0,1011.3,0.1,23.7,95,9.0,82,2.0,1006.8,0.0,1.3000000000000007,6,11,1
2023-11-25 07:00:00,25.9,90,14.0,47,87.0,1012.1,0.1,24.9,90,9.7,65,66.0,1007.6,0.1,1.0,7,11,1
2023-11-25 08:00:00,26.7,85,16.9,31,257.0,1012.4,0.4,26.3,86,14.0,63,223.0,1008.0,0.3,0.3999999999999986,8,11,1
2023-11-25 09:00:00,28.1,81,14.8,17,481.0,1012.7,0.0,28.0,81,13.0,37,451.0,1008.3,0.2,0.10000000000000142,9,11,1
2023-11-25 10:00:00,28.5,78,16.7,50,637.0,1012.3,0.0,29.2,75,16.5,94,612.0,1007.7,0.1,-0.6999999999999993,10,11,1
2023-11-25 11:00:00,27.5,79,19.4,73,510.0,1011.7,0.4,29.2,74,16.8,89,664.0,1006.9,0.0,-1.6999999999999993,11,11,1
2023-11-25 12:00:00,27.7,82,16.5,74,636.0,1010.8,0.2,28.0,78,15.5,37,604.0,1006.1,0.3,-0.3000000000000007,12,11,1
2023-11-25 13:00:00,28.6,79,14.8,44,648.0,1009.7,0.1,28.0,78,17.7,82,584.0,1005.4,1.0,0.6000000000000014,13,11,1
2023-11-25 14:00:00,26.5,85,11.0,86,477.0,1009.5,1.1,27.4,80,15.0,81,407.0,1004.9,1.6,-0.8999999999999986,14,11,1
2023-11-25 15:00:00,27.9,81,11.5,100,309.0,1009.2,0.2,27.6,80,14.7,64,366.0,1004.8,0.2,0.29999999999999716,15,11,1
2023-11-25 16:00:00,27.8,80,15.6,35,161.0,1009.0,0.1,26.9,83,10.9,92,201.0,1004.7,0.3,0.9000000000000021,16,11,1
2023-11-25 17:00:00,27.6,79,16.8,37,62.0,1009.6,0.1,26.6,87,10.5,73,37.0,1005.1,0.3,1.0,17,11,1
2023-11-25 18:00:00,27.4,78,17.1,100,0.0,1010.3,0.0,26.8,82,12.0,100,0.0,1005.8,0.0,0.5999999999999979,18,11,1
2023-11-25 19:00:00,27.2,79,17.1,100,0.0,1011.6,0.0,26.8,81,12.7,100,0.0,1007.1,0.0,0.3999999999999986,19,11,0
2023-11-25 20:00:00,27.1,80,16.3,100,0.0,1012.5,0.0,26.5,82,11.6,100,0.0,1008.0,0.0,0.6000000000000014,20,11,0
2023-11-25 21:00:00,27.1,80,16.3,100,0.0,1013.0,0.0,26.3,83,11.1,100,0.0,1008.4,0.0,0.8000000000000007,21,11,0
2023-11-25 22:00:00,27.0,80,16.3,100,0.0,1013.0,0.0,26.1,84,10.9,100,0.0,1008.4,0.0,0.8999999999999986,22,11,0
2023-11-25 23:00:00,26.8,82,16.5,100,0.0,1012.4,0.0,26.0,84,10.2,100,0.0,1007.9,0.0,0.8000000000000007,23,11,0
2023-11-26 00:00:00,26.7,83,16.9,100,0.0,1012.2,0.0,26.0,84,10.2,100,0.0,1007.8,0.0,0.6999999999999993,0,11,0
2023-11-26 01:00:00,26.4,83,16.1,100,0.0,1011.6,0.0,24.6,91,9.8,100,0.0,1007.3,1.1,1.7999999999999972,1,11,0
2023-11-26 02:00:00,25.7,85,15.2,100,0.0,1011.1,0.5,23.8,95,8.7,97,0.0,1006.7,0.8,1.8999999999999986,2,11,0
2023-11-26 03:00:00,25.9,84,12.2,95,0.0,1010.5,0.2,24.4,93,6.6,89,0.0,1006.2,0.1,1.5,3,11,0
2023-11-26 04:00:00,25.0,87,15.0,100,0.0,1011.1,0.2,23.1,95,16.8,98,0.0,1007.0,0.4,1.8999999999999986,4,11,0
2023-11-26 05:00:00,23.4,92,11.7,100,0.0,1011.8,4.8,23.1,95,7.0,100,0.0,1007.3,1.7,0.29999999999999716,5,11,0
2023-11-26 06:00:00,25.0,86,16.5,74,2.0,1012.6,0.4,24.4,91,10.5,94,2.0,1008.1,0.7,0.6000000000000014,6,11,1
2023-11-26 07:00:00,26.0,86,12.7,86,97.0,1013.4,0.0,25.6,88,12.5,98,102.0,1008.9,0.0,0.3999999999999986,7,11,1
2023-11-26 08:00:00,27.3,81,15.6,94,304.0,1014.0,0.0,27.1,82,13.1,98,286.0,1009.4,0.0,0.1999999999999993,8,11,1
2023-11-26 09:00:00,27.8,78,17.4,99,402.0,1013.9,0.2,28.2,78,16.1,99,464.0,1009.4,0.1,-0.3999999999999986,9,11,1
2023-11-26 10:00:00,28.7,77,18.9,97,646.0,1013.5,0.1,29.3,73,19.2,98,627.0,1008.8,0.1,-0.6000000000000014,10,11,1
2023-11-26 11:00:00,28.6,79,20.8,98,731.0,1012.4,0.3,28.7,73,21.0,100,726.0,1007.8,0.5,-0.09999999999999787,11,11,1
2023-11-26 12:00:00,29.1,76,21.3,98,792.0,1011.3,0.3,29.6,72,20.3,100,719.0,1006.7,0.1,-0.5,12,11,1
2023-11-26 13:00:00,29.0,76,22.4,97,762.0,1010.3,0.1,28.6,78,18.9,98,635.0,1005.9,1.0,0.3999999999999986,13,11,1
2023-11-26 14:00:00,28.4,77,22.7,96,612.0,1009.7,0.3,28.9,74,19.9,88,547.0,1005.2,0.1,-0.5,14,11,1
2023-11-26 15:00:00,28.5,74,21.5,90,429.0,1009.6,0.1,28.6,72,20.6,91,404.0,1005.0,0.0,-0.10000000000000142,15,11,1
2023-11-26 16:00:00,27.7,79,19.1,69,229.0,1009.7,0.4,27.2,77,18.1,89,206.0,1005.3,0.3,0.5,16,11,1
2023-11-26 17:00:00,26.4,83,18.2,75,56.0,1010.5,0.1,25.7,86,16.4,84,63.0,1006.1,0.2,0.6999999999999993,17,11,1
2023-11-26 18:00:00,24.0,94,8.7,100,0.0,1011.5,4.4,24.3,94,11.1,100,0.0,1007.0,1.6,-0.3000000000000007,18,11,1
2023-11-26 19:00:00,24.7,93,14.5,99,0.0,1012.1,2.1,23.8,96,8.0,100,0.0,1007.6,0.4,0.8999999999999986,19,11,0
2023-11-26 20:00:00,25.3,90,10.0,93,0.0,1012.5,0.2,24.2,94,10.0,85,0.0,1008.1,0.2,1.1000000000000014,20,11,0
2023-11-26 21:00:00,25.8,89,13.5,59,0.0,1012.6,0.1,24.5,95,6.5,67,0.0,1008.2,0.1,1.3000000000000007,21,11,0
2023-11-26 22:00:00,25.3,91,7.7,97,0.0,1012.8,0.6,24.3,96,10.1,99,0.0,1008.2,0.1,1.0,22,11,0
2023-11-26 23:00:00,24.7,93,11.5,100,0.0,1012.4,0.4,22.9,99,5.4,99,0.0,1007.9,1.1,1.8000000000000007,23,11,0
2023-11-27 00:00:00,24.3,93,13.0,83,0.0,1011.9,1.1,23.2,97,2.7,100,0.0,1007.5,0.9,1.1000000000000014,0,11,0
2023-11-27 01:00:00,24.0,94,8.0,37,0.0,1010.9,0.3,23.4,97,5.2,85,0.0,1006.6,0.4,0.6000000000000014,1,11,0
2023-11-27 02:00:00,24.5,92,6.6,32,0.0,1009.7,0.1,23.7,96,3.8,20,0.0,1005.2,0.1,0.8000000000000007,2,11,0
2023-11-27 03:00:00,24.5,93,5.9,57,0.0,1009.3,0.0,23.2,97,6.1,45,0.0,1004.8,0.0,1.3000000000000007,3,11,0
2023-11-27 04:00:00,24.7,91,5.6,52,0.0,1009.3,0.1,23.2,97,8.2,44,0.0,1004.8,0.0,1.5,4,11,0
2023-11-27 05:00:00,25.3,85,5.2,43,0.0,1009.7,0.1,23.2,97,10.0,53,0.0,1005.3,0.0,2.1000000000000014,5,11,0
2023-11-27 06:00:00,25.9,89,8.0,59,2.0,1010.2,0.4,24.4,95,7.3,55,2.0,1005.8,0.2,1.5,6,11,1
2023-11-27 07:00:00,26.7,89,5.6,75,84.0,1011.2,0.1,25.3,94,7.6,100,85.0,1006.7,0.1,1.3999999999999986,7,11,1
2023-11-27 08:00:00,27.6,86,5.1,96,204.0,1012.0,0.1,26.9,85,10.0,97,275.0,1007.5,0.1,0.7000000000000028,8,11,1
2023-11-27 09:00:00,28.7,77,9.5,85,432.0,1012.3,0.1,28.5,80,4.8,85,419.0,1007.9,0.1,0.1999999999999993,9,11,1
2023-11-27 10:00:00,29.2,72,13.4,47,560.0,1012.3,0.1,29.0,72,14.0,59,563.0,1007.8,0.4,0.1999999999999993,10,11,1
2023-11-27 11:00:00,29.1,72,15.2,18,514.0,1011.3,0.1,29.2,71,11.6,67,550.0,1006.9,1.1,-0.09999999999999787,11,11,1
2023-11-27 12:00:00,29.7,70,16.2,26,701.0,1010.1,0.1,30.1,66,16.2,55,674.0,1005.6,0.8,-0.40000000000000213,12,11,1
2023-11-27 13:00:00,29.5,71,16.9,36,716.0,1009.0,0.0,30.1,66,16.2,49,708.0,1004.4,0.2,-0.6000000000000014,13,11,1
2023-11-27 14:00:00,29.3,71,16.6,68,604.0,1008.2,0.0,29.6,68,15.8,67,583.0,1003.7,0.1,-0.3000000000000007,14,11,1
2023-11-27 15:00:00,28.9,72,15.4,23,462.0,1008.4,0.0,29.1,70,14.9,80,427.0,1003.8,0.1,-0.20000000000000284,15,11,1
2023-11-27 16:00:00,28.3,74,14.6,42,266.0,1008.7,0.0,28.5,72,14.1,34,263.0,1004.2,0.1,-0.1999999999999993,16,11,1
2023-11-27 17:00:00,27.4,78,11.6,14,83.0,1008.9,0.0,27.3,78,9.2,7,83.0,1004.4,0.0,0.09999999999999787,17,11,1
2023-11-27 18:00:00,26.5,84,14.4,35,0.0,1009.4,0.0,26.7,82,10.5,23,0.0,1004.8,0.0,-0.1999999999999993,18,11,1
2023-11-27 19:00:00,26.7,86,12.5,14,0.0,1010.5,0.1,25.6,86,9.4,67,0.0,1006.0,0.1,1.0999999999999979,19,11,0
2023-11-27 20:00:00,26.4,87,12.6,36,0.0,1010.8,0.0,25.0,92,5.1,64,0.0,1006.5,1.3,1.3999999999999986,20,11,0
2023-11-27 21:00:00,25.6,89,13.3,94,0.0,1011.5,0.1,25.0,94,5.8,97,0.0,1006.8,0.7,0.6000000000000014,21,11,0
2023-11-27 22:00:00,25.5,89,8.6,26,0.0,1011.2,0.3,24.7,96,4.3,89,0.0,1006.8,0.7,0.8000000000000007,22,11,0
2023-11-27 23:00:00,25.3,91,8.8,32,0.0,1010.9,0.0,24.5,96,4.6,51,0.0,1006.6,0.7,0.8000000000000007,23,11,0
2023-11-28 00:00:00,24.8,92,10.4,73,0.0,1010.6,0.1,24.4,96,6.5,71,0.0,1006.0,0.1,0.40000000000000213,0,11,0
2023-11-28 01:00:00,24.2,95,6.2,64,0.0,1009.8,0.3,24.1,97,5.4,55,0.0,1005.3,0.2,0.09999999999999787,1,11,0
2023-11-28 02:00:00,23.8,97,3.7,100,0.0,1009.7,1.1,23.6,99,9.5,100,0.0,1005.1,0.1,0.1999999999999993,2,11,0
2023-11-28 03:00:00,23.3,98,7.2,99,0.0,1009.3,0.4,22.9,99,8.6,100,0.0,1004.7,0.3,0.40000000000000213,3,11,0
2023-11-28 04:00:00,23.7,96,4.1,85,0.0,1009.3,0.3,22.9,97,7.9,100,0.0,1004.8,0.2,0.8000000000000007,4,11,0
2023-11-28 05:00:00,23.8,95,7.2,86,0.0,1009.7,0.1,22.9,98,7.4,98,0.0,1005.2,0.6,0.9000000000000021,5,11,0
2023-11-28 06:00:00,25.4,89,7.1,57,2.0,1009.8,0.0,24.1,96,4.0,99,2.0,1005.6,0.0,1.2999999999999972,6,11,1
2023-11-28 07:00:00,26.7,88,8.6,92,97.0,1010.2,0.0,25.4,92,5.9,92,90.0,1005.8,0.0,1.3000000000000007,7,11,1
2023-11-28 08:00:00,28.0,79,11.3,96,288.0,1010.9,0.0,26.9,86,4.7,100,257.0,1006.5,0.2,1.1000000000000014,8,11,1
2023-11-28 09:00:00,27.9,77,15.3,98,417.0,1011.2,0.3,28.2,78,12.6,100,428.0,1006.8,0.1,-0.3000000000000007,9,11,1
2023-11-28 10:00:00,28.1,79,12.7,100,498.0,1011.2,0.3,29.1,73,14.2,100,469.0,1006.6,0.1,-1.0,10,11,1
2023-11-28 11:00:00,28.9,74,14.7,97,645.0,1010.6,0.1,28.3,76,10.4,95,447.0,1006.2,0.4,0.5999999999999979,11,11,1
2023-11-28 12:00:00,27.4,80,16.6,98,517.0,1009.6,0.3,27.3,80,12.3,98,632.0,1005.1,0.6,0.09999999999999787,12,11,1
2023-11-28 13:00:00,28.2,77,14.0,96,549.0,1008.5,0.1,27.2,78,15.3,99,462.0,1004.1,0.7,1.0,13,11,1
2023-11-28 14:00:00,26.4,83,18.7,70,549.0,1008.0,0.6,26.7,83,13.0,63,333.0,1003.3,0.3,-0.3000000000000007,14,11,1
2023-11-28 15:00:00,26.5,82,13.0,57,312.0,1007.3,0.0,26.6,82,14.4,66,254.0,1002.9,0.1,-0.10000000000000142,15,11,1
2023-11-28 16:00:00,26.3,83,9.2,53,249.0,1007.7,0.0,26.4,82,10.8,64,207.0,1003.2,0.0,-0.09999999999999787,16,11,1
2023-11-28 17:00:00,25.8,86,12.2,95,71.0,1008.4,0.1,26.1,84,8.6,96,73.0,1003.7,0.0,-0.3000000000000007,17,11,1
2023-11-28 18:00:00,25.4,86,17.7,80,0.0,1008.9,0.1,25.8,84,12.2,87,0.0,1004.2,0.1,-0.40000000000000213,18,11,1
2023-11-28 19:00:00,24.1,93,19.2,100,0.0,1010.2,0.8,23.7,95,14.0,100,0.0,1005.7,1.3,0.40000000000000213,19,11,0
2023-11-28 20:00:00,25.0,88,14.0,100,0.0,1010.7,0.2,23.8,93,6.6,100,0.0,1006.0,0.6,1.1999999999999993,20,11,0
2023-11-28 21:00:00,24.5,92,11.5,100,0.0,1011.1,1.1,24.1,93,8.0,100,0.0,1006.4,0.0,0.3999999999999986,21,11,0
2023-11-28 22:00:00,24.8,91,6.9,98,0.0,1011.1,0.1,24.2,94,6.1,100,0.0,1006.5,0.0,0.6000000000000014,22,11,0
2023-11-28 23:00:00,24.3,94,5.6,85,0.0,1010.2,0.0,23.8,96,4.7,100,0.0,1005.8,0.0,0.5,23,11,0
2023-11-29 00:00:00,24.1,96,7.0,100,0.0,1009.9,1.1,23.9,97,3.3,100,0.0,1005.5,0.2,0.20000000000000284,0,11,0
2023-11-29 01:00:00,23.7,96,7.0,94,0.0,1009.1,0.1,23.6,98,4.3,100,0.0,1004.8,0.3,0.09999999999999787,1,11,0
2023-11-29 02:00:00,23.1,96,8.6,100,0.0,1009.0,1.6,23.4,98,6.0,100,0.0,1004.3,0.7,-0.29999999999999716,2,11,0
2023-11-29 03:00:00,23.2,94,5.6,100,0.0,1008.4,3.2,23.1,98,6.1,100,0.0,1004.0,0.6,0.09999999999999787,3,11,0
2023-11-29 04:00:00,23.4,95,6.5,100,0.0,1008.6,0.1,23.0,97,7.6,100,0.0,1004.2,0.2,0.3999999999999986,4,11,0
2023-11-29 05:00:00,23.7,95,4.7,100,0.0,1008.8,0.1,22.8,96,6.3,100,0.0,1004.4,0.1,0.8999999999999986,5,11,0
2023-11-29 06:00:00,24.1,93,8.1,100,1.0,1009.6,0.8,23.0,98,5.1,100,1.0,1005.4,1.7,1.1000000000000014,6,11,1
2023-11-29 07:00:00,25.3,90,8.9,100,68.0,1010.3,0.0,24.0,92,7.2,100,57.0,1006.0,0.0,1.3000000000000007,7,11,1
2023-11-29 08:00:00,26.5,83,12.9,100,226.0,1011.4,0.1,25.2,88,9.2,100,130.0,1007.0,0.1,1.3000000000000007,8,11,1
2023-11-29 09:00:00,27.5,78,13.0,100,411.0,1011.8,0.0,27.2,81,9.5,100,378.0,1007.3,0.1,0.3000000000000007,9,11,1
2023-11-29 10:00:00,26.4,80,19.2,100,363.0,1011.5,0.2,28.2,74,12.2,100,464.0,1006.7,0.1,-1.8000000000000007,10,11,1
2023-11-29 11:00:00,26.0,84,15.4,100,524.0,1011.1,1.1,26.3,82,15.0,100,320.0,1006.2,0.6,-0.3000000000000007,11,11,1
2023-11-29 12:00:00,25.8,86,12.9,100,411.0,1010.2,1.6,28.1,75,14.8,100,623.0,1005.5,0.1,-2.3000000000000007,12,11,1
2023-11-29 13:00:00,25.8,86,13.6,100,479.0,1009.4,0.2,26.1,82,14.9,100,311.0,1004.6,1.9,-0.3000000000000007,13,11,1
2023-11-29 14:00:00,25.9,85,13.5,100,265.0,1008.6,0.9,25.1,86,14.8,100,275.0,1004.3,0.7,0.7999999999999972,14,11,1
2023-11-29 15:00:00,25.8,84,12.6,100,277.0,1008.8,0.3,24.3,90,12.9,100,160.0,1004.3,0.6,1.5,15,11,1
2023-11-29 16:00:00,25.7,83,11.7,100,145.0,1009.0,0.1,25.3,85,10.9,100,178.0,1004.4,0.2,0.3999999999999986,16,11,1
2023-11-29 17:00:00,25.5,87,7.9,100,46.0,1009.4,0.2,24.9,90,7.1,100,59.0,1004.9,0.1,0.6000000000000014,17,11,1
2023-11-29 18:00:00,24.5,94,8.5,100,0.0,1010.4,0.4,24.6,94,6.3,100,0.0,1005.7,1.6,-0.10000000000000142,18,11,1
2023-11-29 19:00:00,24.8,93,7.4,100,0.0,1011.4,0.1,24.0,96,10.5,100,0.0,1006.9,0.1,0.8000000000000007,19,11,0
2023-11-29 20:00:00,24.7,92,11.1,100,0.0,1012.2,1.0,23.9,96,9.4,100,0.0,1007.6,0.0,0.8000000000000007,20,11,0
2023-11-29 21:00:00,24.9,92,9.3,100,0.0,1012.0,0.3,24.1,95,5.1,100,0.0,1007.4,0.2,0.7999999999999972,21,11,0
2023-11-29 22:00:00,25.0,91,6.2,100,0.0,1012.0,0.1,24.1,95,7.5,100,0.0,1007.3,0.0,0.8999999999999986,22,11,0
2023-11-29 23:00:00,24.8,92,8.3,96,0.0,1011.6,0.1,23.8,97,5.9,89,0.0,1007.1,0.0,1.0,23,11,0
2023-11-30 00:00:00,24.4,95,6.9,100,0.0,1010.8,0.1,23.3,96,5.6,99,0.0,1006.5,0.7,1.0999999999999979,0,11,0
2023-11-30 01:00:00,24.1,97,7.1,100,0.0,1010.1,0.1,23.3,97,2.3,100,0.0,1005.9,0.6,0.8000000000000007,1,11,0
2023-11-30 02:00:00,23.9,97,7.5,99,0.0,1009.4,0.1,23.2,98,5.0,100,0.0,1005.0,0.3,0.6999999999999993,2,11,0
2023-11-30 03:00:00,24.1,96,3.4,100,0.0,1009.3,0.3,23.2,99,5.5,100,0.0,1004.9,0.2,0.9000000000000021,3,11,0
2023-11-30 04:00:00,24.2,95,4.5,87,0.0,1009.3,0.4,23.3,98,8.0,98,0.0,1004.8,0.2,0.8999999999999986,4,11,0
2023-11-30 05:00:00,24.3,95,7.9,100,0.0,1010.1,0.2,23.2,98,7.5,97,0.0,1005.6,0.0,1.1000000000000014,5,11,0
2023-11-30 06:00:00,24.7,92,7.2,98,1.0,1010.4,0.2,23.8,96,4.8,100,1.0,1005.9,0.0,0.8999999999999986,6,11,1
2023-11-30 07:00:00,24.8,91,10.1,100,52.0,1011.6,0.7,24.6,95,8.6,99,61.0,1006.9,0.1,0.1999999999999993,7,11,1
2023-11-30 08:00:00,25.6,87,13.0,100,160.0,1012.5,1.0,25.1,91,10.8,100,138.0,1007.8,0.3,0.5,8,11,1
2023-11-30 09:00:00,26.2,86,11.3,100,239.0,1012.5,0.6,25.8,87,10.0,100,186.0,1008.1,0.4,0.3999999999999986,9,11,1
2023-11-30 10:00:00,26.0,86,12.5,100,298.0,1012.4,2.5,26.5,84,11.3,100,300.0,1007.8,0.2,-0.5,10,11,1
2023-11-30 11:00:00,25.9,86,12.2,100,257.0,1011.7,1.1,26.0,84,14.6,100,371.0,1007.2,1.7,-0.10000000000000142,11,11,1
2023-11-30 12:00:00,26.2,84,14.5,100,270.0,1010.8,0.4,25.7,87,12.2,100,189.0,1006.3,0.3,0.5,12,11,1
2023-11-30 13:00:00,26.3,84,13.1,100,381.0,1009.6,0.2,27.4,79,14.0,100,501.0,1005.1,0.2,-1.0999999999999979,13,11,1
2023-11-30 14:00:00,26.5,82,15.0,100,270.0,1008.6,0.0,27.1,80,14.6,100,343.0,1004.1,0.1,-0.6000000000000014,14,11,1
2023-11-30 15:00:00,26.6,82,13.8,100,198.0,1008.4,0.0,26.9,80,13.8,100,228.0,1004.0,0.1,-0.29999999999999716,15,11,1
2023-11-30 16:00:00,26.7,81,14.5,97,184.0,1008.6,0.1,26.3,82,11.2,100,88.0,1004.1,0.2,0.3999999999999986,16,11,1
2023-11-30 17:00:00,26.0,85,13.0,100,62.0,1009.6,0.1,25.5,88,9.2,100,31.0,1005.0,1.3,0.5,17,11,1
2023-11-30 18:00:00,24.4,94,11.3,100,0.0,1010.7,1.9,24.8,92,8.4,91,1.0,1006.0,0.1,-0.40000000000000213,18,11,1
2023-11-30 19:00:00,24.8,92,7.4,96,0.0,1011.1,1.9,24.5,93,10.2,88,0.0,1006.6,0.5,0.3000000000000007,19,11,0
2023-11-30 20:00:00,24.5,94,8.9,100,0.0,1011.8,0.4,24.0,96,7.2,84,0.0,1007.2,0.1,0.5,20,11,0
2023-11-30 21:00:00,24.8,93,8.0,100,0.0,1012.1,0.3,23.6,98,7.2,94,0.0,1007.8,0.1,1.1999999999999993,21,11,0
2023-11-30 22:00:00,24.7,93,6.1,92,0.0,1012.0,0.8,23.5,97,6.5,89,0.0,1007.6,1.5,1.1999999999999993,22,11,0
2023-11-30 23:00:00,24.3,96,3.9,91,0.0,1011.3,0.1,23.5,97,8.7,40,0.0,1006.8,0.2,0.8000000000000007,23,11,0
2023-12-01 00:00:00,24.5,94,7.3,92,0.0,1010.6,0.2,23.3,98,6.6,32,0.0,1006.1,0.2,1.1999999999999993,0,12,0
2023-12-01 01:00:00,24.4,94,10.9,99,0.0,1010.1,0.3,23.1,98,9.1,49,0.0,1005.7,0.2,1.2999999999999972,1,12,0
2023-12-01 02:00:00,24.0,95,11.0,94,0.0,1009.4,0.1,22.9,99,9.6,100,0.0,1005.0,0.1,1.1000000000000014,2,12,0
2023-12-01 03:00:00,23.6,95,9.5,100,0.0,1008.9,0.0,23.0,99,9.2,96,0.0,1004.5,0.1,0.6000000000000014,3,12,0
2023-12-01 04:00:00,23.4,96,13.9,99,0.0,1009.1,0.0,23.1,98,11.0,54,0.0,1004.5,0.0,0.29999999999999716,4,12,0
2023-12-01 05:00:00,23.5,96,13.1,78,0.0,1009.8,0.0,23.1,97,10.1,100,0.0,1005.2,0.0,0.3999999999999986,5,12,0
2023-12-01 06:00:00,24.4,92,14.3,50,1.0,1009.7,0.5,24.0,96,10.9,36,1.0,1005.2,0.1,0.3999999999999986,6,12,1
2023-12-01 07:00:00,25.6,89,11.8,36,74.0,1010.3,0.1,24.6,92,11.0,97,76.0,1006.0,0.2,1.0,7,12,1
2023-12-01 08:00:00,26.4,86,15.8,97,247.0,1011.1,1.4,26.5,84,13.4,100,255.0,1006.5,0.1,-0.10000000000000142,8,12,1
2023-12-01 09:00:00,27.7,83,16.0,48,404.0,1011.0,0.1,26.7,85,13.5,92,292.0,1006.5,0.5,1.0,9,12,1
2023-12-01 10:00:00,28.3,80,19.2,63,589.0,1010.6,0.1,28.4,78,16.1,99,500.0,1006.1,0.3,-0.09999999999999787,10,12,1
2023-12-01 11:00:00,29.1,74,19.9,100,676.0,1009.8,0.2,28.7,76,16.8,90,563.0,1005.4,0.1,0.40000000000000213,11,12,1
2023-12-01 12:00:00,29.2,71,22.1,77,671.0,1008.6,0.2,29.4,73,19.1,66,652.0,1004.0,0.6,-0.1999999999999993,12,12,1
2023-12-01 13:00:00,29.4,70,24.2,94,740.0,1007.4,0.0,30.0,68,21.1,87,724.0,1002.8,0.1,-0.6000000000000014,13,12,1
2023-12-01 14:00:00,29.0,72,23.7,96,613.0,1006.5,0.0,29.9,68,20.9,63,648.0,1001.9,0.0,-0.8999999999999986,14,12,1
2023-12-01 15:00:00,28.5,73,23.1,85,443.0,1006.4,0.0,29.1,70,20.4,100,468.0,1001.9,0.0,-0.6000000000000014,15,12,1
2023-12-01 16:00:00,28.0,75,21.1,100,260.0,1007.0,0.0,28.3,73,19.3,100,264.0,1002.5,0.0,-0.3000000000000007,16,12,1
2023-12-01 17:00:00,27.3,78,19.2,100,78.0,1007.8,0.0,27.2,77,15.3,100,75.0,1003.3,0.0,0.10000000000000142,17,12,1
2023-12-01 18:00:00,27.1,79,20.6,100,0.0,1008.0,0.0,26.5,82,16.0,100,1.0,1003.6,0.0,0.6000000000000014,18,12,1
2023-12-01 19:00:00,26.9,80,19.7,100,0.0,1009.0,0.0,26.3,82,13.7,100,0.0,1004.5,0.0,0.5999999999999979,19,12,0
2023-12-01 20:00:00,26.8,79,19.5,100,0.0,1009.9,0.0,26.1,83,14.1,100,0.0,1005.3,0.0,0.6999999999999993,20,12,0
2023-12-01 21:00:00,26.7,80,19.3,100,0.0,1010.4,0.0,26.0,83,13.9,100,0.0,1005.9,0.0,0.6999999999999993,21,12,0
2023-12-01 22:00:00,26.5,78,19.5,100,0.0,1010.4,0.0,26.0,83,13.6,100,0.0,1005.9,0.0,0.5,22,12,0
2023-12-01 23:00:00,26.2,79,18.0,100,0.0,1009.9,0.1,25.3,85,12.5,100,0.0,1005.5,0.2,0.8999999999999986,23,12,0
2023-12-02 00:00:00,25.0,88,15.6,100,0.0,1009.4,0.8,24.6,89,12.8,100,0.0,1005.0,0.4,0.3999999999999986,0,12,0
2023-12-02 01:00:00,25.3,86,12.7,100,0.0,1007.9,0.3,24.2,91,11.7,100,0.0,1003.6,0.1,1.1000000000000014,1,12,0
2023-12-02 02:00:00,25.7,83,16.2,100,0.0,1007.1,0.0,23.9,92,8.6,100,0.0,1002.7,0.0,1.8000000000000007,2,12,0
2023-12-02 03:00:00,25.4,86,16.1,100,0.0,1006.5,0.2,23.9,92,10.0,100,0.0,1002.0,0.0,1.5,3,12,0
2023-12-02 04:00:00,25.3,86,15.7,100,0.0,1006.4,0.3,24.0,92,9.0,100,0.0,1001.9,0.0,1.3000000000000007,4,12,0
2023-12-02 05:00:00,25.6,86,15.8,100,0.0,1006.8,0.1,23.9,93,10.1,100,0.0,1002.5,0.1,1.7000000000000028,5,12,0
2023-12-02 06:00:00,25.2,87,21.9,100,1.0,1008.0,0.5,25.0,89,15.4,100,1.0,1003.3,0.4,0.1999999999999993,6,12,1
2023-12-02 07:00:00,25.1,90,19.7,100,57.0,1008.5,0.7,25.1,89,16.5,100,59.0,1004.3,0.3,0.0,7,12,1
2023-12-02 08:00:00,26.1,85,24.0,100,176.0,1009.4,0.3,25.5,87,14.6,100,142.0,1004.9,0.4,0.6000000000000014,8,12,1
2023-12-02 09:00:00,26.3,84,21.1,100,219.0,1009.2,0.2,26.2,86,18.5,100,211.0,1004.6,0.3,0.10000000000000142,9,12,1
2023-12-02 10:00:00,26.9,83,23.7,100,363.0,1009.2,0.4,27.7,79,20.1,100,414.0,1004.6,0.1,-0.8000000000000007,10,12,1
2023-12-02 11:00:00,25.6,89,18.8,100,324.0,1008.4,1.7,26.3,85,21.3,100,301.0,1003.7,0.7,-0.6999999999999993,11,12,1
2023-12-02 12:00:00,26.6,84,24.6,100,448.0,1007.2,1.3,26.4,83,20.4,100,447.0,1002.8,0.5,0.20000000000000284,12,12,1
2023-12-02 13:00:00,26.8,83,27.5,100,414.0,1006.0,0.2,27.3,79,24.7,100,383.0,1001.3,0.2,-0.5,13,12,1
2023-12-02 14:00:00,27.2,80,26.0,100,326.0,1005.0,0.3,27.0,81,22.7,100,303.0,1000.4,0.3,0.1999999999999993,14,12,1
2023-12-02 15:00:00,26.1,86,24.2,100,185.0,1004.8,0.8,25.7,87,22.6,100,222.0,1000.4,1.1,0.40000000000000213,15,12,1
2023-12-02 16:00:00,24.6,93,22.9,100,77.0,1005.0,0.8,25.6,87,20.5,100,82.0,1000.4,0.4,-1.0,16,12,1
2023-12-02 17:00:00,24.7,92,22.0,100,42.0,1005.4,0.7,23.8,96,16.5,100,37.0,1001.0,2.3,0.8999999999999986,17,12,1
2023-12-02 18:00:00,24.7,92,20.9,100,0.0,1006.6,2.4,24.9,92,20.1,100,0.0,1001.9,0.8,-0.1999999999999993,18,12,1
2023-12-02 19:00:00,25.3,90,24.5,100,0.0,1007.0,1.4,24.1,95,16.5,100,0.0,1002.4,2.8,1.1999999999999993,19,12,0
2023-12-02 20:00:00,24.4,93,20.9,100,0.0,1007.7,1.4,24.3,95,16.0,100,0.0,1003.2,0.6,0.09999999999999787,20,12,0
2023-12-02 21:00:00,24.7,92,20.8,100,0.0,1007.9,2.5,23.3,97,16.2,100,0.0,1003.5,10.3,1.3999999999999986,21,12,0
2023-12-02 22:00:00,24.8,92,21.6,100,0.0,1008.0,6.8,23.2,98,13.8,100,0.0,1003.6,5.8,1.6000000000000014,22,12,0
2023-12-02 23:00:00,24.9,91,23.1,100,0.0,1007.6,1.2,23.6,96,12.6,100,0.0,1003.4,1.9,1.2999999999999972,23,12,0
2023-12-03 00:00:00,24.6,93,20.3,100,0.0,1007.2,2.5,23.7,96,14.8,100,0.0,1002.7,1.2,0.9000000000000021,0,12,0
2023-12-03 01:00:00,24.5,92,18.7,100,0.0,1006.1,1.0,23.6,96,11.9,100,0.0,1001.9,0.7,0.8999999999999986,1,12,0
2023-12-03 02:00:00,24.8,93,18.8,100,0.0,1005.4,2.1,23.0,99,13.0,100,0.0,1001.0,3.3,1.8000000000000007,2,12,0
2023-12-03 03:00:00,24.3,93,19.1,100,0.0,1004.8,1.9,23.3,97,11.5,100,0.0,1000.3,1.7,1.0,3,12,0
2023-12-03 04:00:00,24.2,94,18.0,100,0.0,1004.8,2.0,23.7,96,14.2,100,0.0,1000.4,0.9,0.5,4,12,0
2023-12-03 05:00:00,24.1,94,16.6,100,0.0,1005.4,1.8,23.5,97,14.8,100,0.0,1000.9,1.7,0.6000000000000014,5,12,0
2023-12-03 06:00:00,24.6,92,19.4,100,0.0,1006.1,4.6,24.0,94,14.9,100,0.0,1001.5,4.3,0.6000000000000014,6,12,1
2023-12-03 07:00:00,24.9,90,21.0,100,16.0,1006.5,3.4,24.1,94,15.9,100,12.0,1001.9,1.8,0.7999999999999972,7,12,1
2023-12-03 08:00:00,25.6,89,23.8,100,60.0,1007.4,0.9,24.2,95,16.6,100,94.0,1003.1,1.8,1.4000000000000021,8,12,1
2023-12-03 09:00:00,25.3,91,21.2,100,127.0,1007.5,1.2,24.9,93,21.2,100,151.0,1003.0,0.9,0.40000000000000213,9,12,1
2023-12-03 10:00:00,25.3,92,24.2,100,278.0,1007.3,1.4,25.4,91,21.2,100,218.0,1002.6,0.9,-0.09999999999999787,10,12,1
2023-12-03 11:00:00,25.1,90,24.8,100,264.0,1006.5,1.9,26.6,87,21.0,100,416.0,1002.0,1.4,-1.5,11,12,1
2023-12-03 12:00:00,26.1,89,31.8,100,385.0,1005.3,9.7,26.4,85,20.0,100,346.0,1000.8,2.6,-0.29999999999999716,12,12,1
2023-12-03 13:00:00,25.6,90,29.4,100,215.0,1004.2,5.7,25.4,90,25.2,100,233.0,999.8,3.2,0.20000000000000284,13,12,1
2023-12-03 14:00:00,25.0,92,27.8,100,149.0,1003.6,0.8,24.9,93,25.6,100,113.0,999.1,1.2,0.10000000000000142,14,12,1
2023-12-03 15:00:00,25.3,90,26.3,100,146.0,1002.9,1.2,24.6,94,22.9,100,117.0,998.5,2.3,0.6999999999999993,15,12,1
2023-12-03 16:00:00,25.6,90,29.6,100,79.0,1002.8,0.3,25.0,90,23.2,100,84.0,998.4,0.3,0.6000000000000014,16,12,1
2023-12-03 17:00:00,24.6,93,25.6,100,25.0,1003.3,1.4,24.7,91,23.1,100,33.0,998.7,0.2,-0.09999999999999787,17,12,1
2023-12-03 18:00:00,24.8,92,28.5,100,0.0,1004.0,2.2,24.1,94,21.6,100,0.0,999.9,2.7,0.6999999999999993,18,12,1
2023-12-03 19:00:00,24.9,92,30.1,100,0.0,1004.5,1.3,23.8,95,23.5,100,0.0,1000.4,1.0,1.0999999999999979,19,12,0
2023-12-03 20:00:00,24.5,91,31.4,100,0.0,1004.7,1.0,24.0,94,25.4,100,0.0,1000.5,1.4,0.5,20,12,0
2023-12-03 21:00:00,25.1,91,34.4,100,0.0,1004.5,1.2,24.0,94,25.6,100,0.0,1000.5,1.2,1.1000000000000014,21,12,0
2023-12-03 22:00:00,24.8,93,30.8,100,0.0,1004.2,2.3,24.3,94,28.8,100,0.0,1000.0,3.1,0.5,22,12,0
2023-12-03 23:00:00,24.3,93,33.4,100,0.0,1003.3,2.2,24.2,94,28.7,100,0.0,999.1,1.5,0.10000000000000142,23,12,0
2023-12-04 00:00:00,24.5,92,32.1,100,0.0,1002.7,4.3,24.4,93,28.4,100,0.0,998.4,1.4,0.10000000000000142,0,12,0
2023-12-04 01:00:00,24.3,92,35.5,100,0.0,1001.5,2.6,24.1,93,32.8,100,0.0,997.3,1.1,0.1999999999999993,1,12,0
2023-12-04 02:00:00,24.0,92,34.9,100,0.0,1000.4,3.4,23.9,93,28.9,100,0.0,996.6,1.6,0.10000000000000142,2,12,0
2023-12-04 03:00:00,24.2,92,35.6,100,0.0,999.2,2.6,23.8,92,28.8,100,0.0,995.7,1.8,0.3999999999999986,3,12,0
2023-12-04 04:00:00,24.3,93,38.3,100,0.0,999.3,2.2,24.0,92,30.4,100,0.0,995.4,1.1,0.3000000000000007,4,12,0
2023-12-04 05:00:00,24.3,93,34.2,100,0.0,999.3,5.0,23.9,92,28.6,100,0.0,995.7,2.8,0.40000000000000213,5,12,0
2023-12-04 06:00:00,24.1,92,44.7,100,0.0,996.8,18.2,24.2,90,40.3,100,0.0,994.0,3.2,-0.09999999999999787,6,12,1
2023-12-04 07:00:00,24.1,92,46.1,100,3.0,997.1,26.1,24.2,89,42.4,100,1.0,994.8,3.6,-0.09999999999999787,7,12,1
2023-12-04 08:00:00,24.2,92,50.1,100,7.0,997.3,21.5,24.3,88,44.3,100,7.0,994.5,7.1,-0.10000000000000142,8,12,1
2023-12-04 09:00:00,24.6,94,41.3,100,47.0,997.1,12.9,24.5,88,45.6,100,30.0,994.5,15.4,0.10000000000000142,9,12,1
2023-12-04 10:00:00,25.2,93,40.1,100,114.0,996.7,8.7,24.6,88,43.5,100,55.0,994.0,10.0,0.5999999999999979,10,12,1
2023-12-04 11:00:00,25.0,93,48.5,100,50.0,995.6,6.7,24.6,89,40.1,100,76.0,993.4,9.3,0.3999999999999986,11,12,1
2023-12-04 12:00:00,24.3,93,44.9,100,39.0,994.9,13.8,24.8,89,36.2,100,120.0,993.2,9.1,-0.5,12,12,1
2023-12-04 13:00:00,24.5,90,42.6,100,17.0,994.0,6.9,24.4,89,34.7,100,31.0,992.4,9.6,0.10000000000000142,13,12,1
2023-12-04 14:00:00,24.8,89,41.7,100,23.0,993.5,8.7,24.3,88,36.9,100,21.0,992.0,10.8,0.5,14,12,1
2023-12-04 15:00:00,24.6,87,42.1,100,29.0,993.8,16.3,24.4,88,32.1,100,19.0,992.2,9.0,0.20000000000000284,15,12,1
2023-12-04 16:00:00,24.8,87,42.2,100,15.0,994.5,14.4,24.3,89,33.9,100,19.0,993.3,13.1,0.5,16,12,1
2023-12-04 17:00:00,24.8,88,41.6,100,6.0,996.1,7.5,24.3,89,35.3,100,4.0,994.5,10.8,0.5,17,12,1
2023-12-04 18:00:00,24.0,89,38.8,100,0.0,1000.0,19.2,24.4,87,28.9,100,0.0,997.5,5.8,-0.3999999999999986,18,12,1
2023-12-04 19:00:00,24.1,87,38.7,100,0.0,1001.1,18.0,24.3,86,29.2,100,0.0,998.5,9.5,-0.1999999999999993,19,12,0
2023-12-04 20:00:00,24.1,86,38.7,100,0.0,1001.9,16.6,24.3,87,26.8,100,0.0,999.3,7.4,-0.1999999999999993,20,12,0
2023-12-04 21:00:00,24.0,86,37.7,100,0.0,1002.2,8.0,24.0,88,24.4,100,0.0,999.3,4.4,0.0,21,12,0
2023-12-04 22:00:00,24.0,85,35.2,100,0.0,1003.1,7.1,23.9,87,20.9,100,0.0,1000.1,5.4,0.10000000000000142,22,12,0
2023-12-04 23:00:00,23.8,84,32.0,100,0.0,1003.1,5.1,23.7,87,19.8,100,0.0,999.8,3.0,0.10000000000000142,23,12,0
2023-12-05 00:00:00,24.0,85,26.0,100,0.0,1003.0,5.8,23.3,89,18.6,100,0.0,999.5,3.4,0.6999999999999993,0,12,0
2023-12-05 01:00:00,23.6,87,23.1,100,0.0,1002.8,3.9,23.3,90,17.6,100,0.0,999.1,1.1,0.3000000000000007,1,12,0
2023-12-05 02:00:00,23.5,89,19.5,100,0.0,1002.7,4.2,23.4,89,18.4,100,0.0,998.6,0.5,0.10000000000000142,2,12,0
2023-12-05 03:00:00,24.0,86,20.1,100,0.0,1002.2,0.3,24.0,89,17.3,100,0.0,998.0,0.0,0.0,3,12,0
2023-12-05 04:00:00,24.6,85,20.7,100,0.0,1002.3,0.0,24.1,92,16.1,100,0.0,998.2,0.0,0.5,4,12,0
2023-12-05 05:00:00,24.7,87,19.8,100,0.0,1003.1,0.0,24.0,93,15.6,100,0.0,999.1,0.0,0.6999999999999993,5,12,0
2023-12-05 06:00:00,25.8,78,21.3,100,0.0,1003.4,0.0,25.1,87,17.5,100,0.0,999.4,0.0,0.6999999999999993,6,12,1
2023-12-05 07:00:00,26.1,77,20.8,100,39.0,1004.4,0.0,25.8,85,18.9,100,56.0,1000.5,0.0,0.3000000000000007,7,12,1
2023-12-05 08:00:00,26.9,75,19.9,100,144.0,1005.4,0.0,26.9,79,15.3,100,145.0,1001.3,0.0,0.0,8,12,1
2023-12-05 09:00:00,27.5,72,17.1,100,179.0,1005.6,0.0,28.2,73,14.3,100,297.0,1001.5,0.0,-0.6999999999999993,9,12,1
2023-12-05 10:00:00,28.3,71,15.2,100,296.0,1005.8,0.0,29.4,65,15.4,100,411.0,1001.4,0.0,-1.0999999999999979,10,12,1
2023-12-05 11:00:00,29.6,65,17.4,100,571.0,1004.9,0.0,30.4,61,15.1,100,545.0,1000.7,0.0,-0.7999999999999972,11,12,1
2023-12-05 12:00:00,30.2,65,16.1,100,634.0,1003.7,0.0,31.1,61,13.4,100,643.0,999.5,0.0,-0.9000000000000021,12,12,1
2023-12-05 13:00:00,30.2,65,11.6,100,424.0,1003.2,0.0,31.6,60,9.2,100,620.0,998.7,0.0,-1.4000000000000021,13,12,1
2023-12-05 14:00:00,31.0,62,10.9,99,477.0,1002.6,0.0,32.0,59,8.7,98,553.0,998.2,0.0,-1.0,14,12,1
2023-12-05 15:00:00,31.0,62,7.6,100,464.0,1002.5,0.0,31.7,59,5.8,97,452.0,998.1,0.0,-0.6999999999999993,15,12,1
2023-12-05 16:00:00,28.8,84,15.4,98,263.0,1003.0,0.1,29.8,75,13.0,100,249.0,998.6,0.0,-1.0,16,12,1
2023-12-05 17:00:00,27.6,85,15.6,98,81.0,1003.9,0.0,27.9,82,11.1,99,86.0,999.6,0.0,-0.29999999999999716,17,12,1
2023-12-05 18:00:00,26.3,89,13.5,98,0.0,1005.4,0.0,25.1,93,12.5,99,1.0,1001.4,0.5,1.1999999999999993,18,12,1
2023-12-05 19:00:00,25.6,91,11.2,99,0.0,1006.8,0.0,24.7,93,4.3,95,0.0,1002.3,0.0,0.9000000000000021,19,12,0
2023-12-05 20:00:00,25.1,91,10.5,100,0.0,1007.3,0.0,24.6,95,4.6,98,0.0,1002.9,0.2,0.5,20,12,0
2023-12-05 21:00:00,24.5,93,4.7,100,0.0,1007.9,0.0,24.3,96,8.6,98,0.0,1003.5,0.0,0.1999999999999993,21,12,0
2023-12-05 22:00:00,24.6,93,11.2,100,0.0,1008.2,0.0,23.7,93,10.8,95,0.0,1003.9,0.0,0.9000000000000021,22,12,0
2023-12-05 23:00:00,24.7,94,9.8,98,0.0,1008.1,0.0,23.0,96,7.9,100,0.0,1004.1,1.7,1.6999999999999993,23,12,0
2023-12-06 00:00:00,24.1,93,10.4,30,0.0,1007.7,0.0,23.2,96,8.5,88,0.0,1003.4,0.4,0.9000000000000021,0,12,0
2023-12-06 01:00:00,24.3,89,15.6,86,0.0,1007.0,0.0,23.6,96,2.5,97,0.0,1002.6,0.5,0.6999999999999993,1,12,0
2023-12-06 02:00:00,24.6,89,14.2,75,0.0,1006.6,0.0,23.2,95,1.0,92,0.0,1002.4,0.7,1.4000000000000021,2,12,0
2023-12-06 03:00:00,24.5,90,10.5,94,0.0,1006.4,0.0,22.4,98,4.2,72,0.0,1002.1,0.0,2.1000000000000014,3,12,0
2023-12-06 04:00:00,24.3,92,11.8,74,0.0,1006.5,0.0,23.2,97,6.9,98,0.0,1002.3,0.0,1.1000000000000014,4,12,0
2023-12-06 05:00:00,24.3,94,9.7,97,0.0,1007.2,0.0,23.4,97,6.9,100,0.0,1002.7,0.0,0.9000000000000021,5,12,0
2023-12-06 06:00:00,24.2,92,6.0,99,1.0,1007.8,0.3,24.3,94,5.2,100,1.0,1003.5,0.0,-0.10000000000000142,6,12,1
2023-12-06 07:00:00,25.0,93,3.8,99,76.0,1008.9,0.6,25.5,91,5.4,100,75.0,1004.4,0.0,-0.5,7,12,1
2023-12-06 08:00:00,25.7,91,7.0,100,196.0,1009.4,0.2,27.1,88,4.0,100,263.0,1004.8,0.0,-1.4000000000000021,8,12,1
2023-12-06 09:00:00,26.7,87,5.4,100,403.0,1009.6,0.1,28.8,79,8.7,98,429.0,1004.8,0.0,-2.1000000000000014,9,12,1
2023-12-06 10:00:00,27.7,83,1.8,86,470.0,1009.2,0.1,30.0,72,5.5,45,582.0,1004.5,0.2,-2.3000000000000007,10,12,1
2023-12-06 11:00:00,29.2,78,4.1,29,674.0,1008.3,0.1,30.1,71,3.1,51,633.0,1003.7,0.5,-0.9000000000000021,11,12,1
2023-12-06 12:00:00,29.8,77,4.5,29,703.0,1007.0,0.0,30.3,65,4.3,61,612.0,1002.7,0.5,-0.5,12,12,1
2023-12-06 13:00:00,30.1,78,5.9,51,683.0,1006.0,0.0,30.4,69,6.1,62,576.0,1001.6,0.1,-0.29999999999999716,13,12,1
2023-12-06 14:00:00,29.2,81,9.2,98,602.0,1005.5,3.5,28.9,76,9.7,100,501.0,1001.3,1.0,0.3000000000000007,14,12,1
2023-12-06 15:00:00,27.3,88,7.6,99,353.0,1005.9,7.1,29.1,77,4.3,100,367.0,1001.1,0.3,-1.8000000000000007,15,12,1
2023-12-06 16:00:00,27.8,84,6.1,99,188.0,1006.2,0.2,28.0,81,6.2,100,230.0,1001.7,2.6,-0.1999999999999993,16,12,1
2023-12-06 17:00:00,27.1,92,2.4,98,73.0,1006.9,0.1,27.0,89,6.0,100,60.0,1002.5,0.0,0.10000000000000142,17,12,1
2023-12-06 18:00:00,27.1,90,1.9,96,1.0,1007.5,0.0,26.8,90,7.1,78,1.0,1003.0,0.0,0.3000000000000007,18,12,1
2023-12-06 19:00:00,23.1,97,9.9,100,0.0,1009.6,4.5,25.4,97,4.1,100,0.0,1004.6,0.0,-2.299999999999997,19,12,0
2023-12-06 20:00:00,24.2,95,1.8,86,0.0,1009.9,0.3,24.6,97,7.9,100,0.0,1005.3,0.4,-0.40000000000000213,20,12,0
2023-12-06 21:00:00,24.3,93,6.4,99,0.0,1010.2,0.0,24.6,96,4.0,96,0.0,1005.8,0.0,-0.3000000000000007,21,12,0
2023-12-06 22:00:00,24.9,93,8.6,72,0.0,1010.0,0.0,24.7,96,5.6,3,0.0,1005.6,0.0,0.1999999999999993,22,12,0
2023-12-06 23:00:00,25.1,93,7.9,68,0.0,1009.6,0.0,24.5,96,5.3,38,0.0,1005.2,0.0,0.6000000000000014,23,12,0
2023-12-07 00:00:00,25.1,93,6.9,100,0.0,1008.8,0.0,24.5,96,5.9,75,0.0,1004.4,0.0,0.6000000000000014,0,12,0
2023-12-07 01:00:00,24.3,96,7.6,92,0.0,1008.2,0.0,24.7,97,5.8,66,0.0,1003.7,0.0,-0.3999999999999986,1,12,0
2023-12-07 02:00:00,24.3,96,5.1,100,0.0,1007.7,0.0,24.5,98,8.0,95,0.0,1003.3,0.4,-0.1999999999999993,2,12,0
2023-12-07 03:00:00,24.3,97,12.3,97,0.0,1007.7,0.8,23.9,99,7.5,98,0.0,1003.2,0.6,0.40000000000000213,3,12,0
2023-12-07 04:00:00,23.7,98,8.6,31,0.0,1007.8,0.1,23.7,99,4.8,27,0.0,1003.4,0.0,0.0,4,12,0
2023-12-07 05:00:00,23.5,98,5.4,9,0.0,1008.3,0.0,23.7,98,4.7,5,0.0,1003.9,0.0,-0.1999999999999993,5,12,0
2023-12-07 06:00:00,23.7,100,9.8,100,0.0,1009.7,1.1,24.4,96,7.2,100,0.0,1005.0,0.3,-0.6999999999999993,6,12,1
2023-12-07 07:00:00,23.8,94,7.3,99,49.0,1010.5,1.6,24.2,96,7.6,100,28.0,1006.1,1.1,-0.3999999999999986,7,12,1
2023-12-07 08:00:00,24.9,91,1.3,99,152.0,1011.0,0.3,24.7,91,5.2,99,108.0,1006.6,0.3,0.1999999999999993,8,12,1
2023-12-07 09:00:00,26.2,87,0.7,99,331.0,1011.1,0.0,26.2,83,2.2,99,280.0,1006.5,0.2,0.0,9,12,1
2023-12-07 10:00:00,27.7,81,2.1,100,577.0,1010.7,0.0,28.3,76,1.8,100,547.0,1006.3,0.0,-0.6000000000000014,10,12,1
2023-12-07 11:00:00,28.7,78,4.3,100,686.0,1009.9,0.0,29.3,71,2.3,100,648.0,1005.4,0.3,-0.6000000000000014,11,12,1
2023-12-07 12:00:00,28.9,79,8.3,81,706.0,1008.9,0.0,29.9,71,3.7,90,616.0,1004.3,0.0,-1.0,12,12,1
2023-12-07 13:00:00,28.2,81,10.3,61,699.0,1007.8,0.2,30.2,69,6.2,100,638.0,1003.1,0.0,-2.0,13,12,1
2023-12-07 14:00:00,27.8,83,10.2,91,587.0,1007.2,0.2,27.9,80,9.8,84,386.0,1002.7,0.6,-0.09999999999999787,14,12,1
2023-12-07 15:00:00,27.7,81,11.9,100,353.0,1007.2,0.0,28.6,78,9.7,91,400.0,1002.6,0.1,-0.9000000000000021,15,12,1
2023-12-07 16:00:00,27.4,83,11.8,85,217.0,1007.5,0.0,27.7,80,9.5,77,246.0,1003.1,0.1,-0.3000000000000007,16,12,1
2023-12-07 17:00:00,26.8,86,8.9,94,78.0,1008.3,0.0,26.9,84,8.7,97,70.0,1003.8,0.0,-0.09999999999999787,17,12,1
2023-12-07 18:00:00,25.3,96,6.7,96,1.0,1009.1,0.9,25.5,94,5.1,69,1.0,1004.3,0.1,-0.1999999999999993,18,12,1
2023-12-07 19:00:00,24.4,95,13.4,46,0.0,1010.0,0.2,25.5,95,8.4,94,0.0,1005.4,0.0,-1.1000000000000014,19,12,0
2023-12-07 20:00:00,24.3,95,5.6,100,0.0,1010.9,0.0,24.6,96,10.8,100,0.0,1006.1,0.0,-0.3000000000000007,20,12,0
2023-12-07 21:00:00,24.2,94,7.3,98,0.0,1010.7,0.2,23.9,95,7.6,97,0.0,1006.3,0.0,0.3000000000000007,21,12,0
2023-12-07 22:00:00,24.3,95,4.3,67,0.0,1010.6,0.0,23.4,97,3.5,100,0.0,1006.3,0.0,0.9000000000000021,22,12,0
2023-12-07 23:00:00,24.1,96,6.1,100,0.0,1010.6,0.0,23.2,98,3.9,99,0.0,1006.2,0.0,0.9000000000000021,23,12,0
2023-12-08 00:00:00,23.8,97,3.5,56,0.0,1009.9,0.0,23.2,98,2.2,66,0.0,1005.5,0.0,0.6000000000000014,0,12,0
2023-12-08 01:00:00,24.1,96,6.4,87,0.0,1009.5,0.4,23.0,98,4.0,99,0.0,1005.0,1.7,1.1000000000000014,1,12,0
2023-12-08 02:00:00,23.9,97,3.4,30,0.0,1008.9,0.1,23.1,97,3.3,76,0.0,1004.4,0.2,0.7999999999999972,2,12,0
2023-12-08 03:00:00,23.7,96,4.4,27,0.0,1008.6,0.0,23.1,98,4.0,54,0.0,1004.2,0.0,0.5999999999999979,3,12,0
2023-12-08 04:00:00,23.8,97,6.4,63,0.0,1009.0,0.0,23.1,98,4.6,100,0.0,1004.6,0.0,0.6999999999999993,4,12,0
2023-12-08 05:00:00,23.9,98,6.8,100,0.0,1009.5,0.0,23.6,98,7.5,100,0.0,1004.9,0.0,0.29999999999999716,5,12,0
2023-12-08 06:00:00,24.6,93,9.7,78,1.0,1010.1,0.0,24.3,97,6.2,85,0.0,1005.7,0.0,0.3000000000000007,6,12,1
2023-12-08 07:00:00,25.5,89,10.1,99,69.0,1011.2,0.0,25.3,90,10.7,100,76.0,1006.7,0.0,0.1999999999999993,7,12,1
2023-12-08 08:00:00,26.7,84,10.5,85,259.0,1011.8,0.0,26.7,84,9.2,90,266.0,1007.3,0.0,0.0,8,12,1
2023-12-08 09:00:00,27.8,82,9.8,99,461.0,1012.2,0.0,28.1,79,8.0,100,442.0,1007.8,0.0,-0.3000000000000007,9,12,1
2023-12-08 10:00:00,28.5,78,10.5,97,625.0,1011.9,0.0,29.0,74,8.6,100,521.0,1007.4,0.0,-0.5,10,12,1
2023-12-08 11:00:00,28.7,76,11.1,58,590.0,1011.2,0.1,29.1,73,10.5,93,468.0,1006.6,0.1,-0.40000000000000213,11,12,1
2023-12-08 12:00:00,28.4,79,12.1,42,599.0,1009.9,0.0,29.2,75,11.2,51,622.0,1005.4,0.1,-0.8000000000000007,12,12,1
2023-12-08 13:00:00,28.4,78,14.4,65,649.0,1008.9,0.0,28.4,74,11.3,100,504.0,1004.6,0.4,0.0,13,12,1
2023-12-08 14:00:00,27.8,77,13.3,79,480.0,1008.3,0.6,28.6,77,10.6,68,497.0,1003.8,0.3,-0.8000000000000007,14,12,1
2023-12-08 15:00:00,27.8,79,12.7,57,400.0,1008.2,0.1,28.2,76,12.7,55,381.0,1003.6,0.1,-0.3999999999999986,15,12,1
2023-12-08 16:00:00,27.1,81,12.7,93,197.0,1008.5,0.1,27.6,80,12.4,77,208.0,1003.9,0.2,-0.5,16,12,1
2023-12-08 17:00:00,26.5,84,9.9,81,73.0,1009.4,0.0,26.9,82,10.3,98,71.0,1004.9,0.1,-0.3999999999999986,17,12,1
2023-12-08 18:00:00,26.7,81,11.5,36,1.0,1009.8,0.0,26.3,85,8.9,27,1.0,1005.4,0.0,0.3999999999999986,18,12,1
2023-12-08 19:00:00,26.5,82,10.7,39,0.0,1010.9,0.0,25.9,87,6.9,32,0.0,1006.5,0.0,0.6000000000000014,19,12,0
2023-12-08 20:00:00,26.4,83,9.2,39,0.0,1011.4,0.0,25.6,88,5.9,33,0.0,1007.0,0.0,0.7999999999999972,20,12,0
2023-12-08 21:00:00,26.3,82,8.0,37,0.0,1011.5,0.0,25.2,90,5.1,22,0.0,1007.1,0.0,1.1000000000000014,21,12,0
2023-12-08 22:00:00,26.1,83,7.9,35,0.0,1011.7,0.0,25.0,90,5.4,67,0.0,1007.3,0.2,1.1000000000000014,22,12,0
2023-12-08 23:00:00,25.8,86,6.0,59,0.0,1011.6,0.1,25.1,91,6.8,40,0.0,1007.1,0.1,0.6999999999999993,23,12,0
2023-12-09 00:00:00,25.5,87,6.8,100,0.0,1011.2,0.0,24.4,95,4.3,73,0.0,1006.6,0.0,1.1000000000000014,0,12,0
2023-12-09 01:00:00,25.1,91,5.6,96,0.0,1010.6,0.0,24.1,96,4.5,73,0.0,1006.1,0.0,1.0,1,12,0
2023-12-09 02:00:00,25.0,91,6.5,95,0.0,1010.2,0.0,24.2,95,4.5,97,0.0,1005.8,0.1,0.8000000000000007,2,12,0
2023-12-09 03:00:00,24.7,92,5.2,41,0.0,1010.2,0.1,23.9,96,4.0,81,0.0,1005.7,0.1,0.8000000000000007,3,12,0
2023-12-09 04:00:00,24.5,93,6.0,97,0.0,1010.6,0.0,23.9,96,5.4,39,0.0,1006.0,0.0,0.6000000000000014,4,12,0
2023-12-09 05:00:00,24.3,93,9.2,44,0.0,1010.9,0.1,23.7,97,5.6,50,0.0,1006.3,0.0,0.6000000000000014,5,12,0
2023-12-09 06:00:00,24.7,91,7.6,56,0.0,1011.6,0.0,24.3,92,7.3,93,0.0,1007.1,0.0,0.3999999999999986,6,12,1
2023-12-09 07:00:00,25.8,89,7.8,96,73.0,1012.5,0.0,25.4,88,7.7,89,75.0,1008.1,0.0,0.40000000000000213,7,12,1
2023-12-09 08:00:00,27.2,83,9.6,97,267.0,1013.4,0.0,26.8,82,8.2,90,257.0,1008.9,0.0,0.3999999999999986,8,12,1
2023-12-09 09:00:00,28.3,79,12.2,76,467.0,1013.4,0.0,28.3,78,10.5,27,461.0,1009.0,0.0,0.0,9,12,1
2023-12-09 10:00:00,29.2,75,14.4,37,629.0,1013.3,0.1,29.3,75,12.0,72,610.0,1008.9,0.1,-0.10000000000000142,10,12,1
2023-12-09 11:00:00,29.4,73,14.8,34,732.0,1012.7,0.0,30.0,69,13.8,55,704.0,1008.2,0.1,-0.6000000000000014,11,12,1
2023-12-09 12:00:00,29.5,72,15.8,31,734.0,1011.3,0.0,30.1,68,15.8,31,686.0,1006.6,0.0,-0.6000000000000014,12,12,1
2023-12-09 13:00:00,29.3,71,17.3,25,722.0,1010.1,0.0,30.0,68,15.3,46,663.0,1005.6,0.1,-0.6999999999999993,13,12,1
2023-12-09 14:00:00,29.0,73,17.1,31,616.0,1009.5,0.0,29.7,69,16.4,22,559.0,1004.9,0.0,-0.6999999999999993,14,12,1
2023-12-09 15:00:00,28.4,74,17.1,11,435.0,1009.2,0.0,29.1,69,16.6,12,438.0,1004.6,0.0,-0.7000000000000028,15,12,1
2023-12-09 16:00:00,27.8,78,15.8,34,268.0,1009.2,0.0,28.3,73,15.3,66,275.0,1004.8,0.0,-0.5,16,12,1
2023-12-09 17:00:00,27.0,82,12.5,91,85.0,1009.8,0.0,27.1,80,11.0,97,87.0,1005.3,0.0,-0.10000000000000142,17,12,1
2023-12-09 18:00:00,26.9,81,13.9,100,1.0,1010.4,0.0,26.6,83,10.2,91,1.0,1005.9,0.0,0.29999999999999716,18,12,1
2023-12-09 19:00:00,26.6,82,13.7,100,0.0,1011.0,0.0,26.2,85,9.6,90,0.0,1006.5,0.0,0.40000000000000213,19,12,0
2023-12-09 20:00:00,26.4,83,13.1,99,0.0,1011.2,0.0,25.8,86,9.0,97,0.0,1006.7,0.0,0.5999999999999979,20,12,0
2023-12-09 21:00:00,26.3,83,12.5,98,0.0,1011.4,0.0,25.5,87,8.9,98,0.0,1006.9,0.0,0.8000000000000007,21,12,0
2023-12-09 22:00:00,26.2,82,11.6,100,0.0,1011.4,0.0,25.2,89,7.1,93,0.0,1006.9,0.0,1.0,22,12,0
2023-12-09 23:00:00,26.0,83,11.1,36,0.0,1011.2,0.0,24.8,91,5.9,93,0.0,1006.8,0.0,1.1999999999999993,23,12,0
2023-12-10 00:00:00,25.8,85,11.6,31,0.0,1010.8,0.0,24.7,91,6.2,98,0.0,1006.3,0.0,1.1000000000000014,0,12,0
2023-12-10 01:00:00,25.7,85,9.8,34,0.0,1010.2,0.0,24.2,93,5.1,100,0.0,1005.9,0.0,1.5,1,12,0
2023-12-10 02:00:00,25.3,86,8.6,67,0.0,1009.7,0.0,24.0,93,5.4,100,0.0,1005.2,0.1,1.3000000000000007,2,12,0
2023-12-10 03:00:00,25.1,87,9.7,85,0.0,1009.3,0.0,23.9,94,5.7,99,0.0,1004.9,0.0,1.2000000000000028,3,12,0
2023-12-10 04:00:00,24.8,89,8.7,97,0.0,1009.7,0.0,23.6,96,6.0,99,0.0,1005.2,0.1,1.1999999999999993,4,12,0
2023-12-10 05:00:00,24.6,90,8.0,95,0.0,1009.9,0.0,23.5,96,5.8,98,0.0,1005.4,0.0,1.1000000000000014,5,12,0
2023-12-10 06:00:00,25.3,88,8.5,99,0.0,1010.5,0.0,24.3,94,5.8,99,0.0,1006.1,0.0,1.0,6,12,1
2023-12-10 07:00:00,26.3,86,9.9,20,74.0,1011.5,0.0,25.2,92,6.8,92,68.0,1007.1,0.1,1.1000000000000014,7,12,1
2023-12-10 08:00:00,27.7,75,13.7,12,256.0,1012.0,0.0,26.8,84,8.4,93,230.0,1007.6,0.1,0.8999999999999986,8,12,1
2023-12-10 09:00:00,28.4,70,16.3,11,463.0,1012.2,0.0,28.3,75,13.1,85,418.0,1007.8,0.1,0.09999999999999787,9,12,1
2023-12-10 10:00:00,28.8,69,17.6,7,617.0,1011.9,0.0,29.4,65,16.5,29,583.0,1007.3,0.0,-0.5999999999999979,10,12,1
2023-12-10 11:00:00,28.9,69,18.6,18,723.0,1011.2,0.0,29.7,64,17.8,45,705.0,1006.6,0.0,-0.8000000000000007,11,12,1
2023-12-10 12:00:00,29.0,69,18.6,31,779.0,1010.3,0.0,29.9,63,17.8,40,766.0,1005.7,0.0,-0.8999999999999986,12,12,1
2023-12-10 13:00:00,28.8,70,18.9,30,740.0,1009.4,0.0,29.8,63,17.6,50,740.0,1004.8,0.0,-1.0,13,12,1
2023-12-10 14:00:00,28.6,70,18.8,22,643.0,1008.9,0.0,29.3,65,18.2,45,611.0,1004.3,0.0,-0.6999999999999993,14,12,1
2023-12-10 15:00:00,28.0,72,18.3,27,481.0,1008.7,0.0,28.6,67,17.7,51,470.0,1004.2,0.0,-0.6000000000000014,15,12,1
2023-12-10 16:00:00,27.4,74,17.3,35,284.0,1008.7,0.0,27.8,71,16.1,35,285.0,1004.3,0.0,-0.40000000000000213,16,12,1
2023-12-10 17:00:00,26.7,77,14.4,12,86.0,1009.5,0.0,26.8,75,12.7,16,92.0,1004.9,0.0,-0.10000000000000142,17,12,1
2023-12-10 18:00:00,26.3,78,10.5,17,1.0,1010.2,0.0,26.1,77,9.0,10,1.0,1005.7,0.0,0.1999999999999993,18,12,1
2023-12-10 19:00:00,26.3,78,11.1,49,0.0,1011.1,0.0,25.7,80,8.7,11,0.0,1006.6,0.0,0.6000000000000014,19,12,0
2023-12-10 20:00:00,26.3,78,11.5,69,0.0,1011.8,0.0,25.4,82,7.9,36,0.0,1007.3,0.0,0.9000000000000021,20,12,0
2023-12-10 21:00:00,26.2,78,10.5,49,0.0,1012.2,0.0,25.5,81,6.9,100,0.0,1007.7,0.0,0.6999999999999993,21,12,0
2023-12-10 22:00:00,26.1,79,10.6,39,0.0,1012.2,0.0,25.9,80,7.4,100,0.0,1007.7,0.0,0.20000000000000284,22,12,0
2023-12-10 23:00:00,26.1,79,10.9,38,0.0,1011.9,0.0,26.0,79,7.4,96,0.0,1007.5,0.0,0.10000000000000142,23,12,0
2023-12-11 00:00:00,26.0,79,10.0,51,0.0,1011.6,0.0,25.6,82,6.4,15,0.0,1007.1,0.0,0.3999999999999986,0,12,0
2023-12-11 01:00:00,25.8,80,10.3,30,0.0,1010.7,0.0,25.1,84,6.4,35,0.0,1006.2,0.0,0.6999999999999993,1,12,0
2023-12-11 02:00:00,25.5,81,9.5,29,0.0,1010.1,0.0,24.5,86,5.5,67,0.0,1005.6,0.0,1.0,2,12,0
2023-12-11 03:00:00,25.1,83,9.2,37,0.0,1009.9,0.0,24.4,86,6.3,67,0.0,1005.4,0.0,0.7000000000000028,3,12,0
2023-12-11 04:00:00,25.1,84,9.6,26,0.0,1009.7,0.0,24.4,86,6.4,85,0.0,1005.1,0.0,0.7000000000000028,4,12,0
2023-12-11 05:00:00,25.0,84,9.2,64,0.0,1010.1,0.0,24.2,88,6.0,64,0.0,1005.6,0.0,0.8000000000000007,5,12,0
2023-12-11 06:00:00,25.3,83,11.5,98,0.0,1011.1,0.0,23.8,92,5.1,98,0.0,1006.6,0.0,1.5,6,12,1
2023-12-11 07:00:00,26.2,82,12.2,100,78.0,1012.1,0.0,25.4,87,6.9,100,73.0,1007.7,0.0,0.8000000000000007,7,12,1
2023-12-11 08:00:00,27.1,75,16.5,98,255.0,1012.9,0.0,27.1,76,14.3,100,257.0,1008.3,0.1,0.0,8,12,1
2023-12-11 09:00:00,27.4,74,16.6,99,377.0,1013.3,0.0,27.7,72,14.9,100,345.0,1008.8,0.0,-0.3000000000000007,9,12,1
2023-12-11 10:00:00,27.7,74,15.4,98,510.0,1013.3,0.1,28.6,68,14.9,100,551.0,1008.8,0.0,-0.9000000000000021,10,12,1
2023-12-11 11:00:00,27.9,73,16.3,50,605.0,1012.6,0.1,28.7,67,15.9,100,590.0,1008.0,0.1,-0.8000000000000007,11,12,1
2023-12-11 12:00:00,28.2,70,16.1,73,676.0,1011.5,0.1,29.0,66,16.6,100,714.0,1006.9,0.1,-0.8000000000000007,12,12,1
2023-12-11 13:00:00,28.1,71,17.1,58,670.0,1010.4,0.1,28.5,68,16.1,100,569.0,1005.9,0.1,-0.3999999999999986,13,12,1
2023-12-11 14:00:00,27.9,71,16.6,42,595.0,1009.7,0.1,28.4,67,15.9,97,508.0,1005.1,0.0,-0.5,14,12,1
2023-12-11 15:00:00,27.5,72,16.8,25,443.0,1009.2,0.1,28.0,68,16.1,29,415.0,1004.6,0.0,-0.5,15,12,1
2023-12-11 16:00:00,27.0,73,16.8,34,269.0,1009.3,0.0,27.3,70,16.0,37,248.0,1004.8,0.0,-0.3000000000000007,16,12,1
2023-12-11 17:00:00,26.2,77,13.8,26,83.0,1009.8,0.0,26.5,74,12.2,22,75.0,1005.2,0.0,-0.3000000000000007,17,12,1
2023-12-11 18:00:00,26.1,76,12.5,14,1.0,1010.5,0.0,25.9,76,10.3,5,1.0,1006.0,0.0,0.20000000000000284,18,12,1
2023-12-11 19:00:00,25.9,76,12.8,17,0.0,1011.4,0.0,25.4,79,9.7,15,0.0,1006.9,0.0,0.5,19,12,0
2023-12-11 20:00:00,25.8,76,12.8,20,0.0,1012.0,0.0,25.0,81,8.1,23,0.0,1007.5,0.0,0.8000000000000007,20,12,0
2023-12-11 21:00:00,25.7,76,12.5,18,0.0,1012.4,0.0,24.6,83,7.1,28,0.0,1007.9,0.0,1.0999999999999979,21,12,0
2023-12-11 22:00:00,25.7,75,12.7,85,0.0,1012.3,0.0,24.5,83,6.9,37,0.0,1007.8,0.0,1.1999999999999993,22,12,0
2023-12-11 23:00:00,25.5,75,12.2,95,0.0,1011.9,0.0,24.3,83,6.9,92,0.0,1007.4,0.0,1.1999999999999993,23,12,0
2023-12-12 00:00:00,25.3,75,11.8,77,0.0,1011.4,0.0,24.3,82,7.1,98,0.0,1006.9,0.0,1.0,0,12,0
2023-12-12 01:00:00,25.2,76,12.4,72,0.0,1010.4,0.0,24.0,82,7.7,76,0.0,1005.9,0.0,1.1999999999999993,1,12,0
2023-12-12 02:00:00,25.1,76,12.0,100,0.0,1009.7,0.0,23.8,83,7.1,54,0.0,1005.2,0.0,1.3000000000000007,2,12,0
2023-12-12 03:00:00,25.0,76,10.9,99,0.0,1009.4,0.0,23.3,86,6.2,85,0.0,1004.9,0.0,1.6999999999999993,3,12,0
2023-12-12 04:00:00,25.0,77,10.0,100,0.0,1009.5,0.0,23.3,86,6.3,100,0.0,1004.9,0.0,1.6999999999999993,4,12,0
2023-12-12 05:00:00,24.7,78,9.2,84,0.0,1009.8,0.0,23.3,86,5.9,100,0.0,1005.4,0.0,1.3999999999999986,5,12,0
2023-12-12 06:00:00,23.7,87,6.5,90,0.0,1010.5,0.0,22.8,91,7.3,96,0.0,1006.0,0.0,0.8999999999999986,6,12,1
2023-12-12 07:00:00,24.6,87,7.6,87,73.0,1011.3,0.1,24.0,88,7.9,98,76.0,1006.8,0.0,0.6000000000000014,7,12,1
2023-12-12 08:00:00,25.8,83,8.0,34,237.0,1012.1,0.2,25.8,80,8.7,84,265.0,1007.6,0.0,0.0,8,12,1
2023-12-12 09:00:00,26.7,76,12.9,87,417.0,1012.2,0.8,26.8,74,12.8,86,453.0,1007.7,0.2,-0.10000000000000142,9,12,1
2023-12-12 10:00:00,27.4,71,15.6,89,596.0,1012.1,0.2,27.3,72,14.6,93,565.0,1007.6,0.5,0.09999999999999787,10,12,1
2023-12-12 11:00:00,27.7,70,16.8,99,724.0,1011.3,0.1,27.7,70,14.8,81,622.0,1006.9,0.6,0.0,11,12,1
2023-12-12 12:00:00,28.1,66,18.2,97,724.0,1010.5,0.0,27.8,68,16.3,77,660.0,1006.1,0.4,0.3000000000000007,12,12,1
2023-12-12 13:00:00,27.8,64,17.6,84,601.0,1009.5,0.0,28.0,66,16.0,86,597.0,1005.1,0.1,-0.1999999999999993,13,12,1
2023-12-12 14:00:00,27.8,64,16.9,92,602.0,1009.0,0.0,28.1,63,15.5,95,502.0,1004.5,0.0,-0.3000000000000007,14,12,1
2023-12-12 15:00:00,27.5,65,15.8,97,461.0,1008.7,0.0,27.6,62,15.7,98,328.0,1004.2,0.0,-0.10000000000000142,15,12,1
2023-12-12 16:00:00,26.8,68,14.9,100,270.0,1008.9,0.0,27.1,65,14.6,94,237.0,1004.4,0.0,-0.3000000000000007,16,12,1
2023-12-12 17:00:00,26.0,71,11.3,87,87.0,1009.3,0.0,26.1,70,9.8,100,85.0,1004.8,0.0,-0.10000000000000142,17,12,1
2023-12-12 18:00:00,25.4,71,8.3,100,1.0,1010.2,0.0,24.4,76,5.9,93,1.0,1005.7,0.0,1.0,18,12,1
2023-12-12 19:00:00,24.0,81,7.6,93,0.0,1011.0,0.0,23.2,83,8.2,95,0.0,1006.6,0.0,0.8000000000000007,19,12,0
2023-12-12 20:00:00,23.7,83,5.9,96,0.0,1011.7,0.0,22.7,86,7.6,83,0.0,1007.3,0.0,1.0,20,12,0
2023-12-12 21:00:00,23.7,83,6.2,100,0.0,1012.2,0.0,22.4,87,6.6,99,0.0,1007.6,0.0,1.3000000000000007,21,12,0
2023-12-12 22:00:00,23.9,80,6.3,100,0.0,1011.9,0.0,22.3,86,5.3,98,0.0,1007.3,0.0,1.5999999999999979,22,12,0
2023-12-12 23:00:00,23.5,81,6.1,99,0.0,1011.5,0.0,22.2,87,7.6,97,0.0,1006.9,0.0,1.3000000000000007,23,12,0
2023-12-13 00:00:00,22.7,85,8.5,100,0.0,1010.8,0.0,22.1,87,6.6,91,0.0,1006.2,0.0,0.5999999999999979,0,12,0
2023-12-13 01:00:00,22.5,85,7.9,0,0.0,1009.9,0.0,21.6,89,7.4,94,0.0,1005.3,0.0,0.8999999999999986,1,12,0
2023-12-13 02:00:00,22.4,86,5.6,9,0.0,1009.2,0.0,21.3,90,7.9,91,0.0,1004.6,0.0,1.0999999999999979,2,12,0
2023-12-13 03:00:00,22.4,85,7.0,36,0.0,1009.0,0.0,21.0,91,7.2,14,0.0,1004.4,0.0,1.3999999999999986,3,12,0
2023-12-13 04:00:00,22.8,83,8.4,38,0.0,1009.1,0.0,20.8,92,5.2,8,0.0,1004.4,0.0,2.0,4,12,0
2023-12-13 05:00:00,22.8,86,8.7,38,0.0,1009.5,0.0,21.0,90,8.2,8,0.0,1004.9,0.0,1.8000000000000007,5,12,0
2023-12-13 06:00:00,23.1,87,6.0,92,0.0,1011.2,0.0,22.2,87,9.3,100,0.0,1006.6,0.0,0.9000000000000021,6,12,1
2023-12-13 07:00:00,24.3,85,8.1,66,70.0,1012.3,0.0,23.4,85,8.2,50,74.0,1007.8,0.0,0.9000000000000021,7,12,1
2023-12-13 08:00:00,25.8,80,10.8,41,233.0,1013.5,0.1,25.7,77,7.2,29,268.0,1009.0,0.0,0.10000000000000142,8,12,1
2023-12-13 09:00:00,26.6,71,16.1,57,429.0,1014.0,0.1,26.4,72,15.0,53,447.0,1009.5,0.3,0.20000000000000284,9,12,1
2023-12-13 10:00:00,27.1,68,17.7,61,529.0,1013.7,0.1,26.9,71,15.9,73,509.0,1009.2,0.2,0.20000000000000284,10,12,1
2023-12-13 11:00:00,27.6,66,18.8,77,642.0,1012.8,0.1,27.6,67,17.3,72,614.0,1008.3,0.1,0.0,11,12,1
2023-12-13 12:00:00,27.6,65,20.0,95,650.0,1011.6,0.0,28.2,63,18.2,87,678.0,1007.1,0.0,-0.5999999999999979,12,12,1
2023-12-13 13:00:00,27.4,66,19.9,99,564.0,1010.7,0.0,28.3,62,18.8,98,654.0,1006.1,0.0,-0.9000000000000021,13,12,1
2023-12-13 14:00:00,27.3,65,19.7,89,460.0,1009.9,0.0,27.7,63,19.7,98,497.0,1005.4,0.0,-0.3999999999999986,14,12,1
2023-12-13 15:00:00,27.2,64,19.8,82,422.0,1009.6,0.0,27.3,64,18.4,85,396.0,1005.1,0.0,-0.10000000000000142,15,12,1
2023-12-13 16:00:00,26.7,66,17.9,92,267.0,1009.9,0.0,26.8,65,16.5,100,256.0,1005.4,0.0,-0.10000000000000142,16,12,1
2023-12-13 17:00:00,26.1,66,15.7,90,83.0,1010.7,0.0,25.8,68,13.0,95,92.0,1006.1,0.0,0.3000000000000007,17,12,1
2023-12-13 18:00:00,25.9,69,15.5,92,1.0,1010.8,0.0,25.2,73,9.5,90,1.0,1006.3,0.0,0.6999999999999993,18,12,1
2023-12-13 19:00:00,25.8,68,15.8,94,0.0,1011.8,0.0,24.6,75,8.5,98,0.0,1007.3,0.0,1.1999999999999993,19,12,0
2023-12-13 20:00:00,25.6,69,15.1,98,0.0,1012.5,0.0,24.2,75,8.2,93,0.0,1008.1,0.0,1.4000000000000021,20,12,0
2023-12-13 21:00:00,25.4,69,13.9,98,0.0,1013.1,0.0,23.9,76,7.7,77,0.0,1008.6,0.0,1.5,21,12,0
2023-12-13 22:00:00,25.2,69,13.4,92,0.0,1013.3,0.0,23.7,77,7.7,39,0.0,1008.8,0.0,1.5,22,12,0
2023-12-13 23:00:00,25.1,69,12.9,44,0.0,1013.0,0.0,23.5,77,7.5,44,0.0,1008.5,0.0,1.6000000000000014,23,12,0
2023-12-14 00:00:00,25.1,69,13.3,17,0.0,1012.6,0.0,23.3,78,7.7,64,0.0,1008.0,0.0,1.8000000000000007,0,12,0
2023-12-14 01:00:00,24.9,70,13.3,2,0.0,1011.7,0.0,22.8,80,7.7,31,0.0,1007.2,0.0,2.099999999999998,1,12,0
2023-12-14 02:00:00,24.6,70,12.6,9,0.0,1010.9,0.0,22.4,81,7.6,3,0.0,1006.4,0.0,2.200000000000003,2,12,0
2023-12-14 03:00:00,24.1,72,11.0,6,0.0,1010.7,0.0,21.9,83,6.9,5,0.0,1006.2,0.0,2.200000000000003,3,12,0
2023-12-14 04:00:00,23.9,73,9.1,14,0.0,1010.8,0.0,21.7,84,8.4,5,0.0,1006.3,0.0,2.1999999999999993,4,12,0
2023-12-14 05:00:00,24.0,72,9.9,16,0.0,1011.4,0.0,21.3,86,8.5,25,0.0,1006.9,0.0,2.6999999999999993,5,12,0
2023-12-14 06:00:00,25.1,69,14.8,15,0.0,1012.4,0.0,22.7,84,8.4,33,0.0,1007.9,0.0,2.400000000000002,6,12,1
2023-12-14 07:00:00,25.6,72,14.5,6,73.0,1013.2,0.0,23.9,83,10.1,41,69.0,1008.8,0.0,1.7000000000000028,7,12,1
2023-12-14 08:00:00,26.9,65,18.2,7,259.0,1014.0,0.0,25.7,78,9.4,11,240.0,1009.5,0.0,1.1999999999999993,8,12,1
2023-12-14 09:00:00,27.5,60,22.2,13,467.0,1014.1,0.0,27.8,64,16.8,9,465.0,1009.4,0.0,-0.3000000000000007,9,12,1
2023-12-14 10:00:00,27.7,60,22.1,3,582.0,1013.8,0.0,28.7,57,19.3,91,645.0,1009.2,0.0,-1.0,10,12,1
2023-12-14 11:00:00,28.3,58,20.5,1,760.0,1013.2,0.0,29.0,56,18.7,72,739.0,1008.7,0.0,-0.6999999999999993,11,12,1
2023-12-14 12:00:00,28.9,56,17.4,0,813.0,1012.2,0.0,29.1,55,15.4,95,692.0,1007.8,0.0,-0.20000000000000284,12,12,1
2023-12-14 13:00:00,29.0,56,18.7,53,769.0,1011.2,0.0,29.7,53,16.1,99,779.0,1006.7,0.0,-0.6999999999999993,13,12,1
2023-12-14 14:00:00,28.0,61,20.5,79,579.0,1010.5,0.0,29.0,54,15.6,98,492.0,1005.8,0.0,-1.0,14,12,1
2023-12-14 15:00:00,27.9,61,15.3,91,364.0,1010.3,0.0,27.7,62,17.8,89,248.0,1005.7,0.0,0.1999999999999993,15,12,1
2023-12-14 16:00:00,27.3,66,14.5,99,232.0,1010.6,0.0,27.6,62,13.7,83,241.0,1006.1,0.0,-0.3000000000000007,16,12,1
2023-12-14 17:00:00,26.8,67,15.6,100,52.0,1011.2,0.0,26.7,66,11.1,100,72.0,1006.6,0.0,0.10000000000000142,17,12,1
2023-12-14 18:00:00,26.3,72,16.5,92,1.0,1012.2,0.0,26.2,72,15.5,96,1.0,1007.6,0.0,0.10000000000000142,18,12,1
2023-12-14 19:00:00,25.6,78,14.8,99,0.0,1013.4,0.3,25.8,74,12.8,98,0.0,1008.8,0.0,-0.1999999999999993,19,12,0
2023-12-14 20:00:00,25.6,79,13.4,79,0.0,1014.0,0.1,25.2,78,11.6,96,0.0,1009.5,0.0,0.40000000000000213,20,12,0
2023-12-14 21:00:00,25.5,78,12.1,100,0.0,1014.0,0.0,24.6,82,10.1,98,0.0,1009.5,0.0,0.8999999999999986,21,12,0
2023-12-14 22:00:00,25.4,78,11.8,100,0.0,1014.2,0.0,24.3,83,8.7,95,0.0,1009.7,0.0,1.0999999999999979,22,12,0
2023-12-14 23:00:00,25.5,78,12.6,100,0.0,1013.9,0.0,24.7,81,9.4,67,0.0,1009.4,0.0,0.8000000000000007,23,12,0
2023-12-15 00:00:00,25.9,76,13.4,100,0.0,1013.0,0.0,24.4,82,9.0,79,0.0,1008.5,0.0,1.5,0,12,0
2023-12-15 01:00:00,25.7,76,13.0,97,0.0,1012.2,0.0,24.5,82,10.0,85,0.0,1007.7,0.0,1.1999999999999993,1,12,0
2023-12-15 02:00:00,25.4,78,12.2,100,0.0,1011.3,0.0,24.4,83,10.0,100,0.0,1006.8,0.0,1.0,2,12,0
2023-12-15 03:00:00,25.3,80,11.9,100,0.0,1011.4,0.1,24.2,84,9.1,100,0.0,1006.9,0.0,1.1000000000000014,3,12,0
2023-12-15 04:00:00,25.0,84,10.1,100,0.0,1011.5,0.2,23.9,84,10.1,100,0.0,1007.0,0.1,1.1000000000000014,4,12,0
2023-12-15 05:00:00,24.7,88,10.8,95,0.0,1011.7,0.1,23.6,86,9.3,100,0.0,1007.3,0.2,1.0999999999999979,5,12,0
2023-12-15 06:00:00,25.7,80,13.0,100,0.0,1012.4,0.1,24.1,84,10.5,100,0.0,1008.0,0.3,1.5999999999999979,6,12,1
2023-12-15 07:00:00,25.7,83,13.9,100,16.0,1013.3,0.3,24.0,87,10.7,100,17.0,1008.9,0.3,1.6999999999999993,7,12,1
2023-12-15 08:00:00,26.4,79,15.1,100,73.0,1014.2,0.1,24.4,91,9.7,100,83.0,1009.8,1.8,2.0,8,12,1
2023-12-15 09:00:00,26.2,81,21.4,100,143.0,1014.3,0.5,24.7,91,12.2,100,98.0,1009.9,1.2,1.5,9,12,1
2023-12-15 10:00:00,26.1,83,22.1,100,156.0,1014.2,0.4,25.0,91,17.3,100,145.0,1009.7,1.2,1.1000000000000014,10,12,1
2023-12-15 11:00:00,26.0,84,21.9,100,175.0,1013.4,0.6,25.7,87,20.7,100,295.0,1008.7,0.8,0.3000000000000007,11,12,1
2023-12-15 12:00:00,26.0,83,22.9,100,199.0,1012.3,0.3,26.2,84,18.4,100,241.0,1007.7,0.2,-0.1999999999999993,12,12,1
2023-12-15 13:00:00,26.0,84,23.4,100,268.0,1011.4,0.4,26.2,83,18.7,100,177.0,1006.8,0.0,-0.1999999999999993,13,12,1
2023-12-15 14:00:00,25.2,90,20.0,100,225.0,1010.7,1.5,26.6,81,20.2,100,242.0,1006.0,0.1,-1.4000000000000021,14,12,1
2023-12-15 15:00:00,25.7,87,21.4,100,125.0,1010.4,0.8,26.6,80,20.5,100,320.0,1005.7,0.5,-0.9000000000000021,15,12,1
2023-12-15 16:00:00,26.0,84,21.3,100,151.0,1010.4,0.1,25.4,89,16.6,100,147.0,1005.9,1.4,0.6000000000000014,16,12,1
2023-12-15 17:00:00,25.7,85,19.5,100,54.0,1011.0,0.3,24.7,91,12.8,100,44.0,1006.6,1.1,1.0,17,12,1
2023-12-15 18:00:00,25.7,84,18.3,97,1.0,1012.0,0.1,24.4,93,13.0,99,1.0,1007.5,0.7,1.3000000000000007,18,12,1
2023-12-15 19:00:00,25.5,86,17.9,76,0.0,1012.7,0.0,24.5,92,13.0,94,0.0,1008.3,0.4,1.0,19,12,0
2023-12-15 20:00:00,25.2,86,16.8,84,0.0,1013.3,0.0,24.4,92,12.7,92,0.0,1008.7,0.3,0.8000000000000007,20,12,0
2023-12-15 21:00:00,25.4,86,19.1,57,0.0,1013.6,0.2,24.6,91,12.1,99,0.0,1009.0,0.1,0.7999999999999972,21,12,0
2023-12-15 22:00:00,25.0,89,16.6,64,0.0,1013.4,0.0,24.4,91,12.2,90,0.0,1008.9,0.1,0.6000000000000014,22,12,0
2023-12-15 23:00:00,24.7,91,13.8,77,0.0,1013.2,0.0,24.2,93,11.6,100,0.0,1008.7,0.0,0.5,23,12,0
2023-12-16 00:00:00,25.0,88,12.3,76,0.0,1012.7,0.2,24.1,94,9.7,100,0.0,1008.3,0.2,0.8999999999999986,0,12,0
2023-12-16 01:00:00,24.9,88,14.0,100,0.0,1011.8,0.3,24.0,95,8.9,100,0.0,1007.2,0.1,0.8999999999999986,1,12,0
2023-12-16 02:00:00,24.7,89,12.0,93,0.0,1010.9,0.3,24.1,94,9.3,71,0.0,1006.4,0.1,0.5999999999999979,2,12,0
2023-12-16 03:00:00,24.3,92,10.4,96,0.0,1010.4,0.1,23.7,95,8.7,81,0.0,1005.8,0.0,0.6000000000000014,3,12,0
2023-12-16 04:00:00,24.4,93,10.9,98,0.0,1010.5,0.3,23.6,95,7.2,100,0.0,1006.0,0.0,0.7999999999999972,4,12,0
2023-12-16 05:00:00,24.8,91,14.9,97,0.0,1010.6,0.1,23.5,95,6.7,100,0.0,1006.3,0.1,1.3000000000000007,5,12,0
2023-12-16 06:00:00,24.8,91,13.2,96,0.0,1011.3,0.2,23.7,96,5.8,100,0.0,1007.0,0.2,1.1000000000000014,6,12,1
2023-12-16 07:00:00,25.3,88,13.6,100,57.0,1012.3,0.2,24.3,94,7.8,100,36.0,1007.9,0.1,1.0,7,12,1
2023-12-16 08:00:00,26.2,82,16.6,68,158.0,1013.1,0.3,25.9,86,10.7,100,126.0,1008.7,0.4,0.3000000000000007,8,12,1
2023-12-16 09:00:00,26.6,81,16.7,49,262.0,1013.4,0.4,25.6,86,12.7,99,205.0,1009.0,1.2,1.0,9,12,1
2023-12-16 10:00:00,27.6,77,20.1,96,443.0,1013.2,0.2,27.8,77,15.3,97,454.0,1008.5,0.2,-0.1999999999999993,10,12,1
2023-12-16 11:00:00,28.3,74,22.4,97,652.0,1012.7,0.1,27.3,79,18.0,77,411.0,1008.3,0.4,1.0,11,12,1
2023-12-16 12:00:00,28.3,74,22.4,81,642.0,1011.6,0.1,28.8,70,20.9,84,545.0,1007.0,0.1,-0.5,12,12,1
2023-12-16 13:00:00,28.3,73,22.1,17,653.0,1010.4,0.1,28.4,72,20.9,39,518.0,1005.8,0.2,-0.09999999999999787,13,12,1
2023-12-16 14:00:00,28.3,72,22.6,11,594.0,1009.6,0.0,28.5,71,21.6,32,573.0,1005.1,0.1,-0.1999999999999993,14,12,1
2023-12-16 15:00:00,28.0,72,22.4,35,464.0,1009.6,0.0,28.2,71,20.8,100,469.0,1005.1,0.0,-0.1999999999999993,15,12,1
2023-12-16 16:00:00,27.5,74,21.2,17,265.0,1009.9,0.0,27.4,74,18.5,100,152.0,1005.3,0.0,0.10000000000000142,16,12,1
2023-12-16 17:00:00,26.9,76,18.5,10,84.0,1010.3,0.0,27.0,75,15.5,100,56.0,1005.7,0.0,-0.10000000000000142,17,12,1
2023-12-16 18:00:00,26.4,78,15.6,100,2.0,1011.3,0.0,26.2,78,12.7,100,2.0,1006.7,0.0,0.1999999999999993,18,12,1
2023-12-16 19:00:00,26.3,78,16.1,100,0.0,1012.2,0.0,25.9,80,12.5,100,0.0,1007.5,0.0,0.40000000000000213,19,12,0
2023-12-16 20:00:00,26.3,79,17.3,100,0.0,1012.7,0.0,25.8,81,12.2,84,0.0,1008.1,0.0,0.5,20,12,0
2023-12-16 21:00:00,26.0,81,16.9,27,0.0,1013.3,0.0,25.5,82,12.5,37,0.0,1008.8,0.0,0.5,21,12,0
2023-12-16 22:00:00,25.6,82,17.3,57,0.0,1013.1,0.2,25.3,83,11.5,47,0.0,1008.5,0.1,0.3000000000000007,22,12,0
2023-12-16 23:00:00,24.9,86,15.0,89,0.0,1012.6,0.1,24.9,85,11.0,81,0.0,1008.1,0.1,0.0,23,12,0
2023-12-17 00:00:00,24.4,89,13.1,80,0.0,1012.5,0.4,24.4,88,11.2,100,0.0,1007.8,0.2,0.0,0,12,0
2023-12-17 01:00:00,24.9,87,16.3,87,0.0,1011.5,0.1,23.8,92,12.2,100,0.0,1006.9,0.1,1.0999999999999979,1,12,0
2023-12-17 02:00:00,24.8,87,16.2,99,0.0,1010.8,0.3,23.6,94,10.3,100,0.0,1006.3,0.2,1.1999999999999993,2,12,0
2023-12-17 03:00:00,24.3,89,14.7,100,0.0,1010.3,0.5,23.7,94,11.4,100,0.0,1005.7,0.2,0.6000000000000014,3,12,0
2023-12-17 04:00:00,25.0,87,16.1,100,0.0,1010.1,0.3,23.7,92,9.6,100,0.0,1005.7,0.1,1.3000000000000007,4,12,0
2023-12-17 05:00:00,25.1,87,14.6,97,0.0,1010.5,0.0,23.7,93,7.8,100,0.0,1006.1,0.2,1.4000000000000021,5,12,0
2023-12-17 06:00:00,25.3,87,16.6,100,0.0,1011.2,0.0,24.4,91,9.0,100,0.0,1006.7,0.6,0.9000000000000021,6,12,1
2023-12-17 07:00:00,26.0,84,19.2,100,52.0,1012.3,0.3,25.4,87,13.8,82,46.0,1007.7,0.1,0.6000000000000014,7,12,1
2023-12-17 08:00:00,26.4,82,21.1,100,168.0,1013.0,0.4,26.5,80,17.4,98,182.0,1008.5,0.1,-0.10000000000000142,8,12,1
2023-12-17 09:00:00,27.1,79,23.6,100,358.0,1013.2,0.1,27.2,78,19.6,100,311.0,1008.6,0.0,-0.09999999999999787,9,12,1
2023-12-17 10:00:00,27.8,75,23.0,100,500.0,1012.9,0.1,28.1,73,21.2,100,473.0,1008.4,0.1,-0.3000000000000007,10,12,1
2023-12-17 11:00:00,28.0,74,23.9,100,593.0,1012.5,0.1,28.1,73,21.4,85,449.0,1007.9,0.1,-0.10000000000000142,11,12,1
2023-12-17 12:00:00,28.0,73,23.1,98,576.0,1011.2,0.0,28.8,69,22.4,34,643.0,1006.5,0.0,-0.8000000000000007,12,12,1
2023-12-17 13:00:00,28.0,74,23.3,72,677.0,1010.0,0.0,28.9,68,22.5,87,712.0,1005.4,0.0,-0.8999999999999986,13,12,1
2023-12-17 14:00:00,27.8,75,23.0,99,638.0,1009.3,0.1,28.1,71,20.5,100,476.0,1004.7,0.0,-0.3000000000000007,14,12,1
2023-12-17 15:00:00,27.2,76,22.6,100,346.0,1009.3,0.1,27.3,74,19.6,100,267.0,1004.8,0.2,-0.10000000000000142,15,12,1
2023-12-17 16:00:00,26.6,79,20.1,100,156.0,1009.6,0.1,26.7,77,17.3,100,146.0,1005.1,0.1,-0.09999999999999787,16,12,1
2023-12-17 17:00:00,26.1,80,17.8,92,72.0,1010.5,0.0,26.1,80,14.3,100,46.0,1006.0,0.0,0.0,17,12,1
2023-12-17 18:00:00,26.5,80,17.6,89,1.0,1010.9,0.0,26.1,80,13.5,66,1.0,1006.4,0.1,0.3999999999999986,18,12,1
2023-12-17 19:00:00,26.4,78,19.3,85,0.0,1011.5,0.1,25.9,81,14.5,36,0.0,1006.9,0.1,0.5,19,12,0
2023-12-17 20:00:00,26.2,79,20.6,57,0.0,1012.3,0.1,25.5,82,12.1,86,0.0,1007.9,0.1,0.6999999999999993,20,12,0
2023-12-17 21:00:00,26.2,80,21.1,87,0.0,1013.0,0.0,25.3,83,13.1,84,0.0,1008.6,0.3,0.8999999999999986,21,12,0
2023-12-17 22:00:00,26.0,82,19.5,95,0.0,1013.1,0.0,25.2,83,13.2,91,0.0,1008.6,0.3,0.8000000000000007,22,12,0
2023-12-17 23:00:00,25.8,83,18.3,93,0.0,1012.7,0.0,25.2,85,13.7,99,0.0,1008.2,0.0,0.6000000000000014,23,12,0
2023-12-18 00:00:00,25.6,83,17.5,87,0.0,1011.9,0.0,25.1,86,13.2,39,0.0,1007.3,0.0,0.5,0,12,0
2023-12-18 01:00:00,25.4,83,17.1,33,0.0,1011.2,0.0,24.7,86,12.0,30,0.0,1006.6,0.0,0.6999999999999993,1,12,0
2023-12-18 02:00:00,25.3,84,16.8,94,0.0,1010.6,0.0,24.4,88,10.2,38,0.0,1006.1,0.0,0.9000000000000021,2,12,0
2023-12-18 03:00:00,25.2,84,15.8,56,0.0,1010.4,0.0,24.2,88,9.3,60,0.0,1005.9,0.0,1.0,3,12,0
2023-12-18 04:00:00,25.2,84,14.5,91,0.0,1010.7,0.0,24.2,88,9.5,100,0.0,1006.2,0.0,1.0,4,12,0
2023-12-18 05:00:00,25.1,83,14.0,86,0.0,1011.1,0.0,24.1,89,8.9,100,0.0,1006.5,0.0,1.0,5,12,0
2023-12-18 06:00:00,25.5,79,18.8,83,0.0,1012.4,0.0,24.6,84,11.1,76,0.0,1007.8,0.0,0.8999999999999986,6,12,1
2023-12-18 07:00:00,25.7,80,18.1,86,64.0,1013.2,0.0,25.6,81,13.9,80,59.0,1008.7,0.0,0.09999999999999787,7,12,1
2023-12-18 08:00:00,26.5,74,21.2,94,253.0,1013.8,0.0,26.6,73,19.9,97,227.0,1009.1,0.1,-0.10000000000000142,8,12,1
2023-12-18 09:00:00,27.0,72,23.2,92,427.0,1014.3,0.0,27.5,67,21.4,92,387.0,1009.7,0.0,-0.5,9,12,1
2023-12-18 10:00:00,27.5,69,23.7,72,617.0,1014.5,0.0,28.0,64,21.4,66,503.0,1009.9,0.0,-0.5,10,12,1
2023-12-18 11:00:00,27.4,69,23.4,90,658.0,1014.0,0.1,28.3,63,22.4,91,652.0,1009.4,0.1,-0.9000000000000021,11,12,1
2023-12-18 12:00:00,27.5,69,24.8,89,695.0,1013.1,0.2,28.2,64,23.2,100,633.0,1008.4,0.0,-0.6999999999999993,12,12,1
2023-12-18 13:00:00,27.3,69,24.5,100,626.0,1012.0,0.0,27.6,66,23.2,100,472.0,1007.4,0.0,-0.3000000000000007,13,12,1
2023-12-18 14:00:00,27.1,70,24.0,100,526.0,1010.9,0.0,27.3,67,21.4,100,381.0,1006.3,0.0,-0.1999999999999993,14,12,1
2023-12-18 15:00:00,26.5,71,21.4,100,298.0,1010.9,0.0,26.7,69,20.4,100,242.0,1006.3,0.0,-0.1999999999999993,15,12,1
2023-12-18 16:00:00,26.1,73,19.9,100,181.0,1011.3,0.0,26.3,71,18.6,98,187.0,1006.7,0.0,-0.1999999999999993,16,12,1
2023-12-18 17:00:00,25.6,75,16.3,100,85.0,1011.8,0.0,25.6,74,14.6,98,88.0,1007.2,0.0,0.0,17,12,1
2023-12-18 18:00:00,25.6,76,16.6,62,2.0,1012.5,0.0,25.2,78,12.6,99,2.0,1007.9,0.0,0.40000000000000213,18,12,1
2023-12-18 19:00:00,25.5,77,17.8,98,0.0,1013.4,0.0,25.1,79,14.3,99,0.0,1008.8,0.0,0.3999999999999986,19,12,0
2023-12-18 20:00:00,25.4,78,19.2,100,0.0,1014.0,0.0,25.1,79,14.5,94,0.0,1009.4,0.0,0.29999999999999716,20,12,0
2023-12-18 21:00:00,25.4,77,18.9,100,0.0,1014.4,0.0,24.8,80,14.3,99,0.0,1009.8,0.0,0.5999999999999979,21,12,0
2023-12-18 22:00:00,25.2,76,19.4,100,0.0,1014.3,0.0,24.7,79,13.8,100,0.0,1009.7,0.0,0.5,22,12,0
2023-12-18 23:00:00,24.9,77,18.9,92,0.0,1013.9,0.0,24.5,80,13.4,95,0.0,1009.3,0.0,0.3999999999999986,23,12,0
2023-12-19 00:00:00,24.7,76,17.8,89,0.0,1013.4,0.0,24.1,81,13.7,100,0.0,1008.8,0.0,0.5999999999999979,0,12,0
2023-12-19 01:00:00,24.5,74,17.8,100,0.0,1012.7,0.0,23.5,80,11.4,57,0.0,1008.3,0.0,1.0,1,12,0
2023-12-19 02:00:00,24.5,73,17.2,100,0.0,1012.1,0.0,23.3,79,11.2,27,0.0,1007.6,0.0,1.1999999999999993,2,12,0
2023-12-19 03:00:00,24.3,73,15.8,2,0.0,1011.8,0.0,23.0,80,11.9,1,0.0,1007.2,0.0,1.3000000000000007,3,12,0
2023-12-19 04:00:00,24.0,74,14.7,8,0.0,1011.8,0.0,22.7,80,9.7,2,0.0,1007.3,0.0,1.3000000000000007,4,12,0
2023-12-19 05:00:00,23.8,76,12.8,14,0.0,1012.2,0.0,22.2,83,8.1,15,0.0,1007.6,0.0,1.6000000000000014,5,12,0
2023-12-19 06:00:00,24.8,72,15.0,33,0.0,1013.1,0.0,24.3,74,10.8,28,0.0,1008.6,0.0,0.5,6,12,1
2023-12-19 07:00:00,25.4,73,16.5,18,64.0,1013.8,0.0,24.6,75,12.0,14,49.0,1009.3,0.0,0.7999999999999972,7,12,1
2023-12-19 08:00:00,26.6,67,20.9,14,266.0,1014.5,0.0,26.2,72,12.7,29,228.0,1009.9,0.0,0.40000000000000213,8,12,1
2023-12-19 09:00:00,27.0,65,23.0,36,469.0,1015.0,0.0,27.4,65,19.3,74,388.0,1010.4,0.0,-0.3999999999999986,9,12,1
2023-12-19 10:00:00,27.5,64,22.4,8,645.0,1015.1,0.0,28.1,62,18.6,33,549.0,1010.5,0.0,-0.6000000000000014,10,12,1
2023-12-19 11:00:00,27.7,62,22.1,6,749.0,1014.4,0.0,28.6,60,19.0,12,688.0,1009.7,0.0,-0.9000000000000021,11,12,1
2023-12-19 12:00:00,27.8,61,22.1,3,792.0,1013.3,0.0,28.8,59,19.3,43,777.0,1008.6,0.0,-1.0,12,12,1
2023-12-19 13:00:00,27.8,61,21.7,3,766.0,1012.1,0.0,28.5,58,19.6,92,757.0,1007.4,0.0,-0.6999999999999993,13,12,1
2023-12-19 14:00:00,27.6,62,20.8,9,670.0,1011.2,0.0,28.2,59,19.4,93,654.0,1006.6,0.0,-0.5999999999999979,14,12,1
2023-12-19 15:00:00,27.2,62,20.0,52,510.0,1011.0,0.0,27.6,61,18.6,81,487.0,1006.4,0.0,-0.40000000000000213,15,12,1
2023-12-19 16:00:00,26.8,64,17.8,31,306.0,1011.3,0.0,27.0,63,17.1,70,298.0,1006.7,0.0,-0.1999999999999993,16,12,1
2023-12-19 17:00:00,26.1,66,14.4,47,95.0,1011.8,0.0,26.0,66,11.9,21,98.0,1007.3,0.0,0.10000000000000142,17,12,1
2023-12-19 18:00:00,26.3,68,15.8,100,2.0,1012.7,0.0,25.8,68,11.2,100,2.0,1008.1,0.0,0.5,18,12,1
2023-12-19 19:00:00,26.6,68,17.2,99,0.0,1013.3,0.0,26.0,68,11.9,96,0.0,1008.8,0.0,0.6000000000000014,19,12,0
2023-12-19 20:00:00,26.7,67,16.8,98,0.0,1014.0,0.0,26.1,70,12.0,100,0.0,1009.5,0.0,0.5999999999999979,20,12,0
2023-12-19 21:00:00,26.7,67,16.4,96,0.0,1014.4,0.0,26.0,70,11.8,100,0.0,1009.7,0.0,0.6999999999999993,21,12,0
2023-12-19 22:00:00,26.4,67,17.0,51,0.0,1014.3,0.0,26.1,69,12.1,97,0.0,1009.7,0.0,0.29999999999999716,22,12,0
2023-12-19 23:00:00,26.1,69,15.7,43,0.0,1014.1,0.0,25.6,71,11.1,98,0.0,1009.5,0.0,0.5,23,12,0
2023-12-20 00:00:00,25.9,70,16.9,58,0.0,1013.7,0.0,25.2,72,11.7,100,0.0,1009.0,0.0,0.6999999999999993,0,12,0
2023-12-20 01:00:00,25.4,76,19.3,20,0.0,1012.9,0.0,25.1,73,13.4,100,0.0,1008.1,0.0,0.29999999999999716,1,12,0
2023-12-20 02:00:00,25.1,78,19.7,9,0.0,1012.0,0.0,24.9,76,16.0,100,0.0,1007.3,0.0,0.20000000000000284,2,12,0
2023-12-20 03:00:00,24.8,80,19.1,14,0.0,1011.7,0.0,24.7,79,14.4,51,0.0,1007.1,0.0,0.10000000000000142,3,12,0
2023-12-20 04:00:00,24.9,79,19.3,21,0.0,1011.7,0.0,24.4,81,13.1,100,0.0,1007.2,0.0,0.5,4,12,0
2023-12-20 05:00:00,24.8,80,18.4,15,0.0,1012.1,0.0,24.4,81,13.5,100,0.0,1007.5,0.0,0.40000000000000213,5,12,0
2023-12-20 06:00:00,25.5,76,18.0,100,0.0,1013.2,0.0,25.0,79,13.6,100,0.0,1008.6,0.0,0.5,6,12,1
2023-12-20 07:00:00,25.7,76,18.5,100,36.0,1014.0,0.0,25.4,78,15.4,99,37.0,1009.3,0.0,0.3000000000000007,7,12,1
2023-12-20 08:00:00,26.3,73,20.4,15,203.0,1014.6,0.0,26.5,73,18.7,94,211.0,1009.9,0.0,-0.1999999999999993,8,12,1
2023-12-20 09:00:00,27.1,70,21.7,17,459.0,1014.9,0.0,27.3,69,18.1,90,343.0,1010.3,0.0,-0.1999999999999993,9,12,1
2023-12-20 10:00:00,27.7,68,21.3,15,628.0,1014.7,0.0,28.2,65,19.4,87,534.0,1009.9,0.0,-0.5,10,12,1
2023-12-20 11:00:00,27.9,67,21.1,19,703.0,1014.1,0.0,28.2,66,19.6,30,518.0,1009.4,0.0,-0.3000000000000007,11,12,1
2023-12-20 12:00:00,28.0,66,20.7,12,742.0,1013.0,0.0,28.8,63,19.1,89,704.0,1008.4,0.0,-0.8000000000000007,12,12,1
2023-12-20 13:00:00,27.9,65,20.2,35,679.0,1012.3,0.0,28.5,64,18.6,89,585.0,1007.7,0.0,-0.6000000000000014,13,12,1
2023-12-20 14:00:00,27.5,65,19.9,47,491.0,1011.5,0.0,28.3,63,18.2,67,514.0,1006.8,0.0,-0.8000000000000007,14,12,1
2023-12-20 15:00:00,27.4,65,19.5,53,423.0,1011.4,0.0,27.8,63,18.5,31,390.0,1006.7,0.0,-0.40000000000000213,15,12,1
2023-12-20 16:00:00,26.9,67,18.4,50,261.0,1011.4,0.0,27.2,64,17.8,8,275.0,1006.7,0.0,-0.3000000000000007,16,12,1
2023-12-20 17:00:00,26.2,69,14.8,10,101.0,1011.7,0.0,26.1,69,13.5,6,102.0,1007.1,0.0,0.09999999999999787,17,12,1
2023-12-20 18:00:00,26.6,69,16.6,87,2.0,1012.0,0.0,26.0,71,13.0,18,2.0,1007.4,0.0,0.6000000000000014,18,12,1
2023-12-20 19:00:00,26.3,71,15.8,55,0.0,1012.9,0.0,25.7,72,12.5,6,0.0,1008.3,0.0,0.6000000000000014,19,12,0
2023-12-20 20:00:00,25.9,73,15.0,17,0.0,1013.3,0.0,25.1,75,12.0,0,0.0,1008.7,0.0,0.7999999999999972,20,12,0
2023-12-20 21:00:00,25.6,75,15.0,16,0.0,1013.8,0.0,24.6,78,10.2,1,0.0,1009.3,0.0,1.0,21,12,0
2023-12-20 22:00:00,25.4,77,16.6,17,0.0,1013.9,0.0,24.3,80,10.1,0,0.0,1009.3,0.0,1.0999999999999979,22,12,0
2023-12-20 23:00:00,25.2,80,15.5,11,0.0,1013.8,0.0,24.0,82,10.1,12,0.0,1009.3,0.0,1.1999999999999993,23,12,0
2023-12-21 00:00:00,24.9,80,13.9,13,0.0,1013.4,0.0,24.0,84,10.2,26,0.0,1008.9,0.0,0.8999999999999986,0,12,0
2023-12-21 01:00:00,24.6,80,13.4,42,0.0,1012.7,0.0,23.9,86,10.3,30,0.0,1008.1,0.0,0.7000000000000028,1,12,0
2023-12-21 02:00:00,24.4,81,14.5,39,0.0,1011.8,0.0,23.6,86,11.2,63,0.0,1007.2,0.0,0.7999999999999972,2,12,0
2023-12-21 03:00:00,24.3,81,16.2,60,0.0,1011.3,0.0,23.4,87,11.0,89,0.0,1006.7,0.0,0.9000000000000021,3,12,0
2023-12-21 04:00:00,24.3,80,15.0,54,0.0,1011.0,0.0,23.2,87,10.5,97,0.0,1006.5,0.0,1.1000000000000014,4,12,0
2023-12-21 05:00:00,24.1,80,14.2,79,0.0,1011.5,0.0,22.9,88,8.7,23,0.0,1007.0,0.0,1.2000000000000028,5,12,0
2023-12-21 06:00:00,25.8,74,17.4,100,0.0,1012.7,0.0,25.3,78,12.0,100,0.0,1008.1,0.0,0.5,6,12,1
2023-12-21 07:00:00,25.9,76,17.2,100,39.0,1013.6,0.0,25.7,77,13.0,100,28.0,1009.0,0.0,0.1999999999999993,7,12,1
2023-12-21 08:00:00,26.5,72,19.8,52,220.0,1014.3,0.0,26.3,73,16.3,99,124.0,1009.7,0.0,0.1999999999999993,8,12,1
2023-12-21 09:00:00,27.2,71,18.7,17,427.0,1014.7,0.0,27.2,70,16.4,81,285.0,1010.1,0.0,0.0,9,12,1
2023-12-21 10:00:00,27.7,68,19.7,34,620.0,1014.5,0.0,28.3,65,17.6,11,543.0,1009.8,0.0,-0.6000000000000014,10,12,1
2023-12-21 11:00:00,28.0,66,20.2,35,725.0,1014.0,0.0,28.8,62,18.4,31,702.0,1009.4,0.0,-0.8000000000000007,11,12,1
2023-12-21 12:00:00,28.1,65,20.1,39,762.0,1013.0,0.0,29.0,61,17.8,28,736.0,1008.3,0.0,-0.8999999999999986,12,12,1
2023-12-21 13:00:00,27.9,65,19.6,30,695.0,1011.9,0.0,28.9,61,17.8,79,696.0,1007.2,0.0,-1.0,13,12,1
2023-12-21 14:00:00,27.4,67,19.3,31,560.0,1011.0,0.0,28.4,62,17.3,22,572.0,1006.3,0.0,-1.0,14,12,1
2023-12-21 15:00:00,27.0,68,18.3,8,460.0,1010.8,0.0,27.8,64,16.6,8,467.0,1006.1,0.0,-0.8000000000000007,15,12,1
2023-12-21 16:00:00,26.4,69,17.4,9,279.0,1011.1,0.0,26.9,66,16.4,2,308.0,1006.3,0.0,-0.5,16,12,1
2023-12-21 17:00:00,25.7,72,15.1,5,106.0,1011.3,0.0,25.7,71,13.1,2,110.0,1006.6,0.0,0.0,17,12,1
2023-12-21 18:00:00,25.7,75,14.8,4,2.0,1011.8,0.0,25.6,75,12.3,6,2.0,1007.2,0.0,0.09999999999999787,18,12,1
2023-12-21 19:00:00,25.2,77,13.9,2,0.0,1012.8,0.0,25.0,78,11.5,1,0.0,1008.3,0.0,0.1999999999999993,19,12,0
2023-12-21 20:00:00,24.9,79,12.9,7,0.0,1013.6,0.0,24.4,81,10.2,0,0.0,1009.0,0.0,0.5,20,12,0
2023-12-21 21:00:00,24.7,79,12.7,10,0.0,1014.1,0.0,24.1,83,9.2,1,0.0,1009.6,0.0,0.5999999999999979,21,12,0
2023-12-21 22:00:00,24.5,80,11.8,11,0.0,1014.3,0.0,23.6,86,8.5,4,0.0,1009.8,0.0,0.8999999999999986,22,12,0
2023-12-21 23:00:00,24.2,81,10.7,2,0.0,1014.2,0.0,23.2,87,7.4,6,0.0,1009.7,0.0,1.0,23,12,0
2023-12-22 00:00:00,24.0,83,9.8,0,0.0,1013.7,0.0,22.8,89,6.9,1,0.0,1009.1,0.0,1.1999999999999993,0,12,0
2023-12-22 01:00:00,23.7,85,9.1,0,0.0,1012.9,0.0,22.4,91,6.2,2,0.0,1008.4,0.0,1.3000000000000007,1,12,0
2023-12-22 02:00:00,23.5,87,8.4,0,0.0,1012.0,0.0,22.0,92,6.2,0,0.0,1007.4,0.0,1.5,2,12,0
2023-12-22 03:00:00,23.3,87,9.0,0,0.0,1011.4,0.0,21.9,93,6.5,0,0.0,1006.7,0.0,1.4000000000000021,3,12,0
2023-12-22 04:00:00,23.2,88,9.4,0,0.0,1011.3,0.0,21.7,94,7.2,0,0.0,1006.7,0.0,1.5,4,12,0
2023-12-22 05:00:00,22.9,89,8.2,2,0.0,1012.0,0.0,21.5,95,6.6,0,0.0,1007.4,0.0,1.3999999999999986,5,12,0
2023-12-22 06:00:00,23.4,87,9.8,13,0.0,1012.9,0.0,22.1,93,9.0,4,0.0,1008.3,0.0,1.2999999999999972,6,12,1
2023-12-22 07:00:00,24.4,85,11.2,26,64.0,1013.8,0.0,23.3,90,9.5,3,65.0,1009.4,0.0,1.0999999999999979,7,12,1
2023-12-22 08:00:00,25.9,76,14.3,65,248.0,1014.8,0.0,25.3,83,9.8,10,247.0,1010.3,0.0,0.5999999999999979,8,12,1
2023-12-22 09:00:00,26.8,71,15.9,39,460.0,1015.1,0.0,26.9,73,14.5,45,421.0,1010.5,0.0,-0.09999999999999787,9,12,1
2023-12-22 10:00:00,27.4,68,16.3,37,606.0,1014.7,0.0,27.9,67,14.4,64,539.0,1010.0,0.0,-0.5,10,12,1
2023-12-22 11:00:00,27.7,66,17.6,45,708.0,1014.0,0.0,28.5,63,14.7,59,588.0,1009.3,0.0,-0.8000000000000007,11,12,1
2023-12-22 12:00:00,27.8,64,17.9,33,748.0,1012.6,0.0,28.9,61,14.8,26,723.0,1007.9,0.0,-1.0999999999999979,12,12,1
2023-12-22 13:00:00,27.5,60,17.1,5,705.0,1011.6,0.0,28.9,60,14.9,56,684.0,1006.9,0.0,-1.3999999999999986,13,12,1
2023-12-22 14:00:00,27.2,61,16.5,8,655.0,1010.9,0.0,28.4,60,15.5,100,595.0,1006.1,0.0,-1.1999999999999993,14,12,1
2023-12-22 15:00:00,26.7,64,15.3,9,518.0,1011.0,0.0,27.7,60,15.1,72,478.0,1006.4,0.0,-1.0,15,12,1
2023-12-22 16:00:00,26.0,67,13.4,100,323.0,1011.2,0.0,26.6,63,14.5,83,310.0,1006.5,0.0,-0.6000000000000014,16,12,1
2023-12-22 17:00:00,24.9,73,10.8,23,113.0,1011.8,0.0,25.0,70,12.3,52,116.0,1007.1,0.0,-0.10000000000000142,17,12,1
2023-12-22 18:00:00,24.0,76,9.1,91,3.0,1012.5,0.0,23.8,75,10.2,90,3.0,1007.9,0.0,0.1999999999999993,18,12,1
2023-12-22 19:00:00,23.6,78,8.5,82,0.0,1013.6,0.0,23.0,80,8.8,93,0.0,1009.0,0.0,0.6000000000000014,19,12,0
2023-12-22 20:00:00,23.4,80,8.4,95,0.0,1014.2,0.0,22.6,83,8.6,87,0.0,1009.6,0.0,0.7999999999999972,20,12,0
2023-12-22 21:00:00,23.4,81,8.7,41,0.0,1014.6,0.0,22.2,85,8.3,15,0.0,1010.0,0.0,1.1999999999999993,21,12,0
2023-12-22 22:00:00,23.2,81,8.6,8,0.0,1014.4,0.0,21.8,87,8.0,12,0.0,1009.7,0.0,1.3999999999999986,22,12,0
2023-12-22 23:00:00,22.8,83,8.2,2,0.0,1014.2,0.0,21.4,90,7.3,0,0.0,1009.6,0.0,1.4000000000000021,23,12,0
2023-12-23 00:00:00,22.5,85,7.6,10,0.0,1013.8,0.0,21.0,91,6.7,0,0.0,1009.2,0.0,1.5,0,12,0
2023-12-23 01:00:00,22.6,84,8.4,18,0.0,1013.1,0.0,20.7,92,6.5,5,0.0,1008.6,0.0,1.9000000000000021,1,12,0
2023-12-23 02:00:00,22.3,85,7.7,25,0.0,1012.7,0.0,20.6,92,6.6,14,0.0,1008.2,0.0,1.6999999999999993,2,12,0
2023-12-23 03:00:00,21.6,88,5.8,39,0.0,1012.6,0.0,20.4,93,6.9,25,0.0,1008.1,0.0,1.2000000000000028,3,12,0
2023-12-23 04:00:00,21.2,89,5.8,100,0.0,1012.6,0.0,20.0,94,6.8,100,0.0,1008.1,0.0,1.1999999999999993,4,12,0
2023-12-23 05:00:00,20.9,90,6.0,100,0.0,1012.8,0.0,19.8,95,5.9,99,0.0,1008.3,0.0,1.0999999999999979,5,12,0
2023-12-23 06:00:00,21.0,91,6.1,91,0.0,1013.7,0.0,20.1,95,8.2,99,0.0,1009.1,0.0,0.8999999999999986,6,12,1
2023-12-23 07:00:00,22.1,88,8.9,100,61.0,1014.6,0.0,21.7,89,9.6,100,57.0,1010.0,0.0,0.40000000000000213,7,12,1
2023-12-23 08:00:00,24.1,83,6.8,100,226.0,1015.2,0.0,24.2,80,7.9,100,233.0,1010.7,0.0,-0.09999999999999787,8,12,1
2023-12-23 09:00:00,26.0,72,7.1,94,444.0,1015.8,0.0,26.0,70,9.3,100,426.0,1011.2,0.0,0.0,9,12,1
2023-12-23 10:00:00,27.2,59,10.4,43,671.0,1015.6,0.0,27.2,62,9.4,99,620.0,1011.0,0.0,0.0,10,12,1
2023-12-23 11:00:00,27.6,57,11.5,100,786.0,1014.8,0.0,28.1,57,9.2,100,767.0,1010.2,0.0,-0.5,11,12,1
2023-12-23 12:00:00,27.7,59,12.2,100,801.0,1013.7,0.0,28.5,55,10.0,100,797.0,1009.1,0.0,-0.8000000000000007,12,12,1
2023-12-23 13:00:00,27.4,62,13.6,100,670.0,1012.7,0.0,28.5,56,11.1,100,765.0,1008.1,0.0,-1.1000000000000014,13,12,1
2023-12-23 14:00:00,26.9,65,14.3,100,494.0,1012.2,0.0,28.0,58,12.4,100,597.0,1007.5,0.0,-1.1000000000000014,14,12,1
2023-12-23 15:00:00,26.3,67,14.8,100,315.0,1012.1,0.0,27.0,63,14.1,100,376.0,1007.3,0.0,-0.6999999999999993,15,12,1
2023-12-23 16:00:00,25.9,68,14.3,100,182.0,1012.2,0.0,26.2,66,14.8,100,221.0,1007.5,0.0,-0.3000000000000007,16,12,1
2023-12-23 17:00:00,25.3,71,12.1,100,77.0,1012.6,0.0,25.2,70,11.5,100,79.0,1008.0,0.0,0.10000000000000142,17,12,1
2023-12-23 18:00:00,24.8,73,11.8,99,3.0,1013.4,0.0,24.4,75,9.0,47,3.0,1008.8,0.0,0.40000000000000213,18,12,1
2023-12-23 19:00:00,24.6,75,11.3,37,0.0,1014.5,0.0,23.6,79,7.1,33,0.0,1010.1,0.0,1.0,19,12,0
2023-12-23 20:00:00,24.4,75,10.6,53,0.0,1015.1,0.0,22.9,83,6.1,2,0.0,1010.5,0.0,1.5,20,12,0
2023-12-23 21:00:00,24.1,77,10.5,38,0.0,1015.5,0.0,22.5,84,7.5,9,0.0,1010.9,0.0,1.6000000000000014,21,12,0
2023-12-23 22:00:00,23.7,79,10.9,12,0.0,1015.3,0.0,22.3,85,9.7,21,0.0,1010.6,0.0,1.3999999999999986,22,12,0
2023-12-23 23:00:00,23.5,79,11.5,7,0.0,1015.1,0.0,22.2,85,10.4,36,0.0,1010.5,0.0,1.3000000000000007,23,12,0
2023-12-24 00:00:00,23.4,79,10.1,18,0.0,1015.0,0.0,21.9,86,9.0,40,0.0,1010.4,0.0,1.5,0,12,0
2023-12-24 01:00:00,23.2,79,9.8,9,0.0,1014.3,0.0,21.7,87,9.1,15,0.0,1009.7,0.0,1.5,1,12,0
2023-12-24 02:00:00,22.9,81,7.6,7,0.0,1013.8,0.0,21.5,88,7.2,6,0.0,1009.3,0.0,1.3999999999999986,2,12,0
2023-12-24 03:00:00,22.5,84,6.6,62,0.0,1013.5,0.0,21.3,89,6.5,12,0.0,1009.0,0.0,1.1999999999999993,3,12,0
2023-12-24 04:00:00,22.2,86,10.6,11,0.0,1014.0,0.0,21.2,89,8.9,26,0.0,1009.4,0.0,1.0,4,12,0
2023-12-24 05:00:00,21.7,89,13.3,24,0.0,1014.6,0.0,21.2,89,11.4,87,0.0,1009.9,0.0,0.5,5,12,0
2023-12-24 06:00:00,22.5,82,16.2,16,0.0,1014.6,0.0,22.4,83,10.7,7,0.0,1009.9,0.0,0.10000000000000142,6,12,1
2023-12-24 07:00:00,23.4,81,13.6,10,60.0,1015.5,0.0,23.5,80,10.2,100,61.0,1010.9,0.0,-0.10000000000000142,7,12,1
2023-12-24 08:00:00,25.1,79,15.2,79,251.0,1016.5,0.0,25.5,74,11.7,93,246.0,1012.0,0.0,-0.3999999999999986,8,12,1
2023-12-24 09:00:00,26.6,77,16.9,62,425.0,1016.8,0.0,27.2,70,15.2,86,443.0,1012.3,0.0,-0.5999999999999979,9,12,1
2023-12-24 10:00:00,28.0,70,23.2,91,573.0,1016.6,0.2,28.2,67,20.1,100,584.0,1012.0,0.0,-0.1999999999999993,10,12,1
2023-12-24 11:00:00,28.3,67,23.5,65,576.0,1015.8,0.0,27.5,71,20.3,81,226.0,1011.1,0.0,0.8000000000000007,11,12,1
2023-12-24 12:00:00,28.3,66,24.4,27,570.0,1014.8,0.0,29.0,64,21.6,78,542.0,1010.1,0.0,-0.6999999999999993,12,12,1
2023-12-24 13:00:00,28.4,65,24.7,93,623.0,1013.6,0.0,29.1,63,22.8,88,583.0,1008.9,0.0,-0.7000000000000028,13,12,1
2023-12-24 14:00:00,27.4,72,22.5,100,304.0,1012.9,0.0,28.5,64,23.3,97,436.0,1008.2,0.0,-1.1000000000000014,14,12,1
2023-12-24 15:00:00,27.3,72,21.5,21,268.0,1012.6,0.0,27.8,67,21.3,100,235.0,1008.0,0.0,-0.5,15,12,1
2023-12-24 16:00:00,27.1,73,20.5,21,250.0,1012.8,0.0,27.2,71,18.7,99,141.0,1008.2,0.0,-0.09999999999999787,16,12,1
2023-12-24 17:00:00,26.5,75,17.0,54,83.0,1013.5,0.0,26.7,74,15.9,99,40.0,1008.8,0.0,-0.1999999999999993,17,12,1
2023-12-24 18:00:00,26.1,75,14.8,24,3.0,1013.9,0.0,26.3,74,12.7,100,2.0,1009.3,0.0,-0.1999999999999993,18,12,1
2023-12-24 19:00:00,25.8,78,15.5,94,0.0,1014.6,0.0,25.6,77,11.6,100,0.0,1010.0,0.0,0.1999999999999993,19,12,0
2023-12-24 20:00:00,25.8,79,15.7,100,0.0,1015.1,0.0,25.6,78,12.3,100,0.0,1010.5,0.0,0.1999999999999993,20,12,0
2023-12-24 21:00:00,26.2,77,14.5,100,0.0,1015.6,0.0,25.5,81,9.5,100,0.0,1011.2,0.3,0.6999999999999993,21,12,0
2023-12-24 22:00:00,26.2,78,17.6,100,0.0,1015.3,0.0,24.4,93,7.2,100,0.0,1011.0,2.2,1.8000000000000007,22,12,0
2023-12-24 23:00:00,25.7,83,17.1,100,0.0,1015.0,0.2,24.2,94,6.5,100,0.0,1010.5,3.2,1.5,23,12,0
2023-12-25 00:00:00,25.2,86,15.8,100,0.0,1014.7,0.3,24.4,92,7.9,100,0.0,1010.1,0.8,0.8000000000000007,0,12,0
2023-12-25 01:00:00,25.1,88,13.5,100,0.0,1013.9,0.3,23.6,95,11.7,81,0.0,1009.5,0.6,1.5,1,12,0
2023-12-25 02:00:00,24.4,91,13.4,100,0.0,1013.3,0.4,23.7,95,9.2,100,0.0,1008.8,0.3,0.6999999999999993,2,12,0
2023-12-25 03:00:00,24.3,91,15.0,71,0.0,1013.1,0.3,23.6,95,8.9,100,0.0,1008.5,0.3,0.6999999999999993,3,12,0
2023-12-25 04:00:00,24.1,93,13.5,100,0.0,1013.4,0.2,23.5,94,10.1,93,0.0,1008.8,0.2,0.6000000000000014,4,12,0
2023-12-25 05:00:00,24.3,91,12.4,32,0.0,1013.6,0.3,23.7,93,10.3,19,0.0,1009.0,0.0,0.6000000000000014,5,12,0
2023-12-25 06:00:00,24.0,94,13.4,52,0.0,1013.9,0.0,23.5,96,8.3,100,0.0,1009.4,0.0,0.5,6,12,1
2023-12-25 07:00:00,24.6,91,14.0,87,52.0,1014.9,0.0,24.1,93,12.0,90,33.0,1010.4,0.1,0.5,7,12,1
2023-12-25 08:00:00,25.3,87,14.6,83,173.0,1015.7,0.2,24.9,89,14.5,89,147.0,1011.2,0.1,0.40000000000000213,8,12,1
2023-12-25 09:00:00,26.2,85,16.6,87,309.0,1016.0,0.2,26.0,84,12.5,100,222.0,1011.6,0.2,0.1999999999999993,9,12,1
2023-12-25 10:00:00,26.8,80,17.3,90,405.0,1016.1,0.1,26.6,79,16.1,99,394.0,1011.5,0.6,0.1999999999999993,10,12,1
2023-12-25 11:00:00,27.1,80,19.1,42,548.0,1015.4,0.3,27.2,79,18.6,85,440.0,1010.7,0.2,-0.09999999999999787,11,12,1
2023-12-25 12:00:00,27.7,77,22.2,22,682.0,1014.2,0.4,28.1,74,20.9,59,696.0,1009.5,0.4,-0.40000000000000213,12,12,1
2023-12-25 13:00:00,28.0,74,23.4,15,697.0,1013.0,0.1,28.5,70,20.7,33,621.0,1008.4,0.2,-0.5,13,12,1
2023-12-25 14:00:00,28.0,74,23.4,21,626.0,1012.2,0.1,28.4,70,20.7,28,570.0,1007.6,0.0,-0.3999999999999986,14,12,1
2023-12-25 15:00:00,27.4,76,21.9,21,465.0,1012.0,0.1,27.8,72,20.5,30,425.0,1007.4,0.1,-0.40000000000000213,15,12,1
2023-12-25 16:00:00,26.9,78,21.1,31,293.0,1012.1,0.1,27.3,74,19.6,26,288.0,1007.5,0.1,-0.40000000000000213,16,12,1
2023-12-25 17:00:00,26.1,82,17.9,37,104.0,1012.5,0.0,26.2,80,15.3,14,105.0,1007.9,0.0,-0.09999999999999787,17,12,1
2023-12-25 18:00:00,25.3,84,13.8,34,3.0,1013.3,0.0,25.2,83,12.5,7,3.0,1008.6,0.0,0.10000000000000142,18,12,1
2023-12-25 19:00:00,24.8,87,13.2,38,0.0,1013.9,0.0,24.4,88,11.6,4,0.0,1009.3,0.0,0.40000000000000213,19,12,0
2023-12-25 20:00:00,24.7,88,14.4,27,0.0,1014.7,0.0,23.9,91,10.8,12,0.0,1010.1,0.0,0.8000000000000007,20,12,0
2023-12-25 21:00:00,24.7,88,15.3,30,0.0,1015.1,0.0,23.7,92,10.2,26,0.0,1010.6,0.0,1.0,21,12,0
2023-12-25 22:00:00,24.6,88,14.4,37,0.0,1015.3,0.0,23.7,93,9.1,36,0.0,1010.8,0.0,0.9000000000000021,22,12,0
2023-12-25 23:00:00,24.4,88,12.3,14,0.0,1014.8,0.0,23.5,93,7.8,36,0.0,1010.3,0.0,0.8999999999999986,23,12,0
2023-12-26 00:00:00,24.0,89,11.3,15,0.0,1014.2,0.0,23.2,95,7.2,29,0.0,1009.6,0.0,0.8000000000000007,0,12,0
2023-12-26 01:00:00,23.5,89,9.0,13,0.0,1013.5,0.0,22.7,96,6.5,38,0.0,1009.0,0.0,0.8000000000000007,1,12,0
2023-12-26 02:00:00,22.9,90,7.2,14,0.0,1013.2,0.0,22.4,96,7.2,17,0.0,1008.6,0.0,0.5,2,12,0
2023-12-26 03:00:00,22.5,91,6.9,11,0.0,1012.8,0.0,21.8,97,7.4,24,0.0,1008.2,0.0,0.6999999999999993,3,12,0
2023-12-26 04:00:00,22.2,92,7.0,18,0.0,1012.9,0.0,21.4,98,9.1,17,0.0,1008.3,0.0,0.8000000000000007,4,12,0
2023-12-26 05:00:00,22.2,92,8.3,48,0.0,1013.3,0.0,21.2,98,10.1,22,0.0,1008.7,0.0,1.0,5,12,0
2023-12-26 06:00:00,21.3,95,11.5,62,0.0,1014.3,0.0,21.0,97,9.4,25,0.0,1009.8,0.0,0.3000000000000007,6,12,1
2023-12-26 07:00:00,22.1,93,12.5,47,60.0,1015.2,0.0,22.4,90,10.2,12,57.0,1010.5,0.0,-0.29999999999999716,7,12,1
2023-12-26 08:00:00,24.1,84,12.4,50,233.0,1016.0,0.0,24.4,83,10.7,29,244.0,1011.5,0.0,-0.29999999999999716,8,12,1
2023-12-26 09:00:00,26.0,78,13.7,62,408.0,1016.3,0.0,26.1,76,12.6,49,411.0,1011.7,0.0,-0.10000000000000142,9,12,1
2023-12-26 10:00:00,27.0,73,18.4,36,548.0,1016.0,0.1,27.1,71,16.5,67,516.0,1011.4,0.1,-0.10000000000000142,10,12,1
2023-12-26 11:00:00,27.6,69,21.9,41,598.0,1015.3,0.0,27.8,67,19.5,45,530.0,1010.6,0.1,-0.1999999999999993,11,12,1
2023-12-26 12:00:00,27.8,69,23.1,29,651.0,1014.4,0.0,28.5,64,21.5,48,656.0,1009.6,0.0,-0.6999999999999993,12,12,1
2023-12-26 13:00:00,27.9,68,22.7,27,701.0,1013.3,0.0,28.6,63,21.5,45,605.0,1008.7,0.0,-0.7000000000000028,13,12,1
2023-12-26 14:00:00,27.9,67,20.8,13,613.0,1012.8,0.0,28.5,63,20.7,51,573.0,1008.1,0.0,-0.6000000000000014,14,12,1
2023-12-26 15:00:00,27.4,67,19.7,19,469.0,1012.4,0.0,28.0,64,19.6,29,450.0,1007.8,0.0,-0.6000000000000014,15,12,1
2023-12-26 16:00:00,26.7,70,18.9,13,303.0,1012.5,0.0,27.2,66,17.9,13,307.0,1007.8,0.0,-0.5,16,12,1
2023-12-26 17:00:00,25.8,74,14.8,12,113.0,1012.8,0.0,26.0,72,13.8,9,109.0,1008.3,0.0,-0.1999999999999993,17,12,1
2023-12-26 18:00:00,25.4,78,13.0,2,3.0,1013.3,0.0,25.2,78,10.5,9,4.0,1008.8,0.0,0.1999999999999993,18,12,1
2023-12-26 19:00:00,24.9,79,11.9,13,0.0,1014.2,0.0,24.3,83,8.9,2,0.0,1009.7,0.0,0.5999999999999979,19,12,0
2023-12-26 20:00:00,24.6,79,11.2,19,0.0,1015.1,0.0,23.5,86,7.3,3,0.0,1010.5,0.0,1.1000000000000014,20,12,0
2023-12-26 21:00:00,24.7,78,10.0,50,0.0,1015.6,0.0,23.1,88,6.9,22,0.0,1011.0,0.0,1.5999999999999979,21,12,0
2023-12-26 22:00:00,25.1,76,12.6,45,0.0,1015.8,0.0,22.8,89,6.7,45,0.0,1011.2,0.0,2.3000000000000007,22,12,0
2023-12-26 23:00:00,25.0,76,13.8,38,0.0,1015.6,0.0,23.3,86,6.5,37,0.0,1011.0,0.1,1.6999999999999993,23,12,0
2023-12-27 00:00:00,25.1,77,13.6,51,0.0,1015.2,0.0,22.9,88,6.7,45,0.0,1010.6,0.0,2.200000000000003,0,12,0
2023-12-27 01:00:00,24.9,79,14.1,54,0.0,1014.4,0.0,23.2,86,6.5,42,0.0,1009.8,0.0,1.6999999999999993,1,12,0
2023-12-27 02:00:00,24.5,83,13.8,43,0.0,1013.8,0.0,23.1,87,7.6,39,0.0,1009.2,0.1,1.3999999999999986,2,12,0
2023-12-27 03:00:00,24.2,85,12.3,29,0.0,1013.4,0.1,22.6,91,7.8,38,0.0,1008.8,0.0,1.5999999999999979,3,12,0
2023-12-27 04:00:00,24.2,85,11.3,23,0.0,1013.5,0.0,22.4,93,8.4,44,0.0,1008.9,0.0,1.8000000000000007,4,12,0
2023-12-27 05:00:00,23.9,86,10.2,8,0.0,1014.0,0.0,22.1,95,8.4,33,0.0,1009.4,0.0,1.7999999999999972,5,12,0
2023-12-27 06:00:00,23.4,86,9.5,39,0.0,1015.2,0.0,21.8,95,10.0,94,0.0,1010.6,0.0,1.5999999999999979,6,12,1
2023-12-27 07:00:00,24.3,84,11.5,38,57.0,1016.3,0.0,22.8,91,11.4,53,52.0,1011.7,0.0,1.5,7,12,1
2023-12-27 08:00:00,25.9,78,14.0,29,239.0,1017.3,0.0,24.9,83,11.6,23,228.0,1012.7,0.0,1.0,8,12,1
2023-12-27 09:00:00,27.1,70,20.6,20,430.0,1017.3,0.2,26.7,74,16.9,47,414.0,1012.6,0.1,0.40000000000000213,9,12,1
2023-12-27 10:00:00,27.9,64,22.2,20,614.0,1017.0,0.0,28.1,66,20.1,25,549.0,1012.2,0.2,-0.20000000000000284,10,12,1
2023-12-27 11:00:00,28.2,62,22.9,42,717.0,1016.3,0.0,28.9,60,20.1,25,682.0,1011.6,0.0,-0.6999999999999993,11,12,1
2023-12-27 12:00:00,28.2,62,21.6,5,748.0,1015.0,0.0,29.2,58,20.2,42,739.0,1010.3,0.0,-1.0,12,12,1
2023-12-27 13:00:00,28.0,62,21.9,6,772.0,1013.9,0.0,28.9,57,20.1,6,706.0,1009.2,0.0,-0.8999999999999986,13,12,1
2023-12-27 14:00:00,27.6,63,22.2,17,680.0,1012.7,0.0,28.6,58,20.3,25,688.0,1007.9,0.0,-1.0,14,12,1
2023-12-27 15:00:00,27.1,65,22.6,9,531.0,1012.3,0.0,27.7,62,20.6,30,535.0,1007.6,0.0,-0.5999999999999979,15,12,1
2023-12-27 16:00:00,26.4,66,22.4,18,323.0,1012.4,0.0,26.8,65,20.1,31,329.0,1007.8,0.0,-0.40000000000000213,16,12,1
2023-12-27 17:00:00,25.8,69,17.4,34,109.0,1012.9,0.0,25.8,69,15.4,29,106.0,1008.3,0.0,0.0,17,12,1
2023-12-27 18:00:00,26.2,72,17.9,75,3.0,1012.9,0.0,26.2,70,14.7,100,3.0,1008.3,0.0,0.0,18,12,1
2023-12-27 19:00:00,26.0,73,16.9,73,0.0,1013.8,0.0,26.1,72,14.9,70,0.0,1009.2,0.0,-0.10000000000000142,19,12,0
2023-12-27 20:00:00,25.7,75,16.5,32,0.0,1014.4,0.0,25.5,75,13.0,99,0.0,1009.7,0.0,0.1999999999999993,20,12,0
2023-12-27 21:00:00,25.9,75,15.8,100,0.0,1014.7,0.0,25.2,77,12.4,100,0.0,1010.1,0.0,0.6999999999999993,21,12,0
2023-12-27 22:00:00,26.3,75,17.3,22,0.0,1014.6,0.0,25.4,77,11.4,100,0.0,1010.1,0.0,0.9000000000000021,22,12,0
2023-12-27 23:00:00,25.5,79,14.3,74,0.0,1014.4,0.0,25.5,78,11.0,100,0.0,1009.8,0.1,0.0,23,12,0
2023-12-28 00:00:00,25.5,80,14.7,47,0.0,1013.7,0.0,25.1,82,11.4,100,0.0,1009.1,0.1,0.3999999999999986,0,12,0
2023-12-28 01:00:00,25.6,80,15.5,88,0.0,1013.0,0.0,24.6,85,8.2,88,0.0,1008.6,0.1,1.0,1,12,0
2023-12-28 02:00:00,25.4,82,14.3,37,0.0,1012.4,0.1,24.2,89,8.7,72,0.0,1007.9,0.3,1.1999999999999993,2,12,0
2023-12-28 03:00:00,24.9,84,12.6,51,0.0,1012.1,0.1,24.0,91,9.4,86,0.0,1007.6,0.1,0.8999999999999986,3,12,0
2023-12-28 04:00:00,24.5,87,11.9,34,0.0,1012.4,0.2,23.9,92,8.6,78,0.0,1007.9,0.0,0.6000000000000014,4,12,0
2023-12-28 05:00:00,24.3,89,12.1,32,0.0,1012.8,0.1,23.5,93,8.4,27,0.0,1008.3,0.0,0.8000000000000007,5,12,0
2023-12-28 06:00:00,24.3,91,14.2,86,0.0,1013.4,0.2,23.6,95,9.7,94,0.0,1008.9,0.2,0.6999999999999993,6,12,1
2023-12-28 07:00:00,24.8,89,16.1,50,42.0,1014.4,0.2,24.3,92,14.5,85,29.0,1009.8,0.1,0.5,7,12,1
2023-12-28 08:00:00,25.7,84,19.2,67,205.0,1015.1,0.2,25.0,88,16.1,88,138.0,1010.6,0.1,0.6999999999999993,8,12,1
2023-12-28 09:00:00,26.3,82,20.6,28,342.0,1015.4,0.3,26.0,83,18.7,36,341.0,1010.9,0.2,0.3000000000000007,9,12,1
2023-12-28 10:00:00,27.2,77,20.9,29,531.0,1015.2,0.2,27.1,78,19.5,46,491.0,1010.6,0.2,0.09999999999999787,10,12,1
2023-12-28 11:00:00,28.0,73,22.2,31,691.0,1014.5,0.2,28.4,71,20.2,21,646.0,1009.9,0.2,-0.3999999999999986,11,12,1
2023-12-28 12:00:00,28.4,71,22.7,22,738.0,1013.2,0.0,28.9,68,20.6,18,708.0,1008.5,0.1,-0.5,12,12,1
2023-12-28 13:00:00,28.4,70,21.9,17,724.0,1012.1,0.0,28.9,68,20.7,20,690.0,1007.5,0.0,-0.5,13,12,1
2023-12-28 14:00:00,28.1,71,20.4,24,618.0,1011.4,0.0,28.5,69,20.4,12,607.0,1006.7,0.0,-0.3999999999999986,14,12,1
2023-12-28 15:00:00,27.7,71,20.4,22,487.0,1011.1,0.0,28.2,70,20.2,17,483.0,1006.4,0.0,-0.5,15,12,1
2023-12-28 16:00:00,27.0,73,20.2,39,293.0,1011.3,0.0,27.4,71,18.6,16,307.0,1006.7,0.0,-0.3999999999999986,16,12,1
2023-12-28 17:00:00,26.4,76,17.5,34,108.0,1011.6,0.0,26.3,75,15.4,36,115.0,1006.9,0.0,0.09999999999999787,17,12,1
2023-12-28 18:00:00,26.0,76,14.8,100,4.0,1012.5,0.0,26.1,75,12.9,100,4.0,1008.0,0.0,-0.10000000000000142,18,12,1
2023-12-28 19:00:00,25.8,78,14.5,100,0.0,1013.6,0.0,25.4,79,10.5,100,0.0,1009.1,0.0,0.40000000000000213,19,12,0
2023-12-28 20:00:00,25.6,80,14.0,100,0.0,1014.1,0.0,25.2,81,10.2,100,0.0,1009.6,0.1,0.40000000000000213,20,12,0
2023-12-28 21:00:00,25.5,80,13.6,100,0.0,1014.4,0.1,24.9,84,12.0,100,0.0,1009.8,0.1,0.6000000000000014,21,12,0
2023-12-28 22:00:00,25.2,81,14.5,99,0.0,1014.2,0.1,24.4,86,10.6,99,0.0,1009.7,0.1,0.8000000000000007,22,12,0
2023-12-28 23:00:00,25.2,82,13.6,100,0.0,1013.8,0.0,24.0,88,9.9,100,0.0,1009.2,0.1,1.1999999999999993,23,12,0
2023-12-29 00:00:00,25.2,82,15.1,100,0.0,1013.3,0.1,24.1,88,10.3,100,0.0,1008.7,0.1,1.0999999999999979,0,12,0
2023-12-29 01:00:00,24.8,84,14.2,99,0.0,1012.8,0.0,24.0,89,9.4,100,0.0,1008.4,0.1,0.8000000000000007,1,12,0
2023-12-29 02:00:00,24.8,84,13.2,91,0.0,1012.4,0.1,24.0,89,9.3,100,0.0,1007.9,0.1,0.8000000000000007,2,12,0
2023-12-29 03:00:00,24.6,86,12.4,60,0.0,1012.0,0.1,23.7,91,8.4,100,0.0,1007.5,0.1,0.9000000000000021,3,12,0
2023-12-29 04:00:00,24.4,87,11.8,86,0.0,1012.2,0.1,23.5,92,8.9,99,0.0,1007.7,0.1,0.8999999999999986,4,12,0
2023-12-29 05:00:00,24.3,88,11.6,85,0.0,1012.4,0.1,23.2,94,7.6,96,0.0,1008.0,0.1,1.1000000000000014,5,12,0
2023-12-29 06:00:00,24.5,90,13.9,100,0.0,1013.5,0.1,23.6,95,10.9,100,0.0,1009.1,0.1,0.8999999999999986,6,12,1
2023-12-29 07:00:00,24.9,90,15.5,100,47.0,1014.4,0.4,24.5,90,15.2,100,41.0,1009.8,0.0,0.3999999999999986,7,12,1
2023-12-29 08:00:00,26.1,83,17.7,100,186.0,1015.2,0.1,25.1,87,15.1,100,122.0,1010.7,0.2,1.0,8,12,1
2023-12-29 09:00:00,27.1,78,20.6,100,370.0,1015.3,0.3,26.1,83,14.2,100,237.0,1010.9,0.1,1.0,9,12,1
2023-12-29 10:00:00,27.8,74,22.8,100,479.0,1014.9,0.3,26.8,78,18.6,100,365.0,1010.5,0.3,1.0,10,12,1
2023-12-29 11:00:00,28.3,71,23.9,100,635.0,1014.3,0.1,28.4,70,21.3,100,607.0,1009.9,0.5,-0.09999999999999787,11,12,1
2023-12-29 12:00:00,28.4,71,22.8,100,716.0,1013.6,0.0,28.9,68,21.9,100,722.0,1008.9,0.4,-0.5,12,12,1
2023-12-29 13:00:00,28.2,71,23.0,100,706.0,1012.4,0.1,28.9,68,21.7,100,719.0,1007.8,0.0,-0.6999999999999993,13,12,1
2023-12-29 14:00:00,27.8,73,22.2,100,566.0,1011.5,0.0,28.5,69,20.9,100,574.0,1006.8,0.0,-0.6999999999999993,14,12,1
2023-12-29 15:00:00,27.5,74,21.4,100,478.0,1011.2,0.0,28.0,71,20.4,100,438.0,1006.5,0.0,-0.5,15,12,1
2023-12-29 16:00:00,26.8,76,20.2,100,251.0,1011.4,0.0,27.3,73,19.4,99,304.0,1006.6,0.0,-0.5,16,12,1
2023-12-29 17:00:00,26.2,78,18.3,100,112.0,1011.9,0.0,26.3,78,16.6,100,107.0,1007.3,0.0,-0.10000000000000142,17,12,1
2023-12-29 18:00:00,25.6,80,16.1,100,4.0,1012.7,0.0,25.1,82,13.2,100,4.0,1008.2,0.0,0.5,18,12,1
2023-12-29 19:00:00,25.4,81,15.8,100,0.0,1013.8,0.1,24.8,84,11.5,100,0.0,1009.3,0.1,0.5999999999999979,19,12,0
2023-12-29 20:00:00,25.3,82,15.5,100,0.0,1014.8,0.0,24.6,85,11.2,99,0.0,1010.3,0.1,0.6999999999999993,20,12,0
2023-12-29 21:00:00,25.0,83,14.2,100,0.0,1015.1,0.0,24.2,88,10.4,100,0.0,1010.7,0.1,0.8000000000000007,21,12,0
2023-12-29 22:00:00,24.8,84,12.7,100,0.0,1015.1,0.0,24.0,89,10.0,100,0.0,1010.5,0.0,0.8000000000000007,22,12,0
2023-12-29 23:00:00,24.6,85,12.9,100,0.0,1014.6,0.0,23.7,91,7.4,98,0.0,1010.2,0.1,0.9000000000000021,23,12,0
2023-12-30 00:00:00,24.5,86,13.0,100,0.0,1013.8,0.1,23.3,93,7.6,93,0.0,1009.4,0.1,1.1999999999999993,0,12,0
2023-12-30 01:00:00,24.3,87,12.9,97,0.0,1013.1,0.2,23.2,92,7.9,100,0.0,1008.7,0.1,1.1000000000000014,1,12,0
2023-12-30 02:00:00,24.2,88,12.9,98,0.0,1012.4,0.2,23.3,91,7.7,99,0.0,1008.1,0.1,0.8999999999999986,2,12,0
2023-12-30 03:00:00,24.0,89,12.8,32,0.0,1011.7,0.1,22.9,94,6.4,45,0.0,1007.3,0.1,1.1000000000000014,3,12,0
2023-12-30 04:00:00,24.1,88,13.5,52,0.0,1011.7,0.0,22.7,95,6.5,55,0.0,1007.2,0.1,1.4000000000000021,4,12,0
2023-12-30 05:00:00,23.9,88,14.3,16,0.0,1011.8,0.0,22.5,96,6.5,59,0.0,1007.2,0.1,1.3999999999999986,5,12,0
2023-12-30 06:00:00,24.1,86,12.1,29,0.0,1013.1,0.0,23.0,94,6.1,75,0.0,1008.6,0.1,1.1000000000000014,6,12,1
2023-12-30 07:00:00,25.0,83,13.9,41,51.0,1013.9,0.0,23.7,93,8.4,68,44.0,1009.4,0.2,1.3000000000000007,7,12,1
2023-12-30 08:00:00,26.3,77,18.8,39,214.0,1014.8,0.2,25.4,83,14.2,22,192.0,1010.3,0.1,0.9000000000000021,8,12,1
2023-12-30 09:00:00,27.0,73,17.9,20,393.0,1014.9,0.1,26.4,76,16.3,24,294.0,1010.3,0.3,0.6000000000000014,9,12,1
2023-12-30 10:00:00,27.7,70,17.6,19,603.0,1014.5,0.0,27.7,69,18.1,23,501.0,1009.9,0.2,0.0,10,12,1
2023-12-30 11:00:00,28.2,67,17.8,23,733.0,1014.0,0.0,28.9,63,17.3,19,660.0,1009.3,0.0,-0.6999999999999993,11,12,1
2023-12-30 12:00:00,28.3,66,17.3,15,762.0,1013.3,0.0,29.2,61,17.3,17,727.0,1008.6,0.0,-0.8999999999999986,12,12,1
2023-12-30 13:00:00,28.3,65,17.3,11,764.0,1012.3,0.0,29.1,61,17.1,16,722.0,1007.5,0.0,-0.8000000000000007,13,12,1
2023-12-30 14:00:00,28.0,64,17.6,14,679.0,1011.4,0.0,28.8,60,16.8,10,648.0,1006.7,0.0,-0.8000000000000007,14,12,1
2023-12-30 15:00:00,27.5,66,18.2,6,530.0,1011.2,0.0,28.2,62,16.6,17,525.0,1006.5,0.0,-0.6999999999999993,15,12,1
2023-12-30 16:00:00,26.8,68,17.8,3,331.0,1011.4,0.0,27.3,66,16.5,21,329.0,1006.7,0.0,-0.5,16,12,1
2023-12-30 17:00:00,25.9,72,15.3,12,123.0,1011.8,0.0,25.9,71,14.3,0,124.0,1007.2,0.0,0.0,17,12,1
2023-12-30 18:00:00,25.0,78,14.0,6,5.0,1012.8,0.0,24.8,78,12.7,0,5.0,1008.2,0.0,0.1999999999999993,18,12,1
2023-12-30 19:00:00,24.8,79,13.6,9,0.0,1013.5,0.0,24.2,81,11.0,3,0.0,1009.0,0.0,0.6000000000000014,19,12,0
2023-12-30 20:00:00,24.7,79,12.2,21,0.0,1014.1,0.0,23.8,83,8.4,9,0.0,1009.7,0.0,0.8999999999999986,20,12,0
2023-12-30 21:00:00,24.6,79,10.7,28,0.0,1014.4,0.0,23.3,86,7.0,18,0.0,1009.8,0.0,1.3000000000000007,21,12,0
2023-12-30 22:00:00,24.5,80,10.5,36,0.0,1014.4,0.0,23.0,87,6.8,18,0.0,1009.8,0.0,1.5,22,12,0
2023-12-30 23:00:00,24.4,80,10.9,31,0.0,1013.9,0.0,22.8,88,7.0,79,0.0,1009.2,0.0,1.5999999999999979,23,12,0
2023-12-31 00:00:00,24.1,81,9.9,86,0.0,1013.5,0.0,22.6,89,5.9,80,0.0,1008.9,0.0,1.5,0,12,0
2023-12-31 01:00:00,23.8,83,9.9,73,0.0,1013.0,0.0,22.2,91,6.5,47,0.0,1008.3,0.0,1.6000000000000014,1,12,0
2023-12-31 02:00:00,23.7,83,10.2,80,0.0,1012.3,0.0,22.2,91,6.8,94,0.0,1007.6,0.0,1.5,2,12,0
2023-12-31 03:00:00,23.4,84,9.5,54,0.0,1011.8,0.0,22.0,92,6.8,84,0.0,1007.2,0.0,1.3999999999999986,3,12,0
2023-12-31 04:00:00,23.3,84,9.1,32,0.0,1012.0,0.0,21.8,93,6.8,61,0.0,1007.4,0.0,1.5,4,12,0
2023-12-31 05:00:00,23.3,84,8.9,37,0.0,1012.3,0.0,21.7,93,6.8,17,0.0,1007.7,0.0,1.6000000000000014,5,12,0
2023-12-31 06:00:00,24.0,85,9.4,43,0.0,1013.4,0.0,22.7,92,6.6,35,0.0,1008.8,0.0,1.3000000000000007,6,12,1
2023-12-31 07:00:00,24.8,84,10.1,61,52.0,1014.2,0.0,23.7,88,8.5,49,49.0,1009.7,0.0,1.1000000000000014,7,12,1
2023-12-31 08:00:00,26.1,76,13.3,60,215.0,1015.0,0.1,25.5,81,8.3,43,200.0,1010.4,0.0,0.6000000000000014,8,12,1
2023-12-31 09:00:00,27.0,71,16.4,67,413.0,1015.0,0.1,27.0,73,15.3,96,381.0,1010.4,0.3,0.0,9,12,1
2023-12-31 10:00:00,27.6,67,16.3,72,583.0,1014.6,0.0,28.1,65,15.9,53,557.0,1009.9,0.1,-0.5,10,12,1
2023-12-31 11:00:00,27.9,66,17.6,46,705.0,1013.6,0.0,28.9,61,15.9,52,691.0,1009.0,0.0,-1.0,11,12,1
2023-12-31 12:00:00,28.1,64,17.1,19,775.0,1012.7,0.0,28.9,60,16.0,31,707.0,1008.0,0.0,-0.7999999999999972,12,12,1
2023-12-31 13:00:00,28.0,63,17.1,11,751.0,1011.7,0.0,28.9,60,16.2,16,707.0,1007.0,0.0,-0.8999999999999986,13,12,1
2023-12-31 14:00:00,27.7,63,17.1,7,657.0,1010.8,0.0,28.5,60,16.9,30,654.0,1006.1,0.0,-0.8000000000000007,14,12,1
2023-12-31 15:00:00,27.2,64,16.6,5,521.0,1010.5,0.0,27.8,62,16.7,32,509.0,1005.8,0.0,-0.6000000000000014,15,12,1
2023-12-31 16:00:00,26.6,65,17.1,3,329.0,1010.4,0.0,26.8,64,16.3,69,335.0,1005.7,0.0,-0.1999999999999993,16,12,1
2023-12-31 17:00:00,25.8,69,14.3,3,125.0,1010.8,0.0,25.7,68,12.7,45,128.0,1006.2,0.0,0.10000000000000142,17,12,1
2023-12-31 18:00:00,25.5,72,13.3,3,5.0,1011.4,0.0,25.2,73,11.7,0,6.0,1006.8,0.0,0.3000000000000007,18,12,1
2023-12-31 19:00:00,25.2,75,13.0,5,0.0,1012.3,0.0,24.5,77,10.7,5,0.0,1007.8,0.0,0.6999999999999993,19,12,0
2023-12-31 20:00:00,25.0,75,12.0,15,0.0,1013.0,0.0,24.0,80,9.2,1,0.0,1008.5,0.0,1.0,20,12,0
2023-12-31 21:00:00,24.8,76,11.2,40,0.0,1013.6,0.0,23.3,84,7.0,97,0.0,1009.1,0.0,1.5,21,12,0
2023-12-31 22:00:00,24.7,76,10.8,77,0.0,1013.7,0.0,22.5,87,7.4,87,0.0,1009.1,0.0,2.1999999999999993,22,12,0
2023-12-31 23:00:00,24.3,78,10.0,66,0.0,1013.5,0.0,22.7,86,6.3,76,0.0,1008.9,0.0,1.6000000000000014,23,12,0
