{"type": "FeatureCollection", "features": [{"type": "Feature", "geometry": {"type": "Polygon", "coordinates": [[[76.7, 30.65000000000001], [76.70521618680665, 30.649931659675342], [76.70529536039615, 30.6544415092958], [76.70007893168551, 30.654509861822948], [76.7, 30.65000000000001]]]}, "properties": {"grid_id": "cell_0000", "lst_mean": 40.04, "lst_max": 43.37, "frac_impervious": 0.5386, "frac_vegetation": 0.2672, "frac_bare_soil": 0.1601, "frac_water": 0.034, "ndvi_mean": 0.2638, "ndvi_std": 0.0511, "ndbi_mean": 0.1083, "building_density": 153.8, "building_height_mean": 8.4, "road_density": 1297.9, "park_area_frac": 0.0661, "tree_canopy_frac": 0.1717, "dist_to_water": 7730.9, "water_area_frac": 0.034, "air_temp_max": 41.3, "wind_speed_mean": 2.16, "solar_radiation": 288.7, "veg_imperv_ratio": 0.4871, "green_deficit": 0.6667, "thermal_mass_proxy": 1291.9, "cooling_potential": 211.6, "sky_view_factor": 0.8671, "tier": "cool", "delta_above_mean": -2.27, "priority_score": 0.0}}, {"type": "Feature", "geometry": {"type": "Polygon", "coordinates": [[[76.70007893168551, 30.654509861822948], [76.70529536039615, 30.6544415092958], [76.70537455185278, 30.658951355599047], [76.70015788118361, 30.659019720329805], [76.70007893168551, 30.654509861822948]]]}, "properties": {"grid_id": "cell_0001", "lst_mean": 40.17, "lst_max": 42.73, "frac_impervious": 0.5691, "frac_vegetation": 0.2901, "frac_bare_soil": 0.1172, "frac_water": 0.0237, "ndvi_mean": 0.2606, "ndvi_std": 0.0462, "ndbi_mean": 0.1416, "building_density": 144.4, "building_height_mean": 10.3, "road_density": 1213.9, "park_area_frac": 0.0692, "tree_canopy_frac": 0.1486, "dist_to_water": 7047.6, "water_area_frac": 0.0237, "air_temp_max": 43.4, "wind_speed_mean": 2.75, "solar_radiation": 310.6, "veg_imperv_ratio": 0.5009, "green_deficit": 0.6407, "thermal_mass_proxy": 1487.3, "cooling_potential": 220.5, "sky_view_factor": 0.837, "tier": "normal", "delta_above_mean": -2.14, "priority_score": 0.0}}, {"type": "Feature", "geometry": {"type": "Polygon", "coordinates": [[[76.70015788118361, 30.659019720329805], [76.70537455185278, 30.658951355599047], [76.70545376118001, 30.663461198584784], [76.70023684849774, 30.663529575520247], [76.70015788118361, 30.659019720329805]]]}, "properties": {"grid_id": "cell_0002", "lst_mean": 41.14, "lst_max": 44.88, "frac_impervious": 0.5588, "frac_vegetation": 0.2757, "frac_bare_soil": 0.1245, "frac_water": 0.0409, "ndvi_mean": 0.2386, "ndvi_std": 0.0343, "ndbi_mean": 0.1392, "building_density": 188.0, "building_height_mean": 7.9, "road_density": 1268.2, "park_area_frac": 0.0718, "tree_canopy_frac": 0.1343, "dist_to_water": 6551.6, "water_area_frac": 0.0409, "air_temp_max": 43.6, "wind_speed_mean": 2.4, "solar_radiation": 321.3, "veg_imperv_ratio": 0.4847, "green_deficit": 0.6525, "thermal_mass_proxy": 1485.2, "cooling_potential": 232.7, "sky_view_factor": 0.875, "tier": "normal", "delta_above_mean": -1.17, "priority_score": 0.0}}, {"type": "Feature", "geometry": {"type": "Polygon", "coordinates": [[[76.70023684849774, 30.663529575520247], [76.70545376118001, 30.663461198584784], [76.70553298838128, 30.667971038252688], [76.70031583363135, 30.66803942739397], [76.70023684849774, 30.663529575520247]]]}, "properties": {"grid_id": "cell_0003", "lst_mean": 40.75, "lst_max": 45.34, "frac_impervious": 0.6057, "frac_vegetation": 0.2462, "frac_bare_soil": 0.1267, "frac_water": 0.0214, "ndvi_mean": 0.214, "ndvi_std": 0.0587, "ndbi_mean": 0.1099, "building_density": 177.9, "building_height_mean": 10.0, "road_density": 1512.2, "park_area_frac": 0.0573, "tree_canopy_frac": 0.1453, "dist_to_water": 6217.9, "water_area_frac": 0.0214, "air_temp_max": 43.8, "wind_speed_mean": 3.75, "solar_radiation": 341.4, "veg_imperv_ratio": 0.3999, "green_deficit": 0.6965, "thermal_mass_proxy": 1779.0, "cooling_potential": 257.3, "sky_view_factor": 0.8418, "tier": "normal", "delta_above_mean": -1.56, "priority_score": 0.0}}, {"type": "Feature", "geometry": {"type": "Polygon", "coordinates": [[[76.70031583363135, 30.66803942739397], [76.70553298838128, 30.667971038252688], [76.70561223346006, 30.67248087460245], [76.70039483658786, 30.67254927595065], [76.70031583363135, 30.66803942739397]]]}, "properties": {"grid_id": "cell_0004", "lst_mean": 39.04, "lst_max": 41.86, "frac_impervious": 0.5332, "frac_vegetation": 0.3069, "frac_bare_soil": 0.1268, "frac_water": 0.0332, "ndvi_mean": 0.251, "ndvi_std": 0.0454, "ndbi_mean": 0.1432, "building_density": 167.0, "building_height_mean": 10.1, "road_density": 1250.4, "park_area_frac": 0.0618, "tree_canopy_frac": 0.215, "dist_to_water": 5328.8, "water_area_frac": 0.0332, "air_temp_max": 42.4, "wind_speed_mean": 2.23, "solar_radiation": 282.5, "veg_imperv_ratio": 0.565, "green_deficit": 0.6313, "thermal_mass_proxy": 1686.7, "cooling_potential": 195.8, "sky_view_factor": 0.8402, "tier": "cool", "delta_above_mean": -3.27, "priority_score": 0.0}}, {"type": "Feature", "geometry": {"type": "Polygon", "coordinates": [[[76.70039483658786, 30.67254927595065], [76.70561223346006, 30.67248087460245], [76.70569149641979, 30.676990707633742], [76.70047385737075, 30.677059121189984], [76.70039483658786, 30.67254927595065]]]}, "properties": {"grid_id": "cell_0005", "lst_mean": 38.69, "lst_max": 44.15, "frac_impervious": 0.493, "frac_vegetation": 0.3387, "frac_bare_soil": 0.1263, "frac_water": 0.042, "ndvi_mean": 0.1742, "ndvi_std": 0.0367, "ndbi_mean": 0.131, "building_density": 205.6, "building_height_mean": 11.2, "road_density": 1362.2, "park_area_frac": 0.0825, "tree_canopy_frac": 0.1795, "dist_to_water": 4796.1, "water_area_frac": 0.042, "air_temp_max": 44.6, "wind_speed_mean": 3.87, "solar_radiation": 317.4, "veg_imperv_ratio": 0.6734, "green_deficit": 0.5788, "thermal_mass_proxy": 2302.7, "cooling_potential": 209.9, "sky_view_factor": 0.8228, "tier": "cool", "delta_above_mean": -3.62, "priority_score": 0.0}}, {"type": "Feature", "geometry": {"type": "Polygon", "coordinates": [[[76.70047385737075, 30.677059121189984], [76.70569149641979, 30.676990707633742], [76.70577077726395, 30.68150053734625], [76.70055289598346, 30.68156896311164], [76.70047385737075, 30.677059121189984]]]}, "properties": {"grid_id": "cell_0006", "lst_mean": 44.8, "lst_max": 46.92, "frac_impervious": 0.5923, "frac_vegetation": 0.2122, "frac_bare_soil": 0.1737, "frac_water": 0.0218, "ndvi_mean": 0.2124, "ndvi_std": 0.0455, "ndbi_mean": 0.103, "building_density": 225.2, "building_height_mean": 14.8, "road_density": 1496.4, "park_area_frac": 0.0665, "tree_canopy_frac": 0.1308, "dist_to_water": 4440.0, "water_area_frac": 0.0218, "air_temp_max": 43.9, "wind_speed_mean": 2.71, "solar_radiation": 327.5, "veg_imperv_ratio": 0.3523, "green_deficit": 0.7213, "thermal_mass_proxy": 3333.0, "cooling_potential": 258.0, "sky_view_factor": 0.7658, "tier": "high", "delta_above_mean": 2.49, "priority_score": 1.6}}, {"type": "Feature", "geometry": {"type": "Polygon", "coordinates": [[[76.70055289598346, 30.68156896311164], [76.70577077726395, 30.68150053734625], [76.70585007599598, 30.686010363739662], [76.70063195242945, 30.686078801715308], [76.70055289598346, 30.68156896311164]]]}, "properties": {"grid_id": "cell_0007", "lst_mean": 41.99, "lst_max": 46.74, "frac_impervious": 0.5663, "frac_vegetation": 0.2728, "frac_bare_soil": 0.1349, "frac_water": 0.0259, "ndvi_mean": 0.2218, "ndvi_std": 0.0458, "ndbi_mean": 0.1018, "building_density": 214.5, "building_height_mean": 14.8, "road_density": 1192.3, "park_area_frac": 0.0965, "tree_canopy_frac": 0.1494, "dist_to_water": 4088.5, "water_area_frac": 0.0259, "air_temp_max": 43.4, "wind_speed_mean": 2.22, "solar_radiation": 315.9, "veg_imperv_ratio": 0.4734, "green_deficit": 0.6307, "thermal_mass_proxy": 3174.6, "cooling_potential": 229.7, "sky_view_factor": 0.7658, "tier": "normal", "delta_above_mean": -0.32, "priority_score": 0.0}}, {"type": "Feature", "geometry": {"type": "Polygon", "coordinates": [[[76.70063195242945, 30.686078801715308], [76.70585007599598, 30.686010363739662], [76.70592939261937, 30.690520186813654], [76.70071102671213, 30.690588637000662], [76.70063195242945, 30.686078801715308]]]}, "properties": {"grid_id": "cell_0008", "lst_mean": 40.97, "lst_max": 45.61, "frac_impervious": 0.5591, "frac_vegetation": 0.2481, "frac_bare_soil": 0.1692, "frac_water": 0.0235, "ndvi_mean": 0.2718, "ndvi_std": 0.0438, "ndbi_mean": 0.1594, "building_density": 171.1, "building_height_mean": 10.1, "road_density": 1404.4, "park_area_frac": 0.0822, "tree_canopy_frac": 0.1319, "dist_to_water": 3913.1, "water_area_frac": 0.0235, "air_temp_max": 41.3, "wind_speed_mean": 3.42, "solar_radiation": 289.8, "veg_imperv_ratio": 0.436, "green_deficit": 0.6697, "thermal_mass_proxy": 1728.1, "cooling_potential": 217.9, "sky_view_factor": 0.8402, "tier": "normal", "delta_above_mean": -1.34, "priority_score": 0.0}}, {"type": "Feature", "geometry": {"type": "Polygon", "coordinates": [[[76.70071102671213, 30.690588637000662], [76.70592939261937, 30.690520186813654], [76.70600872713754, 30.695030006567926], [76.700790118835, 30.695098468967398], [76.70071102671213, 30.690588637000662]]]}, "properties": {"grid_id": "cell_0009", "lst_mean": 41.2, "lst_max": 43.78, "frac_impervious": 0.6249, "frac_vegetation": 0.209, "frac_bare_soil": 0.1316, "frac_water": 0.0345, "ndvi_mean": 0.2051, "ndvi_std": 0.0325, "ndbi_mean": 0.1456, "building_density": 210.1, "building_height_mean": 14.3, "road_density": 1408.6, "park_area_frac": 0.0563, "tree_canopy_frac": 0.1354, "dist_to_water": 3036.5, "water_area_frac": 0.0345, "air_temp_max": 43.6, "wind_speed_mean": 3.12, "solar_radiation": 315.4, "veg_imperv_ratio": 0.3292, "green_deficit": 0.7347, "thermal_mass_proxy": 3004.4, "cooling_potential": 249.5, "sky_view_factor": 0.7737, "tier": "normal", "delta_above_mean": -1.11, "priority_score": 0.0}}, {"type": "Feature", "geometry": {"type": "Polygon", "coordinates": [[[76.700790118835, 30.695098468967398], [76.70600872713754, 30.695030006567926], [76.70608807955401, 30.699539823002137], [76.70086922880148, 30.699608297615196], [76.700790118835, 30.695098468967398]]]}, "properties": {"grid_id": "cell_0010", "lst_mean": 42.4, "lst_max": 44.93, "frac_impervious": 0.6528, "frac_vegetation": 0.2325, "frac_bare_soil": 0.0877, "frac_water": 0.027, "ndvi_mean": 0.1806, "ndvi_std": 0.0431, "ndbi_mean": 0.0945, "building_density": 182.3, "building_height_mean": 10.1, "road_density": 1307.8, "park_area_frac": 0.0769, "tree_canopy_frac": 0.1547, "dist_to_water": 2924.9, "water_area_frac": 0.027, "air_temp_max": 45.8, "wind_speed_mean": 2.25, "solar_radiation": 317.1, "veg_imperv_ratio": 0.3508, "green_deficit": 0.6906, "thermal_mass_proxy": 1841.2, "cooling_potential": 243.4, "sky_view_factor": 0.8402, "tier": "moderate", "delta_above_mean": 0.09, "priority_score": 0.1}}, {"type": "Feature", "geometry": {"type": "Polygon", "coordinates": [[[76.70086922880148, 30.699608297615196], [76.70608807955401, 30.699539823002137], [76.7061674498722, 30.70404963611599], [76.70094835661504, 30.70411812294374], [76.70086922880148, 30.699608297615196]]]}, "properties": {"grid_id": "cell_0011", "lst_mean": 41.53, "lst_max": 44.08, "frac_impervious": 0.5631, "frac_vegetation": 0.2704, "frac_bare_soil": 0.1389, "frac_water": 0.0276, "ndvi_mean": 0.2337, "ndvi_std": 0.039, "ndbi_mean": 0.0833, "building_density": 185.5, "building_height_mean": 12.8, "road_density": 1357.8, "park_area_frac": 0.0594, "tree_canopy_frac": 0.1465, "dist_to_water": 2125.9, "water_area_frac": 0.0276, "air_temp_max": 40.7, "wind_speed_mean": 2.86, "solar_radiation": 311.9, "veg_imperv_ratio": 0.4718, "green_deficit": 0.6702, "thermal_mass_proxy": 2374.4, "cooling_potential": 227.6, "sky_view_factor": 0.7975, "tier": "normal", "delta_above_mean": -0.78, "priority_score": 0.0}}, {"type": "Feature", "geometry": {"type": "Polygon", "coordinates": [[[76.70094835661504, 30.70411812294374], [76.7061674498722, 30.70404963611599], [76.70624683809558, 30.70855944590916], [76.70102750227913, 30.70862794495272], [76.70094835661504, 30.70411812294374]]]}, "properties": {"grid_id": "cell_0012", "lst_mean": 42.74, "lst_max": 47.24, "frac_impervious": 0.5961, "frac_vegetation": 0.2961, "frac_bare_soil": 0.0848, "frac_water": 0.023, "ndvi_mean": 0.2167, "ndvi_std": 0.0492, "ndbi_mean": 0.131, "building_density": 210.5, "building_height_mean": 12.6, "road_density": 1381.0, "park_area_frac": 0.0861, "tree_canopy_frac": 0.2054, "dist_to_water": 1430.1, "water_area_frac": 0.023, "air_temp_max": 44.1, "wind_speed_mean": 3.47, "solar_radiation": 297.9, "veg_imperv_ratio": 0.4885, "green_deficit": 0.6178, "thermal_mass_proxy": 2652.3, "cooling_potential": 209.7, "sky_view_factor": 0.8006, "tier": "moderate", "delta_above_mean": 0.43, "priority_score": 0.2}}, {"type": "Feature", "geometry": {"type": "Polygon", "coordinates": [[[76.70102750227913, 30.70862794495272], [76.70624683809558, 30.70855944590916], [76.70632624422763, 30.71306925238134], [76.70110666579721, 30.713137763641814], [76.70102750227913, 30.70862794495272]]]}, "properties": {"grid_id": "cell_0013", "lst_mean": 39.21, "lst_max": 43.89, "frac_impervious": 0.5541, "frac_vegetation": 0.2843, "frac_bare_soil": 0.1403, "frac_water": 0.0213, "ndvi_mean": 0.2564, "ndvi_std": 0.0237, "ndbi_mean": 0.0868, "building_density": 160.0, "building_height_mean": 10.3, "road_density": 1235.7, "park_area_frac": 0.1551, "tree_canopy_frac": 0.179, "dist_to_water": 1248.1, "water_area_frac": 0.0213, "air_temp_max": 43.8, "wind_speed_mean": 2.78, "solar_radiation": 296.5, "veg_imperv_ratio": 0.504, "green_deficit": 0.5606, "thermal_mass_proxy": 1648.0, "cooling_potential": 212.2, "sky_view_factor": 0.837, "tier": "cool", "delta_above_mean": -3.1, "priority_score": 0.0}}, {"type": "Feature", "geometry": {"type": "Polygon", "coordinates": [[[76.70110666579721, 30.713137763641814], [76.70632624422763, 30.71306925238134], [76.70640566827181, 30.717579055532198], [76.70118584717274, 30.7176475790107], [76.70110666579721, 30.713137763641814]]]}, "properties": {"grid_id": "cell_0014", "lst_mean": 39.55, "lst_max": 42.15, "frac_impervious": 0.5946, "frac_vegetation": 0.2854, "frac_bare_soil": 0.1007, "frac_water": 0.0193, "ndvi_mean": 0.2514, "ndvi_std": 0.0385, "ndbi_mean": 0.1255, "building_density": 206.2, "building_height_mean": 10.6, "road_density": 1183.4, "park_area_frac": 0.0743, "tree_canopy_frac": 0.1664, "dist_to_water": 468.1, "water_area_frac": 0.0726, "air_temp_max": 45.2, "wind_speed_mean": 3.8, "solar_radiation": 315.4, "veg_imperv_ratio": 0.472, "green_deficit": 0.6403, "thermal_mass_proxy": 2185.7, "cooling_potential": 225.4, "sky_view_factor": 0.8323, "tier": "cool", "delta_above_mean": -2.76, "priority_score": 0.0}}, {"type": "Feature", "geometry": {"type": "Polygon", "coordinates": [[[76.70118584717274, 30.7176475790107], [76.70640566827181, 30.717579055532198], [76.70648511023161, 30.722088855361413], [76.70126504640918, 30.72215739105906], [76.70118584717274, 30.7176475790107]]]}, "properties": {"grid_id": "cell_0015", "lst_mean": 37.29, "lst_max": 40.64, "frac_impervious": 0.5603, "frac_vegetation": 0.242, "frac_bare_soil": 0.1767, "frac_water": 0.021, "ndvi_mean": 0.2497, "ndvi_std": 0.0566, "ndbi_mean": 0.1251, "building_density": 191.8, "building_height_mean": 8.3, "road_density": 1494.4, "park_area_frac": 0.0796, "tree_canopy_frac": 0.1522, "dist_to_water": 64.9, "water_area_frac": 0.1457, "air_temp_max": 44.0, "wind_speed_mean": 2.46, "solar_radiation": 300.2, "veg_imperv_ratio": 0.4243, "green_deficit": 0.6784, "thermal_mass_proxy": 1591.9, "cooling_potential": 227.6, "sky_view_factor": 0.8687, "tier": "cool", "delta_above_mean": -5.02, "priority_score": 0.0}}, {"type": "Feature", "geometry": {"type": "Polygon", "coordinates": [[[76.70126504640918, 30.72215739105906], [76.70648511023161, 30.722088855361413], [76.70656457011047, 30.726598651868702], [76.70134426350998, 30.726667199786604], [76.70126504640918, 30.72215739105906]]]}, "properties": {"grid_id": "cell_0016", "lst_mean": 40.12, "lst_max": 42.34, "frac_impervious": 0.5738, "frac_vegetation": 0.2308, "frac_bare_soil": 0.1677, "frac_water": 0.0277, "ndvi_mean": 0.1917, "ndvi_std": 0.0308, "ndbi_mean": 0.1734, "building_density": 201.5, "building_height_mean": 8.7, "road_density": 1316.1, "park_area_frac": 0.0629, "tree_canopy_frac": 0.1792, "dist_to_water": 220.1, "water_area_frac": 0.0959, "air_temp_max": 42.8, "wind_speed_mean": 2.06, "solar_radiation": 301.0, "veg_imperv_ratio": 0.3953, "green_deficit": 0.7063, "thermal_mass_proxy": 1753.0, "cooling_potential": 231.5, "sky_view_factor": 0.8623, "tier": "normal", "delta_above_mean": -2.19, "priority_score": 0.0}}, {"type": "Feature", "geometry": {"type": "Polygon", "coordinates": [[[76.70134426350998, 30.726667199786604], [76.70656457011047, 30.726598651868702], [76.70664404791188, 30.731108445053728], [76.7014234984786, 30.731177005192986], [76.70134426350998, 30.726667199786604]]]}, "properties": {"grid_id": "cell_0017", "lst_mean": 40.41, "lst_max": 43.36, "frac_impervious": 0.5715, "frac_vegetation": 0.2526, "frac_bare_soil": 0.1372, "frac_water": 0.0387, "ndvi_mean": 0.2273, "ndvi_std": 0.0342, "ndbi_mean": 0.1199, "building_density": 238.5, "building_height_mean": 13.2, "road_density": 1424.6, "park_area_frac": 0.0663, "tree_canopy_frac": 0.1666, "dist_to_water": 687.7, "water_area_frac": 0.0387, "air_temp_max": 43.8, "wind_speed_mean": 2.76, "solar_radiation": 307.8, "veg_imperv_ratio": 0.4344, "green_deficit": 0.6811, "thermal_mass_proxy": 3148.2, "cooling_potential": 230.0, "sky_view_factor": 0.7911, "tier": "normal", "delta_above_mean": -1.9, "priority_score": 0.0}}, {"type": "Feature", "geometry": {"type": "Polygon", "coordinates": [[[76.7014234984786, 30.731177005192986], [76.70664404791188, 30.731108445053728], [76.70672354363931, 30.735618234916174], [76.70150275131853, 30.735686807277897], [76.7014234984786, 30.731177005192986]]]}, "properties": {"grid_id": "cell_0018", "lst_mean": 39.95, "lst_max": 52.02, "frac_impervious": 0.5522, "frac_vegetation": 0.2591, "frac_bare_soil": 0.1611, "frac_water": 0.0276, "ndvi_mean": 0.1886, "ndvi_std": 0.0362, "ndbi_mean": 0.1531, "building_density": 211.7, "building_height_mean": 7.8, "road_density": 1248.1, "park_area_frac": 0.096, "tree_canopy_frac": 0.1415, "dist_to_water": 1602.2, "water_area_frac": 0.0276, "air_temp_max": 42.4, "wind_speed_mean": 2.13, "solar_radiation": 312.0, "veg_imperv_ratio": 0.4609, "green_deficit": 0.6449, "thermal_mass_proxy": 1651.3, "cooling_potential": 231.2, "sky_view_factor": 0.8766, "tier": "cool", "delta_above_mean": -2.36, "priority_score": 0.0}}, {"type": "Feature", "geometry": {"type": "Polygon", "coordinates": [[[76.70150275131853, 30.735686807277897], [76.70672354363931, 30.735618234916174], [76.70680305729623, 30.740128021455728], [76.7015820220332, 30.740196606041046], [76.70150275131853, 30.735686807277897]]]}, "properties": {"grid_id": "cell_0019", "lst_mean": 41.27, "lst_max": 43.53, "frac_impervious": 0.5717, "frac_vegetation": 0.2872, "frac_bare_soil": 0.1162, "frac_water": 0.0249, "ndvi_mean": 0.2646, "ndvi_std": 0.0308, "ndbi_mean": 0.1716, "building_density": 154.9, "building_height_mean": 12.1, "road_density": 1314.1, "park_area_frac": 0.0619, "tree_canopy_frac": 0.1719, "dist_to_water": 2214.2, "water_area_frac": 0.0249, "air_temp_max": 44.5, "wind_speed_mean": 2.98, "solar_radiation": 324.1, "veg_imperv_ratio": 0.4937, "green_deficit": 0.6509, "thermal_mass_proxy": 1874.3, "cooling_potential": 231.0, "sky_view_factor": 0.8085, "tier": "normal", "delta_above_mean": -1.04, "priority_score": 0.0}}, {"type": "Feature", "geometry": {"type": "Polygon", "coordinates": [[[76.7015820220332, 30.740196606041046], [76.70680305729623, 30.740128021455728], [76.70688258888612, 30.744637804672063], [76.70166131062608, 30.74470640148209], [76.7015820220332, 30.740196606041046]]]}, "properties": {"grid_id": "cell_0020", "lst_mean": 42.48, "lst_max": 48.9, "frac_impervious": 0.5935, "frac_vegetation": 0.2351, "frac_bare_soil": 0.1277, "frac_water": 0.0437, "ndvi_mean": 0.2331, "ndvi_std": 0.0167, "ndbi_mean": 0.1804, "building_density": 234.3, "building_height_mean": 16.5, "road_density": 1588.0, "park_area_frac": 0.0588, "tree_canopy_frac": 0.1437, "dist_to_water": 2884.6, "water_area_frac": 0.0437, "air_temp_max": 41.1, "wind_speed_mean": 2.63, "solar_radiation": 292.7, "veg_imperv_ratio": 0.3896, "green_deficit": 0.7061, "thermal_mass_proxy": 3866.0, "cooling_potential": 223.9, "sky_view_factor": 0.7389, "tier": "moderate", "delta_above_mean": 0.17, "priority_score": 0.1}}, {"type": "Feature", "geometry": {"type": "Polygon", "coordinates": [[[76.70166131062608, 30.74470640148209], [76.70688258888612, 30.744637804672063], [76.70696213841246, 30.749147584564888], [76.70174061710064, 30.74921619360072], [76.70166131062608, 30.74470640148209]]]}, "properties": {"grid_id": "cell_0021", "lst_mean": 40.04, "lst_max": 44.65, "frac_impervious": 0.5786, "frac_vegetation": 0.2569, "frac_bare_soil": 0.1345, "frac_water": 0.03, "ndvi_mean": 0.2433, "ndvi_std": 0.0382, "ndbi_mean": 0.14, "building_density": 215.8, "building_height_mean": 12.5, "road_density": 1430.6, "park_area_frac": 0.068, "tree_canopy_frac": 0.1674, "dist_to_water": 2835.6, "water_area_frac": 0.03, "air_temp_max": 42.2, "wind_speed_mean": 2.43, "solar_radiation": 290.3, "veg_imperv_ratio": 0.4365, "green_deficit": 0.6751, "thermal_mass_proxy": 2697.5, "cooling_potential": 215.7, "sky_view_factor": 0.8022, "tier": "cool", "delta_above_mean": -2.27, "priority_score": 0.0}}, {"type": "Feature", "geometry": {"type": "Polygon", "coordinates": [[[76.70174061710064, 30.74921619360072], [76.70696213841246, 30.749147584564888], [76.70704170587872, 30.753657361133865], [76.70181994146037, 30.753725982396617], [76.70174061710064, 30.74921619360072]]]}, "properties": {"grid_id": "cell_0022", "lst_mean": 39.78, "lst_max": 47.15, "frac_impervious": 0.5893, "frac_vegetation": 0.2362, "frac_bare_soil": 0.1326, "frac_water": 0.0419, "ndvi_mean": 0.2181, "ndvi_std": 0.0403, "ndbi_mean": 0.0768, "building_density": 219.4, "building_height_mean": 9.9, "road_density": 1307.6, "park_area_frac": 0.0807, "tree_canopy_frac": 0.1465, "dist_to_water": 3792.3, "water_area_frac": 0.0419, "air_temp_max": 43.7, "wind_speed_mean": 3.73, "solar_radiation": 304.8, "veg_imperv_ratio": 0.3941, "green_deficit": 0.6831, "thermal_mass_proxy": 2172.1, "cooling_potential": 232.8, "sky_view_factor": 0.8434, "tier": "cool", "delta_above_mean": -2.53, "priority_score": 0.0}}, {"type": "Feature", "geometry": {"type": "Polygon", "coordinates": [[[76.70181994146037, 30.753725982396617], [76.70704170587872, 30.753657361133865], [76.70712129128839, 30.75816713437868], [76.7018992837087, 30.758235767869493], [76.70181994146037, 30.753725982396617]]]}, "properties": {"grid_id": "cell_0023", "lst_mean": 39.12, "lst_max": 41.42, "frac_impervious": 0.503, "frac_vegetation": 0.2966, "frac_bare_soil": 0.1746, "frac_water": 0.0258, "ndvi_mean": 0.2607, "ndvi_std": 0.0432, "ndbi_mean": 0.115, "building_density": 154.9, "building_height_mean": 12.6, "road_density": 1087.8, "park_area_frac": 0.0685, "tree_canopy_frac": 0.2159, "dist_to_water": 4264.5, "water_area_frac": 0.0258, "air_temp_max": 44.4, "wind_speed_mean": 2.95, "solar_radiation": 281.1, "veg_imperv_ratio": 0.5782, "green_deficit": 0.6349, "thermal_mass_proxy": 1951.7, "cooling_potential": 197.7, "sky_view_factor": 0.8006, "tier": "cool", "delta_above_mean": -3.19, "priority_score": 0.0}}, {"type": "Feature", "geometry": {"type": "Polygon", "coordinates": [[[76.7018992837087, 30.758235767869493], [76.70712129128839, 30.75816713437868], [76.70720089464493, 30.76267690429904], [76.70197864384913, 30.762745550018998], [76.7018992837087, 30.758235767869493]]]}, "properties": {"grid_id": "cell_0024", "lst_mean": 43.02, "lst_max": 45.38, "frac_impervious": 0.5896, "frac_vegetation": 0.238, "frac_bare_soil": 0.1514, "frac_water": 0.021, "ndvi_mean": 0.2671, "ndvi_std": 0.0376, "ndbi_mean": 0.1673, "building_density": 175.0, "building_height_mean": 14.9, "road_density": 1383.3, "park_area_frac": 0.1101, "tree_canopy_frac": 0.1383, "dist_to_water": 4405.4, "water_area_frac": 0.021, "air_temp_max": 42.8, "wind_speed_mean": 3.31, "solar_radiation": 319.3, "veg_imperv_ratio": 0.3969, "green_deficit": 0.6519, "thermal_mass_proxy": 2607.5, "cooling_potential": 243.3, "sky_view_factor": 0.7642, "tier": "moderate", "delta_above_mean": 0.71, "priority_score": 0.4}}, {"type": "Feature", "geometry": {"type": "Polygon", "coordinates": [[[76.70197864384913, 30.762745550018998], [76.70720089464493, 30.76267690429904], [76.70728051595184, 30.767186670894596], [76.70205802188511, 30.767255328844826], [76.70197864384913, 30.762745550018998]]]}, "properties": {"grid_id": "cell_0025", "lst_mean": 38.55, "lst_max": 40.57, "frac_impervious": 0.6069, "frac_vegetation": 0.2211, "frac_bare_soil": 0.1514, "frac_water": 0.0207, "ndvi_mean": 0.202, "ndvi_std": 0.0381, "ndbi_mean": 0.1403, "building_density": 215.3, "building_height_mean": 11.8, "road_density": 1517.7, "park_area_frac": 0.0586, "tree_canopy_frac": 0.098, "dist_to_water": 5283.2, "water_area_frac": 0.0207, "air_temp_max": 41.7, "wind_speed_mean": 3.3, "solar_radiation": 281.3, "veg_imperv_ratio": 0.3584, "green_deficit": 0.7203, "thermal_mass_proxy": 2540.5, "cooling_potential": 219.1, "sky_view_factor": 0.8133, "tier": "cool", "delta_above_mean": -3.76, "priority_score": 0.0}}, {"type": "Feature", "geometry": {"type": "Polygon", "coordinates": [[[76.70205802188511, 30.767255328844826], [76.70728051595184, 30.767186670894596], [76.70736015521258, 30.771696434165047], [76.70213741782013, 30.771765104346667], [76.70205802188511, 30.767255328844826]]]}, "properties": {"grid_id": "cell_0026", "lst_mean": 41.63, "lst_max": 45.57, "frac_impervious": 0.6215, "frac_vegetation": 0.2541, "frac_bare_soil": 0.0934, "frac_water": 0.031, "ndvi_mean": 0.2312, "ndvi_std": 0.0506, "ndbi_mean": 0.2009, "building_density": 158.4, "building_height_mean": 10.6, "road_density": 1121.7, "park_area_frac": 0.0688, "tree_canopy_frac": 0.1568, "dist_to_water": 5696.5, "water_area_frac": 0.031, "air_temp_max": 42.2, "wind_speed_mean": 3.86, "solar_radiation": 320.4, "veg_imperv_ratio": 0.4024, "green_deficit": 0.6771, "thermal_mass_proxy": 1679.0, "cooling_potential": 239.0, "sky_view_factor": 0.8323, "tier": "normal", "delta_above_mean": -0.68, "priority_score": 0.0}}, {"type": "Feature", "geometry": {"type": "Polygon", "coordinates": [[[76.70213741782013, 30.771765104346667], [76.70736015521258, 30.771696434165047], [76.70743981243066, 30.776206194110095], [76.70221683165764, 30.776274876524212], [76.70213741782013, 30.771765104346667]]]}, "properties": {"grid_id": "cell_0027", "lst_mean": 43.31, "lst_max": 46.86, "frac_impervious": 0.6056, "frac_vegetation": 0.2474, "frac_bare_soil": 0.1237, "frac_water": 0.0232, "ndvi_mean": 0.1911, "ndvi_std": 0.0379, "ndbi_mean": 0.168, "building_density": 187.6, "building_height_mean": 11.8, "road_density": 1516.0, "park_area_frac": 0.0815, "tree_canopy_frac": 0.1396, "dist_to_water": 6238.1, "water_area_frac": 0.0232, "air_temp_max": 42.3, "wind_speed_mean": 2.24, "solar_radiation": 326.7, "veg_imperv_ratio": 0.4019, "green_deficit": 0.6711, "thermal_mass_proxy": 2213.7, "cooling_potential": 245.9, "sky_view_factor": 0.8133, "tier": "moderate", "delta_above_mean": 1.0, "priority_score": 0.6}}, {"type": "Feature", "geometry": {"type": "Polygon", "coordinates": [[[76.70221683165764, 30.776274876524212], [76.70743981243066, 30.776206194110095], [76.70751948760955, 30.780715950729405], [76.70229626340112, 30.780784645377143], [76.70221683165764, 30.776274876524212]]]}, "properties": {"grid_id": "cell_0028", "lst_mean": 41.9, "lst_max": 44.2, "frac_impervious": 0.6088, "frac_vegetation": 0.2329, "frac_bare_soil": 0.136, "frac_water": 0.0222, "ndvi_mean": 0.1904, "ndvi_std": 0.0329, "ndbi_mean": 0.1606, "building_density": 207.3, "building_height_mean": 10.8, "road_density": 1266.6, "park_area_frac": 0.0644, "tree_canopy_frac": 0.1097, "dist_to_water": 6945.2, "water_area_frac": 0.0222, "air_temp_max": 42.1, "wind_speed_mean": 2.08, "solar_radiation": 314.6, "veg_imperv_ratio": 0.3764, "green_deficit": 0.7027, "thermal_mass_proxy": 2238.8, "cooling_potential": 241.3, "sky_view_factor": 0.8291, "tier": "normal", "delta_above_mean": -0.41, "priority_score": 0.0}}, {"type": "Feature", "geometry": {"type": "Polygon", "coordinates": [[[76.70229626340112, 30.780784645377143], [76.70751948760955, 30.780715950729405], [76.70759918075274, 30.78522570402266], [76.70237571305405, 30.785294410905127], [76.70229626340112, 30.780784645377143]]]}, "properties": {"grid_id": "cell_0029", "lst_mean": 34.66, "lst_max": 39.01, "frac_impervious": 0.5622, "frac_vegetation": 0.6724, "frac_bare_soil": 0.148, "frac_water": 0.0271, "ndvi_mean": 0.5925, "ndvi_std": 0.0382, "ndbi_mean": 0.1575, "building_density": 176.1, "building_height_mean": 9.6, "road_density": 1246.4, "park_area_frac": 0.5646, "tree_canopy_frac": 0.3894, "dist_to_water": 7233.9, "water_area_frac": 0.0271, "air_temp_max": 42.0, "wind_speed_mean": 3.81, "solar_radiation": 265.2, "veg_imperv_ratio": 1.1751, "green_deficit": 0.0, "thermal_mass_proxy": 1690.6, "cooling_potential": 86.9, "sky_view_factor": 0.8481, "tier": "cool", "delta_above_mean": -7.65, "priority_score": 0.0}}, {"type": "Feature", "geometry": {"type": "Polygon", "coordinates": [[[76.70237571305405, 30.785294410905127], [76.70759918075274, 30.78522570402266], [76.70767889186371, 30.789735453989554], [76.70245518061992, 30.78980417310787], [76.70237571305405, 30.785294410905127]]]}, "properties": {"grid_id": "cell_0030", "lst_mean": 40.28, "lst_max": 42.81, "frac_impervious": 0.5669, "frac_vegetation": 0.274, "frac_bare_soil": 0.128, "frac_water": 0.0311, "ndvi_mean": 0.2701, "ndvi_std": 0.0477, "ndbi_mean": 0.1368, "building_density": 154.5, "building_height_mean": 9.1, "road_density": 1153.6, "park_area_frac": 0.0637, "tree_canopy_frac": 0.1572, "dist_to_water": 7088.4, "water_area_frac": 0.0311, "air_temp_max": 41.8, "wind_speed_mean": 3.3, "solar_radiation": 310.6, "veg_imperv_ratio": 0.475, "green_deficit": 0.6623, "thermal_mass_proxy": 1406.0, "cooling_potential": 225.5, "sky_view_factor": 0.856, "tier": "normal", "delta_above_mean": -2.03, "priority_score": 0.0}}, {"type": "Feature", "geometry": {"type": "Polygon", "coordinates": [[[76.70245518061992, 30.78980417310787], [76.70767889186371, 30.789735453989554], [76.70775862094595, 30.794245200629774], [76.70253466610218, 30.794313931985055], [76.70245518061992, 30.78980417310787]]]}, "properties": {"grid_id": "cell_0031", "lst_mean": 40.78, "lst_max": 43.0, "frac_impervious": 0.549, "frac_vegetation": 0.2229, "frac_bare_soil": 0.2004, "frac_water": 0.0276, "ndvi_mean": 0.2038, "ndvi_std": 0.052, "ndbi_mean": 0.0448, "building_density": 184.8, "building_height_mean": 14.0, "road_density": 1276.9, "park_area_frac": 0.0568, "tree_canopy_frac": 0.1566, "dist_to_water": 8082.3, "water_area_frac": 0.0276, "air_temp_max": 40.5, "wind_speed_mean": 2.85, "solar_radiation": 299.1, "veg_imperv_ratio": 0.3987, "green_deficit": 0.7203, "thermal_mass_proxy": 2587.2, "cooling_potential": 232.4, "sky_view_factor": 0.7785, "tier": "normal", "delta_above_mean": -1.53, "priority_score": 0.0}}, {"type": "Feature", "geometry": {"type": "Polygon", "coordinates": [[[76.70253466610218, 30.794313931985055], [76.70775862094595, 30.794245200629774], [76.70783836800295, 30.798754943942992], [76.70261416950434, 30.798823687536352], [76.70253466610218, 30.794313931985055]]]}, "properties": {"grid_id": "cell_0032", "lst_mean": 42.73, "lst_max": 45.56, "frac_impervious": 0.56, "frac_vegetation": 0.2129, "frac_bare_soil": 0.2043, "frac_water": 0.0228, "ndvi_mean": 0.1994, "ndvi_std": 0.0308, "ndbi_mean": 0.109, "building_density": 177.4, "building_height_mean": 14.0, "road_density": 1303.9, "park_area_frac": 0.0625, "tree_canopy_frac": 0.0981, "dist_to_water": 8206.5, "water_area_frac": 0.0228, "air_temp_max": 43.0, "wind_speed_mean": 2.93, "solar_radiation": 293.5, "veg_imperv_ratio": 0.3735, "green_deficit": 0.7246, "thermal_mass_proxy": 2483.6, "cooling_potential": 231.0, "sky_view_factor": 0.7785, "tier": "moderate", "delta_above_mean": 0.42, "priority_score": 0.3}}, {"type": "Feature", "geometry": {"type": "Polygon", "coordinates": [[[76.70261416950434, 30.798823687536352], [76.70783836800295, 30.798754943942992], [76.7079181330382, 30.80326468392891], [76.70269369082986, 30.80333343976147], [76.70261416950434, 30.798823687536352]]]}, "properties": {"grid_id": "cell_0033", "lst_mean": 39.38, "lst_max": 41.53, "frac_impervious": 0.5164, "frac_vegetation": 0.2934, "frac_bare_soil": 0.1665, "frac_water": 0.0237, "ndvi_mean": 0.2345, "ndvi_std": 0.0445, "ndbi_mean": 0.1425, "building_density": 124.8, "building_height_mean": 5.0, "road_density": 999.1, "park_area_frac": 0.1156, "tree_canopy_frac": 0.183, "dist_to_water": 9052.1, "water_area_frac": 0.0237, "air_temp_max": 43.2, "wind_speed_mean": 2.97, "solar_radiation": 317.0, "veg_imperv_ratio": 0.5574, "green_deficit": 0.591, "thermal_mass_proxy": 624.0, "cooling_potential": 224.0, "sky_view_factor": 0.9209, "tier": "cool", "delta_above_mean": -2.93, "priority_score": 0.0}}, {"type": "Feature", "geometry": {"type": "Polygon", "coordinates": [[[76.70521618680665, 30.649931659675342], [76.71043235574962, 30.649863110179243], [76.71051177123965, 30.654372947559878], [76.70529536039615, 30.6544415092958], [76.70521618680665, 30.649931659675342]]]}, "properties": {"grid_id": "cell_0034", "lst_mean": 41.44, "lst_max": 43.9, "frac_impervious": 0.5632, "frac_vegetation": 0.2639, "frac_bare_soil": 0.1445, "frac_water": 0.0285, "ndvi_mean": 0.2159, "ndvi_std": 0.0445, "ndbi_mean": 0.101, "building_density": 170.7, "building_height_mean": 9.5, "road_density": 1159.8, "park_area_frac": 0.0753, "tree_canopy_frac": 0.2027, "dist_to_water": 7571.5, "water_area_frac": 0.0285, "air_temp_max": 44.8, "wind_speed_mean": 3.39, "solar_radiation": 320.9, "veg_imperv_ratio": 0.4604, "green_deficit": 0.6608, "thermal_mass_proxy": 1621.6, "cooling_potential": 236.2, "sky_view_factor": 0.8497, "tier": "normal", "delta_above_mean": -0.87, "priority_score": 0.0}}, {"type": "Feature", "geometry": {"type": "Polygon", "coordinates": [[[76.70529536039615, 30.6544415092958], [76.71051177123965, 30.654372947559878], [76.71059120465137, 30.65888278162218], [76.70537455185278, 30.658951355599047], [76.70529536039615, 30.6544415092958]]]}, "properties": {"grid_id": "cell_0035", "lst_mean": 39.51, "lst_max": 42.21, "frac_impervious": 0.5062, "frac_vegetation": 0.2796, "frac_bare_soil": 0.1569, "frac_water": 0.0573, "ndvi_mean": 0.2487, "ndvi_std": 0.0324, "ndbi_mean": 0.0958, "building_density": 155.5, "building_height_mean": 5.2, "road_density": 1158.0, "park_area_frac": 0.0946, "tree_canopy_frac": 0.1643, "dist_to_water": 6934.0, "water_area_frac": 0.0573, "air_temp_max": 43.4, "wind_speed_mean": 2.42, "solar_radiation": 328.1, "veg_imperv_ratio": 0.5417, "green_deficit": 0.6258, "thermal_mass_proxy": 808.6, "cooling_potential": 236.4, "sky_view_factor": 0.9177, "tier": "cool", "delta_above_mean": -2.8, "priority_score": 0.0}}, {"type": "Feature", "geometry": {"type": "Polygon", "coordinates": [[[76.70537455185278, 30.658951355599047], [76.71059120465137, 30.65888278162218], [76.71067065598824, 30.663392612365868], [76.70545376118001, 30.663461198584784], [76.70537455185278, 30.658951355599047]]]}, "properties": {"grid_id": "cell_0036", "lst_mean": 41.41, "lst_max": 46.27, "frac_impervious": 0.5496, "frac_vegetation": 0.299, "frac_bare_soil": 0.1188, "frac_water": 0.0326, "ndvi_mean": 0.2046, "ndvi_std": 0.0441, "ndbi_mean": 0.0885, "building_density": 200.1, "building_height_mean": 12.8, "road_density": 1038.9, "park_area_frac": 0.0675, "tree_canopy_frac": 0.1753, "dist_to_water": 6343.2, "water_area_frac": 0.0326, "air_temp_max": 43.8, "wind_speed_mean": 3.21, "solar_radiation": 303.8, "veg_imperv_ratio": 0.5343, "green_deficit": 0.6335, "thermal_mass_proxy": 2561.3, "cooling_potential": 213.0, "sky_view_factor": 0.7975, "tier": "normal", "delta_above_mean": -0.9, "priority_score": 0.0}}, {"type": "Feature", "geometry": {"type": "Polygon", "coordinates": [[[76.70545376118001, 30.663461198584784], [76.71067065598824, 30.663392612365868], [76.71075012525371, 30.66790243979062], [76.70553298838128, 30.667971038252688], [76.70545376118001, 30.663461198584784]]]}, "properties": {"grid_id": "cell_0037", "lst_mean": 38.02, "lst_max": 42.38, "frac_impervious": 0.5291, "frac_vegetation": 0.2939, "frac_bare_soil": 0.1379, "frac_water": 0.0392, "ndvi_mean": 0.2854, "ndvi_std": 0.0289, "ndbi_mean": 0.1652, "building_density": 158.7, "building_height_mean": 6.2, "road_density": 883.3, "park_area_frac": 0.0812, "tree_canopy_frac": 0.1907, "dist_to_water": 5940.6, "water_area_frac": 0.0392, "air_temp_max": 42.5, "wind_speed_mean": 3.68, "solar_radiation": 310.8, "veg_imperv_ratio": 0.5452, "green_deficit": 0.6249, "thermal_mass_proxy": 983.9, "cooling_potential": 219.5, "sky_view_factor": 0.9019, "tier": "cool", "delta_above_mean": -4.29, "priority_score": 0.0}}, {"type": "Feature", "geometry": {"type": "Polygon", "coordinates": [[[76.70553298838128, 30.667971038252688], [76.71075012525371, 30.66790243979062], [76.71082961245128, 30.672412263896096], [76.70561223346006, 30.67248087460245], [76.70553298838128, 30.667971038252688]]]}, "properties": {"grid_id": "cell_0038", "lst_mean": 37.77, "lst_max": 40.64, "frac_impervious": 0.5934, "frac_vegetation": 0.522, "frac_bare_soil": 0.1553, "frac_water": 0.033, "ndvi_mean": 0.4702, "ndvi_std": 0.0198, "ndbi_mean": 0.1878, "building_density": 144.3, "building_height_mean": 5.4, "road_density": 1122.2, "park_area_frac": 0.3846, "tree_canopy_frac": 0.3236, "dist_to_water": 5477.2, "water_area_frac": 0.033, "air_temp_max": 39.7, "wind_speed_mean": 3.45, "solar_radiation": 324.1, "veg_imperv_ratio": 0.8651, "green_deficit": 0.0934, "thermal_mass_proxy": 779.2, "cooling_potential": 154.9, "sky_view_factor": 0.9146, "tier": "cool", "delta_above_mean": -4.54, "priority_score": 0.0}}, {"type": "Feature", "geometry": {"type": "Polygon", "coordinates": [[[76.70561223346006, 30.67248087460245], [76.71082961245128, 30.672412263896096], [76.7109091175844, 30.676922084682005], [76.70569149641979, 30.676990707633742], [76.70561223346006, 30.67248087460245]]]}, "properties": {"grid_id": "cell_0039", "lst_mean": 42.07, "lst_max": 46.0, "frac_impervious": 0.6168, "frac_vegetation": 0.242, "frac_bare_soil": 0.1112, "frac_water": 0.0299, "ndvi_mean": 0.2427, "ndvi_std": 0.043, "ndbi_mean": 0.1202, "building_density": 208.8, "building_height_mean": 11.9, "road_density": 1330.6, "park_area_frac": 0.1163, "tree_canopy_frac": 0.1736, "dist_to_water": 5016.3, "water_area_frac": 0.0299, "air_temp_max": 43.2, "wind_speed_mean": 2.86, "solar_radiation": 341.7, "veg_imperv_ratio": 0.3861, "green_deficit": 0.6417, "thermal_mass_proxy": 2484.7, "cooling_potential": 259.0, "sky_view_factor": 0.8117, "tier": "normal", "delta_above_mean": -0.24, "priority_score": 0.0}}, {"type": "Feature", "geometry": {"type": "Polygon", "coordinates": [[[76.70569149641979, 30.676990707633742], [76.7109091175844, 30.676922084682005], [76.71098864065655, 30.681431902148024], [76.70577077726395, 30.68150053734625], [76.70569149641979, 30.676990707633742]]]}, "properties": {"grid_id": "cell_0040", "lst_mean": 42.03, "lst_max": 45.29, "frac_impervious": 0.6015, "frac_vegetation": 0.224, "frac_bare_soil": 0.1522, "frac_water": 0.0223, "ndvi_mean": 0.1739, "ndvi_std": 0.0341, "ndbi_mean": 0.145, "building_density": 191.0, "building_height_mean": 15.2, "road_density": 1428.2, "park_area_frac": 0.0839, "tree_canopy_frac": 0.1311, "dist_to_water": 4561.7, "water_area_frac": 0.0223, "air_temp_max": 43.1, "wind_speed_mean": 2.82, "solar_radiation": 327.2, "veg_imperv_ratio": 0.3663, "green_deficit": 0.6921, "thermal_mass_proxy": 2903.2, "cooling_potential": 253.9, "sky_view_factor": 0.7595, "tier": "normal", "delta_above_mean": -0.28, "priority_score": 0.0}}, {"type": "Feature", "geometry": {"type": "Polygon", "coordinates": [[[76.70577077726395, 30.68150053734625], [76.71098864065655, 30.681431902148024], [76.7110681816712, 30.685941716293833], [76.70585007599598, 30.686010363739662], [76.70577077726395, 30.68150053734625]]]}, "properties": {"grid_id": "cell_0041", "lst_mean": 41.75, "lst_max": 44.38, "frac_impervious": 0.6035, "frac_vegetation": 0.2244, "frac_bare_soil": 0.1405, "frac_water": 0.0316, "ndvi_mean": 0.2323, "ndvi_std": 0.04, "ndbi_mean": 0.121, "building_density": 167.3, "building_height_mean": 12.5, "road_density": 1316.5, "park_area_frac": 0.0833, "tree_canopy_frac": 0.1487, "dist_to_water": 4155.6, "water_area_frac": 0.0316, "air_temp_max": 44.4, "wind_speed_mean": 3.5, "solar_radiation": 305.8, "veg_imperv_ratio": 0.3658, "green_deficit": 0.6923, "thermal_mass_proxy": 2091.2, "cooling_potential": 237.2, "sky_view_factor": 0.8022, "tier": "normal", "delta_above_mean": -0.56, "priority_score": 0.0}}, {"type": "Feature", "geometry": {"type": "Polygon", "coordinates": [[[76.70585007599598, 30.686010363739662], [76.7110681816712, 30.685941716293833], [76.71114774063179, 30.690451527119098], [76.70592939261937, 30.690520186813654], [76.70585007599598, 30.686010363739662]]]}, "properties": {"grid_id": "cell_0042", "lst_mean": 39.08, "lst_max": 43.02, "frac_impervious": 0.6017, "frac_vegetation": 0.2854, "frac_bare_soil": 0.0838, "frac_water": 0.0291, "ndvi_mean": 0.2629, "ndvi_std": 0.0427, "ndbi_mean": 0.1591, "building_density": 187.7, "building_height_mean": 11.5, "road_density": 1593.7, "park_area_frac": 0.0581, "tree_canopy_frac": 0.1856, "dist_to_water": 3474.0, "water_area_frac": 0.0291, "air_temp_max": 43.7, "wind_speed_mean": 3.15, "solar_radiation": 308.7, "veg_imperv_ratio": 0.4666, "green_deficit": 0.6565, "thermal_mass_proxy": 2158.5, "cooling_potential": 220.6, "sky_view_factor": 0.818, "tier": "cool", "delta_above_mean": -3.23, "priority_score": 0.0}}, {"type": "Feature", "geometry": {"type": "Polygon", "coordinates": [[[76.70592939261937, 30.690520186813654], [76.71114774063179, 30.690451527119098], [76.71122731754184, 30.694961334623528], [76.70600872713754, 30.695030006567926], [76.70592939261937, 30.690520186813654]]]}, "properties": {"grid_id": "cell_0043", "lst_mean": 42.08, "lst_max": 45.81, "frac_impervious": 0.574, "frac_vegetation": 0.2691, "frac_bare_soil": 0.1256, "frac_water": 0.0314, "ndvi_mean": 0.2461, "ndvi_std": 0.0318, "ndbi_mean": 0.1449, "building_density": 220.3, "building_height_mean": 12.0, "road_density": 1320.8, "park_area_frac": 0.0731, "tree_canopy_frac": 0.1547, "dist_to_water": 3290.4, "water_area_frac": 0.0314, "air_temp_max": 42.7, "wind_speed_mean": 3.73, "solar_radiation": 306.6, "veg_imperv_ratio": 0.4608, "green_deficit": 0.6578, "thermal_mass_proxy": 2643.6, "cooling_potential": 224.1, "sky_view_factor": 0.8101, "tier": "normal", "delta_above_mean": -0.23, "priority_score": 0.0}}, {"type": "Feature", "geometry": {"type": "Polygon", "coordinates": [[[76.70600872713754, 30.695030006567926], [76.71122731754184, 30.694961334623528], [76.7113069124048, 30.699471138806796], [76.70608807955401, 30.699539823002137], [76.70600872713754, 30.695030006567926]]]}, "properties": {"grid_id": "cell_0044", "lst_mean": 39.65, "lst_max": 43.1, "frac_impervious": 0.5638, "frac_vegetation": 0.2698, "frac_bare_soil": 0.139, "frac_water": 0.0275, "ndvi_mean": 0.205, "ndvi_std": 0.0411, "ndbi_mean": 0.1499, "building_density": 180.2, "building_height_mean": 12.7, "road_density": 1222.9, "park_area_frac": 0.0717, "tree_canopy_frac": 0.1596, "dist_to_water": 2524.8, "water_area_frac": 0.0275, "air_temp_max": 45.6, "wind_speed_mean": 2.08, "solar_radiation": 319.8, "veg_imperv_ratio": 0.4702, "green_deficit": 0.6585, "thermal_mass_proxy": 2288.5, "cooling_potential": 233.5, "sky_view_factor": 0.7991, "tier": "cool", "delta_above_mean": -2.66, "priority_score": 0.0}}, {"type": "Feature", "geometry": {"type": "Polygon", "coordinates": [[[76.70608807955401, 30.699539823002137], [76.7113069124048, 30.699471138806796], [76.71138652522414, 30.703980939668583], [76.7061674498722, 30.70404963611599], [76.70608807955401, 30.699539823002137]]]}, "properties": {"grid_id": "cell_0045", "lst_mean": 40.1, "lst_max": 43.54, "frac_impervious": 0.5527, "frac_vegetation": 0.197, "frac_bare_soil": 0.2199, "frac_water": 0.0303, "ndvi_mean": 0.206, "ndvi_std": 0.0234, "ndbi_mean": 0.1311, "building_density": 191.3, "building_height_mean": 9.4, "road_density": 1260.7, "park_area_frac": 0.1098, "tree_canopy_frac": 0.118, "dist_to_water": 2215.3, "water_area_frac": 0.0303, "air_temp_max": 44.1, "wind_speed_mean": 3.31, "solar_radiation": 299.8, "veg_imperv_ratio": 0.3501, "green_deficit": 0.6932, "thermal_mass_proxy": 1798.2, "cooling_potential": 240.7, "sky_view_factor": 0.8513, "tier": "normal", "delta_above_mean": -2.21, "priority_score": 0.0}}, {"type": "Feature", "geometry": {"type": "Polygon", "coordinates": [[[76.7061674498722, 30.70404963611599], [76.71138652522414, 30.703980939668583], [76.71146615600335, 30.70849073720858], [76.70624683809558, 30.70855944590916], [76.7061674498722, 30.70404963611599]]]}, "properties": {"grid_id": "cell_0046", "lst_mean": 39.22, "lst_max": 42.94, "frac_impervious": 0.5726, "frac_vegetation": 0.5302, "frac_bare_soil": 0.1465, "frac_water": 0.0224, "ndvi_mean": 0.5551, "ndvi_std": 0.0546, "ndbi_mean": 0.2171, "building_density": 230.2, "building_height_mean": 11.5, "road_density": 1395.2, "park_area_frac": 0.4055, "tree_canopy_frac": 0.2934, "dist_to_water": 1467.5, "water_area_frac": 0.0224, "air_temp_max": 43.5, "wind_speed_mean": 2.41, "solar_radiation": 303.6, "veg_imperv_ratio": 0.9101, "green_deficit": 0.0643, "thermal_mass_proxy": 2647.3, "cooling_potential": 142.6, "sky_view_factor": 0.818, "tier": "cool", "delta_above_mean": -3.09, "priority_score": 0.0}}, {"type": "Feature", "geometry": {"type": "Polygon", "coordinates": [[[76.70624683809558, 30.70855944590916], [76.71146615600335, 30.70849073720858], [76.71154580474591, 30.713000531426463], [76.70632624422763, 30.71306925238134], [76.70624683809558, 30.70855944590916]]]}, "properties": {"grid_id": "cell_0047", "lst_mean": 42.28, "lst_max": 45.0, "frac_impervious": 0.6921, "frac_vegetation": 0.1841, "frac_bare_soil": 0.0956, "frac_water": 0.0282, "ndvi_mean": 0.1845, "ndvi_std": 0.0212, "ndbi_mean": 0.146, "building_density": 193.7, "building_height_mean": 13.5, "road_density": 1610.4, "park_area_frac": 0.0593, "tree_canopy_frac": 0.1027, "dist_to_water": 1575.1, "water_area_frac": 0.0282, "air_temp_max": 44.1, "wind_speed_mean": 2.61, "solar_radiation": 317.5, "veg_imperv_ratio": 0.2622, "green_deficit": 0.7566, "thermal_mass_proxy": 2615.0, "cooling_potential": 259.0, "sky_view_factor": 0.7864, "tier": "normal", "delta_above_mean": -0.03, "priority_score": 0.0}}, {"type": "Feature", "geometry": {"type": "Polygon", "coordinates": [[[76.70632624422763, 30.71306925238134], [76.71154580474591, 30.713000531426463], [76.71162547145528, 30.717510322321914], [76.70640566827181, 30.717579055532198], [76.70632624422763, 30.71306925238134]]]}, "properties": {"grid_id": "cell_0048", "lst_mean": 41.4, "lst_max": 46.45, "frac_impervious": 0.5925, "frac_vegetation": 0.2368, "frac_bare_soil": 0.1487, "frac_water": 0.022, "ndvi_mean": 0.2493, "ndvi_std": 0.037, "ndbi_mean": 0.0857, "building_density": 187.7, "building_height_mean": 11.1, "road_density": 1609.7, "park_area_frac": 0.0648, "tree_canopy_frac": 0.172, "dist_to_water": 617.8, "water_area_frac": 0.022, "air_temp_max": 43.3, "wind_speed_mean": 3.4, "solar_radiation": 316.3, "veg_imperv_ratio": 0.393, "green_deficit": 0.6984, "thermal_mass_proxy": 2083.5, "cooling_potential": 241.4, "sky_view_factor": 0.8244, "tier": "normal", "delta_above_mean": -0.91, "priority_score": 0.0}}, {"type": "Feature", "geometry": {"type": "Polygon", "coordinates": [[[76.70640566827181, 30.717579055532198], [76.71162547145528, 30.717510322321914], [76.71170515613495, 30.722020109894622], [76.70648511023161, 30.722088855361413], [76.70640566827181, 30.717579055532198]]]}, "properties": {"grid_id": "cell_0049", "lst_mean": 39.11, "lst_max": 41.37, "frac_impervious": 0.6114, "frac_vegetation": 0.2612, "frac_bare_soil": 0.0932, "frac_water": 0.0342, "ndvi_mean": 0.2545, "ndvi_std": 0.0305, "ndbi_mean": 0.1328, "building_density": 150.8, "building_height_mean": 9.7, "road_density": 1138.8, "park_area_frac": 0.0638, "tree_canopy_frac": 0.1775, "dist_to_water": 349.4, "water_area_frac": 0.1288, "air_temp_max": 42.7, "wind_speed_mean": 2.41, "solar_radiation": 294.2, "veg_imperv_ratio": 0.4203, "green_deficit": 0.675, "thermal_mass_proxy": 1462.8, "cooling_potential": 217.4, "sky_view_factor": 0.8465, "tier": "cool", "delta_above_mean": -3.2, "priority_score": 0.0}}, {"type": "Feature", "geometry": {"type": "Polygon", "coordinates": [[[76.70648511023161, 30.722088855361413], [76.71170515613495, 30.722020109894622], [76.7117848587884, 30.726529894144267], [76.70656457011047, 30.726598651868702], [76.70648511023161, 30.722088855361413]]]}, "properties": {"grid_id": "cell_0050", "lst_mean": 39.26, "lst_max": 44.49, "frac_impervious": 0.5412, "frac_vegetation": 0.2772, "frac_bare_soil": 0.1605, "frac_water": 0.0211, "ndvi_mean": 0.239, "ndvi_std": 0.0479, "ndbi_mean": 0.0694, "building_density": 222.8, "building_height_mean": 15.8, "road_density": 1477.9, "park_area_frac": 0.0567, "tree_canopy_frac": 0.1547, "dist_to_water": 340.9, "water_area_frac": 0.1215, "air_temp_max": 40.0, "wind_speed_mean": 3.76, "solar_radiation": 312.6, "veg_imperv_ratio": 0.5029, "green_deficit": 0.6661, "thermal_mass_proxy": 3520.2, "cooling_potential": 225.9, "sky_view_factor": 0.75, "tier": "cool", "delta_above_mean": -3.05, "priority_score": 0.0}}, {"type": "Feature", "geometry": {"type": "Polygon", "coordinates": [[[76.70656457011047, 30.726598651868702], [76.7117848587884, 30.726529894144267], [76.71186457941913, 30.731039675070544], [76.70664404791188, 30.731108445053728], [76.70656457011047, 30.726598651868702]]]}, "properties": {"grid_id": "cell_0051", "lst_mean": 42.23, "lst_max": 44.86, "frac_impervious": 0.6134, "frac_vegetation": 0.2205, "frac_bare_soil": 0.1422, "frac_water": 0.0239, "ndvi_mean": 0.181, "ndvi_std": 0.0343, "ndbi_mean": 0.1006, "building_density": 208.5, "building_height_mean": 13.7, "road_density": 1479.3, "park_area_frac": 0.0943, "tree_canopy_frac": 0.132, "dist_to_water": 892.3, "water_area_frac": 0.0239, "air_temp_max": 41.7, "wind_speed_mean": 3.32, "solar_radiation": 337.7, "veg_imperv_ratio": 0.3537, "green_deficit": 0.6852, "thermal_mass_proxy": 2856.4, "cooling_potential": 263.2, "sky_view_factor": 0.7832, "tier": "normal", "delta_above_mean": -0.08, "priority_score": 0.0}}, {"type": "Feature", "geometry": {"type": "Polygon", "coordinates": [[[76.70664404791188, 30.731108445053728], [76.71186457941913, 30.731039675070544], [76.7119443180306, 30.735549452673123], [76.70672354363931, 30.735618234916174], [76.70664404791188, 30.731108445053728]]]}, "properties": {"grid_id": "cell_0052", "lst_mean": 42.58, "lst_max": 44.78, "frac_impervious": 0.6779, "frac_vegetation": 0.1421, "frac_bare_soil": 0.1515, "frac_water": 0.0285, "ndvi_mean": 0.1904, "ndvi_std": 0.0262, "ndbi_mean": 0.1411, "building_density": 231.7, "building_height_mean": 13.4, "road_density": 1464.1, "park_area_frac": 0.0722, "tree_canopy_frac": 0.1047, "dist_to_water": 1433.4, "water_area_frac": 0.0285, "air_temp_max": 42.2, "wind_speed_mean": 3.08, "solar_radiation": 307.5, "veg_imperv_ratio": 0.2066, "green_deficit": 0.7857, "thermal_mass_proxy": 3104.8, "cooling_potential": 263.8, "sky_view_factor": 0.788, "tier": "moderate", "delta_above_mean": 0.27, "priority_score": 0.3}}, {"type": "Feature", "geometry": {"type": "Polygon", "coordinates": [[[76.70672354363931, 30.735618234916174], [76.7119443180306, 30.735549452673123], [76.71202407462631, 30.740059226951697], [76.70680305729623, 30.740128021455728], [76.70672354363931, 30.735618234916174]]]}, "properties": {"grid_id": "cell_0053", "lst_mean": 41.04, "lst_max": 44.41, "frac_impervious": 0.608, "frac_vegetation": 0.211, "frac_bare_soil": 0.1537, "frac_water": 0.0273, "ndvi_mean": 0.2061, "ndvi_std": 0.0454, "ndbi_mean": 0.1155, "building_density": 224.5, "building_height_mean": 14.4, "road_density": 1531.6, "park_area_frac": 0.0929, "tree_canopy_frac": 0.1354, "dist_to_water": 2480.4, "water_area_frac": 0.0273, "air_temp_max": 44.0, "wind_speed_mean": 2.2, "solar_radiation": 315.5, "veg_imperv_ratio": 0.3414, "green_deficit": 0.6961, "thermal_mass_proxy": 3232.8, "cooling_potential": 248.9, "sky_view_factor": 0.7722, "tier": "normal", "delta_above_mean": -1.27, "priority_score": 0.0}}, {"type": "Feature", "geometry": {"type": "Polygon", "coordinates": [[[76.70680305729623, 30.740128021455728], [76.71202407462631, 30.740059226951697], [76.71210384920974, 30.744568997905933], [76.70688258888612, 30.744637804672063], [76.70680305729623, 30.740128021455728]]]}, "properties": {"grid_id": "cell_0054", "lst_mean": 42.58, "lst_max": 45.28, "frac_impervious": 0.6358, "frac_vegetation": 0.2602, "frac_bare_soil": 0.0815, "frac_water": 0.0226, "ndvi_mean": 0.1605, "ndvi_std": 0.0411, "ndbi_mean": 0.1257, "building_density": 216.9, "building_height_mean": 15.7, "road_density": 1620.8, "park_area_frac": 0.0882, "tree_canopy_frac": 0.1721, "dist_to_water": 2445.3, "water_area_frac": 0.0226, "air_temp_max": 40.9, "wind_speed_mean": 2.54, "solar_radiation": 282.0, "veg_imperv_ratio": 0.4029, "green_deficit": 0.6516, "thermal_mass_proxy": 3405.3, "cooling_potential": 208.6, "sky_view_factor": 0.7516, "tier": "moderate", "delta_above_mean": 0.27, "priority_score": 0.1}}, {"type": "Feature", "geometry": {"type": "Polygon", "coordinates": [[[76.70688258888612, 30.744637804672063], [76.71210384920974, 30.744568997905933], [76.71218364178436, 30.74907876553554], [76.70696213841246, 30.749147584564888], [76.70688258888612, 30.744637804672063]]]}, "properties": {"grid_id": "cell_0055", "lst_mean": 43.06, "lst_max": 47.6, "frac_impervious": 0.6107, "frac_vegetation": 0.276, "frac_bare_soil": 0.0902, "frac_water": 0.0231, "ndvi_mean": 0.2615, "ndvi_std": 0.0472, "ndbi_mean": 0.1598, "building_density": 222.1, "building_height_mean": 12.7, "road_density": 1466.5, "park_area_frac": 0.0597, "tree_canopy_frac": 0.1763, "dist_to_water": 2825.2, "water_area_frac": 0.0231, "air_temp_max": 42.6, "wind_speed_mean": 2.47, "solar_radiation": 312.8, "veg_imperv_ratio": 0.4447, "green_deficit": 0.6643, "thermal_mass_proxy": 2820.7, "cooling_potential": 226.5, "sky_view_factor": 0.7991, "tier": "moderate", "delta_above_mean": 0.75, "priority_score": 0.4}}, {"type": "Feature", "geometry": {"type": "Polygon", "coordinates": [[[76.70696213841246, 30.749147584564888], [76.71218364178436, 30.74907876553554], [76.7122634523537, 30.753588529840172], [76.70704170587872, 30.753657361133865], [76.70696213841246, 30.749147584564888]]]}, "properties": {"grid_id": "cell_0056", "lst_mean": 36.98, "lst_max": 39.82, "frac_impervious": 0.6066, "frac_vegetation": 0.6864, "frac_bare_soil": 0.1174, "frac_water": 0.0266, "ndvi_mean": 0.6093, "ndvi_std": 0.0301, "ndbi_mean": 0.1274, "building_density": 196.1, "building_height_mean": 10.8, "road_density": 1514.1, "park_area_frac": 0.4243, "tree_canopy_frac": 0.4161, "dist_to_water": 3752.1, "water_area_frac": 0.0266, "air_temp_max": 41.9, "wind_speed_mean": 2.23, "solar_radiation": 295.8, "veg_imperv_ratio": 1.1132, "green_deficit": 0.0, "thermal_mass_proxy": 2117.9, "cooling_potential": 92.8, "sky_view_factor": 0.8291, "tier": "cool", "delta_above_mean": -5.33, "priority_score": 0.0}}, {"type": "Feature", "geometry": {"type": "Polygon", "coordinates": [[[76.70704170587872, 30.753657361133865], [76.7122634523537, 30.753588529840172], [76.7123432809212, 30.75809829081955], [76.70712129128839, 30.75816713437868], [76.70704170587872, 30.753657361133865]]]}, "properties": {"grid_id": "cell_0057", "lst_mean": 35.45, "lst_max": 39.11, "frac_impervious": 0.5835, "frac_vegetation": 0.5465, "frac_bare_soil": 0.1673, "frac_water": 0.0237, "ndvi_mean": 0.6274, "ndvi_std": 0.024, "ndbi_mean": 0.128, "building_density": 166.1, "building_height_mean": 12.3, "road_density": 1496.2, "park_area_frac": 0.6403, "tree_canopy_frac": 0.3246, "dist_to_water": 4005.7, "water_area_frac": 0.0237, "air_temp_max": 43.2, "wind_speed_mean": 3.35, "solar_radiation": 299.9, "veg_imperv_ratio": 0.9208, "green_deficit": 0.0, "thermal_mass_proxy": 2043.0, "cooling_potential": 136.0, "sky_view_factor": 0.8054, "tier": "cool", "delta_above_mean": -6.86, "priority_score": 0.0}}, {"type": "Feature", "geometry": {"type": "Polygon", "coordinates": [[[76.70712129128839, 30.75816713437868], [76.7123432809212, 30.75809829081955], [76.71242312749037, 30.76260804847333], [76.70720089464493, 30.76267690429904], [76.70712129128839, 30.75816713437868]]]}, "properties": {"grid_id": "cell_0058", "lst_mean": 40.35, "lst_max": 42.9, "frac_impervious": 0.5922, "frac_vegetation": 0.6678, "frac_bare_soil": 0.0906, "frac_water": 0.0462, "ndvi_mean": 0.5068, "ndvi_std": 0.0427, "ndbi_mean": 0.1637, "building_density": 260.9, "building_height_mean": 13.2, "road_density": 1309.8, "park_area_frac": 0.3588, "tree_canopy_frac": 0.3768, "dist_to_water": 4452.3, "water_area_frac": 0.0462, "air_temp_max": 43.8, "wind_speed_mean": 2.55, "solar_radiation": 304.2, "veg_imperv_ratio": 1.1089, "green_deficit": 0.0, "thermal_mass_proxy": 3443.9, "cooling_potential": 101.1, "sky_view_factor": 0.7911, "tier": "normal", "delta_above_mean": -1.96, "priority_score": 0.0}}, {"type": "Feature", "geometry": {"type": "Polygon", "coordinates": [[[76.70720089464493, 30.76267690429904], [76.71242312749037, 30.76260804847333], [76.71250299206471, 30.7671178028012], [76.70728051595184, 30.767186670894596], [76.70720089464493, 30.76267690429904]]]}, "properties": {"grid_id": "cell_0059", "lst_mean": 43.66, "lst_max": 46.02, "frac_impervious": 0.6942, "frac_vegetation": 0.2057, "frac_bare_soil": 0.0526, "frac_water": 0.0475, "ndvi_mean": 0.1075, "ndvi_std": 0.0333, "ndbi_mean": 0.1547, "building_density": 223.9, "building_height_mean": 14.0, "road_density": 1382.6, "park_area_frac": 0.0646, "tree_canopy_frac": 0.1373, "dist_to_water": 4875.9, "water_area_frac": 0.0475, "air_temp_max": 42.3, "wind_speed_mean": 2.62, "solar_radiation": 307.6, "veg_imperv_ratio": 0.2921, "green_deficit": 0.7297, "thermal_mass_proxy": 3134.6, "cooling_potential": 244.3, "sky_view_factor": 0.7785, "tier": "moderate", "delta_above_mean": 1.35, "priority_score": 0.9}}, {"type": "Feature", "geometry": {"type": "Polygon", "coordinates": [[[76.70728051595184, 30.767186670894596], [76.71250299206471, 30.7671178028012], [76.71258287464772, 30.771627553802848], [76.70736015521258, 30.771696434165047], [76.70728051595184, 30.767186670894596]]]}, "properties": {"grid_id": "cell_0060", "lst_mean": 41.82, "lst_max": 44.56, "frac_impervious": 0.5838, "frac_vegetation": 0.2667, "frac_bare_soil": 0.1239, "frac_water": 0.0257, "ndvi_mean": 0.2417, "ndvi_std": 0.0476, "ndbi_mean": 0.1256, "building_density": 192.9, "building_height_mean": 10.6, "road_density": 1219.7, "park_area_frac": 0.0675, "tree_canopy_frac": 0.1556, "dist_to_water": 5597.8, "water_area_frac": 0.0257, "air_temp_max": 42.0, "wind_speed_mean": 2.81, "solar_radiation": 327.0, "veg_imperv_ratio": 0.4491, "green_deficit": 0.6658, "thermal_mass_proxy": 2044.7, "cooling_potential": 239.8, "sky_view_factor": 0.8323, "tier": "normal", "delta_above_mean": -0.49, "priority_score": 0.0}}, {"type": "Feature", "geometry": {"type": "Polygon", "coordinates": [[[76.70736015521258, 30.771696434165047], [76.71258287464772, 30.771627553802848], [76.71266277524288, 30.776137301477963], [76.70743981243066, 30.776206194110095], [76.70736015521258, 30.771696434165047]]]}, "properties": {"grid_id": "cell_0061", "lst_mean": 40.59, "lst_max": 43.99, "frac_impervious": 0.5206, "frac_vegetation": 0.2895, "frac_bare_soil": 0.1651, "frac_water": 0.0248, "ndvi_mean": 0.2535, "ndvi_std": 0.0424, "ndbi_mean": 0.1192, "building_density": 202.1, "building_height_mean": 10.3, "road_density": 1399.9, "park_area_frac": 0.0646, "tree_canopy_frac": 0.1407, "dist_to_water": 6214.6, "water_area_frac": 0.0248, "air_temp_max": 41.8, "wind_speed_mean": 2.76, "solar_radiation": 295.2, "veg_imperv_ratio": 0.5456, "green_deficit": 0.6459, "thermal_mass_proxy": 2081.6, "cooling_potential": 209.7, "sky_view_factor": 0.837, "tier": "normal", "delta_above_mean": -1.72, "priority_score": 0.0}}, {"type": "Feature", "geometry": {"type": "Polygon", "coordinates": [[[76.70743981243066, 30.776206194110095], [76.71266277524288, 30.776137301477963], [76.7127426938537, 30.780647045826235], [76.70751948760955, 30.780715950729405], [76.70743981243066, 30.776206194110095]]]}, "properties": {"grid_id": "cell_0062", "lst_mean": 41.25, "lst_max": 44.86, "frac_impervious": 0.5385, "frac_vegetation": 0.2742, "frac_bare_soil": 0.1587, "frac_water": 0.0286, "ndvi_mean": 0.1864, "ndvi_std": 0.044, "ndbi_mean": 0.0572, "building_density": 186.8, "building_height_mean": 15.8, "road_density": 1088.8, "park_area_frac": 0.072, "tree_canopy_frac": 0.1536, "dist_to_water": 6661.7, "water_area_frac": 0.0286, "air_temp_max": 42.0, "wind_speed_mean": 3.25, "solar_radiation": 330.7, "veg_imperv_ratio": 0.4999, "green_deficit": 0.6538, "thermal_mass_proxy": 2951.4, "cooling_potential": 240.0, "sky_view_factor": 0.75, "tier": "normal", "delta_above_mean": -1.06, "priority_score": 0.0}}, {"type": "Feature", "geometry": {"type": "Polygon", "coordinates": [[[76.70751948760955, 30.780715950729405], [76.7127426938537, 30.780647045826235], [76.71282263048363, 30.785156786847327], [76.70759918075274, 30.78522570402266], [76.70751948760955, 30.780715950729405]]]}, "properties": {"grid_id": "cell_0063", "lst_mean": 40.92, "lst_max": 44.22, "frac_impervious": 0.528, "frac_vegetation": 0.337, "frac_bare_soil": 0.1175, "frac_water": 0.0175, "ndvi_mean": 0.2392, "ndvi_std": 0.0307, "ndbi_mean": 0.0397, "building_density": 164.9, "building_height_mean": 10.9, "road_density": 1151.6, "park_area_frac": 0.0661, "tree_canopy_frac": 0.2193, "dist_to_water": 6910.2, "water_area_frac": 0.0175, "air_temp_max": 42.4, "wind_speed_mean": 2.7, "solar_radiation": 309.7, "veg_imperv_ratio": 0.6264, "green_deficit": 0.5969, "thermal_mass_proxy": 1797.4, "cooling_potential": 205.3, "sky_view_factor": 0.8275, "tier": "normal", "delta_above_mean": -1.39, "priority_score": 0.0}}, {"type": "Feature", "geometry": {"type": "Polygon", "coordinates": [[[76.70759918075274, 30.78522570402266], [76.71282263048363, 30.785156786847327], [76.71290258513622, 30.78966652454094], [76.70767889186371, 30.789735453989554], [76.70759918075274, 30.78522570402266]]]}, "properties": {"grid_id": "cell_0064", "lst_mean": 41.07, "lst_max": 49.71, "frac_impervious": 0.5666, "frac_vegetation": 0.2752, "frac_bare_soil": 0.1314, "frac_water": 0.0268, "ndvi_mean": 0.3203, "ndvi_std": 0.0609, "ndbi_mean": 0.137, "building_density": 181.6, "building_height_mean": 12.3, "road_density": 1406.7, "park_area_frac": 0.0662, "tree_canopy_frac": 0.1268, "dist_to_water": 7310.6, "water_area_frac": 0.0268, "air_temp_max": 44.9, "wind_speed_mean": 3.35, "solar_radiation": 307.9, "veg_imperv_ratio": 0.4773, "green_deficit": 0.6586, "thermal_mass_proxy": 2233.7, "cooling_potential": 223.2, "sky_view_factor": 0.8054, "tier": "normal", "delta_above_mean": -1.24, "priority_score": 0.0}}, {"type": "Feature", "geometry": {"type": "Polygon", "coordinates": [[[76.70767889186371, 30.789735453989554], [76.71290258513622, 30.78966652454094], [76.71298255781495, 30.794176258906756], [76.70775862094595, 30.794245200629774], [76.70767889186371, 30.789735453989554]]]}, "properties": {"grid_id": "cell_0065", "lst_mean": 42.46, "lst_max": 46.22, "frac_impervious": 0.5894, "frac_vegetation": 0.2205, "frac_bare_soil": 0.1671, "frac_water": 0.023, "ndvi_mean": 0.2011, "ndvi_std": 0.036, "ndbi_mean": 0.1505, "building_density": 210.6, "building_height_mean": 11.4, "road_density": 1384.1, "park_area_frac": 0.0884, "tree_canopy_frac": 0.1117, "dist_to_water": 7206.3, "water_area_frac": 0.023, "air_temp_max": 41.5, "wind_speed_mean": 2.51, "solar_radiation": 289.7, "veg_imperv_ratio": 0.3679, "green_deficit": 0.6911, "thermal_mass_proxy": 2400.8, "cooling_potential": 225.8, "sky_view_factor": 0.8196, "tier": "moderate", "delta_above_mean": 0.15, "priority_score": 0.1}}, {"type": "Feature", "geometry": {"type": "Polygon", "coordinates": [[[76.70775862094595, 30.794245200629774], [76.71298255781495, 30.794176258906756], [76.71306254852331, 30.79868598994445], [76.70783836800295, 30.798754943942992], [76.70775862094595, 30.794245200629774]]]}, "properties": {"grid_id": "cell_0066", "lst_mean": 41.0, "lst_max": 47.02, "frac_impervious": 0.5839, "frac_vegetation": 0.2772, "frac_bare_soil": 0.0933, "frac_water": 0.0456, "ndvi_mean": 0.2605, "ndvi_std": 0.0492, "ndbi_mean": 0.1955, "building_density": 181.1, "building_height_mean": 8.6, "road_density": 1248.7, "park_area_frac": 0.0955, "tree_canopy_frac": 0.1691, "dist_to_water": 8323.1, "water_area_frac": 0.0456, "air_temp_max": 45.2, "wind_speed_mean": 2.96, "solar_radiation": 292.3, "veg_imperv_ratio": 0.4667, "green_deficit": 0.6273, "thermal_mass_proxy": 1557.5, "cooling_potential": 211.3, "sky_view_factor": 0.8639, "tier": "normal", "delta_above_mean": -1.31, "priority_score": 0.0}}, {"type": "Feature", "geometry": {"type": "Polygon", "coordinates": [[[76.70783836800295, 30.798754943942992], [76.71306254852331, 30.79868598994445], [76.71314255726482, 30.80319571765373], [76.7079181330382, 30.80326468392891], [76.70783836800295, 30.798754943942992]]]}, "properties": {"grid_id": "cell_0067", "lst_mean": 40.46, "lst_max": 42.65, "frac_impervious": 0.6296, "frac_vegetation": 0.2067, "frac_bare_soil": 0.1422, "frac_water": 0.0215, "ndvi_mean": 0.1838, "ndvi_std": 0.0282, "ndbi_mean": 0.1566, "building_density": 169.5, "building_height_mean": 10.4, "road_density": 1198.4, "park_area_frac": 0.0652, "tree_canopy_frac": 0.1521, "dist_to_water": 8939.8, "water_area_frac": 0.0215, "air_temp_max": 40.9, "wind_speed_mean": 2.24, "solar_radiation": 317.0, "veg_imperv_ratio": 0.3232, "green_deficit": 0.7281, "thermal_mass_proxy": 1762.8, "cooling_potential": 251.5, "sky_view_factor": 0.8354, "tier": "normal", "delta_above_mean": -1.85, "priority_score": 0.0}}, {"type": "Feature", "geometry": {"type": "Polygon", "coordinates": [[[76.71043235574962, 30.649863110179243], [76.71564850677436, 30.649794351514238], [76.71572816416146, 30.654304176617707], [76.71051177123965, 30.654372947559878], [76.71043235574962, 30.649863110179243]]]}, "properties": {"grid_id": "cell_0068", "lst_mean": 39.5, "lst_max": 41.59, "frac_impervious": 0.5477, "frac_vegetation": 0.2613, "frac_bare_soil": 0.1618, "frac_water": 0.0292, "ndvi_mean": 0.1679, "ndvi_std": 0.044, "ndbi_mean": 0.1437, "building_density": 200.0, "building_height_mean": 10.0, "road_density": 1270.4, "park_area_frac": 0.0724, "tree_canopy_frac": 0.1768, "dist_to_water": 7548.6, "water_area_frac": 0.0292, "air_temp_max": 44.0, "wind_speed_mean": 3.52, "solar_radiation": 298.8, "veg_imperv_ratio": 0.4685, "green_deficit": 0.6663, "thermal_mass_proxy": 2000.0, "cooling_potential": 220.7, "sky_view_factor": 0.8418, "tier": "cool", "delta_above_mean": -2.81, "priority_score": 0.0}}, {"type": "Feature", "geometry": {"type": "Polygon", "coordinates": [[[76.71051177123965, 30.654372947559878], [76.71572816416146, 30.654304176617707], [76.7158078395248, 30.658813998401747], [76.71059120465137, 30.65888278162218], [76.71051177123965, 30.654372947559878]]]}, "properties": {"grid_id": "cell_0069", "lst_mean": 38.49, "lst_max": 41.05, "frac_impervious": 0.5141, "frac_vegetation": 0.2804, "frac_bare_soil": 0.1711, "frac_water": 0.0344, "ndvi_mean": 0.2351, "ndvi_std": 0.0294, "ndbi_mean": 0.0998, "building_density": 166.4, "building_height_mean": 4.7, "road_density": 1075.5, "park_area_frac": 0.1027, "tree_canopy_frac": 0.1983, "dist_to_water": 7004.2, "water_area_frac": 0.0344, "air_temp_max": 41.6, "wind_speed_mean": 3.73, "solar_radiation": 323.7, "veg_imperv_ratio": 0.535, "green_deficit": 0.6169, "thermal_mass_proxy": 782.1, "cooling_potential": 232.9, "sky_view_factor": 0.9256, "tier": "cool", "delta_above_mean": -3.82, "priority_score": 0.0}}, {"type": "Feature", "geometry": {"type": "Polygon", "coordinates": [[[76.71059120465137, 30.65888278162218], [76.7158078395248, 30.658813998401747], [76.71588753286784, 30.66332381686605], [76.71067065598824, 30.663392612365868], [76.71059120465137, 30.65888278162218]]]}, "properties": {"grid_id": "cell_0070", "lst_mean": 39.99, "lst_max": 42.21, "frac_impervious": 0.5809, "frac_vegetation": 0.2565, "frac_bare_soil": 0.1352, "frac_water": 0.0274, "ndvi_mean": 0.2203, "ndvi_std": 0.045, "ndbi_mean": 0.1413, "building_density": 194.2, "building_height_mean": 6.9, "road_density": 1231.8, "park_area_frac": 0.0598, "tree_canopy_frac": 0.1581, "dist_to_water": 7116.6, "water_area_frac": 0.0274, "air_temp_max": 41.3, "wind_speed_mean": 3.29, "solar_radiation": 314.1, "veg_imperv_ratio": 0.4341, "green_deficit": 0.6837, "thermal_mass_proxy": 1340.0, "cooling_potential": 233.5, "sky_view_factor": 0.8908, "tier": "cool", "delta_above_mean": -2.32, "priority_score": 0.0}}, {"type": "Feature", "geometry": {"type": "Polygon", "coordinates": [[[76.71067065598824, 30.663392612365868], [76.71588753286784, 30.66332381686605], [76.71596724419406, 30.667833632010293], [76.71075012525371, 30.66790243979062], [76.71067065598824, 30.663392612365868]]]}, "properties": {"grid_id": "cell_0071", "lst_mean": 41.15, "lst_max": 44.27, "frac_impervious": 0.6135, "frac_vegetation": 0.2366, "frac_bare_soil": 0.1305, "frac_water": 0.0194, "ndvi_mean": 0.2063, "ndvi_std": 0.0354, "ndbi_mean": 0.1954, "building_density": 229.1, "building_height_mean": 10.9, "road_density": 1432.4, "park_area_frac": 0.0998, "tree_canopy_frac": 0.1378, "dist_to_water": 6152.6, "water_area_frac": 0.0194, "air_temp_max": 45.0, "wind_speed_mean": 2.88, "solar_radiation": 289.2, "veg_imperv_ratio": 0.3795, "green_deficit": 0.6636, "thermal_mass_proxy": 2497.2, "cooling_potential": 220.8, "sky_view_factor": 0.8275, "tier": "normal", "delta_above_mean": -1.16, "priority_score": 0.0}}, {"type": "Feature", "geometry": {"type": "Polygon", "coordinates": [[[76.71075012525371, 30.66790243979062], [76.71596724419406, 30.667833632010293], [76.71604697350696, 30.67234344383416], [76.71082961245128, 30.672412263896096], [76.71075012525371, 30.66790243979062]]]}, "properties": {"grid_id": "cell_0072", "lst_mean": 42.0, "lst_max": 45.1, "frac_impervious": 0.6219, "frac_vegetation": 0.2454, "frac_bare_soil": 0.0745, "frac_water": 0.0583, "ndvi_mean": 0.2192, "ndvi_std": 0.0399, "ndbi_mean": 0.085, "building_density": 182.1, "building_height_mean": 10.7, "road_density": 1288.2, "park_area_frac": 0.0634, "tree_canopy_frac": 0.1641, "dist_to_water": 5304.8, "water_area_frac": 0.0583, "air_temp_max": 42.8, "wind_speed_mean": 2.9, "solar_radiation": 321.6, "veg_imperv_ratio": 0.3884, "green_deficit": 0.6912, "thermal_mass_proxy": 1948.5, "cooling_potential": 242.7, "sky_view_factor": 0.8307, "tier": "normal", "delta_above_mean": -0.31, "priority_score": 0.0}}, {"type": "Feature", "geometry": {"type": "Polygon", "coordinates": [[[76.71082961245128, 30.672412263896096], [76.71604697350696, 30.67234344383416], [76.71612672081, 30.676853252337338], [76.7109091175844, 30.676922084682005], [76.71082961245128, 30.672412263896096]]]}, "properties": {"grid_id": "cell_0073", "lst_mean": 41.92, "lst_max": 45.2, "frac_impervious": 0.5818, "frac_vegetation": 0.2777, "frac_bare_soil": 0.1139, "frac_water": 0.0266, "ndvi_mean": 0.2468, "ndvi_std": 0.0492, "ndbi_mean": 0.1451, "building_density": 216.0, "building_height_mean": 12.5, "road_density": 1466.7, "park_area_frac": 0.0774, "tree_canopy_frac": 0.1486, "dist_to_water": 5181.4, "water_area_frac": 0.0266, "air_temp_max": 43.2, "wind_speed_mean": 1.95, "solar_radiation": 306.5, "veg_imperv_ratio": 0.4692, "green_deficit": 0.6449, "thermal_mass_proxy": 2700.0, "cooling_potential": 221.4, "sky_view_factor": 0.8022, "tier": "normal", "delta_above_mean": -0.39, "priority_score": 0.0}}, {"type": "Feature", "geometry": {"type": "Polygon", "coordinates": [[[76.7109091175844, 30.676922084682005], [76.71612672081, 30.676853252337338], [76.71620648610666, 30.681363057519498], [76.71098864065655, 30.681431902148024], [76.7109091175844, 30.676922084682005]]]}, "properties": {"grid_id": "cell_0074", "lst_mean": 40.36, "lst_max": 44.41, "frac_impervious": 0.5274, "frac_vegetation": 0.2835, "frac_bare_soil": 0.1611, "frac_water": 0.028, "ndvi_mean": 0.2373, "ndvi_std": 0.0304, "ndbi_mean": 0.175, "building_density": 167.0, "building_height_mean": 10.7, "road_density": 996.8, "park_area_frac": 0.08, "tree_canopy_frac": 0.1506, "dist_to_water": 4626.5, "water_area_frac": 0.028, "air_temp_max": 41.8, "wind_speed_mean": 2.45, "solar_radiation": 308.0, "veg_imperv_ratio": 0.5275, "green_deficit": 0.6365, "thermal_mass_proxy": 1786.9, "cooling_potential": 220.7, "sky_view_factor": 0.8307, "tier": "normal", "delta_above_mean": -1.95, "priority_score": 0.0}}, {"type": "Feature", "geometry": {"type": "Polygon", "coordinates": [[[76.71098864065655, 30.681431902148024], [76.71620648610666, 30.681363057519498], [76.71628626940043, 30.685872859380346], [76.7110681816712, 30.685941716293833], [76.71098864065655, 30.681431902148024]]]}, "properties": {"grid_id": "cell_0075", "lst_mean": 40.84, "lst_max": 48.17, "frac_impervious": 0.5554, "frac_vegetation": 0.2889, "frac_bare_soil": 0.1287, "frac_water": 0.0269, "ndvi_mean": 0.2065, "ndvi_std": 0.0363, "ndbi_mean": 0.1306, "building_density": 191.7, "building_height_mean": 9.7, "road_density": 1411.4, "park_area_frac": 0.0713, "tree_canopy_frac": 0.1503, "dist_to_water": 3836.2, "water_area_frac": 0.0269, "air_temp_max": 42.2, "wind_speed_mean": 3.13, "solar_radiation": 324.1, "veg_imperv_ratio": 0.511, "green_deficit": 0.6398, "thermal_mass_proxy": 1859.5, "cooling_potential": 230.5, "sky_view_factor": 0.8465, "tier": "normal", "delta_above_mean": -1.47, "priority_score": 0.0}}, {"type": "Feature", "geometry": {"type": "Polygon", "coordinates": [[[76.7110681816712, 30.685941716293833], [76.71628626940043, 30.685872859380346], [76.71636607069478, 30.690382657919532], [76.71114774063179, 30.690451527119098], [76.7110681816712, 30.685941716293833]]]}, "properties": {"grid_id": "cell_0076", "lst_mean": 41.07, "lst_max": 46.23, "frac_impervious": 0.6171, "frac_vegetation": 0.2241, "frac_bare_soil": 0.1338, "frac_water": 0.025, "ndvi_mean": 0.2266, "ndvi_std": 0.0425, "ndbi_mean": 0.1963, "building_density": 199.9, "building_height_mean": 10.4, "road_density": 1392.5, "park_area_frac": 0.0954, "tree_canopy_frac": 0.1562, "dist_to_water": 3601.9, "water_area_frac": 0.025, "air_temp_max": 42.7, "wind_speed_mean": 2.72, "solar_radiation": 290.1, "veg_imperv_ratio": 0.3574, "green_deficit": 0.6805, "thermal_mass_proxy": 2079.0, "cooling_potential": 225.1, "sky_view_factor": 0.8354, "tier": "normal", "delta_above_mean": -1.24, "priority_score": 0.0}}, {"type": "Feature", "geometry": {"type": "Polygon", "coordinates": [[[76.71114774063179, 30.690451527119098], [76.71636607069478, 30.690382657919532], [76.71644588999322, 30.694892453136767], [76.71122731754184, 30.694961334623528], [76.71114774063179, 30.690451527119098]]]}, "properties": {"grid_id": "cell_0077", "lst_mean": 41.16, "lst_max": 43.35, "frac_impervious": 0.5356, "frac_vegetation": 0.2742, "frac_bare_soil": 0.1632, "frac_water": 0.027, "ndvi_mean": 0.1786, "ndvi_std": 0.0629, "ndbi_mean": 0.0954, "building_density": 199.1, "building_height_mean": 14.7, "road_density": 1239.5, "park_area_frac": 0.0586, "tree_canopy_frac": 0.1478, "dist_to_water": 3148.2, "water_area_frac": 0.027, "air_temp_max": 38.1, "wind_speed_mean": 2.14, "solar_radiation": 292.2, "veg_imperv_ratio": 0.5026, "green_deficit": 0.6672, "thermal_mass_proxy": 2926.8, "cooling_potential": 212.1, "sky_view_factor": 0.7674, "tier": "normal", "delta_above_mean": -1.15, "priority_score": 0.0}}, {"type": "Feature", "geometry": {"type": "Polygon", "coordinates": [[[76.71122731754184, 30.694961334623528], [76.71644588999322, 30.694892453136767], [76.7165257272992, 30.699402245031735], [76.7113069124048, 30.699471138806796], [76.71122731754184, 30.694961334623528]]]}, "properties": {"grid_id": "cell_0078", "lst_mean": 43.79, "lst_max": 46.41, "frac_impervious": 0.5813, "frac_vegetation": 0.2726, "frac_bare_soil": 0.1257, "frac_water": 0.0204, "ndvi_mean": 0.1748, "ndvi_std": 0.0404, "ndbi_mean": 0.1316, "building_density": 186.6, "building_height_mean": 12.8, "road_density": 1391.8, "park_area_frac": 0.0638, "tree_canopy_frac": 0.1836, "dist_to_water": 2745.0, "water_area_frac": 0.0204, "air_temp_max": 40.3, "wind_speed_mean": 2.06, "solar_radiation": 314.0, "veg_imperv_ratio": 0.461, "green_deficit": 0.6636, "thermal_mass_proxy": 2388.5, "cooling_potential": 228.4, "sky_view_factor": 0.7975, "tier": "moderate", "delta_above_mean": 1.48, "priority_score": 0.7}}, {"type": "Feature", "geometry": {"type": "Polygon", "coordinates": [[[76.7113069124048, 30.699471138806796], [76.7165257272992, 30.699402245031735], [76.71660558261622, 30.70391203360407], [76.71138652522414, 30.703980939668583], [76.7113069124048, 30.699471138806796]]]}, "properties": {"grid_id": "cell_0079", "lst_mean": 38.53, "lst_max": 40.98, "frac_impervious": 0.5518, "frac_vegetation": 0.259, "frac_bare_soil": 0.1662, "frac_water": 0.023, "ndvi_mean": 0.2517, "ndvi_std": 0.0466, "ndbi_mean": 0.1217, "building_density": 223.9, "building_height_mean": 11.7, "road_density": 1289.0, "park_area_frac": 0.0744, "tree_canopy_frac": 0.1584, "dist_to_water": 1683.0, "water_area_frac": 0.023, "air_temp_max": 43.2, "wind_speed_mean": 3.27, "solar_radiation": 284.2, "veg_imperv_ratio": 0.461, "green_deficit": 0.6666, "thermal_mass_proxy": 2619.6, "cooling_potential": 210.6, "sky_view_factor": 0.8149, "tier": "cool", "delta_above_mean": -3.78, "priority_score": 0.0}}, {"type": "Feature", "geometry": {"type": "Polygon", "coordinates": [[[76.71138652522414, 30.703980939668583], [76.71660558261622, 30.70391203360407], [76.71668545594778, 30.708421818853537], [76.71146615600335, 30.70849073720858], [76.71138652522414, 30.703980939668583]]]}, "properties": {"grid_id": "cell_0080", "lst_mean": 42.26, "lst_max": 44.55, "frac_impervious": 0.6003, "frac_vegetation": 0.2382, "frac_bare_soil": 0.1196, "frac_water": 0.0419, "ndvi_mean": 0.2343, "ndvi_std": 0.038, "ndbi_mean": 0.0736, "building_density": 178.6, "building_height_mean": 16.8, "road_density": 1317.5, "park_area_frac": 0.0884, "tree_canopy_frac": 0.165, "dist_to_water": 1665.7, "water_area_frac": 0.0419, "air_temp_max": 44.9, "wind_speed_mean": 3.19, "solar_radiation": 301.4, "veg_imperv_ratio": 0.3903, "green_deficit": 0.6734, "thermal_mass_proxy": 3000.5, "cooling_potential": 229.6, "sky_view_factor": 0.7342, "tier": "normal", "delta_above_mean": -0.05, "priority_score": 0.0}}, {"type": "Feature", "geometry": {"type": "Polygon", "coordinates": [[[76.71146615600335, 30.70849073720858], [76.71668545594778, 30.708421818853537], [76.71676534729735, 30.712931600779754], [76.71154580474591, 30.713000531426463], [76.71146615600335, 30.70849073720858]]]}, "properties": {"grid_id": "cell_0081", "lst_mean": 45.6, "lst_max": 48.78, "frac_impervious": 0.6498, "frac_vegetation": 0.2079, "frac_bare_soil": 0.1208, "frac_water": 0.0215, "ndvi_mean": 0.2022, "ndvi_std": 0.0561, "ndbi_mean": 0.1249, "building_density": 191.8, "building_height_mean": 12.5, "road_density": 1634.3, "park_area_frac": 0.0585, "tree_canopy_frac": 0.1026, "dist_to_water": 1316.0, "water_area_frac": 0.0215, "air_temp_max": 45.3, "wind_speed_mean": 1.91, "solar_radiation": 326.4, "veg_imperv_ratio": 0.3151, "green_deficit": 0.7336, "thermal_mass_proxy": 2397.5, "cooling_potential": 258.5, "sky_view_factor": 0.8022, "tier": "high", "delta_above_mean": 3.29, "priority_score": 2.2}}, {"type": "Feature", "geometry": {"type": "Polygon", "coordinates": [[[76.71154580474591, 30.713000531426463], [76.71676534729735, 30.712931600779754], [76.71684525666844, 30.71744137938242], [76.71162547145528, 30.717510322321914], [76.71154580474591, 30.713000531426463]]]}, "properties": {"grid_id": "cell_0082", "lst_mean": 45.35, "lst_max": 48.56, "frac_impervious": 0.6604, "frac_vegetation": 0.1653, "frac_bare_soil": 0.1513, "frac_water": 0.023, "ndvi_mean": 0.1408, "ndvi_std": 0.0158, "ndbi_mean": 0.1312, "building_density": 262.9, "building_height_mean": 15.8, "road_density": 1770.7, "park_area_frac": 0.0836, "tree_canopy_frac": 0.0867, "dist_to_water": 909.5, "water_area_frac": 0.023, "air_temp_max": 42.2, "wind_speed_mean": 2.63, "solar_radiation": 311.8, "veg_imperv_ratio": 0.2466, "green_deficit": 0.7511, "thermal_mass_proxy": 4153.8, "cooling_potential": 260.3, "sky_view_factor": 0.75, "tier": "high", "delta_above_mean": 3.04, "priority_score": 2.5}}, {"type": "Feature", "geometry": {"type": "Polygon", "coordinates": [[[76.71162547145528, 30.717510322321914], [76.71684525666844, 30.71744137938242], [76.71692518406452, 30.721951154661223], [76.71170515613495, 30.722020109894622], [76.71162547145528, 30.717510322321914]]]}, "properties": {"grid_id": "cell_0083", "lst_mean": 38.84, "lst_max": 41.22, "frac_impervious": 0.6252, "frac_vegetation": 0.2072, "frac_bare_soil": 0.1407, "frac_water": 0.0268, "ndvi_mean": 0.1824, "ndvi_std": 0.0375, "ndbi_mean": 0.1748, "building_density": 222.4, "building_height_mean": 12.3, "road_density": 1329.7, "park_area_frac": 0.0651, "tree_canopy_frac": 0.1334, "dist_to_water": 50.0, "water_area_frac": 0.1453, "air_temp_max": 43.4, "wind_speed_mean": 2.94, "solar_radiation": 291.1, "veg_imperv_ratio": 0.3262, "green_deficit": 0.7277, "thermal_mass_proxy": 2735.5, "cooling_potential": 230.8, "sky_view_factor": 0.8054, "tier": "cool", "delta_above_mean": -3.47, "priority_score": 0.0}}, {"type": "Feature", "geometry": {"type": "Polygon", "coordinates": [[[76.71170515613495, 30.722020109894622], [76.71692518406452, 30.721951154661223], [76.71700512948908, 30.72646092661586], [76.7117848587884, 30.726529894144267], [76.71170515613495, 30.722020109894622]]]}, "properties": {"grid_id": "cell_0084", "lst_mean": 40.37, "lst_max": 44.23, "frac_impervious": 0.6135, "frac_vegetation": 0.2291, "frac_bare_soil": 0.1224, "frac_water": 0.0351, "ndvi_mean": 0.2067, "ndvi_std": 0.0221, "ndbi_mean": 0.1716, "building_density": 184.3, "building_height_mean": 8.6, "road_density": 1567.8, "park_area_frac": 0.0595, "tree_canopy_frac": 0.1288, "dist_to_water": 442.9, "water_area_frac": 0.0779, "air_temp_max": 39.8, "wind_speed_mean": 2.48, "solar_radiation": 313.7, "veg_imperv_ratio": 0.3674, "green_deficit": 0.7114, "thermal_mass_proxy": 1585.0, "cooling_potential": 241.8, "sky_view_factor": 0.8639, "tier": "normal", "delta_above_mean": -1.94, "priority_score": 0.0}}, {"type": "Feature", "geometry": {"type": "Polygon", "coordinates": [[[76.7117848587884, 30.726529894144267], [76.71700512948908, 30.72646092661586], [76.71708509294564, 30.730970695245986], [76.71186457941913, 30.731039675070544], [76.7117848587884, 30.726529894144267]]]}, "properties": {"grid_id": "cell_0085", "lst_mean": 42.94, "lst_max": 46.92, "frac_impervious": 0.5932, "frac_vegetation": 0.2548, "frac_bare_soil": 0.1329, "frac_water": 0.0191, "ndvi_mean": 0.1795, "ndvi_std": 0.0153, "ndbi_mean": 0.147, "building_density": 222.1, "building_height_mean": 12.4, "road_density": 1451.7, "park_area_frac": 0.0831, "tree_canopy_frac": 0.103, "dist_to_water": 964.3, "water_area_frac": 0.0191, "air_temp_max": 42.6, "wind_speed_mean": 3.35, "solar_radiation": 303.7, "veg_imperv_ratio": 0.4224, "green_deficit": 0.6621, "thermal_mass_proxy": 2754.0, "cooling_potential": 226.3, "sky_view_factor": 0.8038, "tier": "moderate", "delta_above_mean": 0.63, "priority_score": 0.3}}, {"type": "Feature", "geometry": {"type": "Polygon", "coordinates": [[[76.71186457941913, 30.731039675070544], [76.71708509294564, 30.730970695245986], [76.71716507443766, 30.7354804605513], [76.7119443180306, 30.735549452673123], [76.71186457941913, 30.731039675070544]]]}, "properties": {"grid_id": "cell_0086", "lst_mean": 43.08, "lst_max": 45.11, "frac_impervious": 0.6159, "frac_vegetation": 0.2154, "frac_bare_soil": 0.1419, "frac_water": 0.0269, "ndvi_mean": 0.1855, "ndvi_std": 0.0402, "ndbi_mean": 0.1711, "building_density": 260.5, "building_height_mean": 17.1, "road_density": 1649.5, "park_area_frac": 0.0538, "tree_canopy_frac": 0.1018, "dist_to_water": 1611.2, "water_area_frac": 0.0269, "air_temp_max": 44.8, "wind_speed_mean": 2.42, "solar_radiation": 300.8, "veg_imperv_ratio": 0.3441, "green_deficit": 0.7308, "thermal_mass_proxy": 4454.6, "cooling_potential": 236.0, "sky_view_factor": 0.7294, "tier": "moderate", "delta_above_mean": 0.77, "priority_score": 0.5}}, {"type": "Feature", "geometry": {"type": "Polygon", "coordinates": [[[76.7119443180306, 30.735549452673123], [76.71716507443766, 30.7354804605513], [76.71724507396867, 30.739990222531492], [76.71202407462631, 30.740059226951697], [76.7119443180306, 30.735549452673123]]]}, "properties": {"grid_id": "cell_0087", "lst_mean": 43.55, "lst_max": 46.31, "frac_impervious": 0.6353, "frac_vegetation": 0.262, "frac_bare_soil": 0.0791, "frac_water": 0.0236, "ndvi_mean": 0.2506, "ndvi_std": 0.0424, "ndbi_mean": 0.1492, "building_density": 221.2, "building_height_mean": 15.4, "road_density": 1495.7, "park_area_frac": 0.0676, "tree_canopy_frac": 0.1349, "dist_to_water": 1945.2, "water_area_frac": 0.0236, "air_temp_max": 43.3, "wind_speed_mean": 1.8, "solar_radiation": 362.9, "veg_imperv_ratio": 0.406, "green_deficit": 0.6704, "thermal_mass_proxy": 3406.5, "cooling_potential": 267.8, "sky_view_factor": 0.7563, "tier": "moderate", "delta_above_mean": 1.24, "priority_score": 0.6}}, {"type": "Feature", "geometry": {"type": "Polygon", "coordinates": [[[76.71202407462631, 30.740059226951697], [76.71724507396867, 30.739990222531492], [76.71732509154214, 30.744499981186227], [76.71210384920974, 30.744568997905933], [76.71202407462631, 30.740059226951697]]]}, "properties": {"grid_id": "cell_0088", "lst_mean": 42.33, "lst_max": 47.64, "frac_impervious": 0.5858, "frac_vegetation": 0.244, "frac_bare_soil": 0.1521, "frac_water": 0.018, "ndvi_mean": 0.2648, "ndvi_std": 0.0367, "ndbi_mean": 0.1704, "building_density": 259.9, "building_height_mean": 14.0, "road_density": 1544.8, "park_area_frac": 0.0563, "tree_canopy_frac": 0.1256, "dist_to_water": 2337.1, "water_area_frac": 0.018, "air_temp_max": 42.6, "wind_speed_mean": 2.65, "solar_radiation": 318.9, "veg_imperv_ratio": 0.4095, "green_deficit": 0.6997, "thermal_mass_proxy": 3638.6, "cooling_potential": 241.1, "sky_view_factor": 0.7785, "tier": "moderate", "delta_above_mean": 0.02, "priority_score": 0.0}}, {"type": "Feature", "geometry": {"type": "Polygon", "coordinates": [[[76.71210384920974, 30.744568997905933], [76.71732509154214, 30.744499981186227], [76.71740512716157, 30.749009736515216], [76.71218364178436, 30.74907876553554], [76.71210384920974, 30.744568997905933]]]}, "properties": {"grid_id": "cell_0089", "lst_mean": 40.95, "lst_max": 44.05, "frac_impervious": 0.626, "frac_vegetation": 0.2276, "frac_bare_soil": 0.1254, "frac_water": 0.021, "ndvi_mean": 0.2012, "ndvi_std": 0.0371, "ndbi_mean": 0.1507, "building_density": 187.5, "building_height_mean": 13.6, "road_density": 1587.2, "park_area_frac": 0.0619, "tree_canopy_frac": 0.1502, "dist_to_water": 3025.6, "water_area_frac": 0.021, "air_temp_max": 43.3, "wind_speed_mean": 3.34, "solar_radiation": 306.6, "veg_imperv_ratio": 0.3579, "green_deficit": 0.7105, "thermal_mass_proxy": 2550.0, "cooling_potential": 236.8, "sky_view_factor": 0.7848, "tier": "normal", "delta_above_mean": -1.36, "priority_score": 0.0}}, {"type": "Feature", "geometry": {"type": "Polygon", "coordinates": [[[76.71218364178436, 30.74907876553554], [76.71740512716157, 30.749009736515216], [76.71748518083047, 30.753519488518116], [76.7122634523537, 30.753588529840172], [76.71218364178436, 30.74907876553554]]]}, "properties": {"grid_id": "cell_0090", "lst_mean": 41.13, "lst_max": 43.77, "frac_impervious": 0.5545, "frac_vegetation": 0.2562, "frac_bare_soil": 0.1507, "frac_water": 0.0386, "ndvi_mean": 0.2508, "ndvi_std": 0.0715, "ndbi_mean": 0.1235, "building_density": 227.6, "building_height_mean": 12.1, "road_density": 1410.3, "park_area_frac": 0.0725, "tree_canopy_frac": 0.1605, "dist_to_water": 3416.7, "water_area_frac": 0.0386, "air_temp_max": 45.2, "wind_speed_mean": 2.54, "solar_radiation": 323.2, "veg_imperv_ratio": 0.4539, "green_deficit": 0.6713, "thermal_mass_proxy": 2754.0, "cooling_potential": 240.4, "sky_view_factor": 0.8085, "tier": "normal", "delta_above_mean": -1.18, "priority_score": 0.0}}, {"type": "Feature", "geometry": {"type": "Polygon", "coordinates": [[[76.7122634523537, 30.753588529840172], [76.71748518083047, 30.753519488518116], [76.71756525255233, 30.75802923719463], [76.7123432809212, 30.75809829081955], [76.7122634523537, 30.753588529840172]]]}, "properties": {"grid_id": "cell_0091", "lst_mean": 42.37, "lst_max": 44.81, "frac_impervious": 0.6014, "frac_vegetation": 0.215, "frac_bare_soil": 0.1629, "frac_water": 0.0206, "ndvi_mean": 0.1501, "ndvi_std": 0.0346, "ndbi_mean": 0.1326, "building_density": 247.8, "building_height_mean": 17.1, "road_density": 1446.4, "park_area_frac": 0.069, "tree_canopy_frac": 0.1323, "dist_to_water": 4098.7, "water_area_frac": 0.0206, "air_temp_max": 43.0, "wind_speed_mean": 2.11, "solar_radiation": 307.0, "veg_imperv_ratio": 0.3517, "green_deficit": 0.716, "thermal_mass_proxy": 4237.4, "cooling_potential": 241.0, "sky_view_factor": 0.7294, "tier": "moderate", "delta_above_mean": 0.06, "priority_score": 0.0}}, {"type": "Feature", "geometry": {"type": "Polygon", "coordinates": [[[76.7123432809212, 30.75809829081955], [76.71756525255233, 30.75802923719463], [76.71764534233066, 30.762538982544424], [76.71242312749037, 30.76260804847333], [76.7123432809212, 30.75809829081955]]]}, "properties": {"grid_id": "cell_0092", "lst_mean": 42.58, "lst_max": 45.0, "frac_impervious": 0.6352, "frac_vegetation": 0.2505, "frac_bare_soil": 0.0949, "frac_water": 0.0194, "ndvi_mean": 0.245, "ndvi_std": 0.0451, "ndbi_mean": 0.1746, "building_density": 214.5, "building_height_mean": 10.7, "road_density": 1231.5, "park_area_frac": 0.0668, "tree_canopy_frac": 0.1905, "dist_to_water": 4326.4, "water_area_frac": 0.0194, "air_temp_max": 43.1, "wind_speed_mean": 3.14, "solar_radiation": 302.2, "veg_imperv_ratio": 0.3883, "green_deficit": 0.6827, "thermal_mass_proxy": 2295.1, "cooling_potential": 226.5, "sky_view_factor": 0.8307, "tier": "moderate", "delta_above_mean": 0.27, "priority_score": 0.1}}, {"type": "Feature", "geometry": {"type": "Polygon", "coordinates": [[[76.71242312749037, 30.76260804847333], [76.71764534233066, 30.762538982544424], [76.71772545016896, 30.767048724567196], [76.71250299206471, 30.7671178028012], [76.71242312749037, 30.76260804847333]]]}, "properties": {"grid_id": "cell_0093", "lst_mean": 41.61, "lst_max": 43.77, "frac_impervious": 0.6327, "frac_vegetation": 0.2245, "frac_bare_soil": 0.1174, "frac_water": 0.0254, "ndvi_mean": 0.1881, "ndvi_std": 0.0315, "ndbi_mean": 0.1404, "building_density": 195.1, "building_height_mean": 12.5, "road_density": 1413.5, "park_area_frac": 0.0673, "tree_canopy_frac": 0.1582, "dist_to_water": 4785.8, "water_area_frac": 0.0254, "air_temp_max": 45.3, "wind_speed_mean": 2.93, "solar_radiation": 315.5, "veg_imperv_ratio": 0.3493, "green_deficit": 0.7082, "thermal_mass_proxy": 2438.8, "cooling_potential": 244.7, "sky_view_factor": 0.8022, "tier": "normal", "delta_above_mean": -0.7, "priority_score": 0.0}}, {"type": "Feature", "geometry": {"type": "Polygon", "coordinates": [[[76.71250299206471, 30.7671178028012], [76.71772545016896, 30.767048724567196], [76.71780557607072, 30.771558463262622], [76.71258287464772, 30.771627553802848], [76.71250299206471, 30.7671178028012]]]}, "properties": {"grid_id": "cell_0094", "lst_mean": 38.45, "lst_max": 43.0, "frac_impervious": 0.6356, "frac_vegetation": 0.4293, "frac_bare_soil": 0.1473, "frac_water": 0.0427, "ndvi_mean": 0.4548, "ndvi_std": 0.0369, "ndbi_mean": 0.1835, "building_density": 189.1, "building_height_mean": 11.8, "road_density": 1423.5, "park_area_frac": 0.591, "tree_canopy_frac": 0.2736, "dist_to_water": 5755.4, "water_area_frac": 0.0427, "air_temp_max": 42.6, "wind_speed_mean": 2.83, "solar_radiation": 310.5, "veg_imperv_ratio": 0.665, "green_deficit": 0.0, "thermal_mass_proxy": 2231.4, "cooling_potential": 177.2, "sky_view_factor": 0.8133, "tier": "cool", "delta_above_mean": -3.86, "priority_score": 0.0}}, {"type": "Feature", "geometry": {"type": "Polygon", "coordinates": [[[76.71258287464772, 30.771627553802848], [76.71780557607072, 30.771558463262622], [76.71788572003946, 30.776068198630398], [76.71266277524288, 30.776137301477963], [76.71258287464772, 30.771627553802848]]]}, "properties": {"grid_id": "cell_0095", "lst_mean": 40.64, "lst_max": 42.78, "frac_impervious": 0.5649, "frac_vegetation": 0.2809, "frac_bare_soil": 0.1301, "frac_water": 0.024, "ndvi_mean": 0.233, "ndvi_std": 0.0401, "ndbi_mean": 0.092, "building_density": 184.2, "building_height_mean": 12.6, "road_density": 1300.8, "park_area_frac": 0.0715, "tree_canopy_frac": 0.1387, "dist_to_water": 6448.9, "water_area_frac": 0.024, "air_temp_max": 40.1, "wind_speed_mean": 3.2, "solar_radiation": 322.6, "veg_imperv_ratio": 0.4886, "green_deficit": 0.6476, "thermal_mass_proxy": 2320.9, "cooling_potential": 232.0, "sky_view_factor": 0.8006, "tier": "normal", "delta_above_mean": -1.67, "priority_score": 0.0}}, {"type": "Feature", "geometry": {"type": "Polygon", "coordinates": [[[76.71266277524288, 30.776137301477963], [76.71788572003946, 30.776068198630398], [76.71796588207869, 30.780577930670184], [76.7127426938537, 30.780647045826235], [76.71266277524288, 30.776137301477963]]]}, "properties": {"grid_id": "cell_0096", "lst_mean": 41.32, "lst_max": 43.84, "frac_impervious": 0.5242, "frac_vegetation": 0.2788, "frac_bare_soil": 0.174, "frac_water": 0.023, "ndvi_mean": 0.279, "ndvi_std": 0.0382, "ndbi_mean": 0.0767, "building_density": 214.4, "building_height_mean": 13.8, "road_density": 1375.3, "park_area_frac": 0.1175, "tree_canopy_frac": 0.1685, "dist_to_water": 6860.8, "water_area_frac": 0.023, "air_temp_max": 45.0, "wind_speed_mean": 2.47, "solar_radiation": 330.2, "veg_imperv_ratio": 0.5219, "green_deficit": 0.6037, "thermal_mass_proxy": 2958.7, "cooling_potential": 238.1, "sky_view_factor": 0.7816, "tier": "normal", "delta_above_mean": -0.99, "priority_score": 0.0}}, {"type": "Feature", "geometry": {"type": "Polygon", "coordinates": [[[76.7127426938537, 30.780647045826235], [76.71796588207869, 30.780577930670184], [76.71804606219189, 30.78508765938168], [76.71282263048363, 30.785156786847327], [76.7127426938537, 30.780647045826235]]]}, "properties": {"grid_id": "cell_0097", "lst_mean": 43.25, "lst_max": 45.32, "frac_impervious": 0.6172, "frac_vegetation": 0.2611, "frac_bare_soil": 0.1036, "frac_water": 0.0182, "ndvi_mean": 0.2043, "ndvi_std": 0.0591, "ndbi_mean": 0.1675, "building_density": 205.8, "building_height_mean": 8.8, "road_density": 1242.6, "park_area_frac": 0.0948, "tree_canopy_frac": 0.1626, "dist_to_water": 6984.0, "water_area_frac": 0.0182, "air_temp_max": 44.4, "wind_speed_mean": 2.54, "solar_radiation": 327.4, "veg_imperv_ratio": 0.4163, "green_deficit": 0.6441, "thermal_mass_proxy": 1811.0, "cooling_potential": 241.9, "sky_view_factor": 0.8608, "tier": "moderate", "delta_above_mean": 0.94, "priority_score": 0.5}}, {"type": "Feature", "geometry": {"type": "Polygon", "coordinates": [[[76.71282263048363, 30.785156786847327], [76.71804606219189, 30.78508765938168], [76.71812626038259, 30.78959738476459], [76.71290258513622, 30.78966652454094], [76.71282263048363, 30.785156786847327]]]}, "properties": {"grid_id": "cell_0098", "lst_mean": 40.95, "lst_max": 45.24, "frac_impervious": 0.5661, "frac_vegetation": 0.2876, "frac_bare_soil": 0.1216, "frac_water": 0.0247, "ndvi_mean": 0.2626, "ndvi_std": 0.0548, "ndbi_mean": 0.1238, "building_density": 206.8, "building_height_mean": 8.3, "road_density": 1238.5, "park_area_frac": 0.061, "tree_canopy_frac": 0.1642, "dist_to_water": 7711.4, "water_area_frac": 0.0247, "air_temp_max": 39.4, "wind_speed_mean": 3.26, "solar_radiation": 321.3, "veg_imperv_ratio": 0.4992, "green_deficit": 0.6514, "thermal_mass_proxy": 1716.4, "cooling_potential": 228.9, "sky_view_factor": 0.8687, "tier": "normal", "delta_above_mean": -1.36, "priority_score": 0.0}}, {"type": "Feature", "geometry": {"type": "Polygon", "coordinates": [[[76.71290258513622, 30.78966652454094], [76.71812626038259, 30.78959738476459], [76.7182064766543, 30.794107106818558], [76.71298255781495, 30.794176258906756], [76.71290258513622, 30.78966652454094]]]}, "properties": {"grid_id": "cell_0099", "lst_mean": 40.04, "lst_max": 42.1, "frac_impervious": 0.538, "frac_vegetation": 0.2949, "frac_bare_soil": 0.1408, "frac_water": 0.0263, "ndvi_mean": 0.2391, "ndvi_std": 0.045, "ndbi_mean": 0.1016, "building_density": 158.1, "building_height_mean": 11.1, "road_density": 1371.5, "park_area_frac": 0.0595, "tree_canopy_frac": 0.2111, "dist_to_water": 7865.2, "water_area_frac": 0.0263, "air_temp_max": 42.4, "wind_speed_mean": 2.46, "solar_radiation": 322.6, "veg_imperv_ratio": 0.5381, "green_deficit": 0.6456, "thermal_mass_proxy": 1754.9, "cooling_potential": 227.5, "sky_view_factor": 0.8244, "tier": "cool", "delta_above_mean": -2.27, "priority_score": 0.0}}, {"type": "Feature", "geometry": {"type": "Polygon", "coordinates": [[[76.71298255781495, 30.794176258906756], [76.7182064766543, 30.794107106818558], [76.71828671101053, 30.798616825543295], [76.71306254852331, 30.79868598994445], [76.71298255781495, 30.794176258906756]]]}, "properties": {"grid_id": "cell_0100", "lst_mean": 35.91, "lst_max": 38.46, "frac_impervious": 0.5664, "frac_vegetation": 0.4443, "frac_bare_soil": 0.1157, "frac_water": 0.0278, "ndvi_mean": 0.5458, "ndvi_std": 0.0202, "ndbi_mean": 0.1532, "building_density": 152.2, "building_height_mean": 8.1, "road_density": 1063.1, "park_area_frac": 0.4448, "tree_canopy_frac": 0.2676, "dist_to_water": 8606.1, "water_area_frac": 0.0278, "air_temp_max": 42.2, "wind_speed_mean": 3.9, "solar_radiation": 320.0, "veg_imperv_ratio": 0.7708, "green_deficit": 0.1109, "thermal_mass_proxy": 1232.8, "cooling_potential": 177.8, "sky_view_factor": 0.8718, "tier": "cool", "delta_above_mean": -6.4, "priority_score": 0.0}}, {"type": "Feature", "geometry": {"type": "Polygon", "coordinates": [[[76.71306254852331, 30.79868598994445], [76.71828671101053, 30.798616825543295], [76.71836696345478, 30.80312654093848], [76.71314255726482, 30.80319571765373], [76.71306254852331, 30.79868598994445]]]}, "properties": {"grid_id": "cell_0101", "lst_mean": 42.26, "lst_max": 45.53, "frac_impervious": 0.5518, "frac_vegetation": 0.287, "frac_bare_soil": 0.1374, "frac_water": 0.0238, "ndvi_mean": 0.238, "ndvi_std": 0.0394, "ndbi_mean": 0.1025, "building_density": 148.8, "building_height_mean": 8.1, "road_density": 1198.6, "park_area_frac": 0.0753, "tree_canopy_frac": 0.1477, "dist_to_water": 8889.7, "water_area_frac": 0.0238, "air_temp_max": 44.5, "wind_speed_mean": 3.63, "solar_radiation": 319.2, "veg_imperv_ratio": 0.5109, "green_deficit": 0.6377, "thermal_mass_proxy": 1205.3, "cooling_potential": 227.6, "sky_view_factor": 0.8718, "tier": "normal", "delta_above_mean": -0.05, "priority_score": 0.0}}, {"type": "Feature", "geometry": {"type": "Polygon", "coordinates": [[[76.71564850677436, 30.649794351514238], [76.72086463982635, 30.649725383682885], [76.72094453910704, 30.654235196471856], [76.71572816416146, 30.654304176617707], [76.71564850677436, 30.649794351514238]]]}, "properties": {"grid_id": "cell_0102", "lst_mean": 41.19, "lst_max": 43.98, "frac_impervious": 0.5411, "frac_vegetation": 0.2685, "frac_bare_soil": 0.166, "frac_water": 0.0244, "ndvi_mean": 0.2089, "ndvi_std": 0.0685, "ndbi_mean": 0.1104, "building_density": 156.1, "building_height_mean": 10.8, "road_density": 1051.4, "park_area_frac": 0.0763, "tree_canopy_frac": 0.1412, "dist_to_water": 7819.4, "water_area_frac": 0.0244, "air_temp_max": 42.4, "wind_speed_mean": 2.47, "solar_radiation": 285.5, "veg_imperv_ratio": 0.4872, "green_deficit": 0.6552, "thermal_mass_proxy": 1685.9, "cooling_potential": 208.8, "sky_view_factor": 0.8291, "tier": "normal", "delta_above_mean": -1.12, "priority_score": 0.0}}, {"type": "Feature", "geometry": {"type": "Polygon", "coordinates": [[[76.71572816416146, 30.654304176617707], [76.72094453910704, 30.654235196471856], [76.7210244564185, 30.658745005940286], [76.7158078395248, 30.658813998401747], [76.71572816416146, 30.654304176617707]]]}, "properties": {"grid_id": "cell_0103", "lst_mean": 39.92, "lst_max": 42.42, "frac_impervious": 0.5441, "frac_vegetation": 0.286, "frac_bare_soil": 0.148, "frac_water": 0.0219, "ndvi_mean": 0.2426, "ndvi_std": 0.0406, "ndbi_mean": 0.1596, "building_density": 181.4, "building_height_mean": 8.9, "road_density": 1174.6, "park_area_frac": 0.0915, "tree_canopy_frac": 0.2173, "dist_to_water": 7290.8, "water_area_frac": 0.0219, "air_temp_max": 42.6, "wind_speed_mean": 3.8, "solar_radiation": 316.0, "veg_imperv_ratio": 0.5162, "green_deficit": 0.6225, "thermal_mass_proxy": 1614.5, "cooling_potential": 225.6, "sky_view_factor": 0.8592, "tier": "cool", "delta_above_mean": -2.39, "priority_score": 0.0}}, {"type": "Feature", "geometry": {"type": "Polygon", "coordinates": [[[76.7158078395248, 30.658813998401747], [76.7210244564185, 30.658745005940286], [76.72110439176426, 30.663254812087864], [76.71588753286784, 30.66332381686605], [76.7158078395248, 30.658813998401747]]]}, "properties": {"grid_id": "cell_0104", "lst_mean": 40.23, "lst_max": 42.71, "frac_impervious": 0.5415, "frac_vegetation": 0.2925, "frac_bare_soil": 0.1421, "frac_water": 0.024, "ndvi_mean": 0.2444, "ndvi_std": 0.0544, "ndbi_mean": 0.1628, "building_density": 177.1, "building_height_mean": 9.8, "road_density": 1187.4, "park_area_frac": 0.0669, "tree_canopy_frac": 0.1671, "dist_to_water": 6979.2, "water_area_frac": 0.024, "air_temp_max": 42.9, "wind_speed_mean": 3.04, "solar_radiation": 329.0, "veg_imperv_ratio": 0.5304, "green_deficit": 0.6406, "thermal_mass_proxy": 1735.6, "cooling_potential": 232.8, "sky_view_factor": 0.8449, "tier": "normal", "delta_above_mean": -2.08, "priority_score": 0.0}}, {"type": "Feature", "geometry": {"type": "Polygon", "coordinates": [[[76.71588753286784, 30.66332381686605], [76.72110439176426, 30.663254812087864], [76.72118434514775, 30.667764614914272], [76.71596724419406, 30.667833632010293], [76.71588753286784, 30.66332381686605]]]}, "properties": {"grid_id": "cell_0105", "lst_mean": 35.62, "lst_max": 40.01, "frac_impervious": 0.5568, "frac_vegetation": 0.4174, "frac_bare_soil": 0.1236, "frac_water": 0.0203, "ndvi_mean": 0.5721, "ndvi_std": 0.0584, "ndbi_mean": 0.1699, "building_density": 239.8, "building_height_mean": 12.4, "road_density": 1422.6, "park_area_frac": 0.4493, "tree_canopy_frac": 0.2089, "dist_to_water": 6016.2, "water_area_frac": 0.0203, "air_temp_max": 42.1, "wind_speed_mean": 3.57, "solar_radiation": 291.3, "veg_imperv_ratio": 0.7364, "green_deficit": 0.1333, "thermal_mass_proxy": 2973.5, "cooling_potential": 169.7, "sky_view_factor": 0.8038, "tier": "cool", "delta_above_mean": -6.69, "priority_score": 0.0}}, {"type": "Feature", "geometry": {"type": "Polygon", "coordinates": [[[76.71596724419406, 30.667833632010293], [76.72118434514775, 30.667764614914272], [76.72126431657249, 30.67227441441918], [76.71604697350696, 30.67234344383416], [76.71596724419406, 30.667833632010293]]]}, "properties": {"grid_id": "cell_0106", "lst_mean": 43.34, "lst_max": 50.81, "frac_impervious": 0.6504, "frac_vegetation": 0.227, "frac_bare_soil": 0.0886, "frac_water": 0.0341, "ndvi_mean": 0.216, "ndvi_std": 0.0403, "ndbi_mean": 0.1517, "building_density": 218.0, "building_height_mean": 12.7, "road_density": 1571.7, "park_area_frac": 0.1234, "tree_canopy_frac": 0.1242, "dist_to_water": 5875.8, "water_area_frac": 0.0341, "air_temp_max": 45.2, "wind_speed_mean": 2.77, "solar_radiation": 305.0, "veg_imperv_ratio": 0.3437, "green_deficit": 0.6496, "thermal_mass_proxy": 2768.6, "cooling_potential": 235.8, "sky_view_factor": 0.7991, "tier": "moderate", "delta_above_mean": 1.03, "priority_score": 0.6}}, {"type": "Feature", "geometry": {"type": "Polygon", "coordinates": [[[76.71604697350696, 30.67234344383416], [76.72126431657249, 30.67227441441918], [76.72134430604196, 30.67678421060227], [76.71612672081, 30.676853252337338], [76.71604697350696, 30.67234344383416]]]}, "properties": {"grid_id": "cell_0107", "lst_mean": 35.71, "lst_max": 38.35, "frac_impervious": 0.5701, "frac_vegetation": 0.6291, "frac_bare_soil": 0.1468, "frac_water": 0.052, "ndvi_mean": 0.6349, "ndvi_std": 0.0301, "ndbi_mean": 0.1649, "building_density": 193.9, "building_height_mean": 14.4, "road_density": 1301.6, "park_area_frac": 0.4288, "tree_canopy_frac": 0.3409, "dist_to_water": 5159.2, "water_area_frac": 0.052, "air_temp_max": 41.7, "wind_speed_mean": 2.76, "solar_radiation": 293.9, "veg_imperv_ratio": 1.0845, "green_deficit": 0.0, "thermal_mass_proxy": 2792.2, "cooling_potential": 109.0, "sky_view_factor": 0.7722, "tier": "cool", "delta_above_mean": -6.6, "priority_score": 0.0}}, {"type": "Feature", "geometry": {"type": "Polygon", "coordinates": [[[76.71612672081, 30.676853252337338], [76.72134430604196, 30.67678421060227], [76.72142431355967, 30.681294003463243], [76.71620648610666, 30.681363057519498], [76.71612672081, 30.676853252337338]]]}, "properties": {"grid_id": "cell_0108", "lst_mean": 41.55, "lst_max": 43.61, "frac_impervious": 0.5587, "frac_vegetation": 0.2222, "frac_bare_soil": 0.1705, "frac_water": 0.0486, "ndvi_mean": 0.2388, "ndvi_std": 0.0134, "ndbi_mean": 0.095, "building_density": 200.2, "building_height_mean": 10.2, "road_density": 1374.5, "park_area_frac": 0.0596, "tree_canopy_frac": 0.1517, "dist_to_water": 4571.0, "water_area_frac": 0.0486, "air_temp_max": 42.2, "wind_speed_mean": 2.67, "solar_radiation": 314.0, "veg_imperv_ratio": 0.3907, "green_deficit": 0.7182, "thermal_mass_proxy": 2042.0, "cooling_potential": 244.2, "sky_view_factor": 0.8386, "tier": "normal", "delta_above_mean": -0.76, "priority_score": 0.0}}, {"type": "Feature", "geometry": {"type": "Polygon", "coordinates": [[[76.71620648610666, 30.681363057519498], [76.72142431355967, 30.681294003463243], [76.72150433912908, 30.685803793001778], [76.71628626940043, 30.685872859380346], [76.71620648610666, 30.681363057519498]]]}, "properties": {"grid_id": "cell_0109", "lst_mean": 42.34, "lst_max": 44.4, "frac_impervious": 0.5633, "frac_vegetation": 0.2638, "frac_bare_soil": 0.1348, "frac_water": 0.0381, "ndvi_mean": 0.2004, "ndvi_std": 0.0479, "ndbi_mean": 0.0981, "building_density": 184.4, "building_height_mean": 13.0, "road_density": 1326.0, "park_area_frac": 0.0592, "tree_canopy_frac": 0.1192, "dist_to_water": 4121.3, "water_area_frac": 0.0381, "air_temp_max": 42.9, "wind_speed_mean": 1.59, "solar_radiation": 301.1, "veg_imperv_ratio": 0.4601, "green_deficit": 0.677, "thermal_mass_proxy": 2397.2, "cooling_potential": 221.7, "sky_view_factor": 0.7943, "tier": "moderate", "delta_above_mean": 0.03, "priority_score": 0.0}}, {"type": "Feature", "geometry": {"type": "Polygon", "coordinates": [[[76.71628626940043, 30.685872859380346], [76.72150433912908, 30.685803793001778], [76.7215843827537, 30.690313579217527], [76.71636607069478, 30.690382657919532], [76.71628626940043, 30.685872859380346]]]}, "properties": {"grid_id": "cell_0110", "lst_mean": 41.93, "lst_max": 46.07, "frac_impervious": 0.581, "frac_vegetation": 0.2271, "frac_bare_soil": 0.1615, "frac_water": 0.0303, "ndvi_mean": 0.2396, "ndvi_std": 0.03, "ndbi_mean": 0.0619, "building_density": 172.3, "building_height_mean": 12.4, "road_density": 1081.1, "park_area_frac": 0.0641, "tree_canopy_frac": 0.1082, "dist_to_water": 3891.5, "water_area_frac": 0.0303, "air_temp_max": 40.6, "wind_speed_mean": 3.44, "solar_radiation": 311.8, "veg_imperv_ratio": 0.3843, "green_deficit": 0.7088, "thermal_mass_proxy": 2136.5, "cooling_potential": 241.0, "sky_view_factor": 0.8038, "tier": "normal", "delta_above_mean": -0.38, "priority_score": 0.0}}, {"type": "Feature", "geometry": {"type": "Polygon", "coordinates": [[[76.71636607069478, 30.690382657919532], [76.7215843827537, 30.690313579217527], [76.72166444443704, 30.694823362110203], [76.71644588999322, 30.694892453136767], [76.71636607069478, 30.690382657919532]]]}, "properties": {"grid_id": "cell_0111", "lst_mean": 43.27, "lst_max": 46.48, "frac_impervious": 0.5973, "frac_vegetation": 0.1788, "frac_bare_soil": 0.1863, "frac_water": 0.0376, "ndvi_mean": 0.1538, "ndvi_std": 0.0361, "ndbi_mean": 0.1891, "building_density": 228.2, "building_height_mean": 9.8, "road_density": 1351.8, "park_area_frac": 0.0844, "tree_canopy_frac": 0.1074, "dist_to_water": 3023.4, "water_area_frac": 0.0376, "air_temp_max": 45.7, "wind_speed_mean": 2.41, "solar_radiation": 320.5, "veg_imperv_ratio": 0.2944, "green_deficit": 0.7368, "thermal_mass_proxy": 2236.4, "cooling_potential": 263.2, "sky_view_factor": 0.8449, "tier": "moderate", "delta_above_mean": 0.96, "priority_score": 0.7}}, {"type": "Feature", "geometry": {"type": "Polygon", "coordinates": [[[76.71644588999322, 30.694892453136767], [76.72166444443704, 30.694823362110203], [76.72174452418255, 30.699333141679475], [76.7165257272992, 30.699402245031735], [76.71644588999322, 30.694892453136767]]]}, "properties": {"grid_id": "cell_0112", "lst_mean": 35.84, "lst_max": 40.13, "frac_impervious": 0.6616, "frac_vegetation": 0.5859, "frac_bare_soil": 0.0982, "frac_water": 0.0233, "ndvi_mean": 0.6808, "ndvi_std": 0.0249, "ndbi_mean": 0.1387, "building_density": 212.8, "building_height_mean": 12.4, "road_density": 1489.9, "park_area_frac": 0.6874, "tree_canopy_frac": 0.3737, "dist_to_water": 2531.6, "water_area_frac": 0.0233, "air_temp_max": 43.2, "wind_speed_mean": 3.21, "solar_radiation": 266.4, "veg_imperv_ratio": 0.8724, "green_deficit": 0.0, "thermal_mass_proxy": 2638.7, "cooling_potential": 110.3, "sky_view_factor": 0.8038, "tier": "cool", "delta_above_mean": -6.47, "priority_score": 0.0}}, {"type": "Feature", "geometry": {"type": "Polygon", "coordinates": [[[76.7165257272992, 30.699402245031735], [76.72174452418255, 30.699333141679475], [76.72182462199379, 30.70384291792504], [76.71660558261622, 30.70391203360407], [76.7165257272992, 30.699402245031735]]]}, "properties": {"grid_id": "cell_0113", "lst_mean": 43.74, "lst_max": 47.54, "frac_impervious": 0.6632, "frac_vegetation": 0.1433, "frac_bare_soil": 0.1652, "frac_water": 0.0284, "ndvi_mean": 0.1902, "ndvi_std": 0.0288, "ndbi_mean": 0.1615, "building_density": 234.0, "building_height_mean": 20.0, "road_density": 1765.0, "park_area_frac": 0.0498, "tree_canopy_frac": 0.0846, "dist_to_water": 1632.6, "water_area_frac": 0.0284, "air_temp_max": 45.1, "wind_speed_mean": 3.3, "solar_radiation": 315.4, "veg_imperv_ratio": 0.2129, "green_deficit": 0.8069, "thermal_mass_proxy": 4680.0, "cooling_potential": 270.2, "sky_view_factor": 0.6835, "tier": "moderate", "delta_above_mean": 1.43, "priority_score": 1.3}}, {"type": "Feature", "geometry": {"type": "Polygon", "coordinates": [[[76.71660558261622, 30.70391203360407], [76.72182462199379, 30.70384291792504], [76.7219047378742, 30.70835269084656], [76.71668545594778, 30.708421818853537], [76.71660558261622, 30.70391203360407]]]}, "properties": {"grid_id": "cell_0114", "lst_mean": 43.08, "lst_max": 48.65, "frac_impervious": 0.636, "frac_vegetation": 0.2051, "frac_bare_soil": 0.1342, "frac_water": 0.0247, "ndvi_mean": 0.1452, "ndvi_std": 0.0367, "ndbi_mean": 0.1271, "building_density": 194.5, "building_height_mean": 15.7, "road_density": 1501.8, "park_area_frac": 0.112, "tree_canopy_frac": 0.0979, "dist_to_water": 1514.3, "water_area_frac": 0.0247, "air_temp_max": 41.8, "wind_speed_mean": 2.42, "solar_radiation": 306.1, "veg_imperv_ratio": 0.3175, "green_deficit": 0.6829, "thermal_mass_proxy": 3053.6, "cooling_potential": 243.3, "sky_view_factor": 0.7516, "tier": "moderate", "delta_above_mean": 0.77, "priority_score": 0.5}}, {"type": "Feature", "geometry": {"type": "Polygon", "coordinates": [[[76.71668545594778, 30.708421818853537], [76.7219047378742, 30.70835269084656], [76.7219848718273, 30.71286246044375], [76.71676534729735, 30.712931600779754], [76.71668545594778, 30.708421818853537]]]}, "properties": {"grid_id": "cell_0115", "lst_mean": 40.69, "lst_max": 45.94, "frac_impervious": 0.5351, "frac_vegetation": 0.2396, "frac_bare_soil": 0.1965, "frac_water": 0.0288, "ndvi_mean": 0.2226, "ndvi_std": 0.0419, "ndbi_mean": 0.1349, "building_density": 214.1, "building_height_mean": 14.1, "road_density": 1523.6, "park_area_frac": 0.0566, "tree_canopy_frac": 0.1474, "dist_to_water": 1094.6, "water_area_frac": 0.0288, "air_temp_max": 44.5, "wind_speed_mean": 2.33, "solar_radiation": 284.8, "veg_imperv_ratio": 0.4396, "green_deficit": 0.7038, "thermal_mass_proxy": 3018.8, "cooling_potential": 216.6, "sky_view_factor": 0.7769, "tier": "normal", "delta_above_mean": -1.62, "priority_score": 0.0}}, {"type": "Feature", "geometry": {"type": "Polygon", "coordinates": [[[76.71676534729735, 30.712931600779754], [76.7219848718273, 30.71286246044375], [76.7220650238566, 30.717372226716254], [76.71684525666844, 30.71744137938242], [76.71676534729735, 30.712931600779754]]]}, "properties": {"grid_id": "cell_0116", "lst_mean": 39.32, "lst_max": 43.65, "frac_impervious": 0.6739, "frac_vegetation": 0.1933, "frac_bare_soil": 0.1016, "frac_water": 0.0312, "ndvi_mean": 0.1826, "ndvi_std": 0.0243, "ndbi_mean": 0.1583, "building_density": 221.7, "building_height_mean": 12.7, "road_density": 1627.9, "park_area_frac": 0.0535, "tree_canopy_frac": 0.1066, "dist_to_water": 387.2, "water_area_frac": 0.1431, "air_temp_max": 44.5, "wind_speed_mean": 3.17, "solar_radiation": 320.7, "veg_imperv_ratio": 0.2826, "green_deficit": 0.7532, "thermal_mass_proxy": 2815.6, "cooling_potential": 258.7, "sky_view_factor": 0.7991, "tier": "cool", "delta_above_mean": -2.99, "priority_score": 0.0}}, {"type": "Feature", "geometry": {"type": "Polygon", "coordinates": [[[76.71684525666844, 30.71744137938242], [76.7220650238566, 30.717372226716254], [76.72214519396559, 30.72188198966377], [76.71692518406452, 30.721951154661223], [76.71684525666844, 30.71744137938242]]]}, "properties": {"grid_id": "cell_0117", "lst_mean": 38.12, "lst_max": 41.08, "frac_impervious": 0.5364, "frac_vegetation": 0.2706, "frac_bare_soil": 0.1722, "frac_water": 0.0208, "ndvi_mean": 0.2125, "ndvi_std": 0.0536, "ndbi_mean": 0.0754, "building_density": 228.7, "building_height_mean": 14.4, "road_density": 1438.8, "park_area_frac": 0.0608, "tree_canopy_frac": 0.185, "dist_to_water": 50.0, "water_area_frac": 0.0895, "air_temp_max": 44.5, "wind_speed_mean": 2.53, "solar_radiation": 313.8, "veg_imperv_ratio": 0.4952, "green_deficit": 0.6686, "thermal_mass_proxy": 3293.3, "cooling_potential": 228.9, "sky_view_factor": 0.7722, "tier": "cool", "delta_above_mean": -4.19, "priority_score": 0.0}}, {"type": "Feature", "geometry": {"type": "Polygon", "coordinates": [[[76.71692518406452, 30.721951154661223], [76.72214519396559, 30.72188198966377], [76.72222538215779, 30.726391749285995], [76.71700512948908, 30.72646092661586], [76.71692518406452, 30.721951154661223]]]}, "properties": {"grid_id": "cell_0118", "lst_mean": 42.38, "lst_max": 44.94, "frac_impervious": 0.6462, "frac_vegetation": 0.1987, "frac_bare_soil": 0.1338, "frac_water": 0.0213, "ndvi_mean": 0.2399, "ndvi_std": 0.0299, "ndbi_mean": 0.1717, "building_density": 213.9, "building_height_mean": 18.9, "road_density": 1741.6, "park_area_frac": 0.0559, "tree_canopy_frac": 0.1363, "dist_to_water": 94.1, "water_area_frac": 0.0928, "air_temp_max": 46.5, "wind_speed_mean": 3.19, "solar_radiation": 314.5, "veg_imperv_ratio": 0.3028, "green_deficit": 0.7454, "thermal_mass_proxy": 4042.7, "cooling_potential": 252.0, "sky_view_factor": 0.7009, "tier": "moderate", "delta_above_mean": 0.07, "priority_score": 0.0}}, {"type": "Feature", "geometry": {"type": "Polygon", "coordinates": [[[76.71700512948908, 30.72646092661586], [76.72222538215779, 30.726391749285995], [76.72230558843667, 30.730901505582604], [76.71708509294564, 30.730970695245986], [76.71700512948908, 30.72646092661586]]]}, "properties": {"grid_id": "cell_0119", "lst_mean": 42.09, "lst_max": 45.15, "frac_impervious": 0.5926, "frac_vegetation": 0.2213, "frac_bare_soil": 0.1414, "frac_water": 0.0448, "ndvi_mean": 0.191, "ndvi_std": 0.021, "ndbi_mean": 0.094, "building_density": 229.0, "building_height_mean": 13.6, "road_density": 1458.6, "park_area_frac": 0.0622, "tree_canopy_frac": 0.122, "dist_to_water": 849.5, "water_area_frac": 0.0448, "air_temp_max": 42.8, "wind_speed_mean": 2.22, "solar_radiation": 320.3, "veg_imperv_ratio": 0.3672, "green_deficit": 0.7165, "thermal_mass_proxy": 3114.4, "cooling_potential": 249.4, "sky_view_factor": 0.7848, "tier": "normal", "delta_above_mean": -0.22, "priority_score": 0.0}}, {"type": "Feature", "geometry": {"type": "Polygon", "coordinates": [[[76.71708509294564, 30.730970695245986], [76.72230558843667, 30.730901505582604], [76.72238581280575, 30.73541125855327], [76.71716507443766, 30.7354804605513], [76.71708509294564, 30.730970695245986]]]}, "properties": {"grid_id": "cell_0120", "lst_mean": 43.76, "lst_max": 46.81, "frac_impervious": 0.6364, "frac_vegetation": 0.2202, "frac_bare_soil": 0.1244, "frac_water": 0.019, "ndvi_mean": 0.1859, "ndvi_std": 0.0365, "ndbi_mean": 0.1294, "building_density": 238.9, "building_height_mean": 13.5, "road_density": 1247.5, "park_area_frac": 0.1018, "tree_canopy_frac": 0.1477, "dist_to_water": 1752.7, "water_area_frac": 0.019, "air_temp_max": 43.3, "wind_speed_mean": 3.28, "solar_radiation": 316.0, "veg_imperv_ratio": 0.3407, "green_deficit": 0.678, "thermal_mass_proxy": 3225.2, "cooling_potential": 246.4, "sky_view_factor": 0.7864, "tier": "moderate", "delta_above_mean": 1.45, "priority_score": 0.9}}, {"type": "Feature", "geometry": {"type": "Polygon", "coordinates": [[[76.71716507443766, 30.7354804605513], [76.72238581280575, 30.73541125855327], [76.72246605526855, 30.73992100819769], [76.71724507396867, 30.739990222531492], [76.71716507443766, 30.7354804605513]]]}, "properties": {"grid_id": "cell_0121", "lst_mean": 41.18, "lst_max": 44.59, "frac_impervious": 0.6166, "frac_vegetation": 0.2128, "frac_bare_soil": 0.1414, "frac_water": 0.0291, "ndvi_mean": 0.2087, "ndvi_std": 0.0374, "ndbi_mean": 0.0834, "building_density": 173.2, "building_height_mean": 13.5, "road_density": 1494.0, "park_area_frac": 0.097, "tree_canopy_frac": 0.1331, "dist_to_water": 1674.1, "water_area_frac": 0.0291, "air_temp_max": 41.9, "wind_speed_mean": 2.58, "solar_radiation": 300.4, "veg_imperv_ratio": 0.3396, "green_deficit": 0.6902, "thermal_mass_proxy": 2338.2, "cooling_potential": 236.5, "sky_view_factor": 0.7864, "tier": "normal", "delta_above_mean": -1.13, "priority_score": 0.0}}, {"type": "Feature", "geometry": {"type": "Polygon", "coordinates": [[[76.71724507396867, 30.739990222531492], [76.72246605526855, 30.73992100819769], [76.72254631582857, 30.744430754515527], [76.71732509154214, 30.744499981186227], [76.71724507396867, 30.739990222531492]]]}, "properties": {"grid_id": "cell_0122", "lst_mean": 42.15, "lst_max": 44.46, "frac_impervious": 0.5853, "frac_vegetation": 0.2266, "frac_bare_soil": 0.1475, "frac_water": 0.0405, "ndvi_mean": 0.2339, "ndvi_std": 0.0397, "ndbi_mean": 0.0914, "building_density": 226.7, "building_height_mean": 18.1, "road_density": 1546.5, "park_area_frac": 0.0624, "tree_canopy_frac": 0.1633, "dist_to_water": 2630.3, "water_area_frac": 0.0405, "air_temp_max": 43.6, "wind_speed_mean": 2.68, "solar_radiation": 321.8, "veg_imperv_ratio": 0.3806, "green_deficit": 0.711, "thermal_mass_proxy": 4103.3, "cooling_potential": 248.9, "sky_view_factor": 0.7136, "tier": "normal", "delta_above_mean": -0.16, "priority_score": 0.0}}, {"type": "Feature", "geometry": {"type": "Polygon", "coordinates": [[[76.71732509154214, 30.744499981186227], [76.72254631582857, 30.744430754515527], [76.72262659448931, 30.748940497506496], [76.71740512716157, 30.749009736515216], [76.71732509154214, 30.744499981186227]]]}, "properties": {"grid_id": "cell_0123", "lst_mean": 42.95, "lst_max": 46.55, "frac_impervious": 0.6226, "frac_vegetation": 0.2217, "frac_bare_soil": 0.1293, "frac_water": 0.0264, "ndvi_mean": 0.2066, "ndvi_std": 0.0514, "ndbi_mean": 0.1544, "building_density": 186.0, "building_height_mean": 11.4, "road_density": 1375.8, "park_area_frac": 0.0666, "tree_canopy_frac": 0.1477, "dist_to_water": 3150.4, "water_area_frac": 0.0264, "air_temp_max": 44.0, "wind_speed_mean": 3.29, "solar_radiation": 324.5, "veg_imperv_ratio": 0.3505, "green_deficit": 0.7117, "thermal_mass_proxy": 2120.4, "cooling_potential": 252.6, "sky_view_factor": 0.8196, "tier": "moderate", "delta_above_mean": 0.64, "priority_score": 0.4}}, {"type": "Feature", "geometry": {"type": "Polygon", "coordinates": [[[76.71740512716157, 30.749009736515216], [76.72262659448931, 30.748940497506496], [76.72270689125428, 30.753450237170245], [76.71748518083047, 30.753519488518116], [76.71740512716157, 30.749009736515216]]]}, "properties": {"grid_id": "cell_0124", "lst_mean": 43.48, "lst_max": 46.4, "frac_impervious": 0.6453, "frac_vegetation": 0.2534, "frac_bare_soil": 0.073, "frac_water": 0.0283, "ndvi_mean": 0.2617, "ndvi_std": 0.0379, "ndbi_mean": 0.0992, "building_density": 211.3, "building_height_mean": 16.3, "road_density": 1551.0, "park_area_frac": 0.0686, "tree_canopy_frac": 0.163, "dist_to_water": 3967.1, "water_area_frac": 0.0283, "air_temp_max": 44.4, "wind_speed_mean": 2.87, "solar_radiation": 293.6, "veg_imperv_ratio": 0.3867, "green_deficit": 0.678, "thermal_mass_proxy": 3444.2, "cooling_potential": 219.2, "sky_view_factor": 0.7421, "tier": "moderate", "delta_above_mean": 1.17, "priority_score": 0.6}}, {"type": "Feature", "geometry": {"type": "Polygon", "coordinates": [[[76.71748518083047, 30.753519488518116], [76.72270689125428, 30.753450237170245], [76.722787206127, 30.757959973506495], [76.71756525255233, 30.75802923719463], [76.71748518083047, 30.753519488518116]]]}, "properties": {"grid_id": "cell_0125", "lst_mean": 44.16, "lst_max": 47.61, "frac_impervious": 0.718, "frac_vegetation": 0.1645, "frac_bare_soil": 0.0937, "frac_water": 0.0237, "ndvi_mean": 0.1982, "ndvi_std": 0.032, "ndbi_mean": 0.1428, "building_density": 252.4, "building_height_mean": 16.1, "road_density": 1882.7, "park_area_frac": 0.0551, "tree_canopy_frac": 0.1253, "dist_to_water": 4186.2, "water_area_frac": 0.0237, "air_temp_max": 46.3, "wind_speed_mean": 3.01, "solar_radiation": 326.6, "veg_imperv_ratio": 0.226, "green_deficit": 0.7804, "thermal_mass_proxy": 4063.6, "cooling_potential": 272.9, "sky_view_factor": 0.7453, "tier": "moderate", "delta_above_mean": 1.85, "priority_score": 1.5}}, {"type": "Feature", "geometry": {"type": "Polygon", "coordinates": [[[76.71756525255233, 30.75802923719463], [76.722787206127, 30.757959973506495], [76.72286753911096, 30.762469706514892], [76.71764534233066, 30.762538982544424], [76.71756525255233, 30.75802923719463]]]}, "properties": {"grid_id": "cell_0126", "lst_mean": 41.96, "lst_max": 44.37, "frac_impervious": 0.6469, "frac_vegetation": 0.192, "frac_bare_soil": 0.1366, "frac_water": 0.0245, "ndvi_mean": 0.1307, "ndvi_std": 0.0243, "ndbi_mean": 0.1587, "building_density": 194.7, "building_height_mean": 7.6, "road_density": 1425.7, "park_area_frac": 0.0574, "tree_canopy_frac": 0.1155, "dist_to_water": 4671.5, "water_area_frac": 0.0245, "air_temp_max": 43.7, "wind_speed_mean": 2.09, "solar_radiation": 308.1, "veg_imperv_ratio": 0.2923, "green_deficit": 0.7506, "thermal_mass_proxy": 1479.7, "cooling_potential": 248.9, "sky_view_factor": 0.8797, "tier": "normal", "delta_above_mean": -0.35, "priority_score": 0.0}}, {"type": "Feature", "geometry": {"type": "Polygon", "coordinates": [[[76.71764534233066, 30.762538982544424], [76.72286753911096, 30.762469706514892], [76.72294789020971, 30.76697943619515], [76.71772545016896, 30.767048724567196], [76.71764534233066, 30.762538982544424]]]}, "properties": {"grid_id": "cell_0127", "lst_mean": 42.38, "lst_max": 45.23, "frac_impervious": 0.5713, "frac_vegetation": 0.2571, "frac_bare_soil": 0.1359, "frac_water": 0.0357, "ndvi_mean": 0.2127, "ndvi_std": 0.0488, "ndbi_mean": 0.1122, "building_density": 189.8, "building_height_mean": 11.2, "road_density": 1422.5, "park_area_frac": 0.1119, "tree_canopy_frac": 0.1388, "dist_to_water": 5056.1, "water_area_frac": 0.0357, "air_temp_max": 43.0, "wind_speed_mean": 2.59, "solar_radiation": 318.9, "veg_imperv_ratio": 0.4423, "green_deficit": 0.631, "thermal_mass_proxy": 2125.8, "cooling_potential": 236.9, "sky_view_factor": 0.8228, "tier": "moderate", "delta_above_mean": 0.07, "priority_score": 0.0}}, {"type": "Feature", "geometry": {"type": "Polygon", "coordinates": [[[76.71772545016896, 30.767048724567196], [76.72294789020971, 30.76697943619515], [76.72302825942673, 30.77148916254692], [76.71780557607072, 30.771558463262622], [76.71772545016896, 30.767048724567196]]]}, "properties": {"grid_id": "cell_0128", "lst_mean": 41.94, "lst_max": 44.3, "frac_impervious": 0.595, "frac_vegetation": 0.2475, "frac_bare_soil": 0.1305, "frac_water": 0.0271, "ndvi_mean": 0.2069, "ndvi_std": 0.0416, "ndbi_mean": 0.1977, "building_density": 215.8, "building_height_mean": 12.9, "road_density": 1532.3, "park_area_frac": 0.0592, "tree_canopy_frac": 0.1525, "dist_to_water": 5484.8, "water_area_frac": 0.0271, "air_temp_max": 41.5, "wind_speed_mean": 2.78, "solar_radiation": 312.4, "veg_imperv_ratio": 0.4091, "green_deficit": 0.6933, "thermal_mass_proxy": 2783.8, "cooling_potential": 235.1, "sky_view_factor": 0.7959, "tier": "normal", "delta_above_mean": -0.37, "priority_score": 0.0}}, {"type": "Feature", "geometry": {"type": "Polygon", "coordinates": [[[76.71780557607072, 30.771558463262622], [76.72302825942673, 30.77148916254692], [76.72310864676555, 30.775998885569926], [76.71788572003946, 30.776068198630398], [76.71780557607072, 30.771558463262622]]]}, "properties": {"grid_id": "cell_0129", "lst_mean": 41.55, "lst_max": 46.67, "frac_impervious": 0.5889, "frac_vegetation": 0.2122, "frac_bare_soil": 0.1725, "frac_water": 0.0263, "ndvi_mean": 0.2205, "ndvi_std": 0.0328, "ndbi_mean": 0.1906, "building_density": 228.9, "building_height_mean": 10.9, "road_density": 1399.8, "park_area_frac": 0.0612, "tree_canopy_frac": 0.1202, "dist_to_water": 6157.1, "water_area_frac": 0.0263, "air_temp_max": 44.2, "wind_speed_mean": 2.45, "solar_radiation": 308.9, "veg_imperv_ratio": 0.3543, "green_deficit": 0.7266, "thermal_mass_proxy": 2495.0, "cooling_potential": 243.4, "sky_view_factor": 0.8275, "tier": "normal", "delta_above_mean": -0.76, "priority_score": 0.0}}, {"type": "Feature", "geometry": {"type": "Polygon", "coordinates": [[[76.71788572003946, 30.776068198630398], [76.72310864676555, 30.775998885569926], [76.72318905222969, 30.780508605263822], [76.71796588207869, 30.780577930670184], [76.71788572003946, 30.776068198630398]]]}, "properties": {"grid_id": "cell_0130", "lst_mean": 42.23, "lst_max": 45.23, "frac_impervious": 0.6587, "frac_vegetation": 0.2336, "frac_bare_soil": 0.0873, "frac_water": 0.0204, "ndvi_mean": 0.138, "ndvi_std": 0.0196, "ndbi_mean": 0.1374, "building_density": 207.6, "building_height_mean": 7.3, "road_density": 1186.0, "park_area_frac": 0.0722, "tree_canopy_frac": 0.1522, "dist_to_water": 6738.4, "water_area_frac": 0.0204, "air_temp_max": 42.3, "wind_speed_mean": 3.45, "solar_radiation": 318.7, "veg_imperv_ratio": 0.3493, "green_deficit": 0.6942, "thermal_mass_proxy": 1515.5, "cooling_potential": 244.3, "sky_view_factor": 0.8845, "tier": "normal", "delta_above_mean": -0.08, "priority_score": 0.0}}, {"type": "Feature", "geometry": {"type": "Polygon", "coordinates": [[[76.71796588207869, 30.780577930670184], [76.72318905222969, 30.780508605263822], [76.72326947582265, 30.785018321628314], [76.71804606219189, 30.78508765938168], [76.71796588207869, 30.780577930670184]]]}, "properties": {"grid_id": "cell_0131", "lst_mean": 39.08, "lst_max": 41.46, "frac_impervious": 0.5581, "frac_vegetation": 0.2844, "frac_bare_soil": 0.1384, "frac_water": 0.0191, "ndvi_mean": 0.3187, "ndvi_std": 0.0572, "ndbi_mean": 0.14, "building_density": 156.5, "building_height_mean": 7.9, "road_density": 1473.7, "park_area_frac": 0.0702, "tree_canopy_frac": 0.1719, "dist_to_water": 7024.8, "water_area_frac": 0.0191, "air_temp_max": 44.2, "wind_speed_mean": 2.58, "solar_radiation": 303.6, "veg_imperv_ratio": 0.5006, "green_deficit": 0.6454, "thermal_mass_proxy": 1236.4, "cooling_potential": 217.3, "sky_view_factor": 0.875, "tier": "cool", "delta_above_mean": -3.23, "priority_score": 0.0}}, {"type": "Feature", "geometry": {"type": "Polygon", "coordinates": [[[76.71804606219189, 30.78508765938168], [76.72326947582265, 30.785018321628314], [76.72334991754796, 30.78952803466306], [76.71812626038259, 30.78959738476459], [76.71804606219189, 30.78508765938168]]]}, "properties": {"grid_id": "cell_0132", "lst_mean": 41.84, "lst_max": 43.91, "frac_impervious": 0.6011, "frac_vegetation": 0.2425, "frac_bare_soil": 0.0999, "frac_water": 0.0564, "ndvi_mean": 0.2372, "ndvi_std": 0.0271, "ndbi_mean": 0.1629, "building_density": 185.4, "building_height_mean": 8.5, "road_density": 1114.7, "park_area_frac": 0.0599, "tree_canopy_frac": 0.1536, "dist_to_water": 7751.1, "water_area_frac": 0.0564, "air_temp_max": 41.9, "wind_speed_mean": 2.59, "solar_radiation": 326.5, "veg_imperv_ratio": 0.3968, "green_deficit": 0.6976, "thermal_mass_proxy": 1575.9, "cooling_potential": 247.3, "sky_view_factor": 0.8655, "tier": "normal", "delta_above_mean": -0.47, "priority_score": 0.0}}, {"type": "Feature", "geometry": {"type": "Polygon", "coordinates": [[[76.71812626038259, 30.78959738476459], [76.72334991754796, 30.78952803466306], [76.72343037740914, 30.794037744367756], [76.7182064766543, 30.794107106818558], [76.71812626038259, 30.78959738476459]]]}, "properties": {"grid_id": "cell_0133", "lst_mean": 39.78, "lst_max": 43.47, "frac_impervious": 0.5552, "frac_vegetation": 0.2801, "frac_bare_soil": 0.1433, "frac_water": 0.0214, "ndvi_mean": 0.2445, "ndvi_std": 0.0365, "ndbi_mean": 0.1042, "building_density": 189.1, "building_height_mean": 13.1, "road_density": 1383.6, "park_area_frac": 0.0602, "tree_canopy_frac": 0.144, "dist_to_water": 8571.4, "water_area_frac": 0.0214, "air_temp_max": 44.7, "wind_speed_mean": 3.32, "solar_radiation": 327.5, "veg_imperv_ratio": 0.4956, "green_deficit": 0.6597, "thermal_mass_proxy": 2477.2, "cooling_potential": 235.8, "sky_view_factor": 0.7927, "tier": "cool", "delta_above_mean": -2.53, "priority_score": 0.0}}, {"type": "Feature", "geometry": {"type": "Polygon", "coordinates": [[[76.7182064766543, 30.794107106818558], [76.72343037740914, 30.794037744367756], [76.72351085540973, 30.798547450742088], [76.71828671101053, 30.798616825543295], [76.7182064766543, 30.794107106818558]]]}, "properties": {"grid_id": "cell_0134", "lst_mean": 40.9, "lst_max": 43.27, "frac_impervious": 0.5866, "frac_vegetation": 0.2404, "frac_bare_soil": 0.1444, "frac_water": 0.0285, "ndvi_mean": 0.2557, "ndvi_std": 0.0428, "ndbi_mean": 0.0898, "building_density": 170.7, "building_height_mean": 11.6, "road_density": 1029.0, "park_area_frac": 0.0698, "tree_canopy_frac": 0.1544, "dist_to_water": 8510.9, "water_area_frac": 0.0285, "air_temp_max": 43.0, "wind_speed_mean": 2.49, "solar_radiation": 302.2, "veg_imperv_ratio": 0.403, "green_deficit": 0.6898, "thermal_mass_proxy": 1980.1, "cooling_potential": 229.6, "sky_view_factor": 0.8165, "tier": "normal", "delta_above_mean": -1.41, "priority_score": 0.0}}, {"type": "Feature", "geometry": {"type": "Polygon", "coordinates": [[[76.71828671101053, 30.798616825543295], [76.72351085540973, 30.798547450742088], [76.72359135155322, 30.803057153785748], [76.71836696345478, 30.80312654093848], [76.71828671101053, 30.798616825543295]]]}, "properties": {"grid_id": "cell_0135", "lst_mean": 41.82, "lst_max": 50.67, "frac_impervious": 0.5954, "frac_vegetation": 0.2482, "frac_bare_soil": 0.1376, "frac_water": 0.0188, "ndvi_mean": 0.2944, "ndvi_std": 0.0279, "ndbi_mean": 0.1378, "building_density": 192.4, "building_height_mean": 14.4, "road_density": 1422.9, "park_area_frac": 0.079, "tree_canopy_frac": 0.1232, "dist_to_water": 9018.6, "water_area_frac": 0.0188, "air_temp_max": 44.5, "wind_speed_mean": 2.3, "solar_radiation": 307.6, "veg_imperv_ratio": 0.41, "green_deficit": 0.6728, "thermal_mass_proxy": 2770.6, "cooling_potential": 231.3, "sky_view_factor": 0.7722, "tier": "normal", "delta_above_mean": -0.49, "priority_score": 0.0}}, {"type": "Feature", "geometry": {"type": "Polygon", "coordinates": [[[76.72086463982635, 30.649725383682885], [76.72608075485104, 30.64965620668772], [76.72616089602184, 30.654166007124886], [76.72094453910704, 30.654235196471856], [76.72086463982635, 30.649725383682885]]]}, "properties": {"grid_id": "cell_0136", "lst_mean": 38.98, "lst_max": 42.12, "frac_impervious": 0.5645, "frac_vegetation": 0.2767, "frac_bare_soil": 0.1273, "frac_water": 0.0315, "ndvi_mean": 0.2645, "ndvi_std": 0.0272, "ndbi_mean": 0.1206, "building_density": 162.3, "building_height_mean": 6.8, "road_density": 1152.0, "park_area_frac": 0.0665, "tree_canopy_frac": 0.1852, "dist_to_water": 7557.4, "water_area_frac": 0.0315, "air_temp_max": 42.9, "wind_speed_mean": 3.32, "solar_radiation": 303.3, "veg_imperv_ratio": 0.4816, "green_deficit": 0.6568, "thermal_mass_proxy": 1103.6, "cooling_potential": 219.4, "sky_view_factor": 0.8924, "tier": "cool", "delta_above_mean": -3.33, "priority_score": 0.0}}, {"type": "Feature", "geometry": {"type": "Polygon", "coordinates": [[[76.72094453910704, 30.654235196471856], [76.72616089602184, 30.654166007124886], [76.72624105527795, 30.658675804240378], [76.7210244564185, 30.658745005940286], [76.72094453910704, 30.654235196471856]]]}, "properties": {"grid_id": "cell_0137", "lst_mean": 39.79, "lst_max": 42.31, "frac_impervious": 0.4792, "frac_vegetation": 0.2933, "frac_bare_soil": 0.182, "frac_water": 0.0455, "ndvi_mean": 0.2751, "ndvi_std": 0.0222, "ndbi_mean": 0.0786, "building_density": 174.2, "building_height_mean": 7.0, "road_density": 1375.6, "park_area_frac": 0.0708, "tree_canopy_frac": 0.1953, "dist_to_water": 7100.5, "water_area_frac": 0.0455, "air_temp_max": 41.1, "wind_speed_mean": 3.66, "solar_radiation": 313.9, "veg_imperv_ratio": 0.5996, "green_deficit": 0.6359, "thermal_mass_proxy": 1219.4, "cooling_potential": 221.8, "sky_view_factor": 0.8892, "tier": "cool", "delta_above_mean": -2.52, "priority_score": 0.0}}, {"type": "Feature", "geometry": {"type": "Polygon", "coordinates": [[[76.7210244564185, 30.658745005940286], [76.72624105527795, 30.658675804240378], [76.72632123262291, 30.663185598033888], [76.72110439176426, 30.663254812087864], [76.7210244564185, 30.658745005940286]]]}, "properties": {"grid_id": "cell_0138", "lst_mean": 43.03, "lst_max": 46.64, "frac_impervious": 0.6046, "frac_vegetation": 0.2128, "frac_bare_soil": 0.1569, "frac_water": 0.0258, "ndvi_mean": 0.2103, "ndvi_std": 0.0442, "ndbi_mean": 0.1551, "building_density": 181.1, "building_height_mean": 12.3, "road_density": 1194.5, "park_area_frac": 0.0733, "tree_canopy_frac": 0.1346, "dist_to_water": 6816.4, "water_area_frac": 0.0258, "air_temp_max": 42.3, "wind_speed_mean": 2.93, "solar_radiation": 331.1, "veg_imperv_ratio": 0.3462, "green_deficit": 0.7139, "thermal_mass_proxy": 2227.5, "cooling_potential": 260.6, "sky_view_factor": 0.8054, "tier": "moderate", "delta_above_mean": 0.72, "priority_score": 0.5}}, {"type": "Feature", "geometry": {"type": "Polygon", "coordinates": [[[76.72110439176426, 30.663254812087864], [76.72632123262291, 30.663185598033888], [76.7264014280602, 30.667695388505106], [76.72118434514775, 30.667764614914272], [76.72110439176426, 30.663254812087864]]]}, "properties": {"grid_id": "cell_0139", "lst_mean": 39.0, "lst_max": 41.48, "frac_impervious": 0.5103, "frac_vegetation": 0.2904, "frac_bare_soil": 0.1769, "frac_water": 0.0224, "ndvi_mean": 0.241, "ndvi_std": 0.0378, "ndbi_mean": 0.0816, "building_density": 148.5, "building_height_mean": 10.2, "road_density": 1116.2, "park_area_frac": 0.1044, "tree_canopy_frac": 0.1805, "dist_to_water": 6087.1, "water_area_frac": 0.0224, "air_temp_max": 40.5, "wind_speed_mean": 2.22, "solar_radiation": 283.4, "veg_imperv_ratio": 0.5581, "green_deficit": 0.6052, "thermal_mass_proxy": 1514.7, "cooling_potential": 201.1, "sky_view_factor": 0.8386, "tier": "cool", "delta_above_mean": -3.31, "priority_score": 0.0}}, {"type": "Feature", "geometry": {"type": "Polygon", "coordinates": [[[76.72118434514775, 30.667764614914272], [76.7264014280602, 30.667695388505106], [76.72648164159328, 30.672205175653712], [76.72126431657249, 30.67227441441918], [76.72118434514775, 30.667764614914272]]]}, "properties": {"grid_id": "cell_0140", "lst_mean": 40.64, "lst_max": 45.21, "frac_impervious": 0.586, "frac_vegetation": 0.2515, "frac_bare_soil": 0.1346, "frac_water": 0.0279, "ndvi_mean": 0.2115, "ndvi_std": 0.0694, "ndbi_mean": 0.0998, "building_density": 183.8, "building_height_mean": 12.1, "road_density": 1434.2, "park_area_frac": 0.0649, "tree_canopy_frac": 0.1464, "dist_to_water": 5605.5, "water_area_frac": 0.0279, "air_temp_max": 43.2, "wind_speed_mean": 3.19, "solar_radiation": 288.7, "veg_imperv_ratio": 0.422, "green_deficit": 0.6836, "thermal_mass_proxy": 2224.0, "cooling_potential": 216.1, "sky_view_factor": 0.8085, "tier": "normal", "delta_above_mean": -1.67, "priority_score": 0.0}}, {"type": "Feature", "geometry": {"type": "Polygon", "coordinates": [[[76.72126431657249, 30.67227441441918], [76.72648164159328, 30.672205175653712], [76.72656187322572, 30.676714959479384], [76.72134430604196, 30.67678421060227], [76.72126431657249, 30.67227441441918]]]}, "properties": {"grid_id": "cell_0141", "lst_mean": 42.96, "lst_max": 45.52, "frac_impervious": 0.6037, "frac_vegetation": 0.2028, "frac_bare_soil": 0.1579, "frac_water": 0.0357, "ndvi_mean": 0.1766, "ndvi_std": 0.0263, "ndbi_mean": 0.1447, "building_density": 218.1, "building_height_mean": 9.4, "road_density": 1523.2, "park_area_frac": 0.0571, "tree_canopy_frac": 0.1096, "dist_to_water": 5015.7, "water_area_frac": 0.0357, "air_temp_max": 41.0, "wind_speed_mean": 2.41, "solar_radiation": 310.6, "veg_imperv_ratio": 0.3305, "green_deficit": 0.7401, "thermal_mass_proxy": 2050.1, "cooling_potential": 247.6, "sky_view_factor": 0.8513, "tier": "moderate", "delta_above_mean": 0.65, "priority_score": 0.4}}, {"type": "Feature", "geometry": {"type": "Polygon", "coordinates": [[[76.72134430604196, 30.67678421060227], [76.72656187322572, 30.676714959479384], [76.72664212296095, 30.681224739981815], [76.72142431355967, 30.681294003463243], [76.72134430604196, 30.67678421060227]]]}, "properties": {"grid_id": "cell_0142", "lst_mean": 40.2, "lst_max": 48.87, "frac_impervious": 0.5473, "frac_vegetation": 0.3019, "frac_bare_soil": 0.1259, "frac_water": 0.0249, "ndvi_mean": 0.2303, "ndvi_std": 0.0349, "ndbi_mean": 0.1305, "building_density": 186.1, "building_height_mean": 7.9, "road_density": 1245.8, "park_area_frac": 0.0729, "tree_canopy_frac": 0.1808, "dist_to_water": 4661.4, "water_area_frac": 0.0249, "air_temp_max": 43.0, "wind_speed_mean": 3.53, "solar_radiation": 310.7, "veg_imperv_ratio": 0.5417, "green_deficit": 0.6252, "thermal_mass_proxy": 1470.2, "cooling_potential": 216.9, "sky_view_factor": 0.875, "tier": "normal", "delta_above_mean": -2.11, "priority_score": 0.0}}, {"type": "Feature", "geometry": {"type": "Polygon", "coordinates": [[[76.72142431355967, 30.681294003463243], [76.72664212296095, 30.681224739981815], [76.72672239080252, 30.685734517160668], [76.72150433912908, 30.685803793001778], [76.72142431355967, 30.681294003463243]]]}, "properties": {"grid_id": "cell_0143", "lst_mean": 43.16, "lst_max": 46.55, "frac_impervious": 0.5931, "frac_vegetation": 0.2125, "frac_bare_soil": 0.1554, "frac_water": 0.0391, "ndvi_mean": 0.1657, "ndvi_std": 0.0313, "ndbi_mean": 0.1019, "building_density": 222.5, "building_height_mean": 12.5, "road_density": 1340.4, "park_area_frac": 0.0827, "tree_canopy_frac": 0.1671, "dist_to_water": 3960.9, "water_area_frac": 0.0391, "air_temp_max": 37.7, "wind_speed_mean": 2.57, "solar_radiation": 297.4, "veg_imperv_ratio": 0.3523, "green_deficit": 0.7048, "thermal_mass_proxy": 2781.2, "cooling_potential": 234.2, "sky_view_factor": 0.8022, "tier": "moderate", "delta_above_mean": 0.85, "priority_score": 0.5}}, {"type": "Feature", "geometry": {"type": "Polygon", "coordinates": [[[76.72150433912908, 30.685803793001778], [76.72672239080252, 30.685734517160668], [76.72680267675392, 30.690244291015624], [76.7215843827537, 30.690313579217527], [76.72150433912908, 30.685803793001778]]]}, "properties": {"grid_id": "cell_0144", "lst_mean": 42.38, "lst_max": 47.17, "frac_impervious": 0.5868, "frac_vegetation": 0.2129, "frac_bare_soil": 0.172, "frac_water": 0.0282, "ndvi_mean": 0.2042, "ndvi_std": 0.0395, "ndbi_mean": 0.1626, "building_density": 200.9, "building_height_mean": 14.1, "road_density": 1412.9, "park_area_frac": 0.0569, "tree_canopy_frac": 0.1323, "dist_to_water": 3314.3, "water_area_frac": 0.0282, "air_temp_max": 44.4, "wind_speed_mean": 3.3, "solar_radiation": 314.2, "veg_imperv_ratio": 0.3567, "green_deficit": 0.7302, "thermal_mass_proxy": 2832.7, "cooling_potential": 247.3, "sky_view_factor": 0.7769, "tier": "moderate", "delta_above_mean": 0.07, "priority_score": 0.0}}, {"type": "Feature", "geometry": {"type": "Polygon", "coordinates": [[[76.7215843827537, 30.690313579217527], [76.72680267675392, 30.690244291015624], [76.72688298081864, 30.694754061546384], [76.72166444443704, 30.694823362110203], [76.7215843827537, 30.690313579217527]]]}, "properties": {"grid_id": "cell_0145", "lst_mean": 43.17, "lst_max": 45.28, "frac_impervious": 0.6252, "frac_vegetation": 0.1779, "frac_bare_soil": 0.1561, "frac_water": 0.0408, "ndvi_mean": 0.1384, "ndvi_std": 0.0295, "ndbi_mean": 0.097, "building_density": 228.4, "building_height_mean": 16.0, "road_density": 1676.0, "park_area_frac": 0.064, "tree_canopy_frac": 0.0798, "dist_to_water": 3147.1, "water_area_frac": 0.0408, "air_temp_max": 41.7, "wind_speed_mean": 2.44, "solar_radiation": 301.8, "veg_imperv_ratio": 0.2801, "green_deficit": 0.7581, "thermal_mass_proxy": 3654.4, "cooling_potential": 248.1, "sky_view_factor": 0.7468, "tier": "moderate", "delta_above_mean": 0.86, "priority_score": 0.7}}, {"type": "Feature", "geometry": {"type": "Polygon", "coordinates": [[[76.72166444443704, 30.694823362110203], [76.72688298081864, 30.694754061546384], [76.72696330300022, 30.69926382875262], [76.72174452418255, 30.699333141679475], [76.72166444443704, 30.694823362110203]]]}, "properties": {"grid_id": "cell_0146", "lst_mean": 43.6, "lst_max": 46.24, "frac_impervious": 0.692, "frac_vegetation": 0.1551, "frac_bare_soil": 0.1224, "frac_water": 0.0305, "ndvi_mean": 0.1833, "ndvi_std": 0.0385, "ndbi_mean": 0.1595, "building_density": 215.6, "building_height_mean": 11.9, "road_density": 1370.5, "park_area_frac": 0.0568, "tree_canopy_frac": 0.0589, "dist_to_water": 2951.4, "water_area_frac": 0.0305, "air_temp_max": 41.5, "wind_speed_mean": 2.48, "solar_radiation": 307.1, "veg_imperv_ratio": 0.2209, "green_deficit": 0.7881, "thermal_mass_proxy": 2565.6, "cooling_potential": 259.5, "sky_view_factor": 0.8117, "tier": "moderate", "delta_above_mean": 1.29, "priority_score": 1.1}}, {"type": "Feature", "geometry": {"type": "Polygon", "coordinates": [[[76.72174452418255, 30.699333141679475], [76.72696330300022, 30.69926382875262], [76.72704364330214, 30.703773592634015], [76.72182462199379, 30.70384291792504], [76.72174452418255, 30.699333141679475]]]}, "properties": {"grid_id": "cell_0147", "lst_mean": 40.75, "lst_max": 44.76, "frac_impervious": 0.5985, "frac_vegetation": 0.6752, "frac_bare_soil": 0.1459, "frac_water": 0.0206, "ndvi_mean": 0.6544, "ndvi_std": 0.029, "ndbi_mean": 0.1317, "building_density": 222.0, "building_height_mean": 12.5, "road_density": 1429.1, "park_area_frac": 0.5569, "tree_canopy_frac": 0.3764, "dist_to_water": 1995.5, "water_area_frac": 0.0206, "air_temp_max": 45.0, "wind_speed_mean": 1.85, "solar_radiation": 312.0, "veg_imperv_ratio": 1.1096, "green_deficit": 0.0, "thermal_mass_proxy": 2775.0, "cooling_potential": 101.3, "sky_view_factor": 0.8022, "tier": "normal", "delta_above_mean": -1.56, "priority_score": 0.0}}, {"type": "Feature", "geometry": {"type": "Polygon", "coordinates": [[[76.72182462199379, 30.70384291792504], [76.72704364330214, 30.703773592634015], [76.72712400172792, 30.70828335319025], [76.7219047378742, 30.70835269084656], [76.72182462199379, 30.70384291792504]]]}, "properties": {"grid_id": "cell_0148", "lst_mean": 41.12, "lst_max": 44.72, "frac_impervious": 0.5961, "frac_vegetation": 0.2963, "frac_bare_soil": 0.0854, "frac_water": 0.0222, "ndvi_mean": 0.2526, "ndvi_std": 0.0299, "ndbi_mean": 0.1193, "building_density": 228.5, "building_height_mean": 15.4, "road_density": 1586.3, "park_area_frac": 0.0652, "tree_canopy_frac": 0.1703, "dist_to_water": 1343.2, "water_area_frac": 0.0222, "air_temp_max": 44.0, "wind_speed_mean": 2.27, "solar_radiation": 303.0, "veg_imperv_ratio": 0.4889, "green_deficit": 0.6385, "thermal_mass_proxy": 3518.9, "cooling_potential": 213.2, "sky_view_factor": 0.7563, "tier": "normal", "delta_above_mean": -1.19, "priority_score": 0.0}}, {"type": "Feature", "geometry": {"type": "Polygon", "coordinates": [[[76.7219047378742, 30.70835269084656], [76.72712400172792, 30.70828335319025], [76.72720437828106, 30.712793110421014], [76.7219848718273, 30.71286246044375], [76.7219047378742, 30.70835269084656]]]}, "properties": {"grid_id": "cell_0149", "lst_mean": 41.84, "lst_max": 44.17, "frac_impervious": 0.6229, "frac_vegetation": 0.2254, "frac_bare_soil": 0.1318, "frac_water": 0.0199, "ndvi_mean": 0.197, "ndvi_std": 0.0201, "ndbi_mean": 0.1322, "building_density": 224.8, "building_height_mean": 16.5, "road_density": 1476.4, "park_area_frac": 0.0592, "tree_canopy_frac": 0.1606, "dist_to_water": 1432.5, "water_area_frac": 0.0199, "air_temp_max": 44.8, "wind_speed_mean": 2.69, "solar_radiation": 305.6, "veg_imperv_ratio": 0.3561, "green_deficit": 0.7154, "thermal_mass_proxy": 3709.2, "cooling_potential": 236.7, "sky_view_factor": 0.7389, "tier": "normal", "delta_above_mean": -0.47, "priority_score": 0.0}}, {"type": "Feature", "geometry": {"type": "Polygon", "coordinates": [[[76.7219848718273, 30.71286246044375], [76.72720437828106, 30.712793110421014], [76.72728477296508, 30.717302864325987], [76.7220650238566, 30.717372226716254], [76.7219848718273, 30.71286246044375]]]}, "properties": {"grid_id": "cell_0150", "lst_mean": 42.1, "lst_max": 44.76, "frac_impervious": 0.6369, "frac_vegetation": 0.1955, "frac_bare_soil": 0.1283, "frac_water": 0.0394, "ndvi_mean": 0.2901, "ndvi_std": 0.0134, "ndbi_mean": 0.2109, "building_density": 234.8, "building_height_mean": 16.0, "road_density": 1699.7, "park_area_frac": 0.0892, "tree_canopy_frac": 0.0968, "dist_to_water": 556.5, "water_area_frac": 0.0394, "air_temp_max": 42.0, "wind_speed_mean": 2.64, "solar_radiation": 314.2, "veg_imperv_ratio": 0.3022, "green_deficit": 0.7153, "thermal_mass_proxy": 3756.8, "cooling_potential": 252.8, "sky_view_factor": 0.7468, "tier": "normal", "delta_above_mean": -0.21, "priority_score": 0.0}}, {"type": "Feature", "geometry": {"type": "Polygon", "coordinates": [[[76.7220650238566, 30.717372226716254], [76.72728477296508, 30.717302864325987], [76.72736518578347, 30.72181261490484], [76.72214519396559, 30.72188198966377], [76.7220650238566, 30.717372226716254]]]}, "properties": {"grid_id": "cell_0151", "lst_mean": 42.55, "lst_max": 45.01, "frac_impervious": 0.6563, "frac_vegetation": 0.2261, "frac_bare_soil": 0.0798, "frac_water": 0.0378, "ndvi_mean": 0.2538, "ndvi_std": 0.0329, "ndbi_mean": 0.137, "building_density": 211.3, "building_height_mean": 15.9, "road_density": 1678.9, "park_area_frac": 0.0699, "tree_canopy_frac": 0.1641, "dist_to_water": 234.3, "water_area_frac": 0.1144, "air_temp_max": 45.0, "wind_speed_mean": 2.88, "solar_radiation": 327.3, "veg_imperv_ratio": 0.3393, "green_deficit": 0.704, "thermal_mass_proxy": 3359.7, "cooling_potential": 253.3, "sky_view_factor": 0.7484, "tier": "moderate", "delta_above_mean": 0.24, "priority_score": 0.1}}, {"type": "Feature", "geometry": {"type": "Polygon", "coordinates": [[[76.72214519396559, 30.72188198966377], [76.72736518578347, 30.72181261490484], [76.72744561673977, 30.72632236215727], [76.72222538215779, 30.726391749285995], [76.72214519396559, 30.72188198966377]]]}, "properties": {"grid_id": "cell_0152", "lst_mean": 39.32, "lst_max": 42.75, "frac_impervious": 0.648, "frac_vegetation": 0.2253, "frac_bare_soil": 0.0961, "frac_water": 0.0306, "ndvi_mean": 0.1753, "ndvi_std": 0.035, "ndbi_mean": 0.2324, "building_density": 216.3, "building_height_mean": 13.6, "road_density": 1765.1, "park_area_frac": 0.0654, "tree_canopy_frac": 0.1388, "dist_to_water": 310.9, "water_area_frac": 0.0872, "air_temp_max": 43.1, "wind_speed_mean": 3.29, "solar_radiation": 310.3, "veg_imperv_ratio": 0.3424, "green_deficit": 0.7093, "thermal_mass_proxy": 2941.7, "cooling_potential": 240.4, "sky_view_factor": 0.7848, "tier": "cool", "delta_above_mean": -2.99, "priority_score": 0.0}}, {"type": "Feature", "geometry": {"type": "Polygon", "coordinates": [[[76.72222538215779, 30.726391749285995], [76.72744561673977, 30.72632236215727], [76.7275260658375, 30.730832106082964], [76.72230558843667, 30.730901505582604], [76.72222538215779, 30.726391749285995]]]}, "properties": {"grid_id": "cell_0153", "lst_mean": 41.34, "lst_max": 43.97, "frac_impervious": 0.6451, "frac_vegetation": 0.2211, "frac_bare_soil": 0.1118, "frac_water": 0.022, "ndvi_mean": 0.2175, "ndvi_std": 0.0314, "ndbi_mean": 0.1712, "building_density": 249.4, "building_height_mean": 15.9, "road_density": 1528.5, "park_area_frac": 0.0619, "tree_canopy_frac": 0.1423, "dist_to_water": 960.6, "water_area_frac": 0.022, "air_temp_max": 43.8, "wind_speed_mean": 2.58, "solar_radiation": 302.8, "veg_imperv_ratio": 0.3375, "green_deficit": 0.717, "thermal_mass_proxy": 3965.5, "cooling_potential": 235.9, "sky_view_factor": 0.7484, "tier": "normal", "delta_above_mean": -0.97, "priority_score": 0.0}}, {"type": "Feature", "geometry": {"type": "Polygon", "coordinates": [[[76.72230558843667, 30.730901505582604], [76.7275260658375, 30.730832106082964], [76.72760653308013, 30.735341846681596], [76.72238581280575, 30.73541125855327], [76.72230558843667, 30.730901505582604]]]}, "properties": {"grid_id": "cell_0154", "lst_mean": 39.14, "lst_max": 41.7, "frac_impervious": 0.6761, "frac_vegetation": 0.6978, "frac_bare_soil": 0.1251, "frac_water": 0.0231, "ndvi_mean": 0.5825, "ndvi_std": 0.0465, "ndbi_mean": 0.1732, "building_density": 248.2, "building_height_mean": 16.9, "road_density": 1718.3, "park_area_frac": 0.4526, "tree_canopy_frac": 0.4278, "dist_to_water": 1740.8, "water_area_frac": 0.0231, "air_temp_max": 45.8, "wind_speed_mean": 2.6, "solar_radiation": 300.8, "veg_imperv_ratio": 1.0171, "green_deficit": 0.0, "thermal_mass_proxy": 4194.6, "cooling_potential": 90.9, "sky_view_factor": 0.7326, "tier": "cool", "delta_above_mean": -3.17, "priority_score": 0.0}}, {"type": "Feature", "geometry": {"type": "Polygon", "coordinates": [[[76.72238581280575, 30.73541125855327], [76.72760653308013, 30.735341846681596], [76.72768701847123, 30.73985158395284], [76.72246605526855, 30.73992100819769], [76.72238581280575, 30.73541125855327]]]}, "properties": {"grid_id": "cell_0155", "lst_mean": 44.9, "lst_max": 47.25, "frac_impervious": 0.6332, "frac_vegetation": 0.2482, "frac_bare_soil": 0.0877, "frac_water": 0.0308, "ndvi_mean": 0.1937, "ndvi_std": 0.0521, "ndbi_mean": 0.1676, "building_density": 214.2, "building_height_mean": 14.6, "road_density": 1399.5, "park_area_frac": 0.0542, "tree_canopy_frac": 0.1608, "dist_to_water": 1988.9, "water_area_frac": 0.0308, "air_temp_max": 41.6, "wind_speed_mean": 3.23, "solar_radiation": 322.3, "veg_imperv_ratio": 0.3859, "green_deficit": 0.6976, "thermal_mass_proxy": 3127.3, "cooling_potential": 242.3, "sky_view_factor": 0.769, "tier": "high", "delta_above_mean": 2.59, "priority_score": 1.4}}, {"type": "Feature", "geometry": {"type": "Polygon", "coordinates": [[[76.72246605526855, 30.73992100819769], [76.72768701847123, 30.73985158395284], [76.72776752201428, 30.74436131789639], [76.72254631582857, 30.744430754515527], [76.72246605526855, 30.73992100819769]]]}, "properties": {"grid_id": "cell_0156", "lst_mean": 44.7, "lst_max": 47.49, "frac_impervious": 0.6436, "frac_vegetation": 0.2075, "frac_bare_soil": 0.1242, "frac_water": 0.0247, "ndvi_mean": 0.1635, "ndvi_std": 0.0333, "ndbi_mean": 0.2333, "building_density": 261.3, "building_height_mean": 19.4, "road_density": 1795.5, "park_area_frac": 0.0931, "tree_canopy_frac": 0.1163, "dist_to_water": 2493.4, "water_area_frac": 0.0247, "air_temp_max": 45.3, "wind_speed_mean": 2.54, "solar_radiation": 328.9, "veg_imperv_ratio": 0.3175, "green_deficit": 0.6994, "thermal_mass_proxy": 5069.2, "cooling_potential": 260.7, "sky_view_factor": 0.693, "tier": "high", "delta_above_mean": 2.39, "priority_score": 1.6}}, {"type": "Feature", "geometry": {"type": "Polygon", "coordinates": [[[76.72254631582857, 30.744430754515527], [76.72776752201428, 30.74436131789639], [76.72784804371281, 30.748871048511937], [76.72262659448931, 30.748940497506496], [76.72254631582857, 30.744430754515527]]]}, "properties": {"grid_id": "cell_0157", "lst_mean": 41.61, "lst_max": 43.94, "frac_impervious": 0.6219, "frac_vegetation": 0.2293, "frac_bare_soil": 0.1277, "frac_water": 0.0212, "ndvi_mean": 0.2276, "ndvi_std": 0.0204, "ndbi_mean": 0.1189, "building_density": 217.7, "building_height_mean": 18.4, "road_density": 1725.4, "park_area_frac": 0.179, "tree_canopy_frac": 0.0909, "dist_to_water": 2669.1, "water_area_frac": 0.0212, "air_temp_max": 44.1, "wind_speed_mean": 2.11, "solar_radiation": 310.3, "veg_imperv_ratio": 0.3629, "green_deficit": 0.5917, "thermal_mass_proxy": 4005.7, "cooling_potential": 239.1, "sky_view_factor": 0.7089, "tier": "normal", "delta_above_mean": -0.7, "priority_score": 0.0}}, {"type": "Feature", "geometry": {"type": "Polygon", "coordinates": [[[76.72262659448931, 30.748940497506496], [76.72784804371281, 30.748871048511937], [76.72792858357035, 30.753380775799144], [76.72270689125428, 30.753450237170245], [76.72262659448931, 30.748940497506496]]]}, "properties": {"grid_id": "cell_0158", "lst_mean": 42.95, "lst_max": 49.88, "frac_impervious": 0.5879, "frac_vegetation": 0.2545, "frac_bare_soil": 0.1287, "frac_water": 0.0289, "ndvi_mean": 0.2068, "ndvi_std": 0.0347, "ndbi_mean": 0.1016, "building_density": 220.8, "building_height_mean": 13.2, "road_density": 1237.6, "park_area_frac": 0.0591, "tree_canopy_frac": 0.1409, "dist_to_water": 3626.2, "water_area_frac": 0.0289, "air_temp_max": 42.8, "wind_speed_mean": 2.49, "solar_radiation": 316.9, "veg_imperv_ratio": 0.4257, "green_deficit": 0.6864, "thermal_mass_proxy": 2914.6, "cooling_potential": 236.2, "sky_view_factor": 0.7911, "tier": "moderate", "delta_above_mean": 0.64, "priority_score": 0.3}}, {"type": "Feature", "geometry": {"type": "Polygon", "coordinates": [[[76.72270689125428, 30.753450237170245], [76.72792858357035, 30.753380775799144], [76.7280091415904, 30.75789049975771], [76.722787206127, 30.757959973506495], [76.72270689125428, 30.753450237170245]]]}, "properties": {"grid_id": "cell_0159", "lst_mean": 45.39, "lst_max": 47.64, "frac_impervious": 0.6534, "frac_vegetation": 0.2193, "frac_bare_soil": 0.1068, "frac_water": 0.0204, "ndvi_mean": 0.2387, "ndvi_std": 0.0315, "ndbi_mean": 0.1387, "building_density": 229.9, "building_height_mean": 14.1, "road_density": 1589.5, "park_area_frac": 0.0544, "tree_canopy_frac": 0.1138, "dist_to_water": 3813.7, "water_area_frac": 0.0204, "air_temp_max": 41.9, "wind_speed_mean": 1.53, "solar_radiation": 323.1, "veg_imperv_ratio": 0.3306, "green_deficit": 0.7263, "thermal_mass_proxy": 3241.6, "cooling_potential": 252.2, "sky_view_factor": 0.7769, "tier": "high", "delta_above_mean": 3.08, "priority_score": 1.9}}, {"type": "Feature", "geometry": {"type": "Polygon", "coordinates": [[[76.722787206127, 30.757959973506495], [76.7280091415904, 30.75789049975771], [76.72808971777651, 30.762400220387313], [76.72286753911096, 30.762469706514892], [76.722787206127, 30.757959973506495]]]}, "properties": {"grid_id": "cell_0160", "lst_mean": 40.54, "lst_max": 46.21, "frac_impervious": 0.5412, "frac_vegetation": 0.2682, "frac_bare_soil": 0.1671, "frac_water": 0.0235, "ndvi_mean": 0.2639, "ndvi_std": 0.0349, "ndbi_mean": 0.1174, "building_density": 198.2, "building_height_mean": 14.1, "road_density": 1368.3, "park_area_frac": 0.0586, "tree_canopy_frac": 0.1671, "dist_to_water": 4696.8, "water_area_frac": 0.0235, "air_temp_max": 42.7, "wind_speed_mean": 2.31, "solar_radiation": 312.0, "veg_imperv_ratio": 0.4866, "green_deficit": 0.6732, "thermal_mass_proxy": 2794.6, "cooling_potential": 228.3, "sky_view_factor": 0.7769, "tier": "normal", "delta_above_mean": -1.77, "priority_score": 0.0}}, {"type": "Feature", "geometry": {"type": "Polygon", "coordinates": [[[76.72286753911096, 30.762469706514892], [76.72808971777651, 30.762400220387313], [76.72817031213218, 30.766909937687625], [76.72294789020971, 30.76697943619515], [76.72286753911096, 30.762469706514892]]]}, "properties": {"grid_id": "cell_0161", "lst_mean": 42.21, "lst_max": 45.05, "frac_impervious": 0.5574, "frac_vegetation": 0.2408, "frac_bare_soil": 0.1762, "frac_water": 0.0256, "ndvi_mean": 0.2616, "ndvi_std": 0.0323, "ndbi_mean": 0.0712, "building_density": 219.2, "building_height_mean": 12.1, "road_density": 1506.3, "park_area_frac": 0.0741, "tree_canopy_frac": 0.1489, "dist_to_water": 5015.4, "water_area_frac": 0.0256, "air_temp_max": 42.2, "wind_speed_mean": 1.78, "solar_radiation": 330.2, "veg_imperv_ratio": 0.4244, "green_deficit": 0.6851, "thermal_mass_proxy": 2652.3, "cooling_potential": 250.7, "sky_view_factor": 0.8085, "tier": "normal", "delta_above_mean": -0.1, "priority_score": 0.0}}, {"type": "Feature", "geometry": {"type": "Polygon", "coordinates": [[[76.72294789020971, 30.76697943619515], [76.72817031213218, 30.766909937687625], [76.72825092466094, 30.77141965165834], [76.72302825942673, 30.77148916254692], [76.72294789020971, 30.76697943619515]]]}, "properties": {"grid_id": "cell_0162", "lst_mean": 43.96, "lst_max": 46.67, "frac_impervious": 0.6778, "frac_vegetation": 0.1938, "frac_bare_soil": 0.1083, "frac_water": 0.0201, "ndvi_mean": 0.1713, "ndvi_std": 0.029, "ndbi_mean": 0.1718, "building_density": 226.9, "building_height_mean": 12.9, "road_density": 1626.0, "park_area_frac": 0.0739, "tree_canopy_frac": 0.1108, "dist_to_water": 5535.1, "water_area_frac": 0.0201, "air_temp_max": 45.2, "wind_speed_mean": 2.79, "solar_radiation": 322.0, "veg_imperv_ratio": 0.2818, "green_deficit": 0.7323, "thermal_mass_proxy": 2927.0, "cooling_potential": 259.6, "sky_view_factor": 0.7959, "tier": "moderate", "delta_above_mean": 1.65, "priority_score": 1.2}}, {"type": "Feature", "geometry": {"type": "Polygon", "coordinates": [[[76.72302825942673, 30.77148916254692], [76.72825092466094, 30.77141965165834], [76.72833155536632, 30.775929362299156], [76.72310864676555, 30.775998885569926], [76.72302825942673, 30.77148916254692]]]}, "properties": {"grid_id": "cell_0163", "lst_mean": 41.22, "lst_max": 43.61, "frac_impervious": 0.5673, "frac_vegetation": 0.2409, "frac_bare_soil": 0.1278, "frac_water": 0.0639, "ndvi_mean": 0.2347, "ndvi_std": 0.0354, "ndbi_mean": 0.1777, "building_density": 185.4, "building_height_mean": 12.1, "road_density": 1474.2, "park_area_frac": 0.0944, "tree_canopy_frac": 0.1796, "dist_to_water": 6133.4, "water_area_frac": 0.0639, "air_temp_max": 43.0, "wind_speed_mean": 3.44, "solar_radiation": 338.6, "veg_imperv_ratio": 0.4173, "green_deficit": 0.6647, "thermal_mass_proxy": 2243.3, "cooling_potential": 257.0, "sky_view_factor": 0.8085, "tier": "normal", "delta_above_mean": -1.09, "priority_score": 0.0}}, {"type": "Feature", "geometry": {"type": "Polygon", "coordinates": [[[76.72310864676555, 30.775998885569926], [76.72833155536632, 30.775929362299156], [76.72841220425185, 30.780439069609734], [76.72318905222969, 30.780508605263822], [76.72310864676555, 30.775998885569926]]]}, "properties": {"grid_id": "cell_0164", "lst_mean": 42.07, "lst_max": 45.59, "frac_impervious": 0.586, "frac_vegetation": 0.2403, "frac_bare_soil": 0.1511, "frac_water": 0.0226, "ndvi_mean": 0.2391, "ndvi_std": 0.0329, "ndbi_mean": 0.1389, "building_density": 230.0, "building_height_mean": 14.8, "road_density": 1498.8, "park_area_frac": 0.0816, "tree_canopy_frac": 0.1314, "dist_to_water": 6556.0, "water_area_frac": 0.0226, "air_temp_max": 42.3, "wind_speed_mean": 2.22, "solar_radiation": 324.2, "veg_imperv_ratio": 0.4032, "green_deficit": 0.6781, "thermal_mass_proxy": 3404.0, "cooling_potential": 246.3, "sky_view_factor": 0.7658, "tier": "normal", "delta_above_mean": -0.24, "priority_score": 0.0}}, {"type": "Feature", "geometry": {"type": "Polygon", "coordinates": [[[76.72318905222969, 30.780508605263822], [76.72841220425185, 30.780439069609734], [76.72849287132107, 30.784948773589768], [76.72326947582265, 30.785018321628314], [76.72318905222969, 30.780508605263822]]]}, "properties": {"grid_id": "cell_0165", "lst_mean": 40.54, "lst_max": 44.27, "frac_impervious": 0.5221, "frac_vegetation": 0.3218, "frac_bare_soil": 0.1337, "frac_water": 0.0224, "ndvi_mean": 0.2467, "ndvi_std": 0.0478, "ndbi_mean": 0.1001, "building_density": 196.3, "building_height_mean": 9.9, "road_density": 1448.5, "park_area_frac": 0.0674, "tree_canopy_frac": 0.1486, "dist_to_water": 7326.7, "water_area_frac": 0.0224, "air_temp_max": 40.9, "wind_speed_mean": 2.32, "solar_radiation": 278.2, "veg_imperv_ratio": 0.6048, "green_deficit": 0.6108, "thermal_mass_proxy": 1943.4, "cooling_potential": 188.7, "sky_view_factor": 0.8434, "tier": "normal", "delta_above_mean": -1.77, "priority_score": 0.0}}, {"type": "Feature", "geometry": {"type": "Polygon", "coordinates": [[[76.72326947582265, 30.785018321628314], [76.72849287132107, 30.784948773589768], [76.72857355657747, 30.78945847423895], [76.72334991754796, 30.78952803466306], [76.72326947582265, 30.785018321628314]]]}, "properties": {"grid_id": "cell_0166", "lst_mean": 43.12, "lst_max": 46.07, "frac_impervious": 0.6223, "frac_vegetation": 0.2095, "frac_bare_soil": 0.1442, "frac_water": 0.024, "ndvi_mean": 0.1816, "ndvi_std": 0.0404, "ndbi_mean": 0.1304, "building_density": 237.8, "building_height_mean": 11.8, "road_density": 1450.7, "park_area_frac": 0.0742, "tree_canopy_frac": 0.1281, "dist_to_water": 7797.0, "water_area_frac": 0.024, "air_temp_max": 42.4, "wind_speed_mean": 3.23, "solar_radiation": 305.6, "veg_imperv_ratio": 0.3313, "green_deficit": 0.7163, "thermal_mass_proxy": 2806.0, "cooling_potential": 241.6, "sky_view_factor": 0.8133, "tier": "moderate", "delta_above_mean": 0.81, "priority_score": 0.5}}, {"type": "Feature", "geometry": {"type": "Polygon", "coordinates": [[[76.72334991754796, 30.78952803466306], [76.72857355657747, 30.78945847423895], [76.7286542600246, 30.793968171556926], [76.72343037740914, 30.794037744367756], [76.72334991754796, 30.78952803466306]]]}, "properties": {"grid_id": "cell_0167", "lst_mean": 42.37, "lst_max": 44.45, "frac_impervious": 0.6069, "frac_vegetation": 0.1873, "frac_bare_soil": 0.1685, "frac_water": 0.0374, "ndvi_mean": 0.2419, "ndvi_std": 0.0259, "ndbi_mean": 0.1697, "building_density": 246.9, "building_height_mean": 12.6, "road_density": 1517.2, "park_area_frac": 0.077, "tree_canopy_frac": 0.1361, "dist_to_water": 7743.6, "water_area_frac": 0.0374, "air_temp_max": 45.1, "wind_speed_mean": 2.46, "solar_radiation": 288.2, "veg_imperv_ratio": 0.3036, "green_deficit": 0.7357, "thermal_mass_proxy": 3110.9, "cooling_potential": 234.2, "sky_view_factor": 0.8006, "tier": "moderate", "delta_above_mean": 0.06, "priority_score": 0.0}}, {"type": "Feature", "geometry": {"type": "Polygon", "coordinates": [[[76.72343037740914, 30.794037744367756], [76.7286542600246, 30.793968171556926], [76.72873498166601, 30.79847786554343], [76.72351085540973, 30.798547450742088], [76.72343037740914, 30.794037744367756]]]}, "properties": {"grid_id": "cell_0168", "lst_mean": 39.33, "lst_max": 45.09, "frac_impervious": 0.625, "frac_vegetation": 0.2649, "frac_bare_soil": 0.0856, "frac_water": 0.0245, "ndvi_mean": 0.2393, "ndvi_std": 0.0539, "ndbi_mean": 0.1252, "building_density": 163.1, "building_height_mean": 9.2, "road_density": 1164.1, "park_area_frac": 0.0729, "tree_canopy_frac": 0.1647, "dist_to_water": 8454.9, "water_area_frac": 0.0245, "air_temp_max": 42.8, "wind_speed_mean": 3.06, "solar_radiation": 299.8, "veg_imperv_ratio": 0.4172, "green_deficit": 0.6622, "thermal_mass_proxy": 1500.5, "cooling_potential": 220.4, "sky_view_factor": 0.8544, "tier": "cool", "delta_above_mean": -2.98, "priority_score": 0.0}}, {"type": "Feature", "geometry": {"type": "Polygon", "coordinates": [[[76.72351085540973, 30.798547450742088], [76.72873498166601, 30.79847786554343], [76.72881572150521, 30.802987556198115], [76.72359135155322, 30.803057153785748], [76.72351085540973, 30.798547450742088]]]}, "properties": {"grid_id": "cell_0169", "lst_mean": 33.8, "lst_max": 41.7, "frac_impervious": 0.5442, "frac_vegetation": 0.6573, "frac_bare_soil": 0.1727, "frac_water": 0.0258, "ndvi_mean": 0.6497, "ndvi_std": 0.0308, "ndbi_mean": 0.1731, "building_density": 170.3, "building_height_mean": 11.0, "road_density": 1303.3, "park_area_frac": 0.5466, "tree_canopy_frac": 0.3873, "dist_to_water": 9158.3, "water_area_frac": 0.0258, "air_temp_max": 42.2, "wind_speed_mean": 3.38, "solar_radiation": 288.1, "veg_imperv_ratio": 1.186, "green_deficit": 0.0, "thermal_mass_proxy": 1873.3, "cooling_potential": 98.7, "sky_view_factor": 0.8259, "tier": "cool", "delta_above_mean": -8.51, "priority_score": 0.0}}, {"type": "Feature", "geometry": {"type": "Polygon", "coordinates": [[[76.72608075485104, 30.64965620668772], [76.73129685179389, 30.64958682053133], [76.73137723485131, 30.654096608579337], [76.72616089602184, 30.654166007124886], [76.72608075485104, 30.64965620668772]]]}, "properties": {"grid_id": "cell_0170", "lst_mean": 39.74, "lst_max": 42.58, "frac_impervious": 0.5148, "frac_vegetation": 0.3047, "frac_bare_soil": 0.1597, "frac_water": 0.0208, "ndvi_mean": 0.2277, "ndvi_std": 0.0282, "ndbi_mean": 0.1639, "building_density": 147.8, "building_height_mean": 9.9, "road_density": 1168.4, "park_area_frac": 0.0819, "tree_canopy_frac": 0.1876, "dist_to_water": 7395.0, "water_area_frac": 0.0208, "air_temp_max": 44.9, "wind_speed_mean": 2.71, "solar_radiation": 320.8, "veg_imperv_ratio": 0.5806, "green_deficit": 0.6134, "thermal_mass_proxy": 1463.2, "cooling_potential": 223.1, "sky_view_factor": 0.8434, "tier": "cool", "delta_above_mean": -2.57, "priority_score": 0.0}}, {"type": "Feature", "geometry": {"type": "Polygon", "coordinates": [[[76.72616089602184, 30.654166007124886], [76.73137723485131, 30.654096608579337], [76.73145763604859, 30.658606393304566], [76.72624105527795, 30.658675804240378], [76.72616089602184, 30.654166007124886]]]}, "properties": {"grid_id": "cell_0171", "lst_mean": 41.53, "lst_max": 44.96, "frac_impervious": 0.5921, "frac_vegetation": 0.2644, "frac_bare_soil": 0.1251, "frac_water": 0.0183, "ndvi_mean": 0.1956, "ndvi_std": 0.045, "ndbi_mean": 0.1446, "building_density": 160.0, "building_height_mean": 8.9, "road_density": 1216.2, "park_area_frac": 0.0768, "tree_canopy_frac": 0.1954, "dist_to_water": 6767.9, "water_area_frac": 0.0183, "air_temp_max": 41.8, "wind_speed_mean": 2.68, "solar_radiation": 302.8, "veg_imperv_ratio": 0.4391, "green_deficit": 0.6588, "thermal_mass_proxy": 1424.0, "cooling_potential": 222.7, "sky_view_factor": 0.8592, "tier": "normal", "delta_above_mean": -0.78, "priority_score": 0.0}}, {"type": "Feature", "geometry": {"type": "Polygon", "coordinates": [[[76.72624105527795, 30.658675804240378], [76.73145763604859, 30.658606393304566], [76.73153805538925, 30.663116174706687], [76.72632123262291, 30.663185598033888], [76.72624105527795, 30.658675804240378]]]}, "properties": {"grid_id": "cell_0172", "lst_mean": 42.67, "lst_max": 45.57, "frac_impervious": 0.5914, "frac_vegetation": 0.2471, "frac_bare_soil": 0.1368, "frac_water": 0.0247, "ndvi_mean": 0.2065, "ndvi_std": 0.0316, "ndbi_mean": 0.1362, "building_density": 222.3, "building_height_mean": 9.2, "road_density": 1200.8, "park_area_frac": 0.079, "tree_canopy_frac": 0.1308, "dist_to_water": 6427.4, "water_area_frac": 0.0247, "air_temp_max": 41.5, "wind_speed_mean": 2.67, "solar_radiation": 331.0, "veg_imperv_ratio": 0.4109, "green_deficit": 0.6739, "thermal_mass_proxy": 2045.2, "cooling_potential": 249.2, "sky_view_factor": 0.8544, "tier": "moderate", "delta_above_mean": 0.36, "priority_score": 0.2}}, {"type": "Feature", "geometry": {"type": "Polygon", "coordinates": [[[76.72632123262291, 30.663185598033888], [76.73153805538925, 30.663116174706687], [76.73161849287682, 30.667625952785386], [76.7264014280602, 30.667695388505106], [76.72632123262291, 30.663185598033888]]]}, "properties": {"grid_id": "cell_0173", "lst_mean": 36.02, "lst_max": 38.6, "frac_impervious": 0.5365, "frac_vegetation": 0.6582, "frac_bare_soil": 0.1323, "frac_water": 0.0346, "ndvi_mean": 0.4894, "ndvi_std": 0.0469, "ndbi_mean": 0.1455, "building_density": 187.0, "building_height_mean": 8.6, "road_density": 1308.6, "park_area_frac": 0.398, "tree_canopy_frac": 0.3955, "dist_to_water": 6054.4, "water_area_frac": 0.0346, "air_temp_max": 43.5, "wind_speed_mean": 2.07, "solar_radiation": 283.6, "veg_imperv_ratio": 1.2044, "green_deficit": 0.0, "thermal_mass_proxy": 1608.2, "cooling_potential": 96.9, "sky_view_factor": 0.8639, "tier": "cool", "delta_above_mean": -6.29, "priority_score": 0.0}}, {"type": "Feature", "geometry": {"type": "Polygon", "coordinates": [[[76.7264014280602, 30.667695388505106], [76.73161849287682, 30.667625952785386], [76.73169894851478, 30.672135727540333], [76.72648164159328, 30.672205175653712], [76.7264014280602, 30.667695388505106]]]}, "properties": {"grid_id": "cell_0174", "lst_mean": 41.85, "lst_max": 43.97, "frac_impervious": 0.5951, "frac_vegetation": 0.2394, "frac_bare_soil": 0.1128, "frac_water": 0.0527, "ndvi_mean": 0.1878, "ndvi_std": 0.0151, "ndbi_mean": 0.1709, "building_density": 204.1, "building_height_mean": 14.5, "road_density": 1361.9, "park_area_frac": 0.0818, "tree_canopy_frac": 0.157, "dist_to_water": 4762.5, "water_area_frac": 0.0527, "air_temp_max": 43.6, "wind_speed_mean": 3.06, "solar_radiation": 306.1, "veg_imperv_ratio": 0.3956, "green_deficit": 0.6788, "thermal_mass_proxy": 2959.4, "cooling_potential": 232.8, "sky_view_factor": 0.7706, "tier": "normal", "delta_above_mean": -0.46, "priority_score": 0.0}}, {"type": "Feature", "geometry": {"type": "Polygon", "coordinates": [[[76.72648164159328, 30.672205175653712], [76.73169894851478, 30.672135727540333], [76.73177942230663, 30.676645498971244], [76.72656187322572, 30.676714959479384], [76.72648164159328, 30.672205175653712]]]}, "properties": {"grid_id": "cell_0175", "lst_mean": 43.47, "lst_max": 46.38, "frac_impervious": 0.641, "frac_vegetation": 0.1815, "frac_bare_soil": 0.1592, "frac_water": 0.0183, "ndvi_mean": 0.1904, "ndvi_std": 0.0484, "ndbi_mean": 0.1322, "building_density": 220.7, "building_height_mean": 14.2, "road_density": 1312.7, "park_area_frac": 0.0753, "tree_canopy_frac": 0.114, "dist_to_water": 4850.6, "water_area_frac": 0.0183, "air_temp_max": 42.3, "wind_speed_mean": 3.03, "solar_radiation": 294.1, "veg_imperv_ratio": 0.2788, "green_deficit": 0.7432, "thermal_mass_proxy": 3133.9, "cooling_potential": 240.7, "sky_view_factor": 0.7753, "tier": "moderate", "delta_above_mean": 1.16, "priority_score": 0.9}}, {"type": "Feature", "geometry": {"type": "Polygon", "coordinates": [[[76.72656187322572, 30.676714959479384], [76.73177942230663, 30.676645498971244], [76.73185991425592, 30.68115526707776], [76.72664212296095, 30.681224739981815], [76.72656187322572, 30.676714959479384]]]}, "properties": {"grid_id": "cell_0176", "lst_mean": 42.31, "lst_max": 46.87, "frac_impervious": 0.565, "frac_vegetation": 0.2573, "frac_bare_soil": 0.1484, "frac_water": 0.0293, "ndvi_mean": 0.178, "ndvi_std": 0.0473, "ndbi_mean": 0.1102, "building_density": 182.4, "building_height_mean": 10.8, "road_density": 1247.3, "park_area_frac": 0.0703, "tree_canopy_frac": 0.1494, "dist_to_water": 4215.6, "water_area_frac": 0.0293, "air_temp_max": 41.8, "wind_speed_mean": 2.82, "solar_radiation": 331.4, "veg_imperv_ratio": 0.4475, "green_deficit": 0.6724, "thermal_mass_proxy": 1969.9, "cooling_potential": 246.1, "sky_view_factor": 0.8291, "tier": "normal", "delta_above_mean": -0.0, "priority_score": -0.0}}, {"type": "Feature", "geometry": {"type": "Polygon", "coordinates": [[[76.72664212296095, 30.681224739981815], [76.73185991425592, 30.68115526707776], [76.73194042436614, 30.6856650318596], [76.72672239080252, 30.685734517160668], [76.72664212296095, 30.681224739981815]]]}, "properties": {"grid_id": "cell_0177", "lst_mean": 42.35, "lst_max": 44.38, "frac_impervious": 0.622, "frac_vegetation": 0.1711, "frac_bare_soil": 0.1581, "frac_water": 0.0489, "ndvi_mean": 0.152, "ndvi_std": 0.0187, "ndbi_mean": 0.1091, "building_density": 211.6, "building_height_mean": 16.5, "road_density": 1531.2, "park_area_frac": 0.0751, "tree_canopy_frac": 0.0941, "dist_to_water": 4298.6, "water_area_frac": 0.0489, "air_temp_max": 45.6, "wind_speed_mean": 3.29, "solar_radiation": 336.8, "veg_imperv_ratio": 0.2707, "green_deficit": 0.7538, "thermal_mass_proxy": 3491.4, "cooling_potential": 279.2, "sky_view_factor": 0.7389, "tier": "moderate", "delta_above_mean": 0.04, "priority_score": 0.0}}, {"type": "Feature", "geometry": {"type": "Polygon", "coordinates": [[[76.72672239080252, 30.685734517160668], [76.73194042436614, 30.6856650318596], [76.73202095264081, 30.690174793316405], [76.72680267675392, 30.690244291015624], [76.72672239080252, 30.685734517160668]]]}, "properties": {"grid_id": "cell_0178", "lst_mean": 41.53, "lst_max": 44.84, "frac_impervious": 0.6088, "frac_vegetation": 0.216, "frac_bare_soil": 0.1523, "frac_water": 0.0229, "ndvi_mean": 0.2281, "ndvi_std": 0.0225, "ndbi_mean": 0.1558, "building_density": 183.4, "building_height_mean": 12.6, "road_density": 1502.2, "park_area_frac": 0.0669, "tree_canopy_frac": 0.1239, "dist_to_water": 3753.6, "water_area_frac": 0.0229, "air_temp_max": 42.5, "wind_speed_mean": 2.62, "solar_radiation": 309.4, "veg_imperv_ratio": 0.3491, "green_deficit": 0.7171, "thermal_mass_proxy": 2310.8, "cooling_potential": 242.6, "sky_view_factor": 0.8006, "tier": "normal", "delta_above_mean": -0.78, "priority_score": 0.0}}, {"type": "Feature", "geometry": {"type": "Polygon", "coordinates": [[[76.72680267675392, 30.690244291015624], [76.73202095264081, 30.690174793316405], [76.73210149908344, 30.69468455144788], [76.72688298081864, 30.694754061546384], [76.72680267675392, 30.690244291015624]]]}, "properties": {"grid_id": "cell_0179", "lst_mean": 41.94, "lst_max": 47.13, "frac_impervious": 0.6779, "frac_vegetation": 0.2157, "frac_bare_soil": 0.0751, "frac_water": 0.0313, "ndvi_mean": 0.2259, "ndvi_std": 0.054, "ndbi_mean": 0.1912, "building_density": 239.0, "building_height_mean": 18.0, "road_density": 1712.8, "park_area_frac": 0.054, "tree_canopy_frac": 0.14, "dist_to_water": 3121.0, "water_area_frac": 0.0313, "air_temp_max": 41.8, "wind_speed_mean": 2.73, "solar_radiation": 289.2, "veg_imperv_ratio": 0.3136, "green_deficit": 0.7303, "thermal_mass_proxy": 4302.0, "cooling_potential": 226.8, "sky_view_factor": 0.7152, "tier": "normal", "delta_above_mean": -0.37, "priority_score": 0.0}}, {"type": "Feature", "geometry": {"type": "Polygon", "coordinates": [[[76.72688298081864, 30.694754061546384], [76.73210149908344, 30.69468455144788], [76.73218206369754, 30.699194306253712], [76.72696330300022, 30.69926382875262], [76.72688298081864, 30.694754061546384]]]}, "properties": {"grid_id": "cell_0180", "lst_mean": 44.59, "lst_max": 46.96, "frac_impervious": 0.6499, "frac_vegetation": 0.2002, "frac_bare_soil": 0.1306, "frac_water": 0.0194, "ndvi_mean": 0.1883, "ndvi_std": 0.0286, "ndbi_mean": 0.1195, "building_density": 172.6, "building_height_mean": 16.1, "road_density": 1495.1, "park_area_frac": 0.0521, "tree_canopy_frac": 0.1296, "dist_to_water": 2583.2, "water_area_frac": 0.0194, "air_temp_max": 43.8, "wind_speed_mean": 2.85, "solar_radiation": 308.9, "veg_imperv_ratio": 0.3034, "green_deficit": 0.7477, "thermal_mass_proxy": 2778.9, "cooling_potential": 247.1, "sky_view_factor": 0.7453, "tier": "high", "delta_above_mean": 2.28, "priority_score": 1.5}}, {"type": "Feature", "geometry": {"type": "Polygon", "coordinates": [[[76.72696330300022, 30.69926382875262], [76.73218206369754, 30.699194306253712], [76.73226264648666, 30.703704057733574], [76.72704364330214, 30.703773592634015], [76.72696330300022, 30.69926382875262]]]}, "properties": {"grid_id": "cell_0181", "lst_mean": 42.6, "lst_max": 44.9, "frac_impervious": 0.6044, "frac_vegetation": 0.2316, "frac_bare_soil": 0.1198, "frac_water": 0.0443, "ndvi_mean": 0.1853, "ndvi_std": 0.0302, "ndbi_mean": 0.1281, "building_density": 222.2, "building_height_mean": 11.7, "road_density": 1393.9, "park_area_frac": 0.0709, "tree_canopy_frac": 0.1808, "dist_to_water": 2170.2, "water_area_frac": 0.0443, "air_temp_max": 44.5, "wind_speed_mean": 2.33, "solar_radiation": 314.2, "veg_imperv_ratio": 0.377, "green_deficit": 0.6975, "thermal_mass_proxy": 2599.7, "cooling_potential": 241.4, "sky_view_factor": 0.8149, "tier": "moderate", "delta_above_mean": 0.29, "priority_score": 0.2}}, {"type": "Feature", "geometry": {"type": "Polygon", "coordinates": [[[76.72704364330214, 30.703773592634015], [76.73226264648666, 30.703704057733574], [76.73234324745428, 30.70821380588716], [76.72712400172792, 30.70828335319025], [76.72704364330214, 30.703773592634015]]]}, "properties": {"grid_id": "cell_0182", "lst_mean": 36.3, "lst_max": 40.52, "frac_impervious": 0.6289, "frac_vegetation": 0.5618, "frac_bare_soil": 0.1564, "frac_water": 0.0328, "ndvi_mean": 0.591, "ndvi_std": 0.0119, "ndbi_mean": 0.1111, "building_density": 252.9, "building_height_mean": 12.5, "road_density": 1432.9, "park_area_frac": 0.3237, "tree_canopy_frac": 0.3064, "dist_to_water": 1359.5, "water_area_frac": 0.0328, "air_temp_max": 42.9, "wind_speed_mean": 3.3, "solar_radiation": 288.0, "veg_imperv_ratio": 0.8793, "green_deficit": 0.1145, "thermal_mass_proxy": 3161.2, "cooling_potential": 126.2, "sky_view_factor": 0.8022, "tier": "cool", "delta_above_mean": -6.01, "priority_score": 0.0}}, {"type": "Feature", "geometry": {"type": "Polygon", "coordinates": [[[76.72712400172792, 30.70828335319025], [76.73234324745428, 30.70821380588716], [76.73242386660394, 30.712723550714138], [76.72720437828106, 30.712793110421014], [76.72712400172792, 30.70828335319025]]]}, "properties": {"grid_id": "cell_0183", "lst_mean": 45.57, "lst_max": 48.01, "frac_impervious": 0.7028, "frac_vegetation": 0.186, "frac_bare_soil": 0.0631, "frac_water": 0.0481, "ndvi_mean": 0.1818, "ndvi_std": 0.0314, "ndbi_mean": 0.1541, "building_density": 241.3, "building_height_mean": 16.5, "road_density": 1620.0, "park_area_frac": 0.1224, "tree_canopy_frac": 0.1468, "dist_to_water": 1307.7, "water_area_frac": 0.0481, "air_temp_max": 44.4, "wind_speed_mean": 2.61, "solar_radiation": 347.8, "veg_imperv_ratio": 0.2609, "green_deficit": 0.6916, "thermal_mass_proxy": 3981.4, "cooling_potential": 283.1, "sky_view_factor": 0.7389, "tier": "high", "delta_above_mean": 3.26, "priority_score": 2.4}}, {"type": "Feature", "geometry": {"type": "Polygon", "coordinates": [[[76.72720437828106, 30.712793110421014], [76.73242386660394, 30.712723550714138], [76.73250450393915, 30.71723329221419], [76.72728477296508, 30.717302864325987], [76.72720437828106, 30.712793110421014]]]}, "properties": {"grid_id": "cell_0184", "lst_mean": 43.84, "lst_max": 46.16, "frac_impervious": 0.655, "frac_vegetation": 0.1945, "frac_bare_soil": 0.1207, "frac_water": 0.0298, "ndvi_mean": 0.2166, "ndvi_std": 0.0333, "ndbi_mean": 0.1785, "building_density": 202.1, "building_height_mean": 14.3, "road_density": 1819.6, "park_area_frac": 0.0609, "tree_canopy_frac": 0.1126, "dist_to_water": 573.7, "water_area_frac": 0.0298, "air_temp_max": 41.9, "wind_speed_mean": 3.08, "solar_radiation": 339.6, "veg_imperv_ratio": 0.2925, "green_deficit": 0.7446, "thermal_mass_proxy": 2890.0, "cooling_potential": 273.5, "sky_view_factor": 0.7737, "tier": "moderate", "delta_above_mean": 1.53, "priority_score": 1.1}}, {"type": "Feature", "geometry": {"type": "Polygon", "coordinates": [[[76.72728477296508, 30.717302864325987], [76.73250450393915, 30.71723329221419], [76.73258515946345, 30.721743030387007], [76.72736518578347, 30.72181261490484], [76.72728477296508, 30.717302864325987]]]}, "properties": {"grid_id": "cell_0185", "lst_mean": 43.34, "lst_max": 46.06, "frac_impervious": 0.6827, "frac_vegetation": 0.1881, "frac_bare_soil": 0.105, "frac_water": 0.0242, "ndvi_mean": 0.2219, "ndvi_std": 0.0422, "ndbi_mean": 0.1511, "building_density": 233.8, "building_height_mean": 18.6, "road_density": 1816.6, "park_area_frac": 0.0598, "tree_canopy_frac": 0.1111, "dist_to_water": 236.6, "water_area_frac": 0.1039, "air_temp_max": 44.7, "wind_speed_mean": 1.84, "solar_radiation": 286.2, "veg_imperv_ratio": 0.2715, "green_deficit": 0.7521, "thermal_mass_proxy": 4348.7, "cooling_potential": 232.4, "sky_view_factor": 0.7057, "tier": "moderate", "delta_above_mean": 1.03, "priority_score": 0.7}}, {"type": "Feature", "geometry": {"type": "Polygon", "coordinates": [[[76.72736518578347, 30.72181261490484], [76.73258515946345, 30.721743030387007], [76.73266583318036, 30.72625276523227], [76.72744561673977, 30.72632236215727], [76.72736518578347, 30.72181261490484]]]}, "properties": {"grid_id": "cell_0186", "lst_mean": 42.04, "lst_max": 44.79, "frac_impervious": 0.6055, "frac_vegetation": 0.2288, "frac_bare_soil": 0.1231, "frac_water": 0.0426, "ndvi_mean": 0.1995, "ndvi_std": 0.0243, "ndbi_mean": 0.1332, "building_density": 235.3, "building_height_mean": 20.7, "road_density": 1799.3, "park_area_frac": 0.0546, "tree_canopy_frac": 0.1545, "dist_to_water": 624.2, "water_area_frac": 0.0426, "air_temp_max": 42.3, "wind_speed_mean": 2.56, "solar_radiation": 293.5, "veg_imperv_ratio": 0.3717, "green_deficit": 0.7166, "thermal_mass_proxy": 4870.7, "cooling_potential": 226.3, "sky_view_factor": 0.6725, "tier": "normal", "delta_above_mean": -0.27, "priority_score": 0.0}}, {"type": "Feature", "geometry": {"type": "Polygon", "coordinates": [[[76.72744561673977, 30.72632236215727], [76.73266583318036, 30.72625276523227], [76.73274652509339, 30.730762496749655], [76.7275260658375, 30.730832106082964], [76.72744561673977, 30.72632236215727]]]}, "properties": {"grid_id": "cell_0187", "lst_mean": 42.73, "lst_max": 47.84, "frac_impervious": 0.622, "frac_vegetation": 0.2222, "frac_bare_soil": 0.1339, "frac_water": 0.0219, "ndvi_mean": 0.1765, "ndvi_std": 0.0226, "ndbi_mean": 0.1, "building_density": 216.7, "building_height_mean": 14.6, "road_density": 1764.0, "park_area_frac": 0.0525, "tree_canopy_frac": 0.1503, "dist_to_water": 1057.8, "water_area_frac": 0.0219, "air_temp_max": 44.1, "wind_speed_mean": 2.32, "solar_radiation": 318.0, "veg_imperv_ratio": 0.3516, "green_deficit": 0.7253, "thermal_mass_proxy": 3163.8, "cooling_potential": 247.3, "sky_view_factor": 0.769, "tier": "moderate", "delta_above_mean": 0.42, "priority_score": 0.3}}, {"type": "Feature", "geometry": {"type": "Polygon", "coordinates": [[[76.7275260658375, 30.730832106082964], [76.73274652509339, 30.730762496749655], [76.73282723520607, 30.735272224938843], [76.72760653308013, 30.735341846681596], [76.7275260658375, 30.730832106082964]]]}, "properties": {"grid_id": "cell_0188", "lst_mean": 42.07, "lst_max": 45.52, "frac_impervious": 0.6579, "frac_vegetation": 0.1959, "frac_bare_soil": 0.12, "frac_water": 0.0262, "ndvi_mean": 0.206, "ndvi_std": 0.0402, "ndbi_mean": 0.1688, "building_density": 242.6, "building_height_mean": 11.4, "road_density": 1469.7, "park_area_frac": 0.0822, "tree_canopy_frac": 0.1407, "dist_to_water": 1515.6, "water_area_frac": 0.0262, "air_temp_max": 44.6, "wind_speed_mean": 2.2, "solar_radiation": 296.1, "veg_imperv_ratio": 0.2933, "green_deficit": 0.7219, "thermal_mass_proxy": 2765.6, "cooling_potential": 238.1, "sky_view_factor": 0.8196, "tier": "normal", "delta_above_mean": -0.24, "priority_score": 0.0}}, {"type": "Feature", "geometry": {"type": "Polygon", "coordinates": [[[76.72760653308013, 30.735341846681596], [76.73282723520607, 30.735272224938843], [76.73290796352194, 30.739781949799536], [76.72768701847123, 30.73985158395284], [76.72760653308013, 30.735341846681596]]]}, "properties": {"grid_id": "cell_0189", "lst_mean": 43.81, "lst_max": 46.59, "frac_impervious": 0.6095, "frac_vegetation": 0.2449, "frac_bare_soil": 0.1136, "frac_water": 0.032, "ndvi_mean": 0.1977, "ndvi_std": 0.0497, "ndbi_mean": 0.1425, "building_density": 230.8, "building_height_mean": 9.5, "road_density": 1375.3, "park_area_frac": 0.0598, "tree_canopy_frac": 0.1744, "dist_to_water": 2002.7, "water_area_frac": 0.032, "air_temp_max": 43.4, "wind_speed_mean": 3.41, "solar_radiation": 312.9, "veg_imperv_ratio": 0.3953, "green_deficit": 0.6953, "thermal_mass_proxy": 2192.6, "cooling_potential": 236.3, "sky_view_factor": 0.8497, "tier": "moderate", "delta_above_mean": 1.5, "priority_score": 0.8}}, {"type": "Feature", "geometry": {"type": "Polygon", "coordinates": [[[76.72768701847123, 30.73985158395284], [76.73290796352194, 30.739781949799536], [76.7329887100445, 30.744291671331393], [76.72776752201428, 30.74436131789639], [76.72768701847123, 30.73985158395284]]]}, "properties": {"grid_id": "cell_0190", "lst_mean": 41.22, "lst_max": 44.37, "frac_impervious": 0.5837, "frac_vegetation": 0.2492, "frac_bare_soil": 0.1314, "frac_water": 0.0357, "ndvi_mean": 0.2091, "ndvi_std": 0.0242, "ndbi_mean": 0.1116, "building_density": 206.0, "building_height_mean": 14.8, "road_density": 1483.6, "park_area_frac": 0.0709, "tree_canopy_frac": 0.1487, "dist_to_water": 2444.4, "water_area_frac": 0.0357, "air_temp_max": 41.6, "wind_speed_mean": 2.7, "solar_radiation": 310.2, "veg_imperv_ratio": 0.4197, "green_deficit": 0.6799, "thermal_mass_proxy": 3048.8, "cooling_potential": 232.9, "sky_view_factor": 0.7658, "tier": "normal", "delta_above_mean": -1.09, "priority_score": 0.0}}, {"type": "Feature", "geometry": {"type": "Polygon", "coordinates": [[[76.72776752201428, 30.74436131789639], [76.7329887100445, 30.744291671331393], [76.73306947477731, 30.748801389534123], [76.72784804371281, 30.748871048511937], [76.72776752201428, 30.74436131789639]]]}, "properties": {"grid_id": "cell_0191", "lst_mean": 41.92, "lst_max": 48.54, "frac_impervious": 0.6311, "frac_vegetation": 0.2337, "frac_bare_soil": 0.0916, "frac_water": 0.0436, "ndvi_mean": 0.2566, "ndvi_std": 0.0495, "ndbi_mean": 0.1468, "building_density": 261.0, "building_height_mean": 15.9, "road_density": 1843.5, "park_area_frac": 0.0731, "tree_canopy_frac": 0.168, "dist_to_water": 3055.6, "water_area_frac": 0.0436, "air_temp_max": 42.0, "wind_speed_mean": 1.75, "solar_radiation": 310.1, "veg_imperv_ratio": 0.3645, "green_deficit": 0.6932, "thermal_mass_proxy": 4149.9, "cooling_potential": 237.6, "sky_view_factor": 0.7484, "tier": "normal", "delta_above_mean": -0.39, "priority_score": 0.0}}, {"type": "Feature", "geometry": {"type": "Polygon", "coordinates": [[[76.72784804371281, 30.748871048511937], [76.73306947477731, 30.748801389534123], [76.73315025772389, 30.75331110440737], [76.72792858357035, 30.753380775799144], [76.72784804371281, 30.748871048511937]]]}, "properties": {"grid_id": "cell_0192", "lst_mean": 42.02, "lst_max": 44.2, "frac_impervious": 0.5716, "frac_vegetation": 0.2626, "frac_bare_soil": 0.1448, "frac_water": 0.021, "ndvi_mean": 0.2561, "ndvi_std": 0.0414, "ndbi_mean": 0.134, "building_density": 264.6, "building_height_mean": 16.1, "road_density": 1572.6, "park_area_frac": 0.0642, "tree_canopy_frac": 0.145, "dist_to_water": 3502.3, "water_area_frac": 0.021, "air_temp_max": 46.0, "wind_speed_mean": 2.32, "solar_radiation": 324.8, "veg_imperv_ratio": 0.4515, "green_deficit": 0.6732, "thermal_mass_proxy": 4260.1, "cooling_potential": 239.5, "sky_view_factor": 0.7453, "tier": "normal", "delta_above_mean": -0.29, "priority_score": 0.0}}, {"type": "Feature", "geometry": {"type": "Polygon", "coordinates": [[[76.72792858357035, 30.753380775799144], [76.73315025772389, 30.75331110440737], [76.73323105888777, 30.757820815950854], [76.7280091415904, 30.75789049975771], [76.72792858357035, 30.753380775799144]]]}, "properties": {"grid_id": "cell_0193", "lst_mean": 41.99, "lst_max": 44.34, "frac_impervious": 0.607, "frac_vegetation": 0.2174, "frac_bare_soil": 0.1366, "frac_water": 0.039, "ndvi_mean": 0.2134, "ndvi_std": 0.0483, "ndbi_mean": 0.1183, "building_density": 247.0, "building_height_mean": 13.2, "road_density": 1334.4, "park_area_frac": 0.0966, "tree_canopy_frac": 0.1243, "dist_to_water": 3865.7, "water_area_frac": 0.039, "air_temp_max": 42.0, "wind_speed_mean": 3.21, "solar_radiation": 338.4, "veg_imperv_ratio": 0.3524, "green_deficit": 0.686, "thermal_mass_proxy": 3260.4, "cooling_potential": 264.8, "sky_view_factor": 0.7911, "tier": "normal", "delta_above_mean": -0.32, "priority_score": 0.0}}, {"type": "Feature", "geometry": {"type": "Polygon", "coordinates": [[[76.7280091415904, 30.75789049975771], [76.73323105888777, 30.757820815950854], [76.73331187827247, 30.762330524164245], [76.72808971777651, 30.762400220387313], [76.7280091415904, 30.75789049975771]]]}, "properties": {"grid_id": "cell_0194", "lst_mean": 45.93, "lst_max": 52.85, "frac_impervious": 0.7088, "frac_vegetation": 0.2073, "frac_bare_soil": 0.0477, "frac_water": 0.0363, "ndvi_mean": 0.1655, "ndvi_std": 0.0359, "ndbi_mean": 0.1392, "building_density": 283.8, "building_height_mean": 11.6, "road_density": 1533.7, "park_area_frac": 0.0642, "tree_canopy_frac": 0.1207, "dist_to_water": 4587.0, "water_area_frac": 0.0363, "air_temp_max": 44.6, "wind_speed_mean": 2.2, "solar_radiation": 317.6, "veg_imperv_ratio": 0.2884, "green_deficit": 0.7285, "thermal_mass_proxy": 3292.1, "cooling_potential": 251.8, "sky_view_factor": 0.8165, "tier": "high", "delta_above_mean": 3.62, "priority_score": 2.4}}, {"type": "Feature", "geometry": {"type": "Polygon", "coordinates": [[[76.72808971777651, 30.762400220387313], [76.73331187827247, 30.762330524164245], [76.73339271588156, 30.766840229047205], [76.72817031213218, 30.766909937687625], [76.72808971777651, 30.762400220387313]]]}, "properties": {"grid_id": "cell_0195", "lst_mean": 43.78, "lst_max": 50.52, "frac_impervious": 0.6935, "frac_vegetation": 0.1694, "frac_bare_soil": 0.117, "frac_water": 0.0201, "ndvi_mean": 0.191, "ndvi_std": 0.01, "ndbi_mean": 0.2316, "building_density": 207.7, "building_height_mean": 11.1, "road_density": 1547.4, "park_area_frac": 0.0593, "tree_canopy_frac": 0.0911, "dist_to_water": 5023.2, "water_area_frac": 0.0201, "air_temp_max": 43.6, "wind_speed_mean": 2.15, "solar_radiation": 295.0, "veg_imperv_ratio": 0.2408, "green_deficit": 0.7713, "thermal_mass_proxy": 2305.5, "cooling_potential": 245.0, "sky_view_factor": 0.8244, "tier": "moderate", "delta_above_mean": 1.47, "priority_score": 1.2}}, {"type": "Feature", "geometry": {"type": "Polygon", "coordinates": [[[76.72817031213218, 30.766909937687625], [76.73339271588156, 30.766840229047205], [76.73347357171853, 30.771349930599445], [76.72825092466094, 30.77141965165834], [76.72817031213218, 30.766909937687625]]]}, "properties": {"grid_id": "cell_0196", "lst_mean": 43.75, "lst_max": 46.05, "frac_impervious": 0.6365, "frac_vegetation": 0.2333, "frac_bare_soil": 0.1058, "frac_water": 0.0244, "ndvi_mean": 0.2485, "ndvi_std": 0.0371, "ndbi_mean": 0.1356, "building_density": 258.9, "building_height_mean": 12.8, "road_density": 1442.7, "park_area_frac": 0.101, "tree_canopy_frac": 0.1412, "dist_to_water": 5711.1, "water_area_frac": 0.0244, "air_temp_max": 41.5, "wind_speed_mean": 2.71, "solar_radiation": 312.8, "veg_imperv_ratio": 0.3609, "green_deficit": 0.6657, "thermal_mass_proxy": 3313.9, "cooling_potential": 239.8, "sky_view_factor": 0.7975, "tier": "moderate", "delta_above_mean": 1.44, "priority_score": 0.8}}, {"type": "Feature", "geometry": {"type": "Polygon", "coordinates": [[[76.72825092466094, 30.77141965165834], [76.73347357171853, 30.771349930599445], [76.73355444578695, 30.775859628820655], [76.72833155536632, 30.775929362299156], [76.72825092466094, 30.77141965165834]]]}, "properties": {"grid_id": "cell_0197", "lst_mean": 41.79, "lst_max": 44.03, "frac_impervious": 0.5984, "frac_vegetation": 0.2807, "frac_bare_soil": 0.0952, "frac_water": 0.0257, "ndvi_mean": 0.2291, "ndvi_std": 0.0531, "ndbi_mean": 0.1365, "building_density": 206.4, "building_height_mean": 13.7, "road_density": 1515.0, "park_area_frac": 0.0937, "tree_canopy_frac": 0.1864, "dist_to_water": 5609.1, "water_area_frac": 0.0257, "air_temp_max": 42.4, "wind_speed_mean": 2.94, "solar_radiation": 300.0, "veg_imperv_ratio": 0.4614, "green_deficit": 0.6256, "thermal_mass_proxy": 2827.7, "cooling_potential": 215.8, "sky_view_factor": 0.7832, "tier": "normal", "delta_above_mean": -0.52, "priority_score": 0.0}}, {"type": "Feature", "geometry": {"type": "Polygon", "coordinates": [[[76.72833155536632, 30.775929362299156], [76.73355444578695, 30.775859628820655], [76.73363533809037, 30.78036932371049], [76.72841220425185, 30.780439069609734], [76.72833155536632, 30.775929362299156]]]}, "properties": {"grid_id": "cell_0198", "lst_mean": 41.66, "lst_max": 44.48, "frac_impervious": 0.581, "frac_vegetation": 0.291, "frac_bare_soil": 0.1036, "frac_water": 0.0244, "ndvi_mean": 0.2861, "ndvi_std": 0.0343, "ndbi_mean": 0.1627, "building_density": 195.6, "building_height_mean": 11.9, "road_density": 1367.0, "park_area_frac": 0.0586, "tree_canopy_frac": 0.1877, "dist_to_water": 6480.4, "water_area_frac": 0.0244, "air_temp_max": 45.7, "wind_speed_mean": 2.39, "solar_radiation": 338.2, "veg_imperv_ratio": 0.4924, "green_deficit": 0.6504, "thermal_mass_proxy": 2327.6, "cooling_potential": 239.8, "sky_view_factor": 0.8117, "tier": "normal", "delta_above_mean": -0.65, "priority_score": 0.0}}, {"type": "Feature", "geometry": {"type": "Polygon", "coordinates": [[[76.72841220425185, 30.780439069609734], [76.73363533809037, 30.78036932371049], [76.73371624863226, 30.784879015268647], [76.72849287132107, 30.784948773589768], [76.72841220425185, 30.780439069609734]]]}, "properties": {"grid_id": "cell_0199", "lst_mean": 39.25, "lst_max": 41.32, "frac_impervious": 0.5688, "frac_vegetation": 0.2399, "frac_bare_soil": 0.1357, "frac_water": 0.0556, "ndvi_mean": 0.2587, "ndvi_std": 0.0353, "ndbi_mean": 0.2334, "building_density": 191.3, "building_height_mean": 7.2, "road_density": 1367.1, "park_area_frac": 0.0586, "tree_canopy_frac": 0.1317, "dist_to_water": 6830.2, "water_area_frac": 0.0556, "air_temp_max": 48.0, "wind_speed_mean": 3.1, "solar_radiation": 320.8, "veg_imperv_ratio": 0.4145, "green_deficit": 0.7015, "thermal_mass_proxy": 1377.4, "cooling_potential": 243.8, "sky_view_factor": 0.8861, "tier": "cool", "delta_above_mean": -3.06, "priority_score": 0.0}}, {"type": "Feature", "geometry": {"type": "Polygon", "coordinates": [[[76.72849287132107, 30.784948773589768], [76.73371624863226, 30.784879015268647], [76.73379717741624, 30.789388703494808], [76.72857355657747, 30.78945847423895], [76.72849287132107, 30.784948773589768]]]}, "properties": {"grid_id": "cell_0200", "lst_mean": 42.38, "lst_max": 45.98, "frac_impervious": 0.5557, "frac_vegetation": 0.2348, "frac_bare_soil": 0.1792, "frac_water": 0.0303, "ndvi_mean": 0.2673, "ndvi_std": 0.037, "ndbi_mean": 0.0849, "building_density": 190.9, "building_height_mean": 13.2, "road_density": 1353.3, "park_area_frac": 0.0575, "tree_canopy_frac": 0.127, "dist_to_water": 7373.7, "water_area_frac": 0.0303, "air_temp_max": 42.6, "wind_speed_mean": 2.8, "solar_radiation": 316.6, "veg_imperv_ratio": 0.4151, "green_deficit": 0.7077, "thermal_mass_proxy": 2519.9, "cooling_potential": 242.3, "sky_view_factor": 0.7911, "tier": "moderate", "delta_above_mean": 0.07, "priority_score": 0.0}}, {"type": "Feature", "geometry": {"type": "Polygon", "coordinates": [[[76.72857355657747, 30.78945847423895], [76.73379717741624, 30.789388703494808], [76.7338781244458, 30.79389838838865], [76.7286542600246, 30.793968171556926], [76.72857355657747, 30.78945847423895]]]}, "properties": {"grid_id": "cell_0201", "lst_mean": 42.72, "lst_max": 44.84, "frac_impervious": 0.5746, "frac_vegetation": 0.2484, "frac_bare_soil": 0.1452, "frac_water": 0.0318, "ndvi_mean": 0.2334, "ndvi_std": 0.0109, "ndbi_mean": 0.1434, "building_density": 208.9, "building_height_mean": 14.6, "road_density": 1390.3, "park_area_frac": 0.0626, "tree_canopy_frac": 0.1319, "dist_to_water": 8091.2, "water_area_frac": 0.0318, "air_temp_max": 42.4, "wind_speed_mean": 2.87, "solar_radiation": 319.8, "veg_imperv_ratio": 0.4249, "green_deficit": 0.689, "thermal_mass_proxy": 3049.9, "cooling_potential": 240.4, "sky_view_factor": 0.769, "tier": "moderate", "delta_above_mean": 0.41, "priority_score": 0.2}}, {"type": "Feature", "geometry": {"type": "Polygon", "coordinates": [[[76.7286542600246, 30.793968171556926], [76.7338781244458, 30.79389838838865], [76.7339590897245, 30.798408069949865], [76.72873498166601, 30.79847786554343], [76.7286542600246, 30.793968171556926]]]}, "properties": {"grid_id": "cell_0202", "lst_mean": 42.77, "lst_max": 44.86, "frac_impervious": 0.6189, "frac_vegetation": 0.2074, "frac_bare_soil": 0.1176, "frac_water": 0.0562, "ndvi_mean": 0.2213, "ndvi_std": 0.0533, "ndbi_mean": 0.1263, "building_density": 177.6, "building_height_mean": 13.0, "road_density": 1495.5, "park_area_frac": 0.1272, "tree_canopy_frac": 0.1262, "dist_to_water": 8194.1, "water_area_frac": 0.0562, "air_temp_max": 40.6, "wind_speed_mean": 1.57, "solar_radiation": 311.1, "veg_imperv_ratio": 0.3298, "green_deficit": 0.6654, "thermal_mass_proxy": 2308.8, "cooling_potential": 246.6, "sky_view_factor": 0.7943, "tier": "moderate", "delta_above_mean": 0.46, "priority_score": 0.3}}, {"type": "Feature", "geometry": {"type": "Polygon", "coordinates": [[[76.72873498166601, 30.79847786554343], [76.7339590897245, 30.798408069949865], [76.73404007325588, 30.80291774817815], [76.72881572150521, 30.802987556198115], [76.72873498166601, 30.79847786554343]]]}, "properties": {"grid_id": "cell_0203", "lst_mean": 41.01, "lst_max": 44.01, "frac_impervious": 0.5171, "frac_vegetation": 0.3148, "frac_bare_soil": 0.1449, "frac_water": 0.0233, "ndvi_mean": 0.2998, "ndvi_std": 0.0362, "ndbi_mean": 0.0907, "building_density": 194.1, "building_height_mean": 10.2, "road_density": 1328.5, "park_area_frac": 0.0725, "tree_canopy_frac": 0.1573, "dist_to_water": 9009.9, "water_area_frac": 0.0233, "air_temp_max": 40.5, "wind_speed_mean": 2.82, "solar_radiation": 326.2, "veg_imperv_ratio": 0.5972, "green_deficit": 0.6127, "thermal_mass_proxy": 1979.8, "cooling_potential": 223.5, "sky_view_factor": 0.8386, "tier": "normal", "delta_above_mean": -1.3, "priority_score": 0.0}}, {"type": "Feature", "geometry": {"type": "Polygon", "coordinates": [[[76.73129685179389, 30.64958682053133], [76.73651293060037, 30.64951722521628], [76.73659355554089, 30.654027000837804], [76.73137723485131, 30.654096608579337], [76.73129685179389, 30.64958682053133]]]}, "properties": {"grid_id": "cell_0204", "lst_mean": 39.35, "lst_max": 46.1, "frac_impervious": 0.5665, "frac_vegetation": 0.2448, "frac_bare_soil": 0.1501, "frac_water": 0.0386, "ndvi_mean": 0.2358, "ndvi_std": 0.0446, "ndbi_mean": 0.105, "building_density": 181.6, "building_height_mean": 8.2, "road_density": 1048.9, "park_area_frac": 0.0712, "tree_canopy_frac": 0.1291, "dist_to_water": 7597.3, "water_area_frac": 0.0386, "air_temp_max": 41.0, "wind_speed_mean": 2.97, "solar_radiation": 301.6, "veg_imperv_ratio": 0.4246, "green_deficit": 0.684, "thermal_mass_proxy": 1489.1, "cooling_potential": 227.8, "sky_view_factor": 0.8703, "tier": "cool", "delta_above_mean": -2.96, "priority_score": 0.0}}, {"type": "Feature", "geometry": {"type": "Polygon", "coordinates": [[[76.73137723485131, 30.654096608579337], [76.73659355554089, 30.654027000837804], [76.73667419867583, 30.658536773135427], [76.73145763604859, 30.658606393304566], [76.73137723485131, 30.654096608579337]]]}, "properties": {"grid_id": "cell_0205", "lst_mean": 35.71, "lst_max": 38.54, "frac_impervious": 0.5177, "frac_vegetation": 0.4568, "frac_bare_soil": 0.1407, "frac_water": 0.0278, "ndvi_mean": 0.4978, "ndvi_std": 0.0442, "ndbi_mean": 0.0733, "building_density": 166.1, "building_height_mean": 6.3, "road_density": 1240.7, "park_area_frac": 0.7091, "tree_canopy_frac": 0.2649, "dist_to_water": 6879.2, "water_area_frac": 0.0278, "air_temp_max": 41.8, "wind_speed_mean": 3.21, "solar_radiation": 316.1, "veg_imperv_ratio": 0.8656, "green_deficit": 0.0, "thermal_mass_proxy": 1046.4, "cooling_potential": 171.7, "sky_view_factor": 0.9003, "tier": "cool", "delta_above_mean": -6.6, "priority_score": 0.0}}, {"type": "Feature", "geometry": {"type": "Polygon", "coordinates": [[[76.73145763604859, 30.658606393304566], [76.73667419867583, 30.658536773135427], [76.7367548600087, 30.663046542108813], [76.73153805538925, 30.663116174706687], [76.73145763604859, 30.658606393304566]]]}, "properties": {"grid_id": "cell_0206", "lst_mean": 42.18, "lst_max": 44.84, "frac_impervious": 0.5358, "frac_vegetation": 0.3227, "frac_bare_soil": 0.1028, "frac_water": 0.0386, "ndvi_mean": 0.2479, "ndvi_std": 0.0584, "ndbi_mean": 0.1131, "building_density": 196.7, "building_height_mean": 13.5, "road_density": 1273.3, "park_area_frac": 0.0689, "tree_canopy_frac": 0.2147, "dist_to_water": 6618.8, "water_area_frac": 0.0386, "air_temp_max": 42.9, "wind_speed_mean": 2.51, "solar_radiation": 331.0, "veg_imperv_ratio": 0.5912, "green_deficit": 0.6084, "thermal_mass_proxy": 2655.4, "cooling_potential": 224.2, "sky_view_factor": 0.7864, "tier": "normal", "delta_above_mean": -0.13, "priority_score": 0.0}}, {"type": "Feature", "geometry": {"type": "Polygon", "coordinates": [[[76.73153805538925, 30.663116174706687], [76.7367548600087, 30.663046542108813], [76.73683553954304, 30.667556307757657], [76.73161849287682, 30.667625952785386], [76.73153805538925, 30.663116174706687]]]}, "properties": {"grid_id": "cell_0207", "lst_mean": 42.8, "lst_max": 54.09, "frac_impervious": 0.6295, "frac_vegetation": 0.2579, "frac_bare_soil": 0.0901, "frac_water": 0.0225, "ndvi_mean": 0.2361, "ndvi_std": 0.0447, "ndbi_mean": 0.1075, "building_density": 208.3, "building_height_mean": 12.0, "road_density": 1353.2, "park_area_frac": 0.0637, "tree_canopy_frac": 0.1521, "dist_to_water": 5932.9, "water_area_frac": 0.0225, "air_temp_max": 44.0, "wind_speed_mean": 2.62, "solar_radiation": 297.5, "veg_imperv_ratio": 0.4033, "green_deficit": 0.6784, "thermal_mass_proxy": 2499.6, "cooling_potential": 220.8, "sky_view_factor": 0.8101, "tier": "moderate", "delta_above_mean": 0.49, "priority_score": 0.3}}, {"type": "Feature", "geometry": {"type": "Polygon", "coordinates": [[[76.73161849287682, 30.667625952785386], [76.73683553954304, 30.667556307757657], [76.73691623728233, 30.672066070081623], [76.73169894851478, 30.672135727540333], [76.73161849287682, 30.667625952785386]]]}, "properties": {"grid_id": "cell_0208", "lst_mean": 40.91, "lst_max": 44.05, "frac_impervious": 0.5591, "frac_vegetation": 0.2534, "frac_bare_soil": 0.1349, "frac_water": 0.0526, "ndvi_mean": 0.188, "ndvi_std": 0.0379, "ndbi_mean": 0.152, "building_density": 227.1, "building_height_mean": 8.8, "road_density": 1480.4, "park_area_frac": 0.1122, "tree_canopy_frac": 0.1722, "dist_to_water": 6022.6, "water_area_frac": 0.0526, "air_temp_max": 43.4, "wind_speed_mean": 3.04, "solar_radiation": 314.9, "veg_imperv_ratio": 0.4453, "green_deficit": 0.6344, "thermal_mass_proxy": 1998.5, "cooling_potential": 235.1, "sky_view_factor": 0.8608, "tier": "normal", "delta_above_mean": -1.4, "priority_score": 0.0}}, {"type": "Feature", "geometry": {"type": "Polygon", "coordinates": [[[76.73169894851478, 30.672135727540333], [76.73691623728233, 30.672066070081623], [76.73699695323013, 30.676575829080413], [76.73177942230663, 30.676645498971244], [76.73169894851478, 30.672135727540333]]]}, "properties": {"grid_id": "cell_0209", "lst_mean": 46.1, "lst_max": 48.81, "frac_impervious": 0.6893, "frac_vegetation": 0.1694, "frac_bare_soil": 0.1198, "frac_water": 0.0215, "ndvi_mean": 0.1804, "ndvi_std": 0.0246, "ndbi_mean": 0.1774, "building_density": 225.7, "building_height_mean": 18.2, "road_density": 1997.3, "park_area_frac": 0.086, "tree_canopy_frac": 0.1054, "dist_to_water": 5321.5, "water_area_frac": 0.0215, "air_temp_max": 45.0, "wind_speed_mean": 3.13, "solar_radiation": 319.5, "veg_imperv_ratio": 0.2422, "green_deficit": 0.7446, "thermal_mass_proxy": 4107.7, "cooling_potential": 265.4, "sky_view_factor": 0.712, "tier": "high", "delta_above_mean": 3.79, "priority_score": 3.0}}, {"type": "Feature", "geometry": {"type": "Polygon", "coordinates": [[[76.73177942230663, 30.676645498971244], [76.73699695323013, 30.676575829080413], [76.73707768738994, 30.68108558475368], [76.73185991425592, 30.68115526707776], [76.73177942230663, 30.676645498971244]]]}, "properties": {"grid_id": "cell_0210", "lst_mean": 42.85, "lst_max": 45.58, "frac_impervious": 0.6185, "frac_vegetation": 0.2265, "frac_bare_soil": 0.1312, "frac_water": 0.0238, "ndvi_mean": 0.2461, "ndvi_std": 0.0461, "ndbi_mean": 0.1601, "building_density": 226.3, "building_height_mean": 14.4, "road_density": 1557.6, "park_area_frac": 0.0912, "tree_canopy_frac": 0.1264, "dist_to_water": 4592.5, "water_area_frac": 0.0238, "air_temp_max": 42.3, "wind_speed_mean": 2.04, "solar_radiation": 294.8, "veg_imperv_ratio": 0.3604, "green_deficit": 0.6823, "thermal_mass_proxy": 3258.7, "cooling_potential": 228.0, "sky_view_factor": 0.7722, "tier": "moderate", "delta_above_mean": 0.54, "priority_score": 0.3}}, {"type": "Feature", "geometry": {"type": "Polygon", "coordinates": [[[76.73185991425592, 30.68115526707776], [76.73707768738994, 30.68108558475368], [76.73715843976531, 30.685595337101137], [76.73194042436614, 30.6856650318596], [76.73185991425592, 30.68115526707776]]]}, "properties": {"grid_id": "cell_0211", "lst_mean": 43.52, "lst_max": 45.85, "frac_impervious": 0.6111, "frac_vegetation": 0.2509, "frac_bare_soil": 0.1071, "frac_water": 0.0309, "ndvi_mean": 0.1597, "ndvi_std": 0.0213, "ndbi_mean": 0.1304, "building_density": 222.7, "building_height_mean": 14.4, "road_density": 1634.0, "park_area_frac": 0.0666, "tree_canopy_frac": 0.1419, "dist_to_water": 3990.7, "water_area_frac": 0.0309, "air_temp_max": 43.4, "wind_speed_mean": 2.87, "solar_radiation": 289.4, "veg_imperv_ratio": 0.404, "green_deficit": 0.6825, "thermal_mass_proxy": 3206.9, "cooling_potential": 216.8, "sky_view_factor": 0.7722, "tier": "moderate", "delta_above_mean": 1.21, "priority_score": 0.7}}, {"type": "Feature", "geometry": {"type": "Polygon", "coordinates": [[[76.73194042436614, 30.6856650318596], [76.73715843976531, 30.685595337101137], [76.73723921035972, 30.690105086122433], [76.73202095264081, 30.690174793316405], [76.73194042436614, 30.6856650318596]]]}, "properties": {"grid_id": "cell_0212", "lst_mean": 43.58, "lst_max": 46.66, "frac_impervious": 0.7195, "frac_vegetation": 0.1428, "frac_bare_soil": 0.1105, "frac_water": 0.0272, "ndvi_mean": 0.2174, "ndvi_std": 0.0379, "ndbi_mean": 0.1768, "building_density": 233.5, "building_height_mean": 14.7, "road_density": 1654.5, "park_area_frac": 0.0831, "tree_canopy_frac": 0.0624, "dist_to_water": 3675.8, "water_area_frac": 0.0272, "air_temp_max": 43.0, "wind_speed_mean": 3.21, "solar_radiation": 300.5, "veg_imperv_ratio": 0.1958, "green_deficit": 0.7741, "thermal_mass_proxy": 3432.4, "cooling_potential": 257.6, "sky_view_factor": 0.7674, "tier": "moderate", "delta_above_mean": 1.27, "priority_score": 1.2}}, {"type": "Feature", "geometry": {"type": "Polygon", "coordinates": [[[76.73202095264081, 30.690174793316405], [76.73723921035972, 30.690105086122433], [76.73731999917673, 30.694614831817283], [76.73210149908344, 30.69468455144788], [76.73202095264081, 30.690174793316405]]]}, "properties": {"grid_id": "cell_0213", "lst_mean": 41.75, "lst_max": 44.61, "frac_impervious": 0.6107, "frac_vegetation": 0.2385, "frac_bare_soil": 0.1258, "frac_water": 0.0249, "ndvi_mean": 0.2529, "ndvi_std": 0.0281, "ndbi_mean": 0.1529, "building_density": 251.7, "building_height_mean": 12.9, "road_density": 1495.9, "park_area_frac": 0.0559, "tree_canopy_frac": 0.1912, "dist_to_water": 3226.5, "water_area_frac": 0.0249, "air_temp_max": 41.6, "wind_speed_mean": 2.94, "solar_radiation": 309.7, "veg_imperv_ratio": 0.3842, "green_deficit": 0.7056, "thermal_mass_proxy": 3246.9, "cooling_potential": 235.8, "sky_view_factor": 0.7959, "tier": "normal", "delta_above_mean": -0.56, "priority_score": 0.0}}, {"type": "Feature", "geometry": {"type": "Polygon", "coordinates": [[[76.73210149908344, 30.69468455144788], [76.73731999917673, 30.694614831817283], [76.73740080621987, 30.699124574185355], [76.73218206369754, 30.699194306253712], [76.73210149908344, 30.69468455144788]]]}, "properties": {"grid_id": "cell_0214", "lst_mean": 44.3, "lst_max": 46.78, "frac_impervious": 0.687, "frac_vegetation": 0.1849, "frac_bare_soil": 0.1004, "frac_water": 0.0278, "ndvi_mean": 0.1786, "ndvi_std": 0.0473, "ndbi_mean": 0.1399, "building_density": 196.7, "building_height_mean": 15.3, "road_density": 1549.1, "park_area_frac": 0.0703, "tree_canopy_frac": 0.1331, "dist_to_water": 2621.9, "water_area_frac": 0.0278, "air_temp_max": 40.4, "wind_speed_mean": 3.24, "solar_radiation": 318.9, "veg_imperv_ratio": 0.2653, "green_deficit": 0.7448, "thermal_mass_proxy": 3009.5, "cooling_potential": 259.9, "sky_view_factor": 0.7579, "tier": "moderate", "delta_above_mean": 1.99, "priority_score": 1.5}}, {"type": "Feature", "geometry": {"type": "Polygon", "coordinates": [[[76.73218206369754, 30.699194306253712], [76.73740080621987, 30.699124574185355], [76.73748163149264, 30.70363431322632], [76.73226264648666, 30.703704057733574], [76.73218206369754, 30.699194306253712]]]}, "properties": {"grid_id": "cell_0215", "lst_mean": 43.26, "lst_max": 45.52, "frac_impervious": 0.6292, "frac_vegetation": 0.1927, "frac_bare_soil": 0.1454, "frac_water": 0.0326, "ndvi_mean": 0.2127, "ndvi_std": 0.037, "ndbi_mean": 0.1409, "building_density": 220.9, "building_height_mean": 15.3, "road_density": 1671.3, "park_area_frac": 0.133, "tree_canopy_frac": 0.1277, "dist_to_water": 1865.9, "water_area_frac": 0.0326, "air_temp_max": 42.7, "wind_speed_mean": 2.25, "solar_radiation": 306.7, "veg_imperv_ratio": 0.3015, "green_deficit": 0.6743, "thermal_mass_proxy": 3379.8, "cooling_potential": 247.6, "sky_view_factor": 0.7579, "tier": "moderate", "delta_above_mean": 0.95, "priority_score": 0.7}}, {"type": "Feature", "geometry": {"type": "Polygon", "coordinates": [[[76.73226264648666, 30.703704057733574], [76.73748163149264, 30.70363431322632], [76.7375624749986, 30.708144048939875], [76.73234324745428, 30.70821380588716], [76.73226264648666, 30.703704057733574]]]}, "properties": {"grid_id": "cell_0216", "lst_mean": 42.98, "lst_max": 45.54, "frac_impervious": 0.6571, "frac_vegetation": 0.2151, "frac_bare_soil": 0.1047, "frac_water": 0.0231, "ndvi_mean": 0.2077, "ndvi_std": 0.0437, "ndbi_mean": 0.137, "building_density": 183.5, "building_height_mean": 10.0, "road_density": 1580.4, "park_area_frac": 0.0599, "tree_canopy_frac": 0.103, "dist_to_water": 1525.0, "water_area_frac": 0.0231, "air_temp_max": 39.6, "wind_speed_mean": 3.27, "solar_radiation": 340.4, "veg_imperv_ratio": 0.3224, "green_deficit": 0.725, "thermal_mass_proxy": 1835.0, "cooling_potential": 267.2, "sky_view_factor": 0.8418, "tier": "moderate", "delta_above_mean": 0.67, "priority_score": 0.4}}, {"type": "Feature", "geometry": {"type": "Polygon", "coordinates": [[[76.73234324745428, 30.70821380588716], [76.7375624749986, 30.708144048939875], [76.73764333674127, 30.71265378132569], [76.73242386660394, 30.712723550714138], [76.73234324745428, 30.70821380588716]]]}, "properties": {"grid_id": "cell_0217", "lst_mean": 42.42, "lst_max": 45.48, "frac_impervious": 0.6511, "frac_vegetation": 0.2282, "frac_bare_soil": 0.1011, "frac_water": 0.0196, "ndvi_mean": 0.251, "ndvi_std": 0.0391, "ndbi_mean": 0.1337, "building_density": 222.9, "building_height_mean": 15.0, "road_density": 1637.7, "park_area_frac": 0.0831, "tree_canopy_frac": 0.1279, "dist_to_water": 1080.5, "water_area_frac": 0.0196, "air_temp_max": 41.9, "wind_speed_mean": 2.21, "solar_radiation": 326.3, "veg_imperv_ratio": 0.3452, "green_deficit": 0.6887, "thermal_mass_proxy": 3343.5, "cooling_potential": 251.8, "sky_view_factor": 0.7627, "tier": "moderate", "delta_above_mean": 0.11, "priority_score": 0.1}}, {"type": "Feature", "geometry": {"type": "Polygon", "coordinates": [[[76.73242386660394, 30.712723550714138], [76.73764333674127, 30.71265378132569], [76.73772421672416, 30.71716351038345], [76.73250450393915, 30.71723329221419], [76.73242386660394, 30.712723550714138]]]}, "properties": {"grid_id": "cell_0218", "lst_mean": 45.5, "lst_max": 47.59, "frac_impervious": 0.7158, "frac_vegetation": 0.1662, "frac_bare_soil": 0.0924, "frac_water": 0.0256, "ndvi_mean": 0.2126, "ndvi_std": 0.0158, "ndbi_mean": 0.123, "building_density": 259.9, "building_height_mean": 17.6, "road_density": 1659.8, "park_area_frac": 0.065, "tree_canopy_frac": 0.0802, "dist_to_water": 620.9, "water_area_frac": 0.0256, "air_temp_max": 44.4, "wind_speed_mean": 2.61, "solar_radiation": 320.1, "veg_imperv_ratio": 0.229, "green_deficit": 0.7688, "thermal_mass_proxy": 4574.2, "cooling_potential": 266.9, "sky_view_factor": 0.7215, "tier": "high", "delta_above_mean": 3.19, "priority_score": 2.6}}, {"type": "Feature", "geometry": {"type": "Polygon", "coordinates": [[[76.73250450393915, 30.71723329221419], [76.73772421672416, 30.71716351038345], [76.73780511495085, 30.72167323611284], [76.73258515946345, 30.721743030387007], [76.73250450393915, 30.71723329221419]]]}, "properties": {"grid_id": "cell_0219", "lst_mean": 41.52, "lst_max": 43.77, "frac_impervious": 0.6519, "frac_vegetation": 0.2163, "frac_bare_soil": 0.1063, "frac_water": 0.0255, "ndvi_mean": 0.1662, "ndvi_std": 0.0287, "ndbi_mean": 0.2009, "building_density": 241.8, "building_height_mean": 16.2, "road_density": 1663.7, "park_area_frac": 0.0509, "tree_canopy_frac": 0.1323, "dist_to_water": 123.5, "water_area_frac": 0.1079, "air_temp_max": 44.0, "wind_speed_mean": 2.25, "solar_radiation": 304.9, "veg_imperv_ratio": 0.3268, "green_deficit": 0.7328, "thermal_mass_proxy": 3917.2, "cooling_potential": 239.0, "sky_view_factor": 0.7437, "tier": "normal", "delta_above_mean": -0.79, "priority_score": 0.0}}, {"type": "Feature", "geometry": {"type": "Polygon", "coordinates": [[[76.73258515946345, 30.721743030387007], [76.73780511495085, 30.72167323611284], [76.73788603142481, 30.72618295851355], [76.73266583318036, 30.72625276523227], [76.73258515946345, 30.721743030387007]]]}, "properties": {"grid_id": "cell_0220", "lst_mean": 44.98, "lst_max": 51.41, "frac_impervious": 0.6262, "frac_vegetation": 0.2259, "frac_bare_soil": 0.1282, "frac_water": 0.0196, "ndvi_mean": 0.2306, "ndvi_std": 0.0448, "ndbi_mean": 0.1299, "building_density": 252.6, "building_height_mean": 25.2, "road_density": 1935.3, "park_area_frac": 0.0742, "tree_canopy_frac": 0.117, "dist_to_water": 587.3, "water_area_frac": 0.0196, "air_temp_max": 44.4, "wind_speed_mean": 2.04, "solar_radiation": 312.0, "veg_imperv_ratio": 0.3551, "green_deficit": 0.6999, "thermal_mass_proxy": 6365.5, "cooling_potential": 241.5, "sky_view_factor": 0.6013, "tier": "high", "delta_above_mean": 2.67, "priority_score": 1.6}}, {"type": "Feature", "geometry": {"type": "Polygon", "coordinates": [[[76.73266583318036, 30.72625276523227], [76.73788603142481, 30.72618295851355], [76.73796696614963, 30.730692677585246], [76.73274652509339, 30.730762496749655], [76.73266583318036, 30.72625276523227]]]}, "properties": {"grid_id": "cell_0221", "lst_mean": 42.62, "lst_max": 45.79, "frac_impervious": 0.6288, "frac_vegetation": 0.1877, "frac_bare_soil": 0.1578, "frac_water": 0.0257, "ndvi_mean": 0.1877, "ndvi_std": 0.0367, "ndbi_mean": 0.1864, "building_density": 207.8, "building_height_mean": 14.7, "road_density": 1394.1, "park_area_frac": 0.0574, "tree_canopy_frac": 0.0992, "dist_to_water": 1211.5, "water_area_frac": 0.0257, "air_temp_max": 45.1, "wind_speed_mean": 1.82, "solar_radiation": 329.0, "veg_imperv_ratio": 0.2938, "green_deficit": 0.7549, "thermal_mass_proxy": 3054.7, "cooling_potential": 267.2, "sky_view_factor": 0.7674, "tier": "moderate", "delta_above_mean": 0.31, "priority_score": 0.2}}, {"type": "Feature", "geometry": {"type": "Polygon", "coordinates": [[[76.73274652509339, 30.730762496749655], [76.73796696614963, 30.730692677585246], [76.73804791912883, 30.735202393327615], [76.73282723520607, 30.735272224938843], [76.73274652509339, 30.730762496749655]]]}, "properties": {"grid_id": "cell_0222", "lst_mean": 39.04, "lst_max": 41.14, "frac_impervious": 0.6226, "frac_vegetation": 0.649, "frac_bare_soil": 0.1507, "frac_water": 0.0251, "ndvi_mean": 0.5952, "ndvi_std": 0.0479, "ndbi_mean": 0.1811, "building_density": 226.1, "building_height_mean": 19.1, "road_density": 1740.1, "park_area_frac": 0.3396, "tree_canopy_frac": 0.3714, "dist_to_water": 1647.7, "water_area_frac": 0.0251, "air_temp_max": 42.8, "wind_speed_mean": 1.44, "solar_radiation": 307.8, "veg_imperv_ratio": 1.0259, "green_deficit": 0.0114, "thermal_mass_proxy": 4318.5, "cooling_potential": 108.0, "sky_view_factor": 0.6978, "tier": "cool", "delta_above_mean": -3.27, "priority_score": 0.0}}, {"type": "Feature", "geometry": {"type": "Polygon", "coordinates": [[[76.73282723520607, 30.735272224938843], [76.73804791912883, 30.735202393327615], [76.73812889036593, 30.73971210574036], [76.73290796352194, 30.739781949799536], [76.73282723520607, 30.735272224938843]]]}, "properties": {"grid_id": "cell_0223", "lst_mean": 43.54, "lst_max": 47.32, "frac_impervious": 0.6595, "frac_vegetation": 0.1856, "frac_bare_soil": 0.1361, "frac_water": 0.0188, "ndvi_mean": 0.171, "ndvi_std": 0.0389, "ndbi_mean": 0.1252, "building_density": 197.9, "building_height_mean": 13.9, "road_density": 1675.2, "park_area_frac": 0.0551, "tree_canopy_frac": 0.1066, "dist_to_water": 2065.3, "water_area_frac": 0.0188, "air_temp_max": 44.4, "wind_speed_mean": 3.25, "solar_radiation": 326.2, "veg_imperv_ratio": 0.2772, "green_deficit": 0.7593, "thermal_mass_proxy": 2750.8, "cooling_potential": 265.7, "sky_view_factor": 0.7801, "tier": "moderate", "delta_above_mean": 1.23, "priority_score": 0.9}}, {"type": "Feature", "geometry": {"type": "Polygon", "coordinates": [[[76.73290796352194, 30.739781949799536], [76.73812889036593, 30.73971210574036], [76.73820987986448, 30.74422181482313], [76.7329887100445, 30.744291671331393], [76.73290796352194, 30.739781949799536]]]}, "properties": {"grid_id": "cell_0224", "lst_mean": 43.15, "lst_max": 45.25, "frac_impervious": 0.6273, "frac_vegetation": 0.2428, "frac_bare_soil": 0.0997, "frac_water": 0.0302, "ndvi_mean": 0.2738, "ndvi_std": 0.0298, "ndbi_mean": 0.1183, "building_density": 243.6, "building_height_mean": 15.8, "road_density": 1670.5, "park_area_frac": 0.1099, "tree_canopy_frac": 0.1471, "dist_to_water": 2197.7, "water_area_frac": 0.0302, "air_temp_max": 42.4, "wind_speed_mean": 1.66, "solar_radiation": 305.7, "veg_imperv_ratio": 0.381, "green_deficit": 0.6473, "thermal_mass_proxy": 3848.9, "cooling_potential": 231.5, "sky_view_factor": 0.75, "tier": "moderate", "delta_above_mean": 0.84, "priority_score": 0.5}}, {"type": "Feature", "geometry": {"type": "Polygon", "coordinates": [[[76.7329887100445, 30.744291671331393], [76.73820987986448, 30.74422181482313], [76.73829088762805, 30.74873152057563], [76.73306947477731, 30.748801389534123], [76.7329887100445, 30.744291671331393]]]}, "properties": {"grid_id": "cell_0225", "lst_mean": 43.47, "lst_max": 47.49, "frac_impervious": 0.6555, "frac_vegetation": 0.1928, "frac_bare_soil": 0.1104, "frac_water": 0.0413, "ndvi_mean": 0.2276, "ndvi_std": 0.0275, "ndbi_mean": 0.239, "building_density": 233.2, "building_height_mean": 18.0, "road_density": 1776.1, "park_area_frac": 0.0553, "tree_canopy_frac": 0.1114, "dist_to_water": 3188.5, "water_area_frac": 0.0413, "air_temp_max": 44.4, "wind_speed_mean": 2.55, "solar_radiation": 304.4, "veg_imperv_ratio": 0.2897, "green_deficit": 0.7519, "thermal_mass_proxy": 4197.6, "cooling_potential": 245.7, "sky_view_factor": 0.7152, "tier": "moderate", "delta_above_mean": 1.16, "priority_score": 0.8}}, {"type": "Feature", "geometry": {"type": "Polygon", "coordinates": [[[76.73306947477731, 30.748801389534123], [76.73829088762805, 30.74873152057563], [76.73837191366015, 30.75324122299753], [76.73315025772389, 30.75331110440737], [76.73306947477731, 30.748801389534123]]]}, "properties": {"grid_id": "cell_0226", "lst_mean": 43.62, "lst_max": 47.7, "frac_impervious": 0.6683, "frac_vegetation": 0.1981, "frac_bare_soil": 0.1106, "frac_water": 0.023, "ndvi_mean": 0.1769, "ndvi_std": 0.0369, "ndbi_mean": 0.2198, "building_density": 260.5, "building_height_mean": 15.6, "road_density": 1844.4, "park_area_frac": 0.056, "tree_canopy_frac": 0.1495, "dist_to_water": 3617.1, "water_area_frac": 0.023, "air_temp_max": 43.9, "wind_speed_mean": 1.9, "solar_radiation": 290.7, "veg_imperv_ratio": 0.2921, "green_deficit": 0.7459, "thermal_mass_proxy": 4063.8, "cooling_potential": 233.1, "sky_view_factor": 0.7532, "tier": "moderate", "delta_above_mean": 1.31, "priority_score": 0.9}}, {"type": "Feature", "geometry": {"type": "Polygon", "coordinates": [[[76.73315025772389, 30.75331110440737], [76.73837191366015, 30.75324122299753], [76.7384529579643, 30.757750922088515], [76.73323105888777, 30.757820815950854], [76.73315025772389, 30.75331110440737]]]}, "properties": {"grid_id": "cell_0227", "lst_mean": 44.1, "lst_max": 47.68, "frac_impervious": 0.5968, "frac_vegetation": 0.2233, "frac_bare_soil": 0.1542, "frac_water": 0.0258, "ndvi_mean": 0.1716, "ndvi_std": 0.0147, "ndbi_mean": 0.1378, "building_density": 216.0, "building_height_mean": 14.9, "road_density": 1380.1, "park_area_frac": 0.0564, "tree_canopy_frac": 0.1502, "dist_to_water": 3904.2, "water_area_frac": 0.0258, "air_temp_max": 43.6, "wind_speed_mean": 2.26, "solar_radiation": 319.0, "veg_imperv_ratio": 0.368, "green_deficit": 0.7203, "thermal_mass_proxy": 3218.4, "cooling_potential": 247.8, "sky_view_factor": 0.7642, "tier": "moderate", "delta_above_mean": 1.79, "priority_score": 1.1}}, {"type": "Feature", "geometry": {"type": "Polygon", "coordinates": [[[76.73323105888777, 30.757820815950854], [76.7384529579643, 30.757750922088515], [76.7385340205441, 30.76226061784828], [76.73331187827247, 30.762330524164245], [76.73323105888777, 30.757820815950854]]]}, "properties": {"grid_id": "cell_0228", "lst_mean": 41.01, "lst_max": 44.99, "frac_impervious": 0.5879, "frac_vegetation": 0.2893, "frac_bare_soil": 0.0933, "frac_water": 0.0295, "ndvi_mean": 0.2331, "ndvi_std": 0.0599, "ndbi_mean": 0.1429, "building_density": 220.5, "building_height_mean": 12.1, "road_density": 1414.2, "park_area_frac": 0.1119, "tree_canopy_frac": 0.1579, "dist_to_water": 4463.3, "water_area_frac": 0.0295, "air_temp_max": 42.7, "wind_speed_mean": 3.02, "solar_radiation": 285.6, "veg_imperv_ratio": 0.4839, "green_deficit": 0.5988, "thermal_mass_proxy": 2668.0, "cooling_potential": 203.0, "sky_view_factor": 0.8085, "tier": "normal", "delta_above_mean": -1.3, "priority_score": 0.0}}, {"type": "Feature", "geometry": {"type": "Polygon", "coordinates": [[[76.73331187827247, 30.762330524164245], [76.7385340205441, 30.76226061784828], [76.73861510140303, 30.76677031027649], [76.73339271588156, 30.766840229047205], [76.73331187827247, 30.762330524164245]]]}, "properties": {"grid_id": "cell_0229", "lst_mean": 43.22, "lst_max": 45.35, "frac_impervious": 0.6504, "frac_vegetation": 0.1868, "frac_bare_soil": 0.1398, "frac_water": 0.0229, "ndvi_mean": 0.2064, "ndvi_std": 0.0394, "ndbi_mean": 0.1413, "building_density": 229.7, "building_height_mean": 13.7, "road_density": 1806.5, "park_area_frac": 0.0762, "tree_canopy_frac": 0.1186, "dist_to_water": 4972.5, "water_area_frac": 0.0229, "air_temp_max": 44.1, "wind_speed_mean": 2.65, "solar_radiation": 312.3, "veg_imperv_ratio": 0.2829, "green_deficit": 0.737, "thermal_mass_proxy": 3146.9, "cooling_potential": 254.0, "sky_view_factor": 0.7832, "tier": "moderate", "delta_above_mean": 0.91, "priority_score": 0.7}}, {"type": "Feature", "geometry": {"type": "Polygon", "coordinates": [[[76.73339271588156, 30.766840229047205], [76.73861510140303, 30.76677031027649], [76.73869620054471, 30.77127999937283], [76.73347357171853, 30.771349930599445], [76.73339271588156, 30.766840229047205]]]}, "properties": {"grid_id": "cell_0230", "lst_mean": 40.78, "lst_max": 44.72, "frac_impervious": 0.5559, "frac_vegetation": 0.2572, "frac_bare_soil": 0.1563, "frac_water": 0.0306, "ndvi_mean": 0.2358, "ndvi_std": 0.0528, "ndbi_mean": 0.1353, "building_density": 224.9, "building_height_mean": 10.7, "road_density": 1467.8, "park_area_frac": 0.0818, "tree_canopy_frac": 0.1403, "dist_to_water": 5373.8, "water_area_frac": 0.0306, "air_temp_max": 43.8, "wind_speed_mean": 2.67, "solar_radiation": 303.4, "veg_imperv_ratio": 0.4545, "green_deficit": 0.661, "thermal_mass_proxy": 2406.4, "cooling_potential": 225.4, "sky_view_factor": 0.8307, "tier": "normal", "delta_above_mean": -1.53, "priority_score": 0.0}}, {"type": "Feature", "geometry": {"type": "Polygon", "coordinates": [[[76.73347357171853, 30.771349930599445], [76.73869620054471, 30.77127999937283], [76.73877731797262, 30.775789685137006], [76.73355444578695, 30.775859628820655], [76.73347357171853, 30.771349930599445]]]}, "properties": {"grid_id": "cell_0231", "lst_mean": 42.02, "lst_max": 44.24, "frac_impervious": 0.6213, "frac_vegetation": 0.1727, "frac_bare_soil": 0.1816, "frac_water": 0.0243, "ndvi_mean": 0.224, "ndvi_std": 0.018, "ndbi_mean": 0.127, "building_density": 234.5, "building_height_mean": 18.1, "road_density": 1501.5, "park_area_frac": 0.0673, "tree_canopy_frac": 0.0957, "dist_to_water": 5613.8, "water_area_frac": 0.0243, "air_temp_max": 41.2, "wind_speed_mean": 3.25, "solar_radiation": 316.4, "veg_imperv_ratio": 0.2736, "green_deficit": 0.76, "thermal_mass_proxy": 4244.5, "cooling_potential": 261.8, "sky_view_factor": 0.7136, "tier": "normal", "delta_above_mean": -0.29, "priority_score": 0.0}}, {"type": "Feature", "geometry": {"type": "Polygon", "coordinates": [[[76.73355444578695, 30.775859628820655], [76.73877731797262, 30.775789685137006], [76.73885845369036, 30.780299367568677], [76.73363533809037, 30.78036932371049], [76.73355444578695, 30.775859628820655]]]}, "properties": {"grid_id": "cell_0232", "lst_mean": 39.0, "lst_max": 41.62, "frac_impervious": 0.6216, "frac_vegetation": 0.5421, "frac_bare_soil": 0.1335, "frac_water": 0.0291, "ndvi_mean": 0.6499, "ndvi_std": 0.0497, "ndbi_mean": 0.0877, "building_density": 218.1, "building_height_mean": 14.2, "road_density": 1355.9, "park_area_frac": 0.4215, "tree_canopy_frac": 0.3348, "dist_to_water": 6242.1, "water_area_frac": 0.0291, "air_temp_max": 44.5, "wind_speed_mean": 2.58, "solar_radiation": 315.8, "veg_imperv_ratio": 0.8583, "green_deficit": 0.0364, "thermal_mass_proxy": 3097.0, "cooling_potential": 144.6, "sky_view_factor": 0.7753, "tier": "cool", "delta_above_mean": -3.31, "priority_score": 0.0}}, {"type": "Feature", "geometry": {"type": "Polygon", "coordinates": [[[76.73363533809037, 30.78036932371049], [76.73885845369036, 30.780299367568677], [76.73893960770143, 30.784809046667522], [76.73371624863226, 30.784879015268647], [76.73363533809037, 30.78036932371049]]]}, "properties": {"grid_id": "cell_0233", "lst_mean": 41.21, "lst_max": 47.5, "frac_impervious": 0.6058, "frac_vegetation": 0.2361, "frac_bare_soil": 0.1407, "frac_water": 0.0174, "ndvi_mean": 0.2471, "ndvi_std": 0.0612, "ndbi_mean": 0.1027, "building_density": 207.2, "building_height_mean": 12.2, "road_density": 1417.6, "park_area_frac": 0.0589, "tree_canopy_frac": 0.155, "dist_to_water": 6786.1, "water_area_frac": 0.0174, "air_temp_max": 41.1, "wind_speed_mean": 3.44, "solar_radiation": 330.9, "veg_imperv_ratio": 0.3834, "green_deficit": 0.705, "thermal_mass_proxy": 2527.8, "cooling_potential": 252.8, "sky_view_factor": 0.807, "tier": "normal", "delta_above_mean": -1.1, "priority_score": 0.0}}, {"type": "Feature", "geometry": {"type": "Polygon", "coordinates": [[[76.73371624863226, 30.784879015268647], [76.73893960770143, 30.784809046667522], [76.73902078000941, 30.78931872243325], [76.73379717741624, 30.789388703494808], [76.73371624863226, 30.784879015268647]]]}, "properties": {"grid_id": "cell_0234", "lst_mean": 43.43, "lst_max": 46.48, "frac_impervious": 0.5407, "frac_vegetation": 0.2511, "frac_bare_soil": 0.1794, "frac_water": 0.0288, "ndvi_mean": 0.2354, "ndvi_std": 0.0269, "ndbi_mean": 0.1169, "building_density": 228.6, "building_height_mean": 13.5, "road_density": 1673.5, "park_area_frac": 0.068, "tree_canopy_frac": 0.1389, "dist_to_water": 7075.9, "water_area_frac": 0.0288, "air_temp_max": 42.2, "wind_speed_mean": 2.05, "solar_radiation": 320.5, "veg_imperv_ratio": 0.456, "green_deficit": 0.6809, "thermal_mass_proxy": 3086.1, "cooling_potential": 240.0, "sky_view_factor": 0.7864, "tier": "moderate", "delta_above_mean": 1.12, "priority_score": 0.6}}, {"type": "Feature", "geometry": {"type": "Polygon", "coordinates": [[[76.73379717741624, 30.789388703494808], [76.73902078000941, 30.78931872243325], [76.73910197061784, 30.793828394865518], [76.7338781244458, 30.79389838838865], [76.73379717741624, 30.789388703494808]]]}, "properties": {"grid_id": "cell_0235", "lst_mean": 41.49, "lst_max": 48.62, "frac_impervious": 0.6038, "frac_vegetation": 0.2506, "frac_bare_soil": 0.1158, "frac_water": 0.0298, "ndvi_mean": 0.1836, "ndvi_std": 0.0478, "ndbi_mean": 0.1076, "building_density": 216.1, "building_height_mean": 13.8, "road_density": 1325.3, "park_area_frac": 0.061, "tree_canopy_frac": 0.1282, "dist_to_water": 7748.8, "water_area_frac": 0.0298, "air_temp_max": 43.4, "wind_speed_mean": 2.17, "solar_radiation": 298.5, "veg_imperv_ratio": 0.4083, "green_deficit": 0.6884, "thermal_mass_proxy": 2982.2, "cooling_potential": 223.7, "sky_view_factor": 0.7816, "tier": "normal", "delta_above_mean": -0.82, "priority_score": 0.0}}, {"type": "Feature", "geometry": {"type": "Polygon", "coordinates": [[[76.7338781244458, 30.79389838838865], [76.73910197061784, 30.793828394865518], [76.7391831795303, 30.798338063964025], [76.7339590897245, 30.798408069949865], [76.7338781244458, 30.79389838838865]]]}, "properties": {"grid_id": "cell_0236", "lst_mean": 40.71, "lst_max": 42.85, "frac_impervious": 0.5829, "frac_vegetation": 0.2856, "frac_bare_soil": 0.1104, "frac_water": 0.021, "ndvi_mean": 0.2369, "ndvi_std": 0.0429, "ndbi_mean": 0.1312, "building_density": 153.6, "building_height_mean": 8.2, "road_density": 1121.7, "park_area_frac": 0.1369, "tree_canopy_frac": 0.1731, "dist_to_water": 8701.7, "water_area_frac": 0.021, "air_temp_max": 43.2, "wind_speed_mean": 3.0, "solar_radiation": 308.2, "veg_imperv_ratio": 0.4817, "green_deficit": 0.5775, "thermal_mass_proxy": 1259.5, "cooling_potential": 220.2, "sky_view_factor": 0.8703, "tier": "normal", "delta_above_mean": -1.6, "priority_score": 0.0}}, {"type": "Feature", "geometry": {"type": "Polygon", "coordinates": [[[76.7339590897245, 30.798408069949865], [76.7391831795303, 30.798338063964025], [76.73926440675031, 30.80284772972844], [76.73404007325588, 30.80291774817815], [76.7339590897245, 30.798408069949865]]]}, "properties": {"grid_id": "cell_0237", "lst_mean": 41.05, "lst_max": 44.02, "frac_impervious": 0.6171, "frac_vegetation": 0.268, "frac_bare_soil": 0.0896, "frac_water": 0.0252, "ndvi_mean": 0.2658, "ndvi_std": 0.026, "ndbi_mean": 0.1146, "building_density": 188.7, "building_height_mean": 11.3, "road_density": 1290.7, "park_area_frac": 0.0894, "tree_canopy_frac": 0.1695, "dist_to_water": 9072.7, "water_area_frac": 0.0252, "air_temp_max": 43.1, "wind_speed_mean": 2.88, "solar_radiation": 296.2, "veg_imperv_ratio": 0.4274, "green_deficit": 0.6426, "thermal_mass_proxy": 2132.3, "cooling_potential": 216.8, "sky_view_factor": 0.8212, "tier": "normal", "delta_above_mean": -1.26, "priority_score": 0.0}}, {"type": "Feature", "geometry": {"type": "Polygon", "coordinates": [[[76.73651293060037, 30.64951722521628], [76.74172899121596, 30.64944742074513], [76.74180985803608, 30.653957183902865], [76.73659355554089, 30.654027000837804], [76.73651293060037, 30.64951722521628]]]}, "properties": {"grid_id": "cell_0238", "lst_mean": 39.28, "lst_max": 41.38, "frac_impervious": 0.5386, "frac_vegetation": 0.2311, "frac_bare_soil": 0.1717, "frac_water": 0.0586, "ndvi_mean": 0.214, "ndvi_std": 0.0434, "ndbi_mean": 0.092, "building_density": 163.3, "building_height_mean": 7.2, "road_density": 1217.6, "park_area_frac": 0.0708, "tree_canopy_frac": 0.1259, "dist_to_water": 7404.8, "water_area_frac": 0.0586, "air_temp_max": 43.0, "wind_speed_mean": 2.58, "solar_radiation": 300.9, "veg_imperv_ratio": 0.4213, "green_deficit": 0.6981, "thermal_mass_proxy": 1175.8, "cooling_potential": 231.4, "sky_view_factor": 0.8861, "tier": "cool", "delta_above_mean": -3.03, "priority_score": 0.0}}, {"type": "Feature", "geometry": {"type": "Polygon", "coordinates": [[[76.73659355554089, 30.654027000837804], [76.74180985803608, 30.653957183902865], [76.74189074310515, 30.65846694373555], [76.73667419867583, 30.658536773135427], [76.73659355554089, 30.654027000837804]]]}, "properties": {"grid_id": "cell_0239", "lst_mean": 42.32, "lst_max": 45.81, "frac_impervious": 0.6024, "frac_vegetation": 0.2847, "frac_bare_soil": 0.0868, "frac_water": 0.0261, "ndvi_mean": 0.2574, "ndvi_std": 0.0511, "ndbi_mean": 0.1665, "building_density": 187.3, "building_height_mean": 12.0, "road_density": 1264.4, "park_area_frac": 0.0598, "tree_canopy_frac": 0.1872, "dist_to_water": 6959.3, "water_area_frac": 0.0261, "air_temp_max": 41.2, "wind_speed_mean": 2.69, "solar_radiation": 315.8, "veg_imperv_ratio": 0.4649, "green_deficit": 0.6555, "thermal_mass_proxy": 2247.6, "cooling_potential": 225.9, "sky_view_factor": 0.8101, "tier": "moderate", "delta_above_mean": 0.01, "priority_score": 0.0}}, {"type": "Feature", "geometry": {"type": "Polygon", "coordinates": [[[76.73667419867583, 30.658536773135427], [76.74189074310515, 30.65846694373555], [76.7419716464267, 30.662976700242872], [76.7367548600087, 30.663046542108813], [76.73667419867583, 30.658536773135427]]]}, "properties": {"grid_id": "cell_0240", "lst_mean": 40.24, "lst_max": 42.37, "frac_impervious": 0.5442, "frac_vegetation": 0.2979, "frac_bare_soil": 0.1319, "frac_water": 0.026, "ndvi_mean": 0.2394, "ndvi_std": 0.0378, "ndbi_mean": 0.1251, "building_density": 163.0, "building_height_mean": 9.0, "road_density": 1370.6, "park_area_frac": 0.0899, "tree_canopy_frac": 0.1915, "dist_to_water": 6840.8, "water_area_frac": 0.026, "air_temp_max": 41.8, "wind_speed_mean": 3.64, "solar_radiation": 293.5, "veg_imperv_ratio": 0.5375, "green_deficit": 0.6122, "thermal_mass_proxy": 1467.0, "cooling_potential": 206.1, "sky_view_factor": 0.8576, "tier": "normal", "delta_above_mean": -2.07, "priority_score": 0.0}}, {"type": "Feature", "geometry": {"type": "Polygon", "coordinates": [[[76.7367548600087, 30.663046542108813], [76.7419716464267, 30.662976700242872], [76.74205256800428, 30.66748645342451], [76.73683553954304, 30.667556307757657], [76.7367548600087, 30.663046542108813]]]}, "properties": {"grid_id": "cell_0241", "lst_mean": 41.53, "lst_max": 43.82, "frac_impervious": 0.5686, "frac_vegetation": 0.2353, "frac_bare_soil": 0.1528, "frac_water": 0.0432, "ndvi_mean": 0.1868, "ndvi_std": 0.0505, "ndbi_mean": 0.1272, "building_density": 201.5, "building_height_mean": 9.7, "road_density": 1438.9, "park_area_frac": 0.0597, "tree_canopy_frac": 0.1281, "dist_to_water": 6333.8, "water_area_frac": 0.0432, "air_temp_max": 39.8, "wind_speed_mean": 2.66, "solar_radiation": 303.8, "veg_imperv_ratio": 0.4067, "green_deficit": 0.705, "thermal_mass_proxy": 1954.6, "cooling_potential": 232.3, "sky_view_factor": 0.8465, "tier": "normal", "delta_above_mean": -0.78, "priority_score": 0.0}}, {"type": "Feature", "geometry": {"type": "Polygon", "coordinates": [[[76.73683553954304, 30.667556307757657], [76.74205256800428, 30.66748645342451], [76.74213350784142, 30.671996203280145], [76.73691623728233, 30.672066070081623], [76.73683553954304, 30.667556307757657]]]}, "properties": {"grid_id": "cell_0242", "lst_mean": 41.81, "lst_max": 44.25, "frac_impervious": 0.622, "frac_vegetation": 0.2119, "frac_bare_soil": 0.1353, "frac_water": 0.0308, "ndvi_mean": 0.2023, "ndvi_std": 0.0203, "ndbi_mean": 0.1752, "building_density": 232.8, "building_height_mean": 14.1, "road_density": 1407.6, "park_area_frac": 0.0593, "tree_canopy_frac": 0.1498, "dist_to_water": 5604.9, "water_area_frac": 0.0308, "air_temp_max": 41.7, "wind_speed_mean": 1.79, "solar_radiation": 295.5, "veg_imperv_ratio": 0.3353, "green_deficit": 0.7288, "thermal_mass_proxy": 3282.5, "cooling_potential": 232.9, "sky_view_factor": 0.7769, "tier": "normal", "delta_above_mean": -0.5, "priority_score": 0.0}}, {"type": "Feature", "geometry": {"type": "Polygon", "coordinates": [[[76.73691623728233, 30.672066070081623], [76.74213350784142, 30.671996203280145], [76.74221446594161, 30.676505949809474], [76.73699695323013, 30.676575829080413], [76.73691623728233, 30.672066070081623]]]}, "properties": {"grid_id": "cell_0243", "lst_mean": 42.13, "lst_max": 46.2, "frac_impervious": 0.6382, "frac_vegetation": 0.2101, "frac_bare_soil": 0.1269, "frac_water": 0.0248, "ndvi_mean": 0.2143, "ndvi_std": 0.0219, "ndbi_mean": 0.1697, "building_density": 240.7, "building_height_mean": 10.7, "road_density": 1493.5, "park_area_frac": 0.0585, "tree_canopy_frac": 0.1493, "dist_to_water": 5323.8, "water_area_frac": 0.0248, "air_temp_max": 41.3, "wind_speed_mean": 1.81, "solar_radiation": 321.5, "veg_imperv_ratio": 0.3241, "green_deficit": 0.7314, "thermal_mass_proxy": 2575.5, "cooling_potential": 254.0, "sky_view_factor": 0.8307, "tier": "normal", "delta_above_mean": -0.18, "priority_score": 0.0}}, {"type": "Feature", "geometry": {"type": "Polygon", "coordinates": [[[76.73699695323013, 30.676575829080413], [76.74221446594161, 30.676505949809474], [76.74229544230843, 30.681015693012153], [76.73707768738994, 30.68108558475368], [76.73699695323013, 30.676575829080413]]]}, "properties": {"grid_id": "cell_0244", "lst_mean": 39.22, "lst_max": 41.49, "frac_impervious": 0.5669, "frac_vegetation": 0.2448, "frac_bare_soil": 0.1518, "frac_water": 0.0366, "ndvi_mean": 0.2027, "ndvi_std": 0.0409, "ndbi_mean": 0.1701, "building_density": 166.4, "building_height_mean": 12.3, "road_density": 1330.2, "park_area_frac": 0.0734, "tree_canopy_frac": 0.1882, "dist_to_water": 4433.7, "water_area_frac": 0.0366, "air_temp_max": 42.9, "wind_speed_mean": 3.9, "solar_radiation": 304.8, "veg_imperv_ratio": 0.4243, "green_deficit": 0.6818, "thermal_mass_proxy": 2046.7, "cooling_potential": 230.2, "sky_view_factor": 0.8054, "tier": "cool", "delta_above_mean": -3.09, "priority_score": 0.0}}, {"type": "Feature", "geometry": {"type": "Polygon", "coordinates": [[[76.73707768738994, 30.68108558475368], [76.74229544230843, 30.681015693012153], [76.7423764369454, 30.685525432887875], [76.73715843976531, 30.685595337101137], [76.73707768738994, 30.68108558475368]]]}, "properties": {"grid_id": "cell_0245", "lst_mean": 40.03, "lst_max": 44.85, "frac_impervious": 0.5477, "frac_vegetation": 0.2374, "frac_bare_soil": 0.175, "frac_water": 0.04, "ndvi_mean": 0.2116, "ndvi_std": 0.0392, "ndbi_mean": 0.1053, "building_density": 235.6, "building_height_mean": 14.4, "road_density": 1387.9, "park_area_frac": 0.0856, "tree_canopy_frac": 0.1767, "dist_to_water": 4130.3, "water_area_frac": 0.04, "air_temp_max": 46.7, "wind_speed_mean": 3.46, "solar_radiation": 277.3, "veg_imperv_ratio": 0.4257, "green_deficit": 0.677, "thermal_mass_proxy": 3392.6, "cooling_potential": 211.5, "sky_view_factor": 0.7722, "tier": "cool", "delta_above_mean": -2.28, "priority_score": 0.0}}, {"type": "Feature", "geometry": {"type": "Polygon", "coordinates": [[[76.73715843976531, 30.685595337101137], [76.7423764369454, 30.685525432887875], [76.74245744985606, 30.690035169436307], [76.73723921035972, 30.690105086122433], [76.73715843976531, 30.685595337101137]]]}, "properties": {"grid_id": "cell_0246", "lst_mean": 44.15, "lst_max": 46.36, "frac_impervious": 0.5761, "frac_vegetation": 0.2995, "frac_bare_soil": 0.0999, "frac_water": 0.0244, "ndvi_mean": 0.2216, "ndvi_std": 0.0368, "ndbi_mean": 0.1176, "building_density": 206.7, "building_height_mean": 11.6, "road_density": 1442.6, "park_area_frac": 0.0618, "tree_canopy_frac": 0.1617, "dist_to_water": 3287.9, "water_area_frac": 0.0244, "air_temp_max": 44.4, "wind_speed_mean": 2.5, "solar_radiation": 332.5, "veg_imperv_ratio": 0.511, "green_deficit": 0.6387, "thermal_mass_proxy": 2397.7, "cooling_potential": 232.9, "sky_view_factor": 0.8165, "tier": "moderate", "delta_above_mean": 1.84, "priority_score": 0.8}}, {"type": "Feature", "geometry": {"type": "Polygon", "coordinates": [[[76.73723921035972, 30.690105086122433], [76.74245744985606, 30.690035169436307], [76.74253848104392, 30.69454490265717], [76.73731999917673, 30.694614831817283], [76.73723921035972, 30.690105086122433]]]}, "properties": {"grid_id": "cell_0247", "lst_mean": 42.93, "lst_max": 44.98, "frac_impervious": 0.6738, "frac_vegetation": 0.2004, "frac_bare_soil": 0.1022, "frac_water": 0.0236, "ndvi_mean": 0.2338, "ndvi_std": 0.0441, "ndbi_mean": 0.1305, "building_density": 227.6, "building_height_mean": 12.0, "road_density": 1476.7, "park_area_frac": 0.0557, "tree_canopy_frac": 0.1388, "dist_to_water": 3007.9, "water_area_frac": 0.0236, "air_temp_max": 39.9, "wind_speed_mean": 3.1, "solar_radiation": 327.2, "veg_imperv_ratio": 0.2931, "green_deficit": 0.7439, "thermal_mass_proxy": 2731.2, "cooling_potential": 261.6, "sky_view_factor": 0.8101, "tier": "moderate", "delta_above_mean": 0.62, "priority_score": 0.4}}, {"type": "Feature", "geometry": {"type": "Polygon", "coordinates": [[[76.73731999917673, 30.694614831817283], [76.74253848104392, 30.69454490265717], [76.74261953051254, 30.699054632550112], [76.73740080621987, 30.699124574185355], [76.73731999917673, 30.694614831817283]]]}, "properties": {"grid_id": "cell_0248", "lst_mean": 45.71, "lst_max": 48.47, "frac_impervious": 0.6847, "frac_vegetation": 0.187, "frac_bare_soil": 0.1023, "frac_water": 0.026, "ndvi_mean": 0.1846, "ndvi_std": 0.0403, "ndbi_mean": 0.161, "building_density": 238.8, "building_height_mean": 18.1, "road_density": 1940.6, "park_area_frac": 0.0609, "tree_canopy_frac": 0.1298, "dist_to_water": 2584.4, "water_area_frac": 0.026, "air_temp_max": 41.7, "wind_speed_mean": 2.55, "solar_radiation": 282.3, "veg_imperv_ratio": 0.2692, "green_deficit": 0.7521, "thermal_mass_proxy": 4322.3, "cooling_potential": 229.5, "sky_view_factor": 0.7136, "tier": "high", "delta_above_mean": 3.4, "priority_score": 2.5}}, {"type": "Feature", "geometry": {"type": "Polygon", "coordinates": [[[76.73740080621987, 30.699124574185355], [76.74261953051254, 30.699054632550112], [76.74270059826546, 30.703564359114814], [76.73748163149264, 30.70363431322632], [76.73740080621987, 30.699124574185355]]]}, "properties": {"grid_id": "cell_0249", "lst_mean": 43.07, "lst_max": 50.89, "frac_impervious": 0.6594, "frac_vegetation": 0.1605, "frac_bare_soil": 0.1327, "frac_water": 0.0474, "ndvi_mean": 0.2238, "ndvi_std": 0.0414, "ndbi_mean": 0.1927, "building_density": 244.2, "building_height_mean": 17.2, "road_density": 1770.2, "park_area_frac": 0.0781, "tree_canopy_frac": 0.0893, "dist_to_water": 1739.7, "water_area_frac": 0.0474, "air_temp_max": 41.7, "wind_speed_mean": 3.16, "solar_radiation": 324.6, "veg_imperv_ratio": 0.2398, "green_deficit": 0.7614, "thermal_mass_proxy": 4200.2, "cooling_potential": 272.5, "sky_view_factor": 0.7278, "tier": "moderate", "delta_above_mean": 0.76, "priority_score": 0.6}}, {"type": "Feature", "geometry": {"type": "Polygon", "coordinates": [[[76.73748163149264, 30.70363431322632], [76.74270059826546, 30.703564359114814], [76.74278168430621, 30.70807408235097], [76.7375624749986, 30.708144048939875], [76.73748163149264, 30.70363431322632]]]}, "properties": {"grid_id": "cell_0250", "lst_mean": 43.14, "lst_max": 45.31, "frac_impervious": 0.6145, "frac_vegetation": 0.2214, "frac_bare_soil": 0.1368, "frac_water": 0.0273, "ndvi_mean": 0.2565, "ndvi_std": 0.0365, "ndbi_mean": 0.1848, "building_density": 227.1, "building_height_mean": 13.9, "road_density": 1632.6, "park_area_frac": 0.0582, "tree_canopy_frac": 0.1419, "dist_to_water": 1693.3, "water_area_frac": 0.0273, "air_temp_max": 40.7, "wind_speed_mean": 2.13, "solar_radiation": 334.0, "veg_imperv_ratio": 0.3545, "green_deficit": 0.7204, "thermal_mass_proxy": 3156.7, "cooling_potential": 260.1, "sky_view_factor": 0.7801, "tier": "moderate", "delta_above_mean": 0.83, "priority_score": 0.5}}, {"type": "Feature", "geometry": {"type": "Polygon", "coordinates": [[[76.7375624749986, 30.708144048939875], [76.74278168430621, 30.70807408235097], [76.74286278863835, 30.712583802258255], [76.73764333674127, 30.71265378132569], [76.7375624749986, 30.708144048939875]]]}, "properties": {"grid_id": "cell_0251", "lst_mean": 45.07, "lst_max": 47.23, "frac_impervious": 0.6626, "frac_vegetation": 0.1835, "frac_bare_soil": 0.1332, "frac_water": 0.0207, "ndvi_mean": 0.1893, "ndvi_std": 0.0407, "ndbi_mean": 0.1939, "building_density": 228.0, "building_height_mean": 19.6, "road_density": 1821.3, "park_area_frac": 0.0533, "tree_canopy_frac": 0.0726, "dist_to_water": 1224.7, "water_area_frac": 0.0207, "air_temp_max": 43.5, "wind_speed_mean": 1.89, "solar_radiation": 309.9, "veg_imperv_ratio": 0.2728, "green_deficit": 0.7632, "thermal_mass_proxy": 4468.8, "cooling_potential": 253.0, "sky_view_factor": 0.6899, "tier": "high", "delta_above_mean": 2.76, "priority_score": 2.0}}, {"type": "Feature", "geometry": {"type": "Polygon", "coordinates": [[[76.73764333674127, 30.71265378132569], [76.74286278863835, 30.712583802258255], [76.7429439112654, 30.717093518836364], [76.73772421672416, 30.71716351038345], [76.73764333674127, 30.71265378132569]]]}, "properties": {"grid_id": "cell_0252", "lst_mean": 45.02, "lst_max": 49.1, "frac_impervious": 0.695, "frac_vegetation": 0.1323, "frac_bare_soil": 0.1362, "frac_water": 0.0364, "ndvi_mean": 0.1359, "ndvi_std": 0.0261, "ndbi_mean": 0.1242, "building_density": 291.4, "building_height_mean": 25.2, "road_density": 1816.5, "park_area_frac": 0.1043, "tree_canopy_frac": 0.0413, "dist_to_water": 772.9, "water_area_frac": 0.0364, "air_temp_max": 44.7, "wind_speed_mean": 2.93, "solar_radiation": 316.9, "veg_imperv_ratio": 0.1877, "green_deficit": 0.7634, "thermal_mass_proxy": 7343.3, "cooling_potential": 275.0, "sky_view_factor": 0.6013, "tier": "high", "delta_above_mean": 2.71, "priority_score": 2.7}}, {"type": "Feature", "geometry": {"type": "Polygon", "coordinates": [[[76.73772421672416, 30.71716351038345], [76.7429439112654, 30.717093518836364], [76.7430250521909, 30.72160323208494], [76.73780511495085, 30.72167323611284], [76.73772421672416, 30.71716351038345]]]}, "properties": {"grid_id": "cell_0253", "lst_mean": 45.82, "lst_max": 48.38, "frac_impervious": 0.6954, "frac_vegetation": 0.2085, "frac_bare_soil": 0.0728, "frac_water": 0.0233, "ndvi_mean": 0.1417, "ndvi_std": 0.0572, "ndbi_mean": 0.2106, "building_density": 292.6, "building_height_mean": 18.8, "road_density": 1833.9, "park_area_frac": 0.1089, "tree_canopy_frac": 0.0908, "dist_to_water": 535.5, "water_area_frac": 0.0233, "air_temp_max": 42.2, "wind_speed_mean": 1.62, "solar_radiation": 306.9, "veg_imperv_ratio": 0.2956, "green_deficit": 0.6826, "thermal_mass_proxy": 5500.9, "cooling_potential": 242.9, "sky_view_factor": 0.7025, "tier": "high", "delta_above_mean": 3.51, "priority_score": 2.3}}, {"type": "Feature", "geometry": {"type": "Polygon", "coordinates": [[[76.73780511495085, 30.72167323611284], [76.7430250521909, 30.72160323208494], [76.74310621141844, 30.726112942003713], [76.73788603142481, 30.72618295851355], [76.73780511495085, 30.72167323611284]]]}, "properties": {"grid_id": "cell_0254", "lst_mean": 40.1, "lst_max": 43.99, "frac_impervious": 0.5684, "frac_vegetation": 0.2503, "frac_bare_soil": 0.1626, "frac_water": 0.0187, "ndvi_mean": 0.181, "ndvi_std": 0.0319, "ndbi_mean": 0.0722, "building_density": 225.9, "building_height_mean": 11.7, "road_density": 1692.9, "park_area_frac": 0.1451, "tree_canopy_frac": 0.158, "dist_to_water": 516.7, "water_area_frac": 0.0187, "air_temp_max": 43.2, "wind_speed_mean": 2.64, "solar_radiation": 317.8, "veg_imperv_ratio": 0.4327, "green_deficit": 0.6046, "thermal_mass_proxy": 2643.0, "cooling_potential": 238.3, "sky_view_factor": 0.8149, "tier": "normal", "delta_above_mean": -2.21, "priority_score": 0.0}}, {"type": "Feature", "geometry": {"type": "Polygon", "coordinates": [[[76.73788603142481, 30.72618295851355], [76.74310621141844, 30.726112942003713], [76.7431873889515, 30.730622648592345], [76.73796696614963, 30.730692677585246], [76.73788603142481, 30.72618295851355]]]}, "properties": {"grid_id": "cell_0255", "lst_mean": 43.77, "lst_max": 46.1, "frac_impervious": 0.6378, "frac_vegetation": 0.1724, "frac_bare_soil": 0.1631, "frac_water": 0.0268, "ndvi_mean": 0.145, "ndvi_std": 0.0548, "ndbi_mean": 0.1821, "building_density": 273.1, "building_height_mean": 18.8, "road_density": 1580.2, "park_area_frac": 0.0828, "tree_canopy_frac": 0.1121, "dist_to_water": 922.6, "water_area_frac": 0.0268, "air_temp_max": 44.1, "wind_speed_mean": 2.47, "solar_radiation": 328.6, "veg_imperv_ratio": 0.2661, "green_deficit": 0.7448, "thermal_mass_proxy": 5134.3, "cooling_potential": 271.9, "sky_view_factor": 0.7025, "tier": "moderate", "delta_above_mean": 1.46, "priority_score": 1.1}}, {"type": "Feature", "geometry": {"type": "Polygon", "coordinates": [[[76.73796696614963, 30.730692677585246], [76.7431873889515, 30.730622648592345], [76.74326858479365, 30.7351323518505], [76.73804791912883, 30.735202393327615], [76.73796696614963, 30.730692677585246]]]}, "properties": {"grid_id": "cell_0256", "lst_mean": 43.42, "lst_max": 46.34, "frac_impervious": 0.7216, "frac_vegetation": 0.1077, "frac_bare_soil": 0.1441, "frac_water": 0.0265, "ndvi_mean": 0.1952, "ndvi_std": 0.029, "ndbi_mean": 0.1776, "building_density": 268.3, "building_height_mean": 24.0, "road_density": 1944.6, "park_area_frac": 0.0506, "tree_canopy_frac": 0.0592, "dist_to_water": 1117.0, "water_area_frac": 0.0265, "air_temp_max": 45.3, "wind_speed_mean": 2.71, "solar_radiation": 297.8, "veg_imperv_ratio": 0.1472, "green_deficit": 0.8417, "thermal_mass_proxy": 6439.2, "cooling_potential": 265.7, "sky_view_factor": 0.6203, "tier": "moderate", "delta_above_mean": 1.11, "priority_score": 1.3}}, {"type": "Feature", "geometry": {"type": "Polygon", "coordinates": [[[76.73804791912883, 30.735202393327615], [76.74326858479365, 30.7351323518505], [76.74334979894847, 30.739642051777896], [76.73812889036593, 30.73971210574036], [76.73804791912883, 30.735202393327615]]]}, "properties": {"grid_id": "cell_0257", "lst_mean": 42.85, "lst_max": 45.31, "frac_impervious": 0.5684, "frac_vegetation": 0.2287, "frac_bare_soil": 0.1651, "frac_water": 0.0377, "ndvi_mean": 0.2178, "ndvi_std": 0.0245, "ndbi_mean": 0.1484, "building_density": 258.5, "building_height_mean": 17.4, "road_density": 1908.7, "park_area_frac": 0.0552, "tree_canopy_frac": 0.1717, "dist_to_water": 2017.8, "water_area_frac": 0.0377, "air_temp_max": 43.9, "wind_speed_mean": 2.59, "solar_radiation": 300.3, "veg_imperv_ratio": 0.3954, "green_deficit": 0.7161, "thermal_mass_proxy": 4497.9, "cooling_potential": 231.6, "sky_view_factor": 0.7247, "tier": "moderate", "delta_above_mean": 0.54, "priority_score": 0.3}}, {"type": "Feature", "geometry": {"type": "Polygon", "coordinates": [[[76.73812889036593, 30.73971210574036], [76.74334979894847, 30.739642051777896], [76.74343103141949, 30.744151748374183], [76.73820987986448, 30.74422181482313], [76.73812889036593, 30.73971210574036]]]}, "properties": {"grid_id": "cell_0258", "lst_mean": 42.88, "lst_max": 45.78, "frac_impervious": 0.7184, "frac_vegetation": 0.18, "frac_bare_soil": 0.0775, "frac_water": 0.0242, "ndvi_mean": 0.2017, "ndvi_std": 0.0481, "ndbi_mean": 0.1474, "building_density": 212.4, "building_height_mean": 16.4, "road_density": 1884.4, "park_area_frac": 0.0568, "tree_canopy_frac": 0.1277, "dist_to_water": 2553.4, "water_area_frac": 0.0242, "air_temp_max": 44.4, "wind_speed_mean": 2.36, "solar_radiation": 314.3, "veg_imperv_ratio": 0.2471, "green_deficit": 0.7632, "thermal_mass_proxy": 3483.4, "cooling_potential": 257.7, "sky_view_factor": 0.7405, "tier": "moderate", "delta_above_mean": 0.57, "priority_score": 0.4}}, {"type": "Feature", "geometry": {"type": "Polygon", "coordinates": [[[76.73820987986448, 30.74422181482313], [76.74343103141949, 30.744151748374183], [76.74351228221025, 30.748661441639058], [76.73829088762805, 30.74873152057563], [76.73820987986448, 30.74422181482313]]]}, "properties": {"grid_id": "cell_0259", "lst_mean": 46.06, "lst_max": 50.26, "frac_impervious": 0.6357, "frac_vegetation": 0.2224, "frac_bare_soil": 0.1045, "frac_water": 0.0374, "ndvi_mean": 0.1446, "ndvi_std": 0.0391, "ndbi_mean": 0.1894, "building_density": 307.2, "building_height_mean": 18.6, "road_density": 1933.6, "park_area_frac": 0.0558, "tree_canopy_frac": 0.1015, "dist_to_water": 2672.3, "water_area_frac": 0.0374, "air_temp_max": 43.9, "wind_speed_mean": 2.22, "solar_radiation": 315.8, "veg_imperv_ratio": 0.3444, "green_deficit": 0.7218, "thermal_mass_proxy": 5713.9, "cooling_potential": 245.6, "sky_view_factor": 0.7057, "tier": "high", "delta_above_mean": 3.75, "priority_score": 2.3}}, {"type": "Feature", "geometry": {"type": "Polygon", "coordinates": [[[76.73829088762805, 30.74873152057563], [76.74351228221025, 30.748661441639058], [76.74359355132431, 30.753171131572195], [76.73837191366015, 30.75324122299753], [76.73829088762805, 30.74873152057563]]]}, "properties": {"grid_id": "cell_0260", "lst_mean": 44.83, "lst_max": 48.98, "frac_impervious": 0.7011, "frac_vegetation": 0.1523, "frac_bare_soil": 0.1163, "frac_water": 0.0303, "ndvi_mean": 0.1402, "ndvi_std": 0.0407, "ndbi_mean": 0.1365, "building_density": 259.7, "building_height_mean": 13.0, "road_density": 1620.1, "park_area_frac": 0.1147, "tree_canopy_frac": 0.0879, "dist_to_water": 3397.5, "water_area_frac": 0.0303, "air_temp_max": 42.0, "wind_speed_mean": 2.1, "solar_radiation": 320.0, "veg_imperv_ratio": 0.2142, "green_deficit": 0.733, "thermal_mass_proxy": 3376.1, "cooling_potential": 271.3, "sky_view_factor": 0.7943, "tier": "high", "delta_above_mean": 2.52, "priority_score": 2.2}}, {"type": "Feature", "geometry": {"type": "Polygon", "coordinates": [[[76.73837191366015, 30.75324122299753], [76.74359355132431, 30.753171131572195], [76.74367483876522, 30.75768081817329], [76.7384529579643, 30.757750922088515], [76.73837191366015, 30.75324122299753]]]}, "properties": {"grid_id": "cell_0261", "lst_mean": 43.47, "lst_max": 46.56, "frac_impervious": 0.6005, "frac_vegetation": 0.237, "frac_bare_soil": 0.1427, "frac_water": 0.0197, "ndvi_mean": 0.2451, "ndvi_std": 0.0512, "ndbi_mean": 0.1201, "building_density": 232.9, "building_height_mean": 17.6, "road_density": 1754.4, "park_area_frac": 0.082, "tree_canopy_frac": 0.1234, "dist_to_water": 3949.8, "water_area_frac": 0.0197, "air_temp_max": 42.5, "wind_speed_mean": 2.46, "solar_radiation": 307.6, "veg_imperv_ratio": 0.3882, "green_deficit": 0.681, "thermal_mass_proxy": 4099.0, "cooling_potential": 234.7, "sky_view_factor": 0.7215, "tier": "moderate", "delta_above_mean": 1.16, "priority_score": 0.7}}, {"type": "Feature", "geometry": {"type": "Polygon", "coordinates": [[[76.7384529579643, 30.757750922088515], [76.74367483876522, 30.75768081817329], [76.74375614453653, 30.762190501442017], [76.7385340205441, 30.76226061784828], [76.7384529579643, 30.757750922088515]]]}, "properties": {"grid_id": "cell_0262", "lst_mean": 39.0, "lst_max": 44.96, "frac_impervious": 0.6054, "frac_vegetation": 0.2212, "frac_bare_soil": 0.1162, "frac_water": 0.0573, "ndvi_mean": 0.2192, "ndvi_std": 0.0411, "ndbi_mean": 0.1122, "building_density": 146.9, "building_height_mean": 8.0, "road_density": 1237.3, "park_area_frac": 0.0836, "tree_canopy_frac": 0.141, "dist_to_water": 4555.4, "water_area_frac": 0.0573, "air_temp_max": 40.8, "wind_speed_mean": 3.47, "solar_radiation": 297.9, "veg_imperv_ratio": 0.3594, "green_deficit": 0.6952, "thermal_mass_proxy": 1175.2, "cooling_potential": 232.0, "sky_view_factor": 0.8734, "tier": "cool", "delta_above_mean": -3.31, "priority_score": 0.0}}, {"type": "Feature", "geometry": {"type": "Polygon", "coordinates": [[[76.7385340205441, 30.76226061784828], [76.74375614453653, 30.762190501442017], [76.74383746864181, 30.766700181378063], [76.73861510140303, 30.76677031027649], [76.7385340205441, 30.76226061784828]]]}, "properties": {"grid_id": "cell_0263", "lst_mean": 40.38, "lst_max": 42.84, "frac_impervious": 0.5489, "frac_vegetation": 0.2655, "frac_bare_soil": 0.1584, "frac_water": 0.0273, "ndvi_mean": 0.2283, "ndvi_std": 0.0353, "ndbi_mean": 0.0669, "building_density": 220.5, "building_height_mean": 12.9, "road_density": 1578.0, "park_area_frac": 0.0581, "tree_canopy_frac": 0.1587, "dist_to_water": 5122.8, "water_area_frac": 0.0273, "air_temp_max": 45.5, "wind_speed_mean": 2.56, "solar_radiation": 324.2, "veg_imperv_ratio": 0.475, "green_deficit": 0.6764, "thermal_mass_proxy": 2844.5, "cooling_potential": 238.1, "sky_view_factor": 0.7959, "tier": "normal", "delta_above_mean": -1.93, "priority_score": 0.0}}, {"type": "Feature", "geometry": {"type": "Polygon", "coordinates": [[[76.73861510140303, 30.76677031027649], [76.74383746864181, 30.766700181378063], [76.7439188110846, 30.77120985798109], [76.73869620054471, 30.77127999937283], [76.73861510140303, 30.76677031027649]]]}, "properties": {"grid_id": "cell_0264", "lst_mean": 40.76, "lst_max": 43.17, "frac_impervious": 0.6044, "frac_vegetation": 0.2126, "frac_bare_soil": 0.1613, "frac_water": 0.0217, "ndvi_mean": 0.2232, "ndvi_std": 0.0468, "ndbi_mean": 0.1446, "building_density": 192.4, "building_height_mean": 12.2, "road_density": 1607.2, "park_area_frac": 0.1012, "tree_canopy_frac": 0.1099, "dist_to_water": 5346.3, "water_area_frac": 0.0217, "air_temp_max": 41.2, "wind_speed_mean": 3.36, "solar_radiation": 293.2, "veg_imperv_ratio": 0.346, "green_deficit": 0.6862, "thermal_mass_proxy": 2347.3, "cooling_potential": 230.9, "sky_view_factor": 0.807, "tier": "normal", "delta_above_mean": -1.55, "priority_score": 0.0}}, {"type": "Feature", "geometry": {"type": "Polygon", "coordinates": [[[76.73869620054471, 30.77127999937283], [76.7439188110846, 30.77120985798109], [76.74400017186848, 30.775719531250814], [76.73877731797262, 30.775789685137006], [76.73869620054471, 30.77127999937283]]]}, "properties": {"grid_id": "cell_0265", "lst_mean": 42.73, "lst_max": 46.16, "frac_impervious": 0.6182, "frac_vegetation": 0.2024, "frac_bare_soil": 0.1541, "frac_water": 0.0253, "ndvi_mean": 0.2503, "ndvi_std": 0.0362, "ndbi_mean": 0.2014, "building_density": 210.0, "building_height_mean": 12.4, "road_density": 1436.5, "park_area_frac": 0.091, "tree_canopy_frac": 0.1553, "dist_to_water": 5995.9, "water_area_frac": 0.0253, "air_temp_max": 44.4, "wind_speed_mean": 3.16, "solar_radiation": 304.5, "veg_imperv_ratio": 0.3222, "green_deficit": 0.7066, "thermal_mass_proxy": 2604.0, "cooling_potential": 242.9, "sky_view_factor": 0.8038, "tier": "moderate", "delta_above_mean": 0.42, "priority_score": 0.3}}, {"type": "Feature", "geometry": {"type": "Polygon", "coordinates": [[[76.73877731797262, 30.775789685137006], [76.74400017186848, 30.775719531250814], [76.74408155099698, 30.78022920118689], [76.73885845369036, 30.780299367568677], [76.73877731797262, 30.775789685137006]]]}, "properties": {"grid_id": "cell_0266", "lst_mean": 44.84, "lst_max": 48.29, "frac_impervious": 0.6047, "frac_vegetation": 0.2082, "frac_bare_soil": 0.1449, "frac_water": 0.0423, "ndvi_mean": 0.1975, "ndvi_std": 0.0435, "ndbi_mean": 0.2219, "building_density": 247.3, "building_height_mean": 15.6, "road_density": 1792.0, "park_area_frac": 0.0544, "tree_canopy_frac": 0.1261, "dist_to_water": 6572.4, "water_area_frac": 0.0423, "air_temp_max": 41.5, "wind_speed_mean": 2.78, "solar_radiation": 311.9, "veg_imperv_ratio": 0.3387, "green_deficit": 0.7374, "thermal_mass_proxy": 3857.9, "cooling_potential": 247.0, "sky_view_factor": 0.7532, "tier": "high", "delta_above_mean": 2.53, "priority_score": 1.7}}, {"type": "Feature", "geometry": {"type": "Polygon", "coordinates": [[[76.73885845369036, 30.780299367568677], [76.74408155099698, 30.78022920118689], [76.74416294847367, 30.784738867789024], [76.73893960770143, 30.784809046667522], [76.73885845369036, 30.780299367568677]]]}, "properties": {"grid_id": "cell_0267", "lst_mean": 41.6, "lst_max": 43.67, "frac_impervious": 0.5832, "frac_vegetation": 0.2823, "frac_bare_soil": 0.1115, "frac_water": 0.023, "ndvi_mean": 0.2432, "ndvi_std": 0.021, "ndbi_mean": 0.1362, "building_density": 169.0, "building_height_mean": 11.2, "road_density": 1264.9, "park_area_frac": 0.0986, "tree_canopy_frac": 0.161, "dist_to_water": 6923.3, "water_area_frac": 0.023, "air_temp_max": 43.9, "wind_speed_mean": 2.8, "solar_radiation": 316.0, "veg_imperv_ratio": 0.4759, "green_deficit": 0.6191, "thermal_mass_proxy": 1892.8, "cooling_potential": 226.8, "sky_view_factor": 0.8228, "tier": "normal", "delta_above_mean": -0.71, "priority_score": 0.0}}, {"type": "Feature", "geometry": {"type": "Polygon", "coordinates": [[[76.73893960770143, 30.784809046667522], [76.74416294847367, 30.784738867789024], [76.74424436430212, 30.789248531056863], [76.73902078000941, 30.78931872243325], [76.73893960770143, 30.784809046667522]]]}, "properties": {"grid_id": "cell_0268", "lst_mean": 41.1, "lst_max": 44.51, "frac_impervious": 0.6248, "frac_vegetation": 0.2443, "frac_bare_soil": 0.1098, "frac_water": 0.0211, "ndvi_mean": 0.2279, "ndvi_std": 0.044, "ndbi_mean": 0.1834, "building_density": 219.8, "building_height_mean": 11.8, "road_density": 1363.7, "park_area_frac": 0.0627, "tree_canopy_frac": 0.1415, "dist_to_water": 7377.4, "water_area_frac": 0.0211, "air_temp_max": 44.4, "wind_speed_mean": 2.5, "solar_radiation": 305.9, "veg_imperv_ratio": 0.3848, "green_deficit": 0.693, "thermal_mass_proxy": 2593.6, "cooling_potential": 231.2, "sky_view_factor": 0.8133, "tier": "normal", "delta_above_mean": -1.21, "priority_score": 0.0}}, {"type": "Feature", "geometry": {"type": "Polygon", "coordinates": [[[76.73902078000941, 30.78931872243325], [76.74424436430212, 30.789248531056863], [76.74432579848589, 30.793758190990125], [76.73910197061784, 30.793828394865518], [76.73902078000941, 30.78931872243325]]]}, "properties": {"grid_id": "cell_0269", "lst_mean": 39.09, "lst_max": 41.79, "frac_impervious": 0.5342, "frac_vegetation": 0.2695, "frac_bare_soil": 0.1752, "frac_water": 0.0211, "ndvi_mean": 0.3065, "ndvi_std": 0.0352, "ndbi_mean": 0.1207, "building_density": 216.8, "building_height_mean": 10.1, "road_density": 1414.0, "park_area_frac": 0.0576, "tree_canopy_frac": 0.1941, "dist_to_water": 8106.2, "water_area_frac": 0.0211, "air_temp_max": 44.7, "wind_speed_mean": 3.64, "solar_radiation": 320.5, "veg_imperv_ratio": 0.4952, "green_deficit": 0.6729, "thermal_mass_proxy": 2189.7, "cooling_potential": 234.1, "sky_view_factor": 0.8402, "tier": "cool", "delta_above_mean": -3.22, "priority_score": 0.0}}, {"type": "Feature", "geometry": {"type": "Polygon", "coordinates": [[[76.73910197061784, 30.793828394865518], [76.74432579848589, 30.793758190990125], [76.74440725102853, 30.798267847588487], [76.7391831795303, 30.798338063964025], [76.73910197061784, 30.793828394865518]]]}, "properties": {"grid_id": "cell_0270", "lst_mean": 41.45, "lst_max": 45.51, "frac_impervious": 0.5884, "frac_vegetation": 0.2606, "frac_bare_soil": 0.1314, "frac_water": 0.0195, "ndvi_mean": 0.1673, "ndvi_std": 0.0574, "ndbi_mean": 0.1503, "building_density": 234.6, "building_height_mean": 14.8, "road_density": 1397.9, "park_area_frac": 0.0754, "tree_canopy_frac": 0.1746, "dist_to_water": 8430.1, "water_area_frac": 0.0195, "air_temp_max": 41.7, "wind_speed_mean": 3.1, "solar_radiation": 328.3, "veg_imperv_ratio": 0.4355, "green_deficit": 0.664, "thermal_mass_proxy": 3472.1, "cooling_potential": 242.7, "sky_view_factor": 0.7658, "tier": "normal", "delta_above_mean": -0.86, "priority_score": 0.0}}, {"type": "Feature", "geometry": {"type": "Polygon", "coordinates": [[[76.7391831795303, 30.798338063964025], [76.74440725102853, 30.798267847588487], [76.74448872193364, 30.802777500851615], [76.73926440675031, 30.80284772972844], [76.7391831795303, 30.798338063964025]]]}, "properties": {"grid_id": "cell_0271", "lst_mean": 40.17, "lst_max": 44.64, "frac_impervious": 0.5824, "frac_vegetation": 0.2271, "frac_bare_soil": 0.1543, "frac_water": 0.0362, "ndvi_mean": 0.234, "ndvi_std": 0.0444, "ndbi_mean": 0.1227, "building_density": 167.0, "building_height_mean": 8.9, "road_density": 1201.7, "park_area_frac": 0.0816, "tree_canopy_frac": 0.133, "dist_to_water": 8728.3, "water_area_frac": 0.0362, "air_temp_max": 42.7, "wind_speed_mean": 2.95, "solar_radiation": 301.6, "veg_imperv_ratio": 0.3834, "green_deficit": 0.6913, "thermal_mass_proxy": 1486.3, "cooling_potential": 233.1, "sky_view_factor": 0.8592, "tier": "normal", "delta_above_mean": -2.14, "priority_score": 0.0}}, {"type": "Feature", "geometry": {"type": "Polygon", "coordinates": [[[76.74172899121596, 30.64944742074513], [76.74694503358612, 30.64937740712049], [76.74702614228228, 30.6538871577771], [76.74180985803608, 30.653957183902865], [76.74172899121596, 30.64944742074513]]]}, "properties": {"grid_id": "cell_0272", "lst_mean": 39.72, "lst_max": 42.92, "frac_impervious": 0.5439, "frac_vegetation": 0.3065, "frac_bare_soil": 0.124, "frac_water": 0.0255, "ndvi_mean": 0.2498, "ndvi_std": 0.0469, "ndbi_mean": 0.1234, "building_density": 169.8, "building_height_mean": 9.8, "road_density": 1215.8, "park_area_frac": 0.0582, "tree_canopy_frac": 0.1641, "dist_to_water": 7881.4, "water_area_frac": 0.0255, "air_temp_max": 42.1, "wind_speed_mean": 3.66, "solar_radiation": 313.6, "veg_imperv_ratio": 0.5533, "green_deficit": 0.6353, "thermal_mass_proxy": 1664.0, "cooling_potential": 217.5, "sky_view_factor": 0.8449, "tier": "cool", "delta_above_mean": -2.59, "priority_score": 0.0}}, {"type": "Feature", "geometry": {"type": "Polygon", "coordinates": [[[76.74180985803608, 30.653957183902865], [76.74702614228228, 30.6538871577771], [76.74710726928197, 30.65839690510751], [76.74189074310515, 30.65846694373555], [76.74180985803608, 30.653957183902865]]]}, "properties": {"grid_id": "cell_0273", "lst_mean": 41.66, "lst_max": 43.66, "frac_impervious": 0.605, "frac_vegetation": 0.2828, "frac_bare_soil": 0.0885, "frac_water": 0.0238, "ndvi_mean": 0.2584, "ndvi_std": 0.0475, "ndbi_mean": 0.1581, "building_density": 205.5, "building_height_mean": 15.1, "road_density": 1411.1, "park_area_frac": 0.0656, "tree_canopy_frac": 0.1529, "dist_to_water": 6887.5, "water_area_frac": 0.0238, "air_temp_max": 41.4, "wind_speed_mean": 3.21, "solar_radiation": 312.4, "veg_imperv_ratio": 0.4598, "green_deficit": 0.6516, "thermal_mass_proxy": 3103.0, "cooling_potential": 224.1, "sky_view_factor": 0.7611, "tier": "normal", "delta_above_mean": -0.65, "priority_score": 0.0}}, {"type": "Feature", "geometry": {"type": "Polygon", "coordinates": [[[76.74189074310515, 30.65846694373555], [76.74710726928197, 30.65839690510751], [76.74718841458868, 30.662906649111438], [76.7419716464267, 30.662976700242872], [76.74189074310515, 30.65846694373555]]]}, "properties": {"grid_id": "cell_0274", "lst_mean": 40.5, "lst_max": 44.01, "frac_impervious": 0.6106, "frac_vegetation": 0.2467, "frac_bare_soil": 0.1201, "frac_water": 0.0226, "ndvi_mean": 0.2036, "ndvi_std": 0.0298, "ndbi_mean": 0.1269, "building_density": 170.9, "building_height_mean": 10.7, "road_density": 1246.7, "park_area_frac": 0.1579, "tree_canopy_frac": 0.1384, "dist_to_water": 6583.8, "water_area_frac": 0.0226, "air_temp_max": 42.7, "wind_speed_mean": 2.25, "solar_radiation": 305.0, "veg_imperv_ratio": 0.3975, "green_deficit": 0.5954, "thermal_mass_proxy": 1828.6, "cooling_potential": 229.8, "sky_view_factor": 0.8307, "tier": "normal", "delta_above_mean": -1.81, "priority_score": 0.0}}, {"type": "Feature", "geometry": {"type": "Polygon", "coordinates": [[[76.7419716464267, 30.662976700242872], [76.74718841458868, 30.662906649111438], [76.74726957820599, 30.66741638978854], [76.74205256800428, 30.66748645342451], [76.7419716464267, 30.662976700242872]]]}, "properties": {"grid_id": "cell_0275", "lst_mean": 40.13, "lst_max": 44.2, "frac_impervious": 0.5955, "frac_vegetation": 0.1891, "frac_bare_soil": 0.1918, "frac_water": 0.0235, "ndvi_mean": 0.1931, "ndvi_std": 0.0514, "ndbi_mean": 0.1359, "building_density": 175.5, "building_height_mean": 12.0, "road_density": 1369.9, "park_area_frac": 0.0783, "tree_canopy_frac": 0.1236, "dist_to_water": 6165.1, "water_area_frac": 0.0235, "air_temp_max": 44.3, "wind_speed_mean": 2.56, "solar_radiation": 283.8, "veg_imperv_ratio": 0.3123, "green_deficit": 0.7326, "thermal_mass_proxy": 2106.0, "cooling_potential": 230.1, "sky_view_factor": 0.8101, "tier": "normal", "delta_above_mean": -2.18, "priority_score": 0.0}}, {"type": "Feature", "geometry": {"type": "Polygon", "coordinates": [[[76.74205256800428, 30.66748645342451], [76.74726957820599, 30.66741638978854], [76.74735076013741, 30.6719261271385], [76.74213350784142, 30.671996203280145], [76.74205256800428, 30.66748645342451]]]}, "properties": {"grid_id": "cell_0276", "lst_mean": 42.05, "lst_max": 44.48, "frac_impervious": 0.622, "frac_vegetation": 0.2328, "frac_bare_soil": 0.098, "frac_water": 0.0471, "ndvi_mean": 0.2378, "ndvi_std": 0.0585, "ndbi_mean": 0.1471, "building_density": 231.8, "building_height_mean": 15.3, "road_density": 1348.4, "park_area_frac": 0.0816, "tree_canopy_frac": 0.1548, "dist_to_water": 5689.7, "water_area_frac": 0.0471, "air_temp_max": 42.2, "wind_speed_mean": 3.13, "solar_radiation": 316.0, "veg_imperv_ratio": 0.3684, "green_deficit": 0.6856, "thermal_mass_proxy": 3546.5, "cooling_potential": 242.4, "sky_view_factor": 0.7579, "tier": "normal", "delta_above_mean": -0.26, "priority_score": 0.0}}, {"type": "Feature", "geometry": {"type": "Polygon", "coordinates": [[[76.74213350784142, 30.671996203280145], [76.74735076013741, 30.6719261271385], [76.74743196038648, 30.676435861161018], [76.74221446594161, 30.676505949809474], [76.74213350784142, 30.671996203280145]]]}, "properties": {"grid_id": "cell_0277", "lst_mean": 41.11, "lst_max": 44.05, "frac_impervious": 0.5456, "frac_vegetation": 0.2857, "frac_bare_soil": 0.1448, "frac_water": 0.024, "ndvi_mean": 0.3362, "ndvi_std": 0.0468, "ndbi_mean": 0.143, "building_density": 240.3, "building_height_mean": 15.5, "road_density": 1365.2, "park_area_frac": 0.061, "tree_canopy_frac": 0.1569, "dist_to_water": 5130.6, "water_area_frac": 0.024, "air_temp_max": 43.5, "wind_speed_mean": 3.57, "solar_radiation": 315.5, "veg_imperv_ratio": 0.5142, "green_deficit": 0.6533, "thermal_mass_proxy": 3724.6, "cooling_potential": 225.4, "sky_view_factor": 0.7547, "tier": "normal", "delta_above_mean": -1.2, "priority_score": 0.0}}, {"type": "Feature", "geometry": {"type": "Polygon", "coordinates": [[[76.74221446594161, 30.676505949809474], [76.74743196038648, 30.676435861161018], [76.74751317895678, 30.68094559185576], [76.74229544230843, 30.681015693012153], [76.74221446594161, 30.676505949809474]]]}, "properties": {"grid_id": "cell_0278", "lst_mean": 39.5, "lst_max": 46.56, "frac_impervious": 0.5782, "frac_vegetation": 0.2114, "frac_bare_soil": 0.1515, "frac_water": 0.0589, "ndvi_mean": 0.2299, "ndvi_std": 0.0528, "ndbi_mean": 0.0993, "building_density": 213.1, "building_height_mean": 13.2, "road_density": 1561.8, "park_area_frac": 0.0558, "tree_canopy_frac": 0.1428, "dist_to_water": 4006.2, "water_area_frac": 0.0589, "air_temp_max": 41.9, "wind_speed_mean": 3.89, "solar_radiation": 327.9, "veg_imperv_ratio": 0.3594, "green_deficit": 0.7328, "thermal_mass_proxy": 2812.9, "cooling_potential": 258.6, "sky_view_factor": 0.7911, "tier": "cool", "delta_above_mean": -2.81, "priority_score": 0.0}}, {"type": "Feature", "geometry": {"type": "Polygon", "coordinates": [[[76.74229544230843, 30.681015693012153], [76.74751317895678, 30.68094559185576], [76.74759441585182, 30.685455319222413], [76.7423764369454, 30.685525432887875], [76.74229544230843, 30.681015693012153]]]}, "properties": {"grid_id": "cell_0279", "lst_mean": 42.23, "lst_max": 44.76, "frac_impervious": 0.5658, "frac_vegetation": 0.306, "frac_bare_soil": 0.1008, "frac_water": 0.0274, "ndvi_mean": 0.2275, "ndvi_std": 0.0388, "ndbi_mean": 0.1248, "building_density": 255.9, "building_height_mean": 14.0, "road_density": 1539.7, "park_area_frac": 0.0608, "tree_canopy_frac": 0.1654, "dist_to_water": 3952.1, "water_area_frac": 0.0274, "air_temp_max": 41.6, "wind_speed_mean": 2.73, "solar_radiation": 302.7, "veg_imperv_ratio": 0.5314, "green_deficit": 0.6332, "thermal_mass_proxy": 3582.6, "cooling_potential": 210.1, "sky_view_factor": 0.7785, "tier": "normal", "delta_above_mean": -0.08, "priority_score": 0.0}}, {"type": "Feature", "geometry": {"type": "Polygon", "coordinates": [[[76.7423764369454, 30.685525432887875], [76.74759441585182, 30.685455319222413], [76.74767567107516, 30.689965043260635], [76.74245744985606, 30.690035169436307], [76.7423764369454, 30.685525432887875]]]}, "properties": {"grid_id": "cell_0280", "lst_mean": 44.24, "lst_max": 46.62, "frac_impervious": 0.6624, "frac_vegetation": 0.1726, "frac_bare_soil": 0.1422, "frac_water": 0.0228, "ndvi_mean": 0.1736, "ndvi_std": 0.0258, "ndbi_mean": 0.2223, "building_density": 227.7, "building_height_mean": 12.8, "road_density": 1501.9, "park_area_frac": 0.0583, "tree_canopy_frac": 0.0913, "dist_to_water": 3649.9, "water_area_frac": 0.0228, "air_temp_max": 42.9, "wind_speed_mean": 2.94, "solar_radiation": 303.1, "veg_imperv_ratio": 0.2567, "green_deficit": 0.7691, "thermal_mass_proxy": 2914.6, "cooling_potential": 250.8, "sky_view_factor": 0.7975, "tier": "moderate", "delta_above_mean": 1.93, "priority_score": 1.5}}, {"type": "Feature", "geometry": {"type": "Polygon", "coordinates": [[[76.74245744985606, 30.690035169436307], [76.74767567107516, 30.689965043260635], [76.74775694463034, 30.69447476397013], [76.74253848104392, 30.69454490265717], [76.74245744985606, 30.690035169436307]]]}, "properties": {"grid_id": "cell_0281", "lst_mean": 40.27, "lst_max": 42.62, "frac_impervious": 0.6041, "frac_vegetation": 0.2041, "frac_bare_soil": 0.1507, "frac_water": 0.041, "ndvi_mean": 0.1885, "ndvi_std": 0.0367, "ndbi_mean": 0.1766, "building_density": 232.1, "building_height_mean": 16.1, "road_density": 1580.1, "park_area_frac": 0.0561, "tree_canopy_frac": 0.0935, "dist_to_water": 3066.8, "water_area_frac": 0.041, "air_temp_max": 43.3, "wind_speed_mean": 2.23, "solar_radiation": 298.1, "veg_imperv_ratio": 0.3324, "green_deficit": 0.7398, "thermal_mass_proxy": 3736.8, "cooling_potential": 237.3, "sky_view_factor": 0.7453, "tier": "normal", "delta_above_mean": -2.04, "priority_score": 0.0}}, {"type": "Feature", "geometry": {"type": "Polygon", "coordinates": [[[76.74253848104392, 30.69454490265717], [76.74775694463034, 30.69447476397013], [76.74783823652093, 30.698984481350593], [76.74261953051254, 30.699054632550112], [76.74253848104392, 30.69454490265717]]]}, "properties": {"grid_id": "cell_0282", "lst_mean": 46.15, "lst_max": 49.37, "frac_impervious": 0.697, "frac_vegetation": 0.1484, "frac_bare_soil": 0.1271, "frac_water": 0.0276, "ndvi_mean": 0.1203, "ndvi_std": 0.0362, "ndbi_mean": 0.2193, "building_density": 246.5, "building_height_mean": 18.5, "road_density": 1859.4, "park_area_frac": 0.0524, "tree_canopy_frac": 0.0594, "dist_to_water": 2688.9, "water_area_frac": 0.0276, "air_temp_max": 45.0, "wind_speed_mean": 1.96, "solar_radiation": 269.1, "veg_imperv_ratio": 0.2099, "green_deficit": 0.7992, "thermal_mass_proxy": 4560.2, "cooling_potential": 229.2, "sky_view_factor": 0.7073, "tier": "high", "delta_above_mean": 3.84, "priority_score": 3.5}}, {"type": "Feature", "geometry": {"type": "Polygon", "coordinates": [[[76.74261953051254, 30.699054632550112], [76.74783823652093, 30.698984481350593], [76.74791954675044, 30.703494195401667], [76.74270059826546, 30.703564359114814], [76.74261953051254, 30.699054632550112]]]}, "properties": {"grid_id": "cell_0283", "lst_mean": 43.57, "lst_max": 50.06, "frac_impervious": 0.5859, "frac_vegetation": 0.2034, "frac_bare_soil": 0.1835, "frac_water": 0.0272, "ndvi_mean": 0.1918, "ndvi_std": 0.0323, "ndbi_mean": 0.1351, "building_density": 254.8, "building_height_mean": 14.7, "road_density": 1474.6, "park_area_frac": 0.0702, "tree_canopy_frac": 0.1037, "dist_to_water": 2288.8, "water_area_frac": 0.0272, "air_temp_max": 41.5, "wind_speed_mean": 1.81, "solar_radiation": 305.8, "veg_imperv_ratio": 0.3413, "green_deficit": 0.7264, "thermal_mass_proxy": 3745.6, "cooling_potential": 243.6, "sky_view_factor": 0.7674, "tier": "moderate", "delta_above_mean": 1.26, "priority_score": 0.8}}, {"type": "Feature", "geometry": {"type": "Polygon", "coordinates": [[[76.74270059826546, 30.703564359114814], [76.74791954675044, 30.703494195401667], [76.74800087532245, 30.708003906123054], [76.74278168430621, 30.70807408235097], [76.74270059826546, 30.703564359114814]]]}, "properties": {"grid_id": "cell_0284", "lst_mean": 46.12, "lst_max": 49.53, "frac_impervious": 0.7018, "frac_vegetation": 0.1861, "frac_bare_soil": 0.0574, "frac_water": 0.0548, "ndvi_mean": 0.215, "ndvi_std": 0.0403, "ndbi_mean": 0.1904, "building_density": 262.0, "building_height_mean": 22.1, "road_density": 1923.5, "park_area_frac": 0.0536, "tree_canopy_frac": 0.1111, "dist_to_water": 1683.8, "water_area_frac": 0.0548, "air_temp_max": 47.5, "wind_speed_mean": 2.48, "solar_radiation": 354.1, "veg_imperv_ratio": 0.2614, "green_deficit": 0.7603, "thermal_mass_proxy": 5790.2, "cooling_potential": 288.2, "sky_view_factor": 0.6503, "tier": "high", "delta_above_mean": 3.81, "priority_score": 2.8}}, {"type": "Feature", "geometry": {"type": "Polygon", "coordinates": [[[76.74278168430621, 30.70807408235097], [76.74800087532245, 30.708003906123054], [76.74808222224051, 30.712513613514442], [76.74286278863835, 30.712583802258255], [76.74278168430621, 30.70807408235097]]]}, "properties": {"grid_id": "cell_0285", "lst_mean": 42.49, "lst_max": 45.03, "frac_impervious": 0.626, "frac_vegetation": 0.1996, "frac_bare_soil": 0.155, "frac_water": 0.0193, "ndvi_mean": 0.1616, "ndvi_std": 0.039, "ndbi_mean": 0.1805, "building_density": 235.7, "building_height_mean": 15.3, "road_density": 1552.2, "park_area_frac": 0.0875, "tree_canopy_frac": 0.0999, "dist_to_water": 934.7, "water_area_frac": 0.0193, "air_temp_max": 40.7, "wind_speed_mean": 3.29, "solar_radiation": 331.1, "veg_imperv_ratio": 0.3138, "green_deficit": 0.7129, "thermal_mass_proxy": 3606.2, "cooling_potential": 265.0, "sky_view_factor": 0.7579, "tier": "moderate", "delta_above_mean": 0.18, "priority_score": 0.1}}, {"type": "Feature", "geometry": {"type": "Polygon", "coordinates": [[[76.74286278863835, 30.712583802258255], [76.74808222224051, 30.712513613514442], [76.74816358750816, 30.7170233175755], [76.7429439112654, 30.717093518836364], [76.74286278863835, 30.712583802258255]]]}, "properties": {"grid_id": "cell_0286", "lst_mean": 43.31, "lst_max": 46.83, "frac_impervious": 0.7312, "frac_vegetation": 0.1085, "frac_bare_soil": 0.1359, "frac_water": 0.0243, "ndvi_mean": 0.1857, "ndvi_std": 0.0187, "ndbi_mean": 0.2393, "building_density": 240.8, "building_height_mean": 18.4, "road_density": 1778.0, "park_area_frac": 0.0531, "tree_canopy_frac": 0.0951, "dist_to_water": 470.8, "water_area_frac": 0.1346, "air_temp_max": 44.2, "wind_speed_mean": 2.84, "solar_radiation": 300.8, "veg_imperv_ratio": 0.1464, "green_deficit": 0.8384, "thermal_mass_proxy": 4430.7, "cooling_potential": 268.2, "sky_view_factor": 0.7089, "tier": "moderate", "delta_above_mean": 1.0, "priority_score": 1.2}}, {"type": "Feature", "geometry": {"type": "Polygon", "coordinates": [[[76.7429439112654, 30.717093518836364], [76.74816358750816, 30.7170233175755], [76.74824497112898, 30.72153301830591], [76.7430250521909, 30.72160323208494], [76.7429439112654, 30.717093518836364]]]}, "properties": {"grid_id": "cell_0287", "lst_mean": 37.18, "lst_max": 40.65, "frac_impervious": 0.6554, "frac_vegetation": 0.5629, "frac_bare_soil": 0.133, "frac_water": 0.0309, "ndvi_mean": 0.6398, "ndvi_std": 0.0396, "ndbi_mean": 0.1036, "building_density": 257.2, "building_height_mean": 17.4, "road_density": 1928.4, "park_area_frac": 0.6524, "tree_canopy_frac": 0.3191, "dist_to_water": 402.7, "water_area_frac": 0.1107, "air_temp_max": 43.7, "wind_speed_mean": 2.4, "solar_radiation": 289.8, "veg_imperv_ratio": 0.846, "green_deficit": 0.0, "thermal_mass_proxy": 4475.3, "cooling_potential": 126.7, "sky_view_factor": 0.7247, "tier": "cool", "delta_above_mean": -5.13, "priority_score": 0.0}}, {"type": "Feature", "geometry": {"type": "Polygon", "coordinates": [[[76.7430250521909, 30.72160323208494], [76.74824497112898, 30.72153301830591], [76.74832637310648, 30.726042715705354], [76.74310621141844, 30.726112942003713], [76.7430250521909, 30.72160323208494]]]}, "properties": {"grid_id": "cell_0288", "lst_mean": 42.33, "lst_max": 45.69, "frac_impervious": 0.6816, "frac_vegetation": 0.1806, "frac_bare_soil": 0.1171, "frac_water": 0.0207, "ndvi_mean": 0.1683, "ndvi_std": 0.0431, "ndbi_mean": 0.1332, "building_density": 284.7, "building_height_mean": 17.7, "road_density": 1700.9, "park_area_frac": 0.0477, "tree_canopy_frac": 0.1121, "dist_to_water": 389.8, "water_area_frac": 0.088, "air_temp_max": 43.1, "wind_speed_mean": 2.98, "solar_radiation": 305.0, "veg_imperv_ratio": 0.2611, "green_deficit": 0.7717, "thermal_mass_proxy": 5039.2, "cooling_potential": 249.9, "sky_view_factor": 0.7199, "tier": "moderate", "delta_above_mean": 0.02, "priority_score": 0.0}}, {"type": "Feature", "geometry": {"type": "Polygon", "coordinates": [[[76.74310621141844, 30.726112942003713], [76.74832637310648, 30.726042715705354], [76.74840779344426, 30.730552409773527], [76.7431873889515, 30.730622648592345], [76.74310621141844, 30.726112942003713]]]}, "properties": {"grid_id": "cell_0289", "lst_mean": 44.59, "lst_max": 46.85, "frac_impervious": 0.6727, "frac_vegetation": 0.2081, "frac_bare_soil": 0.0978, "frac_water": 0.0214, "ndvi_mean": 0.1998, "ndvi_std": 0.0384, "ndbi_mean": 0.2084, "building_density": 244.1, "building_height_mean": 16.8, "road_density": 1553.6, "park_area_frac": 0.0622, "tree_canopy_frac": 0.1513, "dist_to_water": 908.5, "water_area_frac": 0.0214, "air_temp_max": 43.6, "wind_speed_mean": 3.93, "solar_radiation": 332.7, "veg_imperv_ratio": 0.3048, "green_deficit": 0.7297, "thermal_mass_proxy": 4100.9, "cooling_potential": 263.5, "sky_view_factor": 0.7342, "tier": "high", "delta_above_mean": 2.28, "priority_score": 1.5}}, {"type": "Feature", "geometry": {"type": "Polygon", "coordinates": [[[76.7431873889515, 30.730622648592345], [76.74840779344426, 30.730552409773527], [76.74848923214586, 30.73506210051009], [76.74326858479365, 30.7351323518505], [76.7431873889515, 30.730622648592345]]]}, "properties": {"grid_id": "cell_0290", "lst_mean": 41.31, "lst_max": 44.82, "frac_impervious": 0.6759, "frac_vegetation": 0.4576, "frac_bare_soil": 0.1061, "frac_water": 0.017, "ndvi_mean": 0.459, "ndvi_std": 0.0476, "ndbi_mean": 0.1621, "building_density": 249.8, "building_height_mean": 18.2, "road_density": 1729.2, "park_area_frac": 0.552, "tree_canopy_frac": 0.2764, "dist_to_water": 1531.6, "water_area_frac": 0.017, "air_temp_max": 45.0, "wind_speed_mean": 2.0, "solar_radiation": 335.1, "veg_imperv_ratio": 0.6672, "green_deficit": 0.0, "thermal_mass_proxy": 4546.4, "cooling_potential": 181.8, "sky_view_factor": 0.712, "tier": "normal", "delta_above_mean": -1.0, "priority_score": 0.0}}, {"type": "Feature", "geometry": {"type": "Polygon", "coordinates": [[[76.74326858479365, 30.7351323518505], [76.74848923214586, 30.73506210051009], [76.74857068921483, 30.739571787914738], [76.74334979894847, 30.739642051777896], [76.74326858479365, 30.7351323518505]]]}, "properties": {"grid_id": "cell_0291", "lst_mean": 45.31, "lst_max": 48.16, "frac_impervious": 0.7451, "frac_vegetation": 0.1632, "frac_bare_soil": 0.0704, "frac_water": 0.0213, "ndvi_mean": 0.2036, "ndvi_std": 0.0209, "ndbi_mean": 0.1779, "building_density": 275.0, "building_height_mean": 20.1, "road_density": 1929.2, "park_area_frac": 0.1251, "tree_canopy_frac": 0.0906, "dist_to_water": 2179.1, "water_area_frac": 0.0213, "air_temp_max": 45.1, "wind_speed_mean": 1.24, "solar_radiation": 314.8, "veg_imperv_ratio": 0.2161, "green_deficit": 0.7117, "thermal_mass_proxy": 5527.5, "cooling_potential": 263.4, "sky_view_factor": 0.682, "tier": "high", "delta_above_mean": 3.0, "priority_score": 2.5}}, {"type": "Feature", "geometry": {"type": "Polygon", "coordinates": [[[76.74334979894847, 30.739642051777896], [76.74857068921483, 30.739571787914738], [76.74865216465474, 30.74408147198715], [76.74343103141949, 30.744151748374183], [76.74334979894847, 30.739642051777896]]]}, "properties": {"grid_id": "cell_0292", "lst_mean": 42.94, "lst_max": 44.97, "frac_impervious": 0.63, "frac_vegetation": 0.2086, "frac_bare_soil": 0.1295, "frac_water": 0.0318, "ndvi_mean": 0.2046, "ndvi_std": 0.0414, "ndbi_mean": 0.1144, "building_density": 280.5, "building_height_mean": 15.2, "road_density": 1925.9, "park_area_frac": 0.0808, "tree_canopy_frac": 0.1281, "dist_to_water": 2253.4, "water_area_frac": 0.0318, "air_temp_max": 43.5, "wind_speed_mean": 2.65, "solar_radiation": 315.6, "veg_imperv_ratio": 0.3259, "green_deficit": 0.7106, "thermal_mass_proxy": 4263.6, "cooling_potential": 249.8, "sky_view_factor": 0.7595, "tier": "moderate", "delta_above_mean": 0.63, "priority_score": 0.4}}, {"type": "Feature", "geometry": {"type": "Polygon", "coordinates": [[[76.74343103141949, 30.744151748374183], [76.74865216465474, 30.74408147198715], [76.74873365846915, 30.74859115272701], [76.74351228221025, 30.748661441639058], [76.74343103141949, 30.744151748374183]]]}, "properties": {"grid_id": "cell_0293", "lst_mean": 44.28, "lst_max": 47.44, "frac_impervious": 0.6474, "frac_vegetation": 0.2148, "frac_bare_soil": 0.1178, "frac_water": 0.0199, "ndvi_mean": 0.2003, "ndvi_std": 0.0255, "ndbi_mean": 0.1423, "building_density": 279.7, "building_height_mean": 19.2, "road_density": 2028.6, "park_area_frac": 0.0606, "tree_canopy_frac": 0.1176, "dist_to_water": 2836.4, "water_area_frac": 0.0199, "air_temp_max": 44.6, "wind_speed_mean": 2.9, "solar_radiation": 319.2, "veg_imperv_ratio": 0.3267, "green_deficit": 0.7246, "thermal_mass_proxy": 5370.2, "cooling_potential": 250.6, "sky_view_factor": 0.6962, "tier": "moderate", "delta_above_mean": 1.97, "priority_score": 1.2}}, {"type": "Feature", "geometry": {"type": "Polygon", "coordinates": [[[76.74351228221025, 30.748661441639058], [76.74873365846915, 30.74859115272701], [76.74881517066163, 30.75310083013399], [76.74359355132431, 30.753171131572195], [76.74351228221025, 30.748661441639058]]]}, "properties": {"grid_id": "cell_0294", "lst_mean": 45.03, "lst_max": 53.83, "frac_impervious": 0.7064, "frac_vegetation": 0.1248, "frac_bare_soil": 0.1422, "frac_water": 0.0266, "ndvi_mean": 0.1647, "ndvi_std": 0.0188, "ndbi_mean": 0.1405, "building_density": 242.3, "building_height_mean": 20.3, "road_density": 1749.7, "park_area_frac": 0.0504, "tree_canopy_frac": 0.0549, "dist_to_water": 3116.9, "water_area_frac": 0.0266, "air_temp_max": 41.9, "wind_speed_mean": 1.66, "solar_radiation": 314.8, "veg_imperv_ratio": 0.1742, "green_deficit": 0.8248, "thermal_mass_proxy": 4918.7, "cooling_potential": 275.5, "sky_view_factor": 0.6788, "tier": "high", "delta_above_mean": 2.72, "priority_score": 2.9}}, {"type": "Feature", "geometry": {"type": "Polygon", "coordinates": [[[76.74359355132431, 30.753171131572195], [76.74881517066163, 30.75310083013399], [76.74889670123572, 30.757610504207783], [76.74367483876522, 30.75768081817329], [76.74359355132431, 30.753171131572195]]]}, "properties": {"grid_id": "cell_0295", "lst_mean": 42.0, "lst_max": 44.64, "frac_impervious": 0.6093, "frac_vegetation": 0.2134, "frac_bare_soil": 0.1499, "frac_water": 0.0274, "ndvi_mean": 0.1913, "ndvi_std": 0.0308, "ndbi_mean": 0.2064, "building_density": 224.7, "building_height_mean": 15.2, "road_density": 1454.8, "park_area_frac": 0.0693, "tree_canopy_frac": 0.1403, "dist_to_water": 3880.4, "water_area_frac": 0.0274, "air_temp_max": 43.3, "wind_speed_mean": 2.98, "solar_radiation": 315.7, "veg_imperv_ratio": 0.3446, "green_deficit": 0.7173, "thermal_mass_proxy": 3415.4, "cooling_potential": 248.3, "sky_view_factor": 0.7595, "tier": "normal", "delta_above_mean": -0.31, "priority_score": 0.0}}, {"type": "Feature", "geometry": {"type": "Polygon", "coordinates": [[[76.74367483876522, 30.75768081817329], [76.74889670123572, 30.757610504207783], [76.74897825019501, 30.76212017494807], [76.74375614453653, 30.762190501442017], [76.74367483876522, 30.75768081817329]]]}, "properties": {"grid_id": "cell_0296", "lst_mean": 45.55, "lst_max": 52.6, "frac_impervious": 0.6841, "frac_vegetation": 0.1661, "frac_bare_soil": 0.1256, "frac_water": 0.0241, "ndvi_mean": 0.1199, "ndvi_std": 0.0239, "ndbi_mean": 0.173, "building_density": 255.4, "building_height_mean": 19.1, "road_density": 1524.2, "park_area_frac": 0.0773, "tree_canopy_frac": 0.088, "dist_to_water": 4555.2, "water_area_frac": 0.0241, "air_temp_max": 44.5, "wind_speed_mean": 2.27, "solar_radiation": 314.1, "veg_imperv_ratio": 0.2393, "green_deficit": 0.7566, "thermal_mass_proxy": 4878.1, "cooling_potential": 261.9, "sky_view_factor": 0.6978, "tier": "high", "delta_above_mean": 3.24, "priority_score": 2.6}}, {"type": "Feature", "geometry": {"type": "Polygon", "coordinates": [[[76.74375614453653, 30.762190501442017], [76.74897825019501, 30.76212017494807], [76.74905981754306, 30.766629842354526], [76.74383746864181, 30.766700181378063], [76.74375614453653, 30.762190501442017]]]}, "properties": {"grid_id": "cell_0297", "lst_mean": 44.05, "lst_max": 46.2, "frac_impervious": 0.6655, "frac_vegetation": 0.1932, "frac_bare_soil": 0.1224, "frac_water": 0.0189, "ndvi_mean": 0.2579, "ndvi_std": 0.03, "ndbi_mean": 0.1645, "building_density": 246.0, "building_height_mean": 16.1, "road_density": 1602.3, "park_area_frac": 0.055, "tree_canopy_frac": 0.1346, "dist_to_water": 4870.9, "water_area_frac": 0.0189, "air_temp_max": 40.2, "wind_speed_mean": 2.7, "solar_radiation": 319.4, "veg_imperv_ratio": 0.286, "green_deficit": 0.7518, "thermal_mass_proxy": 3960.6, "cooling_potential": 257.7, "sky_view_factor": 0.7453, "tier": "moderate", "delta_above_mean": 1.74, "priority_score": 1.2}}, {"type": "Feature", "geometry": {"type": "Polygon", "coordinates": [[[76.74383746864181, 30.766700181378063], [76.74905981754306, 30.766629842354526], [76.74914140328343, 30.771139506426827], [76.7439188110846, 30.77120985798109], [76.74383746864181, 30.766700181378063]]]}, "properties": {"grid_id": "cell_0298", "lst_mean": 42.75, "lst_max": 46.72, "frac_impervious": 0.6382, "frac_vegetation": 0.2251, "frac_bare_soil": 0.101, "frac_water": 0.0358, "ndvi_mean": 0.2172, "ndvi_std": 0.0359, "ndbi_mean": 0.1729, "building_density": 221.9, "building_height_mean": 17.2, "road_density": 1657.8, "park_area_frac": 0.0672, "tree_canopy_frac": 0.151, "dist_to_water": 5797.7, "water_area_frac": 0.0358, "air_temp_max": 43.8, "wind_speed_mean": 2.06, "solar_radiation": 281.0, "veg_imperv_ratio": 0.3473, "green_deficit": 0.7077, "thermal_mass_proxy": 3816.7, "cooling_potential": 217.7, "sky_view_factor": 0.7278, "tier": "moderate", "delta_above_mean": 0.44, "priority_score": 0.3}}, {"type": "Feature", "geometry": {"type": "Polygon", "coordinates": [[[76.7439188110846, 30.77120985798109], [76.74914140328343, 30.771139506426827], [76.74922300741969, 30.775649167164676], [76.74400017186848, 30.775719531250814], [76.7439188110846, 30.77120985798109]]]}, "properties": {"grid_id": "cell_0299", "lst_mean": 41.76, "lst_max": 43.94, "frac_impervious": 0.6445, "frac_vegetation": 0.2158, "frac_bare_soil": 0.1177, "frac_water": 0.022, "ndvi_mean": 0.2199, "ndvi_std": 0.0456, "ndbi_mean": 0.1867, "building_density": 247.7, "building_height_mean": 15.2, "road_density": 1751.9, "park_area_frac": 0.0852, "tree_canopy_frac": 0.1328, "dist_to_water": 5971.0, "water_area_frac": 0.022, "air_temp_max": 43.3, "wind_speed_mean": 2.09, "solar_radiation": 304.2, "veg_imperv_ratio": 0.3297, "green_deficit": 0.699, "thermal_mass_proxy": 3765.0, "cooling_potential": 238.6, "sky_view_factor": 0.7595, "tier": "normal", "delta_above_mean": -0.55, "priority_score": 0.0}}, {"type": "Feature", "geometry": {"type": "Polygon", "coordinates": [[[76.74400017186848, 30.775719531250814], [76.74922300741969, 30.775649167164676], [76.7493046299554, 30.78015882456774], [76.74408155099698, 30.78022920118689], [76.74400017186848, 30.775719531250814]]]}, "properties": {"grid_id": "cell_0300", "lst_mean": 40.57, "lst_max": 43.05, "frac_impervious": 0.5491, "frac_vegetation": 0.2303, "frac_bare_soil": 0.1842, "frac_water": 0.0364, "ndvi_mean": 0.2134, "ndvi_std": 0.0352, "ndbi_mean": 0.148, "building_density": 207.5, "building_height_mean": 13.9, "road_density": 1525.2, "park_area_frac": 0.0845, "tree_canopy_frac": 0.1576, "dist_to_water": 6429.3, "water_area_frac": 0.0364, "air_temp_max": 45.0, "wind_speed_mean": 2.21, "solar_radiation": 293.0, "veg_imperv_ratio": 0.4119, "green_deficit": 0.6852, "thermal_mass_proxy": 2884.2, "cooling_potential": 225.5, "sky_view_factor": 0.7801, "tier": "normal", "delta_above_mean": -1.74, "priority_score": 0.0}}, {"type": "Feature", "geometry": {"type": "Polygon", "coordinates": [[[76.74408155099698, 30.78022920118689], [76.7493046299554, 30.78015882456774], [76.74938627089416, 30.784668478635716], [76.74416294847367, 30.784738867789024], [76.74408155099698, 30.78022920118689]]]}, "properties": {"grid_id": "cell_0301", "lst_mean": 40.13, "lst_max": 43.4, "frac_impervious": 0.573, "frac_vegetation": 0.224, "frac_bare_soil": 0.1646, "frac_water": 0.0384, "ndvi_mean": 0.1899, "ndvi_std": 0.0221, "ndbi_mean": 0.1614, "building_density": 169.9, "building_height_mean": 9.3, "road_density": 1450.5, "park_area_frac": 0.0879, "tree_canopy_frac": 0.1235, "dist_to_water": 6881.4, "water_area_frac": 0.0384, "air_temp_max": 43.3, "wind_speed_mean": 3.11, "solar_radiation": 321.4, "veg_imperv_ratio": 0.3842, "green_deficit": 0.6881, "thermal_mass_proxy": 1580.1, "cooling_potential": 249.4, "sky_view_factor": 0.8528, "tier": "normal", "delta_above_mean": -2.18, "priority_score": 0.0}}, {"type": "Feature", "geometry": {"type": "Polygon", "coordinates": [[[76.74416294847367, 30.784738867789024], [76.74938627089416, 30.784668478635716], [76.74946793023952, 30.789178129368274], [76.74424436430212, 30.789248531056863], [76.74416294847367, 30.784738867789024]]]}, "properties": {"grid_id": "cell_0302", "lst_mean": 43.97, "lst_max": 47.32, "frac_impervious": 0.6279, "frac_vegetation": 0.2056, "frac_bare_soil": 0.1384, "frac_water": 0.028, "ndvi_mean": 0.1972, "ndvi_std": 0.0478, "ndbi_mean": 0.1323, "building_density": 199.6, "building_height_mean": 13.2, "road_density": 1432.3, "park_area_frac": 0.0959, "tree_canopy_frac": 0.139, "dist_to_water": 7181.9, "water_area_frac": 0.028, "air_temp_max": 44.0, "wind_speed_mean": 2.37, "solar_radiation": 300.0, "veg_imperv_ratio": 0.3223, "green_deficit": 0.6985, "thermal_mass_proxy": 2634.7, "cooling_potential": 238.3, "sky_view_factor": 0.7911, "tier": "moderate", "delta_above_mean": 1.66, "priority_score": 1.1}}, {"type": "Feature", "geometry": {"type": "Polygon", "coordinates": [[[76.74424436430212, 30.789248531056863], [76.74946793023952, 30.789178129368274], [76.74954960799505, 30.793687776765086], [76.74432579848589, 30.793758190990125], [76.74424436430212, 30.789248531056863]]]}, "properties": {"grid_id": "cell_0303", "lst_mean": 41.53, "lst_max": 45.77, "frac_impervious": 0.5853, "frac_vegetation": 0.2248, "frac_bare_soil": 0.1582, "frac_water": 0.0317, "ndvi_mean": 0.1644, "ndvi_std": 0.0296, "ndbi_mean": 0.1252, "building_density": 200.5, "building_height_mean": 13.7, "road_density": 1374.8, "park_area_frac": 0.1101, "tree_canopy_frac": 0.1505, "dist_to_water": 7937.8, "water_area_frac": 0.0317, "air_temp_max": 42.8, "wind_speed_mean": 2.86, "solar_radiation": 287.5, "veg_imperv_ratio": 0.3776, "green_deficit": 0.6651, "thermal_mass_proxy": 2746.8, "cooling_potential": 222.9, "sky_view_factor": 0.7832, "tier": "normal", "delta_above_mean": -0.78, "priority_score": 0.0}}, {"type": "Feature", "geometry": {"type": "Polygon", "coordinates": [[[76.74432579848589, 30.793758190990125], [76.74954960799505, 30.793687776765086], [76.74963130416434, 30.79819742082585], [76.74440725102853, 30.798267847588487], [76.74432579848589, 30.793758190990125]]]}, "properties": {"grid_id": "cell_0304", "lst_mean": 40.2, "lst_max": 43.63, "frac_impervious": 0.5919, "frac_vegetation": 0.272, "frac_bare_soil": 0.1105, "frac_water": 0.0256, "ndvi_mean": 0.3043, "ndvi_std": 0.0412, "ndbi_mean": 0.1598, "building_density": 194.3, "building_height_mean": 12.6, "road_density": 1397.0, "park_area_frac": 0.067, "tree_canopy_frac": 0.1572, "dist_to_water": 8529.5, "water_area_frac": 0.0256, "air_temp_max": 43.9, "wind_speed_mean": 2.84, "solar_radiation": 282.3, "veg_imperv_ratio": 0.4519, "green_deficit": 0.661, "thermal_mass_proxy": 2448.2, "cooling_potential": 205.5, "sky_view_factor": 0.8006, "tier": "normal", "delta_above_mean": -2.11, "priority_score": 0.0}}, {"type": "Feature", "geometry": {"type": "Polygon", "coordinates": [[[76.74440725102853, 30.798267847588487], [76.74963130416434, 30.79819742082585], [76.74971301875092, 30.80270706155025], [76.74448872193364, 30.802777500851615], [76.74440725102853, 30.798267847588487]]]}, "properties": {"grid_id": "cell_0305", "lst_mean": 43.04, "lst_max": 46.39, "frac_impervious": 0.6323, "frac_vegetation": 0.1878, "frac_bare_soil": 0.1578, "frac_water": 0.0221, "ndvi_mean": 0.1569, "ndvi_std": 0.0395, "ndbi_mean": 0.1371, "building_density": 230.3, "building_height_mean": 14.2, "road_density": 1419.6, "park_area_frac": 0.0738, "tree_canopy_frac": 0.1041, "dist_to_water": 8936.3, "water_area_frac": 0.0221, "air_temp_max": 43.7, "wind_speed_mean": 2.26, "solar_radiation": 319.2, "veg_imperv_ratio": 0.2924, "green_deficit": 0.7384, "thermal_mass_proxy": 3270.3, "cooling_potential": 259.3, "sky_view_factor": 0.7753, "tier": "moderate", "delta_above_mean": 0.73, "priority_score": 0.5}}, {"type": "Feature", "geometry": {"type": "Polygon", "coordinates": [[[76.74694503358612, 30.64937740712049], [76.7521610576563, 30.64930718434496], [76.752242408225, 30.653816922463093], [76.74702614228228, 30.6538871577771], [76.74694503358612, 30.64937740712049]]]}, "properties": {"grid_id": "cell_0306", "lst_mean": 40.63, "lst_max": 46.28, "frac_impervious": 0.5585, "frac_vegetation": 0.255, "frac_bare_soil": 0.1478, "frac_water": 0.0388, "ndvi_mean": 0.1965, "ndvi_std": 0.0424, "ndbi_mean": 0.1232, "building_density": 206.4, "building_height_mean": 11.4, "road_density": 1450.0, "park_area_frac": 0.0871, "tree_canopy_frac": 0.1596, "dist_to_water": 7660.8, "water_area_frac": 0.0388, "air_temp_max": 41.1, "wind_speed_mean": 2.83, "solar_radiation": 295.9, "veg_imperv_ratio": 0.4485, "green_deficit": 0.6579, "thermal_mass_proxy": 2353.0, "cooling_potential": 220.4, "sky_view_factor": 0.8196, "tier": "normal", "delta_above_mean": -1.68, "priority_score": 0.0}}, {"type": "Feature", "geometry": {"type": "Polygon", "coordinates": [[[76.74702614228228, 30.6538871577771], [76.752242408225, 30.653816922463093], [76.75232377715176, 30.65832665725392], [76.74710726928197, 30.65839690510751], [76.74702614228228, 30.6538871577771]]]}, "properties": {"grid_id": "cell_0307", "lst_mean": 41.01, "lst_max": 43.91, "frac_impervious": 0.5303, "frac_vegetation": 0.2532, "frac_bare_soil": 0.1794, "frac_water": 0.0371, "ndvi_mean": 0.2134, "ndvi_std": 0.0512, "ndbi_mean": 0.1241, "building_density": 162.0, "building_height_mean": 13.0, "road_density": 1155.5, "park_area_frac": 0.0827, "tree_canopy_frac": 0.1913, "dist_to_water": 6978.4, "water_area_frac": 0.0371, "air_temp_max": 43.1, "wind_speed_mean": 3.06, "solar_radiation": 307.8, "veg_imperv_ratio": 0.4686, "green_deficit": 0.6641, "thermal_mass_proxy": 2106.0, "cooling_potential": 229.9, "sky_view_factor": 0.7943, "tier": "normal", "delta_above_mean": -1.3, "priority_score": 0.0}}, {"type": "Feature", "geometry": {"type": "Polygon", "coordinates": [[[76.74710726928197, 30.65839690510751], [76.75232377715176, 30.65832665725392], [76.75240516444009, 30.662836388717107], [76.74718841458868, 30.662906649111438], [76.74710726928197, 30.65839690510751]]]}, "properties": {"grid_id": "cell_0308", "lst_mean": 40.49, "lst_max": 42.88, "frac_impervious": 0.6567, "frac_vegetation": 0.1946, "frac_bare_soil": 0.1226, "frac_water": 0.0261, "ndvi_mean": 0.2359, "ndvi_std": 0.0404, "ndbi_mean": 0.1862, "building_density": 205.7, "building_height_mean": 10.8, "road_density": 1473.8, "park_area_frac": 0.164, "tree_canopy_frac": 0.1121, "dist_to_water": 6361.6, "water_area_frac": 0.0261, "air_temp_max": 44.8, "wind_speed_mean": 3.32, "solar_radiation": 336.0, "veg_imperv_ratio": 0.2919, "green_deficit": 0.6414, "thermal_mass_proxy": 2221.6, "cooling_potential": 270.6, "sky_view_factor": 0.8291, "tier": "normal", "delta_above_mean": -1.82, "priority_score": 0.0}}, {"type": "Feature", "geometry": {"type": "Polygon", "coordinates": [[[76.74718841458868, 30.662906649111438], [76.75240516444009, 30.662836388717107], [76.75248657009355, 30.66734611685234], [76.74726957820599, 30.66741638978854], [76.74718841458868, 30.662906649111438]]]}, "properties": {"grid_id": "cell_0309", "lst_mean": 41.68, "lst_max": 43.95, "frac_impervious": 0.603, "frac_vegetation": 0.2332, "frac_bare_soil": 0.1335, "frac_water": 0.0303, "ndvi_mean": 0.217, "ndvi_std": 0.03, "ndbi_mean": 0.0879, "building_density": 188.6, "building_height_mean": 14.2, "road_density": 1413.2, "park_area_frac": 0.0569, "tree_canopy_frac": 0.1309, "dist_to_water": 6087.3, "water_area_frac": 0.0303, "air_temp_max": 44.4, "wind_speed_mean": 3.58, "solar_radiation": 316.3, "veg_imperv_ratio": 0.3804, "green_deficit": 0.7099, "thermal_mass_proxy": 2678.1, "cooling_potential": 242.5, "sky_view_factor": 0.7753, "tier": "normal", "delta_above_mean": -0.63, "priority_score": 0.0}}, {"type": "Feature", "geometry": {"type": "Polygon", "coordinates": [[[76.74726957820599, 30.66741638978854], [76.75248657009355, 30.66734611685234], [76.75256799411574, 30.671855841659298], [76.74735076013741, 30.6719261271385], [76.74726957820599, 30.66741638978854]]]}, "properties": {"grid_id": "cell_0310", "lst_mean": 41.15, "lst_max": 43.92, "frac_impervious": 0.5695, "frac_vegetation": 0.261, "frac_bare_soil": 0.1289, "frac_water": 0.0406, "ndvi_mean": 0.1934, "ndvi_std": 0.0627, "ndbi_mean": 0.1493, "building_density": 207.5, "building_height_mean": 13.7, "road_density": 1299.7, "park_area_frac": 0.0646, "tree_canopy_frac": 0.1801, "dist_to_water": 5650.6, "water_area_frac": 0.0406, "air_temp_max": 43.1, "wind_speed_mean": 2.28, "solar_radiation": 301.9, "veg_imperv_ratio": 0.4504, "green_deficit": 0.6744, "thermal_mass_proxy": 2842.8, "cooling_potential": 223.1, "sky_view_factor": 0.7832, "tier": "normal", "delta_above_mean": -1.16, "priority_score": 0.0}}, {"type": "Feature", "geometry": {"type": "Polygon", "coordinates": [[[76.74735076013741, 30.6719261271385], [76.75256799411574, 30.671855841659298], [76.75264943651015, 30.67636556313767], [76.74743196038648, 30.676435861161018], [76.74735076013741, 30.6719261271385]]]}, "properties": {"grid_id": "cell_0311", "lst_mean": 41.95, "lst_max": 45.82, "frac_impervious": 0.619, "frac_vegetation": 0.1811, "frac_bare_soil": 0.148, "frac_water": 0.0518, "ndvi_mean": 0.2282, "ndvi_std": 0.0364, "ndbi_mean": 0.1406, "building_density": 238.1, "building_height_mean": 13.0, "road_density": 1498.4, "park_area_frac": 0.0591, "tree_canopy_frac": 0.11, "dist_to_water": 5070.7, "water_area_frac": 0.0518, "air_temp_max": 43.9, "wind_speed_mean": 2.8, "solar_radiation": 295.1, "veg_imperv_ratio": 0.2879, "green_deficit": 0.7598, "thermal_mass_proxy": 3095.3, "cooling_potential": 241.7, "sky_view_factor": 0.7943, "tier": "normal", "delta_above_mean": -0.36, "priority_score": 0.0}}, {"type": "Feature", "geometry": {"type": "Polygon", "coordinates": [[[76.74743196038648, 30.676435861161018], [76.75264943651015, 30.67636556313767], [76.75273089728037, 30.68087528128712], [76.74751317895678, 30.68094559185576], [76.74743196038648, 30.676435861161018]]]}, "properties": {"grid_id": "cell_0312", "lst_mean": 44.87, "lst_max": 46.94, "frac_impervious": 0.6508, "frac_vegetation": 0.2002, "frac_bare_soil": 0.1223, "frac_water": 0.0267, "ndvi_mean": 0.222, "ndvi_std": 0.0345, "ndbi_mean": 0.1816, "building_density": 252.5, "building_height_mean": 15.7, "road_density": 1657.4, "park_area_frac": 0.0583, "tree_canopy_frac": 0.1374, "dist_to_water": 4643.2, "water_area_frac": 0.0267, "air_temp_max": 44.8, "wind_speed_mean": 1.5, "solar_radiation": 318.5, "veg_imperv_ratio": 0.303, "green_deficit": 0.7415, "thermal_mass_proxy": 3964.2, "cooling_potential": 254.7, "sky_view_factor": 0.7516, "tier": "high", "delta_above_mean": 2.56, "priority_score": 1.7}}, {"type": "Feature", "geometry": {"type": "Polygon", "coordinates": [[[76.74751317895678, 30.68094559185576], [76.75273089728037, 30.68087528128712], [76.75281237642994, 30.685384996107334], [76.74759441585182, 30.685455319222413], [76.74751317895678, 30.68094559185576]]]}, "properties": {"grid_id": "cell_0313", "lst_mean": 42.25, "lst_max": 44.46, "frac_impervious": 0.6496, "frac_vegetation": 0.2263, "frac_bare_soil": 0.0989, "frac_water": 0.0251, "ndvi_mean": 0.2293, "ndvi_std": 0.0477, "ndbi_mean": 0.1831, "building_density": 233.6, "building_height_mean": 15.6, "road_density": 1603.5, "park_area_frac": 0.0565, "tree_canopy_frac": 0.1653, "dist_to_water": 4255.8, "water_area_frac": 0.0251, "air_temp_max": 41.9, "wind_speed_mean": 3.0, "solar_radiation": 309.0, "veg_imperv_ratio": 0.3431, "green_deficit": 0.7172, "thermal_mass_proxy": 3644.2, "cooling_potential": 239.1, "sky_view_factor": 0.7532, "tier": "normal", "delta_above_mean": -0.06, "priority_score": 0.0}}, {"type": "Feature", "geometry": {"type": "Polygon", "coordinates": [[[76.74759441585182, 30.685455319222413], [76.75281237642994, 30.685384996107334], [76.75289387396244, 30.689894707597993], [76.74767567107516, 30.689965043260635], [76.74759441585182, 30.685455319222413]]]}, "properties": {"grid_id": "cell_0314", "lst_mean": 42.02, "lst_max": 44.19, "frac_impervious": 0.6129, "frac_vegetation": 0.222, "frac_bare_soil": 0.143, "frac_water": 0.0221, "ndvi_mean": 0.2325, "ndvi_std": 0.0403, "ndbi_mean": 0.1934, "building_density": 280.2, "building_height_mean": 18.6, "road_density": 1875.1, "park_area_frac": 0.0744, "tree_canopy_frac": 0.0951, "dist_to_water": 3753.0, "water_area_frac": 0.0221, "air_temp_max": 44.5, "wind_speed_mean": 3.03, "solar_radiation": 319.8, "veg_imperv_ratio": 0.3564, "green_deficit": 0.7036, "thermal_mass_proxy": 5211.7, "cooling_potential": 248.8, "sky_view_factor": 0.7057, "tier": "normal", "delta_above_mean": -0.29, "priority_score": 0.0}}, {"type": "Feature", "geometry": {"type": "Polygon", "coordinates": [[[76.74767567107516, 30.689965043260635], [76.75289387396244, 30.689894707597993], [76.75297538988139, 30.694404415758783], [76.74775694463034, 30.69447476397013], [76.74767567107516, 30.689965043260635]]]}, "properties": {"grid_id": "cell_0315", "lst_mean": 42.15, "lst_max": 45.47, "frac_impervious": 0.634, "frac_vegetation": 0.1846, "frac_bare_soil": 0.1348, "frac_water": 0.0466, "ndvi_mean": 0.2642, "ndvi_std": 0.0388, "ndbi_mean": 0.1942, "building_density": 252.3, "building_height_mean": 15.3, "road_density": 1677.9, "park_area_frac": 0.0532, "tree_canopy_frac": 0.11, "dist_to_water": 3267.9, "water_area_frac": 0.0466, "air_temp_max": 40.6, "wind_speed_mean": 1.24, "solar_radiation": 276.9, "veg_imperv_ratio": 0.2866, "green_deficit": 0.7622, "thermal_mass_proxy": 3860.2, "cooling_potential": 225.8, "sky_view_factor": 0.7579, "tier": "normal", "delta_above_mean": -0.16, "priority_score": 0.0}}, {"type": "Feature", "geometry": {"type": "Polygon", "coordinates": [[[76.74775694463034, 30.69447476397013], [76.75297538988139, 30.694404415758783], [76.75305692419036, 30.698914120589382], [76.74783823652093, 30.698984481350593], [76.74775694463034, 30.69447476397013]]]}, "properties": {"grid_id": "cell_0316", "lst_mean": 45.62, "lst_max": 48.04, "frac_impervious": 0.6969, "frac_vegetation": 0.1819, "frac_bare_soil": 0.099, "frac_water": 0.0223, "ndvi_mean": 0.2565, "ndvi_std": 0.0595, "ndbi_mean": 0.2192, "building_density": 235.9, "building_height_mean": 17.1, "road_density": 1684.9, "park_area_frac": 0.0764, "tree_canopy_frac": 0.1045, "dist_to_water": 2795.4, "water_area_frac": 0.0223, "air_temp_max": 45.1, "wind_speed_mean": 2.3, "solar_radiation": 329.8, "veg_imperv_ratio": 0.2573, "green_deficit": 0.7417, "thermal_mass_proxy": 4033.9, "cooling_potential": 269.8, "sky_view_factor": 0.7294, "tier": "high", "delta_above_mean": 3.31, "priority_score": 2.5}}, {"type": "Feature", "geometry": {"type": "Polygon", "coordinates": [[[76.74783823652093, 30.698984481350593], [76.75305692419036, 30.698914120589382], [76.75313847689293, 30.703423822089473], [76.74791954675044, 30.703494195401667], [76.74783823652093, 30.698984481350593]]]}, "properties": {"grid_id": "cell_0317", "lst_mean": 43.79, "lst_max": 46.07, "frac_impervious": 0.5774, "frac_vegetation": 0.2435, "frac_bare_soil": 0.1529, "frac_water": 0.0263, "ndvi_mean": 0.2011, "ndvi_std": 0.0367, "ndbi_mean": 0.1743, "building_density": 285.2, "building_height_mean": 19.3, "road_density": 1672.3, "park_area_frac": 0.0742, "tree_canopy_frac": 0.1268, "dist_to_water": 2191.8, "water_area_frac": 0.0263, "air_temp_max": 43.1, "wind_speed_mean": 2.08, "solar_radiation": 284.6, "veg_imperv_ratio": 0.4145, "green_deficit": 0.6823, "thermal_mass_proxy": 5504.4, "cooling_potential": 215.3, "sky_view_factor": 0.6946, "tier": "moderate", "delta_above_mean": 1.48, "priority_score": 0.8}}, {"type": "Feature", "geometry": {"type": "Polygon", "coordinates": [[[76.74791954675044, 30.703494195401667], [76.75313847689293, 30.703423822089473], [76.75322004799266, 30.707933520258727], [76.74800087532245, 30.708003906123054], [76.74791954675044, 30.703494195401667]]]}, "properties": {"grid_id": "cell_0318", "lst_mean": 42.74, "lst_max": 46.09, "frac_impervious": 0.6191, "frac_vegetation": 0.2264, "frac_bare_soil": 0.1344, "frac_water": 0.02, "ndvi_mean": 0.2619, "ndvi_std": 0.0349, "ndbi_mean": 0.1564, "building_density": 262.7, "building_height_mean": 18.3, "road_density": 1780.5, "park_area_frac": 0.0543, "tree_canopy_frac": 0.0975, "dist_to_water": 1661.6, "water_area_frac": 0.02, "air_temp_max": 43.8, "wind_speed_mean": 2.25, "solar_radiation": 303.7, "veg_imperv_ratio": 0.3599, "green_deficit": 0.7193, "thermal_mass_proxy": 4807.4, "cooling_potential": 234.9, "sky_view_factor": 0.7104, "tier": "moderate", "delta_above_mean": 0.43, "priority_score": 0.3}}, {"type": "Feature", "geometry": {"type": "Polygon", "coordinates": [[[76.74800087532245, 30.708003906123054], [76.75322004799266, 30.707933520258727], [76.75330163749308, 30.712443215096844], [76.74808222224051, 30.712513613514442], [76.74800087532245, 30.708003906123054]]]}, "properties": {"grid_id": "cell_0319", "lst_mean": 43.38, "lst_max": 47.53, "frac_impervious": 0.6273, "frac_vegetation": 0.2279, "frac_bare_soil": 0.1222, "frac_water": 0.0226, "ndvi_mean": 0.2254, "ndvi_std": 0.0394, "ndbi_mean": 0.1519, "building_density": 237.8, "building_height_mean": 19.9, "road_density": 1690.7, "park_area_frac": 0.0546, "tree_canopy_frac": 0.1049, "dist_to_water": 1476.9, "water_area_frac": 0.0226, "air_temp_max": 43.1, "wind_speed_mean": 2.17, "solar_radiation": 331.7, "veg_imperv_ratio": 0.3576, "green_deficit": 0.7175, "thermal_mass_proxy": 4732.2, "cooling_potential": 256.1, "sky_view_factor": 0.6851, "tier": "moderate", "delta_above_mean": 1.07, "priority_score": 0.6}}, {"type": "Feature", "geometry": {"type": "Polygon", "coordinates": [[[76.74808222224051, 30.712513613514442], [76.75330163749308, 30.712443215096844], [76.75338324539779, 30.716952906603474], [76.74816358750816, 30.7170233175755], [76.74808222224051, 30.712513613514442]]]}, "properties": {"grid_id": "cell_0320", "lst_mean": 43.47, "lst_max": 46.08, "frac_impervious": 0.6765, "frac_vegetation": 0.1829, "frac_bare_soil": 0.1165, "frac_water": 0.0241, "ndvi_mean": 0.2064, "ndvi_std": 0.0453, "ndbi_mean": 0.1968, "building_density": 295.7, "building_height_mean": 18.9, "road_density": 1726.1, "park_area_frac": 0.0675, "tree_canopy_frac": 0.1118, "dist_to_water": 743.0, "water_area_frac": 0.0241, "air_temp_max": 44.0, "wind_speed_mean": 2.36, "solar_radiation": 279.2, "veg_imperv_ratio": 0.2664, "green_deficit": 0.7496, "thermal_mass_proxy": 5588.7, "cooling_potential": 228.1, "sky_view_factor": 0.7009, "tier": "moderate", "delta_above_mean": 1.16, "priority_score": 0.9}}, {"type": "Feature", "geometry": {"type": "Polygon", "coordinates": [[[76.74816358750816, 30.7170233175755], [76.75338324539779, 30.716952906603474], [76.75346487171034, 30.721462594778334], [76.74824497112898, 30.72153301830591], [76.74816358750816, 30.7170233175755]]]}, "properties": {"grid_id": "cell_0321", "lst_mean": 42.91, "lst_max": 46.21, "frac_impervious": 0.6657, "frac_vegetation": 0.1324, "frac_bare_soil": 0.1216, "frac_water": 0.0803, "ndvi_mean": 0.1154, "ndvi_std": 0.0155, "ndbi_mean": 0.1882, "building_density": 315.5, "building_height_mean": 24.2, "road_density": 1962.9, "park_area_frac": 0.0749, "tree_canopy_frac": 0.0688, "dist_to_water": 50.0, "water_area_frac": 0.1006, "air_temp_max": 44.6, "wind_speed_mean": 2.8, "solar_radiation": 313.4, "veg_imperv_ratio": 0.1959, "green_deficit": 0.7927, "thermal_mass_proxy": 7635.1, "cooling_potential": 271.9, "sky_view_factor": 0.6171, "tier": "moderate", "delta_above_mean": 0.6, "priority_score": 0.6}}, {"type": "Feature", "geometry": {"type": "Polygon", "coordinates": [[[76.74824497112898, 30.72153301830591], [76.75346487171034, 30.721462594778334], [76.75354651643428, 30.725972279621082], [76.74832637310648, 30.726042715705354], [76.74824497112898, 30.72153301830591]]]}, "properties": {"grid_id": "cell_0322", "lst_mean": 45.05, "lst_max": 47.2, "frac_impervious": 0.7291, "frac_vegetation": 0.1575, "frac_bare_soil": 0.0934, "frac_water": 0.0201, "ndvi_mean": 0.1736, "ndvi_std": 0.0129, "ndbi_mean": 0.1823, "building_density": 254.8, "building_height_mean": 17.0, "road_density": 1854.4, "park_area_frac": 0.0904, "tree_canopy_frac": 0.0785, "dist_to_water": 50.0, "water_area_frac": 0.0585, "air_temp_max": 45.1, "wind_speed_mean": 2.27, "solar_radiation": 309.6, "veg_imperv_ratio": 0.2131, "green_deficit": 0.7521, "thermal_mass_proxy": 4331.6, "cooling_potential": 260.8, "sky_view_factor": 0.731, "tier": "high", "delta_above_mean": 2.74, "priority_score": 2.3}}, {"type": "Feature", "geometry": {"type": "Polygon", "coordinates": [[[76.74832637310648, 30.726042715705354], [76.75354651643428, 30.725972279621082], [76.75362817957321, 30.730481961131414], [76.74840779344426, 30.730552409773527], [76.74832637310648, 30.726042715705354]]]}, "properties": {"grid_id": "cell_0323", "lst_mean": 47.37, "lst_max": 53.47, "frac_impervious": 0.7209, "frac_vegetation": 0.1552, "frac_bare_soil": 0.0978, "frac_water": 0.0261, "ndvi_mean": 0.1532, "ndvi_std": 0.0265, "ndbi_mean": 0.2005, "building_density": 290.5, "building_height_mean": 23.6, "road_density": 2130.8, "park_area_frac": 0.0808, "tree_canopy_frac": 0.095, "dist_to_water": 871.5, "water_area_frac": 0.0261, "air_temp_max": 46.6, "wind_speed_mean": 1.64, "solar_radiation": 313.4, "veg_imperv_ratio": 0.2123, "green_deficit": 0.764, "thermal_mass_proxy": 6855.8, "cooling_potential": 264.8, "sky_view_factor": 0.6266, "tier": "critical", "delta_above_mean": 5.06, "priority_score": 4.4}}, {"type": "Feature", "geometry": {"type": "Polygon", "coordinates": [[[76.74840779344426, 30.730552409773527], [76.75362817957321, 30.730481961131414], [76.75370986113067, 30.734991639308994], [76.74848923214586, 30.73506210051009], [76.74840779344426, 30.730552409773527]]]}, "properties": {"grid_id": "cell_0324", "lst_mean": 44.24, "lst_max": 46.86, "frac_impervious": 0.703, "frac_vegetation": 0.2171, "frac_bare_soil": 0.0586, "frac_water": 0.0213, "ndvi_mean": 0.2334, "ndvi_std": 0.021, "ndbi_mean": 0.1802, "building_density": 250.6, "building_height_mean": 21.3, "road_density": 1911.9, "park_area_frac": 0.1158, "tree_canopy_frac": 0.1164, "dist_to_water": 1546.7, "water_area_frac": 0.0213, "air_temp_max": 44.0, "wind_speed_mean": 2.34, "solar_radiation": 316.7, "veg_imperv_ratio": 0.3045, "green_deficit": 0.6671, "thermal_mass_proxy": 5337.8, "cooling_potential": 247.9, "sky_view_factor": 0.663, "tier": "moderate", "delta_above_mean": 1.93, "priority_score": 1.2}}, {"type": "Feature", "geometry": {"type": "Polygon", "coordinates": [[[76.74848923214586, 30.73506210051009], [76.75370986113067, 30.734991639308994], [76.75379156111023, 30.739501314153514], [76.74857068921483, 30.739571787914738], [76.74848923214586, 30.73506210051009]]]}, "properties": {"grid_id": "cell_0325", "lst_mean": 42.73, "lst_max": 53.72, "frac_impervious": 0.6281, "frac_vegetation": 0.2229, "frac_bare_soil": 0.1301, "frac_water": 0.0188, "ndvi_mean": 0.2436, "ndvi_std": 0.0336, "ndbi_mean": 0.1256, "building_density": 263.7, "building_height_mean": 16.7, "road_density": 1675.2, "park_area_frac": 0.0668, "tree_canopy_frac": 0.1595, "dist_to_water": 2115.6, "water_area_frac": 0.0188, "air_temp_max": 41.3, "wind_speed_mean": 2.34, "solar_radiation": 311.3, "veg_imperv_ratio": 0.3493, "green_deficit": 0.7103, "thermal_mass_proxy": 4403.8, "cooling_potential": 241.9, "sky_view_factor": 0.7358, "tier": "moderate", "delta_above_mean": 0.42, "priority_score": 0.3}}, {"type": "Feature", "geometry": {"type": "Polygon", "coordinates": [[[76.74857068921483, 30.739571787914738], [76.75379156111023, 30.739501314153514], [76.75387327951549, 30.744010985664644], [76.74865216465474, 30.74408147198715], [76.74857068921483, 30.739571787914738]]]}, "properties": {"grid_id": "cell_0326", "lst_mean": 45.85, "lst_max": 53.61, "frac_impervious": 0.7386, "frac_vegetation": 0.1775, "frac_bare_soil": 0.0602, "frac_water": 0.0236, "ndvi_mean": 0.1265, "ndvi_std": 0.0392, "ndbi_mean": 0.2342, "building_density": 307.7, "building_height_mean": 25.3, "road_density": 2115.2, "park_area_frac": 0.0929, "tree_canopy_frac": 0.0941, "dist_to_water": 2175.7, "water_area_frac": 0.0236, "air_temp_max": 46.3, "wind_speed_mean": 2.21, "solar_radiation": 292.8, "veg_imperv_ratio": 0.2371, "green_deficit": 0.7296, "thermal_mass_proxy": 7784.8, "cooling_potential": 240.8, "sky_view_factor": 0.5997, "tier": "high", "delta_above_mean": 3.54, "priority_score": 2.7}}, {"type": "Feature", "geometry": {"type": "Polygon", "coordinates": [[[76.74865216465474, 30.74408147198715], [76.75387327951549, 30.744010985664644], [76.75395501634999, 30.748520653842093], [76.74873365846915, 30.74859115272701], [76.74865216465474, 30.74408147198715]]]}, "properties": {"grid_id": "cell_0327", "lst_mean": 45.51, "lst_max": 49.77, "frac_impervious": 0.7106, "frac_vegetation": 0.1111, "frac_bare_soil": 0.1526, "frac_water": 0.0257, "ndvi_mean": 0.1549, "ndvi_std": 0.02, "ndbi_mean": 0.1859, "building_density": 284.2, "building_height_mean": 22.5, "road_density": 1795.0, "park_area_frac": 0.0794, "tree_canopy_frac": 0.0968, "dist_to_water": 3073.7, "water_area_frac": 0.0257, "air_temp_max": 42.0, "wind_speed_mean": 2.0, "solar_radiation": 317.0, "veg_imperv_ratio": 0.1542, "green_deficit": 0.8095, "thermal_mass_proxy": 6394.5, "cooling_potential": 281.8, "sky_view_factor": 0.644, "tier": "high", "delta_above_mean": 3.2, "priority_score": 3.8}}, {"type": "Feature", "geometry": {"type": "Polygon", "coordinates": [[[76.74873365846915, 30.74859115272701], [76.75395501634999, 30.748520653842093], [76.75403677161731, 30.753030318685507], [76.74881517066163, 30.75310083013399], [76.74873365846915, 30.74859115272701]]]}, "properties": {"grid_id": "cell_0328", "lst_mean": 43.34, "lst_max": 45.37, "frac_impervious": 0.6649, "frac_vegetation": 0.2122, "frac_bare_soil": 0.1014, "frac_water": 0.0215, "ndvi_mean": 0.2397, "ndvi_std": 0.0227, "ndbi_mean": 0.2274, "building_density": 267.6, "building_height_mean": 19.4, "road_density": 1735.8, "park_area_frac": 0.0923, "tree_canopy_frac": 0.1267, "dist_to_water": 3656.8, "water_area_frac": 0.0215, "air_temp_max": 43.5, "wind_speed_mean": 2.54, "solar_radiation": 311.2, "veg_imperv_ratio": 0.3144, "green_deficit": 0.6955, "thermal_mass_proxy": 5191.4, "cooling_potential": 245.2, "sky_view_factor": 0.693, "tier": "moderate", "delta_above_mean": 1.03, "priority_score": 0.7}}, {"type": "Feature", "geometry": {"type": "Polygon", "coordinates": [[[76.74881517066163, 30.75310083013399], [76.75403677161731, 30.753030318685507], [76.75411854532105, 30.757539980194597], [76.74889670123572, 30.757610504207783], [76.74881517066163, 30.75310083013399]]]}, "properties": {"grid_id": "cell_0329", "lst_mean": 44.02, "lst_max": 47.19, "frac_impervious": 0.6887, "frac_vegetation": 0.1624, "frac_bare_soil": 0.1231, "frac_water": 0.0258, "ndvi_mean": 0.1756, "ndvi_std": 0.0337, "ndbi_mean": 0.1267, "building_density": 290.3, "building_height_mean": 15.4, "road_density": 1626.5, "park_area_frac": 0.0482, "tree_canopy_frac": 0.0844, "dist_to_water": 4053.6, "water_area_frac": 0.0258, "air_temp_max": 43.3, "wind_speed_mean": 3.04, "solar_radiation": 312.6, "veg_imperv_ratio": 0.2324, "green_deficit": 0.7894, "thermal_mass_proxy": 4470.6, "cooling_potential": 261.8, "sky_view_factor": 0.7563, "tier": "moderate", "delta_above_mean": 1.71, "priority_score": 1.4}}, {"type": "Feature", "geometry": {"type": "Polygon", "coordinates": [[[76.74889670123572, 30.757610504207783], [76.75411854532105, 30.757539980194597], [76.75420033746474, 30.76204963836904], [76.74897825019501, 30.76212017494807], [76.74889670123572, 30.757610504207783]]]}, "properties": {"grid_id": "cell_0330", "lst_mean": 45.15, "lst_max": 47.29, "frac_impervious": 0.6627, "frac_vegetation": 0.2019, "frac_bare_soil": 0.1131, "frac_water": 0.0223, "ndvi_mean": 0.2228, "ndvi_std": 0.0448, "ndbi_mean": 0.1484, "building_density": 238.9, "building_height_mean": 17.0, "road_density": 1656.3, "park_area_frac": 0.1176, "tree_canopy_frac": 0.1067, "dist_to_water": 4517.0, "water_area_frac": 0.0223, "air_temp_max": 43.8, "wind_speed_mean": 1.86, "solar_radiation": 343.2, "veg_imperv_ratio": 0.3001, "green_deficit": 0.6805, "thermal_mass_proxy": 4061.3, "cooling_potential": 273.9, "sky_view_factor": 0.731, "tier": "high", "delta_above_mean": 2.84, "priority_score": 1.9}}, {"type": "Feature", "geometry": {"type": "Polygon", "coordinates": [[[76.74897825019501, 30.76212017494807], [76.75420033746474, 30.76204963836904], [76.75428214805198, 30.76655929320849], [76.74905981754306, 30.766629842354526], [76.74897825019501, 30.76212017494807]]]}, "properties": {"grid_id": "cell_0331", "lst_mean": 43.79, "lst_max": 49.18, "frac_impervious": 0.6229, "frac_vegetation": 0.2321, "frac_bare_soil": 0.1217, "frac_water": 0.0234, "ndvi_mean": 0.2266, "ndvi_std": 0.0216, "ndbi_mean": 0.1501, "building_density": 246.6, "building_height_mean": 15.0, "road_density": 1523.0, "park_area_frac": 0.0654, "tree_canopy_frac": 0.1695, "dist_to_water": 4909.3, "water_area_frac": 0.0234, "air_temp_max": 41.5, "wind_speed_mean": 2.85, "solar_radiation": 330.8, "veg_imperv_ratio": 0.3667, "green_deficit": 0.7025, "thermal_mass_proxy": 3699.0, "cooling_potential": 254.0, "sky_view_factor": 0.7627, "tier": "moderate", "delta_above_mean": 1.48, "priority_score": 0.9}}, {"type": "Feature", "geometry": {"type": "Polygon", "coordinates": [[[76.74905981754306, 30.766629842354526], [76.75428214805198, 30.76655929320849], [76.75436397708637, 30.771068944712656], [76.74914140328343, 30.771139506426827], [76.74905981754306, 30.766629842354526]]]}, "properties": {"grid_id": "cell_0332", "lst_mean": 40.94, "lst_max": 45.28, "frac_impervious": 0.5467, "frac_vegetation": 0.2573, "frac_bare_soil": 0.149, "frac_water": 0.047, "ndvi_mean": 0.2389, "ndvi_std": 0.0488, "ndbi_mean": 0.1528, "building_density": 228.9, "building_height_mean": 18.1, "road_density": 1683.5, "park_area_frac": 0.0834, "tree_canopy_frac": 0.1683, "dist_to_water": 5345.9, "water_area_frac": 0.047, "air_temp_max": 41.6, "wind_speed_mean": 3.05, "solar_radiation": 337.1, "veg_imperv_ratio": 0.4622, "green_deficit": 0.6593, "thermal_mass_proxy": 4143.1, "cooling_potential": 250.4, "sky_view_factor": 0.7136, "tier": "normal", "delta_above_mean": -1.37, "priority_score": 0.0}}, {"type": "Feature", "geometry": {"type": "Polygon", "coordinates": [[[76.74914140328343, 30.771139506426827], [76.75436397708637, 30.771068944712656], [76.75444582457145, 30.77557859288122], [76.74922300741969, 30.775649167164676], [76.74914140328343, 30.771139506426827]]]}, "properties": {"grid_id": "cell_0333", "lst_mean": 41.81, "lst_max": 49.2, "frac_impervious": 0.5709, "frac_vegetation": 0.329, "frac_bare_soil": 0.0549, "frac_water": 0.0451, "ndvi_mean": 0.2564, "ndvi_std": 0.0545, "ndbi_mean": 0.1404, "building_density": 226.0, "building_height_mean": 17.0, "road_density": 1540.0, "park_area_frac": 0.0564, "tree_canopy_frac": 0.1822, "dist_to_water": 6097.0, "water_area_frac": 0.0451, "air_temp_max": 43.3, "wind_speed_mean": 2.47, "solar_radiation": 312.0, "veg_imperv_ratio": 0.5664, "green_deficit": 0.6146, "thermal_mass_proxy": 3842.0, "cooling_potential": 209.4, "sky_view_factor": 0.731, "tier": "normal", "delta_above_mean": -0.5, "priority_score": 0.0}}, {"type": "Feature", "geometry": {"type": "Polygon", "coordinates": [[[76.74922300741969, 30.775649167164676], [76.75444582457145, 30.77557859288122], [76.75452769051083, 30.780088237713848], [76.7493046299554, 30.78015882456774], [76.74922300741969, 30.775649167164676]]]}, "properties": {"grid_id": "cell_0334", "lst_mean": 43.89, "lst_max": 47.29, "frac_impervious": 0.6074, "frac_vegetation": 0.2182, "frac_bare_soil": 0.1523, "frac_water": 0.0221, "ndvi_mean": 0.1726, "ndvi_std": 0.047, "ndbi_mean": 0.1523, "building_density": 233.9, "building_height_mean": 14.6, "road_density": 1521.6, "park_area_frac": 0.0613, "tree_canopy_frac": 0.1333, "dist_to_water": 6558.6, "water_area_frac": 0.0221, "air_temp_max": 42.4, "wind_speed_mean": 3.19, "solar_radiation": 338.1, "veg_imperv_ratio": 0.3534, "green_deficit": 0.7205, "thermal_mass_proxy": 3414.9, "cooling_potential": 264.3, "sky_view_factor": 0.769, "tier": "moderate", "delta_above_mean": 1.58, "priority_score": 1.0}}, {"type": "Feature", "geometry": {"type": "Polygon", "coordinates": [[[76.7493046299554, 30.78015882456774], [76.75452769051083, 30.780088237713848], [76.75460957490806, 30.784597879210242], [76.74938627089416, 30.784668478635716], [76.7493046299554, 30.78015882456774]]]}, "properties": {"grid_id": "cell_0335", "lst_mean": 41.5, "lst_max": 44.61, "frac_impervious": 0.6166, "frac_vegetation": 0.2179, "frac_bare_soil": 0.1385, "frac_water": 0.027, "ndvi_mean": 0.1753, "ndvi_std": 0.0496, "ndbi_mean": 0.1128, "building_density": 212.2, "building_height_mean": 15.0, "road_density": 1449.8, "park_area_frac": 0.0606, "tree_canopy_frac": 0.0836, "dist_to_water": 6878.5, "water_area_frac": 0.027, "air_temp_max": 45.2, "wind_speed_mean": 2.68, "solar_radiation": 298.4, "veg_imperv_ratio": 0.3477, "green_deficit": 0.7215, "thermal_mass_proxy": 3183.0, "cooling_potential": 233.4, "sky_view_factor": 0.7627, "tier": "normal", "delta_above_mean": -0.81, "priority_score": 0.0}}, {"type": "Feature", "geometry": {"type": "Polygon", "coordinates": [[[76.74938627089416, 30.784668478635716], [76.75460957490806, 30.784597879210242], [76.75469147776674, 30.789107517370073], [76.74946793023952, 30.789178129368274], [76.74938627089416, 30.784668478635716]]]}, "properties": {"grid_id": "cell_0336", "lst_mean": 41.12, "lst_max": 44.22, "frac_impervious": 0.5834, "frac_vegetation": 0.2701, "frac_bare_soil": 0.1032, "frac_water": 0.0434, "ndvi_mean": 0.2563, "ndvi_std": 0.0636, "ndbi_mean": 0.0986, "building_density": 189.8, "building_height_mean": 13.3, "road_density": 1345.0, "park_area_frac": 0.0633, "tree_canopy_frac": 0.1354, "dist_to_water": 7954.4, "water_area_frac": 0.0434, "air_temp_max": 42.1, "wind_speed_mean": 2.25, "solar_radiation": 303.8, "veg_imperv_ratio": 0.4552, "green_deficit": 0.6666, "thermal_mass_proxy": 2524.3, "cooling_potential": 221.7, "sky_view_factor": 0.7896, "tier": "normal", "delta_above_mean": -1.19, "priority_score": 0.0}}, {"type": "Feature", "geometry": {"type": "Polygon", "coordinates": [[[76.74946793023952, 30.789178129368274], [76.75469147776674, 30.789107517370073], [76.75477339909045, 30.793617152193015], [76.74954960799505, 30.793687776765086], [76.74946793023952, 30.789178129368274]]]}, "properties": {"grid_id": "cell_0337", "lst_mean": 43.53, "lst_max": 46.26, "frac_impervious": 0.6004, "frac_vegetation": 0.2761, "frac_bare_soil": 0.1041, "frac_water": 0.0193, "ndvi_mean": 0.2386, "ndvi_std": 0.0385, "ndbi_mean": 0.1499, "building_density": 226.0, "building_height_mean": 14.1, "road_density": 1216.6, "park_area_frac": 0.0587, "tree_canopy_frac": 0.1506, "dist_to_water": 7646.0, "water_area_frac": 0.0193, "air_temp_max": 41.4, "wind_speed_mean": 2.17, "solar_radiation": 300.3, "veg_imperv_ratio": 0.4523, "green_deficit": 0.6652, "thermal_mass_proxy": 3186.6, "cooling_potential": 217.4, "sky_view_factor": 0.7769, "tier": "moderate", "delta_above_mean": 1.22, "priority_score": 0.6}}, {"type": "Feature", "geometry": {"type": "Polygon", "coordinates": [[[76.74954960799505, 30.793687776765086], [76.75477339909045, 30.793617152193015], [76.7548553388828, 30.798126783678757], [76.74963130416434, 30.79819742082585], [76.74954960799505, 30.793687776765086]]]}, "properties": {"grid_id": "cell_0338", "lst_mean": 40.65, "lst_max": 43.6, "frac_impervious": 0.5714, "frac_vegetation": 0.2177, "frac_bare_soil": 0.1766, "frac_water": 0.0343, "ndvi_mean": 0.2047, "ndvi_std": 0.0385, "ndbi_mean": 0.0876, "building_density": 189.8, "building_height_mean": 13.5, "road_density": 1331.9, "park_area_frac": 0.0882, "tree_canopy_frac": 0.1151, "dist_to_water": 8403.6, "water_area_frac": 0.0343, "air_temp_max": 45.6, "wind_speed_mean": 3.16, "solar_radiation": 303.9, "veg_imperv_ratio": 0.3744, "green_deficit": 0.6941, "thermal_mass_proxy": 2562.3, "cooling_potential": 237.7, "sky_view_factor": 0.7864, "tier": "normal", "delta_above_mean": -1.66, "priority_score": 0.0}}, {"type": "Feature", "geometry": {"type": "Polygon", "coordinates": [[[76.74963130416434, 30.79819742082585], [76.7548553388828, 30.798126783678757], [76.75493729714735, 30.802636411826988], [76.74971301875092, 30.80270706155025], [76.74963130416434, 30.79819742082585]]]}, "properties": {"grid_id": "cell_0339", "lst_mean": 36.3, "lst_max": 39.82, "frac_impervious": 0.4853, "frac_vegetation": 0.3447, "frac_bare_soil": 0.1194, "frac_water": 0.0507, "ndvi_mean": 0.2596, "ndvi_std": 0.0434, "ndbi_mean": 0.0782, "building_density": 169.5, "building_height_mean": 6.6, "road_density": 1218.5, "park_area_frac": 0.0583, "tree_canopy_frac": 0.2311, "dist_to_water": 8797.7, "water_area_frac": 0.0507, "air_temp_max": 43.4, "wind_speed_mean": 3.25, "solar_radiation": 306.8, "veg_imperv_ratio": 0.6959, "green_deficit": 0.597, "thermal_mass_proxy": 1118.7, "cooling_potential": 201.0, "sky_view_factor": 0.8956, "tier": "cool", "delta_above_mean": -6.01, "priority_score": 0.0}}, {"type": "Feature", "geometry": {"type": "Polygon", "coordinates": [[[76.7521610576563, 30.64930718434496], [76.757377063372, 30.649236752421114], [76.75745865580969, 30.653746477963477], [76.752242408225, 30.653816922463093], [76.7521610576563, 30.64930718434496]]]}, "properties": {"grid_id": "cell_0340", "lst_mean": 37.74, "lst_max": 43.8, "frac_impervious": 0.5443, "frac_vegetation": 0.3095, "frac_bare_soil": 0.1236, "frac_water": 0.0226, "ndvi_mean": 0.2456, "ndvi_std": 0.0448, "ndbi_mean": 0.1328, "building_density": 214.1, "building_height_mean": 9.1, "road_density": 1354.2, "park_area_frac": 0.0673, "tree_canopy_frac": 0.1474, "dist_to_water": 7699.3, "water_area_frac": 0.0226, "air_temp_max": 46.6, "wind_speed_mean": 3.77, "solar_radiation": 310.7, "veg_imperv_ratio": 0.5584, "green_deficit": 0.6232, "thermal_mass_proxy": 1948.3, "cooling_potential": 214.5, "sky_view_factor": 0.856, "tier": "cool", "delta_above_mean": -4.57, "priority_score": 0.0}}, {"type": "Feature", "geometry": {"type": "Polygon", "coordinates": [[[76.752242408225, 30.653816922463093], [76.75745865580969, 30.653746477963477], [76.75754026665994, 30.65825620017737], [76.75232377715176, 30.65832665725392], [76.752242408225, 30.653816922463093]]]}, "properties": {"grid_id": "cell_0341", "lst_mean": 40.82, "lst_max": 44.18, "frac_impervious": 0.5502, "frac_vegetation": 0.2622, "frac_bare_soil": 0.1671, "frac_water": 0.0206, "ndvi_mean": 0.2625, "ndvi_std": 0.0563, "ndbi_mean": 0.0906, "building_density": 212.6, "building_height_mean": 9.0, "road_density": 1372.5, "park_area_frac": 0.0608, "tree_canopy_frac": 0.1287, "dist_to_water": 6730.6, "water_area_frac": 0.0206, "air_temp_max": 40.0, "wind_speed_mean": 3.18, "solar_radiation": 316.0, "veg_imperv_ratio": 0.468, "green_deficit": 0.677, "thermal_mass_proxy": 1913.4, "cooling_potential": 233.1, "sky_view_factor": 0.8576, "tier": "normal", "delta_above_mean": -1.49, "priority_score": 0.0}}, {"type": "Feature", "geometry": {"type": "Polygon", "coordinates": [[[76.75232377715176, 30.65832665725392], [76.75754026665994, 30.65825620017737], [76.75762189592635, 30.662765919062487], [76.75240516444009, 30.662836388717107], [76.75232377715176, 30.65832665725392]]]}, "properties": {"grid_id": "cell_0342", "lst_mean": 40.53, "lst_max": 45.45, "frac_impervious": 0.5275, "frac_vegetation": 0.2731, "frac_bare_soil": 0.1479, "frac_water": 0.0514, "ndvi_mean": 0.2265, "ndvi_std": 0.0284, "ndbi_mean": 0.1592, "building_density": 150.9, "building_height_mean": 11.5, "road_density": 1456.7, "park_area_frac": 0.074, "tree_canopy_frac": 0.1729, "dist_to_water": 6872.2, "water_area_frac": 0.0514, "air_temp_max": 43.3, "wind_speed_mean": 2.76, "solar_radiation": 335.2, "veg_imperv_ratio": 0.5081, "green_deficit": 0.6529, "thermal_mass_proxy": 1735.4, "cooling_potential": 243.7, "sky_view_factor": 0.818, "tier": "normal", "delta_above_mean": -1.78, "priority_score": 0.0}}, {"type": "Feature", "geometry": {"type": "Polygon", "coordinates": [[[76.75240516444009, 30.662836388717107], [76.75762189592635, 30.662765919062487], [76.75770354361244, 30.66727563461852], [76.75248657009355, 30.66734611685234], [76.75240516444009, 30.662836388717107]]]}, "properties": {"grid_id": "cell_0343", "lst_mean": 41.6, "lst_max": 46.58, "frac_impervious": 0.5979, "frac_vegetation": 0.2648, "frac_bare_soil": 0.1104, "frac_water": 0.0268, "ndvi_mean": 0.1922, "ndvi_std": 0.0326, "ndbi_mean": 0.1759, "building_density": 181.7, "building_height_mean": 13.3, "road_density": 1203.4, "park_area_frac": 0.0628, "tree_canopy_frac": 0.1635, "dist_to_water": 6317.5, "water_area_frac": 0.0268, "air_temp_max": 43.6, "wind_speed_mean": 3.09, "solar_radiation": 286.5, "veg_imperv_ratio": 0.4356, "green_deficit": 0.6724, "thermal_mass_proxy": 2416.6, "cooling_potential": 210.6, "sky_view_factor": 0.7896, "tier": "normal", "delta_above_mean": -0.71, "priority_score": 0.0}}, {"type": "Feature", "geometry": {"type": "Polygon", "coordinates": [[[76.75248657009355, 30.66734611685234], [76.75770354361244, 30.66727563461852], [76.75778520972182, 30.671785346845123], [76.75256799411574, 30.671855841659298], [76.75248657009355, 30.66734611685234]]]}, "properties": {"grid_id": "cell_0344", "lst_mean": 41.41, "lst_max": 44.5, "frac_impervious": 0.5996, "frac_vegetation": 0.2523, "frac_bare_soil": 0.1302, "frac_water": 0.0179, "ndvi_mean": 0.2484, "ndvi_std": 0.054, "ndbi_mean": 0.0927, "building_density": 163.1, "building_height_mean": 12.5, "road_density": 1515.2, "park_area_frac": 0.0621, "tree_canopy_frac": 0.1444, "dist_to_water": 5667.8, "water_area_frac": 0.0179, "air_temp_max": 43.0, "wind_speed_mean": 2.84, "solar_radiation": 291.8, "veg_imperv_ratio": 0.4139, "green_deficit": 0.6856, "thermal_mass_proxy": 2038.8, "cooling_potential": 218.2, "sky_view_factor": 0.8022, "tier": "normal", "delta_above_mean": -0.9, "priority_score": 0.0}}, {"type": "Feature", "geometry": {"type": "Polygon", "coordinates": [[[76.75256799411574, 30.671855841659298], [76.75778520972182, 30.671785346845123], [76.75786689425802, 30.676295055742], [76.75264943651015, 30.67636556313767], [76.75256799411574, 30.671855841659298]]]}, "properties": {"grid_id": "cell_0345", "lst_mean": 41.19, "lst_max": 43.83, "frac_impervious": 0.6715, "frac_vegetation": 0.2046, "frac_bare_soil": 0.1015, "frac_water": 0.0224, "ndvi_mean": 0.1961, "ndvi_std": 0.0466, "ndbi_mean": 0.1406, "building_density": 196.9, "building_height_mean": 16.0, "road_density": 1636.1, "park_area_frac": 0.0673, "tree_canopy_frac": 0.1638, "dist_to_water": 5050.3, "water_area_frac": 0.0224, "air_temp_max": 42.7, "wind_speed_mean": 2.53, "solar_radiation": 275.2, "veg_imperv_ratio": 0.3002, "green_deficit": 0.7281, "thermal_mass_proxy": 3150.4, "cooling_potential": 218.9, "sky_view_factor": 0.7468, "tier": "normal", "delta_above_mean": -1.12, "priority_score": 0.0}}, {"type": "Feature", "geometry": {"type": "Polygon", "coordinates": [[[76.75264943651015, 30.67636556313767], [76.75786689425802, 30.676295055742], [76.7579485972246, 30.680804761308814], [76.75273089728037, 30.68087528128712], [76.75264943651015, 30.67636556313767]]]}, "properties": {"grid_id": "cell_0346", "lst_mean": 39.82, "lst_max": 43.35, "frac_impervious": 0.5754, "frac_vegetation": 0.2275, "frac_bare_soil": 0.1715, "frac_water": 0.0256, "ndvi_mean": 0.2147, "ndvi_std": 0.0346, "ndbi_mean": 0.0616, "building_density": 134.0, "building_height_mean": 12.4, "road_density": 1178.9, "park_area_frac": 0.0776, "tree_canopy_frac": 0.1488, "dist_to_water": 4753.6, "water_area_frac": 0.0256, "air_temp_max": 44.8, "wind_speed_mean": 2.55, "solar_radiation": 298.3, "veg_imperv_ratio": 0.3886, "green_deficit": 0.6949, "thermal_mass_proxy": 1661.6, "cooling_potential": 230.4, "sky_view_factor": 0.8038, "tier": "cool", "delta_above_mean": -2.49, "priority_score": 0.0}}, {"type": "Feature", "geometry": {"type": "Polygon", "coordinates": [[[76.75273089728037, 30.68087528128712], [76.7579485972246, 30.680804761308814], [76.75803031862515, 30.685314463545254], [76.75281237642994, 30.685384996107334], [76.75273089728037, 30.68087528128712]]]}, "properties": {"grid_id": "cell_0347", "lst_mean": 42.38, "lst_max": 45.27, "frac_impervious": 0.6271, "frac_vegetation": 0.1864, "frac_bare_soil": 0.1572, "frac_water": 0.0293, "ndvi_mean": 0.2414, "ndvi_std": 0.0435, "ndbi_mean": 0.1274, "building_density": 200.9, "building_height_mean": 9.8, "road_density": 1353.9, "park_area_frac": 0.0581, "tree_canopy_frac": 0.1363, "dist_to_water": 4174.0, "water_area_frac": 0.0293, "air_temp_max": 43.8, "wind_speed_mean": 1.91, "solar_radiation": 305.9, "veg_imperv_ratio": 0.2926, "green_deficit": 0.7555, "thermal_mass_proxy": 1968.8, "cooling_potential": 248.9, "sky_view_factor": 0.8449, "tier": "moderate", "delta_above_mean": 0.07, "priority_score": 0.1}}, {"type": "Feature", "geometry": {"type": "Polygon", "coordinates": [[[76.75281237642994, 30.685384996107334], [76.75803031862515, 30.685314463545254], [76.75811205846323, 30.689824162450986], [76.75289387396244, 30.689894707597993], [76.75281237642994, 30.685384996107334]]]}, "properties": {"grid_id": "cell_0348", "lst_mean": 42.25, "lst_max": 44.38, "frac_impervious": 0.5988, "frac_vegetation": 0.2309, "frac_bare_soil": 0.1393, "frac_water": 0.031, "ndvi_mean": 0.2148, "ndvi_std": 0.0419, "ndbi_mean": 0.1625, "building_density": 197.5, "building_height_mean": 9.1, "road_density": 1585.1, "park_area_frac": 0.0571, "tree_canopy_frac": 0.1375, "dist_to_water": 3796.7, "water_area_frac": 0.031, "air_temp_max": 40.8, "wind_speed_mean": 2.29, "solar_radiation": 300.3, "veg_imperv_ratio": 0.3793, "green_deficit": 0.712, "thermal_mass_proxy": 1797.2, "cooling_potential": 231.0, "sky_view_factor": 0.856, "tier": "normal", "delta_above_mean": -0.06, "priority_score": 0.0}}, {"type": "Feature", "geometry": {"type": "Polygon", "coordinates": [[[76.75289387396244, 30.689894707597993], [76.75811205846323, 30.689824162450986], [76.75819381674239, 30.69433385802571], [76.75297538988139, 30.694404415758783], [76.75289387396244, 30.689894707597993]]]}, "properties": {"grid_id": "cell_0349", "lst_mean": 40.89, "lst_max": 43.61, "frac_impervious": 0.5819, "frac_vegetation": 0.2243, "frac_bare_soil": 0.1267, "frac_water": 0.0671, "ndvi_mean": 0.2208, "ndvi_std": 0.0529, "ndbi_mean": 0.1203, "building_density": 235.5, "building_height_mean": 16.1, "road_density": 1693.1, "park_area_frac": 0.0571, "tree_canopy_frac": 0.1237, "dist_to_water": 3079.7, "water_area_frac": 0.0671, "air_temp_max": 42.3, "wind_speed_mean": 2.56, "solar_radiation": 293.9, "veg_imperv_ratio": 0.3789, "green_deficit": 0.7186, "thermal_mass_proxy": 3791.6, "cooling_potential": 228.0, "sky_view_factor": 0.7453, "tier": "normal", "delta_above_mean": -1.42, "priority_score": 0.0}}, {"type": "Feature", "geometry": {"type": "Polygon", "coordinates": [[[76.75297538988139, 30.694404415758783], [76.75819381674239, 30.69433385802571], [76.75827559346622, 30.698843550269107], [76.75305692419036, 30.698914120589382], [76.75297538988139, 30.694404415758783]]]}, "properties": {"grid_id": "cell_0350", "lst_mean": 42.33, "lst_max": 52.02, "frac_impervious": 0.6077, "frac_vegetation": 0.2053, "frac_bare_soil": 0.1651, "frac_water": 0.0219, "ndvi_mean": 0.1673, "ndvi_std": 0.0372, "ndbi_mean": 0.1569, "building_density": 216.1, "building_height_mean": 17.1, "road_density": 1656.1, "park_area_frac": 0.1223, "tree_canopy_frac": 0.1126, "dist_to_water": 2565.9, "water_area_frac": 0.0219, "air_temp_max": 42.1, "wind_speed_mean": 1.12, "solar_radiation": 313.1, "veg_imperv_ratio": 0.3324, "green_deficit": 0.6724, "thermal_mass_proxy": 3695.3, "cooling_potential": 248.8, "sky_view_factor": 0.7294, "tier": "moderate", "delta_above_mean": 0.02, "priority_score": 0.0}}, {"type": "Feature", "geometry": {"type": "Polygon", "coordinates": [[[76.75305692419036, 30.698914120589382], [76.75827559346622, 30.698843550269107], [76.75835738863827, 30.703353239180835], [76.75313847689293, 30.703423822089473], [76.75305692419036, 30.698914120589382]]]}, "properties": {"grid_id": "cell_0351", "lst_mean": 44.24, "lst_max": 46.32, "frac_impervious": 0.6451, "frac_vegetation": 0.2236, "frac_bare_soil": 0.1059, "frac_water": 0.0254, "ndvi_mean": 0.2052, "ndvi_std": 0.0481, "ndbi_mean": 0.1124, "building_density": 274.1, "building_height_mean": 18.7, "road_density": 1852.3, "park_area_frac": 0.0565, "tree_canopy_frac": 0.1527, "dist_to_water": 2315.7, "water_area_frac": 0.0254, "air_temp_max": 44.0, "wind_speed_mean": 2.06, "solar_radiation": 305.3, "veg_imperv_ratio": 0.3413, "green_deficit": 0.7199, "thermal_mass_proxy": 5125.7, "cooling_potential": 237.0, "sky_view_factor": 0.7041, "tier": "moderate", "delta_above_mean": 1.93, "priority_score": 1.2}}, {"type": "Feature", "geometry": {"type": "Polygon", "coordinates": [[[76.75313847689293, 30.703423822089473], [76.75835738863827, 30.703353239180835], [76.75843920226214, 30.707862924760605], [76.75322004799266, 30.707933520258727], [76.75313847689293, 30.703423822089473]]]}, "properties": {"grid_id": "cell_0352", "lst_mean": 44.08, "lst_max": 47.87, "frac_impervious": 0.7064, "frac_vegetation": 0.183, "frac_bare_soil": 0.0826, "frac_water": 0.028, "ndvi_mean": 0.2098, "ndvi_std": 0.0611, "ndbi_mean": 0.2065, "building_density": 261.1, "building_height_mean": 16.9, "road_density": 1802.8, "park_area_frac": 0.065, "tree_canopy_frac": 0.1253, "dist_to_water": 1724.9, "water_area_frac": 0.028, "air_temp_max": 45.6, "wind_speed_mean": 2.8, "solar_radiation": 299.4, "veg_imperv_ratio": 0.2554, "green_deficit": 0.752, "thermal_mass_proxy": 4412.6, "cooling_potential": 244.6, "sky_view_factor": 0.7326, "tier": "moderate", "delta_above_mean": 1.77, "priority_score": 1.3}}, {"type": "Feature", "geometry": {"type": "Polygon", "coordinates": [[[76.75322004799266, 30.707933520258727], [76.75843920226214, 30.707862924760605], [76.75852103434138, 30.712372607008074], [76.75330163749308, 30.712443215096844], [76.75322004799266, 30.707933520258727]]]}, "properties": {"grid_id": "cell_0353", "lst_mean": 43.19, "lst_max": 47.95, "frac_impervious": 0.6537, "frac_vegetation": 0.1999, "frac_bare_soil": 0.1231, "frac_water": 0.0233, "ndvi_mean": 0.1533, "ndvi_std": 0.042, "ndbi_mean": 0.1448, "building_density": 290.1, "building_height_mean": 17.5, "road_density": 1811.3, "park_area_frac": 0.0535, "tree_canopy_frac": 0.1156, "dist_to_water": 1061.4, "water_area_frac": 0.0233, "air_temp_max": 43.4, "wind_speed_mean": 3.07, "solar_radiation": 314.3, "veg_imperv_ratio": 0.3012, "green_deficit": 0.7466, "thermal_mass_proxy": 5076.8, "cooling_potential": 251.5, "sky_view_factor": 0.7231, "tier": "moderate", "delta_above_mean": 0.88, "priority_score": 0.6}}, {"type": "Feature", "geometry": {"type": "Polygon", "coordinates": [[[76.75330163749308, 30.712443215096844], [76.75852103434138, 30.712372607008074], [76.75860288487958, 30.716882285922924], [76.75338324539779, 30.716952906603474], [76.75330163749308, 30.712443215096844]]]}, "properties": {"grid_id": "cell_0354", "lst_mean": 43.13, "lst_max": 46.69, "frac_impervious": 0.679, "frac_vegetation": 0.1308, "frac_bare_soil": 0.1697, "frac_water": 0.0206, "ndvi_mean": 0.1714, "ndvi_std": 0.031, "ndbi_mean": 0.172, "building_density": 295.8, "building_height_mean": 19.6, "road_density": 1970.0, "park_area_frac": 0.0605, "tree_canopy_frac": 0.0879, "dist_to_water": 667.7, "water_area_frac": 0.0206, "air_temp_max": 43.7, "wind_speed_mean": 2.09, "solar_radiation": 306.2, "veg_imperv_ratio": 0.1898, "green_deficit": 0.8087, "thermal_mass_proxy": 5797.7, "cooling_potential": 266.1, "sky_view_factor": 0.6899, "tier": "moderate", "delta_above_mean": 0.82, "priority_score": 0.8}}, {"type": "Feature", "geometry": {"type": "Polygon", "coordinates": [[[76.75338324539779, 30.716952906603474], [76.75860288487958, 30.716882285922924], [76.75868475388029, 30.721391961504835], [76.75346487171034, 30.721462594778334], [76.75338324539779, 30.716952906603474]]]}, "properties": {"grid_id": "cell_0355", "lst_mean": 45.21, "lst_max": 48.47, "frac_impervious": 0.6813, "frac_vegetation": 0.1735, "frac_bare_soil": 0.0885, "frac_water": 0.0567, "ndvi_mean": 0.1897, "ndvi_std": 0.0411, "ndbi_mean": 0.1697, "building_density": 273.1, "building_height_mean": 20.0, "road_density": 1705.4, "park_area_frac": 0.0499, "tree_canopy_frac": 0.1233, "dist_to_water": 129.1, "water_area_frac": 0.0553, "air_temp_max": 42.5, "wind_speed_mean": 2.14, "solar_radiation": 330.4, "veg_imperv_ratio": 0.251, "green_deficit": 0.7766, "thermal_mass_proxy": 5462.0, "cooling_potential": 273.1, "sky_view_factor": 0.6835, "tier": "high", "delta_above_mean": 2.9, "priority_score": 2.2}}, {"type": "Feature", "geometry": {"type": "Polygon", "coordinates": [[[76.75346487171034, 30.721462594778334], [76.75868475388029, 30.721391961504835], [76.75876664134711, 30.725901633753512], [76.75354651643428, 30.725972279621082], [76.75346487171034, 30.721462594778334]]]}, "properties": {"grid_id": "cell_0356", "lst_mean": 44.13, "lst_max": 47.97, "frac_impervious": 0.684, "frac_vegetation": 0.1851, "frac_bare_soil": 0.0951, "frac_water": 0.0359, "ndvi_mean": 0.1938, "ndvi_std": 0.0312, "ndbi_mean": 0.1354, "building_density": 269.0, "building_height_mean": 21.5, "road_density": 2003.5, "park_area_frac": 0.0466, "tree_canopy_frac": 0.0998, "dist_to_water": 503.3, "water_area_frac": 0.0359, "air_temp_max": 45.4, "wind_speed_mean": 1.94, "solar_radiation": 310.1, "veg_imperv_ratio": 0.2667, "green_deficit": 0.7683, "thermal_mass_proxy": 5783.5, "cooling_potential": 252.7, "sky_view_factor": 0.6598, "tier": "moderate", "delta_above_mean": 1.82, "priority_score": 1.3}}, {"type": "Feature", "geometry": {"type": "Polygon", "coordinates": [[[76.75354651643428, 30.725972279621082], [76.75876664134711, 30.725901633753512], [76.7588485472836, 30.730411302668614], [76.75362817957321, 30.730481961131414], [76.75354651643428, 30.725972279621082]]]}, "properties": {"grid_id": "cell_0357", "lst_mean": 40.66, "lst_max": 43.51, "frac_impervious": 0.6813, "frac_vegetation": 0.5607, "frac_bare_soil": 0.1116, "frac_water": 0.0234, "ndvi_mean": 0.6007, "ndvi_std": 0.0586, "ndbi_mean": 0.1379, "building_density": 313.0, "building_height_mean": 24.0, "road_density": 1810.2, "park_area_frac": 0.5247, "tree_canopy_frac": 0.3295, "dist_to_water": 1165.8, "water_area_frac": 0.0234, "air_temp_max": 46.1, "wind_speed_mean": 2.03, "solar_radiation": 292.3, "veg_imperv_ratio": 0.8111, "green_deficit": 0.0, "thermal_mass_proxy": 7512.0, "cooling_potential": 128.4, "sky_view_factor": 0.6203, "tier": "normal", "delta_above_mean": -1.65, "priority_score": 0.0}}, {"type": "Feature", "geometry": {"type": "Polygon", "coordinates": [[[76.75362817957321, 30.730481961131414], [76.7588485472836, 30.730411302668614], [76.75893047169338, 30.734920968249817], [76.75370986113067, 30.734991639308994], [76.75362817957321, 30.730481961131414]]]}, "properties": {"grid_id": "cell_0358", "lst_mean": 39.93, "lst_max": 42.07, "frac_impervious": 0.7261, "frac_vegetation": 0.4721, "frac_bare_soil": 0.1026, "frac_water": 0.0271, "ndvi_mean": 0.585, "ndvi_std": 0.0333, "ndbi_mean": 0.2195, "building_density": 251.3, "building_height_mean": 20.1, "road_density": 1864.4, "park_area_frac": 0.6931, "tree_canopy_frac": 0.2922, "dist_to_water": 1344.0, "water_area_frac": 0.0271, "air_temp_max": 44.3, "wind_speed_mean": 2.82, "solar_radiation": 305.0, "veg_imperv_ratio": 0.6414, "green_deficit": 0.0, "thermal_mass_proxy": 5051.1, "cooling_potential": 161.0, "sky_view_factor": 0.682, "tier": "cool", "delta_above_mean": -2.38, "priority_score": 0.0}}, {"type": "Feature", "geometry": {"type": "Polygon", "coordinates": [[[76.75370986113067, 30.734991639308994], [76.75893047169338, 30.734920968249817], [76.75901241457997, 30.73943063049682], [76.75379156111023, 30.739501314153514], [76.75370986113067, 30.734991639308994]]]}, "properties": {"grid_id": "cell_0359", "lst_mean": 42.03, "lst_max": 48.95, "frac_impervious": 0.6808, "frac_vegetation": 0.1984, "frac_bare_soil": 0.0965, "frac_water": 0.0244, "ndvi_mean": 0.2435, "ndvi_std": 0.0331, "ndbi_mean": 0.1843, "building_density": 235.2, "building_height_mean": 21.2, "road_density": 1903.4, "park_area_frac": 0.0505, "tree_canopy_frac": 0.0832, "dist_to_water": 1787.0, "water_area_frac": 0.0244, "air_temp_max": 46.4, "wind_speed_mean": 3.19, "solar_radiation": 282.0, "veg_imperv_ratio": 0.2872, "green_deficit": 0.7511, "thermal_mass_proxy": 4986.2, "cooling_potential": 226.1, "sky_view_factor": 0.6646, "tier": "normal", "delta_above_mean": -0.28, "priority_score": 0.0}}, {"type": "Feature", "geometry": {"type": "Polygon", "coordinates": [[[76.75379156111023, 30.739501314153514], [76.75901241457997, 30.73943063049682], [76.75909437594699, 30.74394028940929], [76.75387327951549, 30.744010985664644], [76.75379156111023, 30.739501314153514]]]}, "properties": {"grid_id": "cell_0360", "lst_mean": 46.68, "lst_max": 49.53, "frac_impervious": 0.6806, "frac_vegetation": 0.1229, "frac_bare_soil": 0.1652, "frac_water": 0.0313, "ndvi_mean": 0.1316, "ndvi_std": 0.0215, "ndbi_mean": 0.2038, "building_density": 278.3, "building_height_mean": 21.9, "road_density": 2025.3, "park_area_frac": 0.0686, "tree_canopy_frac": 0.083, "dist_to_water": 2472.7, "water_area_frac": 0.0313, "air_temp_max": 43.5, "wind_speed_mean": 1.42, "solar_radiation": 333.3, "veg_imperv_ratio": 0.178, "green_deficit": 0.8085, "thermal_mass_proxy": 6094.8, "cooling_potential": 292.3, "sky_view_factor": 0.6535, "tier": "high", "delta_above_mean": 4.37, "priority_score": 4.7}}, {"type": "Feature", "geometry": {"type": "Polygon", "coordinates": [[[76.75387327951549, 30.744010985664644], [76.75909437594699, 30.74394028940929], [76.759176355798, 30.748449944986916], [76.75395501634999, 30.748520653842093], [76.75387327951549, 30.744010985664644]]]}, "properties": {"grid_id": "cell_0361", "lst_mean": 45.47, "lst_max": 49.11, "frac_impervious": 0.6911, "frac_vegetation": 0.1258, "frac_bare_soil": 0.1555, "frac_water": 0.0276, "ndvi_mean": 0.167, "ndvi_std": 0.041, "ndbi_mean": 0.1862, "building_density": 335.6, "building_height_mean": 24.7, "road_density": 2088.7, "park_area_frac": 0.1429, "tree_canopy_frac": 0.053, "dist_to_water": 2812.7, "water_area_frac": 0.0276, "air_temp_max": 42.4, "wind_speed_mean": 1.79, "solar_radiation": 326.7, "veg_imperv_ratio": 0.1794, "green_deficit": 0.7313, "thermal_mass_proxy": 8289.3, "cooling_potential": 285.6, "sky_view_factor": 0.6092, "tier": "high", "delta_above_mean": 3.16, "priority_score": 3.3}}, {"type": "Feature", "geometry": {"type": "Polygon", "coordinates": [[[76.75395501634999, 30.748520653842093], [76.759176355798, 30.748449944986916], [76.7592583541366, 30.75295959722937], [76.75403677161731, 30.753030318685507], [76.75395501634999, 30.748520653842093]]]}, "properties": {"grid_id": "cell_0362", "lst_mean": 42.18, "lst_max": 45.31, "frac_impervious": 0.6258, "frac_vegetation": 0.2228, "frac_bare_soil": 0.1244, "frac_water": 0.027, "ndvi_mean": 0.2139, "ndvi_std": 0.0465, "ndbi_mean": 0.1546, "building_density": 256.4, "building_height_mean": 18.2, "road_density": 1671.6, "park_area_frac": 0.058, "tree_canopy_frac": 0.1525, "dist_to_water": 3239.8, "water_area_frac": 0.027, "air_temp_max": 45.2, "wind_speed_mean": 1.47, "solar_radiation": 299.2, "veg_imperv_ratio": 0.3504, "green_deficit": 0.7192, "thermal_mass_proxy": 4666.5, "cooling_potential": 232.5, "sky_view_factor": 0.712, "tier": "normal", "delta_above_mean": -0.13, "priority_score": 0.0}}, {"type": "Feature", "geometry": {"type": "Polygon", "coordinates": [[[76.75403677161731, 30.753030318685507], [76.7592583541366, 30.75295959722937], [76.7593403709664, 30.75746924613636], [76.75411854532105, 30.757539980194597], [76.75403677161731, 30.753030318685507]]]}, "properties": {"grid_id": "cell_0363", "lst_mean": 41.67, "lst_max": 43.75, "frac_impervious": 0.6522, "frac_vegetation": 0.1986, "frac_bare_soil": 0.0868, "frac_water": 0.0625, "ndvi_mean": 0.1672, "ndvi_std": 0.0309, "ndbi_mean": 0.1091, "building_density": 258.5, "building_height_mean": 21.4, "road_density": 1768.1, "park_area_frac": 0.0673, "tree_canopy_frac": 0.1621, "dist_to_water": 4122.7, "water_area_frac": 0.0625, "air_temp_max": 43.9, "wind_speed_mean": 2.37, "solar_radiation": 295.1, "veg_imperv_ratio": 0.2999, "green_deficit": 0.7341, "thermal_mass_proxy": 5531.9, "cooling_potential": 236.5, "sky_view_factor": 0.6614, "tier": "normal", "delta_above_mean": -0.64, "priority_score": 0.0}}, {"type": "Feature", "geometry": {"type": "Polygon", "coordinates": [[[76.75411854532105, 30.757539980194597], [76.7593403709664, 30.75746924613636], [76.75942240629091, 30.761978891707543], [76.75420033746474, 30.76204963836904], [76.75411854532105, 30.757539980194597]]]}, "properties": {"grid_id": "cell_0364", "lst_mean": 43.34, "lst_max": 49.92, "frac_impervious": 0.6725, "frac_vegetation": 0.2197, "frac_bare_soil": 0.0769, "frac_water": 0.0309, "ndvi_mean": 0.2385, "ndvi_std": 0.0433, "ndbi_mean": 0.1609, "building_density": 231.5, "building_height_mean": 19.6, "road_density": 1884.2, "park_area_frac": 0.1139, "tree_canopy_frac": 0.1179, "dist_to_water": 4368.6, "water_area_frac": 0.0309, "air_temp_max": 43.1, "wind_speed_mean": 2.15, "solar_radiation": 296.1, "veg_imperv_ratio": 0.3219, "green_deficit": 0.6664, "thermal_mass_proxy": 4537.4, "cooling_potential": 231.0, "sky_view_factor": 0.6899, "tier": "moderate", "delta_above_mean": 1.03, "priority_score": 0.6}}, {"type": "Feature", "geometry": {"type": "Polygon", "coordinates": [[[76.75420033746474, 30.76204963836904], [76.75942240629091, 30.761978891707543], [76.75950446011379, 30.76648853394258], [76.75428214805198, 30.76655929320849], [76.75420033746474, 30.76204963836904]]]}, "properties": {"grid_id": "cell_0365", "lst_mean": 43.19, "lst_max": 47.55, "frac_impervious": 0.6047, "frac_vegetation": 0.2265, "frac_bare_soil": 0.1428, "frac_water": 0.026, "ndvi_mean": 0.283, "ndvi_std": 0.023, "ndbi_mean": 0.141, "building_density": 256.5, "building_height_mean": 14.8, "road_density": 1654.5, "park_area_frac": 0.0866, "tree_canopy_frac": 0.1089, "dist_to_water": 4554.4, "water_area_frac": 0.026, "air_temp_max": 43.7, "wind_speed_mean": 2.73, "solar_radiation": 289.8, "veg_imperv_ratio": 0.3685, "green_deficit": 0.6869, "thermal_mass_proxy": 3796.2, "cooling_potential": 224.2, "sky_view_factor": 0.7658, "tier": "moderate", "delta_above_mean": 0.88, "priority_score": 0.5}}, {"type": "Feature", "geometry": {"type": "Polygon", "coordinates": [[[76.75428214805198, 30.76655929320849], [76.75950446011379, 30.76648853394258], [76.75958653243859, 30.770998172841193], [76.75436397708637, 30.771068944712656], [76.75428214805198, 30.76655929320849]]]}, "properties": {"grid_id": "cell_0366", "lst_mean": 42.91, "lst_max": 45.15, "frac_impervious": 0.6321, "frac_vegetation": 0.1909, "frac_bare_soil": 0.1453, "frac_water": 0.0317, "ndvi_mean": 0.195, "ndvi_std": 0.0371, "ndbi_mean": 0.2115, "building_density": 259.6, "building_height_mean": 16.5, "road_density": 1562.7, "park_area_frac": 0.0631, "tree_canopy_frac": 0.111, "dist_to_water": 5599.5, "water_area_frac": 0.0317, "air_temp_max": 41.3, "wind_speed_mean": 2.86, "solar_radiation": 286.9, "veg_imperv_ratio": 0.2973, "green_deficit": 0.746, "thermal_mass_proxy": 4283.4, "cooling_potential": 232.1, "sky_view_factor": 0.7389, "tier": "moderate", "delta_above_mean": 0.6, "priority_score": 0.4}}, {"type": "Feature", "geometry": {"type": "Polygon", "coordinates": [[[76.75436397708637, 30.771068944712656], [76.75958653243859, 30.770998172841193], [76.75966862326892, 30.775507808403056], [76.75444582457145, 30.77557859288122], [76.75436397708637, 30.771068944712656]]]}, "properties": {"grid_id": "cell_0367", "lst_mean": 44.77, "lst_max": 52.76, "frac_impervious": 0.6579, "frac_vegetation": 0.1838, "frac_bare_soil": 0.1374, "frac_water": 0.0209, "ndvi_mean": 0.2071, "ndvi_std": 0.0392, "ndbi_mean": 0.1838, "building_density": 246.7, "building_height_mean": 14.9, "road_density": 1652.1, "park_area_frac": 0.0786, "tree_canopy_frac": 0.105, "dist_to_water": 5844.4, "water_area_frac": 0.0209, "air_temp_max": 40.9, "wind_speed_mean": 2.87, "solar_radiation": 291.0, "veg_imperv_ratio": 0.2752, "green_deficit": 0.7376, "thermal_mass_proxy": 3675.8, "cooling_potential": 237.5, "sky_view_factor": 0.7642, "tier": "high", "delta_above_mean": 2.46, "priority_score": 1.8}}, {"type": "Feature", "geometry": {"type": "Polygon", "coordinates": [[[76.75444582457145, 30.77557859288122], [76.75966862326892, 30.775507808403056], [76.75975073260835, 30.780017440627827], [76.75452769051083, 30.780088237713848], [76.75444582457145, 30.77557859288122]]]}, "properties": {"grid_id": "cell_0368", "lst_mean": 43.55, "lst_max": 47.55, "frac_impervious": 0.6008, "frac_vegetation": 0.2465, "frac_bare_soil": 0.1284, "frac_water": 0.0243, "ndvi_mean": 0.2258, "ndvi_std": 0.0568, "ndbi_mean": 0.1864, "building_density": 213.3, "building_height_mean": 15.8, "road_density": 1501.0, "park_area_frac": 0.0553, "tree_canopy_frac": 0.1611, "dist_to_water": 6549.6, "water_area_frac": 0.0243, "air_temp_max": 43.6, "wind_speed_mean": 1.8, "solar_radiation": 270.4, "veg_imperv_ratio": 0.4036, "green_deficit": 0.6982, "thermal_mass_proxy": 3370.1, "cooling_potential": 203.7, "sky_view_factor": 0.75, "tier": "moderate", "delta_above_mean": 1.24, "priority_score": 0.7}}, {"type": "Feature", "geometry": {"type": "Polygon", "coordinates": [[[76.75452769051083, 30.780088237713848], [76.75975073260835, 30.780017440627827], [76.7598328604605, 30.78452706951522], [76.75460957490806, 30.784597879210242], [76.75452769051083, 30.780088237713848]]]}, "properties": {"grid_id": "cell_0369", "lst_mean": 41.14, "lst_max": 44.1, "frac_impervious": 0.5433, "frac_vegetation": 0.2937, "frac_bare_soil": 0.1356, "frac_water": 0.0274, "ndvi_mean": 0.2254, "ndvi_std": 0.0358, "ndbi_mean": 0.1353, "building_density": 192.5, "building_height_mean": 10.3, "road_density": 1623.4, "park_area_frac": 0.0695, "tree_canopy_frac": 0.1809, "dist_to_water": 7152.8, "water_area_frac": 0.0274, "air_temp_max": 43.8, "wind_speed_mean": 2.74, "solar_radiation": 302.8, "veg_imperv_ratio": 0.5308, "green_deficit": 0.6368, "thermal_mass_proxy": 1982.8, "cooling_potential": 213.9, "sky_view_factor": 0.837, "tier": "normal", "delta_above_mean": -1.17, "priority_score": 0.0}}, {"type": "Feature", "geometry": {"type": "Polygon", "coordinates": [[[76.75460957490806, 30.784597879210242], [76.7598328604605, 30.78452706951522], [76.75991500682893, 30.789036695064887], [76.75469147776674, 30.789107517370073], [76.75460957490806, 30.784597879210242]]]}, "properties": {"grid_id": "cell_0370", "lst_mean": 44.12, "lst_max": 47.54, "frac_impervious": 0.6059, "frac_vegetation": 0.2627, "frac_bare_soil": 0.1053, "frac_water": 0.0262, "ndvi_mean": 0.1767, "ndvi_std": 0.0282, "ndbi_mean": 0.121, "building_density": 186.6, "building_height_mean": 13.2, "road_density": 1637.4, "park_area_frac": 0.0609, "tree_canopy_frac": 0.1517, "dist_to_water": 7476.0, "water_area_frac": 0.0262, "air_temp_max": 45.3, "wind_speed_mean": 1.87, "solar_radiation": 307.4, "veg_imperv_ratio": 0.4265, "green_deficit": 0.6764, "thermal_mass_proxy": 2463.1, "cooling_potential": 226.6, "sky_view_factor": 0.7911, "tier": "moderate", "delta_above_mean": 1.81, "priority_score": 0.9}}, {"type": "Feature", "geometry": {"type": "Polygon", "coordinates": [[[76.75469147776674, 30.789107517370073], [76.75991500682893, 30.789036695064887], [76.75999717171726, 30.793546317276526], [76.75477339909045, 30.793617152193015], [76.75469147776674, 30.789107517370073]]]}, "properties": {"grid_id": "cell_0371", "lst_mean": 43.9, "lst_max": 46.07, "frac_impervious": 0.6097, "frac_vegetation": 0.2045, "frac_bare_soil": 0.1524, "frac_water": 0.0334, "ndvi_mean": 0.1811, "ndvi_std": 0.0274, "ndbi_mean": 0.1474, "building_density": 215.2, "building_height_mean": 14.2, "road_density": 1550.8, "park_area_frac": 0.0577, "tree_canopy_frac": 0.1245, "dist_to_water": 7533.0, "water_area_frac": 0.0334, "air_temp_max": 44.6, "wind_speed_mean": 3.58, "solar_radiation": 331.0, "veg_imperv_ratio": 0.33, "green_deficit": 0.7378, "thermal_mass_proxy": 3055.8, "cooling_potential": 263.3, "sky_view_factor": 0.7753, "tier": "moderate", "delta_above_mean": 1.59, "priority_score": 1.1}}, {"type": "Feature", "geometry": {"type": "Polygon", "coordinates": [[[76.75477339909045, 30.793617152193015], [76.75999717171726, 30.793546317276526], [76.76007935512906, 30.798055936149808], [76.7548553388828, 30.798126783678757], [76.75477339909045, 30.793617152193015]]]}, "properties": {"grid_id": "cell_0372", "lst_mean": 44.72, "lst_max": 47.95, "frac_impervious": 0.6314, "frac_vegetation": 0.1591, "frac_bare_soil": 0.1796, "frac_water": 0.0299, "ndvi_mean": 0.1378, "ndvi_std": 0.0194, "ndbi_mean": 0.1596, "building_density": 200.4, "building_height_mean": 14.4, "road_density": 1683.0, "park_area_frac": 0.0642, "tree_canopy_frac": 0.073, "dist_to_water": 8049.4, "water_area_frac": 0.0299, "air_temp_max": 44.3, "wind_speed_mean": 2.48, "solar_radiation": 328.4, "veg_imperv_ratio": 0.2481, "green_deficit": 0.7767, "thermal_mass_proxy": 2885.8, "cooling_potential": 276.2, "sky_view_factor": 0.7722, "tier": "high", "delta_above_mean": 2.41, "priority_score": 2.0}}, {"type": "Feature", "geometry": {"type": "Polygon", "coordinates": [[[76.7548553388828, 30.798126783678757], [76.76007935512906, 30.798055936149808], [76.76016155706796, 30.80256555168444], [76.75493729714735, 30.802636411826988], [76.7548553388828, 30.798126783678757]]]}, "properties": {"grid_id": "cell_0373", "lst_mean": 39.49, "lst_max": 41.6, "frac_impervious": 0.6027, "frac_vegetation": 0.2752, "frac_bare_soil": 0.0875, "frac_water": 0.0346, "ndvi_mean": 0.2887, "ndvi_std": 0.0554, "ndbi_mean": 0.1129, "building_density": 185.4, "building_height_mean": 15.6, "road_density": 1466.2, "park_area_frac": 0.0576, "tree_canopy_frac": 0.1817, "dist_to_water": 8809.7, "water_area_frac": 0.0346, "air_temp_max": 45.1, "wind_speed_mean": 2.06, "solar_radiation": 298.0, "veg_imperv_ratio": 0.4492, "green_deficit": 0.6672, "thermal_mass_proxy": 2892.2, "cooling_potential": 216.0, "sky_view_factor": 0.7532, "tier": "cool", "delta_above_mean": -2.82, "priority_score": 0.0}}, {"type": "Feature", "geometry": {"type": "Polygon", "coordinates": [[[76.757377063372, 30.649236752421114], [76.76259305067867, 30.649166111351587], [76.76267488498176, 30.65367582428084], [76.75745865580969, 30.653746477963477], [76.757377063372, 30.649236752421114]]]}, "properties": {"grid_id": "cell_0374", "lst_mean": 42.12, "lst_max": 45.3, "frac_impervious": 0.5972, "frac_vegetation": 0.2028, "frac_bare_soil": 0.1728, "frac_water": 0.0272, "ndvi_mean": 0.1979, "ndvi_std": 0.0517, "ndbi_mean": 0.1274, "building_density": 209.0, "building_height_mean": 15.4, "road_density": 1593.2, "park_area_frac": 0.0777, "tree_canopy_frac": 0.154, "dist_to_water": 7618.9, "water_area_frac": 0.0272, "air_temp_max": 44.0, "wind_speed_mean": 2.41, "solar_radiation": 308.2, "veg_imperv_ratio": 0.334, "green_deficit": 0.7195, "thermal_mass_proxy": 3218.6, "cooling_potential": 245.7, "sky_view_factor": 0.7563, "tier": "normal", "delta_above_mean": -0.19, "priority_score": 0.0}}, {"type": "Feature", "geometry": {"type": "Polygon", "coordinates": [[[76.75745865580969, 30.653746477963477], [76.76267488498176, 30.65367582428084], [76.76275673775199, 30.658185533880474], [76.75754026665994, 30.65825620017737], [76.75745865580969, 30.653746477963477]]]}, "properties": {"grid_id": "cell_0375", "lst_mean": 40.74, "lst_max": 43.94, "frac_impervious": 0.5832, "frac_vegetation": 0.2319, "frac_bare_soil": 0.1611, "frac_water": 0.0237, "ndvi_mean": 0.2056, "ndvi_std": 0.0418, "ndbi_mean": 0.1271, "building_density": 169.4, "building_height_mean": 10.0, "road_density": 1409.0, "park_area_frac": 0.071, "tree_canopy_frac": 0.1152, "dist_to_water": 7368.3, "water_area_frac": 0.0237, "air_temp_max": 42.1, "wind_speed_mean": 3.04, "solar_radiation": 327.3, "veg_imperv_ratio": 0.3909, "green_deficit": 0.6971, "thermal_mass_proxy": 1694.0, "cooling_potential": 251.4, "sky_view_factor": 0.8418, "tier": "normal", "delta_above_mean": -1.57, "priority_score": 0.0}}, {"type": "Feature", "geometry": {"type": "Polygon", "coordinates": [[[76.75754026665994, 30.65825620017737], [76.76275673775199, 30.658185533880474], [76.7628386089929, 30.662695240150196], [76.75762189592635, 30.662765919062487], [76.75754026665994, 30.65825620017737]]]}, "properties": {"grid_id": "cell_0376", "lst_mean": 42.03, "lst_max": 47.15, "frac_impervious": 0.5624, "frac_vegetation": 0.2427, "frac_bare_soil": 0.1618, "frac_water": 0.0331, "ndvi_mean": 0.248, "ndvi_std": 0.0516, "ndbi_mean": 0.1731, "building_density": 198.7, "building_height_mean": 13.4, "road_density": 1487.6, "park_area_frac": 0.0699, "tree_canopy_frac": 0.114, "dist_to_water": 6684.5, "water_area_frac": 0.0331, "air_temp_max": 44.5, "wind_speed_mean": 3.1, "solar_radiation": 303.6, "veg_imperv_ratio": 0.424, "green_deficit": 0.6874, "thermal_mass_proxy": 2662.6, "cooling_potential": 229.9, "sky_view_factor": 0.788, "tier": "normal", "delta_above_mean": -0.28, "priority_score": 0.0}}, {"type": "Feature", "geometry": {"type": "Polygon", "coordinates": [[[76.75762189592635, 30.662765919062487], [76.7628386089929, 30.662695240150196], [76.76292049870807, 30.667204943089686], [76.75770354361244, 30.66727563461852], [76.75762189592635, 30.662765919062487]]]}, "properties": {"grid_id": "cell_0377", "lst_mean": 41.68, "lst_max": 45.61, "frac_impervious": 0.6151, "frac_vegetation": 0.2521, "frac_bare_soil": 0.1078, "frac_water": 0.025, "ndvi_mean": 0.1924, "ndvi_std": 0.0415, "ndbi_mean": 0.0836, "building_density": 214.3, "building_height_mean": 13.1, "road_density": 1407.5, "park_area_frac": 0.0585, "tree_canopy_frac": 0.1432, "dist_to_water": 6647.7, "water_area_frac": 0.025, "air_temp_max": 44.4, "wind_speed_mean": 3.42, "solar_radiation": 312.5, "veg_imperv_ratio": 0.4033, "green_deficit": 0.6894, "thermal_mass_proxy": 2807.3, "cooling_potential": 233.7, "sky_view_factor": 0.7927, "tier": "normal", "delta_above_mean": -0.63, "priority_score": 0.0}}, {"type": "Feature", "geometry": {"type": "Polygon", "coordinates": [[[76.75770354361244, 30.66727563461852], [76.76292049870807, 30.667204943089686], [76.76300240690107, 30.6717146426986], [76.75778520972182, 30.671785346845123], [76.75770354361244, 30.66727563461852]]]}, "properties": {"grid_id": "cell_0378", "lst_mean": 45.72, "lst_max": 48.15, "frac_impervious": 0.6697, "frac_vegetation": 0.2311, "frac_bare_soil": 0.0785, "frac_water": 0.0207, "ndvi_mean": 0.1926, "ndvi_std": 0.0375, "ndbi_mean": 0.204, "building_density": 242.6, "building_height_mean": 17.4, "road_density": 1503.3, "park_area_frac": 0.0535, "tree_canopy_frac": 0.1142, "dist_to_water": 5323.9, "water_area_frac": 0.0207, "air_temp_max": 43.7, "wind_speed_mean": 2.56, "solar_radiation": 301.7, "veg_imperv_ratio": 0.34, "green_deficit": 0.7154, "thermal_mass_proxy": 4221.2, "cooling_potential": 232.0, "sky_view_factor": 0.7247, "tier": "high", "delta_above_mean": 3.41, "priority_score": 2.0}}, {"type": "Feature", "geometry": {"type": "Polygon", "coordinates": [[[76.75778520972182, 30.671785346845123], [76.76300240690107, 30.6717146426986], [76.76308433357548, 30.676224338976635], [76.75786689425802, 30.676295055742], [76.75778520972182, 30.671785346845123]]]}, "properties": {"grid_id": "cell_0379", "lst_mean": 41.06, "lst_max": 46.35, "frac_impervious": 0.5785, "frac_vegetation": 0.2645, "frac_bare_soil": 0.1308, "frac_water": 0.0262, "ndvi_mean": 0.2343, "ndvi_std": 0.0378, "ndbi_mean": 0.1033, "building_density": 196.5, "building_height_mean": 8.6, "road_density": 1406.8, "park_area_frac": 0.0732, "tree_canopy_frac": 0.1332, "dist_to_water": 5144.4, "water_area_frac": 0.0262, "air_temp_max": 41.2, "wind_speed_mean": 2.62, "solar_radiation": 310.0, "veg_imperv_ratio": 0.4494, "green_deficit": 0.6623, "thermal_mass_proxy": 1689.9, "cooling_potential": 228.0, "sky_view_factor": 0.8639, "tier": "normal", "delta_above_mean": -1.25, "priority_score": 0.0}}, {"type": "Feature", "geometry": {"type": "Polygon", "coordinates": [[[76.75786689425802, 30.676295055742], [76.76308433357548, 30.676224338976635], [76.76316627873487, 30.68073403192347], [76.7579485972246, 30.680804761308814], [76.75786689425802, 30.676295055742]]]}, "properties": {"grid_id": "cell_0380", "lst_mean": 40.87, "lst_max": 44.15, "frac_impervious": 0.5793, "frac_vegetation": 0.2547, "frac_bare_soil": 0.1442, "frac_water": 0.0218, "ndvi_mean": 0.2582, "ndvi_std": 0.0373, "ndbi_mean": 0.0906, "building_density": 211.8, "building_height_mean": 12.2, "road_density": 1536.6, "park_area_frac": 0.1389, "tree_canopy_frac": 0.1248, "dist_to_water": 4529.1, "water_area_frac": 0.0218, "air_temp_max": 40.5, "wind_speed_mean": 3.09, "solar_radiation": 311.1, "veg_imperv_ratio": 0.4322, "green_deficit": 0.6064, "thermal_mass_proxy": 2584.0, "cooling_potential": 231.9, "sky_view_factor": 0.807, "tier": "normal", "delta_above_mean": -1.44, "priority_score": 0.0}}, {"type": "Feature", "geometry": {"type": "Polygon", "coordinates": [[[76.7579485972246, 30.680804761308814], [76.76316627873487, 30.68073403192347], [76.76324824238283, 30.685243721538797], [76.75803031862515, 30.685314463545254], [76.7579485972246, 30.680804761308814]]]}, "properties": {"grid_id": "cell_0381", "lst_mean": 41.48, "lst_max": 44.87, "frac_impervious": 0.6026, "frac_vegetation": 0.1828, "frac_bare_soil": 0.1939, "frac_water": 0.0207, "ndvi_mean": 0.2065, "ndvi_std": 0.0191, "ndbi_mean": 0.1764, "building_density": 198.4, "building_height_mean": 10.9, "road_density": 1616.2, "park_area_frac": 0.0556, "tree_canopy_frac": 0.1058, "dist_to_water": 4163.1, "water_area_frac": 0.0207, "air_temp_max": 44.6, "wind_speed_mean": 3.01, "solar_radiation": 307.5, "veg_imperv_ratio": 0.2984, "green_deficit": 0.7616, "thermal_mass_proxy": 2162.6, "cooling_potential": 251.3, "sky_view_factor": 0.8275, "tier": "normal", "delta_above_mean": -0.83, "priority_score": 0.0}}, {"type": "Feature", "geometry": {"type": "Polygon", "coordinates": [[[76.75803031862515, 30.685314463545254], [76.76324824238283, 30.685243721538797], [76.76333022452292, 30.689753407822245], [76.75811205846323, 30.689824162450986], [76.75803031862515, 30.685314463545254]]]}, "properties": {"grid_id": "cell_0382", "lst_mean": 41.22, "lst_max": 43.5, "frac_impervious": 0.5439, "frac_vegetation": 0.2774, "frac_bare_soil": 0.1502, "frac_water": 0.0285, "ndvi_mean": 0.2462, "ndvi_std": 0.0448, "ndbi_mean": 0.1395, "building_density": 204.1, "building_height_mean": 14.8, "road_density": 1463.9, "park_area_frac": 0.0625, "tree_canopy_frac": 0.1582, "dist_to_water": 3964.5, "water_area_frac": 0.0285, "air_temp_max": 43.8, "wind_speed_mean": 2.85, "solar_radiation": 324.9, "veg_imperv_ratio": 0.5008, "green_deficit": 0.6601, "thermal_mass_proxy": 3020.7, "cooling_potential": 234.8, "sky_view_factor": 0.7658, "tier": "normal", "delta_above_mean": -1.09, "priority_score": 0.0}}, {"type": "Feature", "geometry": {"type": "Polygon", "coordinates": [[[76.75811205846323, 30.689824162450986], [76.76333022452292, 30.689753407822245], [76.76341222515873, 30.694263090773557], [76.75819381674239, 30.69433385802571], [76.75811205846323, 30.689824162450986]]]}, "properties": {"grid_id": "cell_0383", "lst_mean": 42.57, "lst_max": 47.5, "frac_impervious": 0.6184, "frac_vegetation": 0.2307, "frac_bare_soil": 0.1234, "frac_water": 0.0275, "ndvi_mean": 0.2177, "ndvi_std": 0.0381, "ndbi_mean": 0.185, "building_density": 235.8, "building_height_mean": 15.5, "road_density": 1564.2, "park_area_frac": 0.0924, "tree_canopy_frac": 0.1459, "dist_to_water": 3475.1, "water_area_frac": 0.0275, "air_temp_max": 44.5, "wind_speed_mean": 2.99, "solar_radiation": 297.8, "veg_imperv_ratio": 0.3671, "green_deficit": 0.6769, "thermal_mass_proxy": 3654.9, "cooling_potential": 229.1, "sky_view_factor": 0.7547, "tier": "moderate", "delta_above_mean": 0.26, "priority_score": 0.2}}, {"type": "Feature", "geometry": {"type": "Polygon", "coordinates": [[[76.75819381674239, 30.69433385802571], [76.76341222515873, 30.694263090773557], [76.76349424429384, 30.698772770392374], [76.75827559346622, 30.698843550269107], [76.75819381674239, 30.69433385802571]]]}, "properties": {"grid_id": "cell_0384", "lst_mean": 43.49, "lst_max": 49.49, "frac_impervious": 0.6691, "frac_vegetation": 0.2045, "frac_bare_soil": 0.0998, "frac_water": 0.0266, "ndvi_mean": 0.2143, "ndvi_std": 0.0438, "ndbi_mean": 0.1917, "building_density": 206.0, "building_height_mean": 15.6, "road_density": 1443.0, "park_area_frac": 0.0527, "tree_canopy_frac": 0.1114, "dist_to_water": 2621.0, "water_area_frac": 0.0266, "air_temp_max": 44.9, "wind_speed_mean": 2.25, "solar_radiation": 313.6, "veg_imperv_ratio": 0.3011, "green_deficit": 0.7428, "thermal_mass_proxy": 3213.6, "cooling_potential": 249.5, "sky_view_factor": 0.7532, "tier": "moderate", "delta_above_mean": 1.18, "priority_score": 0.8}}, {"type": "Feature", "geometry": {"type": "Polygon", "coordinates": [[[76.75827559346622, 30.698843550269107], [76.76349424429384, 30.698772770392374], [76.7635762819318, 30.70328244667839], [76.75835738863827, 30.703353239180835], [76.75827559346622, 30.698843550269107]]]}, "properties": {"grid_id": "cell_0385", "lst_mean": 44.21, "lst_max": 48.45, "frac_impervious": 0.6548, "frac_vegetation": 0.1671, "frac_bare_soil": 0.1327, "frac_water": 0.0454, "ndvi_mean": 0.1896, "ndvi_std": 0.0343, "ndbi_mean": 0.2237, "building_density": 276.6, "building_height_mean": 20.3, "road_density": 1728.1, "park_area_frac": 0.0902, "tree_canopy_frac": 0.076, "dist_to_water": 2280.4, "water_area_frac": 0.0454, "air_temp_max": 42.6, "wind_speed_mean": 2.41, "solar_radiation": 340.1, "veg_imperv_ratio": 0.2514, "green_deficit": 0.7427, "thermal_mass_proxy": 5615.0, "cooling_potential": 283.3, "sky_view_factor": 0.6788, "tier": "moderate", "delta_above_mean": 1.9, "priority_score": 1.5}}, {"type": "Feature", "geometry": {"type": "Polygon", "coordinates": [[[76.75835738863827, 30.703353239180835], [76.7635762819318, 30.70328244667839], [76.76365833807625, 30.707792119631293], [76.75843920226214, 30.707862924760605], [76.75835738863827, 30.703353239180835]]]}, "properties": {"grid_id": "cell_0386", "lst_mean": 41.52, "lst_max": 47.76, "frac_impervious": 0.7362, "frac_vegetation": 0.6817, "frac_bare_soil": 0.102, "frac_water": 0.0326, "ndvi_mean": 0.4002, "ndvi_std": 0.0287, "ndbi_mean": 0.2113, "building_density": 248.7, "building_height_mean": 20.7, "road_density": 1811.9, "park_area_frac": 0.6746, "tree_canopy_frac": 0.4087, "dist_to_water": 1649.2, "water_area_frac": 0.0326, "air_temp_max": 41.3, "wind_speed_mean": 1.34, "solar_radiation": 297.4, "veg_imperv_ratio": 0.9136, "green_deficit": 0.0, "thermal_mass_proxy": 5148.1, "cooling_potential": 94.7, "sky_view_factor": 0.6725, "tier": "normal", "delta_above_mean": -0.79, "priority_score": 0.0}}, {"type": "Feature", "geometry": {"type": "Polygon", "coordinates": [[[76.75843920226214, 30.707862924760605], [76.76365833807625, 30.707792119631293], [76.76374041273073, 30.712301789250745], [76.75852103434138, 30.712372607008074], [76.75843920226214, 30.707862924760605]]]}, "properties": {"grid_id": "cell_0387", "lst_mean": 45.87, "lst_max": 48.41, "frac_impervious": 0.6492, "frac_vegetation": 0.1628, "frac_bare_soil": 0.1499, "frac_water": 0.0381, "ndvi_mean": 0.1828, "ndvi_std": 0.0243, "ndbi_mean": 0.155, "building_density": 297.8, "building_height_mean": 21.9, "road_density": 2008.9, "park_area_frac": 0.0537, "tree_canopy_frac": 0.0765, "dist_to_water": 889.0, "water_area_frac": 0.0381, "air_temp_max": 45.4, "wind_speed_mean": 2.85, "solar_radiation": 301.5, "veg_imperv_ratio": 0.247, "green_deficit": 0.7835, "thermal_mass_proxy": 6521.8, "cooling_potential": 252.4, "sky_view_factor": 0.6535, "tier": "high", "delta_above_mean": 3.56, "priority_score": 2.9}}, {"type": "Feature", "geometry": {"type": "Polygon", "coordinates": [[[76.75852103434138, 30.712372607008074], [76.76374041273073, 30.712301789250745], [76.76382250589883, 30.71681145553644], [76.75860288487958, 30.716882285922924], [76.75852103434138, 30.712372607008074]]]}, "properties": {"grid_id": "cell_0388", "lst_mean": 49.56, "lst_max": 54.52, "frac_impervious": 0.7709, "frac_vegetation": 0.1131, "frac_bare_soil": 0.0958, "frac_water": 0.0202, "ndvi_mean": 0.1243, "ndvi_std": 0.0298, "ndbi_mean": 0.2187, "building_density": 311.7, "building_height_mean": 22.9, "road_density": 2051.3, "park_area_frac": 0.0516, "tree_canopy_frac": 0.0781, "dist_to_water": 604.9, "water_area_frac": 0.0202, "air_temp_max": 46.3, "wind_speed_mean": 1.96, "solar_radiation": 320.7, "veg_imperv_ratio": 0.1448, "green_deficit": 0.8353, "thermal_mass_proxy": 7137.9, "cooling_potential": 284.4, "sky_view_factor": 0.6377, "tier": "critical", "delta_above_mean": 7.25, "priority_score": 8.4}}, {"type": "Feature", "geometry": {"type": "Polygon", "coordinates": [[[76.75860288487958, 30.716882285922924], [76.76382250589883, 30.71681145553644], [76.76390461758415, 30.721321118488046], [76.75868475388029, 30.721391961504835], [76.75860288487958, 30.716882285922924]]]}, "properties": {"grid_id": "cell_0389", "lst_mean": 43.49, "lst_max": 46.49, "frac_impervious": 0.6905, "frac_vegetation": 0.1218, "frac_bare_soil": 0.16, "frac_water": 0.0277, "ndvi_mean": 0.1633, "ndvi_std": 0.0371, "ndbi_mean": 0.2135, "building_density": 289.5, "building_height_mean": 19.8, "road_density": 2072.0, "park_area_frac": 0.0536, "tree_canopy_frac": 0.0398, "dist_to_water": 50.0, "water_area_frac": 0.116, "air_temp_max": 44.7, "wind_speed_mean": 3.02, "solar_radiation": 351.6, "veg_imperv_ratio": 0.1739, "green_deficit": 0.8246, "thermal_mass_proxy": 5732.1, "cooling_potential": 308.8, "sky_view_factor": 0.6867, "tier": "moderate", "delta_above_mean": 1.18, "priority_score": 1.3}}, {"type": "Feature", "geometry": {"type": "Polygon", "coordinates": [[[76.75868475388029, 30.721391961504835], [76.76390461758415, 30.721321118488046], [76.76398674779026, 30.72583077810526], [76.75876664134711, 30.725901633753512], [76.75868475388029, 30.721391961504835]]]}, "properties": {"grid_id": "cell_0390", "lst_mean": 44.88, "lst_max": 47.15, "frac_impervious": 0.6981, "frac_vegetation": 0.1211, "frac_bare_soil": 0.1397, "frac_water": 0.0411, "ndvi_mean": 0.1461, "ndvi_std": 0.0183, "ndbi_mean": 0.1559, "building_density": 271.1, "building_height_mean": 16.9, "road_density": 1881.9, "park_area_frac": 0.0539, "tree_canopy_frac": 0.0294, "dist_to_water": 389.5, "water_area_frac": 0.083, "air_temp_max": 41.9, "wind_speed_mean": 2.0, "solar_radiation": 315.7, "veg_imperv_ratio": 0.171, "green_deficit": 0.825, "thermal_mass_proxy": 4581.6, "cooling_potential": 277.5, "sky_view_factor": 0.7326, "tier": "high", "delta_above_mean": 2.57, "priority_score": 2.8}}, {"type": "Feature", "geometry": {"type": "Polygon", "coordinates": [[[76.75876664134711, 30.725901633753512], [76.76398674779026, 30.72583077810526], [76.76406889652075, 30.730340434387745], [76.7588485472836, 30.730411302668614], [76.75876664134711, 30.725901633753512]]]}, "properties": {"grid_id": "cell_0391", "lst_mean": 44.14, "lst_max": 47.8, "frac_impervious": 0.7073, "frac_vegetation": 0.1758, "frac_bare_soil": 0.0916, "frac_water": 0.0252, "ndvi_mean": 0.2641, "ndvi_std": 0.0349, "ndbi_mean": 0.1634, "building_density": 286.4, "building_height_mean": 22.4, "road_density": 2002.5, "park_area_frac": 0.0867, "tree_canopy_frac": 0.0733, "dist_to_water": 733.6, "water_area_frac": 0.0252, "air_temp_max": 44.9, "wind_speed_mean": 2.33, "solar_radiation": 324.9, "veg_imperv_ratio": 0.2451, "green_deficit": 0.7375, "thermal_mass_proxy": 6415.4, "cooling_potential": 267.8, "sky_view_factor": 0.6456, "tier": "moderate", "delta_above_mean": 1.83, "priority_score": 1.4}}, {"type": "Feature", "geometry": {"type": "Polygon", "coordinates": [[[76.7588485472836, 30.730411302668614], [76.76406889652075, 30.730340434387745], [76.76415106377924, 30.734850087335197], [76.75893047169338, 30.734920968249817], [76.7588485472836, 30.730411302668614]]]}, "properties": {"grid_id": "cell_0392", "lst_mean": 44.55, "lst_max": 48.28, "frac_impervious": 0.6987, "frac_vegetation": 0.1627, "frac_bare_soil": 0.1051, "frac_water": 0.0335, "ndvi_mean": 0.1802, "ndvi_std": 0.0353, "ndbi_mean": 0.1702, "building_density": 285.3, "building_height_mean": 19.5, "road_density": 1816.6, "park_area_frac": 0.0729, "tree_canopy_frac": 0.0893, "dist_to_water": 1437.1, "water_area_frac": 0.0335, "air_temp_max": 42.4, "wind_speed_mean": 2.38, "solar_radiation": 313.6, "veg_imperv_ratio": 0.2296, "green_deficit": 0.7644, "thermal_mass_proxy": 5563.4, "cooling_potential": 262.6, "sky_view_factor": 0.6915, "tier": "moderate", "delta_above_mean": 2.24, "priority_score": 1.8}}, {"type": "Feature", "geometry": {"type": "Polygon", "coordinates": [[[76.75893047169338, 30.734920968249817], [76.76415106377924, 30.734850087335197], [76.76423324956929, 30.739359736947293], [76.75901241457997, 30.73943063049682], [76.75893047169338, 30.734920968249817]]]}, "properties": {"grid_id": "cell_0393", "lst_mean": 46.08, "lst_max": 48.58, "frac_impervious": 0.7341, "frac_vegetation": 0.1676, "frac_bare_soil": 0.0776, "frac_water": 0.0206, "ndvi_mean": 0.1417, "ndvi_std": 0.0262, "ndbi_mean": 0.1305, "building_density": 324.7, "building_height_mean": 26.3, "road_density": 2153.7, "park_area_frac": 0.0633, "tree_canopy_frac": 0.0948, "dist_to_water": 1969.2, "water_area_frac": 0.0206, "air_temp_max": 42.5, "wind_speed_mean": 1.76, "solar_radiation": 317.4, "veg_imperv_ratio": 0.2252, "green_deficit": 0.7691, "thermal_mass_proxy": 8539.6, "cooling_potential": 264.2, "sky_view_factor": 0.5839, "tier": "high", "delta_above_mean": 3.77, "priority_score": 3.0}}, {"type": "Feature", "geometry": {"type": "Polygon", "coordinates": [[[76.75901241457997, 30.73943063049682], [76.76423324956929, 30.739359736947293], [76.76431545389448, 30.7438693832237], [76.75909437594699, 30.74394028940929], [76.75901241457997, 30.73943063049682]]]}, "properties": {"grid_id": "cell_0394", "lst_mean": 47.18, "lst_max": 49.22, "frac_impervious": 0.7446, "frac_vegetation": 0.123, "frac_bare_soil": 0.1127, "frac_water": 0.0196, "ndvi_mean": 0.1575, "ndvi_std": 0.024, "ndbi_mean": 0.202, "building_density": 284.7, "building_height_mean": 21.4, "road_density": 1964.4, "park_area_frac": 0.0751, "tree_canopy_frac": 0.0766, "dist_to_water": 2550.9, "water_area_frac": 0.0196, "air_temp_max": 44.6, "wind_speed_mean": 2.39, "solar_radiation": 313.9, "veg_imperv_ratio": 0.163, "green_deficit": 0.8019, "thermal_mass_proxy": 6092.6, "cooling_potential": 275.3, "sky_view_factor": 0.6614, "tier": "critical", "delta_above_mean": 4.87, "priority_score": 5.2}}, {"type": "Feature", "geometry": {"type": "Polygon", "coordinates": [[[76.75909437594699, 30.74394028940929], [76.76431545389448, 30.7438693832237], [76.76439767675843, 30.74837902616412], [76.759176355798, 30.748449944986916], [76.75909437594699, 30.74394028940929]]]}, "properties": {"grid_id": "cell_0395", "lst_mean": 45.19, "lst_max": 47.52, "frac_impervious": 0.7246, "frac_vegetation": 0.1212, "frac_bare_soil": 0.1266, "frac_water": 0.0276, "ndvi_mean": 0.1762, "ndvi_std": 0.032, "ndbi_mean": 0.1332, "building_density": 250.9, "building_height_mean": 22.2, "road_density": 1857.2, "park_area_frac": 0.053, "tree_canopy_frac": 0.0614, "dist_to_water": 2974.1, "water_area_frac": 0.0276, "air_temp_max": 44.4, "wind_speed_mean": 2.99, "solar_radiation": 299.9, "veg_imperv_ratio": 0.165, "green_deficit": 0.8258, "thermal_mass_proxy": 5570.0, "cooling_potential": 263.6, "sky_view_factor": 0.6487, "tier": "high", "delta_above_mean": 2.88, "priority_score": 3.1}}, {"type": "Feature", "geometry": {"type": "Polygon", "coordinates": [[[76.759176355798, 30.748449944986916], [76.76439767675843, 30.74837902616412], [76.76447991816474, 30.75288866576821], [76.7592583541366, 30.75295959722937], [76.759176355798, 30.748449944986916]]]}, "properties": {"grid_id": "cell_0396", "lst_mean": 44.38, "lst_max": 47.15, "frac_impervious": 0.7238, "frac_vegetation": 0.1522, "frac_bare_soil": 0.1008, "frac_water": 0.0233, "ndvi_mean": 0.2263, "ndvi_std": 0.0208, "ndbi_mean": 0.1911, "building_density": 200.4, "building_height_mean": 16.5, "road_density": 1723.9, "park_area_frac": 0.0697, "tree_canopy_frac": 0.0744, "dist_to_water": 3741.0, "water_area_frac": 0.0233, "air_temp_max": 43.5, "wind_speed_mean": 3.42, "solar_radiation": 319.5, "veg_imperv_ratio": 0.2074, "green_deficit": 0.7781, "thermal_mass_proxy": 3306.6, "cooling_potential": 270.9, "sky_view_factor": 0.7389, "tier": "moderate", "delta_above_mean": 2.07, "priority_score": 1.8}}, {"type": "Feature", "geometry": {"type": "Polygon", "coordinates": [[[76.7592583541366, 30.75295959722937], [76.76447991816474, 30.75288866576821], [76.76456217811698, 30.75739830203569], [76.7593403709664, 30.75746924613636], [76.7592583541366, 30.75295959722937]]]}, "properties": {"grid_id": "cell_0397", "lst_mean": 44.99, "lst_max": 47.26, "frac_impervious": 0.658, "frac_vegetation": 0.2037, "frac_bare_soil": 0.1008, "frac_water": 0.0375, "ndvi_mean": 0.1842, "ndvi_std": 0.0398, "ndbi_mean": 0.1892, "building_density": 284.2, "building_height_mean": 22.0, "road_density": 1962.0, "park_area_frac": 0.0575, "tree_canopy_frac": 0.1509, "dist_to_water": 4354.6, "water_area_frac": 0.0375, "air_temp_max": 45.0, "wind_speed_mean": 2.63, "solar_radiation": 293.5, "veg_imperv_ratio": 0.3049, "green_deficit": 0.7388, "thermal_mass_proxy": 6252.4, "cooling_potential": 233.7, "sky_view_factor": 0.6519, "tier": "high", "delta_above_mean": 2.68, "priority_score": 1.8}}, {"type": "Feature", "geometry": {"type": "Polygon", "coordinates": [[[76.7593403709664, 30.75746924613636], [76.76456217811698, 30.75739830203569], [76.76464445661875, 30.76190793496619], [76.75942240629091, 30.761978891707543], [76.7593403709664, 30.75746924613636]]]}, "properties": {"grid_id": "cell_0398", "lst_mean": 40.23, "lst_max": 42.55, "frac_impervious": 0.681, "frac_vegetation": 0.4402, "frac_bare_soil": 0.1175, "frac_water": 0.0214, "ndvi_mean": 0.4542, "ndvi_std": 0.0255, "ndbi_mean": 0.1581, "building_density": 250.6, "building_height_mean": 18.8, "road_density": 1794.3, "park_area_frac": 0.4667, "tree_canopy_frac": 0.2875, "dist_to_water": 4337.2, "water_area_frac": 0.0214, "air_temp_max": 42.7, "wind_speed_mean": 1.85, "solar_radiation": 297.7, "veg_imperv_ratio": 0.637, "green_deficit": 0.0931, "thermal_mass_proxy": 4711.3, "cooling_potential": 166.7, "sky_view_factor": 0.7025, "tier": "normal", "delta_above_mean": -2.08, "priority_score": 0.0}}, {"type": "Feature", "geometry": {"type": "Polygon", "coordinates": [[[76.75942240629091, 30.761978891707543], [76.76464445661875, 30.76190793496619], [76.76472675367366, 30.766417564559422], [76.75950446011379, 30.76648853394258], [76.75942240629091, 30.761978891707543]]]}, "properties": {"grid_id": "cell_0399", "lst_mean": 45.38, "lst_max": 48.12, "frac_impervious": 0.728, "frac_vegetation": 0.1632, "frac_bare_soil": 0.0545, "frac_water": 0.0543, "ndvi_mean": 0.2061, "ndvi_std": 0.0437, "ndbi_mean": 0.2415, "building_density": 288.4, "building_height_mean": 18.2, "road_density": 1881.2, "park_area_frac": 0.0546, "tree_canopy_frac": 0.1176, "dist_to_water": 5114.2, "water_area_frac": 0.0543, "air_temp_max": 44.2, "wind_speed_mean": 1.66, "solar_radiation": 342.1, "veg_imperv_ratio": 0.2211, "green_deficit": 0.7822, "thermal_mass_proxy": 5248.9, "cooling_potential": 286.3, "sky_view_factor": 0.712, "tier": "high", "delta_above_mean": 3.07, "priority_score": 2.5}}, {"type": "Feature", "geometry": {"type": "Polygon", "coordinates": [[[76.75950446011379, 30.76648853394258], [76.76472675367366, 30.766417564559422], [76.7648090692853, 30.770927190815073], [76.75958653243859, 30.770998172841193], [76.75950446011379, 30.76648853394258]]]}, "properties": {"grid_id": "cell_0400", "lst_mean": 42.46, "lst_max": 49.36, "frac_impervious": 0.6114, "frac_vegetation": 0.212, "frac_bare_soil": 0.131, "frac_water": 0.0457, "ndvi_mean": 0.1646, "ndvi_std": 0.0603, "ndbi_mean": 0.1007, "building_density": 223.5, "building_height_mean": 14.6, "road_density": 1331.7, "park_area_frac": 0.0744, "tree_canopy_frac": 0.1334, "dist_to_water": 5845.1, "water_area_frac": 0.0457, "air_temp_max": 42.5, "wind_speed_mean": 3.26, "solar_radiation": 310.4, "veg_imperv_ratio": 0.3412, "green_deficit": 0.7136, "thermal_mass_proxy": 3263.1, "cooling_potential": 244.6, "sky_view_factor": 0.769, "tier": "moderate", "delta_above_mean": 0.15, "priority_score": 0.1}}, {"type": "Feature", "geometry": {"type": "Polygon", "coordinates": [[[76.75958653243859, 30.770998172841193], [76.7648090692853, 30.770927190815073], [76.76489140345728, 30.775436813732803], [76.75966862326892, 30.775507808403056], [76.75958653243859, 30.770998172841193]]]}, "properties": {"grid_id": "cell_0401", "lst_mean": 43.14, "lst_max": 47.31, "frac_impervious": 0.6597, "frac_vegetation": 0.2253, "frac_bare_soil": 0.094, "frac_water": 0.021, "ndvi_mean": 0.1996, "ndvi_std": 0.0294, "ndbi_mean": 0.1996, "building_density": 251.2, "building_height_mean": 13.9, "road_density": 1627.1, "park_area_frac": 0.0955, "tree_canopy_frac": 0.143, "dist_to_water": 6123.4, "water_area_frac": 0.021, "air_temp_max": 43.0, "wind_speed_mean": 2.14, "solar_radiation": 297.1, "veg_imperv_ratio": 0.3364, "green_deficit": 0.6792, "thermal_mass_proxy": 3491.7, "cooling_potential": 230.2, "sky_view_factor": 0.7801, "tier": "moderate", "delta_above_mean": 0.83, "priority_score": 0.5}}, {"type": "Feature", "geometry": {"type": "Polygon", "coordinates": [[[76.75966862326892, 30.775507808403056], [76.76489140345728, 30.775436813732803], [76.76497375619319, 30.779946433312304], [76.75975073260835, 30.780017440627827], [76.75966862326892, 30.775507808403056]]]}, "properties": {"grid_id": "cell_0402", "lst_mean": 42.46, "lst_max": 45.04, "frac_impervious": 0.6247, "frac_vegetation": 0.2587, "frac_bare_soil": 0.0932, "frac_water": 0.0235, "ndvi_mean": 0.2216, "ndvi_std": 0.046, "ndbi_mean": 0.1701, "building_density": 213.0, "building_height_mean": 13.1, "road_density": 1512.5, "park_area_frac": 0.0627, "tree_canopy_frac": 0.1391, "dist_to_water": 6569.7, "water_area_frac": 0.0235, "air_temp_max": 43.9, "wind_speed_mean": 2.93, "solar_radiation": 313.3, "veg_imperv_ratio": 0.4076, "green_deficit": 0.6786, "thermal_mass_proxy": 2790.3, "cooling_potential": 232.2, "sky_view_factor": 0.7927, "tier": "moderate", "delta_above_mean": 0.15, "priority_score": 0.1}}, {"type": "Feature", "geometry": {"type": "Polygon", "coordinates": [[[76.75975073260835, 30.780017440627827], [76.76497375619319, 30.779946433312304], [76.76505612749665, 30.784456049553263], [76.7598328604605, 30.78452706951522], [76.75975073260835, 30.780017440627827]]]}, "properties": {"grid_id": "cell_0403", "lst_mean": 40.76, "lst_max": 47.31, "frac_impervious": 0.592, "frac_vegetation": 0.2842, "frac_bare_soil": 0.0816, "frac_water": 0.0422, "ndvi_mean": 0.24, "ndvi_std": 0.0355, "ndbi_mean": 0.0853, "building_density": 243.8, "building_height_mean": 15.4, "road_density": 1430.9, "park_area_frac": 0.0546, "tree_canopy_frac": 0.1734, "dist_to_water": 6563.8, "water_area_frac": 0.0422, "air_temp_max": 44.9, "wind_speed_mean": 2.73, "solar_radiation": 300.3, "veg_imperv_ratio": 0.4721, "green_deficit": 0.6612, "thermal_mass_proxy": 3754.5, "cooling_potential": 215.0, "sky_view_factor": 0.7563, "tier": "normal", "delta_above_mean": -1.55, "priority_score": 0.0}}, {"type": "Feature", "geometry": {"type": "Polygon", "coordinates": [[[76.7598328604605, 30.78452706951522], [76.76505612749665, 30.784456049553263], [76.76513851737123, 30.788965662455354], [76.75991500682893, 30.789036695064887], [76.7598328604605, 30.78452706951522]]]}, "properties": {"grid_id": "cell_0404", "lst_mean": 43.17, "lst_max": 46.73, "frac_impervious": 0.6344, "frac_vegetation": 0.228, "frac_bare_soil": 0.0837, "frac_water": 0.0539, "ndvi_mean": 0.2347, "ndvi_std": 0.0487, "ndbi_mean": 0.2351, "building_density": 196.7, "building_height_mean": 15.7, "road_density": 1338.2, "park_area_frac": 0.0695, "tree_canopy_frac": 0.118, "dist_to_water": 7318.6, "water_area_frac": 0.0539, "air_temp_max": 43.6, "wind_speed_mean": 3.41, "solar_radiation": 312.5, "veg_imperv_ratio": 0.3538, "green_deficit": 0.7025, "thermal_mass_proxy": 3088.2, "cooling_potential": 241.2, "sky_view_factor": 0.7516, "tier": "moderate", "delta_above_mean": 0.86, "priority_score": 0.5}}, {"type": "Feature", "geometry": {"type": "Polygon", "coordinates": [[[76.75991500682893, 30.789036695064887], [76.76513851737123, 30.788965662455354], [76.76522092582056, 30.793475272018256], [76.75999717171726, 30.793546317276526], [76.75991500682893, 30.789036695064887]]]}, "properties": {"grid_id": "cell_0405", "lst_mean": 44.01, "lst_max": 46.93, "frac_impervious": 0.6653, "frac_vegetation": 0.201, "frac_bare_soil": 0.1047, "frac_water": 0.0289, "ndvi_mean": 0.18, "ndvi_std": 0.0234, "ndbi_mean": 0.1642, "building_density": 232.8, "building_height_mean": 15.3, "road_density": 1558.1, "park_area_frac": 0.0622, "tree_canopy_frac": 0.0996, "dist_to_water": 7849.8, "water_area_frac": 0.0289, "air_temp_max": 44.2, "wind_speed_mean": 2.94, "solar_radiation": 294.3, "veg_imperv_ratio": 0.2976, "green_deficit": 0.7368, "thermal_mass_proxy": 3561.8, "cooling_potential": 235.1, "sky_view_factor": 0.7579, "tier": "moderate", "delta_above_mean": 1.7, "priority_score": 1.1}}, {"type": "Feature", "geometry": {"type": "Polygon", "coordinates": [[[76.75999717171726, 30.793546317276526], [76.76522092582056, 30.793475272018256], [76.76530335284825, 30.797984878241653], [76.76007935512906, 30.798055936149808], [76.75999717171726, 30.793546317276526]]]}, "properties": {"grid_id": "cell_0406", "lst_mean": 43.36, "lst_max": 46.31, "frac_impervious": 0.6316, "frac_vegetation": 0.231, "frac_bare_soil": 0.1151, "frac_water": 0.0223, "ndvi_mean": 0.2073, "ndvi_std": 0.0433, "ndbi_mean": 0.1263, "building_density": 156.7, "building_height_mean": 12.5, "road_density": 1283.5, "park_area_frac": 0.0802, "tree_canopy_frac": 0.1062, "dist_to_water": 8711.7, "water_area_frac": 0.0223, "air_temp_max": 42.8, "wind_speed_mean": 2.88, "solar_radiation": 322.5, "veg_imperv_ratio": 0.36, "green_deficit": 0.6888, "thermal_mass_proxy": 1958.7, "cooling_potential": 248.0, "sky_view_factor": 0.8022, "tier": "moderate", "delta_above_mean": 1.05, "priority_score": 0.6}}, {"type": "Feature", "geometry": {"type": "Polygon", "coordinates": [[[76.76007935512906, 30.798055936149808], [76.76530335284825, 30.797984878241653], [76.76538579845788, 30.802494481125237], [76.76016155706796, 30.80256555168444], [76.76007935512906, 30.798055936149808]]]}, "properties": {"grid_id": "cell_0407", "lst_mean": 40.75, "lst_max": 43.55, "frac_impervious": 0.5468, "frac_vegetation": 0.2442, "frac_bare_soil": 0.1838, "frac_water": 0.0252, "ndvi_mean": 0.2217, "ndvi_std": 0.0308, "ndbi_mean": 0.0765, "building_density": 198.6, "building_height_mean": 10.4, "road_density": 1191.2, "park_area_frac": 0.1171, "tree_canopy_frac": 0.1546, "dist_to_water": 8790.1, "water_area_frac": 0.0252, "air_temp_max": 43.6, "wind_speed_mean": 3.87, "solar_radiation": 312.1, "veg_imperv_ratio": 0.4386, "green_deficit": 0.6387, "thermal_mass_proxy": 2065.4, "cooling_potential": 235.9, "sky_view_factor": 0.8354, "tier": "normal", "delta_above_mean": -1.56, "priority_score": 0.0}}, {"type": "Feature", "geometry": {"type": "Polygon", "coordinates": [[[76.76259305067867, 30.649166111351587], [76.76780901952179, 30.64909526113898], [76.76789109568675, 30.6536049614178], [76.76267488498176, 30.65367582428084], [76.76259305067867, 30.649166111351587]]]}, "properties": {"grid_id": "cell_0408", "lst_mean": 38.98, "lst_max": 41.38, "frac_impervious": 0.5943, "frac_vegetation": 0.2365, "frac_bare_soil": 0.1357, "frac_water": 0.0335, "ndvi_mean": 0.2227, "ndvi_std": 0.0369, "ndbi_mean": 0.1311, "building_density": 148.2, "building_height_mean": 7.6, "road_density": 1367.4, "park_area_frac": 0.0709, "tree_canopy_frac": 0.1452, "dist_to_water": 7621.1, "water_area_frac": 0.0335, "air_temp_max": 44.3, "wind_speed_mean": 3.29, "solar_radiation": 295.5, "veg_imperv_ratio": 0.3914, "green_deficit": 0.6926, "thermal_mass_proxy": 1126.3, "cooling_potential": 225.6, "sky_view_factor": 0.8797, "tier": "cool", "delta_above_mean": -3.33, "priority_score": 0.0}}, {"type": "Feature", "geometry": {"type": "Polygon", "coordinates": [[[76.76267488498176, 30.65367582428084], [76.76789109568675, 30.6536049614178], [76.76797319037334, 30.65811465836586], [76.76275673775199, 30.658185533880474], [76.76267488498176, 30.65367582428084]]]}, "properties": {"grid_id": "cell_0409", "lst_mean": 41.81, "lst_max": 44.54, "frac_impervious": 0.6149, "frac_vegetation": 0.2146, "frac_bare_soil": 0.1471, "frac_water": 0.0234, "ndvi_mean": 0.2102, "ndvi_std": 0.0269, "ndbi_mean": 0.1421, "building_density": 194.1, "building_height_mean": 14.9, "road_density": 1252.3, "park_area_frac": 0.0686, "tree_canopy_frac": 0.1227, "dist_to_water": 7304.2, "water_area_frac": 0.0234, "air_temp_max": 45.8, "wind_speed_mean": 3.08, "solar_radiation": 316.8, "veg_imperv_ratio": 0.3434, "green_deficit": 0.7168, "thermal_mass_proxy": 2892.1, "cooling_potential": 248.8, "sky_view_factor": 0.7642, "tier": "normal", "delta_above_mean": -0.5, "priority_score": 0.0}}, {"type": "Feature", "geometry": {"type": "Polygon", "coordinates": [[[76.76275673775199, 30.658185533880474], [76.76797319037334, 30.65811465836586], [76.7680553035852, 30.662624351982846], [76.7628386089929, 30.662695240150196], [76.76275673775199, 30.658185533880474]]]}, "properties": {"grid_id": "cell_0410", "lst_mean": 41.48, "lst_max": 44.61, "frac_impervious": 0.5549, "frac_vegetation": 0.2596, "frac_bare_soil": 0.1516, "frac_water": 0.0339, "ndvi_mean": 0.2429, "ndvi_std": 0.049, "ndbi_mean": 0.125, "building_density": 217.0, "building_height_mean": 16.9, "road_density": 1468.5, "park_area_frac": 0.0762, "tree_canopy_frac": 0.1471, "dist_to_water": 6479.0, "water_area_frac": 0.0339, "air_temp_max": 45.0, "wind_speed_mean": 2.4, "solar_radiation": 338.6, "veg_imperv_ratio": 0.4596, "green_deficit": 0.6642, "thermal_mass_proxy": 3667.3, "cooling_potential": 250.7, "sky_view_factor": 0.7326, "tier": "normal", "delta_above_mean": -0.83, "priority_score": 0.0}}, {"type": "Feature", "geometry": {"type": "Polygon", "coordinates": [[[76.7628386089929, 30.662695240150196], [76.7680553035852, 30.662624351982846], [76.76813743532585, 30.66713404226846], [76.76292049870807, 30.667204943089686], [76.7628386089929, 30.662695240150196]]]}, "properties": {"grid_id": "cell_0411", "lst_mean": 40.57, "lst_max": 43.69, "frac_impervious": 0.5514, "frac_vegetation": 0.2725, "frac_bare_soil": 0.1547, "frac_water": 0.0214, "ndvi_mean": 0.2616, "ndvi_std": 0.0334, "ndbi_mean": 0.1116, "building_density": 176.2, "building_height_mean": 13.8, "road_density": 1334.4, "park_area_frac": 0.06, "tree_canopy_frac": 0.1269, "dist_to_water": 6187.9, "water_area_frac": 0.0214, "air_temp_max": 42.7, "wind_speed_mean": 2.32, "solar_radiation": 297.2, "veg_imperv_ratio": 0.4854, "green_deficit": 0.6675, "thermal_mass_proxy": 2431.6, "cooling_potential": 216.2, "sky_view_factor": 0.7816, "tier": "normal", "delta_above_mean": -1.74, "priority_score": 0.0}}, {"type": "Feature", "geometry": {"type": "Polygon", "coordinates": [[[76.76292049870807, 30.667204943089686], [76.76813743532585, 30.66713404226846], [76.76821958559891, 30.671643729222346], [76.76300240690107, 30.6717146426986], [76.76292049870807, 30.667204943089686]]]}, "properties": {"grid_id": "cell_0412", "lst_mean": 42.63, "lst_max": 46.78, "frac_impervious": 0.5987, "frac_vegetation": 0.2486, "frac_bare_soil": 0.1335, "frac_water": 0.0193, "ndvi_mean": 0.2361, "ndvi_std": 0.0454, "ndbi_mean": 0.1585, "building_density": 165.6, "building_height_mean": 10.0, "road_density": 1399.1, "park_area_frac": 0.0636, "tree_canopy_frac": 0.1543, "dist_to_water": 5659.8, "water_area_frac": 0.0193, "air_temp_max": 44.5, "wind_speed_mean": 2.76, "solar_radiation": 321.4, "veg_imperv_ratio": 0.4084, "green_deficit": 0.6878, "thermal_mass_proxy": 1656.0, "cooling_potential": 241.5, "sky_view_factor": 0.8418, "tier": "moderate", "delta_above_mean": 0.32, "priority_score": 0.2}}, {"type": "Feature", "geometry": {"type": "Polygon", "coordinates": [[[76.76300240690107, 30.6717146426986], [76.76821958559891, 30.671643729222346], [76.76830175440797, 30.676153412844208], [76.76308433357548, 30.676224338976635], [76.76300240690107, 30.6717146426986]]]}, "properties": {"grid_id": "cell_0413", "lst_mean": 42.38, "lst_max": 45.04, "frac_impervious": 0.6745, "frac_vegetation": 0.199, "frac_bare_soil": 0.0997, "frac_water": 0.0268, "ndvi_mean": 0.2131, "ndvi_std": 0.0325, "ndbi_mean": 0.1582, "building_density": 252.0, "building_height_mean": 13.5, "road_density": 1812.1, "park_area_frac": 0.1016, "tree_canopy_frac": 0.1131, "dist_to_water": 5303.5, "water_area_frac": 0.0268, "air_temp_max": 44.4, "wind_speed_mean": 1.82, "solar_radiation": 318.3, "veg_imperv_ratio": 0.2907, "green_deficit": 0.6994, "thermal_mass_proxy": 3402.0, "cooling_potential": 255.0, "sky_view_factor": 0.7864, "tier": "moderate", "delta_above_mean": 0.07, "priority_score": 0.0}}, {"type": "Feature", "geometry": {"type": "Polygon", "coordinates": [[[76.76308433357548, 30.676224338976635], [76.76830175440797, 30.676153412844208], [76.7683839417566, 30.680663093133717], [76.76316627873487, 30.68073403192347], [76.76308433357548, 30.676224338976635]]]}, "properties": {"grid_id": "cell_0414", "lst_mean": 41.96, "lst_max": 45.86, "frac_impervious": 0.5901, "frac_vegetation": 0.2122, "frac_bare_soil": 0.1734, "frac_water": 0.0242, "ndvi_mean": 0.1586, "ndvi_std": 0.0358, "ndbi_mean": 0.078, "building_density": 225.4, "building_height_mean": 12.8, "road_density": 1446.4, "park_area_frac": 0.0745, "tree_canopy_frac": 0.1452, "dist_to_water": 4757.8, "water_area_frac": 0.0242, "air_temp_max": 42.5, "wind_speed_mean": 2.46, "solar_radiation": 317.6, "veg_imperv_ratio": 0.3536, "green_deficit": 0.7133, "thermal_mass_proxy": 2885.1, "cooling_potential": 250.2, "sky_view_factor": 0.7975, "tier": "normal", "delta_above_mean": -0.35, "priority_score": 0.0}}, {"type": "Feature", "geometry": {"type": "Polygon", "coordinates": [[[76.76316627873487, 30.68073403192347], [76.7683839417566, 30.680663093133717], [76.76846614764838, 30.685172770090556], [76.76324824238283, 30.685243721538797], [76.76316627873487, 30.68073403192347]]]}, "properties": {"grid_id": "cell_0415", "lst_mean": 41.99, "lst_max": 45.28, "frac_impervious": 0.6173, "frac_vegetation": 0.1834, "frac_bare_soil": 0.1769, "frac_water": 0.0224, "ndvi_mean": 0.1932, "ndvi_std": 0.0361, "ndbi_mean": 0.1424, "building_density": 208.1, "building_height_mean": 10.5, "road_density": 1514.3, "park_area_frac": 0.0539, "tree_canopy_frac": 0.113, "dist_to_water": 4249.5, "water_area_frac": 0.0224, "air_temp_max": 44.1, "wind_speed_mean": 3.08, "solar_radiation": 326.2, "veg_imperv_ratio": 0.2924, "green_deficit": 0.7627, "thermal_mass_proxy": 2185.0, "cooling_potential": 266.4, "sky_view_factor": 0.8339, "tier": "normal", "delta_above_mean": -0.32, "priority_score": 0.0}}, {"type": "Feature", "geometry": {"type": "Polygon", "coordinates": [[[76.76324824238283, 30.685243721538797], [76.76846614764838, 30.685172770090556], [76.76854837208691, 30.68968244371439], [76.76333022452292, 30.689753407822245], [76.76324824238283, 30.685243721538797]]]}, "properties": {"grid_id": "cell_0416", "lst_mean": 42.68, "lst_max": 49.58, "frac_impervious": 0.7014, "frac_vegetation": 0.2093, "frac_bare_soil": 0.0645, "frac_water": 0.0248, "ndvi_mean": 0.2191, "ndvi_std": 0.0291, "ndbi_mean": 0.1095, "building_density": 260.2, "building_height_mean": 18.7, "road_density": 1767.9, "park_area_frac": 0.0527, "tree_canopy_frac": 0.1397, "dist_to_water": 3662.2, "water_area_frac": 0.0248, "air_temp_max": 42.3, "wind_speed_mean": 2.9, "solar_radiation": 307.5, "veg_imperv_ratio": 0.2942, "green_deficit": 0.738, "thermal_mass_proxy": 4865.7, "cooling_potential": 243.1, "sky_view_factor": 0.7041, "tier": "moderate", "delta_above_mean": 0.37, "priority_score": 0.2}}, {"type": "Feature", "geometry": {"type": "Polygon", "coordinates": [[[76.76333022452292, 30.689753407822245], [76.76854837208691, 30.68968244371439], [76.76863061507578, 30.69419211400492], [76.76341222515873, 30.694263090773557], [76.76333022452292, 30.689753407822245]]]}, "properties": {"grid_id": "cell_0417", "lst_mean": 44.61, "lst_max": 47.34, "frac_impervious": 0.6609, "frac_vegetation": 0.2292, "frac_bare_soil": 0.0877, "frac_water": 0.0222, "ndvi_mean": 0.2365, "ndvi_std": 0.0404, "ndbi_mean": 0.175, "building_density": 297.6, "building_height_mean": 20.3, "road_density": 1742.5, "park_area_frac": 0.073, "tree_canopy_frac": 0.1374, "dist_to_water": 2784.8, "water_area_frac": 0.0222, "air_temp_max": 44.6, "wind_speed_mean": 2.33, "solar_radiation": 313.1, "veg_imperv_ratio": 0.3416, "green_deficit": 0.6978, "thermal_mass_proxy": 6041.3, "cooling_potential": 241.3, "sky_view_factor": 0.6788, "tier": "high", "delta_above_mean": 2.3, "priority_score": 1.4}}, {"type": "Feature", "geometry": {"type": "Polygon", "coordinates": [[[76.76341222515873, 30.694263090773557], [76.76863061507578, 30.69419211400492], [76.76871287661857, 30.69870178096181], [76.76349424429384, 30.698772770392374], [76.76341222515873, 30.694263090773557]]]}, "properties": {"grid_id": "cell_0418", "lst_mean": 45.33, "lst_max": 50.8, "frac_impervious": 0.7614, "frac_vegetation": 0.1079, "frac_bare_soil": 0.1087, "frac_water": 0.0221, "ndvi_mean": 0.1332, "ndvi_std": 0.0439, "ndbi_mean": 0.1752, "building_density": 291.1, "building_height_mean": 19.8, "road_density": 1875.2, "park_area_frac": 0.0758, "tree_canopy_frac": 0.0683, "dist_to_water": 2645.9, "water_area_frac": 0.0221, "air_temp_max": 46.8, "wind_speed_mean": 3.81, "solar_radiation": 317.2, "veg_imperv_ratio": 0.1399, "green_deficit": 0.8163, "thermal_mass_proxy": 5763.8, "cooling_potential": 283.0, "sky_view_factor": 0.6867, "tier": "high", "delta_above_mean": 3.02, "priority_score": 3.6}}, {"type": "Feature", "geometry": {"type": "Polygon", "coordinates": [[[76.76349424429384, 30.698772770392374], [76.76871287661857, 30.69870178096181], [76.7687951567189, 30.703211444584756], [76.7635762819318, 30.70328244667839], [76.76349424429384, 30.698772770392374]]]}, "properties": {"grid_id": "cell_0419", "lst_mean": 45.82, "lst_max": 50.4, "frac_impervious": 0.7102, "frac_vegetation": 0.1658, "frac_bare_soil": 0.0984, "frac_water": 0.0255, "ndvi_mean": 0.1631, "ndvi_std": 0.0255, "ndbi_mean": 0.189, "building_density": 282.0, "building_height_mean": 19.4, "road_density": 1756.3, "park_area_frac": 0.0848, "tree_canopy_frac": 0.1181, "dist_to_water": 2127.0, "water_area_frac": 0.0255, "air_temp_max": 45.2, "wind_speed_mean": 3.05, "solar_radiation": 300.5, "veg_imperv_ratio": 0.2302, "green_deficit": 0.7494, "thermal_mass_proxy": 5470.8, "cooling_potential": 250.7, "sky_view_factor": 0.693, "tier": "high", "delta_above_mean": 3.51, "priority_score": 2.8}}, {"type": "Feature", "geometry": {"type": "Polygon", "coordinates": [[[76.7635762819318, 30.70328244667839], [76.7687951567189, 30.703211444584756], [76.76887745538032, 30.70772110487342], [76.76365833807625, 30.707792119631293], [76.7635762819318, 30.70328244667839]]]}, "properties": {"grid_id": "cell_0420", "lst_mean": 46.12, "lst_max": 49.64, "frac_impervious": 0.7154, "frac_vegetation": 0.0977, "frac_bare_soil": 0.1279, "frac_water": 0.059, "ndvi_mean": 0.1316, "ndvi_std": 0.0395, "ndbi_mean": 0.2256, "building_density": 304.8, "building_height_mean": 26.9, "road_density": 1996.3, "park_area_frac": 0.0501, "tree_canopy_frac": 0.0548, "dist_to_water": 1767.2, "water_area_frac": 0.059, "air_temp_max": 46.4, "wind_speed_mean": 2.14, "solar_radiation": 323.0, "veg_imperv_ratio": 0.1347, "green_deficit": 0.8522, "thermal_mass_proxy": 8199.1, "cooling_potential": 291.4, "sky_view_factor": 0.5744, "tier": "high", "delta_above_mean": 3.81, "priority_score": 5.0}}, {"type": "Feature", "geometry": {"type": "Polygon", "coordinates": [[[76.76365833807625, 30.707792119631293], [76.76887745538032, 30.70772110487342], [76.76895977260644, 30.7122307618275], [76.76374041273073, 30.712301789250745], [76.76365833807625, 30.707792119631293]]]}, "properties": {"grid_id": "cell_0421", "lst_mean": 46.87, "lst_max": 50.46, "frac_impervious": 0.7809, "frac_vegetation": 0.1163, "frac_bare_soil": 0.0792, "frac_water": 0.0235, "ndvi_mean": 0.1743, "ndvi_std": 0.0443, "ndbi_mean": 0.1839, "building_density": 302.2, "building_height_mean": 23.8, "road_density": 1947.6, "park_area_frac": 0.0963, "tree_canopy_frac": 0.0792, "dist_to_water": 1027.3, "water_area_frac": 0.0235, "air_temp_max": 44.1, "wind_speed_mean": 2.71, "solar_radiation": 309.9, "veg_imperv_ratio": 0.147, "green_deficit": 0.7874, "thermal_mass_proxy": 7192.4, "cooling_potential": 273.9, "sky_view_factor": 0.6234, "tier": "critical", "delta_above_mean": 4.56, "priority_score": 5.1}}, {"type": "Feature", "geometry": {"type": "Polygon", "coordinates": [[[76.76374041273073, 30.712301789250745], [76.76895977260644, 30.7122307618275], [76.76904210840087, 30.716740415446647], [76.76382250589883, 30.71681145553644], [76.76374041273073, 30.712301789250745]]]}, "properties": {"grid_id": "cell_0422", "lst_mean": 45.38, "lst_max": 47.51, "frac_impervious": 0.6539, "frac_vegetation": 0.157, "frac_bare_soil": 0.1653, "frac_water": 0.0238, "ndvi_mean": 0.2095, "ndvi_std": 0.0244, "ndbi_mean": 0.1934, "building_density": 228.1, "building_height_mean": 25.3, "road_density": 2005.7, "park_area_frac": 0.062, "tree_canopy_frac": 0.0853, "dist_to_water": 618.3, "water_area_frac": 0.0238, "air_temp_max": 45.0, "wind_speed_mean": 2.0, "solar_radiation": 341.2, "veg_imperv_ratio": 0.2365, "green_deficit": 0.781, "thermal_mass_proxy": 5770.9, "cooling_potential": 287.6, "sky_view_factor": 0.5997, "tier": "high", "delta_above_mean": 3.07, "priority_score": 2.6}}, {"type": "Feature", "geometry": {"type": "Polygon", "coordinates": [[[76.76382250589883, 30.71681145553644], [76.76904210840087, 30.716740415446647], [76.7691244627672, 30.72125006573057], [76.76390461758415, 30.721321118488046], [76.76382250589883, 30.71681145553644]]]}, "properties": {"grid_id": "cell_0423", "lst_mean": 43.86, "lst_max": 50.36, "frac_impervious": 0.7429, "frac_vegetation": 0.0894, "frac_bare_soil": 0.1396, "frac_water": 0.0281, "ndvi_mean": 0.1325, "ndvi_std": 0.0126, "ndbi_mean": 0.1841, "building_density": 287.4, "building_height_mean": 28.9, "road_density": 2119.4, "park_area_frac": 0.0664, "tree_canopy_frac": 0.051, "dist_to_water": 122.6, "water_area_frac": 0.0554, "air_temp_max": 45.7, "wind_speed_mean": 2.25, "solar_radiation": 308.8, "veg_imperv_ratio": 0.1187, "green_deficit": 0.8442, "thermal_mass_proxy": 8305.9, "cooling_potential": 281.2, "sky_view_factor": 0.5427, "tier": "moderate", "delta_above_mean": 1.55, "priority_score": 2.2}}, {"type": "Feature", "geometry": {"type": "Polygon", "coordinates": [[[76.76390461758415, 30.721321118488046], [76.7691244627672, 30.72125006573057], [76.76920683570903, 30.72575971267895], [76.76398674779026, 30.72583077810526], [76.76390461758415, 30.721321118488046]]]}, "properties": {"grid_id": "cell_0424", "lst_mean": 43.29, "lst_max": 45.46, "frac_impervious": 0.7457, "frac_vegetation": 0.0995, "frac_bare_soil": 0.1004, "frac_water": 0.0544, "ndvi_mean": 0.177, "ndvi_std": 0.031, "ndbi_mean": 0.2509, "building_density": 292.0, "building_height_mean": 24.8, "road_density": 2169.2, "park_area_frac": 0.0606, "tree_canopy_frac": 0.0916, "dist_to_water": 251.6, "water_area_frac": 0.1073, "air_temp_max": 44.2, "wind_speed_mean": 1.94, "solar_radiation": 296.2, "veg_imperv_ratio": 0.1317, "green_deficit": 0.8399, "thermal_mass_proxy": 7241.6, "cooling_potential": 266.7, "sky_view_factor": 0.6076, "tier": "moderate", "delta_above_mean": 0.98, "priority_score": 1.3}}, {"type": "Feature", "geometry": {"type": "Polygon", "coordinates": [[[76.76398674779026, 30.72583077810526], [76.76920683570903, 30.72575971267895], [76.76928922722993, 30.730269356291444], [76.76406889652075, 30.730340434387745], [76.76398674779026, 30.72583077810526]]]}, "properties": {"grid_id": "cell_0425", "lst_mean": 48.23, "lst_max": 51.47, "frac_impervious": 0.7671, "frac_vegetation": 0.088, "frac_bare_soil": 0.1236, "frac_water": 0.0213, "ndvi_mean": 0.1477, "ndvi_std": 0.0216, "ndbi_mean": 0.1959, "building_density": 278.2, "building_height_mean": 26.1, "road_density": 2140.2, "park_area_frac": 0.0432, "tree_canopy_frac": 0.0656, "dist_to_water": 665.5, "water_area_frac": 0.0213, "air_temp_max": 46.0, "wind_speed_mean": 1.42, "solar_radiation": 333.3, "veg_imperv_ratio": 0.1132, "green_deficit": 0.8688, "thermal_mass_proxy": 7261.0, "cooling_potential": 304.0, "sky_view_factor": 0.587, "tier": "critical", "delta_above_mean": 5.92, "priority_score": 8.6}}, {"type": "Feature", "geometry": {"type": "Polygon", "coordinates": [[[76.76406889652075, 30.730340434387745], [76.76928922722993, 30.730269356291444], [76.76937163733355, 30.734778996567755], [76.76415106377924, 30.734850087335197], [76.76406889652075, 30.730340434387745]]]}, "properties": {"grid_id": "cell_0426", "lst_mean": 44.81, "lst_max": 47.41, "frac_impervious": 0.6805, "frac_vegetation": 0.1597, "frac_bare_soil": 0.1315, "frac_water": 0.0283, "ndvi_mean": 0.1761, "ndvi_std": 0.0515, "ndbi_mean": 0.147, "building_density": 257.4, "building_height_mean": 23.3, "road_density": 1871.5, "park_area_frac": 0.1113, "tree_canopy_frac": 0.085, "dist_to_water": 1474.7, "water_area_frac": 0.0283, "air_temp_max": 45.0, "wind_speed_mean": 2.53, "solar_radiation": 302.4, "veg_imperv_ratio": 0.2313, "green_deficit": 0.729, "thermal_mass_proxy": 5997.4, "cooling_potential": 254.1, "sky_view_factor": 0.6313, "tier": "high", "delta_above_mean": 2.5, "priority_score": 2.1}}, {"type": "Feature", "geometry": {"type": "Polygon", "coordinates": [[[76.76415106377924, 30.734850087335197], [76.76937163733355, 30.734778996567755], [76.76945406602344, 30.73928863350755], [76.76423324956929, 30.739359736947293], [76.76415106377924, 30.734850087335197]]]}, "properties": {"grid_id": "cell_0427", "lst_mean": 46.2, "lst_max": 49.05, "frac_impervious": 0.7632, "frac_vegetation": 0.1311, "frac_bare_soil": 0.0774, "frac_water": 0.0283, "ndvi_mean": 0.1592, "ndvi_std": 0.0308, "ndbi_mean": 0.2259, "building_density": 262.3, "building_height_mean": 24.4, "road_density": 1971.9, "park_area_frac": 0.045, "tree_canopy_frac": 0.0871, "dist_to_water": 2101.7, "water_area_frac": 0.0283, "air_temp_max": 45.7, "wind_speed_mean": 2.12, "solar_radiation": 296.6, "veg_imperv_ratio": 0.1696, "green_deficit": 0.8239, "thermal_mass_proxy": 6400.1, "cooling_potential": 257.7, "sky_view_factor": 0.6139, "tier": "high", "delta_above_mean": 3.89, "priority_score": 3.9}}, {"type": "Feature", "geometry": {"type": "Polygon", "coordinates": [[[76.76423324956929, 30.739359736947293], [76.76945406602344, 30.73928863350755], [76.76953651330324, 30.74379826711051], [76.76431545389448, 30.7438693832237], [76.76423324956929, 30.739359736947293]]]}, "properties": {"grid_id": "cell_0428", "lst_mean": 47.86, "lst_max": 51.27, "frac_impervious": 0.7623, "frac_vegetation": 0.1231, "frac_bare_soil": 0.0842, "frac_water": 0.0303, "ndvi_mean": 0.184, "ndvi_std": 0.0218, "ndbi_mean": 0.1919, "building_density": 301.2, "building_height_mean": 22.8, "road_density": 2115.7, "park_area_frac": 0.0483, "tree_canopy_frac": 0.0483, "dist_to_water": 2277.2, "water_area_frac": 0.0303, "air_temp_max": 43.2, "wind_speed_mean": 2.15, "solar_radiation": 320.9, "veg_imperv_ratio": 0.1594, "green_deficit": 0.8286, "thermal_mass_proxy": 6867.4, "cooling_potential": 281.4, "sky_view_factor": 0.6392, "tier": "critical", "delta_above_mean": 5.55, "priority_score": 5.9}}, {"type": "Feature", "geometry": {"type": "Polygon", "coordinates": [[[76.76431545389448, 30.7438693832237], [76.76953651330324, 30.74379826711051], [76.76961897917653, 30.74830789737632], [76.76439767675843, 30.74837902616412], [76.76431545389448, 30.7438693832237]]]}, "properties": {"grid_id": "cell_0429", "lst_mean": 45.47, "lst_max": 51.06, "frac_impervious": 0.6775, "frac_vegetation": 0.1882, "frac_bare_soil": 0.115, "frac_water": 0.0193, "ndvi_mean": 0.2039, "ndvi_std": 0.0236, "ndbi_mean": 0.1458, "building_density": 269.4, "building_height_mean": 20.6, "road_density": 1649.3, "park_area_frac": 0.0825, "tree_canopy_frac": 0.1085, "dist_to_water": 2860.6, "water_area_frac": 0.0193, "air_temp_max": 45.8, "wind_speed_mean": 2.43, "solar_radiation": 332.5, "veg_imperv_ratio": 0.2737, "green_deficit": 0.7293, "thermal_mass_proxy": 5549.6, "cooling_potential": 269.9, "sky_view_factor": 0.6741, "tier": "high", "delta_above_mean": 3.16, "priority_score": 2.3}}, {"type": "Feature", "geometry": {"type": "Polygon", "coordinates": [[[76.76439767675843, 30.74837902616412], [76.76961897917653, 30.74830789737632], [76.76970146364692, 30.752817524304657], [76.76447991816474, 30.75288866576821], [76.76439767675843, 30.74837902616412]]]}, "properties": {"grid_id": "cell_0430", "lst_mean": 45.94, "lst_max": 48.86, "frac_impervious": 0.6629, "frac_vegetation": 0.1661, "frac_bare_soil": 0.1412, "frac_water": 0.0299, "ndvi_mean": 0.2513, "ndvi_std": 0.0442, "ndbi_mean": 0.1508, "building_density": 276.5, "building_height_mean": 20.7, "road_density": 1947.5, "park_area_frac": 0.068, "tree_canopy_frac": 0.0806, "dist_to_water": 3572.1, "water_area_frac": 0.0299, "air_temp_max": 44.6, "wind_speed_mean": 1.99, "solar_radiation": 324.4, "veg_imperv_ratio": 0.2468, "green_deficit": 0.7659, "thermal_mass_proxy": 5723.6, "cooling_potential": 270.5, "sky_view_factor": 0.6725, "tier": "high", "delta_above_mean": 3.63, "priority_score": 2.9}}, {"type": "Feature", "geometry": {"type": "Polygon", "coordinates": [[[76.76447991816474, 30.75288866576821], [76.76970146364692, 30.752817524304657], [76.76978396671804, 30.757327147895207], [76.76456217811698, 30.75739830203569], [76.76447991816474, 30.75288866576821]]]}, "properties": {"grid_id": "cell_0431", "lst_mean": 34.66, "lst_max": 43.26, "frac_impervious": 0.6516, "frac_vegetation": 0.6424, "frac_bare_soil": 0.1291, "frac_water": 0.0201, "ndvi_mean": 0.6357, "ndvi_std": 0.0302, "ndbi_mean": 0.1593, "building_density": 242.4, "building_height_mean": 16.0, "road_density": 1496.9, "park_area_frac": 0.7564, "tree_canopy_frac": 0.3945, "dist_to_water": 4093.6, "water_area_frac": 0.0201, "air_temp_max": 43.4, "wind_speed_mean": 3.37, "solar_radiation": 285.7, "veg_imperv_ratio": 0.971, "green_deficit": 0.0, "thermal_mass_proxy": 3878.4, "cooling_potential": 102.2, "sky_view_factor": 0.7468, "tier": "cool", "delta_above_mean": -7.65, "priority_score": 0.0}}, {"type": "Feature", "geometry": {"type": "Polygon", "coordinates": [[[76.76456217811698, 30.75739830203569], [76.76978396671804, 30.757327147895207], [76.76986648839346, 30.761836768147646], [76.76464445661875, 30.76190793496619], [76.76456217811698, 30.75739830203569]]]}, "properties": {"grid_id": "cell_0432", "lst_mean": 45.31, "lst_max": 48.66, "frac_impervious": 0.6754, "frac_vegetation": 0.2328, "frac_bare_soil": 0.0661, "frac_water": 0.0257, "ndvi_mean": 0.2319, "ndvi_std": 0.0391, "ndbi_mean": 0.2104, "building_density": 234.0, "building_height_mean": 15.6, "road_density": 1782.4, "park_area_frac": 0.0634, "tree_canopy_frac": 0.1359, "dist_to_water": 4456.5, "water_area_frac": 0.0257, "air_temp_max": 43.7, "wind_speed_mean": 2.57, "solar_radiation": 312.6, "veg_imperv_ratio": 0.3397, "green_deficit": 0.7038, "thermal_mass_proxy": 3650.4, "cooling_potential": 239.8, "sky_view_factor": 0.7532, "tier": "high", "delta_above_mean": 3.0, "priority_score": 1.8}}, {"type": "Feature", "geometry": {"type": "Polygon", "coordinates": [[[76.76464445661875, 30.76190793496619], [76.76986648839346, 30.761836768147646], [76.7699490286768, 30.76634638506165], [76.76472675367366, 30.766417564559422], [76.76464445661875, 30.76190793496619]]]}, "properties": {"grid_id": "cell_0433", "lst_mean": 42.76, "lst_max": 45.02, "frac_impervious": 0.6614, "frac_vegetation": 0.2211, "frac_bare_soil": 0.0871, "frac_water": 0.0305, "ndvi_mean": 0.1947, "ndvi_std": 0.0472, "ndbi_mean": 0.1065, "building_density": 222.1, "building_height_mean": 16.6, "road_density": 1961.4, "park_area_frac": 0.0574, "tree_canopy_frac": 0.1383, "dist_to_water": 4995.1, "water_area_frac": 0.0305, "air_temp_max": 44.0, "wind_speed_mean": 2.26, "solar_radiation": 306.8, "veg_imperv_ratio": 0.3293, "green_deficit": 0.7215, "thermal_mass_proxy": 3686.9, "cooling_potential": 239.0, "sky_view_factor": 0.7373, "tier": "moderate", "delta_above_mean": 0.45, "priority_score": 0.3}}, {"type": "Feature", "geometry": {"type": "Polygon", "coordinates": [[[76.76472675367366, 30.766417564559422], [76.7699490286768, 30.76634638506165], [76.77003158757168, 30.770855998636918], [76.7648090692853, 30.770927190815073], [76.76472675367366, 30.766417564559422]]]}, "properties": {"grid_id": "cell_0434", "lst_mean": 41.3, "lst_max": 43.62, "frac_impervious": 0.7307, "frac_vegetation": 0.5911, "frac_bare_soil": 0.1152, "frac_water": 0.0222, "ndvi_mean": 0.4815, "ndvi_std": 0.0257, "ndbi_mean": 0.193, "building_density": 230.1, "building_height_mean": 19.9, "road_density": 1895.0, "park_area_frac": 0.7254, "tree_canopy_frac": 0.3701, "dist_to_water": 5520.7, "water_area_frac": 0.0222, "air_temp_max": 42.8, "wind_speed_mean": 1.71, "solar_radiation": 321.3, "veg_imperv_ratio": 0.798, "green_deficit": 0.0, "thermal_mass_proxy": 4579.0, "cooling_potential": 131.4, "sky_view_factor": 0.6851, "tier": "normal", "delta_above_mean": -1.01, "priority_score": 0.0}}, {"type": "Feature", "geometry": {"type": "Polygon", "coordinates": [[[76.7648090692853, 30.770927190815073], [76.77003158757168, 30.770855998636918], [76.77011416508171, 30.775365608873116], [76.76489140345728, 30.775436813732803], [76.7648090692853, 30.770927190815073]]]}, "properties": {"grid_id": "cell_0435", "lst_mean": 43.48, "lst_max": 47.37, "frac_impervious": 0.6354, "frac_vegetation": 0.219, "frac_bare_soil": 0.1115, "frac_water": 0.0342, "ndvi_mean": 0.2092, "ndvi_std": 0.0371, "ndbi_mean": 0.1729, "building_density": 211.4, "building_height_mean": 15.1, "road_density": 1662.8, "park_area_frac": 0.0518, "tree_canopy_frac": 0.1222, "dist_to_water": 6058.5, "water_area_frac": 0.0342, "air_temp_max": 45.4, "wind_speed_mean": 3.26, "solar_radiation": 304.7, "veg_imperv_ratio": 0.3393, "green_deficit": 0.7292, "thermal_mass_proxy": 3192.1, "cooling_potential": 238.0, "sky_view_factor": 0.7611, "tier": "moderate", "delta_above_mean": 1.17, "priority_score": 0.7}}, {"type": "Feature", "geometry": {"type": "Polygon", "coordinates": [[[76.76489140345728, 30.775436813732803], [76.77011416508171, 30.775365608873116], [76.77019676121049, 30.77987521576992], [76.76497375619319, 30.779946433312304], [76.76489140345728, 30.775436813732803]]]}, "properties": {"grid_id": "cell_0436", "lst_mean": 40.78, "lst_max": 42.86, "frac_impervious": 0.6087, "frac_vegetation": 0.2081, "frac_bare_soil": 0.1647, "frac_water": 0.0184, "ndvi_mean": 0.2082, "ndvi_std": 0.0365, "ndbi_mean": 0.1493, "building_density": 235.4, "building_height_mean": 17.4, "road_density": 1657.9, "park_area_frac": 0.0877, "tree_canopy_frac": 0.1164, "dist_to_water": 6204.0, "water_area_frac": 0.0184, "air_temp_max": 45.3, "wind_speed_mean": 2.9, "solar_radiation": 313.2, "veg_imperv_ratio": 0.3364, "green_deficit": 0.7042, "thermal_mass_proxy": 4096.0, "cooling_potential": 248.0, "sky_view_factor": 0.7247, "tier": "normal", "delta_above_mean": -1.53, "priority_score": 0.0}}, {"type": "Feature", "geometry": {"type": "Polygon", "coordinates": [[[76.76497375619319, 30.779946433312304], [76.77019676121049, 30.77987521576992], [76.77027937596165, 30.784384819327023], [76.76505612749665, 30.784456049553263], [76.76497375619319, 30.779946433312304]]]}, "properties": {"grid_id": "cell_0437", "lst_mean": 41.22, "lst_max": 44.21, "frac_impervious": 0.6229, "frac_vegetation": 0.2253, "frac_bare_soil": 0.1089, "frac_water": 0.0429, "ndvi_mean": 0.3002, "ndvi_std": 0.0449, "ndbi_mean": 0.1885, "building_density": 198.2, "building_height_mean": 14.2, "road_density": 1271.0, "park_area_frac": 0.0611, "tree_canopy_frac": 0.1345, "dist_to_water": 7303.7, "water_area_frac": 0.0429, "air_temp_max": 44.6, "wind_speed_mean": 2.79, "solar_radiation": 313.5, "veg_imperv_ratio": 0.356, "green_deficit": 0.7136, "thermal_mass_proxy": 2814.4, "cooling_potential": 242.9, "sky_view_factor": 0.7753, "tier": "normal", "delta_above_mean": -1.09, "priority_score": 0.0}}, {"type": "Feature", "geometry": {"type": "Polygon", "coordinates": [[[76.76505612749665, 30.784456049553263], [76.77027937596165, 30.784384819327023], [76.77036200933878, 30.788894419544107], [76.76513851737123, 30.788965662455354], [76.76505612749665, 30.784456049553263]]]}, "properties": {"grid_id": "cell_0438", "lst_mean": 41.25, "lst_max": 43.49, "frac_impervious": 0.5266, "frac_vegetation": 0.2903, "frac_bare_soil": 0.1572, "frac_water": 0.0259, "ndvi_mean": 0.2396, "ndvi_std": 0.0491, "ndbi_mean": 0.1084, "building_density": 169.7, "building_height_mean": 12.5, "road_density": 1410.5, "park_area_frac": 0.0951, "tree_canopy_frac": 0.1569, "dist_to_water": 7477.1, "water_area_frac": 0.0259, "air_temp_max": 45.1, "wind_speed_mean": 2.22, "solar_radiation": 291.0, "veg_imperv_ratio": 0.541, "green_deficit": 0.6146, "thermal_mass_proxy": 2121.2, "cooling_potential": 206.5, "sky_view_factor": 0.8022, "tier": "normal", "delta_above_mean": -1.06, "priority_score": 0.0}}, {"type": "Feature", "geometry": {"type": "Polygon", "coordinates": [[[76.76513851737123, 30.788965662455354], [76.77036200933878, 30.788894419544107], [76.77044466134552, 30.79340401642085], [76.76522092582056, 30.793475272018256], [76.76513851737123, 30.788965662455354]]]}, "properties": {"grid_id": "cell_0439", "lst_mean": 40.0, "lst_max": 42.85, "frac_impervious": 0.5041, "frac_vegetation": 0.2962, "frac_bare_soil": 0.1778, "frac_water": 0.0219, "ndvi_mean": 0.2142, "ndvi_std": 0.0415, "ndbi_mean": 0.0961, "building_density": 215.2, "building_height_mean": 15.6, "road_density": 1606.7, "park_area_frac": 0.0579, "tree_canopy_frac": 0.1775, "dist_to_water": 8070.3, "water_area_frac": 0.0219, "air_temp_max": 43.4, "wind_speed_mean": 3.57, "solar_radiation": 305.3, "veg_imperv_ratio": 0.5762, "green_deficit": 0.6459, "thermal_mass_proxy": 3357.1, "cooling_potential": 214.9, "sky_view_factor": 0.7532, "tier": "cool", "delta_above_mean": -2.31, "priority_score": 0.0}}, {"type": "Feature", "geometry": {"type": "Polygon", "coordinates": [[[76.76522092582056, 30.793475272018256], [76.77044466134552, 30.79340401642085], [76.77052733198548, 30.79791360995692], [76.76530335284825, 30.797984878241653], [76.76522092582056, 30.793475272018256]]]}, "properties": {"grid_id": "cell_0440", "lst_mean": 43.48, "lst_max": 47.56, "frac_impervious": 0.6292, "frac_vegetation": 0.1721, "frac_bare_soil": 0.1799, "frac_water": 0.0188, "ndvi_mean": 0.1942, "ndvi_std": 0.0344, "ndbi_mean": 0.1695, "building_density": 204.2, "building_height_mean": 10.9, "road_density": 1415.3, "park_area_frac": 0.0722, "tree_canopy_frac": 0.1041, "dist_to_water": 8273.9, "water_area_frac": 0.0188, "air_temp_max": 40.7, "wind_speed_mean": 2.56, "solar_radiation": 310.5, "veg_imperv_ratio": 0.2692, "green_deficit": 0.7557, "thermal_mass_proxy": 2225.8, "cooling_potential": 257.1, "sky_view_factor": 0.8275, "tier": "moderate", "delta_above_mean": 1.17, "priority_score": 0.9}}, {"type": "Feature", "geometry": {"type": "Polygon", "coordinates": [[[76.76530335284825, 30.797984878241653], [76.77052733198548, 30.79791360995692], [76.77061002126227, 30.802423200152013], [76.76538579845788, 30.802494481125237], [76.76530335284825, 30.797984878241653]]]}, "properties": {"grid_id": "cell_0441", "lst_mean": 42.44, "lst_max": 45.36, "frac_impervious": 0.5765, "frac_vegetation": 0.2315, "frac_bare_soil": 0.1379, "frac_water": 0.0541, "ndvi_mean": 0.1535, "ndvi_std": 0.0348, "ndbi_mean": 0.1336, "building_density": 196.9, "building_height_mean": 11.0, "road_density": 1264.0, "park_area_frac": 0.1002, "tree_canopy_frac": 0.1435, "dist_to_water": 8891.1, "water_area_frac": 0.0541, "air_temp_max": 43.9, "wind_speed_mean": 2.49, "solar_radiation": 331.4, "veg_imperv_ratio": 0.3947, "green_deficit": 0.6683, "thermal_mass_proxy": 2165.9, "cooling_potential": 254.7, "sky_view_factor": 0.8259, "tier": "moderate", "delta_above_mean": 0.13, "priority_score": 0.1}}, {"type": "Feature", "geometry": {"type": "Polygon", "coordinates": [[[76.76780901952179, 30.64909526113898], [76.77302496984684, 30.649024201785938], [76.77310728787006, 30.653533889377], [76.76789109568675, 30.6536049614178], [76.76780901952179, 30.64909526113898]]]}, "properties": {"grid_id": "cell_0442", "lst_mean": 39.74, "lst_max": 42.01, "frac_impervious": 0.4952, "frac_vegetation": 0.3219, "frac_bare_soil": 0.1629, "frac_water": 0.0199, "ndvi_mean": 0.2582, "ndvi_std": 0.031, "ndbi_mean": 0.0864, "building_density": 178.6, "building_height_mean": 9.6, "road_density": 859.3, "park_area_frac": 0.0747, "tree_canopy_frac": 0.2016, "dist_to_water": 7721.5, "water_area_frac": 0.0199, "air_temp_max": 43.2, "wind_speed_mean": 3.07, "solar_radiation": 310.0, "veg_imperv_ratio": 0.6372, "green_deficit": 0.6034, "thermal_mass_proxy": 1714.6, "cooling_potential": 210.2, "sky_view_factor": 0.8481, "tier": "cool", "delta_above_mean": -2.57, "priority_score": 0.0}}, {"type": "Feature", "geometry": {"type": "Polygon", "coordinates": [[[76.76789109568675, 30.6536049614178], [76.77310728787006, 30.653533889377], [76.77318962446947, 30.658043573636146], [76.76797319037334, 30.65811465836586], [76.76789109568675, 30.6536049614178]]]}, "properties": {"grid_id": "cell_0443", "lst_mean": 41.26, "lst_max": 43.7, "frac_impervious": 0.5583, "frac_vegetation": 0.2636, "frac_bare_soil": 0.1564, "frac_water": 0.0217, "ndvi_mean": 0.2323, "ndvi_std": 0.0437, "ndbi_mean": 0.1388, "building_density": 167.5, "building_height_mean": 12.0, "road_density": 1242.6, "park_area_frac": 0.0846, "tree_canopy_frac": 0.1261, "dist_to_water": 6783.2, "water_area_frac": 0.0217, "air_temp_max": 45.2, "wind_speed_mean": 3.05, "solar_radiation": 303.8, "veg_imperv_ratio": 0.4638, "green_deficit": 0.6518, "thermal_mass_proxy": 2010.0, "cooling_potential": 223.7, "sky_view_factor": 0.8101, "tier": "normal", "delta_above_mean": -1.05, "priority_score": 0.0}}, {"type": "Feature", "geometry": {"type": "Polygon", "coordinates": [[[76.76797319037334, 30.65811465836586], [76.77318962446947, 30.658043573636146], [76.77327197964867, 30.66255325456307], [76.7680553035852, 30.662624351982846], [76.76797319037334, 30.65811465836586]]]}, "properties": {"grid_id": "cell_0444", "lst_mean": 41.89, "lst_max": 44.57, "frac_impervious": 0.552, "frac_vegetation": 0.2793, "frac_bare_soil": 0.1456, "frac_water": 0.0231, "ndvi_mean": 0.2635, "ndvi_std": 0.0613, "ndbi_mean": 0.1012, "building_density": 187.1, "building_height_mean": 13.1, "road_density": 1246.7, "park_area_frac": 0.0915, "tree_canopy_frac": 0.1419, "dist_to_water": 6461.8, "water_area_frac": 0.0231, "air_temp_max": 44.3, "wind_speed_mean": 2.86, "solar_radiation": 306.7, "veg_imperv_ratio": 0.497, "green_deficit": 0.6292, "thermal_mass_proxy": 2451.0, "cooling_potential": 221.0, "sky_view_factor": 0.7927, "tier": "normal", "delta_above_mean": -0.42, "priority_score": 0.0}}, {"type": "Feature", "geometry": {"type": "Polygon", "coordinates": [[[76.7680553035852, 30.662624351982846], [76.77327197964867, 30.66255325456307], [76.77335435341124, 30.667062932157467], [76.76813743532585, 30.66713404226846], [76.7680553035852, 30.662624351982846]]]}, "properties": {"grid_id": "cell_0445", "lst_mean": 43.48, "lst_max": 45.59, "frac_impervious": 0.6178, "frac_vegetation": 0.2317, "frac_bare_soil": 0.1229, "frac_water": 0.0276, "ndvi_mean": 0.245, "ndvi_std": 0.0297, "ndbi_mean": 0.1288, "building_density": 214.1, "building_height_mean": 14.3, "road_density": 1655.6, "park_area_frac": 0.0808, "tree_canopy_frac": 0.1157, "dist_to_water": 5994.9, "water_area_frac": 0.0276, "air_temp_max": 43.4, "wind_speed_mean": 1.01, "solar_radiation": 309.7, "veg_imperv_ratio": 0.3691, "green_deficit": 0.6875, "thermal_mass_proxy": 3061.6, "cooling_potential": 237.9, "sky_view_factor": 0.7737, "tier": "moderate", "delta_above_mean": 1.17, "priority_score": 0.7}}, {"type": "Feature", "geometry": {"type": "Polygon", "coordinates": [[[76.76813743532585, 30.66713404226846], [76.77335435341124, 30.667062932157467], [76.77343674576078, 30.67157260641899], [76.76821958559891, 30.671643729222346], [76.76813743532585, 30.66713404226846]]]}, "properties": {"grid_id": "cell_0446", "lst_mean": 43.45, "lst_max": 46.76, "frac_impervious": 0.6117, "frac_vegetation": 0.2279, "frac_bare_soil": 0.1349, "frac_water": 0.0255, "ndvi_mean": 0.1989, "ndvi_std": 0.0305, "ndbi_mean": 0.1288, "building_density": 209.4, "building_height_mean": 17.4, "road_density": 1574.3, "park_area_frac": 0.1058, "tree_canopy_frac": 0.1386, "dist_to_water": 5382.3, "water_area_frac": 0.0255, "air_temp_max": 43.1, "wind_speed_mean": 2.82, "solar_radiation": 310.3, "veg_imperv_ratio": 0.3666, "green_deficit": 0.6663, "thermal_mass_proxy": 3643.6, "cooling_potential": 239.6, "sky_view_factor": 0.7247, "tier": "moderate", "delta_above_mean": 1.14, "priority_score": 0.7}}, {"type": "Feature", "geometry": {"type": "Polygon", "coordinates": [[[76.76821958559891, 30.671643729222346], [76.77343674576078, 30.67157260641899], [76.77351915670089, 30.676082277347344], [76.76830175440797, 30.676153412844208], [76.76821958559891, 30.671643729222346]]]}, "properties": {"grid_id": "cell_0447", "lst_mean": 42.44, "lst_max": 45.84, "frac_impervious": 0.674, "frac_vegetation": 0.2272, "frac_bare_soil": 0.0738, "frac_water": 0.025, "ndvi_mean": 0.2091, "ndvi_std": 0.0295, "ndbi_mean": 0.2102, "building_density": 220.6, "building_height_mean": 13.4, "road_density": 1449.7, "park_area_frac": 0.0675, "tree_canopy_frac": 0.1306, "dist_to_water": 5157.2, "water_area_frac": 0.025, "air_temp_max": 44.6, "wind_speed_mean": 3.24, "solar_radiation": 324.8, "veg_imperv_ratio": 0.3322, "green_deficit": 0.7053, "thermal_mass_proxy": 2956.0, "cooling_potential": 251.0, "sky_view_factor": 0.788, "tier": "moderate", "delta_above_mean": 0.13, "priority_score": 0.1}}, {"type": "Feature", "geometry": {"type": "Polygon", "coordinates": [[[76.76830175440797, 30.676153412844208], [76.77351915670089, 30.676082277347344], [76.77360158623516, 30.680591944942176], [76.7683839417566, 30.680663093133717], [76.76830175440797, 30.676153412844208]]]}, "properties": {"grid_id": "cell_0448", "lst_mean": 43.15, "lst_max": 45.25, "frac_impervious": 0.5763, "frac_vegetation": 0.2573, "frac_bare_soil": 0.1446, "frac_water": 0.0218, "ndvi_mean": 0.2056, "ndvi_std": 0.0478, "ndbi_mean": 0.0339, "building_density": 233.5, "building_height_mean": 15.8, "road_density": 1466.1, "park_area_frac": 0.0577, "tree_canopy_frac": 0.109, "dist_to_water": 4619.1, "water_area_frac": 0.0218, "air_temp_max": 39.3, "wind_speed_mean": 2.25, "solar_radiation": 324.4, "veg_imperv_ratio": 0.4389, "green_deficit": 0.685, "thermal_mass_proxy": 3689.3, "cooling_potential": 240.9, "sky_view_factor": 0.75, "tier": "moderate", "delta_above_mean": 0.84, "priority_score": 0.4}}, {"type": "Feature", "geometry": {"type": "Polygon", "coordinates": [[[76.7683839417566, 30.680663093133717], [76.77360158623516, 30.680591944942176], [76.7736840343672, 30.685101609203187], [76.76846614764838, 30.685172770090556], [76.7683839417566, 30.680663093133717]]]}, "properties": {"grid_id": "cell_0449", "lst_mean": 41.86, "lst_max": 44.63, "frac_impervious": 0.5899, "frac_vegetation": 0.2607, "frac_bare_soil": 0.1284, "frac_water": 0.021, "ndvi_mean": 0.1965, "ndvi_std": 0.0453, "ndbi_mean": 0.1478, "building_density": 195.7, "building_height_mean": 12.9, "road_density": 1439.1, "park_area_frac": 0.055, "tree_canopy_frac": 0.1954, "dist_to_water": 4416.7, "water_area_frac": 0.021, "air_temp_max": 43.6, "wind_speed_mean": 3.48, "solar_radiation": 294.7, "veg_imperv_ratio": 0.4346, "green_deficit": 0.6843, "thermal_mass_proxy": 2524.5, "cooling_potential": 217.9, "sky_view_factor": 0.7959, "tier": "normal", "delta_above_mean": -0.45, "priority_score": 0.0}}, {"type": "Feature", "geometry": {"type": "Polygon", "coordinates": [[[76.76846614764838, 30.685172770090556], [76.7736840343672, 30.685101609203187], [76.77376650110057, 30.689611270130044], [76.76854837208691, 30.68968244371439], [76.76846614764838, 30.685172770090556]]]}, "properties": {"grid_id": "cell_0450", "lst_mean": 44.64, "lst_max": 47.44, "frac_impervious": 0.651, "frac_vegetation": 0.2049, "frac_bare_soil": 0.1216, "frac_water": 0.0225, "ndvi_mean": 0.2118, "ndvi_std": 0.0348, "ndbi_mean": 0.1614, "building_density": 233.0, "building_height_mean": 16.1, "road_density": 1784.8, "park_area_frac": 0.0568, "tree_canopy_frac": 0.0832, "dist_to_water": 3405.8, "water_area_frac": 0.0225, "air_temp_max": 45.0, "wind_speed_mean": 2.99, "solar_radiation": 327.8, "veg_imperv_ratio": 0.31, "green_deficit": 0.7383, "thermal_mass_proxy": 3751.3, "cooling_potential": 260.6, "sky_view_factor": 0.7453, "tier": "high", "delta_above_mean": 2.33, "priority_score": 1.5}}, {"type": "Feature", "geometry": {"type": "Polygon", "coordinates": [[[76.76854837208691, 30.68968244371439], [76.77376650110057, 30.689611270130044], [76.7738489864389, 30.694120927722444], [76.76863061507578, 30.69419211400492], [76.76854837208691, 30.68968244371439]]]}, "properties": {"grid_id": "cell_0451", "lst_mean": 43.79, "lst_max": 46.4, "frac_impervious": 0.663, "frac_vegetation": 0.1609, "frac_bare_soil": 0.1546, "frac_water": 0.0215, "ndvi_mean": 0.1422, "ndvi_std": 0.0237, "ndbi_mean": 0.1148, "building_density": 264.8, "building_height_mean": 20.7, "road_density": 1814.7, "park_area_frac": 0.0512, "tree_canopy_frac": 0.0971, "dist_to_water": 3174.9, "water_area_frac": 0.0215, "air_temp_max": 43.8, "wind_speed_mean": 2.64, "solar_radiation": 324.8, "veg_imperv_ratio": 0.2391, "green_deficit": 0.7879, "thermal_mass_proxy": 5481.4, "cooling_potential": 272.5, "sky_view_factor": 0.6725, "tier": "moderate", "delta_above_mean": 1.48, "priority_score": 1.2}}, {"type": "Feature", "geometry": {"type": "Polygon", "coordinates": [[[76.76863061507578, 30.69419211400492], [76.7738489864389, 30.694120927722444], [76.7739314903858, 30.698630581980055], [76.76871287661857, 30.69870178096181], [76.76863061507578, 30.69419211400492]]]}, "properties": {"grid_id": "cell_0452", "lst_mean": 45.93, "lst_max": 49.16, "frac_impervious": 0.7028, "frac_vegetation": 0.1546, "frac_bare_soil": 0.1097, "frac_water": 0.0329, "ndvi_mean": 0.1649, "ndvi_std": 0.0333, "ndbi_mean": 0.1904, "building_density": 232.1, "building_height_mean": 19.4, "road_density": 1440.4, "park_area_frac": 0.0673, "tree_canopy_frac": 0.104, "dist_to_water": 2449.9, "water_area_frac": 0.0329, "air_temp_max": 43.1, "wind_speed_mean": 2.04, "solar_radiation": 313.0, "veg_imperv_ratio": 0.2169, "green_deficit": 0.7781, "thermal_mass_proxy": 4502.7, "cooling_potential": 264.6, "sky_view_factor": 0.693, "tier": "high", "delta_above_mean": 3.62, "priority_score": 3.1}}, {"type": "Feature", "geometry": {"type": "Polygon", "coordinates": [[[76.76871287661857, 30.69870178096181], [76.7739314903858, 30.698630581980055], [76.77401401294486, 30.703140232902552], [76.7687951567189, 30.703211444584756], [76.76871287661857, 30.69870178096181]]]}, "properties": {"grid_id": "cell_0453", "lst_mean": 44.09, "lst_max": 46.73, "frac_impervious": 0.6938, "frac_vegetation": 0.1878, "frac_bare_soil": 0.0975, "frac_water": 0.0208, "ndvi_mean": 0.1641, "ndvi_std": 0.0194, "ndbi_mean": 0.1918, "building_density": 279.4, "building_height_mean": 21.5, "road_density": 1783.7, "park_area_frac": 0.0511, "tree_canopy_frac": 0.0983, "dist_to_water": 1780.4, "water_area_frac": 0.0208, "air_temp_max": 44.6, "wind_speed_mean": 2.49, "solar_radiation": 290.4, "veg_imperv_ratio": 0.2668, "green_deficit": 0.7611, "thermal_mass_proxy": 6007.1, "cooling_potential": 235.9, "sky_view_factor": 0.6598, "tier": "moderate", "delta_above_mean": 1.78, "priority_score": 1.3}}, {"type": "Feature", "geometry": {"type": "Polygon", "coordinates": [[[76.7687951567189, 30.703211444584756], [76.77401401294486, 30.703140232902552], [76.77409655411968, 30.707649880489626], [76.76887745538032, 30.70772110487342], [76.7687951567189, 30.703211444584756]]]}, "properties": {"grid_id": "cell_0454", "lst_mean": 46.3, "lst_max": 49.11, "frac_impervious": 0.6374, "frac_vegetation": 0.185, "frac_bare_soil": 0.1562, "frac_water": 0.0214, "ndvi_mean": 0.209, "ndvi_std": 0.0362, "ndbi_mean": 0.1726, "building_density": 265.7, "building_height_mean": 18.8, "road_density": 1714.5, "park_area_frac": 0.0488, "tree_canopy_frac": 0.1238, "dist_to_water": 1739.4, "water_area_frac": 0.0214, "air_temp_max": 46.0, "wind_speed_mean": 2.58, "solar_radiation": 315.8, "veg_imperv_ratio": 0.2858, "green_deficit": 0.7662, "thermal_mass_proxy": 4995.2, "cooling_potential": 257.4, "sky_view_factor": 0.7025, "tier": "high", "delta_above_mean": 3.99, "priority_score": 2.9}}, {"type": "Feature", "geometry": {"type": "Polygon", "coordinates": [[[76.76887745538032, 30.70772110487342], [76.77409655411968, 30.707649880489626], [76.77417911391386, 30.71215952474095], [76.76895977260644, 30.7122307618275], [76.76887745538032, 30.70772110487342]]]}, "properties": {"grid_id": "cell_0455", "lst_mean": 44.14, "lst_max": 48.53, "frac_impervious": 0.7172, "frac_vegetation": 0.1717, "frac_bare_soil": 0.0877, "frac_water": 0.0234, "ndvi_mean": 0.2399, "ndvi_std": 0.0425, "ndbi_mean": 0.1073, "building_density": 300.8, "building_height_mean": 22.3, "road_density": 1773.1, "park_area_frac": 0.0482, "tree_canopy_frac": 0.0829, "dist_to_water": 1254.0, "water_area_frac": 0.0234, "air_temp_max": 44.7, "wind_speed_mean": 2.33, "solar_radiation": 307.8, "veg_imperv_ratio": 0.2361, "green_deficit": 0.7801, "thermal_mass_proxy": 6707.8, "cooling_potential": 255.0, "sky_view_factor": 0.6472, "tier": "moderate", "delta_above_mean": 1.83, "priority_score": 1.4}}, {"type": "Feature", "geometry": {"type": "Polygon", "coordinates": [[[76.76895977260644, 30.7122307618275], [76.77417911391386, 30.71215952474095], [76.77426169233102, 30.716669165656207], [76.76904210840087, 30.716740415446647], [76.76895977260644, 30.7122307618275]]]}, "properties": {"grid_id": "cell_0456", "lst_mean": 42.85, "lst_max": 45.11, "frac_impervious": 0.6711, "frac_vegetation": 0.1909, "frac_bare_soil": 0.0863, "frac_water": 0.0517, "ndvi_mean": 0.1564, "ndvi_std": 0.0228, "ndbi_mean": 0.2094, "building_density": 252.0, "building_height_mean": 17.8, "road_density": 2006.7, "park_area_frac": 0.0806, "tree_canopy_frac": 0.118, "dist_to_water": 728.3, "water_area_frac": 0.0517, "air_temp_max": 43.4, "wind_speed_mean": 2.7, "solar_radiation": 320.7, "veg_imperv_ratio": 0.2803, "green_deficit": 0.7285, "thermal_mass_proxy": 4485.6, "cooling_potential": 259.5, "sky_view_factor": 0.7184, "tier": "moderate", "delta_above_mean": 0.54, "priority_score": 0.4}}, {"type": "Feature", "geometry": {"type": "Polygon", "coordinates": [[[76.76904210840087, 30.716740415446647], [76.77426169233102, 30.716669165656207], [76.77434428937477, 30.721178803235063], [76.7691244627672, 30.72125006573057], [76.76904210840087, 30.716740415446647]]]}, "properties": {"grid_id": "cell_0457", "lst_mean": 44.29, "lst_max": 47.74, "frac_impervious": 0.6737, "frac_vegetation": 0.1627, "frac_bare_soil": 0.1119, "frac_water": 0.0518, "ndvi_mean": 0.1258, "ndvi_std": 0.0177, "ndbi_mean": 0.1473, "building_density": 274.1, "building_height_mean": 18.4, "road_density": 1899.8, "park_area_frac": 0.0637, "tree_canopy_frac": 0.054, "dist_to_water": 50.0, "water_area_frac": 0.0599, "air_temp_max": 46.1, "wind_speed_mean": 2.11, "solar_radiation": 323.2, "veg_imperv_ratio": 0.238, "green_deficit": 0.7736, "thermal_mass_proxy": 5043.4, "cooling_potential": 270.6, "sky_view_factor": 0.7089, "tier": "moderate", "delta_above_mean": 1.98, "priority_score": 1.6}}, {"type": "Feature", "geometry": {"type": "Polygon", "coordinates": [[[76.7691244627672, 30.72125006573057], [76.77434428937477, 30.721178803235063], [76.7744269050487, 30.72568843747723], [76.76920683570903, 30.72575971267895], [76.7691244627672, 30.72125006573057]]]}, "properties": {"grid_id": "cell_0458", "lst_mean": 45.47, "lst_max": 48.53, "frac_impervious": 0.6864, "frac_vegetation": 0.1615, "frac_bare_soil": 0.12, "frac_water": 0.0321, "ndvi_mean": 0.177, "ndvi_std": 0.0487, "ndbi_mean": 0.1952, "building_density": 272.8, "building_height_mean": 24.8, "road_density": 1999.1, "park_area_frac": 0.0527, "tree_canopy_frac": 0.1204, "dist_to_water": 402.9, "water_area_frac": 0.1061, "air_temp_max": 46.6, "wind_speed_mean": 2.06, "solar_radiation": 333.3, "veg_imperv_ratio": 0.2319, "green_deficit": 0.7858, "thermal_mass_proxy": 6765.4, "cooling_potential": 279.5, "sky_view_factor": 0.6076, "tier": "high", "delta_above_mean": 3.16, "priority_score": 2.6}}, {"type": "Feature", "geometry": {"type": "Polygon", "coordinates": [[[76.76920683570903, 30.72575971267895], [76.7744269050487, 30.72568843747723], [76.77450953935642, 30.730198068382357], [76.76928922722993, 30.730269356291444], [76.76920683570903, 30.72575971267895]]]}, "properties": {"grid_id": "cell_0459", "lst_mean": 46.4, "lst_max": 48.95, "frac_impervious": 0.7299, "frac_vegetation": 0.1262, "frac_bare_soil": 0.1206, "frac_water": 0.0234, "ndvi_mean": 0.1636, "ndvi_std": 0.024, "ndbi_mean": 0.2142, "building_density": 298.3, "building_height_mean": 22.7, "road_density": 2106.3, "park_area_frac": 0.0894, "tree_canopy_frac": 0.0757, "dist_to_water": 1007.7, "water_area_frac": 0.0234, "air_temp_max": 43.2, "wind_speed_mean": 1.89, "solar_radiation": 299.0, "veg_imperv_ratio": 0.1706, "green_deficit": 0.7844, "thermal_mass_proxy": 6771.4, "cooling_potential": 261.3, "sky_view_factor": 0.6408, "tier": "high", "delta_above_mean": 4.09, "priority_score": 4.3}}, {"type": "Feature", "geometry": {"type": "Polygon", "coordinates": [[[76.76928922722993, 30.730269356291444], [76.77450953935642, 30.730198068382357], [76.77459219230155, 30.734707695950128], [76.76937163733355, 30.734778996567755], [76.76928922722993, 30.730269356291444]]]}, "properties": {"grid_id": "cell_0460", "lst_mean": 50.02, "lst_max": 53.97, "frac_impervious": 0.7857, "frac_vegetation": 0.1311, "frac_bare_soil": 0.0622, "frac_water": 0.021, "ndvi_mean": 0.1721, "ndvi_std": 0.0418, "ndbi_mean": 0.188, "building_density": 287.7, "building_height_mean": 29.2, "road_density": 2130.4, "park_area_frac": 0.0415, "tree_canopy_frac": 0.0468, "dist_to_water": 1580.7, "water_area_frac": 0.021, "air_temp_max": 49.2, "wind_speed_mean": 1.77, "solar_radiation": 346.8, "veg_imperv_ratio": 0.1648, "green_deficit": 0.8274, "thermal_mass_proxy": 8400.8, "cooling_potential": 301.3, "sky_view_factor": 0.538, "tier": "critical", "delta_above_mean": 7.71, "priority_score": 7.8}}, {"type": "Feature", "geometry": {"type": "Polygon", "coordinates": [[[76.76937163733355, 30.734778996567755], [76.77459219230155, 30.734707695950128], [76.7746748638877, 30.73921732018023], [76.76945406602344, 30.73928863350755], [76.76937163733355, 30.734778996567755]]]}, "properties": {"grid_id": "cell_0461", "lst_mean": 46.83, "lst_max": 50.03, "frac_impervious": 0.7549, "frac_vegetation": 0.1363, "frac_bare_soil": 0.0863, "frac_water": 0.0226, "ndvi_mean": 0.1547, "ndvi_std": 0.0294, "ndbi_mean": 0.2218, "building_density": 306.4, "building_height_mean": 24.8, "road_density": 2249.7, "park_area_frac": 0.1213, "tree_canopy_frac": 0.0943, "dist_to_water": 2017.9, "water_area_frac": 0.0226, "air_temp_max": 44.7, "wind_speed_mean": 2.06, "solar_radiation": 328.0, "veg_imperv_ratio": 0.1782, "green_deficit": 0.7424, "thermal_mass_proxy": 7598.7, "cooling_potential": 283.3, "sky_view_factor": 0.6076, "tier": "critical", "delta_above_mean": 4.52, "priority_score": 4.4}}, {"type": "Feature", "geometry": {"type": "Polygon", "coordinates": [[[76.76945406602344, 30.73928863350755], [76.7746748638877, 30.73921732018023], [76.77475755411848, 30.74372694107235], [76.76953651330324, 30.74379826711051], [76.76945406602344, 30.73928863350755]]]}, "properties": {"grid_id": "cell_0462", "lst_mean": 45.65, "lst_max": 48.62, "frac_impervious": 0.7295, "frac_vegetation": 0.1627, "frac_bare_soil": 0.0867, "frac_water": 0.0211, "ndvi_mean": 0.1753, "ndvi_std": 0.0314, "ndbi_mean": 0.1802, "building_density": 268.6, "building_height_mean": 23.1, "road_density": 1874.1, "park_area_frac": 0.0643, "tree_canopy_frac": 0.1303, "dist_to_water": 2587.3, "water_area_frac": 0.0211, "air_temp_max": 45.8, "wind_speed_mean": 2.17, "solar_radiation": 324.2, "veg_imperv_ratio": 0.22, "green_deficit": 0.773, "thermal_mass_proxy": 6204.7, "cooling_potential": 271.5, "sky_view_factor": 0.6345, "tier": "high", "delta_above_mean": 3.34, "priority_score": 2.8}}, {"type": "Feature", "geometry": {"type": "Polygon", "coordinates": [[[76.76953651330324, 30.74379826711051], [76.77475755411848, 30.74372694107235], [76.77484026299751, 30.748236558626154], [76.76961897917653, 30.74830789737632], [76.76953651330324, 30.74379826711051]]]}, "properties": {"grid_id": "cell_0463", "lst_mean": 45.31, "lst_max": 48.96, "frac_impervious": 0.7242, "frac_vegetation": 0.144, "frac_bare_soil": 0.1055, "frac_water": 0.0263, "ndvi_mean": 0.183, "ndvi_std": 0.0359, "ndbi_mean": 0.1275, "building_density": 272.2, "building_height_mean": 21.2, "road_density": 1988.5, "park_area_frac": 0.0485, "tree_canopy_frac": 0.0679, "dist_to_water": 3109.7, "water_area_frac": 0.0263, "air_temp_max": 45.5, "wind_speed_mean": 2.1, "solar_radiation": 343.0, "veg_imperv_ratio": 0.1961, "green_deficit": 0.8075, "thermal_mass_proxy": 5770.6, "cooling_potential": 293.6, "sky_view_factor": 0.6646, "tier": "high", "delta_above_mean": 3.0, "priority_score": 2.8}}, {"type": "Feature", "geometry": {"type": "Polygon", "coordinates": [[[76.76961897917653, 30.74830789737632], [76.77484026299751, 30.748236558626154], [76.7749229905284, 30.752746172841334], [76.76970146364692, 30.752817524304657], [76.76961897917653, 30.74830789737632]]]}, "properties": {"grid_id": "cell_0464", "lst_mean": 43.97, "lst_max": 48.4, "frac_impervious": 0.6886, "frac_vegetation": 0.1592, "frac_bare_soil": 0.1195, "frac_water": 0.0327, "ndvi_mean": 0.2108, "ndvi_std": 0.0239, "ndbi_mean": 0.2105, "building_density": 245.0, "building_height_mean": 22.1, "road_density": 1864.7, "park_area_frac": 0.0689, "tree_canopy_frac": 0.0913, "dist_to_water": 3419.2, "water_area_frac": 0.0327, "air_temp_max": 43.2, "wind_speed_mean": 2.77, "solar_radiation": 318.4, "veg_imperv_ratio": 0.2279, "green_deficit": 0.7719, "thermal_mass_proxy": 5414.5, "cooling_potential": 267.7, "sky_view_factor": 0.6503, "tier": "moderate", "delta_above_mean": 1.66, "priority_score": 1.4}}, {"type": "Feature", "geometry": {"type": "Polygon", "coordinates": [[[76.76970146364692, 30.752817524304657], [76.7749229905284, 30.752746172841334], [76.77500573671477, 30.75725578371757], [76.76978396671804, 30.757327147895207], [76.76970146364692, 30.752817524304657]]]}, "properties": {"grid_id": "cell_0465", "lst_mean": 43.31, "lst_max": 50.71, "frac_impervious": 0.6704, "frac_vegetation": 0.1852, "frac_bare_soil": 0.111, "frac_water": 0.0335, "ndvi_mean": 0.1339, "ndvi_std": 0.0361, "ndbi_mean": 0.1449, "building_density": 255.0, "building_height_mean": 21.6, "road_density": 1840.7, "park_area_frac": 0.0763, "tree_canopy_frac": 0.1008, "dist_to_water": 4000.0, "water_area_frac": 0.0335, "air_temp_max": 43.4, "wind_speed_mean": 3.12, "solar_radiation": 328.1, "veg_imperv_ratio": 0.2722, "green_deficit": 0.7385, "thermal_mass_proxy": 5508.0, "cooling_potential": 267.3, "sky_view_factor": 0.6582, "tier": "moderate", "delta_above_mean": 1.0, "priority_score": 0.7}}, {"type": "Feature", "geometry": {"type": "Polygon", "coordinates": [[[76.76978396671804, 30.757327147895207], [76.77500573671477, 30.75725578371757], [76.77508850156023, 30.761765391254535], [76.76986648839346, 30.761836768147646], [76.76978396671804, 30.757327147895207]]]}, "properties": {"grid_id": "cell_0466", "lst_mean": 45.37, "lst_max": 48.86, "frac_impervious": 0.7321, "frac_vegetation": 0.1648, "frac_bare_soil": 0.0642, "frac_water": 0.0389, "ndvi_mean": 0.1713, "ndvi_std": 0.0294, "ndbi_mean": 0.1672, "building_density": 290.6, "building_height_mean": 22.6, "road_density": 1903.7, "park_area_frac": 0.058, "tree_canopy_frac": 0.0835, "dist_to_water": 4602.2, "water_area_frac": 0.0389, "air_temp_max": 44.2, "wind_speed_mean": 1.7, "solar_radiation": 316.0, "veg_imperv_ratio": 0.2221, "green_deficit": 0.7772, "thermal_mass_proxy": 6567.6, "cooling_potential": 263.9, "sky_view_factor": 0.6424, "tier": "high", "delta_above_mean": 3.06, "priority_score": 2.5}}, {"type": "Feature", "geometry": {"type": "Polygon", "coordinates": [[[76.76986648839346, 30.761836768147646], [76.77508850156023, 30.761765391254535], [76.77517128506841, 30.766274995451912], [76.7699490286768, 30.76634638506165], [76.76986648839346, 30.761836768147646]]]}, "properties": {"grid_id": "cell_0467", "lst_mean": 44.67, "lst_max": 49.78, "frac_impervious": 0.7373, "frac_vegetation": 0.108, "frac_bare_soil": 0.1331, "frac_water": 0.0216, "ndvi_mean": 0.1604, "ndvi_std": 0.0154, "ndbi_mean": 0.1828, "building_density": 262.8, "building_height_mean": 23.5, "road_density": 1865.6, "park_area_frac": 0.0871, "tree_canopy_frac": 0.0473, "dist_to_water": 4982.3, "water_area_frac": 0.0216, "air_temp_max": 41.3, "wind_speed_mean": 3.12, "solar_radiation": 328.3, "veg_imperv_ratio": 0.1445, "green_deficit": 0.8049, "thermal_mass_proxy": 6175.8, "cooling_potential": 292.8, "sky_view_factor": 0.6282, "tier": "high", "delta_above_mean": 2.36, "priority_score": 2.8}}, {"type": "Feature", "geometry": {"type": "Polygon", "coordinates": [[[76.7699490286768, 30.76634638506165], [76.77517128506841, 30.766274995451912], [76.77525408724291, 30.770784596309383], [76.77003158757168, 30.770855998636918], [76.7699490286768, 30.76634638506165]]]}, "properties": {"grid_id": "cell_0468", "lst_mean": 43.88, "lst_max": 45.88, "frac_impervious": 0.6047, "frac_vegetation": 0.2487, "frac_bare_soil": 0.1188, "frac_water": 0.0277, "ndvi_mean": 0.1968, "ndvi_std": 0.0433, "ndbi_mean": 0.15, "building_density": 249.1, "building_height_mean": 16.5, "road_density": 1568.1, "park_area_frac": 0.0544, "tree_canopy_frac": 0.1363, "dist_to_water": 5646.1, "water_area_frac": 0.0277, "air_temp_max": 44.8, "wind_speed_mean": 2.89, "solar_radiation": 327.5, "veg_imperv_ratio": 0.4046, "green_deficit": 0.6969, "thermal_mass_proxy": 4110.2, "cooling_potential": 246.1, "sky_view_factor": 0.7389, "tier": "moderate", "delta_above_mean": 1.57, "priority_score": 0.9}}, {"type": "Feature", "geometry": {"type": "Polygon", "coordinates": [[[76.77003158757168, 30.770855998636918], [76.77525408724291, 30.770784596309383], [76.77533690808738, 30.775294193826614], [76.77011416508171, 30.775365608873116], [76.77003158757168, 30.770855998636918]]]}, "properties": {"grid_id": "cell_0469", "lst_mean": 43.49, "lst_max": 46.62, "frac_impervious": 0.5422, "frac_vegetation": 0.2681, "frac_bare_soil": 0.1667, "frac_water": 0.023, "ndvi_mean": 0.286, "ndvi_std": 0.0388, "ndbi_mean": 0.1151, "building_density": 261.8, "building_height_mean": 15.6, "road_density": 1478.0, "park_area_frac": 0.0587, "tree_canopy_frac": 0.149, "dist_to_water": 6083.2, "water_area_frac": 0.023, "air_temp_max": 40.6, "wind_speed_mean": 2.16, "solar_radiation": 325.2, "veg_imperv_ratio": 0.4855, "green_deficit": 0.6732, "thermal_mass_proxy": 4084.1, "cooling_potential": 238.0, "sky_view_factor": 0.7532, "tier": "moderate", "delta_above_mean": 1.18, "priority_score": 0.6}}, {"type": "Feature", "geometry": {"type": "Polygon", "coordinates": [[[76.77011416508171, 30.775365608873116], [76.77533690808738, 30.775294193826614], [76.77541974760541, 30.779803788003317], [76.77019676121049, 30.77987521576992], [76.77011416508171, 30.775365608873116]]]}, "properties": {"grid_id": "cell_0470", "lst_mean": 43.51, "lst_max": 45.87, "frac_impervious": 0.6685, "frac_vegetation": 0.1692, "frac_bare_soil": 0.142, "frac_water": 0.0203, "ndvi_mean": 0.1655, "ndvi_std": 0.032, "ndbi_mean": 0.1839, "building_density": 231.3, "building_height_mean": 11.7, "road_density": 1823.6, "park_area_frac": 0.0545, "tree_canopy_frac": 0.0944, "dist_to_water": 6283.8, "water_area_frac": 0.0203, "air_temp_max": 43.5, "wind_speed_mean": 2.46, "solar_radiation": 290.6, "veg_imperv_ratio": 0.2494, "green_deficit": 0.7763, "thermal_mass_proxy": 2706.2, "cooling_potential": 241.4, "sky_view_factor": 0.8149, "tier": "moderate", "delta_above_mean": 1.2, "priority_score": 1.0}}, {"type": "Feature", "geometry": {"type": "Polygon", "coordinates": [[[76.77019676121049, 30.77987521576992], [76.77541974760541, 30.779803788003317], [76.77550260580067, 30.784313378839144], [76.77027937596165, 30.784384819327023], [76.77019676121049, 30.77987521576992]]]}, "properties": {"grid_id": "cell_0471", "lst_mean": 39.47, "lst_max": 41.62, "frac_impervious": 0.5467, "frac_vegetation": 0.2631, "frac_bare_soil": 0.161, "frac_water": 0.0292, "ndvi_mean": 0.2303, "ndvi_std": 0.0289, "ndbi_mean": 0.0785, "building_density": 177.6, "building_height_mean": 9.8, "road_density": 1276.5, "park_area_frac": 0.0622, "tree_canopy_frac": 0.1493, "dist_to_water": 6651.1, "water_area_frac": 0.0292, "air_temp_max": 41.8, "wind_speed_mean": 3.02, "solar_radiation": 303.3, "veg_imperv_ratio": 0.4726, "green_deficit": 0.6747, "thermal_mass_proxy": 1740.5, "cooling_potential": 223.5, "sky_view_factor": 0.8449, "tier": "cool", "delta_above_mean": -2.84, "priority_score": 0.0}}, {"type": "Feature", "geometry": {"type": "Polygon", "coordinates": [[[76.77027937596165, 30.784384819327023], [76.77550260580067, 30.784313378839144], [76.77558548267673, 30.788822966333793], [76.77036200933878, 30.788894419544107], [76.77027937596165, 30.784384819327023]]]}, "properties": {"grid_id": "cell_0472", "lst_mean": 43.39, "lst_max": 46.53, "frac_impervious": 0.6136, "frac_vegetation": 0.2213, "frac_bare_soil": 0.1463, "frac_water": 0.0188, "ndvi_mean": 0.2273, "ndvi_std": 0.0536, "ndbi_mean": 0.1232, "building_density": 203.2, "building_height_mean": 11.0, "road_density": 1429.2, "park_area_frac": 0.0623, "tree_canopy_frac": 0.148, "dist_to_water": 7418.2, "water_area_frac": 0.0188, "air_temp_max": 43.8, "wind_speed_mean": 2.01, "solar_radiation": 328.7, "veg_imperv_ratio": 0.3549, "green_deficit": 0.7164, "thermal_mass_proxy": 2235.2, "cooling_potential": 256.0, "sky_view_factor": 0.8259, "tier": "moderate", "delta_above_mean": 1.08, "priority_score": 0.7}}, {"type": "Feature", "geometry": {"type": "Polygon", "coordinates": [[[76.77036200933878, 30.788894419544107], [76.77558548267673, 30.788822966333793], [76.77566837823727, 30.793332550486937], [76.77044466134552, 30.79340401642085], [76.77036200933878, 30.788894419544107]]]}, "properties": {"grid_id": "cell_0473", "lst_mean": 43.16, "lst_max": 47.22, "frac_impervious": 0.6169, "frac_vegetation": 0.207, "frac_bare_soil": 0.1533, "frac_water": 0.0228, "ndvi_mean": 0.1858, "ndvi_std": 0.0453, "ndbi_mean": 0.1433, "building_density": 219.8, "building_height_mean": 17.4, "road_density": 1443.9, "park_area_frac": 0.1018, "tree_canopy_frac": 0.1377, "dist_to_water": 7680.1, "water_area_frac": 0.0228, "air_temp_max": 40.2, "wind_speed_mean": 2.55, "solar_radiation": 319.2, "veg_imperv_ratio": 0.3302, "green_deficit": 0.6912, "thermal_mass_proxy": 3824.5, "cooling_potential": 253.1, "sky_view_factor": 0.7247, "tier": "moderate", "delta_above_mean": 0.85, "priority_score": 0.6}}, {"type": "Feature", "geometry": {"type": "Polygon", "coordinates": [[[76.77044466134552, 30.79340401642085], [76.77566837823727, 30.793332550486937], [76.77575129248586, 30.79784213129825], [76.77052733198548, 30.79791360995692], [76.77044466134552, 30.79340401642085]]]}, "properties": {"grid_id": "cell_0474", "lst_mean": 44.02, "lst_max": 46.82, "frac_impervious": 0.6138, "frac_vegetation": 0.2233, "frac_bare_soil": 0.14, "frac_water": 0.023, "ndvi_mean": 0.1562, "ndvi_std": 0.0475, "ndbi_mean": 0.2024, "building_density": 218.6, "building_height_mean": 13.9, "road_density": 1563.0, "park_area_frac": 0.0538, "tree_canopy_frac": 0.1033, "dist_to_water": 8435.0, "water_area_frac": 0.023, "air_temp_max": 41.0, "wind_speed_mean": 2.87, "solar_radiation": 310.3, "veg_imperv_ratio": 0.358, "green_deficit": 0.7229, "thermal_mass_proxy": 3038.5, "cooling_potential": 241.0, "sky_view_factor": 0.7801, "tier": "moderate", "delta_above_mean": 1.71, "priority_score": 1.0}}, {"type": "Feature", "geometry": {"type": "Polygon", "coordinates": [[[76.77052733198548, 30.79791360995692], [76.77575129248586, 30.79784213129825], [76.77583422542618, 30.802351708767432], [76.77061002126227, 30.802423200152013], [76.77052733198548, 30.79791360995692]]]}, "properties": {"grid_id": "cell_0475", "lst_mean": 40.23, "lst_max": 43.9, "frac_impervious": 0.5591, "frac_vegetation": 0.2604, "frac_bare_soil": 0.1469, "frac_water": 0.0336, "ndvi_mean": 0.2173, "ndvi_std": 0.0378, "ndbi_mean": 0.1202, "building_density": 163.8, "building_height_mean": 13.0, "road_density": 1348.7, "park_area_frac": 0.0679, "tree_canopy_frac": 0.1444, "dist_to_water": 8918.9, "water_area_frac": 0.0336, "air_temp_max": 42.0, "wind_speed_mean": 2.47, "solar_radiation": 317.2, "veg_imperv_ratio": 0.4576, "green_deficit": 0.6717, "thermal_mass_proxy": 2129.4, "cooling_potential": 234.6, "sky_view_factor": 0.7943, "tier": "normal", "delta_above_mean": -2.08, "priority_score": 0.0}}, {"type": "Feature", "geometry": {"type": "Polygon", "coordinates": [[[76.77302496984684, 30.649024201785938], [76.77824090159929, 30.64895293329508], [76.77832346147719, 30.653462608161057], [76.77310728787006, 30.653533889377], [76.77302496984684, 30.649024201785938]]]}, "properties": {"grid_id": "cell_0476", "lst_mean": 40.2, "lst_max": 43.21, "frac_impervious": 0.555, "frac_vegetation": 0.2124, "frac_bare_soil": 0.1997, "frac_water": 0.0329, "ndvi_mean": 0.2371, "ndvi_std": 0.0197, "ndbi_mean": 0.1546, "building_density": 214.3, "building_height_mean": 11.6, "road_density": 1419.0, "park_area_frac": 0.0718, "tree_canopy_frac": 0.1524, "dist_to_water": 7914.2, "water_area_frac": 0.0329, "air_temp_max": 43.7, "wind_speed_mean": 2.09, "solar_radiation": 294.9, "veg_imperv_ratio": 0.3759, "green_deficit": 0.7158, "thermal_mass_proxy": 2485.9, "cooling_potential": 232.3, "sky_view_factor": 0.8165, "tier": "normal", "delta_above_mean": -2.11, "priority_score": 0.0}}, {"type": "Feature", "geometry": {"type": "Polygon", "coordinates": [[[76.77310728787006, 30.653533889377], [76.77832346147719, 30.653462608161057], [76.77840603998581, 30.65797227969397], [76.77318962446947, 30.658043573636146], [76.77310728787006, 30.653533889377]]]}, "properties": {"grid_id": "cell_0477", "lst_mean": 42.17, "lst_max": 45.03, "frac_impervious": 0.5708, "frac_vegetation": 0.232, "frac_bare_soil": 0.1728, "frac_water": 0.0244, "ndvi_mean": 0.2059, "ndvi_std": 0.0581, "ndbi_mean": 0.1295, "building_density": 189.7, "building_height_mean": 11.4, "road_density": 1110.8, "park_area_frac": 0.1021, "tree_canopy_frac": 0.1451, "dist_to_water": 7253.0, "water_area_frac": 0.0244, "air_temp_max": 43.3, "wind_speed_mean": 2.92, "solar_radiation": 322.5, "veg_imperv_ratio": 0.3994, "green_deficit": 0.6659, "thermal_mass_proxy": 2162.6, "cooling_potential": 247.7, "sky_view_factor": 0.8196, "tier": "normal", "delta_above_mean": -0.14, "priority_score": 0.0}}, {"type": "Feature", "geometry": {"type": "Polygon", "coordinates": [[[76.77318962446947, 30.658043573636146], [76.77840603998581, 30.65797227969397], [76.77848863712876, 30.662481947893507], [76.77327197964867, 30.66255325456307], [76.77318962446947, 30.658043573636146]]]}, "properties": {"grid_id": "cell_0478", "lst_mean": 43.0, "lst_max": 45.52, "frac_impervious": 0.6502, "frac_vegetation": 0.1697, "frac_bare_soil": 0.1432, "frac_water": 0.0369, "ndvi_mean": 0.1594, "ndvi_std": 0.033, "ndbi_mean": 0.1456, "building_density": 248.5, "building_height_mean": 17.5, "road_density": 1715.7, "park_area_frac": 0.1715, "tree_canopy_frac": 0.1085, "dist_to_water": 6845.5, "water_area_frac": 0.0369, "air_temp_max": 45.3, "wind_speed_mean": 3.61, "solar_radiation": 318.8, "veg_imperv_ratio": 0.257, "green_deficit": 0.6588, "thermal_mass_proxy": 4348.8, "cooling_potential": 264.7, "sky_view_factor": 0.7231, "tier": "moderate", "delta_above_mean": 0.69, "priority_score": 0.5}}, {"type": "Feature", "geometry": {"type": "Polygon", "coordinates": [[[76.77327197964867, 30.66255325456307], [76.77848863712876, 30.662481947893507], [76.77857125290964, 30.666991612759354], [76.77335435341124, 30.667062932157467], [76.77327197964867, 30.66255325456307]]]}, "properties": {"grid_id": "cell_0479", "lst_mean": 44.11, "lst_max": 46.83, "frac_impervious": 0.6799, "frac_vegetation": 0.1995, "frac_bare_soil": 0.0966, "frac_water": 0.024, "ndvi_mean": 0.2275, "ndvi_std": 0.0285, "ndbi_mean": 0.1646, "building_density": 200.8, "building_height_mean": 13.5, "road_density": 1428.7, "park_area_frac": 0.0811, "tree_canopy_frac": 0.1245, "dist_to_water": 6050.0, "water_area_frac": 0.024, "air_temp_max": 43.5, "wind_speed_mean": 2.3, "solar_radiation": 313.3, "veg_imperv_ratio": 0.2892, "green_deficit": 0.7194, "thermal_mass_proxy": 2710.8, "cooling_potential": 250.8, "sky_view_factor": 0.7864, "tier": "moderate", "delta_above_mean": 1.8, "priority_score": 1.2}}, {"type": "Feature", "geometry": {"type": "Polygon", "coordinates": [[[76.77335435341124, 30.667062932157467], [76.77857125290964, 30.666991612759354], [76.77865388733207, 30.671501274291177], [76.77343674576078, 30.67157260641899], [76.77335435341124, 30.667062932157467]]]}, "properties": {"grid_id": "cell_0480", "lst_mean": 41.95, "lst_max": 44.6, "frac_impervious": 0.6585, "frac_vegetation": 0.2245, "frac_bare_soil": 0.0927, "frac_water": 0.0244, "ndvi_mean": 0.2023, "ndvi_std": 0.0421, "ndbi_mean": 0.1583, "building_density": 217.8, "building_height_mean": 12.1, "road_density": 1493.2, "park_area_frac": 0.1255, "tree_canopy_frac": 0.1295, "dist_to_water": 5951.8, "water_area_frac": 0.0244, "air_temp_max": 43.1, "wind_speed_mean": 2.4, "solar_radiation": 308.3, "veg_imperv_ratio": 0.3358, "green_deficit": 0.65, "thermal_mass_proxy": 2635.4, "cooling_potential": 239.1, "sky_view_factor": 0.8085, "tier": "normal", "delta_above_mean": -0.36, "priority_score": 0.0}}, {"type": "Feature", "geometry": {"type": "Polygon", "coordinates": [[[76.77343674576078, 30.67157260641899], [76.77865388733207, 30.671501274291177], [76.77873654039963, 30.67601093248866], [76.77351915670089, 30.676082277347344], [76.77343674576078, 30.67157260641899]]]}, "properties": {"grid_id": "cell_0481", "lst_mean": 42.17, "lst_max": 45.73, "frac_impervious": 0.6105, "frac_vegetation": 0.2131, "frac_bare_soil": 0.1443, "frac_water": 0.0322, "ndvi_mean": 0.1912, "ndvi_std": 0.0487, "ndbi_mean": 0.1623, "building_density": 188.0, "building_height_mean": 8.9, "road_density": 1317.7, "park_area_frac": 0.0865, "tree_canopy_frac": 0.127, "dist_to_water": 5322.6, "water_area_frac": 0.0322, "air_temp_max": 41.4, "wind_speed_mean": 2.68, "solar_radiation": 314.9, "veg_imperv_ratio": 0.3434, "green_deficit": 0.7004, "thermal_mass_proxy": 1673.2, "cooling_potential": 247.8, "sky_view_factor": 0.8592, "tier": "normal", "delta_above_mean": -0.14, "priority_score": 0.0}}, {"type": "Feature", "geometry": {"type": "Polygon", "coordinates": [[[76.77351915670089, 30.676082277347344], [76.77873654039963, 30.67601093248866], [76.77881921211596, 30.680520587351488], [76.77360158623516, 30.680591944942176], [76.77351915670089, 30.676082277347344]]]}, "properties": {"grid_id": "cell_0482", "lst_mean": 40.62, "lst_max": 42.81, "frac_impervious": 0.5439, "frac_vegetation": 0.2789, "frac_bare_soil": 0.1452, "frac_water": 0.032, "ndvi_mean": 0.2439, "ndvi_std": 0.0421, "ndbi_mean": 0.1588, "building_density": 197.3, "building_height_mean": 11.5, "road_density": 1315.5, "park_area_frac": 0.122, "tree_canopy_frac": 0.1593, "dist_to_water": 4727.4, "water_area_frac": 0.032, "air_temp_max": 42.7, "wind_speed_mean": 3.58, "solar_radiation": 304.7, "veg_imperv_ratio": 0.5035, "green_deficit": 0.5991, "thermal_mass_proxy": 2269.0, "cooling_potential": 219.7, "sky_view_factor": 0.818, "tier": "normal", "delta_above_mean": -1.69, "priority_score": 0.0}}, {"type": "Feature", "geometry": {"type": "Polygon", "coordinates": [[[76.77360158623516, 30.680591944942176], [76.77881921211596, 30.680520587351488], [76.77890190248462, 30.685030238879335], [76.7736840343672, 30.685101609203187], [76.77360158623516, 30.680591944942176]]]}, "properties": {"grid_id": "cell_0483", "lst_mean": 40.55, "lst_max": 42.7, "frac_impervious": 0.602, "frac_vegetation": 0.2439, "frac_bare_soil": 0.0976, "frac_water": 0.0565, "ndvi_mean": 0.2451, "ndvi_std": 0.0523, "ndbi_mean": 0.1516, "building_density": 251.8, "building_height_mean": 14.8, "road_density": 1600.9, "park_area_frac": 0.076, "tree_canopy_frac": 0.1635, "dist_to_water": 3778.6, "water_area_frac": 0.0565, "air_temp_max": 43.5, "wind_speed_mean": 1.75, "solar_radiation": 305.4, "veg_imperv_ratio": 0.3985, "green_deficit": 0.6801, "thermal_mass_proxy": 3726.6, "cooling_potential": 230.9, "sky_view_factor": 0.7658, "tier": "normal", "delta_above_mean": -1.76, "priority_score": 0.0}}, {"type": "Feature", "geometry": {"type": "Polygon", "coordinates": [[[76.7736840343672, 30.685101609203187], [76.77890190248462, 30.685030238879335], [76.77898461150926, 30.68953988707185], [76.77376650110057, 30.689611270130044], [76.7736840343672, 30.685101609203187]]]}, "properties": {"grid_id": "cell_0484", "lst_mean": 43.46, "lst_max": 47.08, "frac_impervious": 0.6635, "frac_vegetation": 0.188, "frac_bare_soil": 0.1273, "frac_water": 0.0212, "ndvi_mean": 0.2655, "ndvi_std": 0.0459, "ndbi_mean": 0.201, "building_density": 242.8, "building_height_mean": 13.9, "road_density": 1474.9, "park_area_frac": 0.0541, "tree_canopy_frac": 0.1049, "dist_to_water": 3873.6, "water_area_frac": 0.0212, "air_temp_max": 40.4, "wind_speed_mean": 3.0, "solar_radiation": 339.3, "veg_imperv_ratio": 0.2791, "green_deficit": 0.7579, "thermal_mass_proxy": 3374.9, "cooling_potential": 275.5, "sky_view_factor": 0.7801, "tier": "moderate", "delta_above_mean": 1.15, "priority_score": 0.8}}, {"type": "Feature", "geometry": {"type": "Polygon", "coordinates": [[[76.77376650110057, 30.689611270130044], [76.77898461150926, 30.68953988707185], [76.77906733919347, 30.694049531928773], [76.7738489864389, 30.694120927722444], [76.77376650110057, 30.689611270130044]]]}, "properties": {"grid_id": "cell_0485", "lst_mean": 39.45, "lst_max": 42.63, "frac_impervious": 0.578, "frac_vegetation": 0.2227, "frac_bare_soil": 0.17, "frac_water": 0.0292, "ndvi_mean": 0.2362, "ndvi_std": 0.0271, "ndbi_mean": 0.1023, "building_density": 224.0, "building_height_mean": 15.4, "road_density": 1515.5, "park_area_frac": 0.063, "tree_canopy_frac": 0.1314, "dist_to_water": 3490.5, "water_area_frac": 0.0292, "air_temp_max": 42.1, "wind_speed_mean": 2.4, "solar_radiation": 287.3, "veg_imperv_ratio": 0.3787, "green_deficit": 0.7143, "thermal_mass_proxy": 3449.6, "cooling_potential": 223.3, "sky_view_factor": 0.7563, "tier": "cool", "delta_above_mean": -2.86, "priority_score": 0.0}}, {"type": "Feature", "geometry": {"type": "Polygon", "coordinates": [[[76.7738489864389, 30.694120927722444], [76.77906733919347, 30.694049531928773], [76.77915008554088, 30.698559173449738], [76.7739314903858, 30.698630581980055], [76.7738489864389, 30.694120927722444]]]}, "properties": {"grid_id": "cell_0486", "lst_mean": 43.77, "lst_max": 46.61, "frac_impervious": 0.6237, "frac_vegetation": 0.2118, "frac_bare_soil": 0.1369, "frac_water": 0.0275, "ndvi_mean": 0.2407, "ndvi_std": 0.0302, "ndbi_mean": 0.1371, "building_density": 208.4, "building_height_mean": 18.2, "road_density": 1572.4, "park_area_frac": 0.071, "tree_canopy_frac": 0.1418, "dist_to_water": 2636.1, "water_area_frac": 0.0275, "air_temp_max": 44.4, "wind_speed_mean": 2.32, "solar_radiation": 288.0, "veg_imperv_ratio": 0.3342, "green_deficit": 0.7172, "thermal_mass_proxy": 3792.9, "cooling_potential": 227.0, "sky_view_factor": 0.712, "tier": "moderate", "delta_above_mean": 1.46, "priority_score": 0.9}}, {"type": "Feature", "geometry": {"type": "Polygon", "coordinates": [[[76.7739314903858, 30.698630581980055], [76.77915008554088, 30.698559173449738], [76.77923285055506, 30.70306881163443], [76.77401401294486, 30.703140232902552], [76.7739314903858, 30.698630581980055]]]}, "properties": {"grid_id": "cell_0487", "lst_mean": 43.01, "lst_max": 45.26, "frac_impervious": 0.6531, "frac_vegetation": 0.2161, "frac_bare_soil": 0.0876, "frac_water": 0.0431, "ndvi_mean": 0.1929, "ndvi_std": 0.0469, "ndbi_mean": 0.1395, "building_density": 305.0, "building_height_mean": 17.5, "road_density": 1517.7, "park_area_frac": 0.0586, "tree_canopy_frac": 0.1231, "dist_to_water": 2138.2, "water_area_frac": 0.0431, "air_temp_max": 44.0, "wind_speed_mean": 1.99, "solar_radiation": 323.1, "veg_imperv_ratio": 0.3259, "green_deficit": 0.7253, "thermal_mass_proxy": 5337.5, "cooling_potential": 253.3, "sky_view_factor": 0.7231, "tier": "moderate", "delta_above_mean": 0.7, "priority_score": 0.4}}, {"type": "Feature", "geometry": {"type": "Polygon", "coordinates": [[[76.77401401294486, 30.703140232902552], [76.77923285055506, 30.70306881163443], [76.77931563423967, 30.707578446482554], [76.77409655411968, 30.707649880489626], [76.77401401294486, 30.703140232902552]]]}, "properties": {"grid_id": "cell_0488", "lst_mean": 46.35, "lst_max": 49.14, "frac_impervious": 0.7162, "frac_vegetation": 0.1576, "frac_bare_soil": 0.1046, "frac_water": 0.0216, "ndvi_mean": 0.148, "ndvi_std": 0.01, "ndbi_mean": 0.1959, "building_density": 329.8, "building_height_mean": 26.0, "road_density": 2134.2, "park_area_frac": 0.0497, "tree_canopy_frac": 0.0931, "dist_to_water": 1526.5, "water_area_frac": 0.0216, "air_temp_max": 44.2, "wind_speed_mean": 2.04, "solar_radiation": 295.4, "veg_imperv_ratio": 0.217, "green_deficit": 0.7927, "thermal_mass_proxy": 8574.8, "cooling_potential": 248.8, "sky_view_factor": 0.5886, "tier": "high", "delta_above_mean": 4.04, "priority_score": 3.4}}, {"type": "Feature", "geometry": {"type": "Polygon", "coordinates": [[[76.77409655411968, 30.707649880489626], [76.77931563423967, 30.707578446482554], [76.77939843659831, 30.712088077993762], [76.77417911391386, 30.71215952474095], [76.77409655411968, 30.707649880489626]]]}, "properties": {"grid_id": "cell_0489", "lst_mean": 45.55, "lst_max": 49.89, "frac_impervious": 0.7182, "frac_vegetation": 0.1726, "frac_bare_soil": 0.0782, "frac_water": 0.0311, "ndvi_mean": 0.1881, "ndvi_std": 0.0323, "ndbi_mean": 0.1765, "building_density": 305.7, "building_height_mean": 24.6, "road_density": 1878.5, "park_area_frac": 0.0611, "tree_canopy_frac": 0.0964, "dist_to_water": 801.4, "water_area_frac": 0.0311, "air_temp_max": 43.6, "wind_speed_mean": 1.7, "solar_radiation": 283.0, "veg_imperv_ratio": 0.237, "green_deficit": 0.7663, "thermal_mass_proxy": 7520.2, "cooling_potential": 234.2, "sky_view_factor": 0.6108, "tier": "high", "delta_above_mean": 3.24, "priority_score": 2.5}}, {"type": "Feature", "geometry": {"type": "Polygon", "coordinates": [[[76.77417911391386, 30.71215952474095], [76.77939843659831, 30.712088077993762], [76.77948125763459, 30.716597706167732], [76.77426169233102, 30.716669165656207], [76.77417911391386, 30.71215952474095]]]}, "properties": {"grid_id": "cell_0490", "lst_mean": 40.4, "lst_max": 45.71, "frac_impervious": 0.7038, "frac_vegetation": 0.5047, "frac_bare_soil": 0.0949, "frac_water": 0.0271, "ndvi_mean": 0.5221, "ndvi_std": 0.0196, "ndbi_mean": 0.2034, "building_density": 271.5, "building_height_mean": 22.1, "road_density": 1959.3, "park_area_frac": 0.5618, "tree_canopy_frac": 0.301, "dist_to_water": 513.4, "water_area_frac": 0.0271, "air_temp_max": 41.8, "wind_speed_mean": 1.95, "solar_radiation": 315.0, "veg_imperv_ratio": 0.7071, "green_deficit": 0.0, "thermal_mass_proxy": 6000.2, "cooling_potential": 156.0, "sky_view_factor": 0.6503, "tier": "normal", "delta_above_mean": -1.91, "priority_score": 0.0}}, {"type": "Feature", "geometry": {"type": "Polygon", "coordinates": [[[76.77426169233102, 30.716669165656207], [76.77948125763459, 30.716597706167732], [76.77956409735214, 30.721107331004166], [76.77434428937477, 30.721178803235063], [76.77426169233102, 30.716669165656207]]]}, "properties": {"grid_id": "cell_0491", "lst_mean": 48.75, "lst_max": 52.57, "frac_impervious": 0.808, "frac_vegetation": 0.0817, "frac_bare_soil": 0.0873, "frac_water": 0.0229, "ndvi_mean": 0.1085, "ndvi_std": 0.0218, "ndbi_mean": 0.1953, "building_density": 315.5, "building_height_mean": 26.7, "road_density": 2260.7, "park_area_frac": 0.041, "tree_canopy_frac": 0.0426, "dist_to_water": 455.6, "water_area_frac": 0.1453, "air_temp_max": 41.7, "wind_speed_mean": 0.78, "solar_radiation": 335.6, "veg_imperv_ratio": 0.0999, "green_deficit": 0.8773, "thermal_mass_proxy": 8423.8, "cooling_potential": 308.2, "sky_view_factor": 0.5775, "tier": "critical", "delta_above_mean": 6.44, "priority_score": 10.0}}, {"type": "Feature", "geometry": {"type": "Polygon", "coordinates": [[[76.77434428937477, 30.721178803235063], [76.77956409735214, 30.721107331004166], [76.77964695575456, 30.725616952502737], [76.7744269050487, 30.72568843747723], [76.77434428937477, 30.721178803235063]]]}, "properties": {"grid_id": "cell_0492", "lst_mean": 45.48, "lst_max": 47.57, "frac_impervious": 0.7122, "frac_vegetation": 0.1741, "frac_bare_soil": 0.088, "frac_water": 0.0257, "ndvi_mean": 0.1818, "ndvi_std": 0.0309, "ndbi_mean": 0.1862, "building_density": 294.9, "building_height_mean": 26.3, "road_density": 2043.7, "park_area_frac": 0.0712, "tree_canopy_frac": 0.0938, "dist_to_water": 594.1, "water_area_frac": 0.0257, "air_temp_max": 44.3, "wind_speed_mean": 1.23, "solar_radiation": 293.4, "veg_imperv_ratio": 0.2411, "green_deficit": 0.7547, "thermal_mass_proxy": 7755.9, "cooling_potential": 242.3, "sky_view_factor": 0.5839, "tier": "high", "delta_above_mean": 3.17, "priority_score": 2.5}}, {"type": "Feature", "geometry": {"type": "Polygon", "coordinates": [[[76.7744269050487, 30.72568843747723], [76.77964695575456, 30.725616952502737], [76.77972983284549, 30.730126570663103], [76.77450953935642, 30.730198068382357], [76.7744269050487, 30.72568843747723]]]}, "properties": {"grid_id": "cell_0493", "lst_mean": 45.56, "lst_max": 49.22, "frac_impervious": 0.7276, "frac_vegetation": 0.1814, "frac_bare_soil": 0.0675, "frac_water": 0.0235, "ndvi_mean": 0.2027, "ndvi_std": 0.0309, "ndbi_mean": 0.2117, "building_density": 325.2, "building_height_mean": 25.9, "road_density": 1983.4, "park_area_frac": 0.0683, "tree_canopy_frac": 0.0947, "dist_to_water": 725.7, "water_area_frac": 0.0235, "air_temp_max": 46.9, "wind_speed_mean": 2.3, "solar_radiation": 285.8, "veg_imperv_ratio": 0.2459, "green_deficit": 0.7503, "thermal_mass_proxy": 8422.7, "cooling_potential": 234.0, "sky_view_factor": 0.5902, "tier": "high", "delta_above_mean": 3.25, "priority_score": 2.4}}, {"type": "Feature", "geometry": {"type": "Polygon", "coordinates": [[[76.77450953935642, 30.730198068382357], [76.77972983284549, 30.730126570663103], [76.77981272862854, 30.734636185484963], [76.77459219230155, 30.734707695950128], [76.77450953935642, 30.730198068382357]]]}, "properties": {"grid_id": "cell_0494", "lst_mean": 46.44, "lst_max": 48.85, "frac_impervious": 0.7885, "frac_vegetation": 0.0938, "frac_bare_soil": 0.0907, "frac_water": 0.027, "ndvi_mean": 0.1577, "ndvi_std": 0.022, "ndbi_mean": 0.1534, "building_density": 325.3, "building_height_mean": 30.8, "road_density": 2222.6, "park_area_frac": 0.1065, "tree_canopy_frac": 0.0528, "dist_to_water": 1266.6, "water_area_frac": 0.027, "air_temp_max": 45.1, "wind_speed_mean": 2.63, "solar_radiation": 298.0, "veg_imperv_ratio": 0.1175, "green_deficit": 0.7997, "thermal_mass_proxy": 10019.2, "cooling_potential": 270.0, "sky_view_factor": 0.5127, "tier": "high", "delta_above_mean": 4.13, "priority_score": 5.7}}, {"type": "Feature", "geometry": {"type": "Polygon", "coordinates": [[[76.77459219230155, 30.734707695950128], [76.77981272862854, 30.734636185484963], [76.77989564310732, 30.739145796967996], [76.7746748638877, 30.73921732018023], [76.77459219230155, 30.734707695950128]]]}, "properties": {"grid_id": "cell_0495", "lst_mean": 44.97, "lst_max": 47.53, "frac_impervious": 0.7421, "frac_vegetation": 0.1345, "frac_bare_soil": 0.0828, "frac_water": 0.0405, "ndvi_mean": 0.1824, "ndvi_std": 0.0198, "ndbi_mean": 0.2605, "building_density": 296.5, "building_height_mean": 29.1, "road_density": 2259.9, "park_area_frac": 0.0944, "tree_canopy_frac": 0.1011, "dist_to_water": 2311.3, "water_area_frac": 0.0405, "air_temp_max": 46.4, "wind_speed_mean": 3.67, "solar_radiation": 304.1, "veg_imperv_ratio": 0.1788, "green_deficit": 0.7711, "thermal_mass_proxy": 8628.2, "cooling_potential": 263.2, "sky_view_factor": 0.5396, "tier": "high", "delta_above_mean": 2.66, "priority_score": 2.6}}, {"type": "Feature", "geometry": {"type": "Polygon", "coordinates": [[[76.7746748638877, 30.73921732018023], [76.77989564310732, 30.739145796967996], [76.77997857628549, 30.743655405111877], [76.77475755411848, 30.74372694107235], [76.7746748638877, 30.73921732018023]]]}, "properties": {"grid_id": "cell_0496", "lst_mean": 45.98, "lst_max": 48.31, "frac_impervious": 0.7648, "frac_vegetation": 0.1847, "frac_bare_soil": 0.0239, "frac_water": 0.0265, "ndvi_mean": 0.2011, "ndvi_std": 0.0577, "ndbi_mean": 0.1974, "building_density": 270.1, "building_height_mean": 20.6, "road_density": 1813.5, "park_area_frac": 0.0741, "tree_canopy_frac": 0.1233, "dist_to_water": 2182.3, "water_area_frac": 0.0265, "air_temp_max": 42.6, "wind_speed_mean": 2.73, "solar_radiation": 341.3, "veg_imperv_ratio": 0.2384, "green_deficit": 0.7412, "thermal_mass_proxy": 5564.1, "cooling_potential": 278.3, "sky_view_factor": 0.6741, "tier": "high", "delta_above_mean": 3.67, "priority_score": 2.7}}, {"type": "Feature", "geometry": {"type": "Polygon", "coordinates": [[[76.77475755411848, 30.74372694107235], [76.77997857628549, 30.743655405111877], [76.78006152816663, 30.74816500991629], [76.77484026299751, 30.748236558626154], [76.77475755411848, 30.74372694107235]]]}, "properties": {"grid_id": "cell_0497", "lst_mean": 45.82, "lst_max": 50.06, "frac_impervious": 0.6651, "frac_vegetation": 0.1464, "frac_bare_soil": 0.1608, "frac_water": 0.0277, "ndvi_mean": 0.158, "ndvi_std": 0.0504, "ndbi_mean": 0.1053, "building_density": 305.8, "building_height_mean": 22.1, "road_density": 1940.7, "park_area_frac": 0.0596, "tree_canopy_frac": 0.0563, "dist_to_water": 2745.2, "water_area_frac": 0.0277, "air_temp_max": 44.8, "wind_speed_mean": 1.99, "solar_radiation": 307.7, "veg_imperv_ratio": 0.2169, "green_deficit": 0.794, "thermal_mass_proxy": 6758.2, "cooling_potential": 262.7, "sky_view_factor": 0.6503, "tier": "high", "delta_above_mean": 3.51, "priority_score": 3.2}}, {"type": "Feature", "geometry": {"type": "Polygon", "coordinates": [[[76.77484026299751, 30.748236558626154], [76.78006152816663, 30.74816500991629], [76.7801444987544, 30.75267461138091], [76.7749229905284, 30.752746172841334], [76.77484026299751, 30.748236558626154]]]}, "properties": {"grid_id": "cell_0498", "lst_mean": 45.43, "lst_max": 49.0, "frac_impervious": 0.6384, "frac_vegetation": 0.203, "frac_bare_soil": 0.1343, "frac_water": 0.0243, "ndvi_mean": 0.1861, "ndvi_std": 0.0246, "ndbi_mean": 0.1601, "building_density": 296.4, "building_height_mean": 20.9, "road_density": 1656.1, "park_area_frac": 0.052, "tree_canopy_frac": 0.1132, "dist_to_water": 3304.4, "water_area_frac": 0.0243, "air_temp_max": 43.0, "wind_speed_mean": 1.38, "solar_radiation": 324.4, "veg_imperv_ratio": 0.3131, "green_deficit": 0.745, "thermal_mass_proxy": 6194.8, "cooling_potential": 258.5, "sky_view_factor": 0.6693, "tier": "high", "delta_above_mean": 3.12, "priority_score": 2.1}}, {"type": "Feature", "geometry": {"type": "Polygon", "coordinates": [[[76.7749229905284, 30.752746172841334], [76.7801444987544, 30.75267461138091], [76.7802274880524, 30.757184209505432], [76.77500573671477, 30.75725578371757], [76.7749229905284, 30.752746172841334]]]}, "properties": {"grid_id": "cell_0499", "lst_mean": 43.39, "lst_max": 46.81, "frac_impervious": 0.6288, "frac_vegetation": 0.2561, "frac_bare_soil": 0.0974, "frac_water": 0.0177, "ndvi_mean": 0.1921, "ndvi_std": 0.0563, "ndbi_mean": 0.1525, "building_density": 278.9, "building_height_mean": 19.6, "road_density": 1683.1, "park_area_frac": 0.0653, "tree_canopy_frac": 0.1409, "dist_to_water": 3620.7, "water_area_frac": 0.0177, "air_temp_max": 42.7, "wind_speed_mean": 2.75, "solar_radiation": 320.6, "veg_imperv_ratio": 0.4009, "green_deficit": 0.6786, "thermal_mass_proxy": 5466.4, "cooling_potential": 238.5, "sky_view_factor": 0.6899, "tier": "moderate", "delta_above_mean": 1.08, "priority_score": 0.6}}, {"type": "Feature", "geometry": {"type": "Polygon", "coordinates": [[[76.77500573671477, 30.75725578371757], [76.7802274880524, 30.757184209505432], [76.78031049606429, 30.76169380428951], [76.77508850156023, 30.761765391254535], [76.77500573671477, 30.75725578371757]]]}, "properties": {"grid_id": "cell_0500", "lst_mean": 45.85, "lst_max": 49.51, "frac_impervious": 0.6986, "frac_vegetation": 0.1536, "frac_bare_soil": 0.1236, "frac_water": 0.0242, "ndvi_mean": 0.2303, "ndvi_std": 0.0283, "ndbi_mean": 0.177, "building_density": 290.0, "building_height_mean": 22.9, "road_density": 1902.3, "park_area_frac": 0.075, "tree_canopy_frac": 0.0609, "dist_to_water": 4286.8, "water_area_frac": 0.0242, "air_temp_max": 45.4, "wind_speed_mean": 1.57, "solar_radiation": 333.7, "veg_imperv_ratio": 0.2168, "green_deficit": 0.7714, "thermal_mass_proxy": 6641.0, "cooling_potential": 282.4, "sky_view_factor": 0.6377, "tier": "high", "delta_above_mean": 3.54, "priority_score": 3.1}}, {"type": "Feature", "geometry": {"type": "Polygon", "coordinates": [[[76.77508850156023, 30.761765391254535], [76.78031049606429, 30.76169380428951], [76.78039352279367, 30.766203395732845], [76.77517128506841, 30.766274995451912], [76.77508850156023, 30.761765391254535]]]}, "properties": {"grid_id": "cell_0501", "lst_mean": 44.67, "lst_max": 47.08, "frac_impervious": 0.7487, "frac_vegetation": 0.1307, "frac_bare_soil": 0.0897, "frac_water": 0.0309, "ndvi_mean": 0.1657, "ndvi_std": 0.0317, "ndbi_mean": 0.2292, "building_density": 276.6, "building_height_mean": 21.9, "road_density": 1859.0, "park_area_frac": 0.0903, "tree_canopy_frac": 0.0839, "dist_to_water": 4791.9, "water_area_frac": 0.0309, "air_temp_max": 44.2, "wind_speed_mean": 1.85, "solar_radiation": 305.4, "veg_imperv_ratio": 0.1723, "green_deficit": 0.779, "thermal_mass_proxy": 6057.5, "cooling_potential": 265.5, "sky_view_factor": 0.6535, "tier": "high", "delta_above_mean": 2.36, "priority_score": 2.4}}, {"type": "Feature", "geometry": {"type": "Polygon", "coordinates": [[[76.77517128506841, 30.766274995451912], [76.78039352279367, 30.766203395732845], [76.7804765682442, 30.7707129838351], [76.77525408724291, 30.770784596309383], [76.77517128506841, 30.766274995451912]]]}, "properties": {"grid_id": "cell_0502", "lst_mean": 42.08, "lst_max": 44.96, "frac_impervious": 0.5596, "frac_vegetation": 0.2357, "frac_bare_soil": 0.1812, "frac_water": 0.0235, "ndvi_mean": 0.2111, "ndvi_std": 0.0382, "ndbi_mean": 0.1463, "building_density": 159.6, "building_height_mean": 12.1, "road_density": 1516.9, "park_area_frac": 0.0839, "tree_canopy_frac": 0.1395, "dist_to_water": 5217.9, "water_area_frac": 0.0235, "air_temp_max": 41.3, "wind_speed_mean": 3.08, "solar_radiation": 310.4, "veg_imperv_ratio": 0.4138, "green_deficit": 0.6804, "thermal_mass_proxy": 1931.2, "cooling_potential": 237.2, "sky_view_factor": 0.8085, "tier": "normal", "delta_above_mean": -0.23, "priority_score": 0.0}}, {"type": "Feature", "geometry": {"type": "Polygon", "coordinates": [[[76.77525408724291, 30.770784596309383], [76.7804765682442, 30.7707129838351], [76.78055963241947, 30.77522256859597], [76.77533690808738, 30.775294193826614], [76.77525408724291, 30.770784596309383]]]}, "properties": {"grid_id": "cell_0503", "lst_mean": 43.03, "lst_max": 46.53, "frac_impervious": 0.6295, "frac_vegetation": 0.1976, "frac_bare_soil": 0.1542, "frac_water": 0.0187, "ndvi_mean": 0.1709, "ndvi_std": 0.0292, "ndbi_mean": 0.1607, "building_density": 252.4, "building_height_mean": 15.2, "road_density": 1568.6, "park_area_frac": 0.0542, "tree_canopy_frac": 0.159, "dist_to_water": 6166.0, "water_area_frac": 0.0187, "air_temp_max": 43.9, "wind_speed_mean": 2.64, "solar_radiation": 308.8, "veg_imperv_ratio": 0.309, "green_deficit": 0.7482, "thermal_mass_proxy": 3836.5, "cooling_potential": 247.8, "sky_view_factor": 0.7595, "tier": "moderate", "delta_above_mean": 0.72, "priority_score": 0.5}}, {"type": "Feature", "geometry": {"type": "Polygon", "coordinates": [[[76.77533690808738, 30.775294193826614], [76.78055963241947, 30.77522256859597], [76.78064271532315, 30.77973215001514], [76.77541974760541, 30.779803788003317], [76.77533690808738, 30.775294193826614]]]}, "properties": {"grid_id": "cell_0504", "lst_mean": 41.75, "lst_max": 45.27, "frac_impervious": 0.6124, "frac_vegetation": 0.2215, "frac_bare_soil": 0.1388, "frac_water": 0.0272, "ndvi_mean": 0.2988, "ndvi_std": 0.0476, "ndbi_mean": 0.1585, "building_density": 221.0, "building_height_mean": 14.8, "road_density": 1548.0, "park_area_frac": 0.0715, "tree_canopy_frac": 0.1262, "dist_to_water": 6169.0, "water_area_frac": 0.0272, "air_temp_max": 42.3, "wind_speed_mean": 2.2, "solar_radiation": 319.2, "veg_imperv_ratio": 0.3559, "green_deficit": 0.707, "thermal_mass_proxy": 3270.8, "cooling_potential": 248.5, "sky_view_factor": 0.7658, "tier": "normal", "delta_above_mean": -0.56, "priority_score": 0.0}}, {"type": "Feature", "geometry": {"type": "Polygon", "coordinates": [[[76.77541974760541, 30.779803788003317], [76.78064271532315, 30.77973215001514], [76.78072581695886, 30.784241728092272], [76.77550260580067, 30.784313378839144], [76.77541974760541, 30.779803788003317]]]}, "properties": {"grid_id": "cell_0505", "lst_mean": 41.61, "lst_max": 45.96, "frac_impervious": 0.6112, "frac_vegetation": 0.2359, "frac_bare_soil": 0.1336, "frac_water": 0.0193, "ndvi_mean": 0.1857, "ndvi_std": 0.0401, "ndbi_mean": 0.1413, "building_density": 219.4, "building_height_mean": 14.4, "road_density": 1616.0, "park_area_frac": 0.0619, "tree_canopy_frac": 0.126, "dist_to_water": 6876.0, "water_area_frac": 0.0193, "air_temp_max": 41.1, "wind_speed_mean": 1.84, "solar_radiation": 328.8, "veg_imperv_ratio": 0.3797, "green_deficit": 0.7022, "thermal_mass_proxy": 3159.4, "cooling_potential": 251.2, "sky_view_factor": 0.7722, "tier": "normal", "delta_above_mean": -0.7, "priority_score": 0.0}}, {"type": "Feature", "geometry": {"type": "Polygon", "coordinates": [[[76.77550260580067, 30.784313378839144], [76.78072581695886, 30.784241728092272], [76.78080893733025, 30.788751302827066], [76.77558548267673, 30.788822966333793], [76.77550260580067, 30.784313378839144]]]}, "properties": {"grid_id": "cell_0506", "lst_mean": 42.64, "lst_max": 45.15, "frac_impervious": 0.6235, "frac_vegetation": 0.2003, "frac_bare_soil": 0.1517, "frac_water": 0.0245, "ndvi_mean": 0.1873, "ndvi_std": 0.0313, "ndbi_mean": 0.2027, "building_density": 209.4, "building_height_mean": 10.7, "road_density": 1345.5, "park_area_frac": 0.0551, "tree_canopy_frac": 0.1027, "dist_to_water": 7231.0, "water_area_frac": 0.0245, "air_temp_max": 41.6, "wind_speed_mean": 2.85, "solar_radiation": 344.7, "veg_imperv_ratio": 0.3162, "green_deficit": 0.7446, "thermal_mass_proxy": 2240.6, "cooling_potential": 275.7, "sky_view_factor": 0.8307, "tier": "moderate", "delta_above_mean": 0.33, "priority_score": 0.2}}, {"type": "Feature", "geometry": {"type": "Polygon", "coordinates": [[[76.77558548267673, 30.788822966333793], [76.78080893733025, 30.788751302827066], [76.78089207644092, 30.793260874219182], [76.77566837823727, 30.793332550486937], [76.77558548267673, 30.788822966333793]]]}, "properties": {"grid_id": "cell_0507", "lst_mean": 42.56, "lst_max": 46.77, "frac_impervious": 0.5981, "frac_vegetation": 0.2766, "frac_bare_soil": 0.0994, "frac_water": 0.0259, "ndvi_mean": 0.2508, "ndvi_std": 0.0291, "ndbi_mean": 0.0949, "building_density": 171.2, "building_height_mean": 11.9, "road_density": 1322.6, "park_area_frac": 0.0608, "tree_canopy_frac": 0.1569, "dist_to_water": 7866.4, "water_area_frac": 0.0259, "air_temp_max": 46.0, "wind_speed_mean": 2.98, "solar_radiation": 303.1, "veg_imperv_ratio": 0.4549, "green_deficit": 0.6626, "thermal_mass_proxy": 2037.3, "cooling_potential": 219.3, "sky_view_factor": 0.8117, "tier": "moderate", "delta_above_mean": 0.25, "priority_score": 0.1}}, {"type": "Feature", "geometry": {"type": "Polygon", "coordinates": [[[76.77566837823727, 30.793332550486937], [76.78089207644092, 30.793260874219182], [76.78097523429454, 30.79777044226831], [76.77575129248586, 30.79784213129825], [76.77566837823727, 30.793332550486937]]]}, "properties": {"grid_id": "cell_0508", "lst_mean": 43.18, "lst_max": 46.05, "frac_impervious": 0.6508, "frac_vegetation": 0.2094, "frac_bare_soil": 0.1195, "frac_water": 0.0203, "ndvi_mean": 0.2227, "ndvi_std": 0.0278, "ndbi_mean": 0.1645, "building_density": 216.3, "building_height_mean": 13.8, "road_density": 1484.5, "park_area_frac": 0.0577, "tree_canopy_frac": 0.1374, "dist_to_water": 8225.7, "water_area_frac": 0.0203, "air_temp_max": 44.9, "wind_speed_mean": 3.52, "solar_radiation": 313.7, "veg_imperv_ratio": 0.3169, "green_deficit": 0.7329, "thermal_mass_proxy": 2984.9, "cooling_potential": 248.0, "sky_view_factor": 0.7816, "tier": "moderate", "delta_above_mean": 0.87, "priority_score": 0.6}}, {"type": "Feature", "geometry": {"type": "Polygon", "coordinates": [[[76.77575129248586, 30.79784213129825], [76.78097523429454, 30.79777044226831], [76.78105841089476, 30.802280006974136], [76.77583422542618, 30.802351708767432], [76.77575129248586, 30.79784213129825]]]}, "properties": {"grid_id": "cell_0509", "lst_mean": 42.08, "lst_max": 45.74, "frac_impervious": 0.5618, "frac_vegetation": 0.2763, "frac_bare_soil": 0.1234, "frac_water": 0.0384, "ndvi_mean": 0.2669, "ndvi_std": 0.0257, "ndbi_mean": 0.1267, "building_density": 198.5, "building_height_mean": 8.3, "road_density": 1427.1, "park_area_frac": 0.0949, "tree_canopy_frac": 0.1799, "dist_to_water": 8927.6, "water_area_frac": 0.0384, "air_temp_max": 39.7, "wind_speed_mean": 1.65, "solar_radiation": 321.9, "veg_imperv_ratio": 0.4832, "green_deficit": 0.6288, "thermal_mass_proxy": 1647.6, "cooling_potential": 233.0, "sky_view_factor": 0.8687, "tier": "normal", "delta_above_mean": -0.23, "priority_score": 0.0}}, {"type": "Feature", "geometry": {"type": "Polygon", "coordinates": [[[76.77824090159929, 30.64895293329508], [76.7834568147246, 30.64888145566905], [76.78353961645358, 30.65339111777262], [76.77832346147719, 30.653462608161057], [76.77824090159929, 30.64895293329508]]]}, "properties": {"grid_id": "cell_0510", "lst_mean": 41.13, "lst_max": 44.04, "frac_impervious": 0.5754, "frac_vegetation": 0.2829, "frac_bare_soil": 0.1081, "frac_water": 0.0336, "ndvi_mean": 0.2957, "ndvi_std": 0.0428, "ndbi_mean": 0.1545, "building_density": 204.8, "building_height_mean": 13.3, "road_density": 1191.9, "park_area_frac": 0.0632, "tree_canopy_frac": 0.2283, "dist_to_water": 7726.2, "water_area_frac": 0.0336, "air_temp_max": 42.6, "wind_speed_mean": 2.92, "solar_radiation": 317.9, "veg_imperv_ratio": 0.4833, "green_deficit": 0.6539, "thermal_mass_proxy": 2723.8, "cooling_potential": 228.0, "sky_view_factor": 0.7896, "tier": "normal", "delta_above_mean": -1.18, "priority_score": 0.0}}, {"type": "Feature", "geometry": {"type": "Polygon", "coordinates": [[[76.77832346147719, 30.653462608161057], [76.78353961645358, 30.65339111777262], [76.78362243686782, 30.65790077654197], [76.77840603998581, 30.65797227969397], [76.77832346147719, 30.653462608161057]]]}, "properties": {"grid_id": "cell_0511", "lst_mean": 39.41, "lst_max": 45.86, "frac_impervious": 0.6206, "frac_vegetation": 0.2179, "frac_bare_soil": 0.1305, "frac_water": 0.031, "ndvi_mean": 0.2242, "ndvi_std": 0.0255, "ndbi_mean": 0.1229, "building_density": 211.0, "building_height_mean": 10.5, "road_density": 1330.2, "park_area_frac": 0.0638, "tree_canopy_frac": 0.1066, "dist_to_water": 7440.3, "water_area_frac": 0.031, "air_temp_max": 42.7, "wind_speed_mean": 3.31, "solar_radiation": 337.0, "veg_imperv_ratio": 0.3455, "green_deficit": 0.7183, "thermal_mass_proxy": 2215.5, "cooling_potential": 263.6, "sky_view_factor": 0.8339, "tier": "cool", "delta_above_mean": -2.9, "priority_score": 0.0}}, {"type": "Feature", "geometry": {"type": "Polygon", "coordinates": [[[76.77840603998581, 30.65797227969397], [76.78362243686782, 30.65790077654197], [76.78370527597093, 30.66241043197678], [76.77848863712876, 30.662481947893507], [76.77840603998581, 30.65797227969397]]]}, "properties": {"grid_id": "cell_0512", "lst_mean": 42.53, "lst_max": 44.82, "frac_impervious": 0.6207, "frac_vegetation": 0.2248, "frac_bare_soil": 0.1341, "frac_water": 0.0204, "ndvi_mean": 0.1807, "ndvi_std": 0.0353, "ndbi_mean": 0.096, "building_density": 207.2, "building_height_mean": 14.0, "road_density": 1395.7, "park_area_frac": 0.121, "tree_canopy_frac": 0.1366, "dist_to_water": 6540.2, "water_area_frac": 0.0204, "air_temp_max": 42.5, "wind_speed_mean": 2.62, "solar_radiation": 309.4, "veg_imperv_ratio": 0.3564, "green_deficit": 0.6542, "thermal_mass_proxy": 2900.8, "cooling_potential": 239.8, "sky_view_factor": 0.7785, "tier": "moderate", "delta_above_mean": 0.22, "priority_score": 0.1}}, {"type": "Feature", "geometry": {"type": "Polygon", "coordinates": [[[76.77848863712876, 30.662481947893507], [76.78370527597093, 30.66241043197678], [76.78378813376654, 30.66692008407675], [76.77857125290964, 30.666991612759354], [76.77848863712876, 30.662481947893507]]]}, "properties": {"grid_id": "cell_0513", "lst_mean": 41.24, "lst_max": 44.93, "frac_impervious": 0.5675, "frac_vegetation": 0.2706, "frac_bare_soil": 0.1297, "frac_water": 0.0323, "ndvi_mean": 0.2276, "ndvi_std": 0.0553, "ndbi_mean": 0.1317, "building_density": 183.0, "building_height_mean": 10.1, "road_density": 1330.9, "park_area_frac": 0.0667, "tree_canopy_frac": 0.1487, "dist_to_water": 6479.4, "water_area_frac": 0.0323, "air_temp_max": 41.9, "wind_speed_mean": 2.06, "solar_radiation": 303.2, "veg_imperv_ratio": 0.4686, "green_deficit": 0.6627, "thermal_mass_proxy": 1848.3, "cooling_potential": 221.2, "sky_view_factor": 0.8402, "tier": "normal", "delta_above_mean": -1.07, "priority_score": 0.0}}, {"type": "Feature", "geometry": {"type": "Polygon", "coordinates": [[[76.77857125290964, 30.666991612759354], [76.78378813376654, 30.66692008407675], [76.78387101025822, 30.671429732841542], [76.77865388733207, 30.671501274291177], [76.77857125290964, 30.666991612759354]]]}, "properties": {"grid_id": "cell_0514", "lst_mean": 43.17, "lst_max": 46.46, "frac_impervious": 0.611, "frac_vegetation": 0.2206, "frac_bare_soil": 0.1338, "frac_water": 0.0347, "ndvi_mean": 0.2195, "ndvi_std": 0.0496, "ndbi_mean": 0.1528, "building_density": 201.0, "building_height_mean": 10.2, "road_density": 1168.4, "park_area_frac": 0.0559, "tree_canopy_frac": 0.1394, "dist_to_water": 5492.5, "water_area_frac": 0.0347, "air_temp_max": 44.2, "wind_speed_mean": 2.32, "solar_radiation": 331.8, "veg_imperv_ratio": 0.3552, "green_deficit": 0.7235, "thermal_mass_proxy": 2050.2, "cooling_potential": 258.6, "sky_view_factor": 0.8386, "tier": "moderate", "delta_above_mean": 0.86, "priority_score": 0.5}}, {"type": "Feature", "geometry": {"type": "Polygon", "coordinates": [[[76.77865388733207, 30.671501274291177], [76.78387101025822, 30.671429732841542], [76.78395390544965, 30.67593937827083], [76.77873654039963, 30.67601093248866], [76.77865388733207, 30.671501274291177]]]}, "properties": {"grid_id": "cell_0515", "lst_mean": 42.39, "lst_max": 44.68, "frac_impervious": 0.6378, "frac_vegetation": 0.2254, "frac_bare_soil": 0.1013, "frac_water": 0.0356, "ndvi_mean": 0.2747, "ndvi_std": 0.0377, "ndbi_mean": 0.1998, "building_density": 230.7, "building_height_mean": 14.2, "road_density": 1642.7, "park_area_frac": 0.0588, "tree_canopy_frac": 0.1629, "dist_to_water": 5104.2, "water_area_frac": 0.0356, "air_temp_max": 44.9, "wind_speed_mean": 2.63, "solar_radiation": 315.5, "veg_imperv_ratio": 0.3479, "green_deficit": 0.7158, "thermal_mass_proxy": 3275.9, "cooling_potential": 244.4, "sky_view_factor": 0.7753, "tier": "moderate", "delta_above_mean": 0.08, "priority_score": 0.0}}, {"type": "Feature", "geometry": {"type": "Polygon", "coordinates": [[[76.77873654039963, 30.67601093248866], [76.78395390544965, 30.67593937827083], [76.7840368193444, 30.68044902036429], [76.77881921211596, 30.680520587351488], [76.77873654039963, 30.67601093248866]]]}, "properties": {"grid_id": "cell_0516", "lst_mean": 37.89, "lst_max": 39.99, "frac_impervious": 0.6373, "frac_vegetation": 0.4468, "frac_bare_soil": 0.1123, "frac_water": 0.0221, "ndvi_mean": 0.6074, "ndvi_std": 0.0374, "ndbi_mean": 0.1168, "building_density": 233.9, "building_height_mean": 15.3, "road_density": 1763.9, "park_area_frac": 0.4894, "tree_canopy_frac": 0.2853, "dist_to_water": 5002.8, "water_area_frac": 0.0221, "air_temp_max": 45.1, "wind_speed_mean": 2.34, "solar_radiation": 310.2, "veg_imperv_ratio": 0.6903, "green_deficit": 0.0638, "thermal_mass_proxy": 3578.7, "cooling_potential": 171.6, "sky_view_factor": 0.7579, "tier": "cool", "delta_above_mean": -4.42, "priority_score": 0.0}}, {"type": "Feature", "geometry": {"type": "Polygon", "coordinates": [[[76.77881921211596, 30.680520587351488], [76.7840368193444, 30.68044902036429], [76.7841197519461, 30.684958659121627], [76.77890190248462, 30.685030238879335], [76.77881921211596, 30.680520587351488]]]}, "properties": {"grid_id": "cell_0517", "lst_mean": 43.2, "lst_max": 47.61, "frac_impervious": 0.6892, "frac_vegetation": 0.1721, "frac_bare_soil": 0.1054, "frac_water": 0.0333, "ndvi_mean": 0.2221, "ndvi_std": 0.0526, "ndbi_mean": 0.2103, "building_density": 236.5, "building_height_mean": 13.0, "road_density": 1522.1, "park_area_frac": 0.056, "tree_canopy_frac": 0.0791, "dist_to_water": 4728.4, "water_area_frac": 0.0333, "air_temp_max": 43.8, "wind_speed_mean": 2.84, "solar_radiation": 312.0, "veg_imperv_ratio": 0.2461, "green_deficit": 0.7719, "thermal_mass_proxy": 3074.5, "cooling_potential": 258.3, "sky_view_factor": 0.7943, "tier": "moderate", "delta_above_mean": 0.89, "priority_score": 0.7}}, {"type": "Feature", "geometry": {"type": "Polygon", "coordinates": [[[76.77890190248462, 30.685030238879335], [76.7841197519461, 30.684958659121627], [76.78420270325839, 30.68946829454247], [76.77898461150926, 30.68953988707185], [76.77890190248462, 30.685030238879335]]]}, "properties": {"grid_id": "cell_0518", "lst_mean": 42.8, "lst_max": 45.06, "frac_impervious": 0.6198, "frac_vegetation": 0.1974, "frac_bare_soil": 0.147, "frac_water": 0.0358, "ndvi_mean": 0.2041, "ndvi_std": 0.041, "ndbi_mean": 0.219, "building_density": 252.8, "building_height_mean": 16.0, "road_density": 1562.9, "park_area_frac": 0.0523, "tree_canopy_frac": 0.1321, "dist_to_water": 3983.0, "water_area_frac": 0.0358, "air_temp_max": 44.6, "wind_speed_mean": 3.17, "solar_radiation": 326.0, "veg_imperv_ratio": 0.3134, "green_deficit": 0.7503, "thermal_mass_proxy": 4044.8, "cooling_potential": 261.6, "sky_view_factor": 0.7468, "tier": "moderate", "delta_above_mean": 0.49, "priority_score": 0.3}}, {"type": "Feature", "geometry": {"type": "Polygon", "coordinates": [[[76.77898461150926, 30.68953988707185], [76.78420270325839, 30.68946829454247], [76.78428567328484, 30.69397792662654], [76.77906733919347, 30.694049531928773], [76.77898461150926, 30.68953988707185]]]}, "properties": {"grid_id": "cell_0519", "lst_mean": 45.46, "lst_max": 47.77, "frac_impervious": 0.7276, "frac_vegetation": 0.1789, "frac_bare_soil": 0.0625, "frac_water": 0.031, "ndvi_mean": 0.2146, "ndvi_std": 0.031, "ndbi_mean": 0.1797, "building_density": 298.6, "building_height_mean": 19.3, "road_density": 1729.4, "park_area_frac": 0.0664, "tree_canopy_frac": 0.065, "dist_to_water": 3099.1, "water_area_frac": 0.031, "air_temp_max": 43.4, "wind_speed_mean": 2.22, "solar_radiation": 299.9, "veg_imperv_ratio": 0.2425, "green_deficit": 0.7547, "thermal_mass_proxy": 5763.0, "cooling_potential": 246.2, "sky_view_factor": 0.6946, "tier": "high", "delta_above_mean": 3.15, "priority_score": 2.4}}, {"type": "Feature", "geometry": {"type": "Polygon", "coordinates": [[[76.77906733919347, 30.694049531928773], [76.78428567328484, 30.69397792662654], [76.78436866202912, 30.698487555373518], [76.77915008554088, 30.698559173449738], [76.77906733919347, 30.694049531928773]]]}, "properties": {"grid_id": "cell_0520", "lst_mean": 42.73, "lst_max": 50.48, "frac_impervious": 0.632, "frac_vegetation": 0.1869, "frac_bare_soil": 0.1529, "frac_water": 0.0282, "ndvi_mean": 0.1904, "ndvi_std": 0.0207, "ndbi_mean": 0.1141, "building_density": 272.6, "building_height_mean": 14.7, "road_density": 1766.8, "park_area_frac": 0.0564, "tree_canopy_frac": 0.0646, "dist_to_water": 2744.8, "water_area_frac": 0.0282, "air_temp_max": 41.1, "wind_speed_mean": 3.22, "solar_radiation": 305.6, "veg_imperv_ratio": 0.2911, "green_deficit": 0.7567, "thermal_mass_proxy": 4007.2, "cooling_potential": 248.5, "sky_view_factor": 0.7674, "tier": "moderate", "delta_above_mean": 0.42, "priority_score": 0.3}}, {"type": "Feature", "geometry": {"type": "Polygon", "coordinates": [[[76.77915008554088, 30.698559173449738], [76.78436866202912, 30.698487555373518], [76.78445166949486, 30.70299718078305], [76.77923285055506, 30.70306881163443], [76.77915008554088, 30.698559173449738]]]}, "properties": {"grid_id": "cell_0521", "lst_mean": 42.65, "lst_max": 46.55, "frac_impervious": 0.6437, "frac_vegetation": 0.2007, "frac_bare_soil": 0.1335, "frac_water": 0.022, "ndvi_mean": 0.1751, "ndvi_std": 0.04, "ndbi_mean": 0.1453, "building_density": 271.2, "building_height_mean": 20.2, "road_density": 1954.9, "park_area_frac": 0.0557, "tree_canopy_frac": 0.1155, "dist_to_water": 2276.3, "water_area_frac": 0.022, "air_temp_max": 41.8, "wind_speed_mean": 2.28, "solar_radiation": 272.2, "veg_imperv_ratio": 0.307, "green_deficit": 0.7436, "thermal_mass_proxy": 5478.2, "cooling_potential": 217.6, "sky_view_factor": 0.6804, "tier": "moderate", "delta_above_mean": 0.34, "priority_score": 0.2}}, {"type": "Feature", "geometry": {"type": "Polygon", "coordinates": [[[76.77923285055506, 30.70306881163443], [76.78445166949486, 30.70299718078305], [76.78453469568564, 30.70750680285485], [76.77931563423967, 30.707578446482554], [76.77923285055506, 30.70306881163443]]]}, "properties": {"grid_id": "cell_0522", "lst_mean": 44.18, "lst_max": 46.61, "frac_impervious": 0.7164, "frac_vegetation": 0.1425, "frac_bare_soil": 0.113, "frac_water": 0.028, "ndvi_mean": 0.1938, "ndvi_std": 0.0397, "ndbi_mean": 0.187, "building_density": 183.0, "building_height_mean": 15.5, "road_density": 1862.0, "park_area_frac": 0.0877, "tree_canopy_frac": 0.0977, "dist_to_water": 1706.8, "water_area_frac": 0.028, "air_temp_max": 42.7, "wind_speed_mean": 2.57, "solar_radiation": 304.9, "veg_imperv_ratio": 0.1962, "green_deficit": 0.7698, "thermal_mass_proxy": 2836.5, "cooling_potential": 261.5, "sky_view_factor": 0.7547, "tier": "moderate", "delta_above_mean": 1.87, "priority_score": 1.7}}, {"type": "Feature", "geometry": {"type": "Polygon", "coordinates": [[[76.77931563423967, 30.707578446482554], [76.78453469568564, 30.70750680285485], [76.78461774060511, 30.712016421588572], [76.77939843659831, 30.712088077993762], [76.77931563423967, 30.707578446482554]]]}, "properties": {"grid_id": "cell_0523", "lst_mean": 46.19, "lst_max": 49.53, "frac_impervious": 0.7665, "frac_vegetation": 0.1835, "frac_bare_soil": 0.0309, "frac_water": 0.0191, "ndvi_mean": 0.2114, "ndvi_std": 0.0284, "ndbi_mean": 0.2235, "building_density": 311.4, "building_height_mean": 23.5, "road_density": 2013.3, "park_area_frac": 0.0555, "tree_canopy_frac": 0.1171, "dist_to_water": 934.2, "water_area_frac": 0.0191, "air_temp_max": 44.1, "wind_speed_mean": 2.16, "solar_radiation": 326.6, "veg_imperv_ratio": 0.2363, "green_deficit": 0.761, "thermal_mass_proxy": 7317.9, "cooling_potential": 266.7, "sky_view_factor": 0.6282, "tier": "high", "delta_above_mean": 3.88, "priority_score": 2.9}}, {"type": "Feature", "geometry": {"type": "Polygon", "coordinates": [[[76.77939843659831, 30.712088077993762], [76.78461774060511, 30.712016421588572], [76.7847008042569, 30.716526036983897], [76.77948125763459, 30.716597706167732], [76.77939843659831, 30.712088077993762]]]}, "properties": {"grid_id": "cell_0524", "lst_mean": 44.09, "lst_max": 47.24, "frac_impervious": 0.6919, "frac_vegetation": 0.1692, "frac_bare_soil": 0.1077, "frac_water": 0.0312, "ndvi_mean": 0.2138, "ndvi_std": 0.0364, "ndbi_mean": 0.159, "building_density": 264.6, "building_height_mean": 20.9, "road_density": 1836.4, "park_area_frac": 0.0954, "tree_canopy_frac": 0.1396, "dist_to_water": 680.7, "water_area_frac": 0.0312, "air_temp_max": 42.3, "wind_speed_mean": 2.48, "solar_radiation": 313.9, "veg_imperv_ratio": 0.2411, "green_deficit": 0.7354, "thermal_mass_proxy": 5530.1, "cooling_potential": 260.8, "sky_view_factor": 0.6693, "tier": "moderate", "delta_above_mean": 1.78, "priority_score": 1.4}}, {"type": "Feature", "geometry": {"type": "Polygon", "coordinates": [[[76.77948125763459, 30.716597706167732], [76.7847008042569, 30.716526036983897], [76.78478388664463, 30.72103564904052], [76.77956409735214, 30.721107331004166], [76.77948125763459, 30.716597706167732]]]}, "properties": {"grid_id": "cell_0525", "lst_mean": 36.4, "lst_max": 41.19, "frac_impervious": 0.6972, "frac_vegetation": 0.5316, "frac_bare_soil": 0.1139, "frac_water": 0.0206, "ndvi_mean": 0.6672, "ndvi_std": 0.0298, "ndbi_mean": 0.2255, "building_density": 252.7, "building_height_mean": 23.4, "road_density": 1838.1, "park_area_frac": 0.5759, "tree_canopy_frac": 0.3211, "dist_to_water": 50.0, "water_area_frac": 0.1435, "air_temp_max": 42.5, "wind_speed_mean": 2.61, "solar_radiation": 284.9, "veg_imperv_ratio": 0.7517, "green_deficit": 0.0, "thermal_mass_proxy": 5913.2, "cooling_potential": 133.4, "sky_view_factor": 0.6297, "tier": "cool", "delta_above_mean": -5.91, "priority_score": 0.0}}, {"type": "Feature", "geometry": {"type": "Polygon", "coordinates": [[[76.77956409735214, 30.721107331004166], [76.78478388664463, 30.72103564904052], [76.78486698777193, 30.725545257758107], [76.77964695575456, 30.725616952502737], [76.77956409735214, 30.721107331004166]]]}, "properties": {"grid_id": "cell_0526", "lst_mean": 43.32, "lst_max": 47.28, "frac_impervious": 0.6928, "frac_vegetation": 0.1995, "frac_bare_soil": 0.0822, "frac_water": 0.0255, "ndvi_mean": 0.1818, "ndvi_std": 0.0341, "ndbi_mean": 0.1437, "building_density": 272.6, "building_height_mean": 20.0, "road_density": 1929.1, "park_area_frac": 0.0554, "tree_canopy_frac": 0.1176, "dist_to_water": 176.6, "water_area_frac": 0.1297, "air_temp_max": 43.8, "wind_speed_mean": 2.58, "solar_radiation": 333.5, "veg_imperv_ratio": 0.2839, "green_deficit": 0.7451, "thermal_mass_proxy": 5452.0, "cooling_potential": 267.0, "sky_view_factor": 0.6835, "tier": "moderate", "delta_above_mean": 1.01, "priority_score": 0.7}}, {"type": "Feature", "geometry": {"type": "Polygon", "coordinates": [[[76.77964695575456, 30.725616952502737], [76.78486698777193, 30.725545257758107], [76.78495010764244, 30.730054863136353], [76.77972983284549, 30.730126570663103], [76.77964695575456, 30.725616952502737]]]}, "properties": {"grid_id": "cell_0527", "lst_mean": 45.13, "lst_max": 49.8, "frac_impervious": 0.7289, "frac_vegetation": 0.1561, "frac_bare_soil": 0.0904, "frac_water": 0.0245, "ndvi_mean": 0.1313, "ndvi_std": 0.01, "ndbi_mean": 0.1394, "building_density": 305.3, "building_height_mean": 23.4, "road_density": 2216.7, "park_area_frac": 0.0685, "tree_canopy_frac": 0.1168, "dist_to_water": 810.0, "water_area_frac": 0.0245, "air_temp_max": 46.2, "wind_speed_mean": 2.04, "solar_radiation": 315.8, "veg_imperv_ratio": 0.2113, "green_deficit": 0.7754, "thermal_mass_proxy": 7144.0, "cooling_potential": 266.5, "sky_view_factor": 0.6297, "tier": "high", "delta_above_mean": 2.82, "priority_score": 2.4}}, {"type": "Feature", "geometry": {"type": "Polygon", "coordinates": [[[76.77972983284549, 30.730126570663103], [76.78495010764244, 30.730054863136353], [76.78503324625977, 30.734564465174916], [76.77981272862854, 30.734636185484963], [76.77972983284549, 30.730126570663103]]]}, "properties": {"grid_id": "cell_0528", "lst_mean": 48.02, "lst_max": 50.38, "frac_impervious": 0.7053, "frac_vegetation": 0.1389, "frac_bare_soil": 0.131, "frac_water": 0.0249, "ndvi_mean": 0.194, "ndvi_std": 0.0289, "ndbi_mean": 0.2153, "building_density": 329.3, "building_height_mean": 28.7, "road_density": 2331.2, "park_area_frac": 0.0419, "tree_canopy_frac": 0.0759, "dist_to_water": 1437.4, "water_area_frac": 0.0249, "air_temp_max": 45.5, "wind_speed_mean": 0.5, "solar_radiation": 339.9, "veg_imperv_ratio": 0.1942, "green_deficit": 0.8192, "thermal_mass_proxy": 9450.9, "cooling_potential": 292.7, "sky_view_factor": 0.5459, "tier": "critical", "delta_above_mean": 5.71, "priority_score": 5.5}}, {"type": "Feature", "geometry": {"type": "Polygon", "coordinates": [[[76.77981272862854, 30.734636185484963], [76.78503324625977, 30.734564465174916], [76.78511640362758, 30.739074063873495], [76.77989564310732, 30.739145796967996], [76.77981272862854, 30.734636185484963]]]}, "properties": {"grid_id": "cell_0529", "lst_mean": 46.16, "lst_max": 49.7, "frac_impervious": 0.6811, "frac_vegetation": 0.1808, "frac_bare_soil": 0.1185, "frac_water": 0.0196, "ndvi_mean": 0.2031, "ndvi_std": 0.0442, "ndbi_mean": 0.1042, "building_density": 259.7, "building_height_mean": 24.1, "road_density": 2117.7, "park_area_frac": 0.0458, "tree_canopy_frac": 0.1163, "dist_to_water": 2076.6, "water_area_frac": 0.0196, "air_temp_max": 43.2, "wind_speed_mean": 2.49, "solar_radiation": 325.6, "veg_imperv_ratio": 0.2616, "green_deficit": 0.7734, "thermal_mass_proxy": 6258.8, "cooling_potential": 266.7, "sky_view_factor": 0.6187, "tier": "high", "delta_above_mean": 3.85, "priority_score": 2.9}}, {"type": "Feature", "geometry": {"type": "Polygon", "coordinates": [[[76.77989564310732, 30.739145796967996], [76.78511640362758, 30.739074063873495], [76.78519957974949, 30.743583659231746], [76.77997857628549, 30.743655405111877], [76.77989564310732, 30.739145796967996]]]}, "properties": {"grid_id": "cell_0530", "lst_mean": 47.66, "lst_max": 49.72, "frac_impervious": 0.7793, "frac_vegetation": 0.1208, "frac_bare_soil": 0.0708, "frac_water": 0.0291, "ndvi_mean": 0.1314, "ndvi_std": 0.0234, "ndbi_mean": 0.2056, "building_density": 283.3, "building_height_mean": 23.5, "road_density": 1957.3, "park_area_frac": 0.0631, "tree_canopy_frac": 0.0815, "dist_to_water": 2327.5, "water_area_frac": 0.0291, "air_temp_max": 44.8, "wind_speed_mean": 1.12, "solar_radiation": 318.0, "veg_imperv_ratio": 0.153, "green_deficit": 0.8161, "thermal_mass_proxy": 6657.6, "cooling_potential": 279.6, "sky_view_factor": 0.6282, "tier": "critical", "delta_above_mean": 5.35, "priority_score": 5.8}}, {"type": "Feature", "geometry": {"type": "Polygon", "coordinates": [[[76.77997857628549, 30.743655405111877], [76.78519957974949, 30.743583659231746], [76.78528277462914, 30.748093251249372], [76.78006152816663, 30.74816500991629], [76.77997857628549, 30.743655405111877]]]}, "properties": {"grid_id": "cell_0531", "lst_mean": 45.26, "lst_max": 47.37, "frac_impervious": 0.7299, "frac_vegetation": 0.1632, "frac_bare_soil": 0.0712, "frac_water": 0.0357, "ndvi_mean": 0.1654, "ndvi_std": 0.0336, "ndbi_mean": 0.2855, "building_density": 268.3, "building_height_mean": 16.1, "road_density": 1831.9, "park_area_frac": 0.0612, "tree_canopy_frac": 0.0785, "dist_to_water": 2864.6, "water_area_frac": 0.0357, "air_temp_max": 42.0, "wind_speed_mean": 2.09, "solar_radiation": 341.0, "veg_imperv_ratio": 0.2206, "green_deficit": 0.7756, "thermal_mass_proxy": 4319.6, "cooling_potential": 285.3, "sky_view_factor": 0.7453, "tier": "high", "delta_above_mean": 2.95, "priority_score": 2.4}}, {"type": "Feature", "geometry": {"type": "Polygon", "coordinates": [[[76.78006152816663, 30.74816500991629], [76.78528277462914, 30.748093251249372], [76.78536598827016, 30.75260283992603], [76.7801444987544, 30.75267461138091], [76.78006152816663, 30.74816500991629]]]}, "properties": {"grid_id": "cell_0532", "lst_mean": 46.34, "lst_max": 50.22, "frac_impervious": 0.7252, "frac_vegetation": 0.1393, "frac_bare_soil": 0.1122, "frac_water": 0.0234, "ndvi_mean": 0.1556, "ndvi_std": 0.0236, "ndbi_mean": 0.1897, "building_density": 289.1, "building_height_mean": 24.4, "road_density": 1984.6, "park_area_frac": 0.077, "tree_canopy_frac": 0.0913, "dist_to_water": 3543.1, "water_area_frac": 0.0234, "air_temp_max": 43.0, "wind_speed_mean": 1.09, "solar_radiation": 308.8, "veg_imperv_ratio": 0.1895, "green_deficit": 0.7837, "thermal_mass_proxy": 7054.0, "cooling_potential": 265.8, "sky_view_factor": 0.6139, "tier": "high", "delta_above_mean": 4.03, "priority_score": 3.8}}, {"type": "Feature", "geometry": {"type": "Polygon", "coordinates": [[[76.7801444987544, 30.75267461138091], [76.78536598827016, 30.75260283992603], [76.78544922067617, 30.757112425261425], [76.7802274880524, 30.757184209505432], [76.7801444987544, 30.75267461138091]]]}, "properties": {"grid_id": "cell_0533", "lst_mean": 45.11, "lst_max": 47.15, "frac_impervious": 0.7192, "frac_vegetation": 0.1535, "frac_bare_soil": 0.1078, "frac_water": 0.0195, "ndvi_mean": 0.1322, "ndvi_std": 0.0359, "ndbi_mean": 0.1541, "building_density": 263.8, "building_height_mean": 20.7, "road_density": 1802.0, "park_area_frac": 0.0988, "tree_canopy_frac": 0.1358, "dist_to_water": 3898.5, "water_area_frac": 0.0195, "air_temp_max": 41.4, "wind_speed_mean": 3.31, "solar_radiation": 297.4, "veg_imperv_ratio": 0.2105, "green_deficit": 0.7477, "thermal_mass_proxy": 5460.7, "cooling_potential": 251.7, "sky_view_factor": 0.6725, "tier": "high", "delta_above_mean": 2.8, "priority_score": 2.4}}, {"type": "Feature", "geometry": {"type": "Polygon", "coordinates": [[[76.7802274880524, 30.757184209505432], [76.78544922067617, 30.757112425261425], [76.78553247185084, 30.76162200725523], [76.78031049606429, 30.76169380428951], [76.7802274880524, 30.757184209505432]]]}, "properties": {"grid_id": "cell_0534", "lst_mean": 43.65, "lst_max": 46.96, "frac_impervious": 0.6105, "frac_vegetation": 0.2591, "frac_bare_soil": 0.1127, "frac_water": 0.0176, "ndvi_mean": 0.205, "ndvi_std": 0.0386, "ndbi_mean": 0.1425, "building_density": 235.5, "building_height_mean": 12.9, "road_density": 1678.6, "park_area_frac": 0.059, "tree_canopy_frac": 0.1782, "dist_to_water": 4462.7, "water_area_frac": 0.0176, "air_temp_max": 44.5, "wind_speed_mean": 2.67, "solar_radiation": 333.6, "veg_imperv_ratio": 0.4176, "green_deficit": 0.6819, "thermal_mass_proxy": 3038.0, "cooling_potential": 247.2, "sky_view_factor": 0.7959, "tier": "moderate", "delta_above_mean": 1.34, "priority_score": 0.7}}, {"type": "Feature", "geometry": {"type": "Polygon", "coordinates": [[[76.78031049606429, 30.76169380428951], [76.78553247185084, 30.76162200725523], [76.78561574179781, 30.766131585907104], [76.78039352279367, 30.766203395732845], [76.78031049606429, 30.76169380428951]]]}, "properties": {"grid_id": "cell_0535", "lst_mean": 45.25, "lst_max": 50.0, "frac_impervious": 0.6465, "frac_vegetation": 0.2213, "frac_bare_soil": 0.0954, "frac_water": 0.0368, "ndvi_mean": 0.1766, "ndvi_std": 0.0283, "ndbi_mean": 0.1571, "building_density": 234.2, "building_height_mean": 17.3, "road_density": 2050.0, "park_area_frac": 0.067, "tree_canopy_frac": 0.116, "dist_to_water": 4904.0, "water_area_frac": 0.0368, "air_temp_max": 43.5, "wind_speed_mean": 2.28, "solar_radiation": 320.2, "veg_imperv_ratio": 0.3371, "green_deficit": 0.7117, "thermal_mass_proxy": 4051.7, "cooling_potential": 249.3, "sky_view_factor": 0.7263, "tier": "high", "delta_above_mean": 2.94, "priority_score": 1.8}}, {"type": "Feature", "geometry": {"type": "Polygon", "coordinates": [[[76.78039352279367, 30.766203395732845], [76.78561574179781, 30.766131585907104], [76.7856990305207, 30.770641161216748], [76.7804765682442, 30.7707129838351], [76.78039352279367, 30.766203395732845]]]}, "properties": {"grid_id": "cell_0536", "lst_mean": 42.34, "lst_max": 45.06, "frac_impervious": 0.6571, "frac_vegetation": 0.1671, "frac_bare_soil": 0.1477, "frac_water": 0.0281, "ndvi_mean": 0.1712, "ndvi_std": 0.0467, "ndbi_mean": 0.1677, "building_density": 222.4, "building_height_mean": 18.9, "road_density": 1489.1, "park_area_frac": 0.0656, "tree_canopy_frac": 0.147, "dist_to_water": 5430.9, "water_area_frac": 0.0281, "air_temp_max": 43.3, "wind_speed_mean": 3.29, "solar_radiation": 334.2, "veg_imperv_ratio": 0.2505, "green_deficit": 0.7673, "thermal_mass_proxy": 4203.4, "cooling_potential": 278.4, "sky_view_factor": 0.7009, "tier": "moderate", "delta_above_mean": 0.03, "priority_score": 0.0}}, {"type": "Feature", "geometry": {"type": "Polygon", "coordinates": [[[76.7804765682442, 30.7707129838351], [76.7856990305207, 30.770641161216748], [76.78578233802318, 30.77515073318384], [76.78055963241947, 30.77522256859597], [76.7804765682442, 30.7707129838351]]]}, "properties": {"grid_id": "cell_0537", "lst_mean": 43.38, "lst_max": 45.45, "frac_impervious": 0.6155, "frac_vegetation": 0.1675, "frac_bare_soil": 0.1903, "frac_water": 0.0267, "ndvi_mean": 0.1616, "ndvi_std": 0.0427, "ndbi_mean": 0.1661, "building_density": 237.0, "building_height_mean": 14.6, "road_density": 1506.6, "park_area_frac": 0.1316, "tree_canopy_frac": 0.1143, "dist_to_water": 5676.6, "water_area_frac": 0.0267, "air_temp_max": 44.7, "wind_speed_mean": 2.85, "solar_radiation": 326.5, "veg_imperv_ratio": 0.2678, "green_deficit": 0.7009, "thermal_mass_proxy": 3460.2, "cooling_potential": 271.8, "sky_view_factor": 0.769, "tier": "moderate", "delta_above_mean": 1.07, "priority_score": 0.9}}, {"type": "Feature", "geometry": {"type": "Polygon", "coordinates": [[[76.78055963241947, 30.77522256859597], [76.78578233802318, 30.77515073318384], [76.78586566430884, 30.779660301808047], [76.78064271532315, 30.77973215001514], [76.78055963241947, 30.77522256859597]]]}, "properties": {"grid_id": "cell_0538", "lst_mean": 44.4, "lst_max": 48.28, "frac_impervious": 0.6257, "frac_vegetation": 0.2124, "frac_bare_soil": 0.1418, "frac_water": 0.0201, "ndvi_mean": 0.1574, "ndvi_std": 0.0309, "ndbi_mean": 0.1191, "building_density": 275.6, "building_height_mean": 16.2, "road_density": 1729.6, "park_area_frac": 0.0854, "tree_canopy_frac": 0.1359, "dist_to_water": 6418.8, "water_area_frac": 0.0201, "air_temp_max": 42.3, "wind_speed_mean": 2.56, "solar_radiation": 336.2, "veg_imperv_ratio": 0.3341, "green_deficit": 0.7022, "thermal_mass_proxy": 4464.7, "cooling_potential": 264.8, "sky_view_factor": 0.7437, "tier": "moderate", "delta_above_mean": 2.09, "priority_score": 1.3}}, {"type": "Feature", "geometry": {"type": "Polygon", "coordinates": [[[76.78064271532315, 30.77973215001514], [76.78586566430884, 30.779660301808047], [76.7859490093814, 30.78416986708908], [76.78072581695886, 30.784241728092272], [76.78064271532315, 30.77973215001514]]]}, "properties": {"grid_id": "cell_0539", "lst_mean": 41.17, "lst_max": 47.15, "frac_impervious": 0.6178, "frac_vegetation": 0.2332, "frac_bare_soil": 0.1213, "frac_water": 0.0277, "ndvi_mean": 0.2773, "ndvi_std": 0.0436, "ndbi_mean": 0.1977, "building_density": 174.3, "building_height_mean": 13.0, "road_density": 1713.4, "park_area_frac": 0.1025, "tree_canopy_frac": 0.138, "dist_to_water": 7182.0, "water_area_frac": 0.0277, "air_temp_max": 44.0, "wind_speed_mean": 2.9, "solar_radiation": 303.0, "veg_imperv_ratio": 0.3715, "green_deficit": 0.6643, "thermal_mass_proxy": 2265.9, "cooling_potential": 232.3, "sky_view_factor": 0.7943, "tier": "normal", "delta_above_mean": -1.14, "priority_score": 0.0}}, {"type": "Feature", "geometry": {"type": "Polygon", "coordinates": [[[76.78072581695886, 30.784241728092272], [76.7859490093814, 30.78416986708908], [76.78603237324444, 30.78867942902658], [76.78080893733025, 30.788751302827066], [76.78072581695886, 30.784241728092272]]]}, "properties": {"grid_id": "cell_0540", "lst_mean": 42.86, "lst_max": 46.76, "frac_impervious": 0.6463, "frac_vegetation": 0.2105, "frac_bare_soil": 0.1083, "frac_water": 0.035, "ndvi_mean": 0.2428, "ndvi_std": 0.0422, "ndbi_mean": 0.1659, "building_density": 225.3, "building_height_mean": 13.0, "road_density": 1514.6, "park_area_frac": 0.0579, "tree_canopy_frac": 0.1399, "dist_to_water": 7432.2, "water_area_frac": 0.035, "air_temp_max": 46.5, "wind_speed_mean": 2.41, "solar_radiation": 308.8, "veg_imperv_ratio": 0.3207, "green_deficit": 0.7316, "thermal_mass_proxy": 2928.9, "cooling_potential": 243.8, "sky_view_factor": 0.7943, "tier": "moderate", "delta_above_mean": 0.55, "priority_score": 0.4}}, {"type": "Feature", "geometry": {"type": "Polygon", "coordinates": [[[76.78080893733025, 30.788751302827066], [76.78603237324444, 30.78867942902658], [76.78611575590165, 30.793188987620244], [76.78089207644092, 30.793260874219182], [76.78080893733025, 30.788751302827066]]]}, "properties": {"grid_id": "cell_0541", "lst_mean": 41.38, "lst_max": 44.67, "frac_impervious": 0.6164, "frac_vegetation": 0.2274, "frac_bare_soil": 0.1214, "frac_water": 0.0348, "ndvi_mean": 0.1903, "ndvi_std": 0.0446, "ndbi_mean": 0.1683, "building_density": 167.1, "building_height_mean": 8.0, "road_density": 1331.9, "park_area_frac": 0.0864, "tree_canopy_frac": 0.1387, "dist_to_water": 7733.6, "water_area_frac": 0.0348, "air_temp_max": 41.4, "wind_speed_mean": 2.22, "solar_radiation": 307.9, "veg_imperv_ratio": 0.363, "green_deficit": 0.6862, "thermal_mass_proxy": 1336.8, "cooling_potential": 237.9, "sky_view_factor": 0.8734, "tier": "normal", "delta_above_mean": -0.93, "priority_score": 0.0}}, {"type": "Feature", "geometry": {"type": "Polygon", "coordinates": [[[76.78089207644092, 30.793260874219182], [76.78611575590165, 30.793188987620244], [76.78619915735666, 30.797698542869743], [76.78097523429454, 30.79777044226831], [76.78089207644092, 30.793260874219182]]]}, "properties": {"grid_id": "cell_0542", "lst_mean": 40.29, "lst_max": 42.69, "frac_impervious": 0.5789, "frac_vegetation": 0.2258, "frac_bare_soil": 0.1663, "frac_water": 0.029, "ndvi_mean": 0.2211, "ndvi_std": 0.0211, "ndbi_mean": 0.1127, "building_density": 179.3, "building_height_mean": 15.4, "road_density": 1590.3, "park_area_frac": 0.0605, "tree_canopy_frac": 0.1359, "dist_to_water": 8697.7, "water_area_frac": 0.029, "air_temp_max": 40.9, "wind_speed_mean": 3.2, "solar_radiation": 308.2, "veg_imperv_ratio": 0.3834, "green_deficit": 0.7137, "thermal_mass_proxy": 2761.2, "cooling_potential": 238.6, "sky_view_factor": 0.7563, "tier": "normal", "delta_above_mean": -2.02, "priority_score": 0.0}}, {"type": "Feature", "geometry": {"type": "Polygon", "coordinates": [[[76.78097523429454, 30.79777044226831], [76.78619915735666, 30.797698542869743], [76.78628257761312, 30.802208094774787], [76.78105841089476, 30.802280006974136], [76.78097523429454, 30.79777044226831]]]}, "properties": {"grid_id": "cell_0543", "lst_mean": 41.84, "lst_max": 43.87, "frac_impervious": 0.6041, "frac_vegetation": 0.2544, "frac_bare_soil": 0.1198, "frac_water": 0.0217, "ndvi_mean": 0.2397, "ndvi_std": 0.0504, "ndbi_mean": 0.1802, "building_density": 239.3, "building_height_mean": 10.4, "road_density": 1531.5, "park_area_frac": 0.058, "tree_canopy_frac": 0.15, "dist_to_water": 9048.7, "water_area_frac": 0.0217, "air_temp_max": 41.4, "wind_speed_mean": 2.63, "solar_radiation": 286.3, "veg_imperv_ratio": 0.4143, "green_deficit": 0.6876, "thermal_mass_proxy": 2488.7, "cooling_potential": 213.5, "sky_view_factor": 0.8354, "tier": "normal", "delta_above_mean": -0.47, "priority_score": 0.0}}, {"type": "Feature", "geometry": {"type": "Polygon", "coordinates": [[[76.7834568147246, 30.64888145566905], [76.78867270916827, 30.6488097689105], [76.7887557527447, 30.653319418214338], [76.78353961645358, 30.65339111777262], [76.7834568147246, 30.64888145566905]]]}, "properties": {"grid_id": "cell_0544", "lst_mean": 40.3, "lst_max": 44.08, "frac_impervious": 0.52, "frac_vegetation": 0.3018, "frac_bare_soil": 0.1571, "frac_water": 0.0211, "ndvi_mean": 0.2866, "ndvi_std": 0.0384, "ndbi_mean": 0.1003, "building_density": 160.6, "building_height_mean": 8.2, "road_density": 1031.5, "park_area_frac": 0.1204, "tree_canopy_frac": 0.2005, "dist_to_water": 7823.4, "water_area_frac": 0.0211, "air_temp_max": 42.7, "wind_speed_mean": 2.26, "solar_radiation": 310.4, "veg_imperv_ratio": 0.5694, "green_deficit": 0.5778, "thermal_mass_proxy": 1316.9, "cooling_potential": 216.7, "sky_view_factor": 0.8703, "tier": "normal", "delta_above_mean": -2.01, "priority_score": 0.0}}, {"type": "Feature", "geometry": {"type": "Polygon", "coordinates": [[[76.78353961645358, 30.65339111777262], [76.7887557527447, 30.653319418214338], [76.78883881506096, 30.65782906418281], [76.78362243686782, 30.65790077654197], [76.78353961645358, 30.65339111777262]]]}, "properties": {"grid_id": "cell_0545", "lst_mean": 41.74, "lst_max": 44.14, "frac_impervious": 0.5784, "frac_vegetation": 0.2181, "frac_bare_soil": 0.1787, "frac_water": 0.0248, "ndvi_mean": 0.1845, "ndvi_std": 0.0339, "ndbi_mean": 0.1397, "building_density": 189.5, "building_height_mean": 11.9, "road_density": 1326.8, "park_area_frac": 0.059, "tree_canopy_frac": 0.1481, "dist_to_water": 7316.0, "water_area_frac": 0.0248, "air_temp_max": 45.3, "wind_speed_mean": 3.18, "solar_radiation": 323.1, "veg_imperv_ratio": 0.3707, "green_deficit": 0.7229, "thermal_mass_proxy": 2255.0, "cooling_potential": 252.6, "sky_view_factor": 0.8117, "tier": "normal", "delta_above_mean": -0.57, "priority_score": 0.0}}, {"type": "Feature", "geometry": {"type": "Polygon", "coordinates": [[[76.78362243686782, 30.65790077654197], [76.78883881506096, 30.65782906418281], [76.78892189612061, 30.66233870681557], [76.78370527597093, 30.66241043197678], [76.78362243686782, 30.65790077654197]]]}, "properties": {"grid_id": "cell_0546", "lst_mean": 42.5, "lst_max": 47.43, "frac_impervious": 0.6233, "frac_vegetation": 0.2321, "frac_bare_soil": 0.1217, "frac_water": 0.0228, "ndvi_mean": 0.2488, "ndvi_std": 0.065, "ndbi_mean": 0.1213, "building_density": 225.4, "building_height_mean": 9.8, "road_density": 1473.8, "park_area_frac": 0.1223, "tree_canopy_frac": 0.1363, "dist_to_water": 6440.6, "water_area_frac": 0.0228, "air_temp_max": 45.7, "wind_speed_mean": 2.77, "solar_radiation": 300.5, "veg_imperv_ratio": 0.3665, "green_deficit": 0.6456, "thermal_mass_proxy": 2208.9, "cooling_potential": 230.8, "sky_view_factor": 0.8449, "tier": "moderate", "delta_above_mean": 0.19, "priority_score": 0.1}}, {"type": "Feature", "geometry": {"type": "Polygon", "coordinates": [[[76.78370527597093, 30.66241043197678], [76.78892189612061, 30.66233870681557], [76.7890049959273, 30.666848346112335], [76.78378813376654, 30.66692008407675], [76.78370527597093, 30.66241043197678]]]}, "properties": {"grid_id": "cell_0547", "lst_mean": 36.06, "lst_max": 39.01, "frac_impervious": 0.6401, "frac_vegetation": 0.6982, "frac_bare_soil": 0.1059, "frac_water": 0.0231, "ndvi_mean": 0.6994, "ndvi_std": 0.0415, "ndbi_mean": 0.1261, "building_density": 191.7, "building_height_mean": 10.3, "road_density": 1511.9, "park_area_frac": 0.3367, "tree_canopy_frac": 0.3885, "dist_to_water": 6293.4, "water_area_frac": 0.0231, "air_temp_max": 44.3, "wind_speed_mean": 3.64, "solar_radiation": 278.4, "veg_imperv_ratio": 1.074, "green_deficit": 0.0, "thermal_mass_proxy": 1974.5, "cooling_potential": 84.0, "sky_view_factor": 0.837, "tier": "cool", "delta_above_mean": -6.25, "priority_score": 0.0}}, {"type": "Feature", "geometry": {"type": "Polygon", "coordinates": [[[76.78378813376654, 30.66692008407675], [76.7890049959273, 30.666848346112335], [76.78908811448467, 30.671357982072735], [76.78387101025822, 30.671429732841542], [76.78378813376654, 30.66692008407675]]]}, "properties": {"grid_id": "cell_0548", "lst_mean": 42.97, "lst_max": 46.11, "frac_impervious": 0.5966, "frac_vegetation": 0.238, "frac_bare_soil": 0.1426, "frac_water": 0.0227, "ndvi_mean": 0.1789, "ndvi_std": 0.0352, "ndbi_mean": 0.1593, "building_density": 207.5, "building_height_mean": 16.1, "road_density": 1637.0, "park_area_frac": 0.0881, "tree_canopy_frac": 0.1435, "dist_to_water": 5938.8, "water_area_frac": 0.0227, "air_temp_max": 44.6, "wind_speed_mean": 2.83, "solar_radiation": 308.4, "veg_imperv_ratio": 0.3924, "green_deficit": 0.6739, "thermal_mass_proxy": 3340.8, "cooling_potential": 235.0, "sky_view_factor": 0.7453, "tier": "moderate", "delta_above_mean": 0.66, "priority_score": 0.4}}, {"type": "Feature", "geometry": {"type": "Polygon", "coordinates": [[[76.78387101025822, 30.671429732841542], [76.78908811448467, 30.671357982072735], [76.78917125179632, 30.67586761469649], [76.78395390544965, 30.67593937827083], [76.78387101025822, 30.671429732841542]]]}, "properties": {"grid_id": "cell_0549", "lst_mean": 35.29, "lst_max": 39.4, "frac_impervious": 0.5056, "frac_vegetation": 0.6878, "frac_bare_soil": 0.1284, "frac_water": 0.0236, "ndvi_mean": 0.5086, "ndvi_std": 0.0253, "ndbi_mean": 0.0889, "building_density": 251.7, "building_height_mean": 13.9, "road_density": 1484.0, "park_area_frac": 0.7757, "tree_canopy_frac": 0.3983, "dist_to_water": 5063.8, "water_area_frac": 0.0236, "air_temp_max": 43.8, "wind_speed_mean": 2.16, "solar_radiation": 304.3, "veg_imperv_ratio": 1.334, "green_deficit": 0.0, "thermal_mass_proxy": 3498.6, "cooling_potential": 95.0, "sky_view_factor": 0.7801, "tier": "cool", "delta_above_mean": -7.02, "priority_score": 0.0}}, {"type": "Feature", "geometry": {"type": "Polygon", "coordinates": [[[76.78395390544965, 30.67593937827083], [76.78917125179632, 30.67586761469649], [76.7892544078659, 30.68037724398325], [76.7840368193444, 30.68044902036429], [76.78395390544965, 30.67593937827083]]]}, "properties": {"grid_id": "cell_0550", "lst_mean": 43.95, "lst_max": 48.22, "frac_impervious": 0.6054, "frac_vegetation": 0.2174, "frac_bare_soil": 0.133, "frac_water": 0.0441, "ndvi_mean": 0.2474, "ndvi_std": 0.0513, "ndbi_mean": 0.1165, "building_density": 220.1, "building_height_mean": 13.4, "road_density": 1596.0, "park_area_frac": 0.0613, "tree_canopy_frac": 0.121, "dist_to_water": 4272.1, "water_area_frac": 0.0441, "air_temp_max": 44.5, "wind_speed_mean": 1.74, "solar_radiation": 295.2, "veg_imperv_ratio": 0.3533, "green_deficit": 0.7213, "thermal_mass_proxy": 2949.3, "cooling_potential": 231.0, "sky_view_factor": 0.788, "tier": "moderate", "delta_above_mean": 1.64, "priority_score": 1.0}}, {"type": "Feature", "geometry": {"type": "Polygon", "coordinates": [[[76.7840368193444, 30.68044902036429], [76.7892544078659, 30.68037724398325], [76.78933758269702, 30.684886869932708], [76.7841197519461, 30.684958659121627], [76.7840368193444, 30.68044902036429]]]}, "properties": {"grid_id": "cell_0551", "lst_mean": 42.77, "lst_max": 46.31, "frac_impervious": 0.6372, "frac_vegetation": 0.2149, "frac_bare_soil": 0.1177, "frac_water": 0.0302, "ndvi_mean": 0.2851, "ndvi_std": 0.0237, "ndbi_mean": 0.1356, "building_density": 243.0, "building_height_mean": 17.5, "road_density": 1609.8, "park_area_frac": 0.0571, "tree_canopy_frac": 0.1264, "dist_to_water": 4228.9, "water_area_frac": 0.0302, "air_temp_max": 43.9, "wind_speed_mean": 3.24, "solar_radiation": 346.4, "veg_imperv_ratio": 0.332, "green_deficit": 0.728, "thermal_mass_proxy": 4252.5, "cooling_potential": 272.0, "sky_view_factor": 0.7231, "tier": "moderate", "delta_above_mean": 0.46, "priority_score": 0.3}}, {"type": "Feature", "geometry": {"type": "Polygon", "coordinates": [[[76.7841197519461, 30.684958659121627], [76.78933758269702, 30.684886869932708], [76.7894207762933, 30.689396492544542], [76.78420270325839, 30.68946829454247], [76.7841197519461, 30.684958659121627]]]}, "properties": {"grid_id": "cell_0552", "lst_mean": 42.61, "lst_max": 48.79, "frac_impervious": 0.5969, "frac_vegetation": 0.2183, "frac_bare_soil": 0.1491, "frac_water": 0.0358, "ndvi_mean": 0.1731, "ndvi_std": 0.0274, "ndbi_mean": 0.1597, "building_density": 255.3, "building_height_mean": 20.8, "road_density": 1816.9, "park_area_frac": 0.0663, "tree_canopy_frac": 0.1098, "dist_to_water": 3660.3, "water_area_frac": 0.0358, "air_temp_max": 42.7, "wind_speed_mean": 2.4, "solar_radiation": 291.8, "veg_imperv_ratio": 0.3597, "green_deficit": 0.7154, "thermal_mass_proxy": 5310.2, "cooling_potential": 228.1, "sky_view_factor": 0.6709, "tier": "moderate", "delta_above_mean": 0.3, "priority_score": 0.2}}, {"type": "Feature", "geometry": {"type": "Polygon", "coordinates": [[[76.78420270325839, 30.68946829454247], [76.7894207762933, 30.689396492544542], [76.78950398865841, 30.69390611181843], [76.78428567328484, 30.69397792662654], [76.78420270325839, 30.68946829454247]]]}, "properties": {"grid_id": "cell_0553", "lst_mean": 42.02, "lst_max": 50.07, "frac_impervious": 0.6055, "frac_vegetation": 0.2483, "frac_bare_soil": 0.1097, "frac_water": 0.0365, "ndvi_mean": 0.2451, "ndvi_std": 0.0365, "ndbi_mean": 0.1233, "building_density": 211.9, "building_height_mean": 18.1, "road_density": 1731.0, "park_area_frac": 0.058, "tree_canopy_frac": 0.1168, "dist_to_water": 2842.3, "water_area_frac": 0.0365, "air_temp_max": 46.4, "wind_speed_mean": 2.04, "solar_radiation": 301.5, "veg_imperv_ratio": 0.4034, "green_deficit": 0.6937, "thermal_mass_proxy": 3835.4, "cooling_potential": 226.6, "sky_view_factor": 0.7136, "tier": "normal", "delta_above_mean": -0.29, "priority_score": 0.0}}, {"type": "Feature", "geometry": {"type": "Polygon", "coordinates": [[[76.78428567328484, 30.69397792662654], [76.78950398865841, 30.69390611181843], [76.78958721979596, 30.698415727754035], [76.78436866202912, 30.698487555373518], [76.78428567328484, 30.69397792662654]]]}, "properties": {"grid_id": "cell_0554", "lst_mean": 43.02, "lst_max": 49.42, "frac_impervious": 0.6331, "frac_vegetation": 0.1907, "frac_bare_soil": 0.1569, "frac_water": 0.0193, "ndvi_mean": 0.183, "ndvi_std": 0.0494, "ndbi_mean": 0.1497, "building_density": 216.7, "building_height_mean": 16.9, "road_density": 1783.9, "park_area_frac": 0.0697, "tree_canopy_frac": 0.1202, "dist_to_water": 2770.8, "water_area_frac": 0.0193, "air_temp_max": 46.0, "wind_speed_mean": 2.06, "solar_radiation": 329.4, "veg_imperv_ratio": 0.2965, "green_deficit": 0.7396, "thermal_mass_proxy": 3662.2, "cooling_potential": 266.6, "sky_view_factor": 0.7326, "tier": "moderate", "delta_above_mean": 0.71, "priority_score": 0.5}}, {"type": "Feature", "geometry": {"type": "Polygon", "coordinates": [[[76.78436866202912, 30.698487555373518], [76.78958721979596, 30.698415727754035], [76.78967046970958, 30.70292534035106], [76.78445166949486, 30.70299718078305], [76.78436866202912, 30.698487555373518]]]}, "properties": {"grid_id": "cell_0555", "lst_mean": 42.99, "lst_max": 47.6, "frac_impervious": 0.7068, "frac_vegetation": 0.1998, "frac_bare_soil": 0.0631, "frac_water": 0.0302, "ndvi_mean": 0.2234, "ndvi_std": 0.0437, "ndbi_mean": 0.1832, "building_density": 242.5, "building_height_mean": 17.4, "road_density": 1880.4, "park_area_frac": 0.0491, "tree_canopy_frac": 0.1204, "dist_to_water": 2253.8, "water_area_frac": 0.0302, "air_temp_max": 42.7, "wind_speed_mean": 3.09, "solar_radiation": 326.5, "veg_imperv_ratio": 0.2787, "green_deficit": 0.7511, "thermal_mass_proxy": 4219.5, "cooling_potential": 261.3, "sky_view_factor": 0.7247, "tier": "moderate", "delta_above_mean": 0.68, "priority_score": 0.5}}, {"type": "Feature", "geometry": {"type": "Polygon", "coordinates": [[[76.78445166949486, 30.70299718078305], [76.78967046970958, 30.70292534035106], [76.78975373840292, 30.707434949609162], [76.78453469568564, 30.70750680285485], [76.78445166949486, 30.70299718078305]]]}, "properties": {"grid_id": "cell_0556", "lst_mean": 44.64, "lst_max": 48.47, "frac_impervious": 0.6474, "frac_vegetation": 0.2239, "frac_bare_soil": 0.1095, "frac_water": 0.0192, "ndvi_mean": 0.1678, "ndvi_std": 0.0363, "ndbi_mean": 0.1014, "building_density": 282.0, "building_height_mean": 19.7, "road_density": 1957.7, "park_area_frac": 0.0492, "tree_canopy_frac": 0.1341, "dist_to_water": 1352.5, "water_area_frac": 0.0192, "air_temp_max": 45.0, "wind_speed_mean": 2.63, "solar_radiation": 324.2, "veg_imperv_ratio": 0.3406, "green_deficit": 0.7269, "thermal_mass_proxy": 5555.4, "cooling_potential": 251.6, "sky_view_factor": 0.6883, "tier": "high", "delta_above_mean": 2.33, "priority_score": 1.4}}, {"type": "Feature", "geometry": {"type": "Polygon", "coordinates": [[[76.78453469568564, 30.70750680285485], [76.78975373840292, 30.707434949609162], [76.7898370258796, 30.711944555528035], [76.78461774060511, 30.712016421588572], [76.78453469568564, 30.70750680285485]]]}, "properties": {"grid_id": "cell_0557", "lst_mean": 45.06, "lst_max": 48.69, "frac_impervious": 0.7008, "frac_vegetation": 0.1363, "frac_bare_soil": 0.1324, "frac_water": 0.0305, "ndvi_mean": 0.1303, "ndvi_std": 0.034, "ndbi_mean": 0.1362, "building_density": 285.6, "building_height_mean": 20.0, "road_density": 1714.9, "park_area_frac": 0.0488, "tree_canopy_frac": 0.092, "dist_to_water": 1521.6, "water_area_frac": 0.0305, "air_temp_max": 46.4, "wind_speed_mean": 2.88, "solar_radiation": 304.3, "veg_imperv_ratio": 0.1918, "green_deficit": 0.8149, "thermal_mass_proxy": 5712.0, "cooling_potential": 262.8, "sky_view_factor": 0.6835, "tier": "high", "delta_above_mean": 2.75, "priority_score": 2.7}}, {"type": "Feature", "geometry": {"type": "Polygon", "coordinates": [[[76.78461774060511, 30.712016421588572], [76.7898370258796, 30.711944555528035], [76.78992033214325, 30.716454158107354], [76.7847008042569, 30.716526036983897], [76.78461774060511, 30.712016421588572]]]}, "properties": {"grid_id": "cell_0558", "lst_mean": 46.35, "lst_max": 48.52, "frac_impervious": 0.714, "frac_vegetation": 0.1769, "frac_bare_soil": 0.0852, "frac_water": 0.0239, "ndvi_mean": 0.1652, "ndvi_std": 0.0281, "ndbi_mean": 0.1957, "building_density": 308.7, "building_height_mean": 25.2, "road_density": 2003.9, "park_area_frac": 0.0548, "tree_canopy_frac": 0.0929, "dist_to_water": 791.9, "water_area_frac": 0.0239, "air_temp_max": 45.1, "wind_speed_mean": 2.32, "solar_radiation": 305.5, "veg_imperv_ratio": 0.2443, "green_deficit": 0.7683, "thermal_mass_proxy": 7779.2, "cooling_potential": 251.5, "sky_view_factor": 0.6013, "tier": "high", "delta_above_mean": 4.04, "priority_score": 3.1}}, {"type": "Feature", "geometry": {"type": "Polygon", "coordinates": [[[76.7847008042569, 30.716526036983897], [76.78992033214325, 30.716454158107354], [76.79000365719754, 30.720963757346794], [76.78478388664463, 30.72103564904052], [76.7847008042569, 30.716526036983897]]]}, "properties": {"grid_id": "cell_0559", "lst_mean": 42.64, "lst_max": 45.11, "frac_impervious": 0.6984, "frac_vegetation": 0.1153, "frac_bare_soil": 0.1129, "frac_water": 0.0734, "ndvi_mean": 0.16, "ndvi_std": 0.0306, "ndbi_mean": 0.1573, "building_density": 266.5, "building_height_mean": 19.6, "road_density": 1906.3, "park_area_frac": 0.0782, "tree_canopy_frac": 0.0758, "dist_to_water": 50.0, "water_area_frac": 0.1456, "air_temp_max": 44.1, "wind_speed_mean": 1.81, "solar_radiation": 302.5, "veg_imperv_ratio": 0.1628, "green_deficit": 0.8065, "thermal_mass_proxy": 5223.4, "cooling_potential": 267.6, "sky_view_factor": 0.6899, "tier": "moderate", "delta_above_mean": 0.33, "priority_score": 0.4}}, {"type": "Feature", "geometry": {"type": "Polygon", "coordinates": [[[76.78478388664463, 30.72103564904052], [76.79000365719754, 30.720963757346794], [76.7900870010461, 30.72547335324603], [76.78486698777193, 30.725545257758107], [76.78478388664463, 30.72103564904052]]]}, "properties": {"grid_id": "cell_0560", "lst_mean": 40.99, "lst_max": 43.0, "frac_impervious": 0.684, "frac_vegetation": 0.5565, "frac_bare_soil": 0.1357, "frac_water": 0.0218, "ndvi_mean": 0.41, "ndvi_std": 0.0334, "ndbi_mean": 0.2053, "building_density": 336.7, "building_height_mean": 22.5, "road_density": 2064.6, "park_area_frac": 0.7772, "tree_canopy_frac": 0.3607, "dist_to_water": 526.1, "water_area_frac": 0.0218, "air_temp_max": 46.9, "wind_speed_mean": 3.0, "solar_radiation": 292.9, "veg_imperv_ratio": 0.8019, "green_deficit": 0.0, "thermal_mass_proxy": 7575.8, "cooling_potential": 129.9, "sky_view_factor": 0.644, "tier": "normal", "delta_above_mean": -1.32, "priority_score": 0.0}}, {"type": "Feature", "geometry": {"type": "Polygon", "coordinates": [[[76.78486698777193, 30.725545257758107], [76.7900870010461, 30.72547335324603], [76.79017036369255, 30.72998294580476], [76.78495010764244, 30.730054863136353], [76.78486698777193, 30.725545257758107]]]}, "properties": {"grid_id": "cell_0561", "lst_mean": 47.55, "lst_max": 49.77, "frac_impervious": 0.8446, "frac_vegetation": 0.0966, "frac_bare_soil": 0.0347, "frac_water": 0.0241, "ndvi_mean": 0.1681, "ndvi_std": 0.0374, "ndbi_mean": 0.2668, "building_density": 300.7, "building_height_mean": 28.4, "road_density": 2240.3, "park_area_frac": 0.0456, "tree_canopy_frac": 0.0529, "dist_to_water": 1022.3, "water_area_frac": 0.0241, "air_temp_max": 45.4, "wind_speed_mean": 1.8, "solar_radiation": 321.9, "veg_imperv_ratio": 0.113, "green_deficit": 0.8578, "thermal_mass_proxy": 8539.9, "cooling_potential": 290.8, "sky_view_factor": 0.5506, "tier": "critical", "delta_above_mean": 5.24, "priority_score": 7.0}}, {"type": "Feature", "geometry": {"type": "Polygon", "coordinates": [[[76.78495010764244, 30.730054863136353], [76.79017036369255, 30.72998294580476], [76.79025374514056, 30.734492535022646], [76.78503324625977, 30.734564465174916], [76.78495010764244, 30.730054863136353]]]}, "properties": {"grid_id": "cell_0562", "lst_mean": 45.81, "lst_max": 48.68, "frac_impervious": 0.7505, "frac_vegetation": 0.1036, "frac_bare_soil": 0.104, "frac_water": 0.042, "ndvi_mean": 0.1826, "ndvi_std": 0.038, "ndbi_mean": 0.2218, "building_density": 322.3, "building_height_mean": 26.7, "road_density": 2254.0, "park_area_frac": 0.0573, "tree_canopy_frac": 0.1001, "dist_to_water": 1649.3, "water_area_frac": 0.042, "air_temp_max": 44.0, "wind_speed_mean": 2.42, "solar_radiation": 302.9, "veg_imperv_ratio": 0.1362, "green_deficit": 0.8391, "thermal_mass_proxy": 8605.4, "cooling_potential": 271.5, "sky_view_factor": 0.5775, "tier": "high", "delta_above_mean": 3.5, "priority_score": 4.4}}, {"type": "Feature", "geometry": {"type": "Polygon", "coordinates": [[[76.78503324625977, 30.734564465174916], [76.79025374514056, 30.734492535022646], [76.79033714539375, 30.73900212089937], [76.78511640362758, 30.739074063873495], [76.78503324625977, 30.734564465174916]]]}, "properties": {"grid_id": "cell_0563", "lst_mean": 46.57, "lst_max": 48.81, "frac_impervious": 0.8059, "frac_vegetation": 0.1411, "frac_bare_soil": 0.0331, "frac_water": 0.0199, "ndvi_mean": 0.1885, "ndvi_std": 0.0362, "ndbi_mean": 0.277, "building_density": 294.5, "building_height_mean": 22.7, "road_density": 2020.5, "park_area_frac": 0.0726, "tree_canopy_frac": 0.0857, "dist_to_water": 1743.5, "water_area_frac": 0.0199, "air_temp_max": 42.9, "wind_speed_mean": 2.71, "solar_radiation": 288.1, "veg_imperv_ratio": 0.1729, "green_deficit": 0.7863, "thermal_mass_proxy": 6685.2, "cooling_potential": 247.4, "sky_view_factor": 0.6408, "tier": "high", "delta_above_mean": 4.26, "priority_score": 4.0}}, {"type": "Feature", "geometry": {"type": "Polygon", "coordinates": [[[76.78511640362758, 30.739074063873495], [76.79033714539375, 30.73900212089937], [76.79042056445576, 30.743511703434606], [76.78519957974949, 30.743583659231746], [76.78511640362758, 30.739074063873495]]]}, "properties": {"grid_id": "cell_0564", "lst_mean": 45.53, "lst_max": 51.01, "frac_impervious": 0.732, "frac_vegetation": 0.1681, "frac_bare_soil": 0.0699, "frac_water": 0.03, "ndvi_mean": 0.2326, "ndvi_std": 0.0298, "ndbi_mean": 0.1903, "building_density": 306.7, "building_height_mean": 22.9, "road_density": 1943.2, "park_area_frac": 0.0481, "tree_canopy_frac": 0.0838, "dist_to_water": 2537.0, "water_area_frac": 0.03, "air_temp_max": 40.4, "wind_speed_mean": 2.07, "solar_radiation": 330.8, "veg_imperv_ratio": 0.2265, "green_deficit": 0.7838, "thermal_mass_proxy": 7023.4, "cooling_potential": 275.2, "sky_view_factor": 0.6377, "tier": "high", "delta_above_mean": 3.22, "priority_score": 2.6}}, {"type": "Feature", "geometry": {"type": "Polygon", "coordinates": [[[76.78519957974949, 30.743583659231746], [76.79042056445576, 30.743511703434606], [76.79050400233027, 30.748021282628052], [76.78528277462914, 30.748093251249372], [76.78519957974949, 30.743583659231746]]]}, "properties": {"grid_id": "cell_0565", "lst_mean": 45.03, "lst_max": 49.49, "frac_impervious": 0.6402, "frac_vegetation": 0.1857, "frac_bare_soil": 0.1449, "frac_water": 0.0293, "ndvi_mean": 0.2053, "ndvi_std": 0.0423, "ndbi_mean": 0.1755, "building_density": 304.7, "building_height_mean": 21.5, "road_density": 1823.2, "park_area_frac": 0.0561, "tree_canopy_frac": 0.1284, "dist_to_water": 2825.0, "water_area_frac": 0.0293, "air_temp_max": 47.3, "wind_speed_mean": 1.72, "solar_radiation": 309.9, "veg_imperv_ratio": 0.2856, "green_deficit": 0.7582, "thermal_mass_proxy": 6551.0, "cooling_potential": 252.4, "sky_view_factor": 0.6598, "tier": "high", "delta_above_mean": 2.72, "priority_score": 2.0}}, {"type": "Feature", "geometry": {"type": "Polygon", "coordinates": [[[76.78528277462914, 30.748093251249372], [76.79050400233027, 30.748021282628052], [76.7905874590209, 30.752530858479364], [76.78536598827016, 30.75260283992603], [76.78528277462914, 30.748093251249372]]]}, "properties": {"grid_id": "cell_0566", "lst_mean": 44.23, "lst_max": 46.35, "frac_impervious": 0.6777, "frac_vegetation": 0.1661, "frac_bare_soil": 0.1153, "frac_water": 0.0409, "ndvi_mean": 0.1466, "ndvi_std": 0.0324, "ndbi_mean": 0.1535, "building_density": 231.2, "building_height_mean": 17.0, "road_density": 1791.8, "park_area_frac": 0.0648, "tree_canopy_frac": 0.0974, "dist_to_water": 3263.0, "water_area_frac": 0.0409, "air_temp_max": 42.5, "wind_speed_mean": 2.16, "solar_radiation": 324.6, "veg_imperv_ratio": 0.2415, "green_deficit": 0.7691, "thermal_mass_proxy": 3930.4, "cooling_potential": 270.7, "sky_view_factor": 0.731, "tier": "moderate", "delta_above_mean": 1.92, "priority_score": 1.6}}, {"type": "Feature", "geometry": {"type": "Polygon", "coordinates": [[[76.78536598827016, 30.75260283992603], [76.7905874590209, 30.752530858479364], [76.79067093453129, 30.75704043098824], [76.78544922067617, 30.757112425261425], [76.78536598827016, 30.75260283992603]]]}, "properties": {"grid_id": "cell_0567", "lst_mean": 42.66, "lst_max": 45.09, "frac_impervious": 0.6531, "frac_vegetation": 0.2016, "frac_bare_soil": 0.0881, "frac_water": 0.0572, "ndvi_mean": 0.2417, "ndvi_std": 0.0253, "ndbi_mean": 0.2348, "building_density": 225.7, "building_height_mean": 19.3, "road_density": 1477.1, "park_area_frac": 0.0519, "tree_canopy_frac": 0.142, "dist_to_water": 3703.3, "water_area_frac": 0.0572, "air_temp_max": 45.3, "wind_speed_mean": 2.79, "solar_radiation": 307.3, "veg_imperv_ratio": 0.304, "green_deficit": 0.7465, "thermal_mass_proxy": 4356.0, "cooling_potential": 245.3, "sky_view_factor": 0.6946, "tier": "moderate", "delta_above_mean": 0.35, "priority_score": 0.2}}, {"type": "Feature", "geometry": {"type": "Polygon", "coordinates": [[[76.78544922067617, 30.757112425261425], [76.79067093453129, 30.75704043098824], [76.79075442886513, 30.761550000154358], [76.78553247185084, 30.76162200725523], [76.78544922067617, 30.757112425261425]]]}, "properties": {"grid_id": "cell_0568", "lst_mean": 43.17, "lst_max": 47.73, "frac_impervious": 0.634, "frac_vegetation": 0.1876, "frac_bare_soil": 0.122, "frac_water": 0.0565, "ndvi_mean": 0.1756, "ndvi_std": 0.031, "ndbi_mean": 0.2131, "building_density": 232.2, "building_height_mean": 15.6, "road_density": 1730.7, "park_area_frac": 0.0523, "tree_canopy_frac": 0.1208, "dist_to_water": 3997.7, "water_area_frac": 0.0565, "air_temp_max": 42.1, "wind_speed_mean": 2.85, "solar_radiation": 320.6, "veg_imperv_ratio": 0.2913, "green_deficit": 0.7601, "thermal_mass_proxy": 3622.3, "cooling_potential": 260.5, "sky_view_factor": 0.7532, "tier": "moderate", "delta_above_mean": 0.86, "priority_score": 0.6}}, {"type": "Feature", "geometry": {"type": "Polygon", "coordinates": [[[76.78553247185084, 30.76162200725523], [76.79075442886513, 30.761550000154358], [76.79083794202602, 30.766059565977375], [76.78561574179781, 30.766131585907104], [76.78553247185084, 30.76162200725523]]]}, "properties": {"grid_id": "cell_0569", "lst_mean": 44.77, "lst_max": 49.21, "frac_impervious": 0.6593, "frac_vegetation": 0.1447, "frac_bare_soil": 0.1765, "frac_water": 0.0196, "ndvi_mean": 0.1996, "ndvi_std": 0.0324, "ndbi_mean": 0.1641, "building_density": 238.9, "building_height_mean": 17.0, "road_density": 1764.5, "park_area_frac": 0.0531, "tree_canopy_frac": 0.0802, "dist_to_water": 4988.4, "water_area_frac": 0.0196, "air_temp_max": 44.0, "wind_speed_mean": 3.14, "solar_radiation": 349.1, "veg_imperv_ratio": 0.2162, "green_deficit": 0.8022, "thermal_mass_proxy": 4061.3, "cooling_potential": 298.6, "sky_view_factor": 0.731, "tier": "high", "delta_above_mean": 2.46, "priority_score": 2.3}}, {"type": "Feature", "geometry": {"type": "Polygon", "coordinates": [[[76.78561574179781, 30.766131585907104], [76.79083794202602, 30.766059565977375], [76.79092147401764, 30.770569128456984], [76.7856990305207, 30.770641161216748], [76.78561574179781, 30.766131585907104]]]}, "properties": {"grid_id": "cell_0570", "lst_mean": 44.65, "lst_max": 51.02, "frac_impervious": 0.7034, "frac_vegetation": 0.1918, "frac_bare_soil": 0.0684, "frac_water": 0.0364, "ndvi_mean": 0.2431, "ndvi_std": 0.0444, "ndbi_mean": 0.193, "building_density": 312.4, "building_height_mean": 19.4, "road_density": 1830.8, "park_area_frac": 0.0697, "tree_canopy_frac": 0.1455, "dist_to_water": 5327.8, "water_area_frac": 0.0364, "air_temp_max": 44.4, "wind_speed_mean": 3.07, "solar_radiation": 295.2, "veg_imperv_ratio": 0.2689, "green_deficit": 0.7385, "thermal_mass_proxy": 6060.6, "cooling_potential": 238.6, "sky_view_factor": 0.693, "tier": "high", "delta_above_mean": 2.34, "priority_score": 1.7}}, {"type": "Feature", "geometry": {"type": "Polygon", "coordinates": [[[76.7856990305207, 30.770641161216748], [76.79092147401764, 30.770569128456984], [76.79100502484366, 30.77507868759288], [76.78578233802318, 30.77515073318384], [76.7856990305207, 30.770641161216748]]]}, "properties": {"grid_id": "cell_0571", "lst_mean": 46.48, "lst_max": 57.5, "frac_impervious": 0.6936, "frac_vegetation": 0.1831, "frac_bare_soil": 0.0916, "frac_water": 0.0318, "ndvi_mean": 0.2052, "ndvi_std": 0.0328, "ndbi_mean": 0.2182, "building_density": 276.0, "building_height_mean": 16.7, "road_density": 1796.4, "park_area_frac": 0.0492, "tree_canopy_frac": 0.0998, "dist_to_water": 5338.3, "water_area_frac": 0.0318, "air_temp_max": 42.2, "wind_speed_mean": 1.91, "solar_radiation": 301.0, "veg_imperv_ratio": 0.2602, "green_deficit": 0.7677, "thermal_mass_proxy": 4609.2, "cooling_potential": 245.9, "sky_view_factor": 0.7358, "tier": "high", "delta_above_mean": 4.17, "priority_score": 3.1}}, {"type": "Feature", "geometry": {"type": "Polygon", "coordinates": [[[76.78578233802318, 30.77515073318384], [76.79100502484366, 30.77507868759288], [76.79108859450768, 30.779588243384726], [76.78586566430884, 30.779660301808047], [76.78578233802318, 30.77515073318384]]]}, "properties": {"grid_id": "cell_0572", "lst_mean": 43.0, "lst_max": 50.61, "frac_impervious": 0.5871, "frac_vegetation": 0.2498, "frac_bare_soil": 0.1387, "frac_water": 0.0244, "ndvi_mean": 0.18, "ndvi_std": 0.0279, "ndbi_mean": 0.1304, "building_density": 226.9, "building_height_mean": 16.9, "road_density": 1428.0, "park_area_frac": 0.0555, "tree_canopy_frac": 0.1066, "dist_to_water": 6401.4, "water_area_frac": 0.0244, "air_temp_max": 45.0, "wind_speed_mean": 3.29, "solar_radiation": 296.5, "veg_imperv_ratio": 0.4184, "green_deficit": 0.6947, "thermal_mass_proxy": 3834.6, "cooling_potential": 222.4, "sky_view_factor": 0.7326, "tier": "moderate", "delta_above_mean": 0.69, "priority_score": 0.4}}, {"type": "Feature", "geometry": {"type": "Polygon", "coordinates": [[[76.78586566430884, 30.779660301808047], [76.79108859450768, 30.779588243384726], [76.79117218301342, 30.784097795832206], [76.7859490093814, 30.78416986708908], [76.78586566430884, 30.779660301808047]]]}, "properties": {"grid_id": "cell_0573", "lst_mean": 41.12, "lst_max": 43.91, "frac_impervious": 0.5753, "frac_vegetation": 0.2295, "frac_bare_soil": 0.1754, "frac_water": 0.0198, "ndvi_mean": 0.1872, "ndvi_std": 0.0389, "ndbi_mean": 0.1104, "building_density": 198.9, "building_height_mean": 10.8, "road_density": 1576.8, "park_area_frac": 0.0616, "tree_canopy_frac": 0.1553, "dist_to_water": 7119.9, "water_area_frac": 0.0198, "air_temp_max": 43.0, "wind_speed_mean": 2.15, "solar_radiation": 342.4, "veg_imperv_ratio": 0.3921, "green_deficit": 0.7089, "thermal_mass_proxy": 2148.1, "cooling_potential": 263.8, "sky_view_factor": 0.8291, "tier": "normal", "delta_above_mean": -1.19, "priority_score": 0.0}}, {"type": "Feature", "geometry": {"type": "Polygon", "coordinates": [[[76.7859490093814, 30.78416986708908], [76.79117218301342, 30.784097795832206], [76.79125579036449, 30.78860734493501], [76.78603237324444, 30.78867942902658], [76.7859490093814, 30.78416986708908]]]}, "properties": {"grid_id": "cell_0574", "lst_mean": 41.59, "lst_max": 44.03, "frac_impervious": 0.6669, "frac_vegetation": 0.1707, "frac_bare_soil": 0.131, "frac_water": 0.0314, "ndvi_mean": 0.225, "ndvi_std": 0.0348, "ndbi_mean": 0.193, "building_density": 191.5, "building_height_mean": 13.5, "road_density": 1721.8, "park_area_frac": 0.0537, "tree_canopy_frac": 0.1094, "dist_to_water": 7129.0, "water_area_frac": 0.0314, "air_temp_max": 44.3, "wind_speed_mean": 2.9, "solar_radiation": 312.9, "veg_imperv_ratio": 0.2522, "green_deficit": 0.7756, "thermal_mass_proxy": 2585.2, "cooling_potential": 259.5, "sky_view_factor": 0.7864, "tier": "normal", "delta_above_mean": -0.72, "priority_score": 0.0}}, {"type": "Feature", "geometry": {"type": "Polygon", "coordinates": [[[76.78603237324444, 30.78867942902658], [76.79125579036449, 30.78860734493501], [76.79133941656457, 30.793116890692794], [76.78611575590165, 30.793188987620244], [76.78603237324444, 30.78867942902658]]]}, "properties": {"grid_id": "cell_0575", "lst_mean": 38.84, "lst_max": 42.97, "frac_impervious": 0.5546, "frac_vegetation": 0.2647, "frac_bare_soil": 0.1168, "frac_water": 0.0639, "ndvi_mean": 0.2273, "ndvi_std": 0.043, "ndbi_mean": 0.1242, "building_density": 156.6, "building_height_mean": 7.4, "road_density": 1339.8, "park_area_frac": 0.0633, "tree_canopy_frac": 0.1845, "dist_to_water": 7749.9, "water_area_frac": 0.0639, "air_temp_max": 44.8, "wind_speed_mean": 4.16, "solar_radiation": 322.7, "veg_imperv_ratio": 0.4688, "green_deficit": 0.672, "thermal_mass_proxy": 1158.8, "cooling_potential": 237.3, "sky_view_factor": 0.8829, "tier": "cool", "delta_above_mean": -3.47, "priority_score": 0.0}}, {"type": "Feature", "geometry": {"type": "Polygon", "coordinates": [[[76.78611575590165, 30.793188987620244], [76.79133941656457, 30.793116890692794], [76.79142306161731, 30.797626433105254], [76.78619915735666, 30.797698542869743], [76.78611575590165, 30.793188987620244]]]}, "properties": {"grid_id": "cell_0576", "lst_mean": 38.25, "lst_max": 40.79, "frac_impervious": 0.4821, "frac_vegetation": 0.2779, "frac_bare_soil": 0.1966, "frac_water": 0.0434, "ndvi_mean": 0.2413, "ndvi_std": 0.0514, "ndbi_mean": 0.0983, "building_density": 209.9, "building_height_mean": 14.3, "road_density": 1384.2, "park_area_frac": 0.1034, "tree_canopy_frac": 0.1491, "dist_to_water": 8482.6, "water_area_frac": 0.0434, "air_temp_max": 44.2, "wind_speed_mean": 2.91, "solar_radiation": 269.2, "veg_imperv_ratio": 0.5647, "green_deficit": 0.6187, "thermal_mass_proxy": 3001.6, "cooling_potential": 194.4, "sky_view_factor": 0.7737, "tier": "cool", "delta_above_mean": -4.06, "priority_score": 0.0}}, {"type": "Feature", "geometry": {"type": "Polygon", "coordinates": [[[76.78619915735666, 30.797698542869743], [76.79142306161731, 30.797626433105254], [76.79150672552638, 30.802135972172064], [76.78628257761312, 30.802208094774787], [76.78619915735666, 30.797698542869743]]]}, "properties": {"grid_id": "cell_0577", "lst_mean": 42.21, "lst_max": 46.67, "frac_impervious": 0.5526, "frac_vegetation": 0.2712, "frac_bare_soil": 0.1546, "frac_water": 0.0216, "ndvi_mean": 0.2584, "ndvi_std": 0.0519, "ndbi_mean": 0.096, "building_density": 238.1, "building_height_mean": 12.9, "road_density": 1472.5, "park_area_frac": 0.0551, "tree_canopy_frac": 0.1578, "dist_to_water": 8384.6, "water_area_frac": 0.0216, "air_temp_max": 43.0, "wind_speed_mean": 1.85, "solar_radiation": 314.8, "veg_imperv_ratio": 0.482, "green_deficit": 0.6737, "thermal_mass_proxy": 3071.5, "cooling_potential": 229.4, "sky_view_factor": 0.7959, "tier": "normal", "delta_above_mean": -0.1, "priority_score": 0.0}}, {"type": "Feature", "geometry": {"type": "Polygon", "coordinates": [[[76.78867270916827, 30.6488097689105], [76.79388858487576, 30.64873787302208], [76.79397187029605, 30.653247509488885], [76.7887557527447, 30.653319418214338], [76.78867270916827, 30.6488097689105]]]}, "properties": {"grid_id": "cell_0578", "lst_mean": 41.23, "lst_max": 44.38, "frac_impervious": 0.5814, "frac_vegetation": 0.2243, "frac_bare_soil": 0.1737, "frac_water": 0.0206, "ndvi_mean": 0.233, "ndvi_std": 0.032, "ndbi_mean": 0.081, "building_density": 186.5, "building_height_mean": 8.7, "road_density": 1107.0, "park_area_frac": 0.082, "tree_canopy_frac": 0.1274, "dist_to_water": 7571.2, "water_area_frac": 0.0206, "air_temp_max": 45.3, "wind_speed_mean": 2.88, "solar_radiation": 305.6, "veg_imperv_ratio": 0.3793, "green_deficit": 0.6937, "thermal_mass_proxy": 1622.6, "cooling_potential": 237.1, "sky_view_factor": 0.8623, "tier": "normal", "delta_above_mean": -1.08, "priority_score": 0.0}}, {"type": "Feature", "geometry": {"type": "Polygon", "coordinates": [[[76.7887557527447, 30.653319418214338], [76.79397187029605, 30.653247509488885], [76.79405517451067, 30.657757142619126], [76.78883881506096, 30.65782906418281], [76.7887557527447, 30.653319418214338]]]}, "properties": {"grid_id": "cell_0579", "lst_mean": 42.21, "lst_max": 46.58, "frac_impervious": 0.6648, "frac_vegetation": 0.1835, "frac_bare_soil": 0.1246, "frac_water": 0.0271, "ndvi_mean": 0.2001, "ndvi_std": 0.0285, "ndbi_mean": 0.173, "building_density": 213.6, "building_height_mean": 10.7, "road_density": 1377.9, "park_area_frac": 0.0645, "tree_canopy_frac": 0.1288, "dist_to_water": 7245.2, "water_area_frac": 0.0271, "air_temp_max": 43.1, "wind_speed_mean": 3.83, "solar_radiation": 333.5, "veg_imperv_ratio": 0.2719, "green_deficit": 0.752, "thermal_mass_proxy": 2285.5, "cooling_potential": 272.3, "sky_view_factor": 0.8307, "tier": "normal", "delta_above_mean": -0.1, "priority_score": 0.0}}, {"type": "Feature", "geometry": {"type": "Polygon", "coordinates": [[[76.78883881506096, 30.65782906418281], [76.79405517451067, 30.657757142619126], [76.79413849752325, 30.66226677241251], [76.78892189612061, 30.66233870681557], [76.78883881506096, 30.65782906418281]]]}, "properties": {"grid_id": "cell_0580", "lst_mean": 42.16, "lst_max": 44.65, "frac_impervious": 0.55, "frac_vegetation": 0.2915, "frac_bare_soil": 0.1245, "frac_water": 0.0339, "ndvi_mean": 0.2395, "ndvi_std": 0.0329, "ndbi_mean": 0.1471, "building_density": 196.2, "building_height_mean": 11.7, "road_density": 1513.3, "park_area_frac": 0.078, "tree_canopy_frac": 0.1879, "dist_to_water": 6561.6, "water_area_frac": 0.0339, "air_temp_max": 43.2, "wind_speed_mean": 2.68, "solar_radiation": 318.2, "veg_imperv_ratio": 0.5205, "green_deficit": 0.6305, "thermal_mass_proxy": 2295.5, "cooling_potential": 225.4, "sky_view_factor": 0.8149, "tier": "normal", "delta_above_mean": -0.15, "priority_score": 0.0}}, {"type": "Feature", "geometry": {"type": "Polygon", "coordinates": [[[76.78892189612061, 30.66233870681557], [76.79413849752325, 30.66226677241251], [76.79422183933742, 30.66677639886873], [76.7890049959273, 30.666848346112335], [76.78892189612061, 30.66233870681557]]]}, "properties": {"grid_id": "cell_0581", "lst_mean": 42.29, "lst_max": 45.36, "frac_impervious": 0.5874, "frac_vegetation": 0.2536, "frac_bare_soil": 0.1286, "frac_water": 0.0303, "ndvi_mean": 0.2174, "ndvi_std": 0.0473, "ndbi_mean": 0.1282, "building_density": 202.7, "building_height_mean": 10.2, "road_density": 1262.4, "park_area_frac": 0.0741, "tree_canopy_frac": 0.1565, "dist_to_water": 5912.2, "water_area_frac": 0.0303, "air_temp_max": 42.7, "wind_speed_mean": 3.48, "solar_radiation": 303.6, "veg_imperv_ratio": 0.4245, "green_deficit": 0.6723, "thermal_mass_proxy": 2067.5, "cooling_potential": 226.6, "sky_view_factor": 0.8386, "tier": "normal", "delta_above_mean": -0.02, "priority_score": 0.0}}, {"type": "Feature", "geometry": {"type": "Polygon", "coordinates": [[[76.7890049959273, 30.666848346112335], [76.79422183933742, 30.66677639886873], [76.79430519995681, 30.67128602198743], [76.78908811448467, 30.671357982072735], [76.7890049959273, 30.666848346112335]]]}, "properties": {"grid_id": "cell_0582", "lst_mean": 41.12, "lst_max": 44.37, "frac_impervious": 0.6023, "frac_vegetation": 0.2132, "frac_bare_soil": 0.1561, "frac_water": 0.0284, "ndvi_mean": 0.2323, "ndvi_std": 0.0515, "ndbi_mean": 0.184, "building_density": 208.8, "building_height_mean": 14.8, "road_density": 1438.6, "park_area_frac": 0.0585, "tree_canopy_frac": 0.1323, "dist_to_water": 5419.8, "water_area_frac": 0.0284, "air_temp_max": 41.5, "wind_speed_mean": 2.19, "solar_radiation": 335.2, "veg_imperv_ratio": 0.3482, "green_deficit": 0.7283, "thermal_mass_proxy": 3090.2, "cooling_potential": 263.7, "sky_view_factor": 0.7658, "tier": "normal", "delta_above_mean": -1.19, "priority_score": 0.0}}, {"type": "Feature", "geometry": {"type": "Polygon", "coordinates": [[[76.78908811448467, 30.671357982072735], [76.79430519995681, 30.67128602198743], [76.79438857938507, 30.67579564176831], [76.78917125179632, 30.67586761469649], [76.78908811448467, 30.671357982072735]]]}, "properties": {"grid_id": "cell_0583", "lst_mean": 42.38, "lst_max": 48.68, "frac_impervious": 0.6165, "frac_vegetation": 0.2076, "frac_bare_soil": 0.1565, "frac_water": 0.0193, "ndvi_mean": 0.2204, "ndvi_std": 0.0335, "ndbi_mean": 0.1255, "building_density": 284.5, "building_height_mean": 15.7, "road_density": 1623.7, "park_area_frac": 0.0869, "tree_canopy_frac": 0.1016, "dist_to_water": 4845.4, "water_area_frac": 0.0193, "air_temp_max": 41.8, "wind_speed_mean": 2.29, "solar_radiation": 336.8, "veg_imperv_ratio": 0.3314, "green_deficit": 0.7055, "thermal_mass_proxy": 4466.6, "cooling_potential": 266.9, "sky_view_factor": 0.7516, "tier": "moderate", "delta_above_mean": 0.07, "priority_score": 0.0}}, {"type": "Feature", "geometry": {"type": "Polygon", "coordinates": [[[76.78917125179632, 30.67586761469649], [76.79438857938507, 30.67579564176831], [76.79447197762583, 30.680305258211032], [76.7892544078659, 30.68037724398325], [76.78917125179632, 30.67586761469649]]]}, "properties": {"grid_id": "cell_0584", "lst_mean": 45.91, "lst_max": 48.37, "frac_impervious": 0.6925, "frac_vegetation": 0.1211, "frac_bare_soil": 0.1604, "frac_water": 0.026, "ndvi_mean": 0.1528, "ndvi_std": 0.0273, "ndbi_mean": 0.1454, "building_density": 221.5, "building_height_mean": 17.4, "road_density": 1419.8, "park_area_frac": 0.0662, "tree_canopy_frac": 0.088, "dist_to_water": 4539.2, "water_area_frac": 0.026, "air_temp_max": 42.6, "wind_speed_mean": 2.52, "solar_radiation": 337.7, "veg_imperv_ratio": 0.1724, "green_deficit": 0.8127, "thermal_mass_proxy": 3854.1, "cooling_potential": 296.8, "sky_view_factor": 0.7247, "tier": "high", "delta_above_mean": 3.6, "priority_score": 3.9}}, {"type": "Feature", "geometry": {"type": "Polygon", "coordinates": [[[76.7892544078659, 30.68037724398325], [76.79447197762583, 30.680305258211032], [76.79455539468273, 30.684814871315286], [76.78933758269702, 30.684886869932708], [76.7892544078659, 30.68037724398325]]]}, "properties": {"grid_id": "cell_0585", "lst_mean": 42.88, "lst_max": 49.02, "frac_impervious": 0.6353, "frac_vegetation": 0.2328, "frac_bare_soil": 0.1037, "frac_water": 0.0282, "ndvi_mean": 0.2489, "ndvi_std": 0.0533, "ndbi_mean": 0.1521, "building_density": 231.3, "building_height_mean": 12.3, "road_density": 1635.0, "park_area_frac": 0.0862, "tree_canopy_frac": 0.1555, "dist_to_water": 4375.1, "water_area_frac": 0.0282, "air_temp_max": 42.0, "wind_speed_mean": 3.56, "solar_radiation": 322.1, "veg_imperv_ratio": 0.3608, "green_deficit": 0.681, "thermal_mass_proxy": 2845.0, "cooling_potential": 247.1, "sky_view_factor": 0.8054, "tier": "moderate", "delta_above_mean": 0.57, "priority_score": 0.3}}, {"type": "Feature", "geometry": {"type": "Polygon", "coordinates": [[[76.78933758269702, 30.684886869932708], [76.79455539468273, 30.684814871315286], [76.79463883055942, 30.689324481080725], [76.7894207762933, 30.689396492544542], [76.78933758269702, 30.684886869932708]]]}, "properties": {"grid_id": "cell_0586", "lst_mean": 42.18, "lst_max": 46.63, "frac_impervious": 0.595, "frac_vegetation": 0.2096, "frac_bare_soil": 0.1538, "frac_water": 0.0416, "ndvi_mean": 0.2009, "ndvi_std": 0.0418, "ndbi_mean": 0.1355, "building_density": 185.0, "building_height_mean": 13.6, "road_density": 1711.8, "park_area_frac": 0.0625, "tree_canopy_frac": 0.1716, "dist_to_water": 4134.2, "water_area_frac": 0.0416, "air_temp_max": 43.1, "wind_speed_mean": 2.45, "solar_radiation": 307.5, "veg_imperv_ratio": 0.3464, "green_deficit": 0.7279, "thermal_mass_proxy": 2516.0, "cooling_potential": 243.0, "sky_view_factor": 0.7848, "tier": "normal", "delta_above_mean": -0.13, "priority_score": 0.0}}, {"type": "Feature", "geometry": {"type": "Polygon", "coordinates": [[[76.7894207762933, 30.689396492544542], [76.79463883055942, 30.689324481080725], [76.79472228525954, 30.69383408750707], [76.78950398865841, 30.69390611181843], [76.7894207762933, 30.689396492544542]]]}, "properties": {"grid_id": "cell_0587", "lst_mean": 42.91, "lst_max": 46.88, "frac_impervious": 0.578, "frac_vegetation": 0.2541, "frac_bare_soil": 0.138, "frac_water": 0.03, "ndvi_mean": 0.2015, "ndvi_std": 0.0447, "ndbi_mean": 0.1543, "building_density": 226.7, "building_height_mean": 18.7, "road_density": 1585.5, "park_area_frac": 0.1355, "tree_canopy_frac": 0.1619, "dist_to_water": 3167.0, "water_area_frac": 0.03, "air_temp_max": 44.7, "wind_speed_mean": 1.65, "solar_radiation": 313.3, "veg_imperv_ratio": 0.4321, "green_deficit": 0.6104, "thermal_mass_proxy": 4239.3, "cooling_potential": 233.7, "sky_view_factor": 0.7041, "tier": "moderate", "delta_above_mean": 0.6, "priority_score": 0.3}}, {"type": "Feature", "geometry": {"type": "Polygon", "coordinates": [[[76.78950398865841, 30.69390611181843], [76.79472228525954, 30.69383408750707], [76.79480575878671, 30.69834369059397], [76.78958721979596, 30.698415727754035], [76.78950398865841, 30.69390611181843]]]}, "properties": {"grid_id": "cell_0588", "lst_mean": 44.39, "lst_max": 48.71, "frac_impervious": 0.7017, "frac_vegetation": 0.141, "frac_bare_soil": 0.1345, "frac_water": 0.0229, "ndvi_mean": 0.1477, "ndvi_std": 0.0194, "ndbi_mean": 0.1574, "building_density": 279.8, "building_height_mean": 18.5, "road_density": 1669.8, "park_area_frac": 0.077, "tree_canopy_frac": 0.0973, "dist_to_water": 2811.4, "water_area_frac": 0.0229, "air_temp_max": 43.4, "wind_speed_mean": 3.57, "solar_radiation": 308.1, "veg_imperv_ratio": 0.1981, "green_deficit": 0.782, "thermal_mass_proxy": 5176.3, "cooling_potential": 264.7, "sky_view_factor": 0.7073, "tier": "moderate", "delta_above_mean": 2.08, "priority_score": 2.0}}, {"type": "Feature", "geometry": {"type": "Polygon", "coordinates": [[[76.78958721979596, 30.698415727754035], [76.79480575878671, 30.69834369059397], [76.7948892511446, 30.702853290341114], [76.78967046970958, 30.70292534035106], [76.78958721979596, 30.698415727754035]]]}, "properties": {"grid_id": "cell_0589", "lst_mean": 43.65, "lst_max": 47.04, "frac_impervious": 0.6247, "frac_vegetation": 0.1932, "frac_bare_soil": 0.1567, "frac_water": 0.0255, "ndvi_mean": 0.1672, "ndvi_std": 0.0422, "ndbi_mean": 0.1909, "building_density": 223.8, "building_height_mean": 14.5, "road_density": 1785.1, "park_area_frac": 0.1176, "tree_canopy_frac": 0.1255, "dist_to_water": 1967.6, "water_area_frac": 0.0255, "air_temp_max": 44.1, "wind_speed_mean": 2.61, "solar_radiation": 315.6, "veg_imperv_ratio": 0.3044, "green_deficit": 0.6892, "thermal_mass_proxy": 3245.1, "cooling_potential": 254.6, "sky_view_factor": 0.7706, "tier": "moderate", "delta_above_mean": 1.34, "priority_score": 0.9}}, {"type": "Feature", "geometry": {"type": "Polygon", "coordinates": [[[76.78967046970958, 30.70292534035106], [76.7948892511446, 30.702853290341114], [76.79497276233685, 30.70736288674818], [76.78975373840292, 30.707434949609162], [76.78967046970958, 30.70292534035106]]]}, "properties": {"grid_id": "cell_0590", "lst_mean": 45.23, "lst_max": 47.65, "frac_impervious": 0.7147, "frac_vegetation": 0.1661, "frac_bare_soil": 0.0958, "frac_water": 0.0235, "ndvi_mean": 0.1749, "ndvi_std": 0.024, "ndbi_mean": 0.2449, "building_density": 251.6, "building_height_mean": 20.3, "road_density": 2012.3, "park_area_frac": 0.0616, "tree_canopy_frac": 0.0857, "dist_to_water": 1235.4, "water_area_frac": 0.0235, "air_temp_max": 43.4, "wind_speed_mean": 2.68, "solar_radiation": 304.4, "veg_imperv_ratio": 0.2292, "green_deficit": 0.7723, "thermal_mass_proxy": 5107.5, "cooling_potential": 253.8, "sky_view_factor": 0.6788, "tier": "high", "delta_above_mean": 2.92, "priority_score": 2.4}}, {"type": "Feature", "geometry": {"type": "Polygon", "coordinates": [[[76.78975373840292, 30.707434949609162], [76.79497276233685, 30.70736288674818], [76.79505629236711, 30.711872479814836], [76.7898370258796, 30.711944555528035], [76.78975373840292, 30.707434949609162]]]}, "properties": {"grid_id": "cell_0591", "lst_mean": 45.56, "lst_max": 47.87, "frac_impervious": 0.6764, "frac_vegetation": 0.1712, "frac_bare_soil": 0.103, "frac_water": 0.0493, "ndvi_mean": 0.2226, "ndvi_std": 0.0224, "ndbi_mean": 0.1694, "building_density": 281.7, "building_height_mean": 18.8, "road_density": 1774.1, "park_area_frac": 0.0601, "tree_canopy_frac": 0.1277, "dist_to_water": 1522.1, "water_area_frac": 0.0493, "air_temp_max": 47.9, "wind_speed_mean": 1.56, "solar_radiation": 310.6, "veg_imperv_ratio": 0.2494, "green_deficit": 0.7687, "thermal_mass_proxy": 5296.0, "cooling_potential": 257.4, "sky_view_factor": 0.7025, "tier": "high", "delta_above_mean": 3.25, "priority_score": 2.6}}, {"type": "Feature", "geometry": {"type": "Polygon", "coordinates": [[[76.7898370258796, 30.711944555528035], [76.79505629236711, 30.711872479814836], [76.795139841239, 30.71638206954077], [76.78992033214325, 30.716454158107354], [76.7898370258796, 30.711944555528035]]]}, "properties": {"grid_id": "cell_0592", "lst_mean": 46.01, "lst_max": 51.03, "frac_impervious": 0.7424, "frac_vegetation": 0.1327, "frac_bare_soil": 0.0994, "frac_water": 0.0256, "ndvi_mean": 0.1422, "ndvi_std": 0.0271, "ndbi_mean": 0.2344, "building_density": 257.9, "building_height_mean": 21.2, "road_density": 1935.3, "park_area_frac": 0.0725, "tree_canopy_frac": 0.0785, "dist_to_water": 530.7, "water_area_frac": 0.0256, "air_temp_max": 46.7, "wind_speed_mean": 2.35, "solar_radiation": 346.8, "veg_imperv_ratio": 0.1764, "green_deficit": 0.7948, "thermal_mass_proxy": 5467.5, "cooling_potential": 300.8, "sky_view_factor": 0.6646, "tier": "high", "delta_above_mean": 3.7, "priority_score": 3.7}}, {"type": "Feature", "geometry": {"type": "Polygon", "coordinates": [[[76.78992033214325, 30.716454158107354], [76.795139841239, 30.71638206954077], [76.79522340895622, 30.720891655925648], [76.79000365719754, 30.720963757346794], [76.78992033214325, 30.716454158107354]]]}, "properties": {"grid_id": "cell_0593", "lst_mean": 43.89, "lst_max": 47.83, "frac_impervious": 0.7558, "frac_vegetation": 0.1501, "frac_bare_soil": 0.066, "frac_water": 0.0281, "ndvi_mean": 0.1807, "ndvi_std": 0.0261, "ndbi_mean": 0.1706, "building_density": 313.3, "building_height_mean": 21.4, "road_density": 2065.6, "park_area_frac": 0.0862, "tree_canopy_frac": 0.0862, "dist_to_water": 291.5, "water_area_frac": 0.1461, "air_temp_max": 44.2, "wind_speed_mean": 2.2, "solar_radiation": 318.7, "veg_imperv_ratio": 0.196, "green_deficit": 0.7637, "thermal_mass_proxy": 6704.6, "cooling_potential": 270.9, "sky_view_factor": 0.6614, "tier": "moderate", "delta_above_mean": 1.58, "priority_score": 1.4}}, {"type": "Feature", "geometry": {"type": "Polygon", "coordinates": [[[76.79000365719754, 30.720963757346794], [76.79522340895622, 30.720891655925648], [76.79530699552238, 30.72540123896917], [76.7900870010461, 30.72547335324603], [76.79000365719754, 30.720963757346794]]]}, "properties": {"grid_id": "cell_0594", "lst_mean": 47.32, "lst_max": 49.67, "frac_impervious": 0.7667, "frac_vegetation": 0.0988, "frac_bare_soil": 0.1109, "frac_water": 0.0237, "ndvi_mean": 0.1297, "ndvi_std": 0.0257, "ndbi_mean": 0.2389, "building_density": 297.7, "building_height_mean": 31.6, "road_density": 2284.2, "park_area_frac": 0.1081, "tree_canopy_frac": 0.0566, "dist_to_water": 386.0, "water_area_frac": 0.1034, "air_temp_max": 45.2, "wind_speed_mean": 1.59, "solar_radiation": 309.6, "veg_imperv_ratio": 0.1272, "green_deficit": 0.7931, "thermal_mass_proxy": 9407.3, "cooling_potential": 279.0, "sky_view_factor": 0.5, "tier": "critical", "delta_above_mean": 5.01, "priority_score": 6.6}}, {"type": "Feature", "geometry": {"type": "Polygon", "coordinates": [[[76.7900870010461, 30.72547335324603], [76.79530699552238, 30.72540123896917], [76.79539060094113, 30.729910818671012], [76.79017036369255, 30.72998294580476], [76.7900870010461, 30.72547335324603]]]}, "properties": {"grid_id": "cell_0595", "lst_mean": 44.88, "lst_max": 48.31, "frac_impervious": 0.6653, "frac_vegetation": 0.1551, "frac_bare_soil": 0.1536, "frac_water": 0.026, "ndvi_mean": 0.1697, "ndvi_std": 0.018, "ndbi_mean": 0.1975, "building_density": 280.7, "building_height_mean": 22.5, "road_density": 1937.6, "park_area_frac": 0.0521, "tree_canopy_frac": 0.0917, "dist_to_water": 1055.2, "water_area_frac": 0.026, "air_temp_max": 42.5, "wind_speed_mean": 2.54, "solar_radiation": 297.3, "veg_imperv_ratio": 0.2297, "green_deficit": 0.7928, "thermal_mass_proxy": 6315.8, "cooling_potential": 251.2, "sky_view_factor": 0.644, "tier": "high", "delta_above_mean": 2.57, "priority_score": 2.2}}, {"type": "Feature", "geometry": {"type": "Polygon", "coordinates": [[[76.79017036369255, 30.72998294580476], [76.79539060094113, 30.729910818671012], [76.79547422521614, 30.734420395030828], [76.79025374514056, 30.734492535022646], [76.79017036369255, 30.72998294580476]]]}, "properties": {"grid_id": "cell_0596", "lst_mean": 46.5, "lst_max": 49.39, "frac_impervious": 0.7169, "frac_vegetation": 0.1964, "frac_bare_soil": 0.0553, "frac_water": 0.0315, "ndvi_mean": 0.1529, "ndvi_std": 0.0453, "ndbi_mean": 0.2127, "building_density": 269.5, "building_height_mean": 19.7, "road_density": 1879.7, "park_area_frac": 0.0758, "tree_canopy_frac": 0.1081, "dist_to_water": 1549.1, "water_area_frac": 0.0315, "air_temp_max": 44.2, "wind_speed_mean": 1.33, "solar_radiation": 310.6, "veg_imperv_ratio": 0.2702, "green_deficit": 0.7278, "thermal_mass_proxy": 5309.2, "cooling_potential": 249.6, "sky_view_factor": 0.6883, "tier": "high", "delta_above_mean": 4.19, "priority_score": 2.9}}, {"type": "Feature", "geometry": {"type": "Polygon", "coordinates": [[[76.79025374514056, 30.734492535022646], [76.79547422521614, 30.734420395030828], [76.79555786835108, 30.738929968048307], [76.79033714539375, 30.73900212089937], [76.79025374514056, 30.734492535022646]]]}, "properties": {"grid_id": "cell_0597", "lst_mean": 46.83, "lst_max": 49.09, "frac_impervious": 0.7037, "frac_vegetation": 0.1564, "frac_bare_soil": 0.1086, "frac_water": 0.0313, "ndvi_mean": 0.1716, "ndvi_std": 0.0438, "ndbi_mean": 0.181, "building_density": 285.4, "building_height_mean": 24.4, "road_density": 1981.8, "park_area_frac": 0.0504, "tree_canopy_frac": 0.0981, "dist_to_water": 1915.8, "water_area_frac": 0.0313, "air_temp_max": 43.4, "wind_speed_mean": 1.79, "solar_radiation": 324.9, "veg_imperv_ratio": 0.2191, "green_deficit": 0.7932, "thermal_mass_proxy": 6963.8, "cooling_potential": 274.1, "sky_view_factor": 0.6139, "tier": "critical", "delta_above_mean": 4.52, "priority_score": 3.9}}, {"type": "Feature", "geometry": {"type": "Polygon", "coordinates": [[[76.79033714539375, 30.73900212089937], [76.79555786835108, 30.738929968048307], [76.79564153034957, 30.743439537723148], [76.79042056445576, 30.743511703434606], [76.79033714539375, 30.73900212089937]]]}, "properties": {"grid_id": "cell_0598", "lst_mean": 45.03, "lst_max": 48.17, "frac_impervious": 0.6977, "frac_vegetation": 0.1585, "frac_bare_soil": 0.1225, "frac_water": 0.0214, "ndvi_mean": 0.1734, "ndvi_std": 0.0132, "ndbi_mean": 0.0905, "building_density": 329.3, "building_height_mean": 23.0, "road_density": 2013.8, "park_area_frac": 0.0611, "tree_canopy_frac": 0.0931, "dist_to_water": 2439.9, "water_area_frac": 0.0214, "air_temp_max": 45.4, "wind_speed_mean": 2.87, "solar_radiation": 315.7, "veg_imperv_ratio": 0.224, "green_deficit": 0.7804, "thermal_mass_proxy": 7573.9, "cooling_potential": 265.7, "sky_view_factor": 0.6361, "tier": "high", "delta_above_mean": 2.72, "priority_score": 2.3}}, {"type": "Feature", "geometry": {"type": "Polygon", "coordinates": [[[76.79042056445576, 30.743511703434606], [76.79564153034957, 30.743439537723148], [76.79572521121528, 30.74794910405501], [76.79050400233027, 30.748021282628052], [76.79042056445576, 30.743511703434606]]]}, "properties": {"grid_id": "cell_0599", "lst_mean": 45.58, "lst_max": 48.07, "frac_impervious": 0.76, "frac_vegetation": 0.1041, "frac_bare_soil": 0.1126, "frac_water": 0.0233, "ndvi_mean": 0.1683, "ndvi_std": 0.0381, "ndbi_mean": 0.1847, "building_density": 301.2, "building_height_mean": 21.1, "road_density": 1971.0, "park_area_frac": 0.0486, "tree_canopy_frac": 0.0588, "dist_to_water": 3106.8, "water_area_frac": 0.0233, "air_temp_max": 43.0, "wind_speed_mean": 1.87, "solar_radiation": 315.0, "veg_imperv_ratio": 0.1352, "green_deficit": 0.8473, "thermal_mass_proxy": 6355.3, "cooling_potential": 282.2, "sky_view_factor": 0.6661, "tier": "high", "delta_above_mean": 3.27, "priority_score": 4.1}}, {"type": "Feature", "geometry": {"type": "Polygon", "coordinates": [[[76.79050400233027, 30.748021282628052], [76.79572521121528, 30.74794910405501], [76.79580891095186, 30.752458667043587], [76.7905874590209, 30.752530858479364], [76.79050400233027, 30.748021282628052]]]}, "properties": {"grid_id": "cell_0600", "lst_mean": 45.03, "lst_max": 47.19, "frac_impervious": 0.725, "frac_vegetation": 0.1492, "frac_bare_soil": 0.1052, "frac_water": 0.0207, "ndvi_mean": 0.1813, "ndvi_std": 0.0238, "ndbi_mean": 0.1712, "building_density": 266.6, "building_height_mean": 20.5, "road_density": 1903.7, "park_area_frac": 0.0533, "tree_canopy_frac": 0.0993, "dist_to_water": 3284.4, "water_area_frac": 0.0207, "air_temp_max": 46.9, "wind_speed_mean": 1.99, "solar_radiation": 320.4, "veg_imperv_ratio": 0.203, "green_deficit": 0.7975, "thermal_mass_proxy": 5465.3, "cooling_potential": 272.6, "sky_view_factor": 0.6756, "tier": "high", "delta_above_mean": 2.72, "priority_score": 2.4}}, {"type": "Feature", "geometry": {"type": "Polygon", "coordinates": [[[76.7905874590209, 30.752530858479364], [76.79580891095186, 30.752458667043587], [76.795892629563, 30.756968226688528], [76.79067093453129, 30.75704043098824], [76.7905874590209, 30.752530858479364]]]}, "properties": {"grid_id": "cell_0601", "lst_mean": 43.49, "lst_max": 46.44, "frac_impervious": 0.6818, "frac_vegetation": 0.2011, "frac_bare_soil": 0.0858, "frac_water": 0.0313, "ndvi_mean": 0.1646, "ndvi_std": 0.0447, "ndbi_mean": 0.1434, "building_density": 274.0, "building_height_mean": 19.2, "road_density": 1841.1, "park_area_frac": 0.1027, "tree_canopy_frac": 0.1222, "dist_to_water": 4179.4, "water_area_frac": 0.0313, "air_temp_max": 43.8, "wind_speed_mean": 2.5, "solar_radiation": 317.9, "veg_imperv_ratio": 0.2907, "green_deficit": 0.6962, "thermal_mass_proxy": 5260.8, "cooling_potential": 254.0, "sky_view_factor": 0.6962, "tier": "moderate", "delta_above_mean": 1.18, "priority_score": 0.8}}, {"type": "Feature", "geometry": {"type": "Polygon", "coordinates": [[[76.79067093453129, 30.75704043098824], [76.795892629563, 30.756968226688528], [76.79597636705232, 30.76147778298955], [76.79075442886513, 30.761550000154358], [76.79067093453129, 30.75704043098824]]]}, "properties": {"grid_id": "cell_0602", "lst_mean": 41.78, "lst_max": 45.11, "frac_impervious": 0.6124, "frac_vegetation": 0.2573, "frac_bare_soil": 0.1118, "frac_water": 0.0185, "ndvi_mean": 0.2612, "ndvi_std": 0.0399, "ndbi_mean": 0.1486, "building_density": 264.3, "building_height_mean": 20.0, "road_density": 1923.8, "park_area_frac": 0.0497, "tree_canopy_frac": 0.1433, "dist_to_water": 4228.8, "water_area_frac": 0.0185, "air_temp_max": 42.9, "wind_speed_mean": 2.14, "solar_radiation": 320.3, "veg_imperv_ratio": 0.4134, "green_deficit": 0.693, "thermal_mass_proxy": 5286.0, "cooling_potential": 237.9, "sky_view_factor": 0.6835, "tier": "normal", "delta_above_mean": -0.53, "priority_score": 0.0}}, {"type": "Feature", "geometry": {"type": "Polygon", "coordinates": [[[76.79075442886513, 30.761550000154358], [76.79597636705232, 30.76147778298955], [76.7960601234235, 30.765987335946313], [76.79083794202602, 30.766059565977375], [76.79075442886513, 30.761550000154358]]]}, "properties": {"grid_id": "cell_0603", "lst_mean": 46.5, "lst_max": 48.57, "frac_impervious": 0.7368, "frac_vegetation": 0.1378, "frac_bare_soil": 0.0957, "frac_water": 0.0297, "ndvi_mean": 0.1752, "ndvi_std": 0.0313, "ndbi_mean": 0.1822, "building_density": 298.0, "building_height_mean": 16.6, "road_density": 1793.4, "park_area_frac": 0.0666, "tree_canopy_frac": 0.0674, "dist_to_water": 4887.6, "water_area_frac": 0.0297, "air_temp_max": 44.2, "wind_speed_mean": 2.68, "solar_radiation": 325.5, "veg_imperv_ratio": 0.1845, "green_deficit": 0.7956, "thermal_mass_proxy": 4946.8, "cooling_potential": 280.6, "sky_view_factor": 0.7373, "tier": "high", "delta_above_mean": 4.19, "priority_score": 4.0}}, {"type": "Feature", "geometry": {"type": "Polygon", "coordinates": [[[76.79083794202602, 30.766059565977375], [76.7960601234235, 30.765987335946313], [76.79614389868021, 30.77049688555849], [76.79092147401764, 30.770569128456984], [76.79083794202602, 30.766059565977375]]]}, "properties": {"grid_id": "cell_0604", "lst_mean": 41.35, "lst_max": 44.12, "frac_impervious": 0.6372, "frac_vegetation": 0.2631, "frac_bare_soil": 0.0587, "frac_water": 0.041, "ndvi_mean": 0.2375, "ndvi_std": 0.0392, "ndbi_mean": 0.1301, "building_density": 265.3, "building_height_mean": 21.2, "road_density": 1732.6, "park_area_frac": 0.0674, "tree_canopy_frac": 0.1598, "dist_to_water": 5500.2, "water_area_frac": 0.041, "air_temp_max": 44.9, "wind_speed_mean": 2.56, "solar_radiation": 308.1, "veg_imperv_ratio": 0.4065, "green_deficit": 0.6695, "thermal_mass_proxy": 5624.4, "cooling_potential": 227.0, "sky_view_factor": 0.6646, "tier": "normal", "delta_above_mean": -0.96, "priority_score": 0.0}}, {"type": "Feature", "geometry": {"type": "Polygon", "coordinates": [[[76.79092147401764, 30.770569128456984], [76.79614389868021, 30.77049688555849], [76.79622769282611, 30.775006431825783], [76.79100502484366, 30.77507868759288], [76.79092147401764, 30.770569128456984]]]}, "properties": {"grid_id": "cell_0605", "lst_mean": 44.14, "lst_max": 46.59, "frac_impervious": 0.5702, "frac_vegetation": 0.2297, "frac_bare_soil": 0.1572, "frac_water": 0.0429, "ndvi_mean": 0.2146, "ndvi_std": 0.0505, "ndbi_mean": 0.0963, "building_density": 205.2, "building_height_mean": 18.7, "road_density": 1691.6, "park_area_frac": 0.05, "tree_canopy_frac": 0.1229, "dist_to_water": 5550.5, "water_area_frac": 0.0429, "air_temp_max": 44.8, "wind_speed_mean": 1.62, "solar_radiation": 308.7, "veg_imperv_ratio": 0.3959, "green_deficit": 0.7203, "thermal_mass_proxy": 3837.2, "cooling_potential": 237.8, "sky_view_factor": 0.7041, "tier": "moderate", "delta_above_mean": 1.83, "priority_score": 1.1}}, {"type": "Feature", "geometry": {"type": "Polygon", "coordinates": [[[76.79100502484366, 30.77507868759288], [76.79622769282611, 30.775006431825783], [76.79631150586485, 30.779515974747834], [76.79108859450768, 30.779588243384726], [76.79100502484366, 30.77507868759288]]]}, "properties": {"grid_id": "cell_0606", "lst_mean": 42.12, "lst_max": 44.16, "frac_impervious": 0.6006, "frac_vegetation": 0.2251, "frac_bare_soil": 0.1504, "frac_water": 0.024, "ndvi_mean": 0.197, "ndvi_std": 0.0256, "ndbi_mean": 0.1188, "building_density": 197.3, "building_height_mean": 16.8, "road_density": 1584.2, "park_area_frac": 0.0616, "tree_canopy_frac": 0.1187, "dist_to_water": 6654.7, "water_area_frac": 0.024, "air_temp_max": 43.5, "wind_speed_mean": 2.32, "solar_radiation": 311.0, "veg_imperv_ratio": 0.3687, "green_deficit": 0.7133, "thermal_mass_proxy": 3314.6, "cooling_potential": 241.0, "sky_view_factor": 0.7342, "tier": "normal", "delta_above_mean": -0.19, "priority_score": 0.0}}, {"type": "Feature", "geometry": {"type": "Polygon", "coordinates": [[[76.79108859450768, 30.779588243384726], [76.79631150586485, 30.779515974747834], [76.79639533780009, 30.784025514324362], [76.79117218301342, 30.784097795832206], [76.79108859450768, 30.779588243384726]]]}, "properties": {"grid_id": "cell_0607", "lst_mean": 41.89, "lst_max": 44.09, "frac_impervious": 0.574, "frac_vegetation": 0.2792, "frac_bare_soil": 0.1237, "frac_water": 0.0231, "ndvi_mean": 0.2462, "ndvi_std": 0.0484, "ndbi_mean": 0.1632, "building_density": 222.5, "building_height_mean": 14.9, "road_density": 1397.6, "park_area_frac": 0.0721, "tree_canopy_frac": 0.1515, "dist_to_water": 6975.5, "water_area_frac": 0.0231, "air_temp_max": 44.4, "wind_speed_mean": 2.35, "solar_radiation": 317.2, "veg_imperv_ratio": 0.4781, "green_deficit": 0.6487, "thermal_mass_proxy": 3315.2, "cooling_potential": 228.6, "sky_view_factor": 0.7642, "tier": "normal", "delta_above_mean": -0.42, "priority_score": 0.0}}, {"type": "Feature", "geometry": {"type": "Polygon", "coordinates": [[[76.79117218301342, 30.784097795832206], [76.79639533780009, 30.784025514324362], [76.79647918863553, 30.788535050555026], [76.79125579036449, 30.78860734493501], [76.79117218301342, 30.784097795832206]]]}, "properties": {"grid_id": "cell_0608", "lst_mean": 38.68, "lst_max": 40.9, "frac_impervious": 0.509, "frac_vegetation": 0.3029, "frac_bare_soil": 0.1653, "frac_water": 0.0228, "ndvi_mean": 0.2657, "ndvi_std": 0.0552, "ndbi_mean": 0.0838, "building_density": 192.1, "building_height_mean": 8.9, "road_density": 1283.3, "park_area_frac": 0.0616, "tree_canopy_frac": 0.1868, "dist_to_water": 8042.5, "water_area_frac": 0.0228, "air_temp_max": 44.0, "wind_speed_mean": 2.64, "solar_radiation": 324.7, "veg_imperv_ratio": 0.5836, "green_deficit": 0.6355, "thermal_mass_proxy": 1709.7, "cooling_potential": 226.3, "sky_view_factor": 0.8592, "tier": "cool", "delta_above_mean": -3.63, "priority_score": 0.0}}, {"type": "Feature", "geometry": {"type": "Polygon", "coordinates": [[[76.79125579036449, 30.78860734493501], [76.79647918863553, 30.788535050555026], [76.79656305837483, 30.793044583439514], [76.79133941656457, 30.793116890692794], [76.79125579036449, 30.78860734493501]]]}, "properties": {"grid_id": "cell_0609", "lst_mean": 42.86, "lst_max": 45.16, "frac_impervious": 0.5855, "frac_vegetation": 0.2272, "frac_bare_soil": 0.1571, "frac_water": 0.0302, "ndvi_mean": 0.1612, "ndvi_std": 0.0453, "ndbi_mean": 0.1188, "building_density": 211.3, "building_height_mean": 17.5, "road_density": 1608.8, "park_area_frac": 0.084, "tree_canopy_frac": 0.1602, "dist_to_water": 8300.5, "water_area_frac": 0.0302, "air_temp_max": 44.8, "wind_speed_mean": 2.64, "solar_radiation": 305.9, "veg_imperv_ratio": 0.3815, "green_deficit": 0.6888, "thermal_mass_proxy": 3697.8, "cooling_potential": 236.4, "sky_view_factor": 0.7231, "tier": "moderate", "delta_above_mean": 0.55, "priority_score": 0.3}}, {"type": "Feature", "geometry": {"type": "Polygon", "coordinates": [[[76.79133941656457, 30.793116890692794], [76.79656305837483, 30.793044583439514], [76.79664694702163, 30.797554112977483], [76.79142306161731, 30.797626433105254], [76.79133941656457, 30.793116890692794]]]}, "properties": {"grid_id": "cell_0610", "lst_mean": 41.4, "lst_max": 45.84, "frac_impervious": 0.6116, "frac_vegetation": 0.2201, "frac_bare_soil": 0.1334, "frac_water": 0.0349, "ndvi_mean": 0.1939, "ndvi_std": 0.0609, "ndbi_mean": 0.131, "building_density": 200.4, "building_height_mean": 12.0, "road_density": 1491.0, "park_area_frac": 0.1259, "tree_canopy_frac": 0.139, "dist_to_water": 8384.2, "water_area_frac": 0.0349, "air_temp_max": 42.8, "wind_speed_mean": 2.87, "solar_radiation": 308.7, "veg_imperv_ratio": 0.3541, "green_deficit": 0.654, "thermal_mass_proxy": 2404.8, "cooling_potential": 240.8, "sky_view_factor": 0.8101, "tier": "normal", "delta_above_mean": -0.91, "priority_score": 0.0}}, {"type": "Feature", "geometry": {"type": "Polygon", "coordinates": [[[76.79142306161731, 30.797626433105254], [76.79664694702163, 30.797554112977483], [76.79673085457964, 30.80206363916865], [76.79150672552638, 30.802135972172064], [76.79142306161731, 30.797626433105254]]]}, "properties": {"grid_id": "cell_0611", "lst_mean": 36.98, "lst_max": 39.85, "frac_impervious": 0.5854, "frac_vegetation": 0.5733, "frac_bare_soil": 0.1414, "frac_water": 0.0192, "ndvi_mean": 0.6088, "ndvi_std": 0.035, "ndbi_mean": 0.1443, "building_density": 158.3, "building_height_mean": 7.9, "road_density": 1465.8, "park_area_frac": 0.4071, "tree_canopy_frac": 0.3617, "dist_to_water": 9245.5, "water_area_frac": 0.0192, "air_temp_max": 42.5, "wind_speed_mean": 1.64, "solar_radiation": 284.9, "veg_imperv_ratio": 0.9629, "green_deficit": 0.0196, "thermal_mass_proxy": 1250.6, "cooling_potential": 121.6, "sky_view_factor": 0.875, "tier": "cool", "delta_above_mean": -5.33, "priority_score": 0.0}}, {"type": "Feature", "geometry": {"type": "Polygon", "coordinates": [[[76.79388858487576, 30.64873787302208], [76.79910444179257, 30.648665768006467], [76.79918796905308, 30.653175391598886], [76.79397187029605, 30.653247509488885], [76.79388858487576, 30.64873787302208]]]}, "properties": {"grid_id": "cell_0612", "lst_mean": 39.15, "lst_max": 41.39, "frac_impervious": 0.5568, "frac_vegetation": 0.2904, "frac_bare_soil": 0.1284, "frac_water": 0.0243, "ndvi_mean": 0.2529, "ndvi_std": 0.0528, "ndbi_mean": 0.1364, "building_density": 187.7, "building_height_mean": 10.1, "road_density": 1389.1, "park_area_frac": 0.0615, "tree_canopy_frac": 0.1729, "dist_to_water": 7855.4, "water_area_frac": 0.0243, "air_temp_max": 42.5, "wind_speed_mean": 3.38, "solar_radiation": 286.0, "veg_imperv_ratio": 0.5124, "green_deficit": 0.6481, "thermal_mass_proxy": 1895.8, "cooling_potential": 202.9, "sky_view_factor": 0.8402, "tier": "cool", "delta_above_mean": -3.16, "priority_score": 0.0}}, {"type": "Feature", "geometry": {"type": "Polygon", "coordinates": [[[76.79397187029605, 30.653247509488885], [76.79918796905308, 30.653175391598886], [76.79927151516245, 30.657685011853605], [76.79405517451067, 30.657757142619126], [76.79397187029605, 30.653247509488885]]]}, "properties": {"grid_id": "cell_0613", "lst_mean": 39.86, "lst_max": 42.02, "frac_impervious": 0.5215, "frac_vegetation": 0.2517, "frac_bare_soil": 0.1885, "frac_water": 0.0383, "ndvi_mean": 0.2616, "ndvi_std": 0.0391, "ndbi_mean": 0.0172, "building_density": 218.1, "building_height_mean": 10.4, "road_density": 1210.6, "park_area_frac": 0.0716, "tree_canopy_frac": 0.1538, "dist_to_water": 7230.1, "water_area_frac": 0.0383, "air_temp_max": 41.8, "wind_speed_mean": 2.93, "solar_radiation": 291.4, "veg_imperv_ratio": 0.4736, "green_deficit": 0.6767, "thermal_mass_proxy": 2268.2, "cooling_potential": 218.1, "sky_view_factor": 0.8354, "tier": "cool", "delta_above_mean": -2.45, "priority_score": 0.0}}, {"type": "Feature", "geometry": {"type": "Polygon", "coordinates": [[[76.79405517451067, 30.657757142619126], [76.79927151516245, 30.657685011853605], [76.7993550801243, 30.662194628770287], [76.79413849752325, 30.66226677241251], [76.79405517451067, 30.657757142619126]]]}, "properties": {"grid_id": "cell_0614", "lst_mean": 42.66, "lst_max": 45.19, "frac_impervious": 0.6529, "frac_vegetation": 0.1657, "frac_bare_soil": 0.14, "frac_water": 0.0414, "ndvi_mean": 0.1597, "ndvi_std": 0.0456, "ndbi_mean": 0.1918, "building_density": 249.3, "building_height_mean": 14.7, "road_density": 1697.6, "park_area_frac": 0.0791, "tree_canopy_frac": 0.1325, "dist_to_water": 6350.0, "water_area_frac": 0.0414, "air_temp_max": 43.7, "wind_speed_mean": 2.02, "solar_radiation": 298.3, "veg_imperv_ratio": 0.25, "green_deficit": 0.7552, "thermal_mass_proxy": 3664.7, "cooling_potential": 248.9, "sky_view_factor": 0.7674, "tier": "moderate", "delta_above_mean": 0.35, "priority_score": 0.3}}, {"type": "Feature", "geometry": {"type": "Polygon", "coordinates": [[[76.79413849752325, 30.66226677241251], [76.7993550801243, 30.662194628770287], [76.7994386639423, 30.666704242348626], [76.79422183933742, 30.66677639886873], [76.79413849752325, 30.66226677241251]]]}, "properties": {"grid_id": "cell_0615", "lst_mean": 37.19, "lst_max": 41.59, "frac_impervious": 0.6254, "frac_vegetation": 0.4018, "frac_bare_soil": 0.1336, "frac_water": 0.0211, "ndvi_mean": 0.6257, "ndvi_std": 0.0375, "ndbi_mean": 0.1933, "building_density": 248.1, "building_height_mean": 11.8, "road_density": 1468.7, "park_area_frac": 0.6572, "tree_canopy_frac": 0.2576, "dist_to_water": 5895.2, "water_area_frac": 0.0211, "air_temp_max": 43.1, "wind_speed_mean": 3.25, "solar_radiation": 293.9, "veg_imperv_ratio": 0.6324, "green_deficit": 0.0, "thermal_mass_proxy": 2927.6, "cooling_potential": 175.8, "sky_view_factor": 0.8133, "tier": "cool", "delta_above_mean": -5.12, "priority_score": 0.0}}, {"type": "Feature", "geometry": {"type": "Polygon", "coordinates": [[[76.79422183933742, 30.66677639886873], [76.7994386639423, 30.666704242348626], [76.7995222666201, 30.671213852588274], [76.79430519995681, 30.67128602198743], [76.79422183933742, 30.66677639886873]]]}, "properties": {"grid_id": "cell_0616", "lst_mean": 43.97, "lst_max": 46.65, "frac_impervious": 0.6359, "frac_vegetation": 0.2263, "frac_bare_soil": 0.1073, "frac_water": 0.0305, "ndvi_mean": 0.1978, "ndvi_std": 0.0342, "ndbi_mean": 0.1229, "building_density": 227.7, "building_height_mean": 15.3, "road_density": 1424.1, "park_area_frac": 0.0551, "tree_canopy_frac": 0.1545, "dist_to_water": 5678.7, "water_area_frac": 0.0305, "air_temp_max": 45.6, "wind_speed_mean": 1.68, "solar_radiation": 317.8, "veg_imperv_ratio": 0.3504, "green_deficit": 0.7186, "thermal_mass_proxy": 3483.8, "cooling_potential": 245.9, "sky_view_factor": 0.7579, "tier": "moderate", "delta_above_mean": 1.66, "priority_score": 1.0}}, {"type": "Feature", "geometry": {"type": "Polygon", "coordinates": [[[76.79430519995681, 30.67128602198743], [76.7995222666201, 30.671213852588274], [76.79960588816132, 30.675723459488935], [76.79438857938507, 30.67579564176831], [76.79430519995681, 30.67128602198743]]]}, "properties": {"grid_id": "cell_0617", "lst_mean": 44.4, "lst_max": 46.66, "frac_impervious": 0.6106, "frac_vegetation": 0.225, "frac_bare_soil": 0.142, "frac_water": 0.0224, "ndvi_mean": 0.1884, "ndvi_std": 0.0511, "ndbi_mean": 0.1151, "building_density": 246.0, "building_height_mean": 14.9, "road_density": 1557.2, "park_area_frac": 0.0682, "tree_canopy_frac": 0.1297, "dist_to_water": 5076.8, "water_area_frac": 0.0224, "air_temp_max": 42.7, "wind_speed_mean": 1.84, "solar_radiation": 294.9, "veg_imperv_ratio": 0.3626, "green_deficit": 0.7068, "thermal_mass_proxy": 3665.4, "cooling_potential": 228.5, "sky_view_factor": 0.7642, "tier": "moderate", "delta_above_mean": 2.09, "priority_score": 1.3}}, {"type": "Feature", "geometry": {"type": "Polygon", "coordinates": [[[76.79438857938507, 30.67579564176831], [76.79960588816132, 30.675723459488935], [76.79968952856964, 30.680233063050284], [76.79447197762583, 30.680305258211032], [76.79438857938507, 30.67579564176831]]]}, "properties": {"grid_id": "cell_0618", "lst_mean": 42.81, "lst_max": 45.59, "frac_impervious": 0.61, "frac_vegetation": 0.2658, "frac_bare_soil": 0.1035, "frac_water": 0.0206, "ndvi_mean": 0.2225, "ndvi_std": 0.0363, "ndbi_mean": 0.1305, "building_density": 267.6, "building_height_mean": 13.3, "road_density": 1572.8, "park_area_frac": 0.115, "tree_canopy_frac": 0.1594, "dist_to_water": 4718.9, "water_area_frac": 0.0206, "air_temp_max": 42.0, "wind_speed_mean": 3.68, "solar_radiation": 309.6, "veg_imperv_ratio": 0.4287, "green_deficit": 0.6192, "thermal_mass_proxy": 3559.1, "cooling_potential": 227.3, "sky_view_factor": 0.7896, "tier": "moderate", "delta_above_mean": 0.5, "priority_score": 0.3}}, {"type": "Feature", "geometry": {"type": "Polygon", "coordinates": [[[76.79447197762583, 30.680305258211032], [76.79968952856964, 30.680233063050284], [76.79977318784869, 30.68474266327198], [76.79455539468273, 30.684814871315286], [76.79447197762583, 30.680305258211032]]]}, "properties": {"grid_id": "cell_0619", "lst_mean": 42.83, "lst_max": 46.05, "frac_impervious": 0.6293, "frac_vegetation": 0.2094, "frac_bare_soil": 0.1153, "frac_water": 0.0461, "ndvi_mean": 0.2278, "ndvi_std": 0.0226, "ndbi_mean": 0.129, "building_density": 238.4, "building_height_mean": 16.7, "road_density": 1655.9, "park_area_frac": 0.0618, "tree_canopy_frac": 0.1338, "dist_to_water": 4446.3, "water_area_frac": 0.0461, "air_temp_max": 44.5, "wind_speed_mean": 2.67, "solar_radiation": 324.2, "veg_imperv_ratio": 0.3275, "green_deficit": 0.7288, "thermal_mass_proxy": 3981.3, "cooling_potential": 256.3, "sky_view_factor": 0.7358, "tier": "moderate", "delta_above_mean": 0.52, "priority_score": 0.3}}, {"type": "Feature", "geometry": {"type": "Polygon", "coordinates": [[[76.79455539468273, 30.684814871315286], [76.79977318784869, 30.68474266327198], [76.79985686600212, 30.68925226015371], [76.79463883055942, 30.689324481080725], [76.79455539468273, 30.684814871315286]]]}, "properties": {"grid_id": "cell_0620", "lst_mean": 42.77, "lst_max": 44.82, "frac_impervious": 0.634, "frac_vegetation": 0.2228, "frac_bare_soil": 0.1066, "frac_water": 0.0366, "ndvi_mean": 0.1798, "ndvi_std": 0.0327, "ndbi_mean": 0.1603, "building_density": 218.5, "building_height_mean": 14.8, "road_density": 1511.7, "park_area_frac": 0.0639, "tree_canopy_frac": 0.1215, "dist_to_water": 3842.8, "water_area_frac": 0.0366, "air_temp_max": 43.5, "wind_speed_mean": 2.28, "solar_radiation": 298.6, "veg_imperv_ratio": 0.346, "green_deficit": 0.7133, "thermal_mass_proxy": 3233.8, "cooling_potential": 232.1, "sky_view_factor": 0.7658, "tier": "moderate", "delta_above_mean": 0.46, "priority_score": 0.3}}, {"type": "Feature", "geometry": {"type": "Polygon", "coordinates": [[[76.79463883055942, 30.689324481080725], [76.79985686600212, 30.68925226015371], [76.79994056303359, 30.69376185369516], [76.79472228525954, 30.69383408750707], [76.79463883055942, 30.689324481080725]]]}, "properties": {"grid_id": "cell_0621", "lst_mean": 38.84, "lst_max": 42.32, "frac_impervious": 0.6972, "frac_vegetation": 0.4782, "frac_bare_soil": 0.0843, "frac_water": 0.0314, "ndvi_mean": 0.6701, "ndvi_std": 0.0412, "ndbi_mean": 0.1205, "building_density": 268.6, "building_height_mean": 12.4, "road_density": 1680.9, "park_area_frac": 0.4011, "tree_canopy_frac": 0.2397, "dist_to_water": 3028.6, "water_area_frac": 0.0314, "air_temp_max": 42.8, "wind_speed_mean": 2.53, "solar_radiation": 293.5, "veg_imperv_ratio": 0.6762, "green_deficit": 0.1207, "thermal_mass_proxy": 3330.6, "cooling_potential": 153.1, "sky_view_factor": 0.8038, "tier": "cool", "delta_above_mean": -3.47, "priority_score": 0.0}}, {"type": "Feature", "geometry": {"type": "Polygon", "coordinates": [[[76.79472228525954, 30.69383408750707], [76.79994056303359, 30.69376185369516], [76.80002427894675, 30.698271443895997], [76.79480575878671, 30.69834369059397], [76.79472228525954, 30.69383408750707]]]}, "properties": {"grid_id": "cell_0622", "lst_mean": 45.62, "lst_max": 48.38, "frac_impervious": 0.6462, "frac_vegetation": 0.1808, "frac_bare_soil": 0.1552, "frac_water": 0.0178, "ndvi_mean": 0.1394, "ndvi_std": 0.0484, "ndbi_mean": 0.1249, "building_density": 305.1, "building_height_mean": 22.1, "road_density": 2103.9, "park_area_frac": 0.0696, "tree_canopy_frac": 0.1164, "dist_to_water": 2850.8, "water_area_frac": 0.0178, "air_temp_max": 45.4, "wind_speed_mean": 2.2, "solar_radiation": 293.0, "veg_imperv_ratio": 0.2755, "green_deficit": 0.7496, "thermal_mass_proxy": 6742.7, "cooling_potential": 240.0, "sky_view_factor": 0.6503, "tier": "high", "delta_above_mean": 3.31, "priority_score": 2.5}}, {"type": "Feature", "geometry": {"type": "Polygon", "coordinates": [[[76.79480575878671, 30.69834369059397], [76.80002427894675, 30.698271443895997], [76.80010801374526, 30.70278103075589], [76.7948892511446, 30.702853290341114], [76.79480575878671, 30.69834369059397]]]}, "properties": {"grid_id": "cell_0623", "lst_mean": 44.77, "lst_max": 46.79, "frac_impervious": 0.7188, "frac_vegetation": 0.086, "frac_bare_soil": 0.1564, "frac_water": 0.0389, "ndvi_mean": 0.1261, "ndvi_std": 0.028, "ndbi_mean": 0.2337, "building_density": 265.3, "building_height_mean": 21.8, "road_density": 1993.6, "park_area_frac": 0.0714, "tree_canopy_frac": 0.0708, "dist_to_water": 1981.0, "water_area_frac": 0.0389, "air_temp_max": 43.8, "wind_speed_mean": 2.32, "solar_radiation": 302.3, "veg_imperv_ratio": 0.118, "green_deficit": 0.8426, "thermal_mass_proxy": 5783.5, "cooling_potential": 276.3, "sky_view_factor": 0.6551, "tier": "high", "delta_above_mean": 2.46, "priority_score": 3.6}}, {"type": "Feature", "geometry": {"type": "Polygon", "coordinates": [[[76.7948892511446, 30.702853290341114], [76.80010801374526, 30.70278103075589], [76.80019176743278, 30.70729061427455], [76.79497276233685, 30.70736288674818], [76.7948892511446, 30.702853290341114]]]}, "properties": {"grid_id": "cell_0624", "lst_mean": 46.54, "lst_max": 50.22, "frac_impervious": 0.6849, "frac_vegetation": 0.1319, "frac_bare_soil": 0.1591, "frac_water": 0.0242, "ndvi_mean": 0.156, "ndvi_std": 0.0437, "ndbi_mean": 0.1461, "building_density": 271.1, "building_height_mean": 22.6, "road_density": 1894.4, "park_area_frac": 0.0611, "tree_canopy_frac": 0.0802, "dist_to_water": 1433.3, "water_area_frac": 0.0242, "air_temp_max": 46.7, "wind_speed_mean": 2.47, "solar_radiation": 335.3, "veg_imperv_ratio": 0.1898, "green_deficit": 0.807, "thermal_mass_proxy": 6126.9, "cooling_potential": 291.1, "sky_view_factor": 0.6424, "tier": "high", "delta_above_mean": 4.23, "priority_score": 4.2}}, {"type": "Feature", "geometry": {"type": "Polygon", "coordinates": [[[76.79497276233685, 30.70736288674818], [76.80019176743278, 30.70729061427455], [76.80027554001296, 30.71180019445163], [76.79505629236711, 30.711872479814836], [76.79497276233685, 30.70736288674818]]]}, "properties": {"grid_id": "cell_0625", "lst_mean": 43.23, "lst_max": 47.1, "frac_impervious": 0.6714, "frac_vegetation": 0.213, "frac_bare_soil": 0.0895, "frac_water": 0.0261, "ndvi_mean": 0.2568, "ndvi_std": 0.0235, "ndbi_mean": 0.2059, "building_density": 263.5, "building_height_mean": 20.9, "road_density": 1862.1, "park_area_frac": 0.1214, "tree_canopy_frac": 0.1159, "dist_to_water": 1236.1, "water_area_frac": 0.0261, "air_temp_max": 42.6, "wind_speed_mean": 2.3, "solar_radiation": 319.1, "veg_imperv_ratio": 0.3126, "green_deficit": 0.6656, "thermal_mass_proxy": 5507.2, "cooling_potential": 251.1, "sky_view_factor": 0.6693, "tier": "moderate", "delta_above_mean": 0.92, "priority_score": 0.6}}, {"type": "Feature", "geometry": {"type": "Polygon", "coordinates": [[[76.79505629236711, 30.711872479814836], [76.80027554001296, 30.71180019445163], [76.80035933148945, 30.716309771286816], [76.795139841239, 30.71638206954077], [76.79505629236711, 30.711872479814836]]]}, "properties": {"grid_id": "cell_0626", "lst_mean": 42.82, "lst_max": 46.31, "frac_impervious": 0.6572, "frac_vegetation": 0.2103, "frac_bare_soil": 0.1079, "frac_water": 0.0246, "ndvi_mean": 0.1969, "ndvi_std": 0.0324, "ndbi_mean": 0.1735, "building_density": 276.6, "building_height_mean": 17.6, "road_density": 1811.4, "park_area_frac": 0.0714, "tree_canopy_frac": 0.1196, "dist_to_water": 494.9, "water_area_frac": 0.141, "air_temp_max": 43.1, "wind_speed_mean": 2.58, "solar_radiation": 343.8, "veg_imperv_ratio": 0.3152, "green_deficit": 0.7183, "thermal_mass_proxy": 4868.2, "cooling_potential": 271.5, "sky_view_factor": 0.7215, "tier": "moderate", "delta_above_mean": 0.51, "priority_score": 0.3}}, {"type": "Feature", "geometry": {"type": "Polygon", "coordinates": [[[76.795139841239, 30.71638206954077], [76.80035933148945, 30.716309771286816], [76.80044314186593, 30.720819344779766], [76.79522340895622, 30.720891655925648], [76.795139841239, 30.71638206954077]]]}, "properties": {"grid_id": "cell_0627", "lst_mean": 45.86, "lst_max": 48.48, "frac_impervious": 0.7458, "frac_vegetation": 0.1557, "frac_bare_soil": 0.077, "frac_water": 0.0215, "ndvi_mean": 0.1118, "ndvi_std": 0.0296, "ndbi_mean": 0.144, "building_density": 294.5, "building_height_mean": 22.2, "road_density": 1962.6, "park_area_frac": 0.0906, "tree_canopy_frac": 0.0529, "dist_to_water": 50.0, "water_area_frac": 0.0717, "air_temp_max": 44.5, "wind_speed_mean": 2.2, "solar_radiation": 302.7, "veg_imperv_ratio": 0.206, "green_deficit": 0.7537, "thermal_mass_proxy": 6537.9, "cooling_potential": 255.6, "sky_view_factor": 0.6487, "tier": "high", "delta_above_mean": 3.55, "priority_score": 3.0}}, {"type": "Feature", "geometry": {"type": "Polygon", "coordinates": [[[76.79522340895622, 30.720891655925648], [76.80044314186593, 30.720819344779766], [76.80052697114604, 30.725328914930188], [76.79530699552238, 30.72540123896917], [76.79522340895622, 30.720891655925648]]]}, "properties": {"grid_id": "cell_0628", "lst_mean": 46.55, "lst_max": 49.68, "frac_impervious": 0.7741, "frac_vegetation": 0.0943, "frac_bare_soil": 0.0956, "frac_water": 0.036, "ndvi_mean": 0.0872, "ndvi_std": 0.0264, "ndbi_mean": 0.2287, "building_density": 257.1, "building_height_mean": 19.5, "road_density": 1984.4, "park_area_frac": 0.0686, "tree_canopy_frac": 0.0499, "dist_to_water": 545.0, "water_area_frac": 0.036, "air_temp_max": 46.5, "wind_speed_mean": 1.82, "solar_radiation": 338.9, "veg_imperv_ratio": 0.1203, "green_deficit": 0.8371, "thermal_mass_proxy": 5013.5, "cooling_potential": 306.9, "sky_view_factor": 0.6915, "tier": "high", "delta_above_mean": 4.24, "priority_score": 5.8}}, {"type": "Feature", "geometry": {"type": "Polygon", "coordinates": [[[76.79530699552238, 30.72540123896917], [76.80052697114604, 30.725328914930188], [76.80061081933344, 30.72983848173775], [76.79539060094113, 30.729910818671012], [76.79530699552238, 30.72540123896917]]]}, "properties": {"grid_id": "cell_0629", "lst_mean": 45.9, "lst_max": 48.63, "frac_impervious": 0.7704, "frac_vegetation": 0.1415, "frac_bare_soil": 0.0644, "frac_water": 0.0237, "ndvi_mean": 0.1718, "ndvi_std": 0.0322, "ndbi_mean": 0.2046, "building_density": 341.8, "building_height_mean": 26.2, "road_density": 2209.5, "park_area_frac": 0.0688, "tree_canopy_frac": 0.0626, "dist_to_water": 979.8, "water_area_frac": 0.0237, "air_temp_max": 43.7, "wind_speed_mean": 1.56, "solar_radiation": 303.4, "veg_imperv_ratio": 0.1813, "green_deficit": 0.7897, "thermal_mass_proxy": 8955.2, "cooling_potential": 260.5, "sky_view_factor": 0.5854, "tier": "high", "delta_above_mean": 3.59, "priority_score": 3.4}}, {"type": "Feature", "geometry": {"type": "Polygon", "coordinates": [[[76.79539060094113, 30.729910818671012], [76.80061081933344, 30.72983848173775], [76.80069468643183, 30.734348045202125], [76.79547422521614, 30.734420395030828], [76.79539060094113, 30.729910818671012]]]}, "properties": {"grid_id": "cell_0630", "lst_mean": 44.1, "lst_max": 47.91, "frac_impervious": 0.6776, "frac_vegetation": 0.1538, "frac_bare_soil": 0.1478, "frac_water": 0.0208, "ndvi_mean": 0.1953, "ndvi_std": 0.0392, "ndbi_mean": 0.1574, "building_density": 248.9, "building_height_mean": 23.1, "road_density": 1845.9, "park_area_frac": 0.0546, "tree_canopy_frac": 0.0783, "dist_to_water": 1275.9, "water_area_frac": 0.0208, "air_temp_max": 44.6, "wind_speed_mean": 3.05, "solar_radiation": 306.3, "veg_imperv_ratio": 0.2237, "green_deficit": 0.7916, "thermal_mass_proxy": 5749.6, "cooling_potential": 259.2, "sky_view_factor": 0.6345, "tier": "moderate", "delta_above_mean": 1.79, "priority_score": 1.6}}, {"type": "Feature", "geometry": {"type": "Polygon", "coordinates": [[[76.79547422521614, 30.734420395030828], [76.80069468643183, 30.734348045202125], [76.80077857244484, 30.738857605322995], [76.79555786835108, 30.738929968048307], [76.79547422521614, 30.734420395030828]]]}, "properties": {"grid_id": "cell_0631", "lst_mean": 45.23, "lst_max": 48.55, "frac_impervious": 0.7799, "frac_vegetation": 0.0998, "frac_bare_soil": 0.097, "frac_water": 0.0232, "ndvi_mean": 0.1612, "ndvi_std": 0.0235, "ndbi_mean": 0.2193, "building_density": 302.2, "building_height_mean": 24.0, "road_density": 2110.5, "park_area_frac": 0.0489, "tree_canopy_frac": 0.0366, "dist_to_water": 1527.2, "water_area_frac": 0.0232, "air_temp_max": 43.0, "wind_speed_mean": 2.41, "solar_radiation": 356.8, "veg_imperv_ratio": 0.1263, "green_deficit": 0.8513, "thermal_mass_proxy": 7252.8, "cooling_potential": 321.2, "sky_view_factor": 0.6203, "tier": "high", "delta_above_mean": 2.92, "priority_score": 3.8}}, {"type": "Feature", "geometry": {"type": "Polygon", "coordinates": [[[76.79555786835108, 30.738929968048307], [76.80077857244484, 30.738857605322995], [76.80086247737614, 30.743367162100036], [76.79564153034957, 30.743439537723148], [76.79555786835108, 30.738929968048307]]]}, "properties": {"grid_id": "cell_0632", "lst_mean": 44.33, "lst_max": 46.46, "frac_impervious": 0.6919, "frac_vegetation": 0.1439, "frac_bare_soil": 0.1427, "frac_water": 0.0215, "ndvi_mean": 0.177, "ndvi_std": 0.0329, "ndbi_mean": 0.191, "building_density": 259.7, "building_height_mean": 19.9, "road_density": 2022.6, "park_area_frac": 0.0762, "tree_canopy_frac": 0.0607, "dist_to_water": 2207.2, "water_area_frac": 0.0215, "air_temp_max": 45.7, "wind_speed_mean": 2.8, "solar_radiation": 301.7, "veg_imperv_ratio": 0.205, "green_deficit": 0.7799, "thermal_mass_proxy": 5168.0, "cooling_potential": 258.3, "sky_view_factor": 0.6851, "tier": "moderate", "delta_above_mean": 2.02, "priority_score": 1.9}}, {"type": "Feature", "geometry": {"type": "Polygon", "coordinates": [[[76.79564153034957, 30.743439537723148], [76.80086247737614, 30.743367162100036], [76.8009464012294, 30.747876715532936], [76.79572521121528, 30.74794910405501], [76.79564153034957, 30.743439537723148]]]}, "properties": {"grid_id": "cell_0633", "lst_mean": 44.52, "lst_max": 48.07, "frac_impervious": 0.6998, "frac_vegetation": 0.1585, "frac_bare_soil": 0.123, "frac_water": 0.0187, "ndvi_mean": 0.2141, "ndvi_std": 0.0322, "ndbi_mean": 0.2012, "building_density": 322.0, "building_height_mean": 18.7, "road_density": 1877.0, "park_area_frac": 0.054, "tree_canopy_frac": 0.075, "dist_to_water": 3244.7, "water_area_frac": 0.0187, "air_temp_max": 43.2, "wind_speed_mean": 2.35, "solar_radiation": 337.5, "veg_imperv_ratio": 0.2233, "green_deficit": 0.7875, "thermal_mass_proxy": 6021.4, "cooling_potential": 284.0, "sky_view_factor": 0.7041, "tier": "moderate", "delta_above_mean": 2.21, "priority_score": 1.9}}, {"type": "Feature", "geometry": {"type": "Polygon", "coordinates": [[[76.79572521121528, 30.74794910405501], [76.8009464012294, 30.747876715532936], [76.8010303440083, 30.75238626562135], [76.79580891095186, 30.752458667043587], [76.79572521121528, 30.74794910405501]]]}, "properties": {"grid_id": "cell_0634", "lst_mean": 47.19, "lst_max": 50.93, "frac_impervious": 0.6382, "frac_vegetation": 0.1591, "frac_bare_soil": 0.1761, "frac_water": 0.0266, "ndvi_mean": 0.1634, "ndvi_std": 0.0235, "ndbi_mean": 0.1906, "building_density": 257.7, "building_height_mean": 18.3, "road_density": 1764.7, "park_area_frac": 0.0655, "tree_canopy_frac": 0.1081, "dist_to_water": 3551.6, "water_area_frac": 0.0266, "air_temp_max": 44.8, "wind_speed_mean": 2.56, "solar_radiation": 313.2, "veg_imperv_ratio": 0.2454, "green_deficit": 0.7754, "thermal_mass_proxy": 4715.9, "cooling_potential": 263.4, "sky_view_factor": 0.7104, "tier": "critical", "delta_above_mean": 4.88, "priority_score": 4.1}}, {"type": "Feature", "geometry": {"type": "Polygon", "coordinates": [[[76.79580891095186, 30.752458667043587], [76.8010303440083, 30.75238626562135], [76.8011143057165, 30.756895812364988], [76.795892629563, 30.756968226688528], [76.79580891095186, 30.752458667043587]]]}, "properties": {"grid_id": "cell_0635", "lst_mean": 44.26, "lst_max": 46.95, "frac_impervious": 0.7044, "frac_vegetation": 0.1499, "frac_bare_soil": 0.0998, "frac_water": 0.0459, "ndvi_mean": 0.2018, "ndvi_std": 0.0309, "ndbi_mean": 0.194, "building_density": 219.5, "building_height_mean": 13.9, "road_density": 1674.6, "park_area_frac": 0.0569, "tree_canopy_frac": 0.0797, "dist_to_water": 4145.0, "water_area_frac": 0.0459, "air_temp_max": 44.6, "wind_speed_mean": 2.47, "solar_radiation": 297.9, "veg_imperv_ratio": 0.2098, "green_deficit": 0.7932, "thermal_mass_proxy": 3051.0, "cooling_potential": 253.2, "sky_view_factor": 0.7801, "tier": "moderate", "delta_above_mean": 1.95, "priority_score": 1.7}}, {"type": "Feature", "geometry": {"type": "Polygon", "coordinates": [[[76.795892629563, 30.756968226688528], [76.8011143057165, 30.756895812364988], [76.80119828635765, 30.761405355763518], [76.79597636705232, 30.76147778298955], [76.795892629563, 30.756968226688528]]]}, "properties": {"grid_id": "cell_0636", "lst_mean": 44.26, "lst_max": 49.39, "frac_impervious": 0.6573, "frac_vegetation": 0.1902, "frac_bare_soil": 0.135, "frac_water": 0.0175, "ndvi_mean": 0.1462, "ndvi_std": 0.0338, "ndbi_mean": 0.1216, "building_density": 284.0, "building_height_mean": 20.8, "road_density": 1835.5, "park_area_frac": 0.0811, "tree_canopy_frac": 0.092, "dist_to_water": 4413.5, "water_area_frac": 0.0175, "air_temp_max": 41.4, "wind_speed_mean": 2.93, "solar_radiation": 290.9, "veg_imperv_ratio": 0.285, "green_deficit": 0.7287, "thermal_mass_proxy": 5907.2, "cooling_potential": 235.6, "sky_view_factor": 0.6709, "tier": "moderate", "delta_above_mean": 1.95, "priority_score": 1.4}}, {"type": "Feature", "geometry": {"type": "Polygon", "coordinates": [[[76.79597636705232, 30.76147778298955], [76.80119828635765, 30.761405355763518], [76.80128228593547, 30.765914895816607], [76.7960601234235, 30.765987335946313], [76.79597636705232, 30.76147778298955]]]}, "properties": {"grid_id": "cell_0637", "lst_mean": 44.98, "lst_max": 49.76, "frac_impervious": 0.6003, "frac_vegetation": 0.234, "frac_bare_soil": 0.1467, "frac_water": 0.019, "ndvi_mean": 0.1899, "ndvi_std": 0.0371, "ndbi_mean": 0.1259, "building_density": 263.9, "building_height_mean": 19.2, "road_density": 1724.6, "park_area_frac": 0.0519, "tree_canopy_frac": 0.1555, "dist_to_water": 4794.1, "water_area_frac": 0.019, "air_temp_max": 44.1, "wind_speed_mean": 2.3, "solar_radiation": 312.2, "veg_imperv_ratio": 0.3834, "green_deficit": 0.7141, "thermal_mass_proxy": 5066.9, "cooling_potential": 239.1, "sky_view_factor": 0.6962, "tier": "high", "delta_above_mean": 2.67, "priority_score": 1.6}}, {"type": "Feature", "geometry": {"type": "Polygon", "coordinates": [[[76.7960601234235, 30.765987335946313], [76.80128228593547, 30.765914895816607], [76.80136630445358, 30.770424432523942], [76.79614389868021, 30.77049688555849], [76.7960601234235, 30.765987335946313]]]}, "properties": {"grid_id": "cell_0638", "lst_mean": 44.3, "lst_max": 46.59, "frac_impervious": 0.6532, "frac_vegetation": 0.2283, "frac_bare_soil": 0.0929, "frac_water": 0.0255, "ndvi_mean": 0.16, "ndvi_std": 0.0386, "ndbi_mean": 0.2496, "building_density": 217.4, "building_height_mean": 15.3, "road_density": 1482.7, "park_area_frac": 0.0885, "tree_canopy_frac": 0.1396, "dist_to_water": 5547.3, "water_area_frac": 0.0255, "air_temp_max": 42.6, "wind_speed_mean": 2.17, "solar_radiation": 294.0, "veg_imperv_ratio": 0.3442, "green_deficit": 0.6832, "thermal_mass_proxy": 3326.2, "cooling_potential": 226.9, "sky_view_factor": 0.7579, "tier": "moderate", "delta_above_mean": 1.99, "priority_score": 1.2}}, {"type": "Feature", "geometry": {"type": "Polygon", "coordinates": [[[76.79614389868021, 30.77049688555849], [76.80136630445358, 30.770424432523942], [76.8014503419157, 30.774933965885193], [76.79622769282611, 30.775006431825783], [76.79614389868021, 30.77049688555849]]]}, "properties": {"grid_id": "cell_0639", "lst_mean": 41.14, "lst_max": 46.65, "frac_impervious": 0.6332, "frac_vegetation": 0.1776, "frac_bare_soil": 0.1545, "frac_water": 0.0347, "ndvi_mean": 0.1806, "ndvi_std": 0.035, "ndbi_mean": 0.175, "building_density": 231.1, "building_height_mean": 10.0, "road_density": 1420.4, "park_area_frac": 0.0726, "tree_canopy_frac": 0.0593, "dist_to_water": 6124.7, "water_area_frac": 0.0347, "air_temp_max": 44.0, "wind_speed_mean": 2.97, "solar_radiation": 308.5, "veg_imperv_ratio": 0.2761, "green_deficit": 0.7498, "thermal_mass_proxy": 2311.0, "cooling_potential": 253.7, "sky_view_factor": 0.8418, "tier": "normal", "delta_above_mean": -1.17, "priority_score": 0.0}}, {"type": "Feature", "geometry": {"type": "Polygon", "coordinates": [[[76.79622769282611, 30.775006431825783], [76.8014503419157, 30.774933965885193], [76.80153439832547, 30.77944349590006], [76.79631150586485, 30.779515974747834], [76.79622769282611, 30.775006431825783]]]}, "properties": {"grid_id": "cell_0640", "lst_mean": 41.71, "lst_max": 44.59, "frac_impervious": 0.6138, "frac_vegetation": 0.2197, "frac_bare_soil": 0.1426, "frac_water": 0.0239, "ndvi_mean": 0.2084, "ndvi_std": 0.0333, "ndbi_mean": 0.2166, "building_density": 205.6, "building_height_mean": 16.3, "road_density": 1447.2, "park_area_frac": 0.0572, "tree_canopy_frac": 0.1517, "dist_to_water": 6274.3, "water_area_frac": 0.0239, "air_temp_max": 42.1, "wind_speed_mean": 2.58, "solar_radiation": 282.6, "veg_imperv_ratio": 0.3522, "green_deficit": 0.7231, "thermal_mass_proxy": 3351.3, "cooling_potential": 220.5, "sky_view_factor": 0.7421, "tier": "normal", "delta_above_mean": -0.6, "priority_score": 0.0}}, {"type": "Feature", "geometry": {"type": "Polygon", "coordinates": [[[76.79631150586485, 30.779515974747834], [76.80153439832547, 30.77944349590006], [76.80161847368659, 30.783953022568213], [76.79639533780009, 30.784025514324362], [76.79631150586485, 30.779515974747834]]]}, "properties": {"grid_id": "cell_0641", "lst_mean": 45.46, "lst_max": 49.39, "frac_impervious": 0.6812, "frac_vegetation": 0.1879, "frac_bare_soil": 0.1086, "frac_water": 0.0224, "ndvi_mean": 0.1974, "ndvi_std": 0.0478, "ndbi_mean": 0.2143, "building_density": 235.8, "building_height_mean": 19.0, "road_density": 1564.9, "park_area_frac": 0.0655, "tree_canopy_frac": 0.1142, "dist_to_water": 6729.6, "water_area_frac": 0.0224, "air_temp_max": 42.9, "wind_speed_mean": 2.62, "solar_radiation": 317.8, "veg_imperv_ratio": 0.2718, "green_deficit": 0.7466, "thermal_mass_proxy": 4480.2, "cooling_potential": 258.1, "sky_view_factor": 0.6994, "tier": "high", "delta_above_mean": 3.15, "priority_score": 2.3}}, {"type": "Feature", "geometry": {"type": "Polygon", "coordinates": [[[76.79639533780009, 30.784025514324362], [76.80161847368659, 30.783953022568213], [76.80170256800272, 30.78846254588933], [76.79647918863553, 30.788535050555026], [76.79639533780009, 30.784025514324362]]]}, "properties": {"grid_id": "cell_0642", "lst_mean": 40.18, "lst_max": 44.7, "frac_impervious": 0.6054, "frac_vegetation": 0.2571, "frac_bare_soil": 0.1091, "frac_water": 0.0284, "ndvi_mean": 0.2304, "ndvi_std": 0.0289, "ndbi_mean": 0.1494, "building_density": 170.1, "building_height_mean": 14.7, "road_density": 1380.9, "park_area_frac": 0.0613, "tree_canopy_frac": 0.1697, "dist_to_water": 7070.0, "water_area_frac": 0.0284, "air_temp_max": 45.0, "wind_speed_mean": 3.09, "solar_radiation": 286.6, "veg_imperv_ratio": 0.4178, "green_deficit": 0.6816, "thermal_mass_proxy": 2500.5, "cooling_potential": 212.9, "sky_view_factor": 0.7674, "tier": "normal", "delta_above_mean": -2.13, "priority_score": 0.0}}, {"type": "Feature", "geometry": {"type": "Polygon", "coordinates": [[[76.79647918863553, 30.788535050555026], [76.80170256800272, 30.78846254588933], [76.80178668127756, 30.79297206586307], [76.79656305837483, 30.793044583439514], [76.79647918863553, 30.788535050555026]]]}, "properties": {"grid_id": "cell_0643", "lst_mean": 41.8, "lst_max": 44.86, "frac_impervious": 0.5856, "frac_vegetation": 0.2757, "frac_bare_soil": 0.1167, "frac_water": 0.022, "ndvi_mean": 0.21, "ndvi_std": 0.0349, "ndbi_mean": 0.1433, "building_density": 159.0, "building_height_mean": 11.4, "road_density": 1285.9, "park_area_frac": 0.0657, "tree_canopy_frac": 0.1609, "dist_to_water": 7728.6, "water_area_frac": 0.022, "air_temp_max": 44.4, "wind_speed_mean": 2.61, "solar_radiation": 308.1, "veg_imperv_ratio": 0.4629, "green_deficit": 0.6586, "thermal_mass_proxy": 1812.6, "cooling_potential": 223.2, "sky_view_factor": 0.8196, "tier": "normal", "delta_above_mean": -0.51, "priority_score": 0.0}}, {"type": "Feature", "geometry": {"type": "Polygon", "coordinates": [[[76.79656305837483, 30.793044583439514], [76.80178668127756, 30.79297206586307], [76.80187081351477, 30.79748158248913], [76.79664694702163, 30.797554112977483], [76.79656305837483, 30.793044583439514]]]}, "properties": {"grid_id": "cell_0644", "lst_mean": 42.47, "lst_max": 45.24, "frac_impervious": 0.583, "frac_vegetation": 0.2085, "frac_bare_soil": 0.1895, "frac_water": 0.019, "ndvi_mean": 0.1985, "ndvi_std": 0.0645, "ndbi_mean": 0.1321, "building_density": 234.5, "building_height_mean": 12.3, "road_density": 1399.3, "park_area_frac": 0.0649, "tree_canopy_frac": 0.1572, "dist_to_water": 8512.1, "water_area_frac": 0.019, "air_temp_max": 41.5, "wind_speed_mean": 2.7, "solar_radiation": 290.9, "veg_imperv_ratio": 0.3516, "green_deficit": 0.7266, "thermal_mass_proxy": 2884.4, "cooling_potential": 230.2, "sky_view_factor": 0.8054, "tier": "moderate", "delta_above_mean": 0.16, "priority_score": 0.1}}, {"type": "Feature", "geometry": {"type": "Polygon", "coordinates": [[[76.79664694702163, 30.797554112977483], [76.80187081351477, 30.79748158248913], [76.80195496471805, 30.801991095767217], [76.79673085457964, 30.80206363916865], [76.79664694702163, 30.797554112977483]]]}, "properties": {"grid_id": "cell_0645", "lst_mean": 41.58, "lst_max": 47.29, "frac_impervious": 0.5547, "frac_vegetation": 0.2661, "frac_bare_soil": 0.1453, "frac_water": 0.0339, "ndvi_mean": 0.1881, "ndvi_std": 0.0309, "ndbi_mean": 0.0697, "building_density": 224.9, "building_height_mean": 13.3, "road_density": 1320.2, "park_area_frac": 0.0584, "tree_canopy_frac": 0.152, "dist_to_water": 8761.0, "water_area_frac": 0.0339, "air_temp_max": 45.6, "wind_speed_mean": 2.7, "solar_radiation": 327.7, "veg_imperv_ratio": 0.4712, "green_deficit": 0.6755, "thermal_mass_proxy": 2991.2, "cooling_potential": 240.5, "sky_view_factor": 0.7896, "tier": "normal", "delta_above_mean": -0.73, "priority_score": 0.0}}, {"type": "Feature", "geometry": {"type": "Polygon", "coordinates": [[[76.79910444179257, 30.648665768006467], [76.80432027986416, 30.648593453866315], [76.80440404896125, 30.653103064547054], [76.79918796905308, 30.653175391598886], [76.79910444179257, 30.648665768006467]]]}, "properties": {"grid_id": "cell_0646", "lst_mean": 37.46, "lst_max": 39.86, "frac_impervious": 0.4689, "frac_vegetation": 0.3212, "frac_bare_soil": 0.1803, "frac_water": 0.0295, "ndvi_mean": 0.3015, "ndvi_std": 0.0322, "ndbi_mean": 0.0881, "building_density": 145.0, "building_height_mean": 11.1, "road_density": 788.7, "park_area_frac": 0.1488, "tree_canopy_frac": 0.14, "dist_to_water": 7880.3, "water_area_frac": 0.0295, "air_temp_max": 38.2, "wind_speed_mean": 3.82, "solar_radiation": 275.5, "veg_imperv_ratio": 0.6707, "green_deficit": 0.53, "thermal_mass_proxy": 1609.5, "cooling_potential": 187.0, "sky_view_factor": 0.8244, "tier": "cool", "delta_above_mean": -4.85, "priority_score": 0.0}}, {"type": "Feature", "geometry": {"type": "Polygon", "coordinates": [[[76.79918796905308, 30.653175391598886], [76.80440404896125, 30.653103064547054], [76.80448783696171, 30.657612671888906], [76.79927151516245, 30.657685011853605], [76.79918796905308, 30.653175391598886]]]}, "properties": {"grid_id": "cell_0647", "lst_mean": 41.96, "lst_max": 44.4, "frac_impervious": 0.5746, "frac_vegetation": 0.2903, "frac_bare_soil": 0.109, "frac_water": 0.0261, "ndvi_mean": 0.236, "ndvi_std": 0.0506, "ndbi_mean": 0.1662, "building_density": 221.9, "building_height_mean": 9.0, "road_density": 1482.0, "park_area_frac": 0.0581, "tree_canopy_frac": 0.1564, "dist_to_water": 7585.4, "water_area_frac": 0.0261, "air_temp_max": 43.1, "wind_speed_mean": 2.88, "solar_radiation": 304.1, "veg_imperv_ratio": 0.4966, "green_deficit": 0.6516, "thermal_mass_proxy": 1997.1, "cooling_potential": 215.8, "sky_view_factor": 0.8576, "tier": "normal", "delta_above_mean": -0.35, "priority_score": 0.0}}, {"type": "Feature", "geometry": {"type": "Polygon", "coordinates": [[[76.79927151516245, 30.657685011853605], [76.80448783696171, 30.657612671888906], [76.8045716438692, 30.662122275891562], [76.7993550801243, 30.662194628770287], [76.79927151516245, 30.657685011853605]]]}, "properties": {"grid_id": "cell_0648", "lst_mean": 41.87, "lst_max": 44.55, "frac_impervious": 0.5643, "frac_vegetation": 0.2841, "frac_bare_soil": 0.1184, "frac_water": 0.0332, "ndvi_mean": 0.2274, "ndvi_std": 0.022, "ndbi_mean": 0.1077, "building_density": 188.4, "building_height_mean": 13.3, "road_density": 1452.6, "park_area_frac": 0.0788, "tree_canopy_frac": 0.1805, "dist_to_water": 6694.9, "water_area_frac": 0.0332, "air_temp_max": 40.9, "wind_speed_mean": 2.93, "solar_radiation": 317.0, "veg_imperv_ratio": 0.4947, "green_deficit": 0.6371, "thermal_mass_proxy": 2505.7, "cooling_potential": 226.9, "sky_view_factor": 0.7896, "tier": "normal", "delta_above_mean": -0.44, "priority_score": 0.0}}, {"type": "Feature", "geometry": {"type": "Polygon", "coordinates": [[[76.7993550801243, 30.662194628770287], [76.8045716438692, 30.662122275891562], [76.8046554696874, 30.666631876554682], [76.7994386639423, 30.666704242348626], [76.7993550801243, 30.662194628770287]]]}, "properties": {"grid_id": "cell_0649", "lst_mean": 41.79, "lst_max": 46.73, "frac_impervious": 0.56, "frac_vegetation": 0.2529, "frac_bare_soil": 0.1579, "frac_water": 0.0292, "ndvi_mean": 0.2741, "ndvi_std": 0.0379, "ndbi_mean": 0.1363, "building_density": 206.3, "building_height_mean": 13.0, "road_density": 1519.3, "park_area_frac": 0.0638, "tree_canopy_frac": 0.1549, "dist_to_water": 6184.7, "water_area_frac": 0.0292, "air_temp_max": 43.7, "wind_speed_mean": 2.15, "solar_radiation": 315.3, "veg_imperv_ratio": 0.4437, "green_deficit": 0.6833, "thermal_mass_proxy": 2681.9, "cooling_potential": 235.6, "sky_view_factor": 0.7943, "tier": "normal", "delta_above_mean": -0.52, "priority_score": 0.0}}, {"type": "Feature", "geometry": {"type": "Polygon", "coordinates": [[[76.7994386639423, 30.666704242348626], [76.8046554696874, 30.666631876554682], [76.80473931441993, 30.67114147387797], [76.7995222666201, 30.671213852588274], [76.7994386639423, 30.666704242348626]]]}, "properties": {"grid_id": "cell_0650", "lst_mean": 43.01, "lst_max": 49.2, "frac_impervious": 0.6492, "frac_vegetation": 0.2333, "frac_bare_soil": 0.0938, "frac_water": 0.0238, "ndvi_mean": 0.1794, "ndvi_std": 0.0601, "ndbi_mean": 0.1852, "building_density": 235.5, "building_height_mean": 15.5, "road_density": 1819.8, "park_area_frac": 0.0722, "tree_canopy_frac": 0.1375, "dist_to_water": 5795.6, "water_area_frac": 0.0238, "air_temp_max": 43.2, "wind_speed_mean": 2.94, "solar_radiation": 292.0, "veg_imperv_ratio": 0.3539, "green_deficit": 0.6945, "thermal_mass_proxy": 3650.2, "cooling_potential": 223.9, "sky_view_factor": 0.7547, "tier": "moderate", "delta_above_mean": 0.7, "priority_score": 0.4}}, {"type": "Feature", "geometry": {"type": "Polygon", "coordinates": [[[76.7995222666201, 30.671213852588274], [76.80473931441993, 30.67114147387797], [76.80482317807048, 30.675651067861075], [76.79960588816132, 30.675723459488935], [76.7995222666201, 30.671213852588274]]]}, "properties": {"grid_id": "cell_0651", "lst_mean": 42.45, "lst_max": 44.82, "frac_impervious": 0.6154, "frac_vegetation": 0.2542, "frac_bare_soil": 0.108, "frac_water": 0.0223, "ndvi_mean": 0.1933, "ndvi_std": 0.0249, "ndbi_mean": 0.1189, "building_density": 227.0, "building_height_mean": 12.1, "road_density": 1499.1, "park_area_frac": 0.0609, "tree_canopy_frac": 0.1328, "dist_to_water": 5069.0, "water_area_frac": 0.0223, "air_temp_max": 42.0, "wind_speed_mean": 2.82, "solar_radiation": 283.7, "veg_imperv_ratio": 0.4065, "green_deficit": 0.6849, "thermal_mass_proxy": 2746.7, "cooling_potential": 211.6, "sky_view_factor": 0.8085, "tier": "moderate", "delta_above_mean": 0.14, "priority_score": 0.1}}, {"type": "Feature", "geometry": {"type": "Polygon", "coordinates": [[[76.79960588816132, 30.675723459488935], [76.80482317807048, 30.675651067861075], [76.8049070606427, 30.6801606585037], [76.79968952856964, 30.680233063050284], [76.79960588816132, 30.675723459488935]]]}, "properties": {"grid_id": "cell_0652", "lst_mean": 41.36, "lst_max": 46.35, "frac_impervious": 0.6401, "frac_vegetation": 0.2214, "frac_bare_soil": 0.1197, "frac_water": 0.0188, "ndvi_mean": 0.1778, "ndvi_std": 0.0179, "ndbi_mean": 0.1425, "building_density": 210.4, "building_height_mean": 13.0, "road_density": 1687.0, "park_area_frac": 0.0764, "tree_canopy_frac": 0.1332, "dist_to_water": 4552.4, "water_area_frac": 0.0188, "air_temp_max": 42.1, "wind_speed_mean": 2.28, "solar_radiation": 322.9, "veg_imperv_ratio": 0.3406, "green_deficit": 0.7022, "thermal_mass_proxy": 2735.2, "cooling_potential": 251.4, "sky_view_factor": 0.7943, "tier": "normal", "delta_above_mean": -0.95, "priority_score": 0.0}}, {"type": "Feature", "geometry": {"type": "Polygon", "coordinates": [[[76.79968952856964, 30.680233063050284], [76.8049070606427, 30.6801606585037], [76.80499096214024, 30.684670245805496], [76.79977318784869, 30.68474266327198], [76.79968952856964, 30.680233063050284]]]}, "properties": {"grid_id": "cell_0653", "lst_mean": 42.94, "lst_max": 45.38, "frac_impervious": 0.6031, "frac_vegetation": 0.2228, "frac_bare_soil": 0.1511, "frac_water": 0.023, "ndvi_mean": 0.2093, "ndvi_std": 0.0228, "ndbi_mean": 0.1107, "building_density": 231.3, "building_height_mean": 10.9, "road_density": 1359.8, "park_area_frac": 0.081, "tree_canopy_frac": 0.1334, "dist_to_water": 4056.4, "water_area_frac": 0.023, "air_temp_max": 42.0, "wind_speed_mean": 3.71, "solar_radiation": 309.2, "veg_imperv_ratio": 0.3634, "green_deficit": 0.6962, "thermal_mass_proxy": 2521.2, "cooling_potential": 240.3, "sky_view_factor": 0.8275, "tier": "moderate", "delta_above_mean": 0.63, "priority_score": 0.4}}, {"type": "Feature", "geometry": {"type": "Polygon", "coordinates": [[[76.79977318784869, 30.68474266327198], [76.80499096214024, 30.684670245805496], [76.80507488256677, 30.68917982976615], [76.79985686600212, 30.68925226015371], [76.79977318784869, 30.68474266327198]]]}, "properties": {"grid_id": "cell_0654", "lst_mean": 43.37, "lst_max": 50.66, "frac_impervious": 0.6547, "frac_vegetation": 0.2153, "frac_bare_soil": 0.1015, "frac_water": 0.0285, "ndvi_mean": 0.2206, "ndvi_std": 0.0462, "ndbi_mean": 0.1372, "building_density": 273.0, "building_height_mean": 19.4, "road_density": 1890.6, "park_area_frac": 0.0701, "tree_canopy_frac": 0.1287, "dist_to_water": 3448.8, "water_area_frac": 0.0285, "air_temp_max": 44.3, "wind_speed_mean": 2.5, "solar_radiation": 295.3, "veg_imperv_ratio": 0.3239, "green_deficit": 0.7146, "thermal_mass_proxy": 5296.2, "cooling_potential": 231.7, "sky_view_factor": 0.693, "tier": "moderate", "delta_above_mean": 1.06, "priority_score": 0.7}}, {"type": "Feature", "geometry": {"type": "Polygon", "coordinates": [[[76.79985686600212, 30.68925226015371], [76.80507488256677, 30.68917982976615], [76.80515882192594, 30.69368941038536], [76.79994056303359, 30.69376185369516], [76.79985686600212, 30.68925226015371]]]}, "properties": {"grid_id": "cell_0655", "lst_mean": 42.41, "lst_max": 45.78, "frac_impervious": 0.6377, "frac_vegetation": 0.2075, "frac_bare_soil": 0.1205, "frac_water": 0.0343, "ndvi_mean": 0.2259, "ndvi_std": 0.0478, "ndbi_mean": 0.1164, "building_density": 253.0, "building_height_mean": 14.1, "road_density": 1530.9, "park_area_frac": 0.0533, "tree_canopy_frac": 0.1352, "dist_to_water": 3355.8, "water_area_frac": 0.0343, "air_temp_max": 45.1, "wind_speed_mean": 2.23, "solar_radiation": 324.0, "veg_imperv_ratio": 0.3204, "green_deficit": 0.7392, "thermal_mass_proxy": 3567.3, "cooling_potential": 256.8, "sky_view_factor": 0.7769, "tier": "moderate", "delta_above_mean": 0.1, "priority_score": 0.1}}, {"type": "Feature", "geometry": {"type": "Polygon", "coordinates": [[[76.79994056303359, 30.69376185369516], [76.80515882192594, 30.69368941038536], [76.80524278022145, 30.69819898766277], [76.80002427894675, 30.698271443895997], [76.79994056303359, 30.69376185369516]]]}, "properties": {"grid_id": "cell_0656", "lst_mean": 42.82, "lst_max": 44.83, "frac_impervious": 0.6342, "frac_vegetation": 0.1777, "frac_bare_soil": 0.1381, "frac_water": 0.0501, "ndvi_mean": 0.266, "ndvi_std": 0.0291, "ndbi_mean": 0.1267, "building_density": 265.2, "building_height_mean": 16.1, "road_density": 1698.3, "park_area_frac": 0.0715, "tree_canopy_frac": 0.1102, "dist_to_water": 2574.5, "water_area_frac": 0.0501, "air_temp_max": 46.7, "wind_speed_mean": 2.5, "solar_radiation": 304.5, "veg_imperv_ratio": 0.2758, "green_deficit": 0.7508, "thermal_mass_proxy": 4269.7, "cooling_potential": 250.4, "sky_view_factor": 0.7453, "tier": "moderate", "delta_above_mean": 0.51, "priority_score": 0.4}}, {"type": "Feature", "geometry": {"type": "Polygon", "coordinates": [[[76.80002427894675, 30.698271443895997], [76.80524278022145, 30.69819898766277], [76.80532675745692, 30.702708561598087], [76.80010801374526, 30.70278103075589], [76.80002427894675, 30.698271443895997]]]}, "properties": {"grid_id": "cell_0657", "lst_mean": 45.2, "lst_max": 47.25, "frac_impervious": 0.6652, "frac_vegetation": 0.1699, "frac_bare_soil": 0.1367, "frac_water": 0.0281, "ndvi_mean": 0.1175, "ndvi_std": 0.0404, "ndbi_mean": 0.2087, "building_density": 258.1, "building_height_mean": 16.9, "road_density": 1774.5, "park_area_frac": 0.0559, "tree_canopy_frac": 0.0969, "dist_to_water": 2394.1, "water_area_frac": 0.0281, "air_temp_max": 43.6, "wind_speed_mean": 2.28, "solar_radiation": 303.3, "veg_imperv_ratio": 0.2516, "green_deficit": 0.7742, "thermal_mass_proxy": 4361.9, "cooling_potential": 251.8, "sky_view_factor": 0.7326, "tier": "high", "delta_above_mean": 2.89, "priority_score": 2.3}}, {"type": "Feature", "geometry": {"type": "Polygon", "coordinates": [[[76.80010801374526, 30.70278103075589], [76.80532675745692, 30.702708561598087], [76.80541075363604, 30.70721813219096], [76.80019176743278, 30.70729061427455], [76.80010801374526, 30.70278103075589]]]}, "properties": {"grid_id": "cell_0658", "lst_mean": 42.36, "lst_max": 44.6, "frac_impervious": 0.673, "frac_vegetation": 0.21, "frac_bare_soil": 0.0941, "frac_water": 0.0229, "ndvi_mean": 0.2233, "ndvi_std": 0.0507, "ndbi_mean": 0.1417, "building_density": 240.6, "building_height_mean": 19.2, "road_density": 1784.5, "park_area_frac": 0.0486, "tree_canopy_frac": 0.106, "dist_to_water": 1775.7, "water_area_frac": 0.0229, "air_temp_max": 44.4, "wind_speed_mean": 3.17, "solar_radiation": 298.6, "veg_imperv_ratio": 0.3075, "green_deficit": 0.7414, "thermal_mass_proxy": 4619.5, "cooling_potential": 235.9, "sky_view_factor": 0.6962, "tier": "moderate", "delta_above_mean": 0.05, "priority_score": 0.0}}, {"type": "Feature", "geometry": {"type": "Polygon", "coordinates": [[[76.80019176743278, 30.70729061427455], [76.80541075363604, 30.70721813219096], [76.80549476876249, 30.711727699441106], [76.80027554001296, 30.71180019445163], [76.80019176743278, 30.70729061427455]]]}, "properties": {"grid_id": "cell_0659", "lst_mean": 43.78, "lst_max": 46.09, "frac_impervious": 0.6801, "frac_vegetation": 0.1954, "frac_bare_soil": 0.1046, "frac_water": 0.0199, "ndvi_mean": 0.181, "ndvi_std": 0.0535, "ndbi_mean": 0.1758, "building_density": 233.8, "building_height_mean": 15.9, "road_density": 1877.1, "park_area_frac": 0.0586, "tree_canopy_frac": 0.1444, "dist_to_water": 1163.3, "water_area_frac": 0.0199, "air_temp_max": 45.8, "wind_speed_mean": 2.86, "solar_radiation": 300.8, "veg_imperv_ratio": 0.2831, "green_deficit": 0.746, "thermal_mass_proxy": 3717.4, "cooling_potential": 242.0, "sky_view_factor": 0.7484, "tier": "moderate", "delta_above_mean": 1.47, "priority_score": 1.0}}, {"type": "Feature", "geometry": {"type": "Polygon", "coordinates": [[[76.80027554001296, 30.71180019445163], [76.80549476876249, 30.711727699441106], [76.80557880283992, 30.716237263348155], [76.80035933148945, 30.716309771286816], [76.80027554001296, 30.71180019445163]]]}, "properties": {"grid_id": "cell_0660", "lst_mean": 43.29, "lst_max": 47.48, "frac_impervious": 0.6387, "frac_vegetation": 0.1831, "frac_bare_soil": 0.1442, "frac_water": 0.034, "ndvi_mean": 0.174, "ndvi_std": 0.0322, "ndbi_mean": 0.1404, "building_density": 262.9, "building_height_mean": 16.1, "road_density": 1809.3, "park_area_frac": 0.0594, "tree_canopy_frac": 0.1495, "dist_to_water": 827.8, "water_area_frac": 0.034, "air_temp_max": 43.3, "wind_speed_mean": 2.63, "solar_radiation": 300.7, "veg_imperv_ratio": 0.2823, "green_deficit": 0.7575, "thermal_mass_proxy": 4232.7, "cooling_potential": 245.6, "sky_view_factor": 0.7453, "tier": "moderate", "delta_above_mean": 0.98, "priority_score": 0.7}}, {"type": "Feature", "geometry": {"type": "Polygon", "coordinates": [[[76.80035933148945, 30.716309771286816], [76.80557880283992, 30.716237263348155], [76.80566285587199, 30.72074682391182], [76.80044314186593, 30.720819344779766], [76.80035933148945, 30.716309771286816]]]}, "properties": {"grid_id": "cell_0661", "lst_mean": 43.67, "lst_max": 46.05, "frac_impervious": 0.6711, "frac_vegetation": 0.1749, "frac_bare_soil": 0.1286, "frac_water": 0.0254, "ndvi_mean": 0.1689, "ndvi_std": 0.011, "ndbi_mean": 0.2038, "building_density": 261.5, "building_height_mean": 20.4, "road_density": 1780.9, "park_area_frac": 0.0599, "tree_canopy_frac": 0.1398, "dist_to_water": 50.0, "water_area_frac": 0.0657, "air_temp_max": 42.9, "wind_speed_mean": 3.23, "solar_radiation": 317.9, "veg_imperv_ratio": 0.2568, "green_deficit": 0.7652, "thermal_mass_proxy": 5334.6, "cooling_potential": 262.3, "sky_view_factor": 0.6772, "tier": "moderate", "delta_above_mean": 1.36, "priority_score": 1.0}}, {"type": "Feature", "geometry": {"type": "Polygon", "coordinates": [[[76.80044314186593, 30.720819344779766], [76.80566285587199, 30.72074682391182], [76.8057469278624, 30.725256381131768], [76.80052697114604, 30.725328914930188], [76.80044314186593, 30.720819344779766]]]}, "properties": {"grid_id": "cell_0662", "lst_mean": 45.84, "lst_max": 53.06, "frac_impervious": 0.6951, "frac_vegetation": 0.2138, "frac_bare_soil": 0.0649, "frac_water": 0.0262, "ndvi_mean": 0.1796, "ndvi_std": 0.0289, "ndbi_mean": 0.2174, "building_density": 277.9, "building_height_mean": 19.6, "road_density": 1850.9, "park_area_frac": 0.0703, "tree_canopy_frac": 0.1423, "dist_to_water": 182.1, "water_area_frac": 0.1059, "air_temp_max": 47.2, "wind_speed_mean": 1.77, "solar_radiation": 334.7, "veg_imperv_ratio": 0.3032, "green_deficit": 0.7159, "thermal_mass_proxy": 5446.8, "cooling_potential": 263.1, "sky_view_factor": 0.6899, "tier": "high", "delta_above_mean": 3.53, "priority_score": 2.2}}, {"type": "Feature", "geometry": {"type": "Polygon", "coordinates": [[[76.80052697114604, 30.725328914930188], [76.8057469278624, 30.725256381131768], [76.8058310188148, 30.729765935007688], [76.80061081933344, 30.72983848173775], [76.80052697114604, 30.725328914930188]]]}, "properties": {"grid_id": "cell_0663", "lst_mean": 39.85, "lst_max": 43.36, "frac_impervious": 0.6875, "frac_vegetation": 0.5373, "frac_bare_soil": 0.1032, "frac_water": 0.0286, "ndvi_mean": 0.5609, "ndvi_std": 0.0302, "ndbi_mean": 0.2009, "building_density": 270.0, "building_height_mean": 22.6, "road_density": 1949.9, "park_area_frac": 0.5118, "tree_canopy_frac": 0.2889, "dist_to_water": 982.9, "water_area_frac": 0.0286, "air_temp_max": 43.9, "wind_speed_mean": 2.72, "solar_radiation": 277.6, "veg_imperv_ratio": 0.7703, "green_deficit": 0.0, "thermal_mass_proxy": 6102.0, "cooling_potential": 128.4, "sky_view_factor": 0.6424, "tier": "cool", "delta_above_mean": -2.46, "priority_score": 0.0}}, {"type": "Feature", "geometry": {"type": "Polygon", "coordinates": [[[76.80061081933344, 30.72983848173775], [76.8058310188148, 30.729765935007688], [76.80591512873288, 30.73427548553922], [76.80069468643183, 30.734348045202125], [76.80061081933344, 30.72983848173775]]]}, "properties": {"grid_id": "cell_0664", "lst_mean": 45.08, "lst_max": 48.85, "frac_impervious": 0.7259, "frac_vegetation": 0.1858, "frac_bare_soil": 0.0568, "frac_water": 0.0315, "ndvi_mean": 0.2182, "ndvi_std": 0.0323, "ndbi_mean": 0.1995, "building_density": 319.4, "building_height_mean": 20.5, "road_density": 1786.2, "park_area_frac": 0.0545, "tree_canopy_frac": 0.0755, "dist_to_water": 903.1, "water_area_frac": 0.0315, "air_temp_max": 44.5, "wind_speed_mean": 2.62, "solar_radiation": 307.5, "veg_imperv_ratio": 0.2525, "green_deficit": 0.7597, "thermal_mass_proxy": 6547.7, "cooling_potential": 250.4, "sky_view_factor": 0.6756, "tier": "high", "delta_above_mean": 2.77, "priority_score": 2.0}}, {"type": "Feature", "geometry": {"type": "Polygon", "coordinates": [[[76.80069468643183, 30.734348045202125], [76.80591512873288, 30.73427548553922], [76.8059992576203, 30.738785032726096], [76.80077857244484, 30.738857605322995], [76.80069468643183, 30.734348045202125]]]}, "properties": {"grid_id": "cell_0665", "lst_mean": 43.89, "lst_max": 46.26, "frac_impervious": 0.6728, "frac_vegetation": 0.1889, "frac_bare_soil": 0.104, "frac_water": 0.0342, "ndvi_mean": 0.1952, "ndvi_std": 0.0332, "ndbi_mean": 0.1622, "building_density": 251.5, "building_height_mean": 22.7, "road_density": 2012.1, "park_area_frac": 0.0468, "tree_canopy_frac": 0.1024, "dist_to_water": 1847.1, "water_area_frac": 0.0342, "air_temp_max": 41.9, "wind_speed_mean": 2.16, "solar_radiation": 310.0, "veg_imperv_ratio": 0.2767, "green_deficit": 0.7643, "thermal_mass_proxy": 5709.0, "cooling_potential": 251.4, "sky_view_factor": 0.6408, "tier": "moderate", "delta_above_mean": 1.58, "priority_score": 1.1}}, {"type": "Feature", "geometry": {"type": "Polygon", "coordinates": [[[76.80077857244484, 30.738857605322995], [76.8059992576203, 30.738785032726096], [76.80608340548075, 30.74329457656795], [76.80086247737614, 30.743367162100036], [76.80077857244484, 30.738857605322995]]]}, "properties": {"grid_id": "cell_0666", "lst_mean": 44.02, "lst_max": 49.36, "frac_impervious": 0.6846, "frac_vegetation": 0.1318, "frac_bare_soil": 0.1642, "frac_water": 0.0194, "ndvi_mean": 0.2064, "ndvi_std": 0.0417, "ndbi_mean": 0.1381, "building_density": 229.3, "building_height_mean": 23.1, "road_density": 1983.1, "park_area_frac": 0.07, "tree_canopy_frac": 0.078, "dist_to_water": 2464.3, "water_area_frac": 0.0194, "air_temp_max": 43.4, "wind_speed_mean": 2.23, "solar_radiation": 321.7, "veg_imperv_ratio": 0.1897, "green_deficit": 0.7982, "thermal_mass_proxy": 5296.8, "cooling_potential": 279.3, "sky_view_factor": 0.6345, "tier": "moderate", "delta_above_mean": 1.71, "priority_score": 1.7}}, {"type": "Feature", "geometry": {"type": "Polygon", "coordinates": [[[76.80086247737614, 30.743367162100036], [76.80608340548075, 30.74329457656795], [76.8061675723179, 30.747804117064497], [76.8009464012294, 30.747876715532936], [76.80086247737614, 30.743367162100036]]]}, "properties": {"grid_id": "cell_0667", "lst_mean": 46.65, "lst_max": 50.3, "frac_impervious": 0.7166, "frac_vegetation": 0.171, "frac_bare_soil": 0.0794, "frac_water": 0.033, "ndvi_mean": 0.1401, "ndvi_std": 0.0464, "ndbi_mean": 0.2449, "building_density": 297.4, "building_height_mean": 22.7, "road_density": 1838.4, "park_area_frac": 0.0607, "tree_canopy_frac": 0.1007, "dist_to_water": 3110.4, "water_area_frac": 0.033, "air_temp_max": 47.3, "wind_speed_mean": 2.66, "solar_radiation": 328.0, "veg_imperv_ratio": 0.2353, "green_deficit": 0.7683, "thermal_mass_proxy": 6751.0, "cooling_potential": 271.9, "sky_view_factor": 0.6408, "tier": "high", "delta_above_mean": 4.34, "priority_score": 3.4}}, {"type": "Feature", "geometry": {"type": "Polygon", "coordinates": [[[76.8009464012294, 30.747876715532936], [76.8061675723179, 30.747804117064497], [76.80625175813543, 30.752313654215378], [76.8010303440083, 30.75238626562135], [76.8009464012294, 30.747876715532936]]]}, "properties": {"grid_id": "cell_0668", "lst_mean": 41.21, "lst_max": 46.2, "frac_impervious": 0.5951, "frac_vegetation": 0.272, "frac_bare_soil": 0.0975, "frac_water": 0.0354, "ndvi_mean": 0.1961, "ndvi_std": 0.04, "ndbi_mean": 0.1152, "building_density": 215.4, "building_height_mean": 13.3, "road_density": 1666.3, "park_area_frac": 0.0615, "tree_canopy_frac": 0.1671, "dist_to_water": 3653.3, "water_area_frac": 0.0354, "air_temp_max": 44.1, "wind_speed_mean": 3.07, "solar_radiation": 306.7, "veg_imperv_ratio": 0.4495, "green_deficit": 0.6665, "thermal_mass_proxy": 2864.8, "cooling_potential": 223.3, "sky_view_factor": 0.7896, "tier": "normal", "delta_above_mean": -1.1, "priority_score": 0.0}}, {"type": "Feature", "geometry": {"type": "Polygon", "coordinates": [[[76.8010303440083, 30.75238626562135], [76.80625175813543, 30.752313654215378], [76.80633596293701, 30.7568231880203], [76.8011143057165, 30.756895812364988], [76.8010303440083, 30.75238626562135]]]}, "properties": {"grid_id": "cell_0669", "lst_mean": 45.75, "lst_max": 52.45, "frac_impervious": 0.6817, "frac_vegetation": 0.1622, "frac_bare_soil": 0.1336, "frac_water": 0.0225, "ndvi_mean": 0.1158, "ndvi_std": 0.044, "ndbi_mean": 0.1926, "building_density": 279.4, "building_height_mean": 22.5, "road_density": 2093.2, "park_area_frac": 0.0707, "tree_canopy_frac": 0.0695, "dist_to_water": 3826.1, "water_area_frac": 0.0225, "air_temp_max": 44.2, "wind_speed_mean": 1.6, "solar_radiation": 304.0, "veg_imperv_ratio": 0.2345, "green_deficit": 0.7671, "thermal_mass_proxy": 6286.5, "cooling_potential": 254.7, "sky_view_factor": 0.644, "tier": "high", "delta_above_mean": 3.44, "priority_score": 2.8}}, {"type": "Feature", "geometry": {"type": "Polygon", "coordinates": [[[76.8011143057165, 30.756895812364988], [76.80633596293701, 30.7568231880203], [76.80642018672636, 30.761332718478926], [76.80119828635765, 30.761405355763518], [76.8011143057165, 30.756895812364988]]]}, "properties": {"grid_id": "cell_0670", "lst_mean": 45.98, "lst_max": 48.18, "frac_impervious": 0.7448, "frac_vegetation": 0.1513, "frac_bare_soil": 0.0728, "frac_water": 0.0311, "ndvi_mean": 0.1547, "ndvi_std": 0.0357, "ndbi_mean": 0.2297, "building_density": 280.8, "building_height_mean": 21.3, "road_density": 1885.8, "park_area_frac": 0.0622, "tree_canopy_frac": 0.1229, "dist_to_water": 4508.3, "water_area_frac": 0.0311, "air_temp_max": 46.2, "wind_speed_mean": 3.25, "solar_radiation": 322.6, "veg_imperv_ratio": 0.2005, "green_deficit": 0.7865, "thermal_mass_proxy": 5981.0, "cooling_potential": 273.8, "sky_view_factor": 0.663, "tier": "high", "delta_above_mean": 3.67, "priority_score": 3.2}}, {"type": "Feature", "geometry": {"type": "Polygon", "coordinates": [[[76.80119828635765, 30.761405355763518], [76.80642018672636, 30.761332718478926], [76.8065044295071, 30.765842245590942], [76.80128228593547, 30.765914895816607], [76.80119828635765, 30.761405355763518]]]}, "properties": {"grid_id": "cell_0671", "lst_mean": 42.44, "lst_max": 44.6, "frac_impervious": 0.6616, "frac_vegetation": 0.2031, "frac_bare_soil": 0.1124, "frac_water": 0.0229, "ndvi_mean": 0.2064, "ndvi_std": 0.0369, "ndbi_mean": 0.148, "building_density": 238.6, "building_height_mean": 13.0, "road_density": 1545.7, "park_area_frac": 0.067, "tree_canopy_frac": 0.152, "dist_to_water": 4695.3, "water_area_frac": 0.0229, "air_temp_max": 40.7, "wind_speed_mean": 3.29, "solar_radiation": 287.3, "veg_imperv_ratio": 0.3024, "green_deficit": 0.7299, "thermal_mass_proxy": 3101.8, "cooling_potential": 228.9, "sky_view_factor": 0.7943, "tier": "moderate", "delta_above_mean": 0.13, "priority_score": 0.1}}, {"type": "Feature", "geometry": {"type": "Polygon", "coordinates": [[[76.80128228593547, 30.765914895816607], [76.8065044295071, 30.765842245590942], [76.80658869128298, 30.770351769356022], [76.80136630445358, 30.770424432523942], [76.80128228593547, 30.765914895816607]]]}, "properties": {"grid_id": "cell_0672", "lst_mean": 42.13, "lst_max": 46.57, "frac_impervious": 0.6182, "frac_vegetation": 0.1782, "frac_bare_soil": 0.1507, "frac_water": 0.0529, "ndvi_mean": 0.1922, "ndvi_std": 0.0433, "ndbi_mean": 0.1784, "building_density": 202.2, "building_height_mean": 18.3, "road_density": 1719.5, "park_area_frac": 0.066, "tree_canopy_frac": 0.0807, "dist_to_water": 5269.5, "water_area_frac": 0.0529, "air_temp_max": 42.9, "wind_speed_mean": 2.44, "solar_radiation": 280.7, "veg_imperv_ratio": 0.2837, "green_deficit": 0.7558, "thermal_mass_proxy": 3700.3, "cooling_potential": 230.7, "sky_view_factor": 0.7104, "tier": "normal", "delta_above_mean": -0.18, "priority_score": 0.0}}, {"type": "Feature", "geometry": {"type": "Polygon", "coordinates": [[[76.80136630445358, 30.770424432523942], [76.80658869128298, 30.770351769356022], [76.80667297205763, 30.774861289773845], [76.8014503419157, 30.774933965885193], [76.80136630445358, 30.770424432523942]]]}, "properties": {"grid_id": "cell_0673", "lst_mean": 44.75, "lst_max": 49.77, "frac_impervious": 0.6821, "frac_vegetation": 0.1883, "frac_bare_soil": 0.1097, "frac_water": 0.0198, "ndvi_mean": 0.1986, "ndvi_std": 0.0358, "ndbi_mean": 0.1958, "building_density": 214.4, "building_height_mean": 14.3, "road_density": 1542.4, "park_area_frac": 0.0728, "tree_canopy_frac": 0.0758, "dist_to_water": 6133.7, "water_area_frac": 0.0198, "air_temp_max": 46.8, "wind_speed_mean": 2.23, "solar_radiation": 351.3, "veg_imperv_ratio": 0.2721, "green_deficit": 0.7389, "thermal_mass_proxy": 3065.9, "cooling_potential": 285.2, "sky_view_factor": 0.7737, "tier": "high", "delta_above_mean": 2.44, "priority_score": 1.8}}, {"type": "Feature", "geometry": {"type": "Polygon", "coordinates": [[[76.8014503419157, 30.774933965885193], [76.80667297205763, 30.774861289773845], [76.80675727183477, 30.7793708068441], [76.80153439832547, 30.77944349590006], [76.8014503419157, 30.774933965885193]]]}, "properties": {"grid_id": "cell_0674", "lst_mean": 42.97, "lst_max": 46.29, "frac_impervious": 0.6315, "frac_vegetation": 0.2177, "frac_bare_soil": 0.1238, "frac_water": 0.027, "ndvi_mean": 0.1665, "ndvi_std": 0.058, "ndbi_mean": 0.2045, "building_density": 212.2, "building_height_mean": 12.4, "road_density": 1442.2, "park_area_frac": 0.0771, "tree_canopy_frac": 0.1288, "dist_to_water": 6354.2, "water_area_frac": 0.027, "air_temp_max": 43.0, "wind_speed_mean": 3.33, "solar_radiation": 299.2, "veg_imperv_ratio": 0.3394, "green_deficit": 0.7052, "thermal_mass_proxy": 2631.3, "cooling_potential": 234.1, "sky_view_factor": 0.8038, "tier": "moderate", "delta_above_mean": 0.66, "priority_score": 0.4}}, {"type": "Feature", "geometry": {"type": "Polygon", "coordinates": [[[76.80153439832547, 30.77944349590006], [76.80675727183477, 30.7793708068441], [76.80684159061806, 30.78388032056645], [76.80161847368659, 30.783953022568213], [76.80153439832547, 30.77944349590006]]]}, "properties": {"grid_id": "cell_0675", "lst_mean": 44.78, "lst_max": 47.46, "frac_impervious": 0.6214, "frac_vegetation": 0.1919, "frac_bare_soil": 0.1643, "frac_water": 0.0224, "ndvi_mean": 0.2201, "ndvi_std": 0.021, "ndbi_mean": 0.1345, "building_density": 222.2, "building_height_mean": 12.7, "road_density": 1313.7, "park_area_frac": 0.0619, "tree_canopy_frac": 0.1404, "dist_to_water": 6896.1, "water_area_frac": 0.0224, "air_temp_max": 43.0, "wind_speed_mean": 3.0, "solar_radiation": 306.1, "veg_imperv_ratio": 0.3039, "green_deficit": 0.7462, "thermal_mass_proxy": 2821.9, "cooling_potential": 247.4, "sky_view_factor": 0.7991, "tier": "high", "delta_above_mean": 2.47, "priority_score": 1.7}}, {"type": "Feature", "geometry": {"type": "Polygon", "coordinates": [[[76.80161847368659, 30.783953022568213], [76.80684159061806, 30.78388032056645], [76.80692592841122, 30.788389830940588], [76.80170256800272, 30.78846254588933], [76.80161847368659, 30.783953022568213]]]}, "properties": {"grid_id": "cell_0676", "lst_mean": 41.54, "lst_max": 45.12, "frac_impervious": 0.5243, "frac_vegetation": 0.2747, "frac_bare_soil": 0.166, "frac_water": 0.035, "ndvi_mean": 0.2445, "ndvi_std": 0.0368, "ndbi_mean": 0.0711, "building_density": 239.5, "building_height_mean": 9.7, "road_density": 1384.8, "park_area_frac": 0.0596, "tree_canopy_frac": 0.1642, "dist_to_water": 7159.6, "water_area_frac": 0.035, "air_temp_max": 44.7, "wind_speed_mean": 3.19, "solar_radiation": 317.2, "veg_imperv_ratio": 0.5141, "green_deficit": 0.6657, "thermal_mass_proxy": 2323.1, "cooling_potential": 230.1, "sky_view_factor": 0.8465, "tier": "normal", "delta_above_mean": -0.77, "priority_score": 0.0}}, {"type": "Feature", "geometry": {"type": "Polygon", "coordinates": [[[76.80170256800272, 30.78846254588933], [76.80692592841122, 30.788389830940588], [76.80701028521791, 30.792899337966173], [76.80178668127756, 30.79297206586307], [76.80170256800272, 30.78846254588933]]]}, "properties": {"grid_id": "cell_0677", "lst_mean": 42.15, "lst_max": 44.7, "frac_impervious": 0.602, "frac_vegetation": 0.2446, "frac_bare_soil": 0.1323, "frac_water": 0.0212, "ndvi_mean": 0.2443, "ndvi_std": 0.0383, "ndbi_mean": 0.1256, "building_density": 251.7, "building_height_mean": 15.7, "road_density": 1667.1, "park_area_frac": 0.0551, "tree_canopy_frac": 0.1519, "dist_to_water": 7952.7, "water_area_frac": 0.0212, "air_temp_max": 45.4, "wind_speed_mean": 2.87, "solar_radiation": 315.4, "veg_imperv_ratio": 0.3997, "green_deficit": 0.7003, "thermal_mass_proxy": 3951.7, "cooling_potential": 238.3, "sky_view_factor": 0.7516, "tier": "normal", "delta_above_mean": -0.16, "priority_score": 0.0}}, {"type": "Feature", "geometry": {"type": "Polygon", "coordinates": [[[76.80178668127756, 30.79297206586307], [76.80701028521791, 30.792899337966173], [76.80709466104184, 30.797408841642905], [76.80187081351477, 30.79748158248913], [76.80178668127756, 30.79297206586307]]]}, "properties": {"grid_id": "cell_0678", "lst_mean": 45.13, "lst_max": 47.54, "frac_impervious": 0.6651, "frac_vegetation": 0.1923, "frac_bare_soil": 0.1207, "frac_water": 0.0219, "ndvi_mean": 0.1394, "ndvi_std": 0.0398, "ndbi_mean": 0.1723, "building_density": 213.4, "building_height_mean": 16.3, "road_density": 1548.2, "park_area_frac": 0.0745, "tree_canopy_frac": 0.1066, "dist_to_water": 8521.0, "water_area_frac": 0.0219, "air_temp_max": 41.3, "wind_speed_mean": 3.31, "solar_radiation": 325.6, "veg_imperv_ratio": 0.2848, "green_deficit": 0.7332, "thermal_mass_proxy": 3478.4, "cooling_potential": 263.0, "sky_view_factor": 0.7421, "tier": "high", "delta_above_mean": 2.82, "priority_score": 2.0}}, {"type": "Feature", "geometry": {"type": "Polygon", "coordinates": [[[76.80187081351477, 30.79748158248913], [76.80709466104184, 30.797408841642905], [76.8071790558867, 30.80191834197046], [76.80195496471805, 30.801991095767217], [76.80187081351477, 30.79748158248913]]]}, "properties": {"grid_id": "cell_0679", "lst_mean": 40.32, "lst_max": 43.33, "frac_impervious": 0.5694, "frac_vegetation": 0.2719, "frac_bare_soil": 0.1341, "frac_water": 0.0246, "ndvi_mean": 0.2453, "ndvi_std": 0.0544, "ndbi_mean": 0.1295, "building_density": 196.0, "building_height_mean": 14.3, "road_density": 1598.7, "park_area_frac": 0.0954, "tree_canopy_frac": 0.1661, "dist_to_water": 9016.8, "water_area_frac": 0.0246, "air_temp_max": 43.9, "wind_speed_mean": 3.14, "solar_radiation": 323.2, "veg_imperv_ratio": 0.4693, "green_deficit": 0.6327, "thermal_mass_proxy": 2802.8, "cooling_potential": 235.3, "sky_view_factor": 0.7737, "tier": "normal", "delta_above_mean": -1.99, "priority_score": 0.0}}, {"type": "Feature", "geometry": {"type": "Polygon", "coordinates": [[[76.80432027986416, 30.648593453866315], [76.80953609903602, 30.648520930604324], [76.80962010996603, 30.653030528336053], [76.80440404896125, 30.653103064547054], [76.80432027986416, 30.648593453866315]]]}, "properties": {"grid_id": "cell_0680", "lst_mean": 39.56, "lst_max": 41.92, "frac_impervious": 0.5395, "frac_vegetation": 0.2772, "frac_bare_soil": 0.1386, "frac_water": 0.0447, "ndvi_mean": 0.203, "ndvi_std": 0.0419, "ndbi_mean": 0.104, "building_density": 182.2, "building_height_mean": 11.4, "road_density": 1278.8, "park_area_frac": 0.0674, "tree_canopy_frac": 0.1852, "dist_to_water": 7459.7, "water_area_frac": 0.0447, "air_temp_max": 45.5, "wind_speed_mean": 2.58, "solar_radiation": 287.3, "veg_imperv_ratio": 0.5045, "green_deficit": 0.6554, "thermal_mass_proxy": 2077.1, "cooling_potential": 207.7, "sky_view_factor": 0.8196, "tier": "cool", "delta_above_mean": -2.75, "priority_score": 0.0}}, {"type": "Feature", "geometry": {"type": "Polygon", "coordinates": [[[76.80440404896125, 30.653103064547054], [76.80962010996603, 30.653030528336053], [76.80970413985395, 30.65754012272772], [76.80448783696171, 30.657612671888906], [76.80440404896125, 30.653103064547054]]]}, "properties": {"grid_id": "cell_0681", "lst_mean": 40.75, "lst_max": 43.74, "frac_impervious": 0.5098, "frac_vegetation": 0.3102, "frac_bare_soil": 0.1583, "frac_water": 0.0217, "ndvi_mean": 0.2432, "ndvi_std": 0.0306, "ndbi_mean": 0.0467, "building_density": 159.1, "building_height_mean": 9.0, "road_density": 1153.1, "park_area_frac": 0.0636, "tree_canopy_frac": 0.1944, "dist_to_water": 7400.0, "water_area_frac": 0.0217, "air_temp_max": 41.6, "wind_speed_mean": 2.7, "solar_radiation": 326.6, "veg_imperv_ratio": 0.5968, "green_deficit": 0.6262, "thermal_mass_proxy": 1431.9, "cooling_potential": 225.3, "sky_view_factor": 0.8576, "tier": "normal", "delta_above_mean": -1.56, "priority_score": 0.0}}, {"type": "Feature", "geometry": {"type": "Polygon", "coordinates": [[[76.80448783696171, 30.657612671888906], [76.80970413985395, 30.65754012272772], [76.80978818870342, 30.662049713779012], [76.8045716438692, 30.662122275891562], [76.80448783696171, 30.657612671888906]]]}, "properties": {"grid_id": "cell_0682", "lst_mean": 42.49, "lst_max": 49.2, "frac_impervious": 0.6131, "frac_vegetation": 0.2365, "frac_bare_soil": 0.129, "frac_water": 0.0214, "ndvi_mean": 0.2343, "ndvi_std": 0.0473, "ndbi_mean": 0.1594, "building_density": 198.5, "building_height_mean": 11.3, "road_density": 1492.4, "park_area_frac": 0.0862, "tree_canopy_frac": 0.1534, "dist_to_water": 6498.4, "water_area_frac": 0.0214, "air_temp_max": 42.2, "wind_speed_mean": 3.08, "solar_radiation": 318.2, "veg_imperv_ratio": 0.3796, "green_deficit": 0.6773, "thermal_mass_proxy": 2243.0, "cooling_potential": 242.9, "sky_view_factor": 0.8212, "tier": "moderate", "delta_above_mean": 0.18, "priority_score": 0.1}}, {"type": "Feature", "geometry": {"type": "Polygon", "coordinates": [[[76.8045716438692, 30.662122275891562], [76.80978818870342, 30.662049713779012], [76.80987225651815, 30.666559301489606], [76.8046554696874, 30.666631876554682], [76.8045716438692, 30.662122275891562]]]}, "properties": {"grid_id": "cell_0683", "lst_mean": 41.96, "lst_max": 46.71, "frac_impervious": 0.5891, "frac_vegetation": 0.2569, "frac_bare_soil": 0.1224, "frac_water": 0.0316, "ndvi_mean": 0.2312, "ndvi_std": 0.0481, "ndbi_mean": 0.1948, "building_density": 211.3, "building_height_mean": 14.1, "road_density": 1426.2, "park_area_frac": 0.0909, "tree_canopy_frac": 0.1208, "dist_to_water": 6190.7, "water_area_frac": 0.0316, "air_temp_max": 43.1, "wind_speed_mean": 3.9, "solar_radiation": 315.4, "veg_imperv_ratio": 0.4288, "green_deficit": 0.6522, "thermal_mass_proxy": 2979.3, "cooling_potential": 234.4, "sky_view_factor": 0.7769, "tier": "normal", "delta_above_mean": -0.35, "priority_score": 0.0}}, {"type": "Feature", "geometry": {"type": "Polygon", "coordinates": [[[76.8046554696874, 30.666631876554682], [76.80987225651815, 30.666559301489606], [76.80995634330178, 30.67106888585917], [76.80473931441993, 30.67114147387797], [76.8046554696874, 30.666631876554682]]]}, "properties": {"grid_id": "cell_0684", "lst_mean": 41.16, "lst_max": 47.43, "frac_impervious": 0.6095, "frac_vegetation": 0.2375, "frac_bare_soil": 0.124, "frac_water": 0.0291, "ndvi_mean": 0.1932, "ndvi_std": 0.0196, "ndbi_mean": 0.1577, "building_density": 159.7, "building_height_mean": 11.9, "road_density": 1327.8, "park_area_frac": 0.1003, "tree_canopy_frac": 0.1853, "dist_to_water": 5370.3, "water_area_frac": 0.0291, "air_temp_max": 43.8, "wind_speed_mean": 2.82, "solar_radiation": 316.8, "veg_imperv_ratio": 0.3834, "green_deficit": 0.6622, "thermal_mass_proxy": 1900.4, "cooling_potential": 241.6, "sky_view_factor": 0.8117, "tier": "normal", "delta_above_mean": -1.15, "priority_score": 0.0}}, {"type": "Feature", "geometry": {"type": "Polygon", "coordinates": [[[76.80473931441993, 30.67114147387797], [76.80995634330178, 30.67106888585917], [76.81004044905798, 30.6755784668874], [76.80482317807048, 30.675651067861075], [76.80473931441993, 30.67114147387797]]]}, "properties": {"grid_id": "cell_0685", "lst_mean": 40.18, "lst_max": 44.64, "frac_impervious": 0.5831, "frac_vegetation": 0.2502, "frac_bare_soil": 0.1248, "frac_water": 0.0419, "ndvi_mean": 0.2253, "ndvi_std": 0.04, "ndbi_mean": 0.1515, "building_density": 212.3, "building_height_mean": 13.6, "road_density": 1533.2, "park_area_frac": 0.0719, "tree_canopy_frac": 0.1171, "dist_to_water": 5156.1, "water_area_frac": 0.0419, "air_temp_max": 41.2, "wind_speed_mean": 2.84, "solar_radiation": 276.5, "veg_imperv_ratio": 0.4219, "green_deficit": 0.6779, "thermal_mass_proxy": 2887.3, "cooling_potential": 207.3, "sky_view_factor": 0.7848, "tier": "normal", "delta_above_mean": -2.13, "priority_score": 0.0}}, {"type": "Feature", "geometry": {"type": "Polygon", "coordinates": [[[76.80482317807048, 30.675651067861075], [76.81004044905798, 30.6755784668874], [76.81012457379043, 30.680088044573953], [76.8049070606427, 30.6801606585037], [76.80482317807048, 30.675651067861075]]]}, "properties": {"grid_id": "cell_0686", "lst_mean": 42.63, "lst_max": 45.29, "frac_impervious": 0.6144, "frac_vegetation": 0.2496, "frac_bare_soil": 0.1139, "frac_water": 0.0221, "ndvi_mean": 0.1789, "ndvi_std": 0.0241, "ndbi_mean": 0.163, "building_density": 230.1, "building_height_mean": 14.0, "road_density": 1401.7, "park_area_frac": 0.0937, "tree_canopy_frac": 0.1529, "dist_to_water": 4489.2, "water_area_frac": 0.0221, "air_temp_max": 38.5, "wind_speed_mean": 3.16, "solar_radiation": 306.9, "veg_imperv_ratio": 0.3997, "green_deficit": 0.6567, "thermal_mass_proxy": 3221.4, "cooling_potential": 230.3, "sky_view_factor": 0.7785, "tier": "moderate", "delta_above_mean": 0.32, "priority_score": 0.2}}, {"type": "Feature", "geometry": {"type": "Polygon", "coordinates": [[[76.8049070606427, 30.6801606585037], [76.81012457379043, 30.680088044573953], [76.8102087175028, 30.684597618918513], [76.80499096214024, 30.684670245805496], [76.8049070606427, 30.6801606585037]]]}, "properties": {"grid_id": "cell_0687", "lst_mean": 41.4, "lst_max": 45.91, "frac_impervious": 0.6004, "frac_vegetation": 0.2639, "frac_bare_soil": 0.1044, "frac_water": 0.0314, "ndvi_mean": 0.2665, "ndvi_std": 0.0345, "ndbi_mean": 0.1521, "building_density": 223.6, "building_height_mean": 14.7, "road_density": 1672.6, "park_area_frac": 0.0541, "tree_canopy_frac": 0.1553, "dist_to_water": 4098.2, "water_area_frac": 0.0314, "air_temp_max": 43.6, "wind_speed_mean": 2.48, "solar_radiation": 294.9, "veg_imperv_ratio": 0.4323, "green_deficit": 0.682, "thermal_mass_proxy": 3286.9, "cooling_potential": 217.1, "sky_view_factor": 0.7674, "tier": "normal", "delta_above_mean": -0.91, "priority_score": 0.0}}, {"type": "Feature", "geometry": {"type": "Polygon", "coordinates": [[[76.80499096214024, 30.684670245805496], [76.8102087175028, 30.684597618918513], [76.81029288019877, 30.689107189920747], [76.80507488256677, 30.68917982976615], [76.80499096214024, 30.684670245805496]]]}, "properties": {"grid_id": "cell_0688", "lst_mean": 44.85, "lst_max": 50.69, "frac_impervious": 0.6986, "frac_vegetation": 0.1538, "frac_bare_soil": 0.1263, "frac_water": 0.0212, "ndvi_mean": 0.1707, "ndvi_std": 0.0233, "ndbi_mean": 0.2074, "building_density": 250.2, "building_height_mean": 14.3, "road_density": 1606.3, "park_area_frac": 0.0531, "tree_canopy_frac": 0.0901, "dist_to_water": 3697.9, "water_area_frac": 0.0212, "air_temp_max": 45.4, "wind_speed_mean": 2.94, "solar_radiation": 297.2, "veg_imperv_ratio": 0.217, "green_deficit": 0.7931, "thermal_mass_proxy": 3577.9, "cooling_potential": 251.5, "sky_view_factor": 0.7737, "tier": "high", "delta_above_mean": 2.54, "priority_score": 2.2}}, {"type": "Feature", "geometry": {"type": "Polygon", "coordinates": [[[76.80507488256677, 30.68917982976615], [76.81029288019877, 30.689107189920747], [76.810377061882, 30.693616757580354], [76.80515882192594, 30.69368941038536], [76.80507488256677, 30.68917982976615]]]}, "properties": {"grid_id": "cell_0689", "lst_mean": 43.39, "lst_max": 49.8, "frac_impervious": 0.6655, "frac_vegetation": 0.1769, "frac_bare_soil": 0.1355, "frac_water": 0.0222, "ndvi_mean": 0.222, "ndvi_std": 0.0422, "ndbi_mean": 0.1781, "building_density": 248.6, "building_height_mean": 16.9, "road_density": 1560.0, "park_area_frac": 0.0525, "tree_canopy_frac": 0.1235, "dist_to_water": 3349.4, "water_area_frac": 0.0222, "air_temp_max": 43.2, "wind_speed_mean": 2.53, "solar_radiation": 305.6, "veg_imperv_ratio": 0.2619, "green_deficit": 0.7706, "thermal_mass_proxy": 4201.3, "cooling_potential": 251.5, "sky_view_factor": 0.7326, "tier": "moderate", "delta_above_mean": 1.08, "priority_score": 0.8}}, {"type": "Feature", "geometry": {"type": "Polygon", "coordinates": [[[76.80515882192594, 30.69368941038536], [76.810377061882, 30.693616757580354], [76.81046126255616, 30.698126321897], [76.80524278022145, 30.69819898766277], [76.80515882192594, 30.69368941038536]]]}, "properties": {"grid_id": "cell_0690", "lst_mean": 42.56, "lst_max": 46.28, "frac_impervious": 0.6299, "frac_vegetation": 0.2094, "frac_bare_soil": 0.1331, "frac_water": 0.0276, "ndvi_mean": 0.1889, "ndvi_std": 0.0379, "ndbi_mean": 0.1426, "building_density": 267.4, "building_height_mean": 11.5, "road_density": 1587.2, "park_area_frac": 0.0763, "tree_canopy_frac": 0.1115, "dist_to_water": 2840.5, "water_area_frac": 0.0276, "air_temp_max": 42.7, "wind_speed_mean": 3.19, "solar_radiation": 324.0, "veg_imperv_ratio": 0.3272, "green_deficit": 0.7143, "thermal_mass_proxy": 3075.1, "cooling_potential": 256.2, "sky_view_factor": 0.818, "tier": "moderate", "delta_above_mean": 0.25, "priority_score": 0.2}}, {"type": "Feature", "geometry": {"type": "Polygon", "coordinates": [[[76.80524278022145, 30.69819898766277], [76.81046126255616, 30.698126321897], [76.81054548222494, 30.702635882870364], [76.80532675745692, 30.702708561598087], [76.80524278022145, 30.69819898766277]]]}, "properties": {"grid_id": "cell_0691", "lst_mean": 44.38, "lst_max": 46.74, "frac_impervious": 0.734, "frac_vegetation": 0.1394, "frac_bare_soil": 0.0994, "frac_water": 0.0272, "ndvi_mean": 0.154, "ndvi_std": 0.0183, "ndbi_mean": 0.1697, "building_density": 268.3, "building_height_mean": 20.4, "road_density": 1623.4, "park_area_frac": 0.049, "tree_canopy_frac": 0.075, "dist_to_water": 1712.5, "water_area_frac": 0.0272, "air_temp_max": 43.8, "wind_speed_mean": 1.9, "solar_radiation": 318.7, "veg_imperv_ratio": 0.1874, "green_deficit": 0.8116, "thermal_mass_proxy": 5473.3, "cooling_potential": 274.3, "sky_view_factor": 0.6772, "tier": "moderate", "delta_above_mean": 2.07, "priority_score": 2.0}}, {"type": "Feature", "geometry": {"type": "Polygon", "coordinates": [[[76.80532675745692, 30.702708561598087], [76.81054548222494, 30.702635882870364], [76.81062972089201, 30.707145440500113], [76.80541075363604, 30.70721813219096], [76.80532675745692, 30.702708561598087]]]}, "properties": {"grid_id": "cell_0692", "lst_mean": 43.73, "lst_max": 45.79, "frac_impervious": 0.6352, "frac_vegetation": 0.2086, "frac_bare_soil": 0.1257, "frac_water": 0.0305, "ndvi_mean": 0.1814, "ndvi_std": 0.0455, "ndbi_mean": 0.1466, "building_density": 227.9, "building_height_mean": 17.2, "road_density": 1572.2, "park_area_frac": 0.065, "tree_canopy_frac": 0.1022, "dist_to_water": 1813.6, "water_area_frac": 0.0305, "air_temp_max": 46.0, "wind_speed_mean": 3.72, "solar_radiation": 318.2, "veg_imperv_ratio": 0.3233, "green_deficit": 0.7264, "thermal_mass_proxy": 3919.9, "cooling_potential": 251.8, "sky_view_factor": 0.7278, "tier": "moderate", "delta_above_mean": 1.42, "priority_score": 0.9}}, {"type": "Feature", "geometry": {"type": "Polygon", "coordinates": [[[76.80541075363604, 30.70721813219096], [76.81062972089201, 30.707145440500113], [76.81071397856104, 30.711654994785942], [76.80549476876249, 30.711727699441106], [76.80541075363604, 30.70721813219096]]]}, "properties": {"grid_id": "cell_0693", "lst_mean": 45.34, "lst_max": 47.58, "frac_impervious": 0.7059, "frac_vegetation": 0.1321, "frac_bare_soil": 0.1377, "frac_water": 0.0243, "ndvi_mean": 0.1923, "ndvi_std": 0.0162, "ndbi_mean": 0.1918, "building_density": 248.0, "building_height_mean": 21.4, "road_density": 1745.5, "park_area_frac": 0.06, "tree_canopy_frac": 0.1017, "dist_to_water": 1217.2, "water_area_frac": 0.0243, "air_temp_max": 43.1, "wind_speed_mean": 2.2, "solar_radiation": 308.0, "veg_imperv_ratio": 0.1845, "green_deficit": 0.8079, "thermal_mass_proxy": 5307.2, "cooling_potential": 267.3, "sky_view_factor": 0.6614, "tier": "high", "delta_above_mean": 3.03, "priority_score": 3.0}}, {"type": "Feature", "geometry": {"type": "Polygon", "coordinates": [[[76.80549476876249, 30.711727699441106], [76.81071397856104, 30.711654994785942], [76.81079825523572, 30.716164545727505], [76.80557880283992, 30.716237263348155], [76.80549476876249, 30.711727699441106]]]}, "properties": {"grid_id": "cell_0694", "lst_mean": 42.39, "lst_max": 49.45, "frac_impervious": 0.6668, "frac_vegetation": 0.1926, "frac_bare_soil": 0.1172, "frac_water": 0.0234, "ndvi_mean": 0.175, "ndvi_std": 0.0387, "ndbi_mean": 0.1572, "building_density": 275.7, "building_height_mean": 19.7, "road_density": 1933.4, "park_area_frac": 0.054, "tree_canopy_frac": 0.1209, "dist_to_water": 561.9, "water_area_frac": 0.0234, "air_temp_max": 45.0, "wind_speed_mean": 2.59, "solar_radiation": 317.9, "veg_imperv_ratio": 0.2846, "green_deficit": 0.7534, "thermal_mass_proxy": 5431.3, "cooling_potential": 256.7, "sky_view_factor": 0.6883, "tier": "moderate", "delta_above_mean": 0.08, "priority_score": 0.1}}, {"type": "Feature", "geometry": {"type": "Polygon", "coordinates": [[[76.80557880283992, 30.716237263348155], [76.81079825523572, 30.716164545727505], [76.81088255091973, 30.7206740933245], [76.80566285587199, 30.72074682391182], [76.80557880283992, 30.716237263348155]]]}, "properties": {"grid_id": "cell_0695", "lst_mean": 43.63, "lst_max": 46.56, "frac_impervious": 0.7296, "frac_vegetation": 0.1454, "frac_bare_soil": 0.0988, "frac_water": 0.0262, "ndvi_mean": 0.192, "ndvi_std": 0.0235, "ndbi_mean": 0.2013, "building_density": 212.3, "building_height_mean": 19.8, "road_density": 1740.1, "park_area_frac": 0.0887, "tree_canopy_frac": 0.1, "dist_to_water": 50.0, "water_area_frac": 0.1037, "air_temp_max": 42.3, "wind_speed_mean": 2.4, "solar_radiation": 311.2, "veg_imperv_ratio": 0.1966, "green_deficit": 0.7659, "thermal_mass_proxy": 4203.5, "cooling_potential": 266.0, "sky_view_factor": 0.6867, "tier": "moderate", "delta_above_mean": 1.32, "priority_score": 1.2}}, {"type": "Feature", "geometry": {"type": "Polygon", "coordinates": [[[76.80566285587199, 30.72074682391182], [76.81088255091973, 30.7206740933245], [76.81096686561676, 30.725183637576606], [76.8057469278624, 30.725256381131768], [76.80566285587199, 30.72074682391182]]]}, "properties": {"grid_id": "cell_0696", "lst_mean": 43.44, "lst_max": 48.33, "frac_impervious": 0.6406, "frac_vegetation": 0.1879, "frac_bare_soil": 0.1135, "frac_water": 0.0581, "ndvi_mean": 0.1825, "ndvi_std": 0.0314, "ndbi_mean": 0.1694, "building_density": 269.8, "building_height_mean": 23.7, "road_density": 1978.6, "park_area_frac": 0.0499, "tree_canopy_frac": 0.129, "dist_to_water": 317.6, "water_area_frac": 0.0962, "air_temp_max": 42.6, "wind_speed_mean": 1.77, "solar_radiation": 326.7, "veg_imperv_ratio": 0.2888, "green_deficit": 0.7622, "thermal_mass_proxy": 6394.3, "cooling_potential": 265.3, "sky_view_factor": 0.625, "tier": "moderate", "delta_above_mean": 1.13, "priority_score": 0.8}}, {"type": "Feature", "geometry": {"type": "Polygon", "coordinates": [[[76.8057469278624, 30.725256381131768], [76.81096686561676, 30.725183637576606], [76.81105119933048, 30.72969317848349], [76.8058310188148, 30.729765935007688], [76.8057469278624, 30.725256381131768]]]}, "properties": {"grid_id": "cell_0697", "lst_mean": 45.4, "lst_max": 48.34, "frac_impervious": 0.6481, "frac_vegetation": 0.2067, "frac_bare_soil": 0.1236, "frac_water": 0.0217, "ndvi_mean": 0.144, "ndvi_std": 0.0416, "ndbi_mean": 0.1842, "building_density": 247.2, "building_height_mean": 20.7, "road_density": 1881.7, "park_area_frac": 0.0579, "tree_canopy_frac": 0.1638, "dist_to_water": 878.2, "water_area_frac": 0.0217, "air_temp_max": 45.1, "wind_speed_mean": 2.87, "solar_radiation": 322.2, "veg_imperv_ratio": 0.3141, "green_deficit": 0.7354, "thermal_mass_proxy": 5117.0, "cooling_potential": 255.6, "sky_view_factor": 0.6725, "tier": "high", "delta_above_mean": 3.09, "priority_score": 2.0}}, {"type": "Feature", "geometry": {"type": "Polygon", "coordinates": [[[76.8058310188148, 30.729765935007688], [76.81105119933048, 30.72969317848349], [76.81113555206458, 30.73420271604483], [76.80591512873288, 30.73427548553922], [76.8058310188148, 30.729765935007688]]]}, "properties": {"grid_id": "cell_0698", "lst_mean": 41.49, "lst_max": 45.11, "frac_impervious": 0.713, "frac_vegetation": 0.5631, "frac_bare_soil": 0.1176, "frac_water": 0.0246, "ndvi_mean": 0.5046, "ndvi_std": 0.0368, "ndbi_mean": 0.2237, "building_density": 256.6, "building_height_mean": 22.3, "road_density": 2037.2, "park_area_frac": 0.442, "tree_canopy_frac": 0.3742, "dist_to_water": 1409.7, "water_area_frac": 0.0246, "air_temp_max": 46.8, "wind_speed_mean": 2.11, "solar_radiation": 299.9, "veg_imperv_ratio": 0.7788, "green_deficit": 0.0, "thermal_mass_proxy": 5722.2, "cooling_potential": 131.0, "sky_view_factor": 0.6472, "tier": "normal", "delta_above_mean": -0.82, "priority_score": 0.0}}, {"type": "Feature", "geometry": {"type": "Polygon", "coordinates": [[[76.80591512873288, 30.73427548553922], [76.81113555206458, 30.73420271604483], [76.81121992382275, 30.738712250260317], [76.8059992576203, 30.738785032726096], [76.80591512873288, 30.73427548553922]]]}, "properties": {"grid_id": "cell_0699", "lst_mean": 44.27, "lst_max": 46.31, "frac_impervious": 0.7279, "frac_vegetation": 0.1965, "frac_bare_soil": 0.0525, "frac_water": 0.0231, "ndvi_mean": 0.1629, "ndvi_std": 0.0491, "ndbi_mean": 0.1935, "building_density": 247.1, "building_height_mean": 20.0, "road_density": 1816.4, "park_area_frac": 0.0479, "tree_canopy_frac": 0.1244, "dist_to_water": 1796.6, "water_area_frac": 0.0231, "air_temp_max": 45.4, "wind_speed_mean": 2.62, "solar_radiation": 300.1, "veg_imperv_ratio": 0.2663, "green_deficit": 0.7556, "thermal_mass_proxy": 4942.0, "cooling_potential": 241.1, "sky_view_factor": 0.6835, "tier": "moderate", "delta_above_mean": 1.96, "priority_score": 1.4}}, {"type": "Feature", "geometry": {"type": "Polygon", "coordinates": [[[76.8059992576203, 30.738785032726096], [76.81121992382275, 30.738712250260317], [76.81130431460866, 30.743221781129602], [76.80608340548075, 30.74329457656795], [76.8059992576203, 30.738785032726096]]]}, "properties": {"grid_id": "cell_0700", "lst_mean": 46.18, "lst_max": 48.62, "frac_impervious": 0.6537, "frac_vegetation": 0.1969, "frac_bare_soil": 0.122, "frac_water": 0.0275, "ndvi_mean": 0.1995, "ndvi_std": 0.0349, "ndbi_mean": 0.1222, "building_density": 273.9, "building_height_mean": 20.9, "road_density": 1799.0, "park_area_frac": 0.0707, "tree_canopy_frac": 0.1213, "dist_to_water": 1833.3, "water_area_frac": 0.0275, "air_temp_max": 40.9, "wind_speed_mean": 2.01, "solar_radiation": 316.2, "veg_imperv_ratio": 0.2967, "green_deficit": 0.7324, "thermal_mass_proxy": 5724.5, "cooling_potential": 253.9, "sky_view_factor": 0.6693, "tier": "high", "delta_above_mean": 3.87, "priority_score": 2.7}}, {"type": "Feature", "geometry": {"type": "Polygon", "coordinates": [[[76.80608340548075, 30.74329457656795], [76.81130431460866, 30.743221781129602], [76.81138872442602, 30.747731308652394], [76.8061675723179, 30.747804117064497], [76.80608340548075, 30.74329457656795]]]}, "properties": {"grid_id": "cell_0701", "lst_mean": 46.82, "lst_max": 49.68, "frac_impervious": 0.6757, "frac_vegetation": 0.1382, "frac_bare_soil": 0.1651, "frac_water": 0.0209, "ndvi_mean": 0.1334, "ndvi_std": 0.0341, "ndbi_mean": 0.1599, "building_density": 282.0, "building_height_mean": 18.4, "road_density": 1763.1, "park_area_frac": 0.0796, "tree_canopy_frac": 0.0723, "dist_to_water": 2741.0, "water_area_frac": 0.0209, "air_temp_max": 43.7, "wind_speed_mean": 2.15, "solar_radiation": 318.1, "veg_imperv_ratio": 0.2015, "green_deficit": 0.7822, "thermal_mass_proxy": 5188.8, "cooling_potential": 274.1, "sky_view_factor": 0.7089, "tier": "high", "delta_above_mean": 4.51, "priority_score": 4.3}}, {"type": "Feature", "geometry": {"type": "Polygon", "coordinates": [[[76.8061675723179, 30.747804117064497], [76.81138872442602, 30.747731308652394], [76.8114731532785, 30.752240832828342], [76.80625175813543, 30.752313654215378], [76.8061675723179, 30.747804117064497]]]}, "properties": {"grid_id": "cell_0702", "lst_mean": 43.44, "lst_max": 46.94, "frac_impervious": 0.6823, "frac_vegetation": 0.1613, "frac_bare_soil": 0.1123, "frac_water": 0.0441, "ndvi_mean": 0.2084, "ndvi_std": 0.0285, "ndbi_mean": 0.1743, "building_density": 248.3, "building_height_mean": 16.6, "road_density": 1695.1, "park_area_frac": 0.1037, "tree_canopy_frac": 0.1116, "dist_to_water": 3105.4, "water_area_frac": 0.0441, "air_temp_max": 44.1, "wind_speed_mean": 2.34, "solar_radiation": 315.3, "veg_imperv_ratio": 0.233, "green_deficit": 0.735, "thermal_mass_proxy": 4121.8, "cooling_potential": 264.4, "sky_view_factor": 0.7373, "tier": "moderate", "delta_above_mean": 1.13, "priority_score": 0.9}}, {"type": "Feature", "geometry": {"type": "Polygon", "coordinates": [[[76.80625175813543, 30.752313654215378], [76.8114731532785, 30.752240832828342], [76.81155760116981, 30.756750353657146], [76.80633596293701, 30.7568231880203], [76.80625175813543, 30.752313654215378]]]}, "properties": {"grid_id": "cell_0703", "lst_mean": 44.36, "lst_max": 46.64, "frac_impervious": 0.7008, "frac_vegetation": 0.1551, "frac_bare_soil": 0.1187, "frac_water": 0.0254, "ndvi_mean": 0.1748, "ndvi_std": 0.0342, "ndbi_mean": 0.1253, "building_density": 236.5, "building_height_mean": 18.0, "road_density": 1516.6, "park_area_frac": 0.0937, "tree_canopy_frac": 0.1072, "dist_to_water": 4255.2, "water_area_frac": 0.0254, "air_temp_max": 43.6, "wind_speed_mean": 2.87, "solar_radiation": 306.7, "veg_imperv_ratio": 0.2182, "green_deficit": 0.7512, "thermal_mass_proxy": 4257.0, "cooling_potential": 259.1, "sky_view_factor": 0.7152, "tier": "moderate", "delta_above_mean": 2.05, "priority_score": 1.8}}, {"type": "Feature", "geometry": {"type": "Polygon", "coordinates": [[[76.80633596293701, 30.7568231880203], [76.81155760116981, 30.756750353657146], [76.81164206810362, 30.76125987113848], [76.80642018672636, 30.761332718478926], [76.80633596293701, 30.7568231880203]]]}, "properties": {"grid_id": "cell_0704", "lst_mean": 41.86, "lst_max": 46.03, "frac_impervious": 0.6092, "frac_vegetation": 0.2206, "frac_bare_soil": 0.1313, "frac_water": 0.0389, "ndvi_mean": 0.205, "ndvi_std": 0.042, "ndbi_mean": 0.1853, "building_density": 224.3, "building_height_mean": 16.3, "road_density": 1619.3, "park_area_frac": 0.0607, "tree_canopy_frac": 0.1178, "dist_to_water": 4358.0, "water_area_frac": 0.0389, "air_temp_max": 40.5, "wind_speed_mean": 2.8, "solar_radiation": 301.4, "veg_imperv_ratio": 0.3563, "green_deficit": 0.7187, "thermal_mass_proxy": 3656.1, "cooling_potential": 234.9, "sky_view_factor": 0.7421, "tier": "normal", "delta_above_mean": -0.45, "priority_score": 0.0}}, {"type": "Feature", "geometry": {"type": "Polygon", "coordinates": [[[76.80642018672636, 30.761332718478926], [76.81164206810362, 30.76125987113848], [76.81172655408365, 30.765769385272016], [76.8065044295071, 30.765842245590942], [76.80642018672636, 30.761332718478926]]]}, "properties": {"grid_id": "cell_0705", "lst_mean": 43.17, "lst_max": 45.85, "frac_impervious": 0.6922, "frac_vegetation": 0.1456, "frac_bare_soil": 0.14, "frac_water": 0.0222, "ndvi_mean": 0.1925, "ndvi_std": 0.0307, "ndbi_mean": 0.1812, "building_density": 273.9, "building_height_mean": 18.3, "road_density": 1984.1, "park_area_frac": 0.0671, "tree_canopy_frac": 0.1018, "dist_to_water": 4996.3, "water_area_frac": 0.0222, "air_temp_max": 41.9, "wind_speed_mean": 2.38, "solar_radiation": 319.0, "veg_imperv_ratio": 0.2073, "green_deficit": 0.7873, "thermal_mass_proxy": 5012.4, "cooling_potential": 272.6, "sky_view_factor": 0.7104, "tier": "moderate", "delta_above_mean": 0.86, "priority_score": 0.8}}, {"type": "Feature", "geometry": {"type": "Polygon", "coordinates": [[[76.8065044295071, 30.765842245590942], [76.81172655408365, 30.765769385272016], [76.81181105911357, 30.770278896057434], [76.80658869128298, 30.770351769356022], [76.8065044295071, 30.765842245590942]]]}, "properties": {"grid_id": "cell_0706", "lst_mean": 42.89, "lst_max": 47.44, "frac_impervious": 0.6026, "frac_vegetation": 0.2157, "frac_bare_soil": 0.1541, "frac_water": 0.0277, "ndvi_mean": 0.2367, "ndvi_std": 0.0192, "ndbi_mean": 0.1525, "building_density": 217.2, "building_height_mean": 10.5, "road_density": 1548.0, "park_area_frac": 0.0556, "tree_canopy_frac": 0.1496, "dist_to_water": 5477.1, "water_area_frac": 0.0277, "air_temp_max": 42.0, "wind_speed_mean": 2.52, "solar_radiation": 298.5, "veg_imperv_ratio": 0.3521, "green_deficit": 0.7287, "thermal_mass_proxy": 2280.6, "cooling_potential": 234.1, "sky_view_factor": 0.8339, "tier": "moderate", "delta_above_mean": 0.58, "priority_score": 0.4}}, {"type": "Feature", "geometry": {"type": "Polygon", "coordinates": [[[76.80658869128298, 30.770351769356022], [76.81181105911357, 30.770278896057434], [76.81189558319709, 30.77478840349442], [76.80667297205763, 30.774861289773845], [76.80658869128298, 30.770351769356022]]]}, "properties": {"grid_id": "cell_0707", "lst_mean": 42.61, "lst_max": 44.76, "frac_impervious": 0.6654, "frac_vegetation": 0.1979, "frac_bare_soil": 0.0899, "frac_water": 0.0467, "ndvi_mean": 0.1983, "ndvi_std": 0.0391, "ndbi_mean": 0.2071, "building_density": 225.0, "building_height_mean": 18.1, "road_density": 1562.1, "park_area_frac": 0.0547, "tree_canopy_frac": 0.0963, "dist_to_water": 5914.2, "water_area_frac": 0.0467, "air_temp_max": 43.8, "wind_speed_mean": 2.6, "solar_radiation": 308.3, "veg_imperv_ratio": 0.293, "green_deficit": 0.7474, "thermal_mass_proxy": 4072.5, "cooling_potential": 247.3, "sky_view_factor": 0.7136, "tier": "moderate", "delta_above_mean": 0.3, "priority_score": 0.2}}, {"type": "Feature", "geometry": {"type": "Polygon", "coordinates": [[[76.80667297205763, 30.774861289773845], [76.81189558319709, 30.77478840349442], [76.81198012633789, 30.779297907582635], [76.80675727183477, 30.7793708068441], [76.80667297205763, 30.774861289773845]]]}, "properties": {"grid_id": "cell_0708", "lst_mean": 37.65, "lst_max": 41.36, "frac_impervious": 0.5551, "frac_vegetation": 0.5127, "frac_bare_soil": 0.1551, "frac_water": 0.0205, "ndvi_mean": 0.6226, "ndvi_std": 0.0452, "ndbi_mean": 0.1031, "building_density": 223.2, "building_height_mean": 9.9, "road_density": 1301.3, "park_area_frac": 0.5554, "tree_canopy_frac": 0.3114, "dist_to_water": 6270.9, "water_area_frac": 0.0205, "air_temp_max": 39.9, "wind_speed_mean": 2.96, "solar_radiation": 308.3, "veg_imperv_ratio": 0.9073, "green_deficit": 0.0, "thermal_mass_proxy": 2209.7, "cooling_potential": 150.2, "sky_view_factor": 0.8434, "tier": "cool", "delta_above_mean": -4.66, "priority_score": 0.0}}, {"type": "Feature", "geometry": {"type": "Polygon", "coordinates": [[[76.80675727183477, 30.7793708068441], [76.81198012633789, 30.779297907582635], [76.81206468853968, 30.783807408321774], [76.80684159061806, 30.78388032056645], [76.80675727183477, 30.7793708068441]]]}, "properties": {"grid_id": "cell_0709", "lst_mean": 44.81, "lst_max": 47.33, "frac_impervious": 0.6597, "frac_vegetation": 0.1694, "frac_bare_soil": 0.124, "frac_water": 0.047, "ndvi_mean": 0.1315, "ndvi_std": 0.0267, "ndbi_mean": 0.1811, "building_density": 248.7, "building_height_mean": 17.3, "road_density": 1687.7, "park_area_frac": 0.0581, "tree_canopy_frac": 0.1003, "dist_to_water": 6747.3, "water_area_frac": 0.047, "air_temp_max": 44.6, "wind_speed_mean": 2.59, "solar_radiation": 319.8, "veg_imperv_ratio": 0.2529, "green_deficit": 0.7725, "thermal_mass_proxy": 4302.5, "cooling_potential": 265.6, "sky_view_factor": 0.7263, "tier": "high", "delta_above_mean": 2.5, "priority_score": 2.0}}, {"type": "Feature", "geometry": {"type": "Polygon", "coordinates": [[[76.80684159061806, 30.78388032056645], [76.81206468853968, 30.783807408321774], [76.81214926980617, 30.788316905711515], [76.80692592841122, 30.788389830940588], [76.80684159061806, 30.78388032056645]]]}, "properties": {"grid_id": "cell_0710", "lst_mean": 41.29, "lst_max": 45.67, "frac_impervious": 0.6001, "frac_vegetation": 0.2347, "frac_bare_soil": 0.1378, "frac_water": 0.0273, "ndvi_mean": 0.1968, "ndvi_std": 0.0259, "ndbi_mean": 0.1368, "building_density": 201.4, "building_height_mean": 11.7, "road_density": 1496.4, "park_area_frac": 0.0959, "tree_canopy_frac": 0.1407, "dist_to_water": 6954.0, "water_area_frac": 0.0273, "air_temp_max": 43.1, "wind_speed_mean": 3.7, "solar_radiation": 293.3, "veg_imperv_ratio": 0.3847, "green_deficit": 0.6694, "thermal_mass_proxy": 2356.4, "cooling_potential": 224.5, "sky_view_factor": 0.8149, "tier": "normal", "delta_above_mean": -1.02, "priority_score": 0.0}}, {"type": "Feature", "geometry": {"type": "Polygon", "coordinates": [[[76.80692592841122, 30.788389830940588], [76.81214926980617, 30.788316905711515], [76.81223387014104, 30.792826399751522], [76.80701028521791, 30.792899337966173], [76.80692592841122, 30.788389830940588]]]}, "properties": {"grid_id": "cell_0711", "lst_mean": 40.2, "lst_max": 42.97, "frac_impervious": 0.5458, "frac_vegetation": 0.2645, "frac_bare_soil": 0.1427, "frac_water": 0.047, "ndvi_mean": 0.2137, "ndvi_std": 0.0559, "ndbi_mean": 0.1128, "building_density": 177.7, "building_height_mean": 10.2, "road_density": 1345.2, "park_area_frac": 0.0642, "tree_canopy_frac": 0.1396, "dist_to_water": 7888.5, "water_area_frac": 0.047, "air_temp_max": 41.5, "wind_speed_mean": 3.06, "solar_radiation": 313.9, "veg_imperv_ratio": 0.4759, "green_deficit": 0.6713, "thermal_mass_proxy": 1812.5, "cooling_potential": 230.9, "sky_view_factor": 0.8386, "tier": "normal", "delta_above_mean": -2.11, "priority_score": 0.0}}, {"type": "Feature", "geometry": {"type": "Polygon", "coordinates": [[[76.80701028521791, 30.792899337966173], [76.81223387014104, 30.792826399751522], [76.812318489548, 30.797335890441488], [76.80709466104184, 30.797408841642905], [76.80701028521791, 30.792899337966173]]]}, "properties": {"grid_id": "cell_0712", "lst_mean": 41.28, "lst_max": 44.92, "frac_impervious": 0.5603, "frac_vegetation": 0.2509, "frac_bare_soil": 0.16, "frac_water": 0.0288, "ndvi_mean": 0.2287, "ndvi_std": 0.045, "ndbi_mean": 0.101, "building_density": 198.3, "building_height_mean": 6.9, "road_density": 1360.3, "park_area_frac": 0.0738, "tree_canopy_frac": 0.114, "dist_to_water": 8422.2, "water_area_frac": 0.0288, "air_temp_max": 43.1, "wind_speed_mean": 3.83, "solar_radiation": 340.4, "veg_imperv_ratio": 0.4399, "green_deficit": 0.6753, "thermal_mass_proxy": 1368.3, "cooling_potential": 255.0, "sky_view_factor": 0.8908, "tier": "normal", "delta_above_mean": -1.03, "priority_score": 0.0}}, {"type": "Feature", "geometry": {"type": "Polygon", "coordinates": [[[76.80709466104184, 30.797408841642905], [76.812318489548, 30.797335890441488], [76.81240312803075, 30.801845377781092], [76.8071790558867, 30.80191834197046], [76.80709466104184, 30.797408841642905]]]}, "properties": {"grid_id": "cell_0713", "lst_mean": 41.14, "lst_max": 47.23, "frac_impervious": 0.5724, "frac_vegetation": 0.2485, "frac_bare_soil": 0.1569, "frac_water": 0.0222, "ndvi_mean": 0.2139, "ndvi_std": 0.0376, "ndbi_mean": 0.1789, "building_density": 196.6, "building_height_mean": 14.3, "road_density": 1269.0, "park_area_frac": 0.0675, "tree_canopy_frac": 0.134, "dist_to_water": 8854.5, "water_area_frac": 0.0222, "air_temp_max": 40.8, "wind_speed_mean": 2.77, "solar_radiation": 320.2, "veg_imperv_ratio": 0.4267, "green_deficit": 0.684, "thermal_mass_proxy": 2811.4, "cooling_potential": 240.6, "sky_view_factor": 0.7737, "tier": "normal", "delta_above_mean": -1.17, "priority_score": 0.0}}, {"type": "Feature", "geometry": {"type": "Polygon", "coordinates": [[[76.80953609903602, 30.648520930604324], [76.81475189925365, 30.648448198223164], [76.8148361520129, 30.652957782968574], [76.80962010996603, 30.653030528336053], [76.80953609903602, 30.648520930604324]]]}, "properties": {"grid_id": "cell_0714", "lst_mean": 42.16, "lst_max": 44.2, "frac_impervious": 0.5804, "frac_vegetation": 0.2863, "frac_bare_soil": 0.1114, "frac_water": 0.0219, "ndvi_mean": 0.2638, "ndvi_std": 0.0315, "ndbi_mean": 0.1209, "building_density": 211.8, "building_height_mean": 9.3, "road_density": 1174.4, "park_area_frac": 0.0709, "tree_canopy_frac": 0.1539, "dist_to_water": 7738.8, "water_area_frac": 0.0219, "air_temp_max": 42.6, "wind_speed_mean": 2.91, "solar_radiation": 304.4, "veg_imperv_ratio": 0.4849, "green_deficit": 0.6428, "thermal_mass_proxy": 1969.7, "cooling_potential": 217.3, "sky_view_factor": 0.8528, "tier": "normal", "delta_above_mean": -0.15, "priority_score": 0.0}}, {"type": "Feature", "geometry": {"type": "Polygon", "coordinates": [[[76.80962010996603, 30.653030528336053], [76.8148361520129, 30.652957782968574], [76.8149204237846, 30.65746736437273], [76.80970413985395, 30.65754012272772], [76.80962010996603, 30.653030528336053]]]}, "properties": {"grid_id": "cell_0715", "lst_mean": 43.15, "lst_max": 45.16, "frac_impervious": 0.6274, "frac_vegetation": 0.1856, "frac_bare_soil": 0.1634, "frac_water": 0.0236, "ndvi_mean": 0.1744, "ndvi_std": 0.0266, "ndbi_mean": 0.1719, "building_density": 195.6, "building_height_mean": 12.6, "road_density": 1481.7, "park_area_frac": 0.1255, "tree_canopy_frac": 0.1184, "dist_to_water": 6966.8, "water_area_frac": 0.0236, "air_temp_max": 40.3, "wind_speed_mean": 2.53, "solar_radiation": 332.2, "veg_imperv_ratio": 0.2912, "green_deficit": 0.6889, "thermal_mass_proxy": 2464.6, "cooling_potential": 270.5, "sky_view_factor": 0.8006, "tier": "moderate", "delta_above_mean": 0.84, "priority_score": 0.6}}, {"type": "Feature", "geometry": {"type": "Polygon", "coordinates": [[[76.80970413985395, 30.65754012272772], [76.8149204237846, 30.65746736437273], [76.8150047145724, 30.66197694243533], [76.80978818870342, 30.662049713779012], [76.80970413985395, 30.65754012272772]]]}, "properties": {"grid_id": "cell_0716", "lst_mean": 43.12, "lst_max": 47.33, "frac_impervious": 0.5802, "frac_vegetation": 0.2688, "frac_bare_soil": 0.1314, "frac_water": 0.0196, "ndvi_mean": 0.2327, "ndvi_std": 0.0545, "ndbi_mean": 0.0758, "building_density": 176.2, "building_height_mean": 11.3, "road_density": 1251.5, "park_area_frac": 0.064, "tree_canopy_frac": 0.1687, "dist_to_water": 6647.3, "water_area_frac": 0.0196, "air_temp_max": 40.4, "wind_speed_mean": 3.0, "solar_radiation": 342.2, "veg_imperv_ratio": 0.4554, "green_deficit": 0.6672, "thermal_mass_proxy": 1991.1, "cooling_potential": 250.2, "sky_view_factor": 0.8212, "tier": "moderate", "delta_above_mean": 0.81, "priority_score": 0.4}}, {"type": "Feature", "geometry": {"type": "Polygon", "coordinates": [[[76.80978818870342, 30.662049713779012], [76.8150047145724, 30.66197694243533], [76.81508902437999, 30.666486517156066], [76.80987225651815, 30.666559301489606], [76.80978818870342, 30.662049713779012]]]}, "properties": {"grid_id": "cell_0717", "lst_mean": 41.7, "lst_max": 45.26, "frac_impervious": 0.5978, "frac_vegetation": 0.2521, "frac_bare_soil": 0.1304, "frac_water": 0.0197, "ndvi_mean": 0.2616, "ndvi_std": 0.0415, "ndbi_mean": 0.1745, "building_density": 216.8, "building_height_mean": 9.8, "road_density": 1446.2, "park_area_frac": 0.0759, "tree_canopy_frac": 0.1575, "dist_to_water": 6074.1, "water_area_frac": 0.0197, "air_temp_max": 42.3, "wind_speed_mean": 2.64, "solar_radiation": 322.9, "veg_imperv_ratio": 0.4148, "green_deficit": 0.672, "thermal_mass_proxy": 2124.6, "cooling_potential": 241.5, "sky_view_factor": 0.8449, "tier": "normal", "delta_above_mean": -0.61, "priority_score": 0.0}}, {"type": "Feature", "geometry": {"type": "Polygon", "coordinates": [[[76.80987225651815, 30.666559301489606], [76.81508902437999, 30.666486517156066], [76.81517335321105, 30.670996088534583], [76.80995634330178, 30.67106888585917], [76.80987225651815, 30.666559301489606]]]}, "properties": {"grid_id": "cell_0718", "lst_mean": 41.8, "lst_max": 44.32, "frac_impervious": 0.6198, "frac_vegetation": 0.2145, "frac_bare_soil": 0.1445, "frac_water": 0.0213, "ndvi_mean": 0.2175, "ndvi_std": 0.0317, "ndbi_mean": 0.1795, "building_density": 215.1, "building_height_mean": 9.1, "road_density": 1240.4, "park_area_frac": 0.0674, "tree_canopy_frac": 0.1007, "dist_to_water": 5835.1, "water_area_frac": 0.0213, "air_temp_max": 41.9, "wind_speed_mean": 2.59, "solar_radiation": 285.4, "veg_imperv_ratio": 0.3406, "green_deficit": 0.7181, "thermal_mass_proxy": 1957.4, "cooling_potential": 224.2, "sky_view_factor": 0.856, "tier": "normal", "delta_above_mean": -0.51, "priority_score": 0.0}}, {"type": "Feature", "geometry": {"type": "Polygon", "coordinates": [[[76.80995634330178, 30.67106888585917], [76.81517335321105, 30.670996088534583], [76.81525770106924, 30.675505656570593], [76.81004044905798, 30.6755784668874], [76.80995634330178, 30.67106888585917]]]}, "properties": {"grid_id": "cell_0719", "lst_mean": 42.78, "lst_max": 45.8, "frac_impervious": 0.6044, "frac_vegetation": 0.2355, "frac_bare_soil": 0.1344, "frac_water": 0.0257, "ndvi_mean": 0.216, "ndvi_std": 0.0439, "ndbi_mean": 0.1447, "building_density": 210.1, "building_height_mean": 10.7, "road_density": 1621.4, "park_area_frac": 0.0564, "tree_canopy_frac": 0.1189, "dist_to_water": 5208.3, "water_area_frac": 0.0257, "air_temp_max": 43.7, "wind_speed_mean": 1.8, "solar_radiation": 319.8, "veg_imperv_ratio": 0.3833, "green_deficit": 0.7081, "thermal_mass_proxy": 2248.1, "cooling_potential": 244.5, "sky_view_factor": 0.8307, "tier": "moderate", "delta_above_mean": 0.47, "priority_score": 0.3}}, {"type": "Feature", "geometry": {"type": "Polygon", "coordinates": [[[76.81004044905798, 30.6755784668874], [76.81525770106924, 30.675505656570593], [76.81534206795826, 30.68001522126374], [76.81012457379043, 30.680088044573953], [76.81004044905798, 30.6755784668874]]]}, "properties": {"grid_id": "cell_0720", "lst_mean": 42.89, "lst_max": 44.96, "frac_impervious": 0.6032, "frac_vegetation": 0.2097, "frac_bare_soil": 0.1544, "frac_water": 0.0326, "ndvi_mean": 0.1868, "ndvi_std": 0.0286, "ndbi_mean": 0.1345, "building_density": 231.4, "building_height_mean": 12.4, "road_density": 1441.5, "park_area_frac": 0.0671, "tree_canopy_frac": 0.1135, "dist_to_water": 4570.1, "water_area_frac": 0.0326, "air_temp_max": 43.3, "wind_speed_mean": 3.41, "solar_radiation": 331.8, "veg_imperv_ratio": 0.342, "green_deficit": 0.7232, "thermal_mass_proxy": 2869.4, "cooling_potential": 262.2, "sky_view_factor": 0.8038, "tier": "moderate", "delta_above_mean": 0.58, "priority_score": 0.4}}, {"type": "Feature", "geometry": {"type": "Polygon", "coordinates": [[[76.81012457379043, 30.680088044573953], [76.81534206795826, 30.68001522126374], [76.8154264538818, 30.68452478261372], [76.8102087175028, 30.684597618918513], [76.81012457379043, 30.680088044573953]]]}, "properties": {"grid_id": "cell_0721", "lst_mean": 43.57, "lst_max": 45.89, "frac_impervious": 0.6236, "frac_vegetation": 0.2293, "frac_bare_soil": 0.1275, "frac_water": 0.0196, "ndvi_mean": 0.1957, "ndvi_std": 0.0534, "ndbi_mean": 0.1614, "building_density": 192.5, "building_height_mean": 12.1, "road_density": 1332.5, "park_area_frac": 0.0905, "tree_canopy_frac": 0.138, "dist_to_water": 4164.1, "water_area_frac": 0.0196, "air_temp_max": 46.0, "wind_speed_mean": 2.65, "solar_radiation": 279.9, "veg_imperv_ratio": 0.3619, "green_deficit": 0.6802, "thermal_mass_proxy": 2329.2, "cooling_potential": 215.7, "sky_view_factor": 0.8085, "tier": "moderate", "delta_above_mean": 1.26, "priority_score": 0.8}}, {"type": "Feature", "geometry": {"type": "Polygon", "coordinates": [[[76.8102087175028, 30.684597618918513], [76.8154264538818, 30.68452478261372], [76.81551085884351, 30.689034340620196], [76.81029288019877, 30.689107189920747], [76.8102087175028, 30.684597618918513]]]}, "properties": {"grid_id": "cell_0722", "lst_mean": 41.73, "lst_max": 44.56, "frac_impervious": 0.6091, "frac_vegetation": 0.2627, "frac_bare_soil": 0.1065, "frac_water": 0.0217, "ndvi_mean": 0.2058, "ndvi_std": 0.0545, "ndbi_mean": 0.2123, "building_density": 209.0, "building_height_mean": 10.8, "road_density": 1461.9, "park_area_frac": 0.0575, "tree_canopy_frac": 0.1509, "dist_to_water": 3486.1, "water_area_frac": 0.0217, "air_temp_max": 42.7, "wind_speed_mean": 3.51, "solar_radiation": 323.5, "veg_imperv_ratio": 0.4243, "green_deficit": 0.6798, "thermal_mass_proxy": 2257.2, "cooling_potential": 238.5, "sky_view_factor": 0.8291, "tier": "normal", "delta_above_mean": -0.58, "priority_score": 0.0}}, {"type": "Feature", "geometry": {"type": "Polygon", "coordinates": [[[76.81029288019877, 30.689107189920747], [76.81551085884351, 30.689034340620196], [76.8155952828471, 30.693543895282858], [76.810377061882, 30.693616757580354], [76.81029288019877, 30.689107189920747]]]}, "properties": {"grid_id": "cell_0723", "lst_mean": 42.93, "lst_max": 47.63, "frac_impervious": 0.6016, "frac_vegetation": 0.258, "frac_bare_soil": 0.111, "frac_water": 0.0294, "ndvi_mean": 0.2127, "ndvi_std": 0.036, "ndbi_mean": 0.0878, "building_density": 264.6, "building_height_mean": 20.1, "road_density": 1619.1, "park_area_frac": 0.0519, "tree_canopy_frac": 0.161, "dist_to_water": 3126.4, "water_area_frac": 0.0294, "air_temp_max": 38.7, "wind_speed_mean": 2.48, "solar_radiation": 306.6, "veg_imperv_ratio": 0.4218, "green_deficit": 0.6901, "thermal_mass_proxy": 5318.5, "cooling_potential": 227.5, "sky_view_factor": 0.682, "tier": "moderate", "delta_above_mean": 0.62, "priority_score": 0.3}}, {"type": "Feature", "geometry": {"type": "Polygon", "coordinates": [[[76.810377061882, 30.693616757580354], [76.8155952828471, 30.693543895282858], [76.81567972589626, 30.69805344660138], [76.81046126255616, 30.698126321897], [76.810377061882, 30.693616757580354]]]}, "properties": {"grid_id": "cell_0724", "lst_mean": 43.74, "lst_max": 46.72, "frac_impervious": 0.6371, "frac_vegetation": 0.2258, "frac_bare_soil": 0.1174, "frac_water": 0.0197, "ndvi_mean": 0.2356, "ndvi_std": 0.0318, "ndbi_mean": 0.1783, "building_density": 250.8, "building_height_mean": 18.3, "road_density": 1669.8, "park_area_frac": 0.0542, "tree_canopy_frac": 0.155, "dist_to_water": 2806.6, "water_area_frac": 0.0197, "air_temp_max": 40.6, "wind_speed_mean": 2.87, "solar_radiation": 330.7, "veg_imperv_ratio": 0.3489, "green_deficit": 0.72, "thermal_mass_proxy": 4589.6, "cooling_potential": 256.0, "sky_view_factor": 0.7104, "tier": "moderate", "delta_above_mean": 1.43, "priority_score": 0.9}}, {"type": "Feature", "geometry": {"type": "Polygon", "coordinates": [[[76.81046126255616, 30.698126321897], [76.81567972589626, 30.69805344660138], [76.81576418799466, 30.702562994575423], [76.81054548222494, 30.702635882870364], [76.81046126255616, 30.698126321897]]]}, "properties": {"grid_id": "cell_0725", "lst_mean": 41.55, "lst_max": 44.88, "frac_impervious": 0.6565, "frac_vegetation": 0.1588, "frac_bare_soil": 0.1637, "frac_water": 0.021, "ndvi_mean": 0.1727, "ndvi_std": 0.01, "ndbi_mean": 0.1352, "building_density": 235.0, "building_height_mean": 17.9, "road_density": 1713.3, "park_area_frac": 0.0798, "tree_canopy_frac": 0.0753, "dist_to_water": 1921.6, "water_area_frac": 0.021, "air_temp_max": 41.8, "wind_speed_mean": 2.58, "solar_radiation": 312.6, "veg_imperv_ratio": 0.2383, "green_deficit": 0.7614, "thermal_mass_proxy": 4206.5, "cooling_potential": 263.0, "sky_view_factor": 0.7168, "tier": "normal", "delta_above_mean": -0.76, "priority_score": 0.0}}, {"type": "Feature", "geometry": {"type": "Polygon", "coordinates": [[[76.81054548222494, 30.702635882870364], [76.81576418799466, 30.702562994575423], [76.81584866914598, 30.707072539204695], [76.81062972089201, 30.707145440500113], [76.81054548222494, 30.702635882870364]]]}, "properties": {"grid_id": "cell_0726", "lst_mean": 42.7, "lst_max": 47.8, "frac_impervious": 0.5915, "frac_vegetation": 0.2375, "frac_bare_soil": 0.1483, "frac_water": 0.0227, "ndvi_mean": 0.1783, "ndvi_std": 0.0242, "ndbi_mean": 0.136, "building_density": 273.5, "building_height_mean": 17.0, "road_density": 1806.1, "park_area_frac": 0.0755, "tree_canopy_frac": 0.1233, "dist_to_water": 1673.8, "water_area_frac": 0.0227, "air_temp_max": 48.9, "wind_speed_mean": 2.7, "solar_radiation": 315.6, "veg_imperv_ratio": 0.3948, "green_deficit": 0.687, "thermal_mass_proxy": 4649.5, "cooling_potential": 240.6, "sky_view_factor": 0.731, "tier": "moderate", "delta_above_mean": 0.39, "priority_score": 0.2}}, {"type": "Feature", "geometry": {"type": "Polygon", "coordinates": [[[76.81062972089201, 30.707145440500113], [76.81584866914598, 30.707072539204695], [76.81593316935394, 30.711582080488846], [76.81071397856104, 30.711654994785942], [76.81062972089201, 30.707145440500113]]]}, "properties": {"grid_id": "cell_0727", "lst_mean": 42.91, "lst_max": 45.46, "frac_impervious": 0.6545, "frac_vegetation": 0.2197, "frac_bare_soil": 0.0852, "frac_water": 0.0407, "ndvi_mean": 0.2629, "ndvi_std": 0.0242, "ndbi_mean": 0.1543, "building_density": 208.8, "building_height_mean": 21.5, "road_density": 1853.3, "park_area_frac": 0.0652, "tree_canopy_frac": 0.1345, "dist_to_water": 1034.0, "water_area_frac": 0.0407, "air_temp_max": 43.9, "wind_speed_mean": 1.92, "solar_radiation": 316.6, "veg_imperv_ratio": 0.3306, "green_deficit": 0.7151, "thermal_mass_proxy": 4489.2, "cooling_potential": 247.0, "sky_view_factor": 0.6598, "tier": "moderate", "delta_above_mean": 0.6, "priority_score": 0.4}}, {"type": "Feature", "geometry": {"type": "Polygon", "coordinates": [[[76.81071397856104, 30.711654994785942], [76.81593316935394, 30.711582080488846], [76.81601768862221, 30.716091618427566], [76.81079825523572, 30.716164545727505], [76.81071397856104, 30.711654994785942]]]}, "properties": {"grid_id": "cell_0728", "lst_mean": 44.34, "lst_max": 48.14, "frac_impervious": 0.5889, "frac_vegetation": 0.1976, "frac_bare_soil": 0.1798, "frac_water": 0.0337, "ndvi_mean": 0.2084, "ndvi_std": 0.0372, "ndbi_mean": 0.1227, "building_density": 287.9, "building_height_mean": 16.9, "road_density": 1695.5, "park_area_frac": 0.0624, "tree_canopy_frac": 0.1169, "dist_to_water": 415.7, "water_area_frac": 0.0895, "air_temp_max": 45.4, "wind_speed_mean": 3.08, "solar_radiation": 322.8, "veg_imperv_ratio": 0.3299, "green_deficit": 0.74, "thermal_mass_proxy": 4865.5, "cooling_potential": 259.0, "sky_view_factor": 0.7326, "tier": "moderate", "delta_above_mean": 2.03, "priority_score": 1.4}}, {"type": "Feature", "geometry": {"type": "Polygon", "coordinates": [[[76.81079825523572, 30.716164545727505], [76.81601768862221, 30.716091618427566], [76.81610222695447, 30.72060115302052], [76.81088255091973, 30.7206740933245], [76.81079825523572, 30.716164545727505]]]}, "properties": {"grid_id": "cell_0729", "lst_mean": 43.71, "lst_max": 48.68, "frac_impervious": 0.6251, "frac_vegetation": 0.2293, "frac_bare_soil": 0.1229, "frac_water": 0.0226, "ndvi_mean": 0.1725, "ndvi_std": 0.0351, "ndbi_mean": 0.1497, "building_density": 212.5, "building_height_mean": 17.2, "road_density": 1696.3, "park_area_frac": 0.0936, "tree_canopy_frac": 0.1525, "dist_to_water": 553.1, "water_area_frac": 0.0226, "air_temp_max": 45.3, "wind_speed_mean": 2.31, "solar_radiation": 317.5, "veg_imperv_ratio": 0.361, "green_deficit": 0.6771, "thermal_mass_proxy": 3655.0, "cooling_potential": 244.7, "sky_view_factor": 0.7278, "tier": "moderate", "delta_above_mean": 1.4, "priority_score": 0.8}}, {"type": "Feature", "geometry": {"type": "Polygon", "coordinates": [[[76.81088255091973, 30.7206740933245], [76.81610222695447, 30.72060115302052], [76.81618678435443, 30.725110684267403], [76.81096686561676, 30.725183637576606], [76.81088255091973, 30.7206740933245]]]}, "properties": {"grid_id": "cell_0730", "lst_mean": 43.36, "lst_max": 45.7, "frac_impervious": 0.6138, "frac_vegetation": 0.2267, "frac_bare_soil": 0.1334, "frac_water": 0.026, "ndvi_mean": 0.2001, "ndvi_std": 0.0247, "ndbi_mean": 0.1115, "building_density": 251.1, "building_height_mean": 19.8, "road_density": 2059.0, "park_area_frac": 0.0766, "tree_canopy_frac": 0.1362, "dist_to_water": 572.7, "water_area_frac": 0.026, "air_temp_max": 42.2, "wind_speed_mean": 2.84, "solar_radiation": 297.4, "veg_imperv_ratio": 0.3634, "green_deficit": 0.6967, "thermal_mass_proxy": 4971.8, "cooling_potential": 230.0, "sky_view_factor": 0.6867, "tier": "moderate", "delta_above_mean": 1.05, "priority_score": 0.6}}, {"type": "Feature", "geometry": {"type": "Polygon", "coordinates": [[[76.81096686561676, 30.725183637576606], [76.81618678435443, 30.725110684267403], [76.81627136082578, 30.729620212167884], [76.81105119933048, 30.72969317848349], [76.81096686561676, 30.725183637576606]]]}, "properties": {"grid_id": "cell_0731", "lst_mean": 42.36, "lst_max": 45.02, "frac_impervious": 0.6376, "frac_vegetation": 0.2258, "frac_bare_soil": 0.1109, "frac_water": 0.0257, "ndvi_mean": 0.2162, "ndvi_std": 0.0353, "ndbi_mean": 0.1859, "building_density": 246.4, "building_height_mean": 18.7, "road_density": 1809.7, "park_area_frac": 0.0831, "tree_canopy_frac": 0.1703, "dist_to_water": 704.4, "water_area_frac": 0.0257, "air_temp_max": 41.1, "wind_speed_mean": 1.75, "solar_radiation": 307.0, "veg_imperv_ratio": 0.3487, "green_deficit": 0.6911, "thermal_mass_proxy": 4607.7, "cooling_potential": 237.7, "sky_view_factor": 0.7041, "tier": "moderate", "delta_above_mean": 0.05, "priority_score": 0.0}}, {"type": "Feature", "geometry": {"type": "Polygon", "coordinates": [[[76.81105119933048, 30.72969317848349], [76.81627136082578, 30.729620212167884], [76.81635595637222, 30.734129736721634], [76.81113555206458, 30.73420271604483], [76.81105119933048, 30.72969317848349]]]}, "properties": {"grid_id": "cell_0732", "lst_mean": 44.24, "lst_max": 52.09, "frac_impervious": 0.6774, "frac_vegetation": 0.1737, "frac_bare_soil": 0.1206, "frac_water": 0.0283, "ndvi_mean": 0.238, "ndvi_std": 0.0389, "ndbi_mean": 0.1171, "building_density": 265.0, "building_height_mean": 21.4, "road_density": 1761.0, "park_area_frac": 0.0805, "tree_canopy_frac": 0.0725, "dist_to_water": 1268.0, "water_area_frac": 0.0283, "air_temp_max": 45.1, "wind_speed_mean": 1.97, "solar_radiation": 313.0, "veg_imperv_ratio": 0.2527, "green_deficit": 0.7458, "thermal_mass_proxy": 5671.0, "cooling_potential": 258.6, "sky_view_factor": 0.6614, "tier": "moderate", "delta_above_mean": 1.93, "priority_score": 1.5}}, {"type": "Feature", "geometry": {"type": "Polygon", "coordinates": [[[76.81113555206458, 30.73420271604483], [76.81635595637222, 30.734129736721634], [76.81644057099744, 30.738639257928345], [76.81121992382275, 30.738712250260317], [76.81113555206458, 30.73420271604483]]]}, "properties": {"grid_id": "cell_0733", "lst_mean": 43.92, "lst_max": 52.06, "frac_impervious": 0.5904, "frac_vegetation": 0.2381, "frac_bare_soil": 0.1423, "frac_water": 0.0292, "ndvi_mean": 0.1858, "ndvi_std": 0.0443, "ndbi_mean": 0.1523, "building_density": 255.2, "building_height_mean": 14.9, "road_density": 1643.6, "park_area_frac": 0.0719, "tree_canopy_frac": 0.1597, "dist_to_water": 1423.5, "water_area_frac": 0.0292, "air_temp_max": 40.3, "wind_speed_mean": 2.75, "solar_radiation": 328.9, "veg_imperv_ratio": 0.3966, "green_deficit": 0.69, "thermal_mass_proxy": 3802.5, "cooling_potential": 250.6, "sky_view_factor": 0.7642, "tier": "moderate", "delta_above_mean": 1.61, "priority_score": 0.9}}, {"type": "Feature", "geometry": {"type": "Polygon", "coordinates": [[[76.81121992382275, 30.738712250260317], [76.81644057099744, 30.738639257928345], [76.81652520470513, 30.743148775787688], [76.81130431460866, 30.743221781129602], [76.81121992382275, 30.738712250260317]]]}, "properties": {"grid_id": "cell_0734", "lst_mean": 46.96, "lst_max": 49.34, "frac_impervious": 0.6727, "frac_vegetation": 0.1638, "frac_bare_soil": 0.1366, "frac_water": 0.0269, "ndvi_mean": 0.2112, "ndvi_std": 0.0141, "ndbi_mean": 0.1593, "building_density": 252.4, "building_height_mean": 19.8, "road_density": 1857.2, "park_area_frac": 0.0584, "tree_canopy_frac": 0.1023, "dist_to_water": 2011.5, "water_area_frac": 0.0269, "air_temp_max": 45.7, "wind_speed_mean": 2.23, "solar_radiation": 320.7, "veg_imperv_ratio": 0.2399, "green_deficit": 0.7778, "thermal_mass_proxy": 4997.5, "cooling_potential": 268.2, "sky_view_factor": 0.6867, "tier": "critical", "delta_above_mean": 4.65, "priority_score": 3.8}}, {"type": "Feature", "geometry": {"type": "Polygon", "coordinates": [[[76.81130431460866, 30.743221781129602], [76.81652520470513, 30.743148775787688], [76.81660985749902, 30.747658290299324], [76.81138872442602, 30.747731308652394], [76.81130431460866, 30.743221781129602]]]}, "properties": {"grid_id": "cell_0735", "lst_mean": 42.94, "lst_max": 45.05, "frac_impervious": 0.6552, "frac_vegetation": 0.1795, "frac_bare_soil": 0.1434, "frac_water": 0.0219, "ndvi_mean": 0.2317, "ndvi_std": 0.0331, "ndbi_mean": 0.1269, "building_density": 267.1, "building_height_mean": 20.5, "road_density": 1799.0, "park_area_frac": 0.0878, "tree_canopy_frac": 0.0796, "dist_to_water": 2606.4, "water_area_frac": 0.0219, "air_temp_max": 43.9, "wind_speed_mean": 2.62, "solar_radiation": 303.0, "veg_imperv_ratio": 0.2698, "green_deficit": 0.7327, "thermal_mass_proxy": 5475.6, "cooling_potential": 248.6, "sky_view_factor": 0.6756, "tier": "moderate", "delta_above_mean": 0.63, "priority_score": 0.5}}, {"type": "Feature", "geometry": {"type": "Polygon", "coordinates": [[[76.81138872442602, 30.747731308652394], [76.81660985749902, 30.747658290299324], [76.81669452938276, 30.752167801462956], [76.8114731532785, 30.752240832828342], [76.81138872442602, 30.747731308652394]]]}, "properties": {"grid_id": "cell_0736", "lst_mean": 42.45, "lst_max": 44.92, "frac_impervious": 0.6754, "frac_vegetation": 0.1684, "frac_bare_soil": 0.1373, "frac_water": 0.0189, "ndvi_mean": 0.1653, "ndvi_std": 0.0196, "ndbi_mean": 0.1762, "building_density": 242.9, "building_height_mean": 19.7, "road_density": 1640.4, "park_area_frac": 0.1008, "tree_canopy_frac": 0.0597, "dist_to_water": 3327.3, "water_area_frac": 0.0189, "air_temp_max": 44.8, "wind_speed_mean": 2.54, "solar_radiation": 299.5, "veg_imperv_ratio": 0.2457, "green_deficit": 0.7308, "thermal_mass_proxy": 4785.1, "cooling_potential": 249.1, "sky_view_factor": 0.6883, "tier": "moderate", "delta_above_mean": 0.14, "priority_score": 0.1}}, {"type": "Feature", "geometry": {"type": "Polygon", "coordinates": [[[76.8114731532785, 30.752240832828342], [76.81669452938276, 30.752167801462956], [76.81677922036009, 30.75667730927826], [76.81155760116981, 30.756750353657146], [76.8114731532785, 30.752240832828342]]]}, "properties": {"grid_id": "cell_0737", "lst_mean": 42.89, "lst_max": 45.65, "frac_impervious": 0.6534, "frac_vegetation": 0.2248, "frac_bare_soil": 0.0985, "frac_water": 0.0233, "ndvi_mean": 0.2041, "ndvi_std": 0.047, "ndbi_mean": 0.1147, "building_density": 266.6, "building_height_mean": 18.3, "road_density": 1763.4, "park_area_frac": 0.0484, "tree_canopy_frac": 0.1124, "dist_to_water": 3813.0, "water_area_frac": 0.0233, "air_temp_max": 44.5, "wind_speed_mean": 3.31, "solar_radiation": 320.8, "veg_imperv_ratio": 0.3389, "green_deficit": 0.7268, "thermal_mass_proxy": 4878.8, "cooling_potential": 248.7, "sky_view_factor": 0.7104, "tier": "moderate", "delta_above_mean": 0.58, "priority_score": 0.4}}, {"type": "Feature", "geometry": {"type": "Polygon", "coordinates": [[[76.81155760116981, 30.756750353657146], [76.81677922036009, 30.75667730927826], [76.8168639304347, 30.761186813744885], [76.81164206810362, 30.76125987113848], [76.81155760116981, 30.756750353657146]]]}, "properties": {"grid_id": "cell_0738", "lst_mean": 43.46, "lst_max": 46.33, "frac_impervious": 0.6924, "frac_vegetation": 0.1582, "frac_bare_soil": 0.1054, "frac_water": 0.044, "ndvi_mean": 0.148, "ndvi_std": 0.0405, "ndbi_mean": 0.1782, "building_density": 264.5, "building_height_mean": 16.6, "road_density": 2020.0, "park_area_frac": 0.0483, "tree_canopy_frac": 0.1191, "dist_to_water": 4404.3, "water_area_frac": 0.044, "air_temp_max": 44.6, "wind_speed_mean": 2.63, "solar_radiation": 306.6, "veg_imperv_ratio": 0.2252, "green_deficit": 0.7935, "thermal_mass_proxy": 4390.7, "cooling_potential": 258.1, "sky_view_factor": 0.7373, "tier": "moderate", "delta_above_mean": 1.15, "priority_score": 1.0}}, {"type": "Feature", "geometry": {"type": "Polygon", "coordinates": [[[76.81164206810362, 30.76125987113848], [76.8168639304347, 30.761186813744885], [76.81694865961029, 30.76569631486254], [76.81172655408365, 30.765769385272016], [76.81164206810362, 30.76125987113848]]]}, "properties": {"grid_id": "cell_0739", "lst_mean": 42.81, "lst_max": 46.26, "frac_impervious": 0.6364, "frac_vegetation": 0.2245, "frac_bare_soil": 0.1146, "frac_water": 0.0245, "ndvi_mean": 0.2061, "ndvi_std": 0.029, "ndbi_mean": 0.1119, "building_density": 252.5, "building_height_mean": 17.4, "road_density": 1795.7, "park_area_frac": 0.113, "tree_canopy_frac": 0.1566, "dist_to_water": 4975.7, "water_area_frac": 0.0245, "air_temp_max": 44.0, "wind_speed_mean": 2.25, "solar_radiation": 322.3, "veg_imperv_ratio": 0.3473, "green_deficit": 0.6625, "thermal_mass_proxy": 4393.5, "cooling_potential": 249.9, "sky_view_factor": 0.7247, "tier": "moderate", "delta_above_mean": 0.5, "priority_score": 0.3}}, {"type": "Feature", "geometry": {"type": "Polygon", "coordinates": [[[76.81172655408365, 30.765769385272016], [76.81694865961029, 30.76569631486254], [76.81703340789056, 30.77020581263089], [76.81181105911357, 30.770278896057434], [76.81172655408365, 30.765769385272016]]]}, "properties": {"grid_id": "cell_0740", "lst_mean": 41.95, "lst_max": 47.39, "frac_impervious": 0.5496, "frac_vegetation": 0.255, "frac_bare_soil": 0.1593, "frac_water": 0.0361, "ndvi_mean": 0.2264, "ndvi_std": 0.0327, "ndbi_mean": 0.1337, "building_density": 191.3, "building_height_mean": 13.5, "road_density": 1166.1, "park_area_frac": 0.0622, "tree_canopy_frac": 0.1504, "dist_to_water": 5397.6, "water_area_frac": 0.0361, "air_temp_max": 43.5, "wind_speed_mean": 2.59, "solar_radiation": 309.0, "veg_imperv_ratio": 0.4557, "green_deficit": 0.6828, "thermal_mass_proxy": 2582.6, "cooling_potential": 230.2, "sky_view_factor": 0.7864, "tier": "normal", "delta_above_mean": -0.36, "priority_score": 0.0}}, {"type": "Feature", "geometry": {"type": "Polygon", "coordinates": [[[76.81181105911357, 30.770278896057434], [76.81703340789056, 30.77020581263089], [76.81711817527925, 30.77471530704961], [76.81189558319709, 30.77478840349442], [76.81181105911357, 30.770278896057434]]]}, "properties": {"grid_id": "cell_0741", "lst_mean": 42.11, "lst_max": 44.71, "frac_impervious": 0.6255, "frac_vegetation": 0.1822, "frac_bare_soil": 0.1269, "frac_water": 0.0654, "ndvi_mean": 0.2109, "ndvi_std": 0.03, "ndbi_mean": 0.1225, "building_density": 194.9, "building_height_mean": 16.1, "road_density": 1555.4, "park_area_frac": 0.0967, "tree_canopy_frac": 0.1021, "dist_to_water": 5627.7, "water_area_frac": 0.0654, "air_temp_max": 43.2, "wind_speed_mean": 3.37, "solar_radiation": 334.6, "veg_imperv_ratio": 0.2867, "green_deficit": 0.7211, "thermal_mass_proxy": 3137.9, "cooling_potential": 273.6, "sky_view_factor": 0.7453, "tier": "normal", "delta_above_mean": -0.2, "priority_score": 0.0}}, {"type": "Feature", "geometry": {"type": "Polygon", "coordinates": [[[76.81189558319709, 30.77478840349442], [76.81711817527925, 30.77471530704961], [76.81720296178003, 30.779224798118385], [76.81198012633789, 30.779297907582635], [76.81189558319709, 30.77478840349442]]]}, "properties": {"grid_id": "cell_0742", "lst_mean": 40.45, "lst_max": 45.29, "frac_impervious": 0.5868, "frac_vegetation": 0.2366, "frac_bare_soil": 0.1564, "frac_water": 0.0202, "ndvi_mean": 0.251, "ndvi_std": 0.0164, "ndbi_mean": 0.1212, "building_density": 214.9, "building_height_mean": 10.5, "road_density": 1570.3, "park_area_frac": 0.0646, "tree_canopy_frac": 0.1248, "dist_to_water": 6410.8, "water_area_frac": 0.0202, "air_temp_max": 41.1, "wind_speed_mean": 1.97, "solar_radiation": 299.5, "veg_imperv_ratio": 0.3964, "green_deficit": 0.6988, "thermal_mass_proxy": 2256.5, "cooling_potential": 228.6, "sky_view_factor": 0.8339, "tier": "normal", "delta_above_mean": -1.86, "priority_score": 0.0}}, {"type": "Feature", "geometry": {"type": "Polygon", "coordinates": [[[76.81198012633789, 30.779297907582635], [76.81720296178003, 30.779224798118385], [76.81728776739662, 30.783734285836896], [76.81206468853968, 30.783807408321774], [76.81198012633789, 30.779297907582635]]]}, "properties": {"grid_id": "cell_0743", "lst_mean": 45.27, "lst_max": 47.42, "frac_impervious": 0.6626, "frac_vegetation": 0.1417, "frac_bare_soil": 0.1662, "frac_water": 0.0295, "ndvi_mean": 0.1484, "ndvi_std": 0.0347, "ndbi_mean": 0.1739, "building_density": 232.2, "building_height_mean": 12.5, "road_density": 1452.7, "park_area_frac": 0.0568, "tree_canopy_frac": 0.0813, "dist_to_water": 6975.0, "water_area_frac": 0.0295, "air_temp_max": 42.6, "wind_speed_mean": 2.99, "solar_radiation": 335.9, "veg_imperv_ratio": 0.2107, "green_deficit": 0.8015, "thermal_mass_proxy": 2902.5, "cooling_potential": 288.3, "sky_view_factor": 0.8022, "tier": "high", "delta_above_mean": 2.96, "priority_score": 2.8}}, {"type": "Feature", "geometry": {"type": "Polygon", "coordinates": [[[76.81206468853968, 30.783807408321774], [76.81728776739662, 30.783734285836896], [76.81737259213273, 30.78824377020482], [76.81214926980617, 30.788316905711515], [76.81206468853968, 30.783807408321774]]]}, "properties": {"grid_id": "cell_0744", "lst_mean": 44.71, "lst_max": 46.77, "frac_impervious": 0.6063, "frac_vegetation": 0.2567, "frac_bare_soil": 0.1062, "frac_water": 0.0308, "ndvi_mean": 0.1693, "ndvi_std": 0.0378, "ndbi_mean": 0.1193, "building_density": 203.1, "building_height_mean": 12.8, "road_density": 1572.1, "park_area_frac": 0.0557, "tree_canopy_frac": 0.1446, "dist_to_water": 7264.5, "water_area_frac": 0.0308, "air_temp_max": 46.5, "wind_speed_mean": 2.14, "solar_radiation": 324.5, "veg_imperv_ratio": 0.4165, "green_deficit": 0.6876, "thermal_mass_proxy": 2599.7, "cooling_potential": 241.2, "sky_view_factor": 0.7975, "tier": "high", "delta_above_mean": 2.4, "priority_score": 1.3}}, {"type": "Feature", "geometry": {"type": "Polygon", "coordinates": [[[76.81214926980617, 30.788316905711515], [76.81737259213273, 30.78824377020482], [76.81745743599207, 30.792753251221825], [76.81223387014104, 30.792826399751522], [76.81214926980617, 30.788316905711515]]]}, "properties": {"grid_id": "cell_0745", "lst_mean": 38.05, "lst_max": 41.1, "frac_impervious": 0.5461, "frac_vegetation": 0.2835, "frac_bare_soil": 0.1135, "frac_water": 0.0569, "ndvi_mean": 0.2411, "ndvi_std": 0.0524, "ndbi_mean": 0.1167, "building_density": 173.5, "building_height_mean": 13.8, "road_density": 1253.2, "park_area_frac": 0.0606, "tree_canopy_frac": 0.2043, "dist_to_water": 7482.7, "water_area_frac": 0.0569, "air_temp_max": 43.3, "wind_speed_mean": 3.42, "solar_radiation": 302.1, "veg_imperv_ratio": 0.5098, "green_deficit": 0.6559, "thermal_mass_proxy": 2394.3, "cooling_potential": 216.5, "sky_view_factor": 0.7816, "tier": "cool", "delta_above_mean": -4.26, "priority_score": 0.0}}, {"type": "Feature", "geometry": {"type": "Polygon", "coordinates": [[[76.81223387014104, 30.792826399751522], [76.81745743599207, 30.792753251221825], [76.81754229897835, 30.79726272888759], [76.812318489548, 30.797335890441488], [76.81223387014104, 30.792826399751522]]]}, "properties": {"grid_id": "cell_0746", "lst_mean": 37.41, "lst_max": 39.51, "frac_impervious": 0.584, "frac_vegetation": 0.4311, "frac_bare_soil": 0.133, "frac_water": 0.061, "ndvi_mean": 0.5347, "ndvi_std": 0.0268, "ndbi_mean": 0.0882, "building_density": 211.4, "building_height_mean": 11.8, "road_density": 1347.0, "park_area_frac": 0.6368, "tree_canopy_frac": 0.2339, "dist_to_water": 8590.8, "water_area_frac": 0.061, "air_temp_max": 44.7, "wind_speed_mean": 2.59, "solar_radiation": 289.6, "veg_imperv_ratio": 0.7258, "green_deficit": 0.0, "thermal_mass_proxy": 2494.5, "cooling_potential": 164.8, "sky_view_factor": 0.8133, "tier": "cool", "delta_above_mean": -4.9, "priority_score": 0.0}}, {"type": "Feature", "geometry": {"type": "Polygon", "coordinates": [[[76.812318489548, 30.797335890441488], [76.81754229897835, 30.79726272888759], [76.8176271810953, 30.801772203201804], [76.81240312803075, 30.801845377781092], [76.812318489548, 30.797335890441488]]]}, "properties": {"grid_id": "cell_0747", "lst_mean": 40.39, "lst_max": 43.14, "frac_impervious": 0.5434, "frac_vegetation": 0.2716, "frac_bare_soil": 0.1539, "frac_water": 0.0312, "ndvi_mean": 0.2433, "ndvi_std": 0.0355, "ndbi_mean": 0.1363, "building_density": 179.0, "building_height_mean": 8.3, "road_density": 1414.1, "park_area_frac": 0.0721, "tree_canopy_frac": 0.1708, "dist_to_water": 8873.6, "water_area_frac": 0.0312, "air_temp_max": 41.2, "wind_speed_mean": 3.2, "solar_radiation": 338.1, "veg_imperv_ratio": 0.4908, "green_deficit": 0.6563, "thermal_mass_proxy": 1485.7, "cooling_potential": 246.3, "sky_view_factor": 0.8687, "tier": "normal", "delta_above_mean": -1.92, "priority_score": 0.0}}, {"type": "Feature", "geometry": {"type": "Polygon", "coordinates": [[[76.81475189925365, 30.648448198223164], [76.81996768046251, 30.648375256725547], [76.82005217504734, 30.652884828447295], [76.8148361520129, 30.652957782968574], [76.81475189925365, 30.648448198223164]]]}, "properties": {"grid_id": "cell_0748", "lst_mean": 39.16, "lst_max": 44.57, "frac_impervious": 0.5335, "frac_vegetation": 0.3243, "frac_bare_soil": 0.1216, "frac_water": 0.0206, "ndvi_mean": 0.2524, "ndvi_std": 0.0309, "ndbi_mean": 0.1664, "building_density": 186.4, "building_height_mean": 10.3, "road_density": 1171.3, "park_area_frac": 0.0842, "tree_canopy_frac": 0.2297, "dist_to_water": 7163.6, "water_area_frac": 0.0206, "air_temp_max": 41.0, "wind_speed_mean": 3.02, "solar_radiation": 293.5, "veg_imperv_ratio": 0.5967, "green_deficit": 0.5915, "thermal_mass_proxy": 1919.9, "cooling_potential": 198.3, "sky_view_factor": 0.837, "tier": "cool", "delta_above_mean": -3.15, "priority_score": 0.0}}, {"type": "Feature", "geometry": {"type": "Polygon", "coordinates": [[[76.8148361520129, 30.652957782968574], [76.82005217504734, 30.652884828447295], [76.82013668869914, 30.657394396826632], [76.8149204237846, 30.65746736437273], [76.8148361520129, 30.652957782968574]]]}, "properties": {"grid_id": "cell_0749", "lst_mean": 37.71, "lst_max": 40.13, "frac_impervious": 0.4796, "frac_vegetation": 0.2801, "frac_bare_soil": 0.2025, "frac_water": 0.0378, "ndvi_mean": 0.2438, "ndvi_std": 0.0324, "ndbi_mean": 0.1756, "building_density": 144.7, "building_height_mean": 7.9, "road_density": 965.0, "park_area_frac": 0.1469, "tree_canopy_frac": 0.1836, "dist_to_water": 7630.2, "water_area_frac": 0.0378, "air_temp_max": 40.6, "wind_speed_mean": 2.35, "solar_radiation": 313.4, "veg_imperv_ratio": 0.5721, "green_deficit": 0.573, "thermal_mass_proxy": 1143.1, "cooling_potential": 225.6, "sky_view_factor": 0.875, "tier": "cool", "delta_above_mean": -4.6, "priority_score": 0.0}}, {"type": "Feature", "geometry": {"type": "Polygon", "coordinates": [[[76.8149204237846, 30.65746736437273], [76.82013668869914, 30.657394396826632], [76.82022122142158, 30.66190396186322], [76.8150047145724, 30.66197694243533], [76.8149204237846, 30.65746736437273]]]}, "properties": {"grid_id": "cell_0750", "lst_mean": 39.16, "lst_max": 43.0, "frac_impervious": 0.5495, "frac_vegetation": 0.2526, "frac_bare_soil": 0.1749, "frac_water": 0.023, "ndvi_mean": 0.2718, "ndvi_std": 0.0284, "ndbi_mean": 0.1225, "building_density": 139.5, "building_height_mean": 7.2, "road_density": 1227.6, "park_area_frac": 0.071, "tree_canopy_frac": 0.1291, "dist_to_water": 6618.4, "water_area_frac": 0.023, "air_temp_max": 40.6, "wind_speed_mean": 3.29, "solar_radiation": 315.1, "veg_imperv_ratio": 0.4515, "green_deficit": 0.6764, "thermal_mass_proxy": 1004.4, "cooling_potential": 235.5, "sky_view_factor": 0.8861, "tier": "cool", "delta_above_mean": -3.15, "priority_score": 0.0}}, {"type": "Feature", "geometry": {"type": "Polygon", "coordinates": [[[76.8150047145724, 30.66197694243533], [76.82022122142158, 30.66190396186322], [76.82030577321837, 30.66641352355677], [76.81508902437999, 30.666486517156066], [76.8150047145724, 30.66197694243533]]]}, "properties": {"grid_id": "cell_0751", "lst_mean": 38.54, "lst_max": 41.08, "frac_impervious": 0.4914, "frac_vegetation": 0.3278, "frac_bare_soil": 0.1465, "frac_water": 0.0344, "ndvi_mean": 0.2753, "ndvi_std": 0.0562, "ndbi_mean": 0.1202, "building_density": 163.1, "building_height_mean": 7.8, "road_density": 1217.5, "park_area_frac": 0.0741, "tree_canopy_frac": 0.1658, "dist_to_water": 6700.0, "water_area_frac": 0.0344, "air_temp_max": 40.1, "wind_speed_mean": 2.61, "solar_radiation": 307.0, "veg_imperv_ratio": 0.6538, "green_deficit": 0.5981, "thermal_mass_proxy": 1272.2, "cooling_potential": 206.4, "sky_view_factor": 0.8766, "tier": "cool", "delta_above_mean": -3.77, "priority_score": 0.0}}, {"type": "Feature", "geometry": {"type": "Polygon", "coordinates": [[[76.81508902437999, 30.666486517156066], [76.82030577321837, 30.66641352355677], [76.82039034409317, 30.67092308190691], [76.81517335321105, 30.670996088534583], [76.81508902437999, 30.666486517156066]]]}, "properties": {"grid_id": "cell_0752", "lst_mean": 40.6, "lst_max": 42.67, "frac_impervious": 0.5594, "frac_vegetation": 0.3092, "frac_bare_soil": 0.0918, "frac_water": 0.0397, "ndvi_mean": 0.2434, "ndvi_std": 0.0378, "ndbi_mean": 0.0703, "building_density": 169.3, "building_height_mean": 14.0, "road_density": 1417.6, "park_area_frac": 0.0728, "tree_canopy_frac": 0.191, "dist_to_water": 5785.7, "water_area_frac": 0.0397, "air_temp_max": 43.1, "wind_speed_mean": 3.3, "solar_radiation": 319.4, "veg_imperv_ratio": 0.543, "green_deficit": 0.618, "thermal_mass_proxy": 2370.2, "cooling_potential": 220.6, "sky_view_factor": 0.7785, "tier": "normal", "delta_above_mean": -1.71, "priority_score": 0.0}}, {"type": "Feature", "geometry": {"type": "Polygon", "coordinates": [[[76.81517335321105, 30.670996088534583], [76.82039034409317, 30.67092308190691], [76.82047493404967, 30.675432636913364], [76.81525770106924, 30.675505656570593], [76.81517335321105, 30.670996088534583]]]}, "properties": {"grid_id": "cell_0753", "lst_mean": 45.77, "lst_max": 48.99, "frac_impervious": 0.6738, "frac_vegetation": 0.2152, "frac_bare_soil": 0.0878, "frac_water": 0.0232, "ndvi_mean": 0.1926, "ndvi_std": 0.0385, "ndbi_mean": 0.2146, "building_density": 218.8, "building_height_mean": 14.9, "road_density": 1537.4, "park_area_frac": 0.0688, "tree_canopy_frac": 0.1321, "dist_to_water": 5167.6, "water_area_frac": 0.0232, "air_temp_max": 42.8, "wind_speed_mean": 2.16, "solar_radiation": 297.4, "veg_imperv_ratio": 0.3147, "green_deficit": 0.716, "thermal_mass_proxy": 3260.1, "cooling_potential": 233.4, "sky_view_factor": 0.7642, "tier": "high", "delta_above_mean": 3.46, "priority_score": 2.2}}, {"type": "Feature", "geometry": {"type": "Polygon", "coordinates": [[[76.81525770106924, 30.675505656570593], [76.82047493404967, 30.675432636913364], [76.82055954309159, 30.67994218857577], [76.81534206795826, 30.68001522126374], [76.81525770106924, 30.675505656570593]]]}, "properties": {"grid_id": "cell_0754", "lst_mean": 40.84, "lst_max": 45.54, "frac_impervious": 0.5532, "frac_vegetation": 0.2775, "frac_bare_soil": 0.1411, "frac_water": 0.0282, "ndvi_mean": 0.2337, "ndvi_std": 0.0384, "ndbi_mean": 0.1446, "building_density": 182.9, "building_height_mean": 11.8, "road_density": 1329.1, "park_area_frac": 0.0712, "tree_canopy_frac": 0.1912, "dist_to_water": 4742.9, "water_area_frac": 0.0282, "air_temp_max": 44.2, "wind_speed_mean": 2.95, "solar_radiation": 337.9, "veg_imperv_ratio": 0.4927, "green_deficit": 0.6513, "thermal_mass_proxy": 2158.2, "cooling_potential": 244.1, "sky_view_factor": 0.8133, "tier": "normal", "delta_above_mean": -1.47, "priority_score": 0.0}}, {"type": "Feature", "geometry": {"type": "Polygon", "coordinates": [[[76.81534206795826, 30.68001522126374], [76.82055954309159, 30.67994218857577], [76.82064417122258, 30.68445173689382], [76.8154264538818, 30.68452478261372], [76.81534206795826, 30.68001522126374]]]}, "properties": {"grid_id": "cell_0755", "lst_mean": 41.97, "lst_max": 44.76, "frac_impervious": 0.6726, "frac_vegetation": 0.2452, "frac_bare_soil": 0.0569, "frac_water": 0.0252, "ndvi_mean": 0.2717, "ndvi_std": 0.0269, "ndbi_mean": 0.1545, "building_density": 269.6, "building_height_mean": 17.8, "road_density": 1869.5, "park_area_frac": 0.0489, "tree_canopy_frac": 0.1581, "dist_to_water": 4062.3, "water_area_frac": 0.0252, "air_temp_max": 43.4, "wind_speed_mean": 2.45, "solar_radiation": 297.8, "veg_imperv_ratio": 0.3592, "green_deficit": 0.7059, "thermal_mass_proxy": 4798.9, "cooling_potential": 224.8, "sky_view_factor": 0.7184, "tier": "normal", "delta_above_mean": -0.34, "priority_score": 0.0}}, {"type": "Feature", "geometry": {"type": "Polygon", "coordinates": [[[76.8154264538818, 30.68452478261372], [76.82064417122258, 30.68445173689382], [76.82072881844638, 30.68896128186718], [76.81551085884351, 30.689034340620196], [76.8154264538818, 30.68452478261372]]]}, "properties": {"grid_id": "cell_0756", "lst_mean": 43.05, "lst_max": 46.49, "frac_impervious": 0.6316, "frac_vegetation": 0.1869, "frac_bare_soil": 0.1565, "frac_water": 0.025, "ndvi_mean": 0.1879, "ndvi_std": 0.0333, "ndbi_mean": 0.1898, "building_density": 222.2, "building_height_mean": 15.6, "road_density": 1598.6, "park_area_frac": 0.0523, "tree_canopy_frac": 0.1024, "dist_to_water": 3714.4, "water_area_frac": 0.025, "air_temp_max": 39.9, "wind_speed_mean": 2.31, "solar_radiation": 310.4, "veg_imperv_ratio": 0.2913, "green_deficit": 0.7608, "thermal_mass_proxy": 3466.3, "cooling_potential": 252.4, "sky_view_factor": 0.7532, "tier": "moderate", "delta_above_mean": 0.74, "priority_score": 0.5}}, {"type": "Feature", "geometry": {"type": "Polygon", "coordinates": [[[76.81551085884351, 30.689034340620196], [76.82072881844638, 30.68896128186718], [76.82081348476666, 30.693470823495552], [76.8155952828471, 30.693543895282858], [76.81551085884351, 30.689034340620196]]]}, "properties": {"grid_id": "cell_0757", "lst_mean": 43.94, "lst_max": 49.4, "frac_impervious": 0.6676, "frac_vegetation": 0.1911, "frac_bare_soil": 0.1189, "frac_water": 0.0224, "ndvi_mean": 0.1949, "ndvi_std": 0.0413, "ndbi_mean": 0.1594, "building_density": 231.6, "building_height_mean": 15.6, "road_density": 1515.6, "park_area_frac": 0.0542, "tree_canopy_frac": 0.1036, "dist_to_water": 3602.3, "water_area_frac": 0.0224, "air_temp_max": 44.1, "wind_speed_mean": 3.3, "solar_radiation": 290.8, "veg_imperv_ratio": 0.282, "green_deficit": 0.7547, "thermal_mass_proxy": 3613.0, "cooling_potential": 235.2, "sky_view_factor": 0.7532, "tier": "moderate", "delta_above_mean": 1.63, "priority_score": 1.2}}, {"type": "Feature", "geometry": {"type": "Polygon", "coordinates": [[[76.8155952828471, 30.693543895282858], [76.82081348476666, 30.693470823495552], [76.8208981701871, 30.697980361778594], [76.81567972589626, 30.69805344660138], [76.8155952828471, 30.693543895282858]]]}, "properties": {"grid_id": "cell_0758", "lst_mean": 41.16, "lst_max": 45.5, "frac_impervious": 0.5163, "frac_vegetation": 0.2487, "frac_bare_soil": 0.2046, "frac_water": 0.0304, "ndvi_mean": 0.2099, "ndvi_std": 0.0278, "ndbi_mean": 0.0928, "building_density": 221.2, "building_height_mean": 14.5, "road_density": 1635.9, "park_area_frac": 0.0557, "tree_canopy_frac": 0.1231, "dist_to_water": 2518.4, "water_area_frac": 0.0304, "air_temp_max": 40.3, "wind_speed_mean": 2.7, "solar_radiation": 325.7, "veg_imperv_ratio": 0.4725, "green_deficit": 0.6956, "thermal_mass_proxy": 3207.4, "cooling_potential": 244.7, "sky_view_factor": 0.7706, "tier": "normal", "delta_above_mean": -1.15, "priority_score": 0.0}}, {"type": "Feature", "geometry": {"type": "Polygon", "coordinates": [[[76.81567972589626, 30.69805344660138], [76.8208981701871, 30.697980361778594], [76.82098287471145, 30.70248989671598], [76.81576418799466, 30.702562994575423], [76.81567972589626, 30.69805344660138]]]}, "properties": {"grid_id": "cell_0759", "lst_mean": 43.38, "lst_max": 45.7, "frac_impervious": 0.5735, "frac_vegetation": 0.2256, "frac_bare_soil": 0.1613, "frac_water": 0.0395, "ndvi_mean": 0.2458, "ndvi_std": 0.0461, "ndbi_mean": 0.1437, "building_density": 250.2, "building_height_mean": 17.5, "road_density": 1728.2, "park_area_frac": 0.0742, "tree_canopy_frac": 0.138, "dist_to_water": 2302.8, "water_area_frac": 0.0395, "air_temp_max": 44.1, "wind_speed_mean": 2.28, "solar_radiation": 339.3, "veg_imperv_ratio": 0.3866, "green_deficit": 0.7002, "thermal_mass_proxy": 4378.5, "cooling_potential": 262.8, "sky_view_factor": 0.7231, "tier": "moderate", "delta_above_mean": 1.07, "priority_score": 0.6}}, {"type": "Feature", "geometry": {"type": "Polygon", "coordinates": [[[76.81576418799466, 30.702562994575423], [76.82098287471145, 30.70248989671598], [76.82106759834335, 30.706999428307395], [76.81584866914598, 30.707072539204695], [76.81576418799466, 30.702562994575423]]]}, "properties": {"grid_id": "cell_0760", "lst_mean": 42.94, "lst_max": 46.93, "frac_impervious": 0.6295, "frac_vegetation": 0.216, "frac_bare_soil": 0.1112, "frac_water": 0.0433, "ndvi_mean": 0.2668, "ndvi_std": 0.0288, "ndbi_mean": 0.1199, "building_density": 231.3, "building_height_mean": 17.2, "road_density": 1612.0, "park_area_frac": 0.0564, "tree_canopy_frac": 0.1015, "dist_to_water": 1550.2, "water_area_frac": 0.0433, "air_temp_max": 42.4, "wind_speed_mean": 2.74, "solar_radiation": 341.5, "veg_imperv_ratio": 0.3378, "green_deficit": 0.7276, "thermal_mass_proxy": 3978.4, "cooling_potential": 267.7, "sky_view_factor": 0.7278, "tier": "moderate", "delta_above_mean": 0.63, "priority_score": 0.4}}, {"type": "Feature", "geometry": {"type": "Polygon", "coordinates": [[[76.81584866914598, 30.707072539204695], [76.82106759834335, 30.706999428307395], [76.82115234108653, 30.71150895655252], [76.81593316935394, 30.711582080488846], [76.81584866914598, 30.707072539204695]]]}, "properties": {"grid_id": "cell_0761", "lst_mean": 45.21, "lst_max": 48.26, "frac_impervious": 0.6926, "frac_vegetation": 0.1661, "frac_bare_soil": 0.1197, "frac_water": 0.0216, "ndvi_mean": 0.1966, "ndvi_std": 0.0285, "ndbi_mean": 0.2077, "building_density": 256.6, "building_height_mean": 17.3, "road_density": 1726.9, "park_area_frac": 0.0948, "tree_canopy_frac": 0.1179, "dist_to_water": 1158.5, "water_area_frac": 0.0216, "air_temp_max": 44.1, "wind_speed_mean": 1.76, "solar_radiation": 330.4, "veg_imperv_ratio": 0.2364, "green_deficit": 0.7391, "thermal_mass_proxy": 4439.2, "cooling_potential": 275.5, "sky_view_factor": 0.7263, "tier": "high", "delta_above_mean": 2.9, "priority_score": 2.3}}, {"type": "Feature", "geometry": {"type": "Polygon", "coordinates": [[[76.81593316935394, 30.711582080488846], [76.82115234108653, 30.71150895655252], [76.82123710294468, 30.716018481451016], [76.81601768862221, 30.716091618427566], [76.81593316935394, 30.711582080488846]]]}, "properties": {"grid_id": "cell_0762", "lst_mean": 44.65, "lst_max": 48.7, "frac_impervious": 0.6395, "frac_vegetation": 0.2062, "frac_bare_soil": 0.1197, "frac_water": 0.0346, "ndvi_mean": 0.2056, "ndvi_std": 0.0418, "ndbi_mean": 0.1241, "building_density": 270.6, "building_height_mean": 20.8, "road_density": 1869.7, "park_area_frac": 0.0973, "tree_canopy_frac": 0.1355, "dist_to_water": 1085.5, "water_area_frac": 0.0346, "air_temp_max": 42.3, "wind_speed_mean": 3.45, "solar_radiation": 306.2, "veg_imperv_ratio": 0.3175, "green_deficit": 0.6965, "thermal_mass_proxy": 5628.5, "cooling_potential": 243.1, "sky_view_factor": 0.6709, "tier": "high", "delta_above_mean": 2.34, "priority_score": 1.5}}, {"type": "Feature", "geometry": {"type": "Polygon", "coordinates": [[[76.81601768862221, 30.716091618427566], [76.82123710294468, 30.716018481451016], [76.8213218839215, 30.72052800300257], [76.81610222695447, 30.72060115302052], [76.81601768862221, 30.716091618427566]]]}, "properties": {"grid_id": "cell_0763", "lst_mean": 41.61, "lst_max": 44.63, "frac_impervious": 0.6542, "frac_vegetation": 0.1601, "frac_bare_soil": 0.1559, "frac_water": 0.0298, "ndvi_mean": 0.1811, "ndvi_std": 0.0262, "ndbi_mean": 0.1302, "building_density": 277.5, "building_height_mean": 16.4, "road_density": 1677.4, "park_area_frac": 0.1239, "tree_canopy_frac": 0.1072, "dist_to_water": 293.4, "water_area_frac": 0.1006, "air_temp_max": 45.0, "wind_speed_mean": 1.93, "solar_radiation": 313.6, "veg_imperv_ratio": 0.241, "green_deficit": 0.716, "thermal_mass_proxy": 4551.0, "cooling_potential": 263.4, "sky_view_factor": 0.7405, "tier": "normal", "delta_above_mean": -0.7, "priority_score": 0.0}}, {"type": "Feature", "geometry": {"type": "Polygon", "coordinates": [[[76.81610222695447, 30.72060115302052], [76.8213218839215, 30.72052800300257], [76.82140668402072, 30.72503752120686], [76.81618678435443, 30.725110684267403], [76.81610222695447, 30.72060115302052]]]}, "properties": {"grid_id": "cell_0764", "lst_mean": 42.03, "lst_max": 44.24, "frac_impervious": 0.6938, "frac_vegetation": 0.1984, "frac_bare_soil": 0.0804, "frac_water": 0.0273, "ndvi_mean": 0.1277, "ndvi_std": 0.0362, "ndbi_mean": 0.1502, "building_density": 265.5, "building_height_mean": 16.4, "road_density": 1868.4, "park_area_frac": 0.1026, "tree_canopy_frac": 0.0926, "dist_to_water": 463.0, "water_area_frac": 0.099, "air_temp_max": 44.2, "wind_speed_mean": 2.61, "solar_radiation": 307.2, "veg_imperv_ratio": 0.2819, "green_deficit": 0.699, "thermal_mass_proxy": 4354.2, "cooling_potential": 246.3, "sky_view_factor": 0.7405, "tier": "normal", "delta_above_mean": -0.28, "priority_score": 0.0}}, {"type": "Feature", "geometry": {"type": "Polygon", "coordinates": [[[76.81618678435443, 30.725110684267403], [76.82140668402072, 30.72503752120686], [76.821491503246, 30.729547036063565], [76.81627136082578, 30.729620212167884], [76.81618678435443, 30.725110684267403]]]}, "properties": {"grid_id": "cell_0765", "lst_mean": 43.01, "lst_max": 46.28, "frac_impervious": 0.693, "frac_vegetation": 0.2161, "frac_bare_soil": 0.0706, "frac_water": 0.0203, "ndvi_mean": 0.2304, "ndvi_std": 0.0341, "ndbi_mean": 0.2, "building_density": 217.2, "building_height_mean": 20.9, "road_density": 1670.1, "park_area_frac": 0.0566, "tree_canopy_frac": 0.1267, "dist_to_water": 830.0, "water_area_frac": 0.0203, "air_temp_max": 43.2, "wind_speed_mean": 2.54, "solar_radiation": 293.2, "veg_imperv_ratio": 0.3074, "green_deficit": 0.7273, "thermal_mass_proxy": 4539.5, "cooling_potential": 229.8, "sky_view_factor": 0.6693, "tier": "moderate", "delta_above_mean": 0.7, "priority_score": 0.4}}, {"type": "Feature", "geometry": {"type": "Polygon", "coordinates": [[[76.81627136082578, 30.729620212167884], [76.821491503246, 30.729547036063565], [76.82157634160107, 30.73405654757235], [76.81635595637222, 30.734129736721634], [76.81627136082578, 30.729620212167884]]]}, "properties": {"grid_id": "cell_0766", "lst_mean": 43.49, "lst_max": 46.5, "frac_impervious": 0.63, "frac_vegetation": 0.2484, "frac_bare_soil": 0.0994, "frac_water": 0.0222, "ndvi_mean": 0.2282, "ndvi_std": 0.0412, "ndbi_mean": 0.1335, "building_density": 257.2, "building_height_mean": 19.9, "road_density": 1883.4, "park_area_frac": 0.0631, "tree_canopy_frac": 0.1412, "dist_to_water": 1856.9, "water_area_frac": 0.0222, "air_temp_max": 41.3, "wind_speed_mean": 3.03, "solar_radiation": 305.6, "veg_imperv_ratio": 0.3881, "green_deficit": 0.6885, "thermal_mass_proxy": 5118.3, "cooling_potential": 229.7, "sky_view_factor": 0.6851, "tier": "moderate", "delta_above_mean": 1.18, "priority_score": 0.7}}, {"type": "Feature", "geometry": {"type": "Polygon", "coordinates": [[[76.81635595637222, 30.734129736721634], [76.82157634160107, 30.73405654757235], [76.82166119908965, 30.738566055732903], [76.81644057099744, 30.738639257928345], [76.81635595637222, 30.734129736721634]]]}, "properties": {"grid_id": "cell_0767", "lst_mean": 43.63, "lst_max": 46.73, "frac_impervious": 0.6277, "frac_vegetation": 0.2005, "frac_bare_soil": 0.1283, "frac_water": 0.0434, "ndvi_mean": 0.2131, "ndvi_std": 0.0122, "ndbi_mean": 0.1107, "building_density": 262.4, "building_height_mean": 20.0, "road_density": 1951.3, "park_area_frac": 0.0493, "tree_canopy_frac": 0.1224, "dist_to_water": 1629.9, "water_area_frac": 0.0434, "air_temp_max": 47.0, "wind_speed_mean": 2.36, "solar_radiation": 325.6, "veg_imperv_ratio": 0.3144, "green_deficit": 0.7502, "thermal_mass_proxy": 5248.0, "cooling_potential": 260.3, "sky_view_factor": 0.6835, "tier": "moderate", "delta_above_mean": 1.32, "priority_score": 0.9}}, {"type": "Feature", "geometry": {"type": "Polygon", "coordinates": [[[76.81644057099744, 30.738639257928345], [76.82166119908965, 30.738566055732903], [76.82174607571544, 30.74307556054489], [76.81652520470513, 30.743148775787688], [76.81644057099744, 30.738639257928345]]]}, "properties": {"grid_id": "cell_0768", "lst_mean": 44.02, "lst_max": 49.19, "frac_impervious": 0.6367, "frac_vegetation": 0.2064, "frac_bare_soil": 0.1293, "frac_water": 0.0275, "ndvi_mean": 0.1819, "ndvi_std": 0.0182, "ndbi_mean": 0.1365, "building_density": 254.7, "building_height_mean": 16.1, "road_density": 1761.7, "park_area_frac": 0.0833, "tree_canopy_frac": 0.1344, "dist_to_water": 2006.0, "water_area_frac": 0.0275, "air_temp_max": 42.3, "wind_speed_mean": 2.2, "solar_radiation": 298.7, "veg_imperv_ratio": 0.3192, "green_deficit": 0.7103, "thermal_mass_proxy": 4100.7, "cooling_potential": 237.0, "sky_view_factor": 0.7453, "tier": "moderate", "delta_above_mean": 1.71, "priority_score": 1.1}}, {"type": "Feature", "geometry": {"type": "Polygon", "coordinates": [[[76.81652520470513, 30.743148775787688], [76.82174607571544, 30.74307556054489], [76.82183097148213, 30.747585062008014], [76.81660985749902, 30.747658290299324], [76.81652520470513, 30.743148775787688]]]}, "properties": {"grid_id": "cell_0769", "lst_mean": 44.83, "lst_max": 50.21, "frac_impervious": 0.6802, "frac_vegetation": 0.1657, "frac_bare_soil": 0.126, "frac_water": 0.0281, "ndvi_mean": 0.1713, "ndvi_std": 0.0394, "ndbi_mean": 0.1711, "building_density": 319.3, "building_height_mean": 19.8, "road_density": 1901.8, "park_area_frac": 0.0898, "tree_canopy_frac": 0.0892, "dist_to_water": 3161.1, "water_area_frac": 0.0281, "air_temp_max": 44.6, "wind_speed_mean": 1.37, "solar_radiation": 279.2, "veg_imperv_ratio": 0.2401, "green_deficit": 0.7445, "thermal_mass_proxy": 6322.1, "cooling_potential": 232.9, "sky_view_factor": 0.6867, "tier": "high", "delta_above_mean": 2.52, "priority_score": 2.0}}, {"type": "Feature", "geometry": {"type": "Polygon", "coordinates": [[[76.81660985749902, 30.747658290299324], [76.82183097148213, 30.747585062008014], [76.82191588639344, 30.752094560121918], [76.81669452938276, 30.752167801462956], [76.81660985749902, 30.747658290299324]]]}, "properties": {"grid_id": "cell_0770", "lst_mean": 44.45, "lst_max": 47.36, "frac_impervious": 0.6915, "frac_vegetation": 0.1988, "frac_bare_soil": 0.0865, "frac_water": 0.0232, "ndvi_mean": 0.187, "ndvi_std": 0.0463, "ndbi_mean": 0.1412, "building_density": 239.2, "building_height_mean": 21.4, "road_density": 1871.9, "park_area_frac": 0.0868, "tree_canopy_frac": 0.1097, "dist_to_water": 3249.5, "water_area_frac": 0.0232, "air_temp_max": 42.5, "wind_speed_mean": 1.54, "solar_radiation": 293.3, "veg_imperv_ratio": 0.2834, "green_deficit": 0.7144, "thermal_mass_proxy": 5118.9, "cooling_potential": 235.0, "sky_view_factor": 0.6614, "tier": "moderate", "delta_above_mean": 2.14, "priority_score": 1.5}}, {"type": "Feature", "geometry": {"type": "Polygon", "coordinates": [[[76.81669452938276, 30.752167801462956], [76.82191588639344, 30.752094560121918], [76.82200082045308, 30.756604054886314], [76.81677922036009, 30.75667730927826], [76.81669452938276, 30.752167801462956]]]}, "properties": {"grid_id": "cell_0771", "lst_mean": 43.46, "lst_max": 46.38, "frac_impervious": 0.6776, "frac_vegetation": 0.2327, "frac_bare_soil": 0.058, "frac_water": 0.0316, "ndvi_mean": 0.247, "ndvi_std": 0.0295, "ndbi_mean": 0.1365, "building_density": 238.4, "building_height_mean": 12.6, "road_density": 1651.2, "park_area_frac": 0.0631, "tree_canopy_frac": 0.1532, "dist_to_water": 3909.9, "water_area_frac": 0.0316, "air_temp_max": 49.2, "wind_speed_mean": 2.47, "solar_radiation": 323.0, "veg_imperv_ratio": 0.3384, "green_deficit": 0.7042, "thermal_mass_proxy": 3003.8, "cooling_potential": 247.8, "sky_view_factor": 0.8006, "tier": "moderate", "delta_above_mean": 1.15, "priority_score": 0.7}}, {"type": "Feature", "geometry": {"type": "Polygon", "coordinates": [[[76.81677922036009, 30.75667730927826], [76.82200082045308, 30.756604054886314], [76.82208577366478, 30.76111354630086], [76.8168639304347, 30.761186813744885], [76.81677922036009, 30.75667730927826]]]}, "properties": {"grid_id": "cell_0772", "lst_mean": 46.15, "lst_max": 49.23, "frac_impervious": 0.7333, "frac_vegetation": 0.1007, "frac_bare_soil": 0.1463, "frac_water": 0.0197, "ndvi_mean": 0.139, "ndvi_std": 0.0256, "ndbi_mean": 0.2567, "building_density": 209.9, "building_height_mean": 17.3, "road_density": 1701.6, "park_area_frac": 0.0784, "tree_canopy_frac": 0.0378, "dist_to_water": 4673.1, "water_area_frac": 0.0197, "air_temp_max": 44.0, "wind_speed_mean": 3.18, "solar_radiation": 290.2, "veg_imperv_ratio": 0.1355, "green_deficit": 0.8209, "thermal_mass_proxy": 3631.3, "cooling_potential": 261.0, "sky_view_factor": 0.7263, "tier": "high", "delta_above_mean": 3.84, "priority_score": 4.9}}, {"type": "Feature", "geometry": {"type": "Polygon", "coordinates": [[[76.8168639304347, 30.761186813744885], [76.82208577366478, 30.76111354630086], [76.82217074603224, 30.765623034365216], [76.81694865961029, 30.76569631486254], [76.8168639304347, 30.761186813744885]]]}, "properties": {"grid_id": "cell_0773", "lst_mean": 43.05, "lst_max": 46.15, "frac_impervious": 0.7, "frac_vegetation": 0.1822, "frac_bare_soil": 0.0945, "frac_water": 0.0233, "ndvi_mean": 0.2536, "ndvi_std": 0.0375, "ndbi_mean": 0.1542, "building_density": 254.3, "building_height_mean": 16.9, "road_density": 1700.3, "park_area_frac": 0.052, "tree_canopy_frac": 0.0944, "dist_to_water": 4916.6, "water_area_frac": 0.0233, "air_temp_max": 42.8, "wind_speed_mean": 1.66, "solar_radiation": 305.6, "veg_imperv_ratio": 0.2566, "green_deficit": 0.7658, "thermal_mass_proxy": 4297.7, "cooling_potential": 249.9, "sky_view_factor": 0.7326, "tier": "moderate", "delta_above_mean": 0.74, "priority_score": 0.5}}, {"type": "Feature", "geometry": {"type": "Polygon", "coordinates": [[[76.81694865961029, 30.76569631486254], [76.82217074603224, 30.765623034365216], [76.82225573755917, 30.770132519079088], [76.81703340789056, 30.77020581263089], [76.81694865961029, 30.76569631486254]]]}, "properties": {"grid_id": "cell_0774", "lst_mean": 42.33, "lst_max": 48.84, "frac_impervious": 0.6965, "frac_vegetation": 0.2115, "frac_bare_soil": 0.0638, "frac_water": 0.0281, "ndvi_mean": 0.2187, "ndvi_std": 0.0439, "ndbi_mean": 0.1689, "building_density": 217.2, "building_height_mean": 17.5, "road_density": 1537.0, "park_area_frac": 0.0522, "tree_canopy_frac": 0.127, "dist_to_water": 5780.0, "water_area_frac": 0.0281, "air_temp_max": 44.5, "wind_speed_mean": 3.49, "solar_radiation": 305.8, "veg_imperv_ratio": 0.2994, "green_deficit": 0.7363, "thermal_mass_proxy": 3801.0, "cooling_potential": 241.1, "sky_view_factor": 0.7231, "tier": "moderate", "delta_above_mean": 0.02, "priority_score": 0.0}}, {"type": "Feature", "geometry": {"type": "Polygon", "coordinates": [[[76.81703340789056, 30.77020581263089], [76.82225573755917, 30.770132519079088], [76.82234074824932, 30.774642000442146], [76.81711817527925, 30.77471530704961], [76.81703340789056, 30.77020581263089]]]}, "properties": {"grid_id": "cell_0775", "lst_mean": 42.25, "lst_max": 45.82, "frac_impervious": 0.628, "frac_vegetation": 0.206, "frac_bare_soil": 0.1446, "frac_water": 0.0215, "ndvi_mean": 0.1647, "ndvi_std": 0.0162, "ndbi_mean": 0.1402, "building_density": 184.2, "building_height_mean": 11.5, "road_density": 1428.9, "park_area_frac": 0.0844, "tree_canopy_frac": 0.1416, "dist_to_water": 5863.1, "water_area_frac": 0.0215, "air_temp_max": 44.1, "wind_speed_mean": 3.37, "solar_radiation": 315.6, "veg_imperv_ratio": 0.3229, "green_deficit": 0.7096, "thermal_mass_proxy": 2118.3, "cooling_potential": 250.6, "sky_view_factor": 0.818, "tier": "normal", "delta_above_mean": -0.06, "priority_score": 0.0}}, {"type": "Feature", "geometry": {"type": "Polygon", "coordinates": [[[76.81711817527925, 30.77471530704961], [76.82234074824932, 30.774642000442146], [76.82242577810635, 30.77915147845406], [76.81720296178003, 30.779224798118385], [76.81711817527925, 30.77471530704961]]]}, "properties": {"grid_id": "cell_0776", "lst_mean": 43.15, "lst_max": 45.63, "frac_impervious": 0.5697, "frac_vegetation": 0.2439, "frac_bare_soil": 0.1516, "frac_water": 0.0348, "ndvi_mean": 0.2181, "ndvi_std": 0.0307, "ndbi_mean": 0.1152, "building_density": 182.0, "building_height_mean": 8.9, "road_density": 1423.1, "park_area_frac": 0.0665, "tree_canopy_frac": 0.127, "dist_to_water": 6196.2, "water_area_frac": 0.0348, "air_temp_max": 43.7, "wind_speed_mean": 2.1, "solar_radiation": 313.8, "veg_imperv_ratio": 0.4207, "green_deficit": 0.6896, "thermal_mass_proxy": 1619.8, "cooling_potential": 237.3, "sky_view_factor": 0.8592, "tier": "moderate", "delta_above_mean": 0.84, "priority_score": 0.5}}, {"type": "Feature", "geometry": {"type": "Polygon", "coordinates": [[[76.81720296178003, 30.779224798118385], [76.82242577810635, 30.77915147845406], [76.82251082713402, 30.78366095311453], [76.81728776739662, 30.783734285836896], [76.81720296178003, 30.779224798118385]]]}, "properties": {"grid_id": "cell_0777", "lst_mean": 40.8, "lst_max": 43.93, "frac_impervious": 0.5741, "frac_vegetation": 0.2557, "frac_bare_soil": 0.1456, "frac_water": 0.0246, "ndvi_mean": 0.2083, "ndvi_std": 0.0371, "ndbi_mean": 0.1483, "building_density": 220.6, "building_height_mean": 12.1, "road_density": 1389.3, "park_area_frac": 0.1635, "tree_canopy_frac": 0.1892, "dist_to_water": 6369.1, "water_area_frac": 0.0246, "air_temp_max": 42.6, "wind_speed_mean": 2.22, "solar_radiation": 315.8, "veg_imperv_ratio": 0.4378, "green_deficit": 0.5808, "thermal_mass_proxy": 2669.3, "cooling_potential": 235.0, "sky_view_factor": 0.8085, "tier": "normal", "delta_above_mean": -1.51, "priority_score": 0.0}}, {"type": "Feature", "geometry": {"type": "Polygon", "coordinates": [[[76.81728776739662, 30.783734285836896], [76.82251082713402, 30.78366095311453], [76.82259589533605, 30.788170424423217], [76.81737259213273, 30.78824377020482], [76.81728776739662, 30.783734285836896]]]}, "properties": {"grid_id": "cell_0778", "lst_mean": 41.71, "lst_max": 45.19, "frac_impervious": 0.5564, "frac_vegetation": 0.2975, "frac_bare_soil": 0.1175, "frac_water": 0.0287, "ndvi_mean": 0.1829, "ndvi_std": 0.0508, "ndbi_mean": 0.151, "building_density": 223.3, "building_height_mean": 10.4, "road_density": 1531.9, "park_area_frac": 0.0576, "tree_canopy_frac": 0.1515, "dist_to_water": 7401.9, "water_area_frac": 0.0287, "air_temp_max": 43.7, "wind_speed_mean": 2.29, "solar_radiation": 305.9, "veg_imperv_ratio": 0.5252, "green_deficit": 0.6449, "thermal_mass_proxy": 2322.3, "cooling_potential": 214.9, "sky_view_factor": 0.8354, "tier": "normal", "delta_above_mean": -0.6, "priority_score": 0.0}}, {"type": "Feature", "geometry": {"type": "Polygon", "coordinates": [[[76.81737259213273, 30.78824377020482], [76.82259589533605, 30.788170424423217], [76.82268098271616, 30.79267989237979], [76.81745743599207, 30.792753251221825], [76.81737259213273, 30.78824377020482]]]}, "properties": {"grid_id": "cell_0779", "lst_mean": 39.37, "lst_max": 42.9, "frac_impervious": 0.553, "frac_vegetation": 0.2946, "frac_bare_soil": 0.1281, "frac_water": 0.0244, "ndvi_mean": 0.2953, "ndvi_std": 0.0686, "ndbi_mean": 0.112, "building_density": 208.8, "building_height_mean": 13.0, "road_density": 1330.5, "park_area_frac": 0.0936, "tree_canopy_frac": 0.2078, "dist_to_water": 7396.5, "water_area_frac": 0.0244, "air_temp_max": 42.9, "wind_speed_mean": 2.89, "solar_radiation": 294.0, "veg_imperv_ratio": 0.5233, "green_deficit": 0.6118, "thermal_mass_proxy": 2714.4, "cooling_potential": 207.4, "sky_view_factor": 0.7943, "tier": "cool", "delta_above_mean": -2.94, "priority_score": 0.0}}, {"type": "Feature", "geometry": {"type": "Polygon", "coordinates": [[[76.81745743599207, 30.792753251221825], [76.82268098271616, 30.79267989237979], [76.82276608927806, 30.797189356983935], [76.81754229897835, 30.79726272888759], [76.81745743599207, 30.792753251221825]]]}, "properties": {"grid_id": "cell_0780", "lst_mean": 42.87, "lst_max": 46.19, "frac_impervious": 0.6407, "frac_vegetation": 0.2142, "frac_bare_soil": 0.1186, "frac_water": 0.0265, "ndvi_mean": 0.2282, "ndvi_std": 0.0349, "ndbi_mean": 0.1192, "building_density": 179.2, "building_height_mean": 14.5, "road_density": 1334.2, "park_area_frac": 0.0695, "tree_canopy_frac": 0.1525, "dist_to_water": 8410.7, "water_area_frac": 0.0265, "air_temp_max": 42.9, "wind_speed_mean": 2.8, "solar_radiation": 325.0, "veg_imperv_ratio": 0.3292, "green_deficit": 0.7163, "thermal_mass_proxy": 2598.4, "cooling_potential": 255.4, "sky_view_factor": 0.7706, "tier": "moderate", "delta_above_mean": 0.56, "priority_score": 0.4}}, {"type": "Feature", "geometry": {"type": "Polygon", "coordinates": [[[76.81754229897835, 30.79726272888759], [76.82276608927806, 30.797189356983935], [76.82285121502548, 30.801698818235337], [76.8176271810953, 30.801772203201804], [76.81754229897835, 30.79726272888759]]]}, "properties": {"grid_id": "cell_0781", "lst_mean": 37.78, "lst_max": 40.07, "frac_impervious": 0.57, "frac_vegetation": 0.2912, "frac_bare_soil": 0.1164, "frac_water": 0.0224, "ndvi_mean": 0.2616, "ndvi_std": 0.0292, "ndbi_mean": 0.1663, "building_density": 200.4, "building_height_mean": 5.7, "road_density": 1293.7, "park_area_frac": 0.0953, "tree_canopy_frac": 0.1461, "dist_to_water": 9139.7, "water_area_frac": 0.0224, "air_temp_max": 41.3, "wind_speed_mean": 2.96, "solar_radiation": 281.9, "veg_imperv_ratio": 0.5021, "green_deficit": 0.6135, "thermal_mass_proxy": 1142.3, "cooling_potential": 199.8, "sky_view_factor": 0.9098, "tier": "cool", "delta_above_mean": -4.53, "priority_score": 0.0}}, {"type": "Feature", "geometry": {"type": "Polygon", "coordinates": [[[76.81996768046251, 30.648375256725547], [76.8251834426081, 30.648302106114162], [76.82526817901483, 30.65281166477495], [76.82005217504734, 30.652884828447295], [76.81996768046251, 30.648375256725547]]]}, "properties": {"grid_id": "cell_0782", "lst_mean": 40.08, "lst_max": 42.13, "frac_impervious": 0.5851, "frac_vegetation": 0.2683, "frac_bare_soil": 0.1262, "frac_water": 0.0205, "ndvi_mean": 0.2391, "ndvi_std": 0.0455, "ndbi_mean": 0.1312, "building_density": 167.5, "building_height_mean": 8.7, "road_density": 1314.7, "park_area_frac": 0.0923, "tree_canopy_frac": 0.1283, "dist_to_water": 7722.9, "water_area_frac": 0.0205, "air_temp_max": 40.5, "wind_speed_mean": 2.66, "solar_radiation": 321.0, "veg_imperv_ratio": 0.4508, "green_deficit": 0.6394, "thermal_mass_proxy": 1457.2, "cooling_potential": 234.9, "sky_view_factor": 0.8623, "tier": "normal", "delta_above_mean": -2.23, "priority_score": 0.0}}, {"type": "Feature", "geometry": {"type": "Polygon", "coordinates": [[[76.82005217504734, 30.652884828447295], [76.82526817901483, 30.65281166477495], [76.82535293454305, 30.657321220092133], [76.82013668869914, 30.657394396826632], [76.82005217504734, 30.652884828447295]]]}, "properties": {"grid_id": "cell_0783", "lst_mean": 42.51, "lst_max": 45.13, "frac_impervious": 0.5796, "frac_vegetation": 0.2284, "frac_bare_soil": 0.1503, "frac_water": 0.0417, "ndvi_mean": 0.1727, "ndvi_std": 0.0515, "ndbi_mean": 0.1837, "building_density": 147.5, "building_height_mean": 10.0, "road_density": 1333.2, "park_area_frac": 0.1068, "tree_canopy_frac": 0.1514, "dist_to_water": 7262.3, "water_area_frac": 0.0417, "air_temp_max": 43.7, "wind_speed_mean": 2.95, "solar_radiation": 328.0, "veg_imperv_ratio": 0.3874, "green_deficit": 0.6648, "thermal_mass_proxy": 1475.0, "cooling_potential": 253.1, "sky_view_factor": 0.8418, "tier": "moderate", "delta_above_mean": 0.2, "priority_score": 0.1}}, {"type": "Feature", "geometry": {"type": "Polygon", "coordinates": [[[76.82013668869914, 30.657394396826632], [76.82535293454305, 30.657321220092133], [76.82543770919644, 30.661830772065393], [76.82022122142158, 30.66190396186322], [76.82013668869914, 30.657394396826632]]]}, "properties": {"grid_id": "cell_0784", "lst_mean": 41.74, "lst_max": 44.57, "frac_impervious": 0.5756, "frac_vegetation": 0.2551, "frac_bare_soil": 0.1468, "frac_water": 0.0224, "ndvi_mean": 0.213, "ndvi_std": 0.0415, "ndbi_mean": 0.0629, "building_density": 204.0, "building_height_mean": 10.7, "road_density": 1390.4, "park_area_frac": 0.0638, "tree_canopy_frac": 0.1455, "dist_to_water": 6905.5, "water_area_frac": 0.0224, "air_temp_max": 43.8, "wind_speed_mean": 3.25, "solar_radiation": 344.8, "veg_imperv_ratio": 0.4356, "green_deficit": 0.6811, "thermal_mass_proxy": 2182.8, "cooling_potential": 256.8, "sky_view_factor": 0.8307, "tier": "normal", "delta_above_mean": -0.57, "priority_score": 0.0}}, {"type": "Feature", "geometry": {"type": "Polygon", "coordinates": [[[76.82022122142158, 30.66190396186322], [76.82543770919644, 30.661830772065393], [76.82552250297871, 30.666340320694413], [76.82030577321837, 30.66641352355677], [76.82022122142158, 30.66190396186322]]]}, "properties": {"grid_id": "cell_0785", "lst_mean": 41.2, "lst_max": 43.3, "frac_impervious": 0.6403, "frac_vegetation": 0.1948, "frac_bare_soil": 0.1309, "frac_water": 0.0341, "ndvi_mean": 0.2226, "ndvi_std": 0.0265, "ndbi_mean": 0.162, "building_density": 185.4, "building_height_mean": 14.3, "road_density": 1468.2, "park_area_frac": 0.1148, "tree_canopy_frac": 0.0967, "dist_to_water": 6354.2, "water_area_frac": 0.0341, "air_temp_max": 45.1, "wind_speed_mean": 2.69, "solar_radiation": 300.9, "veg_imperv_ratio": 0.2996, "green_deficit": 0.6904, "thermal_mass_proxy": 2651.2, "cooling_potential": 242.3, "sky_view_factor": 0.7737, "tier": "normal", "delta_above_mean": -1.11, "priority_score": 0.0}}, {"type": "Feature", "geometry": {"type": "Polygon", "coordinates": [[[76.82030577321837, 30.66641352355677], [76.82552250297871, 30.666340320694413], [76.82560731589356, 30.67084986597885], [76.82039034409317, 30.67092308190691], [76.82030577321837, 30.66641352355677]]]}, "properties": {"grid_id": "cell_0786", "lst_mean": 41.21, "lst_max": 45.74, "frac_impervious": 0.5954, "frac_vegetation": 0.1999, "frac_bare_soil": 0.1094, "frac_water": 0.0953, "ndvi_mean": 0.1684, "ndvi_std": 0.0456, "ndbi_mean": 0.1957, "building_density": 228.6, "building_height_mean": 12.6, "road_density": 1307.1, "park_area_frac": 0.0581, "tree_canopy_frac": 0.1562, "dist_to_water": 5950.4, "water_area_frac": 0.0953, "air_temp_max": 43.2, "wind_speed_mean": 2.41, "solar_radiation": 303.6, "veg_imperv_ratio": 0.3302, "green_deficit": 0.742, "thermal_mass_proxy": 2880.4, "cooling_potential": 242.9, "sky_view_factor": 0.8006, "tier": "normal", "delta_above_mean": -1.1, "priority_score": 0.0}}, {"type": "Feature", "geometry": {"type": "Polygon", "coordinates": [[[76.82039034409317, 30.67092308190691], [76.82560731589356, 30.67084986597885], [76.8256921479447, 30.675359407918396], [76.82047493404967, 30.675432636913364], [76.82039034409317, 30.67092308190691]]]}, "properties": {"grid_id": "cell_0787", "lst_mean": 42.24, "lst_max": 44.87, "frac_impervious": 0.597, "frac_vegetation": 0.2554, "frac_bare_soil": 0.1262, "frac_water": 0.0214, "ndvi_mean": 0.1517, "ndvi_std": 0.0471, "ndbi_mean": 0.1282, "building_density": 200.6, "building_height_mean": 13.7, "road_density": 1419.9, "park_area_frac": 0.0566, "tree_canopy_frac": 0.1293, "dist_to_water": 5212.5, "water_area_frac": 0.0214, "air_temp_max": 42.8, "wind_speed_mean": 3.24, "solar_radiation": 310.6, "veg_imperv_ratio": 0.4208, "green_deficit": 0.688, "thermal_mass_proxy": 2748.2, "cooling_potential": 231.3, "sky_view_factor": 0.7832, "tier": "normal", "delta_above_mean": -0.07, "priority_score": 0.0}}, {"type": "Feature", "geometry": {"type": "Polygon", "coordinates": [[[76.82047493404967, 30.675432636913364], [76.8256921479447, 30.675359407918396], [76.8257769991358, 30.679868946512737], [76.82055954309159, 30.67994218857577], [76.82047493404967, 30.675432636913364]]]}, "properties": {"grid_id": "cell_0788", "lst_mean": 42.41, "lst_max": 48.08, "frac_impervious": 0.6098, "frac_vegetation": 0.2878, "frac_bare_soil": 0.0778, "frac_water": 0.0246, "ndvi_mean": 0.2371, "ndvi_std": 0.0328, "ndbi_mean": 0.1372, "building_density": 217.4, "building_height_mean": 11.3, "road_density": 1597.1, "park_area_frac": 0.0666, "tree_canopy_frac": 0.1582, "dist_to_water": 4264.1, "water_area_frac": 0.0246, "air_temp_max": 41.0, "wind_speed_mean": 2.65, "solar_radiation": 308.2, "veg_imperv_ratio": 0.4643, "green_deficit": 0.6456, "thermal_mass_proxy": 2456.6, "cooling_potential": 219.5, "sky_view_factor": 0.8212, "tier": "moderate", "delta_above_mean": 0.1, "priority_score": 0.0}}, {"type": "Feature", "geometry": {"type": "Polygon", "coordinates": [[[76.82055954309159, 30.67994218857577], [76.8257769991358, 30.679868946512737], [76.82586186947059, 30.68437848176152], [76.82064417122258, 30.68445173689382], [76.82055954309159, 30.67994218857577]]]}, "properties": {"grid_id": "cell_0789", "lst_mean": 38.94, "lst_max": 41.2, "frac_impervious": 0.5538, "frac_vegetation": 0.2505, "frac_bare_soil": 0.1623, "frac_water": 0.0334, "ndvi_mean": 0.221, "ndvi_std": 0.0439, "ndbi_mean": 0.1304, "building_density": 214.5, "building_height_mean": 11.2, "road_density": 1243.9, "park_area_frac": 0.093, "tree_canopy_frac": 0.1381, "dist_to_water": 4447.5, "water_area_frac": 0.0334, "air_temp_max": 42.7, "wind_speed_mean": 3.17, "solar_radiation": 322.5, "veg_imperv_ratio": 0.4443, "green_deficit": 0.6565, "thermal_mass_proxy": 2402.4, "cooling_potential": 241.7, "sky_view_factor": 0.8228, "tier": "cool", "delta_above_mean": -3.37, "priority_score": 0.0}}, {"type": "Feature", "geometry": {"type": "Polygon", "coordinates": [[[76.82064417122258, 30.68445173689382], [76.82586186947059, 30.68437848176152], [76.82594675895277, 30.688888013664418], [76.82072881844638, 30.68896128186718], [76.82064417122258, 30.68445173689382]]]}, "properties": {"grid_id": "cell_0790", "lst_mean": 40.2, "lst_max": 42.28, "frac_impervious": 0.5525, "frac_vegetation": 0.2393, "frac_bare_soil": 0.1594, "frac_water": 0.0488, "ndvi_mean": 0.2237, "ndvi_std": 0.0491, "ndbi_mean": 0.1042, "building_density": 198.6, "building_height_mean": 16.0, "road_density": 1520.1, "park_area_frac": 0.0658, "tree_canopy_frac": 0.0876, "dist_to_water": 3662.5, "water_area_frac": 0.0488, "air_temp_max": 43.9, "wind_speed_mean": 2.6, "solar_radiation": 318.3, "veg_imperv_ratio": 0.4254, "green_deficit": 0.6949, "thermal_mass_proxy": 3177.6, "cooling_potential": 242.1, "sky_view_factor": 0.7468, "tier": "normal", "delta_above_mean": -2.11, "priority_score": 0.0}}, {"type": "Feature", "geometry": {"type": "Polygon", "coordinates": [[[76.82072881844638, 30.68896128186718], [76.82594675895277, 30.688888013664418], [76.82603166758604, 30.693397542221163], [76.82081348476666, 30.693470823495552], [76.82072881844638, 30.68896128186718]]]}, "properties": {"grid_id": "cell_0791", "lst_mean": 40.97, "lst_max": 43.95, "frac_impervious": 0.6574, "frac_vegetation": 0.2063, "frac_bare_soil": 0.0902, "frac_water": 0.0461, "ndvi_mean": 0.225, "ndvi_std": 0.0483, "ndbi_mean": 0.1536, "building_density": 213.0, "building_height_mean": 13.1, "road_density": 1507.9, "park_area_frac": 0.0881, "tree_canopy_frac": 0.1256, "dist_to_water": 3032.6, "water_area_frac": 0.0461, "air_temp_max": 40.7, "wind_speed_mean": 3.18, "solar_radiation": 306.5, "veg_imperv_ratio": 0.3091, "green_deficit": 0.7056, "thermal_mass_proxy": 2790.3, "cooling_potential": 243.3, "sky_view_factor": 0.7927, "tier": "normal", "delta_above_mean": -1.34, "priority_score": 0.0}}, {"type": "Feature", "geometry": {"type": "Polygon", "coordinates": [[[76.82081348476666, 30.693470823495552], [76.82603166758604, 30.693397542221163], [76.82611659537409, 30.69790706743137], [76.8208981701871, 30.697980361778594], [76.82081348476666, 30.693470823495552]]]}, "properties": {"grid_id": "cell_0792", "lst_mean": 43.05, "lst_max": 45.36, "frac_impervious": 0.6297, "frac_vegetation": 0.2306, "frac_bare_soil": 0.1127, "frac_water": 0.027, "ndvi_mean": 0.2344, "ndvi_std": 0.0378, "ndbi_mean": 0.1417, "building_density": 228.4, "building_height_mean": 16.8, "road_density": 1591.0, "park_area_frac": 0.0782, "tree_canopy_frac": 0.1201, "dist_to_water": 2773.5, "water_area_frac": 0.027, "air_temp_max": 45.1, "wind_speed_mean": 3.22, "solar_radiation": 309.3, "veg_imperv_ratio": 0.3605, "green_deficit": 0.6912, "thermal_mass_proxy": 3837.1, "cooling_potential": 238.0, "sky_view_factor": 0.7342, "tier": "moderate", "delta_above_mean": 0.74, "priority_score": 0.4}}, {"type": "Feature", "geometry": {"type": "Polygon", "coordinates": [[[76.8208981701871, 30.697980361778594], [76.82611659537409, 30.69790706743137], [76.82620154232066, 30.702416589294735], [76.82098287471145, 30.70248989671598], [76.8208981701871, 30.697980361778594]]]}, "properties": {"grid_id": "cell_0793", "lst_mean": 41.36, "lst_max": 47.51, "frac_impervious": 0.5628, "frac_vegetation": 0.2618, "frac_bare_soil": 0.1408, "frac_water": 0.0346, "ndvi_mean": 0.2387, "ndvi_std": 0.0374, "ndbi_mean": 0.1063, "building_density": 241.9, "building_height_mean": 13.3, "road_density": 1416.2, "park_area_frac": 0.0592, "tree_canopy_frac": 0.1733, "dist_to_water": 2241.6, "water_area_frac": 0.0346, "air_temp_max": 42.1, "wind_speed_mean": 3.32, "solar_radiation": 323.5, "veg_imperv_ratio": 0.4571, "green_deficit": 0.679, "thermal_mass_proxy": 3217.3, "cooling_potential": 238.8, "sky_view_factor": 0.7896, "tier": "normal", "delta_above_mean": -0.95, "priority_score": 0.0}}, {"type": "Feature", "geometry": {"type": "Polygon", "coordinates": [[[76.82098287471145, 30.70248989671598], [76.82620154232066, 30.702416589294735], [76.82628650842943, 30.70692610781095], [76.82106759834335, 30.706999428307395], [76.82098287471145, 30.70248989671598]]]}, "properties": {"grid_id": "cell_0794", "lst_mean": 42.84, "lst_max": 44.86, "frac_impervious": 0.5695, "frac_vegetation": 0.2343, "frac_bare_soil": 0.1744, "frac_water": 0.0218, "ndvi_mean": 0.253, "ndvi_std": 0.051, "ndbi_mean": 0.1647, "building_density": 205.1, "building_height_mean": 16.0, "road_density": 1570.2, "park_area_frac": 0.113, "tree_canopy_frac": 0.1594, "dist_to_water": 1552.4, "water_area_frac": 0.0218, "air_temp_max": 43.0, "wind_speed_mean": 2.4, "solar_radiation": 291.6, "veg_imperv_ratio": 0.4043, "green_deficit": 0.6527, "thermal_mass_proxy": 3281.6, "cooling_potential": 223.3, "sky_view_factor": 0.7468, "tier": "moderate", "delta_above_mean": 0.53, "priority_score": 0.3}}, {"type": "Feature", "geometry": {"type": "Polygon", "coordinates": [[[76.82106759834335, 30.706999428307395], [76.82628650842943, 30.70692610781095], [76.82637149370414, 30.71143562297968], [76.82115234108653, 30.71150895655252], [76.82106759834335, 30.706999428307395]]]}, "properties": {"grid_id": "cell_0795", "lst_mean": 44.39, "lst_max": 47.19, "frac_impervious": 0.643, "frac_vegetation": 0.2009, "frac_bare_soil": 0.1018, "frac_water": 0.0543, "ndvi_mean": 0.1549, "ndvi_std": 0.024, "ndbi_mean": 0.171, "building_density": 242.0, "building_height_mean": 17.8, "road_density": 1779.2, "park_area_frac": 0.0501, "tree_canopy_frac": 0.1252, "dist_to_water": 943.2, "water_area_frac": 0.0543, "air_temp_max": 44.8, "wind_speed_mean": 2.16, "solar_radiation": 308.5, "veg_imperv_ratio": 0.3077, "green_deficit": 0.749, "thermal_mass_proxy": 4307.6, "cooling_potential": 246.5, "sky_view_factor": 0.7184, "tier": "moderate", "delta_above_mean": 2.08, "priority_score": 1.4}}, {"type": "Feature", "geometry": {"type": "Polygon", "coordinates": [[[76.82115234108653, 30.71150895655252], [76.82637149370414, 30.71143562297968], [76.82645649814849, 30.715945134800585], [76.82123710294468, 30.716018481451016], [76.82115234108653, 30.71150895655252]]]}, "properties": {"grid_id": "cell_0796", "lst_mean": 42.2, "lst_max": 48.12, "frac_impervious": 0.6302, "frac_vegetation": 0.2007, "frac_bare_soil": 0.1124, "frac_water": 0.0567, "ndvi_mean": 0.2155, "ndvi_std": 0.0404, "ndbi_mean": 0.1596, "building_density": 250.2, "building_height_mean": 17.3, "road_density": 1748.5, "park_area_frac": 0.0963, "tree_canopy_frac": 0.1253, "dist_to_water": 792.0, "water_area_frac": 0.0567, "air_temp_max": 43.7, "wind_speed_mean": 2.97, "solar_radiation": 320.3, "veg_imperv_ratio": 0.3135, "green_deficit": 0.703, "thermal_mass_proxy": 4328.5, "cooling_potential": 256.0, "sky_view_factor": 0.7263, "tier": "normal", "delta_above_mean": -0.11, "priority_score": 0.0}}, {"type": "Feature", "geometry": {"type": "Polygon", "coordinates": [[[76.82123710294468, 30.716018481451016], [76.82645649814849, 30.715945134800585], [76.82654152176617, 30.720454643273367], [76.8213218839215, 30.72052800300257], [76.82123710294468, 30.716018481451016]]]}, "properties": {"grid_id": "cell_0797", "lst_mean": 42.49, "lst_max": 45.22, "frac_impervious": 0.7273, "frac_vegetation": 0.188, "frac_bare_soil": 0.0629, "frac_water": 0.0218, "ndvi_mean": 0.2128, "ndvi_std": 0.0213, "ndbi_mean": 0.2152, "building_density": 242.4, "building_height_mean": 18.1, "road_density": 1654.7, "park_area_frac": 0.0561, "tree_canopy_frac": 0.1161, "dist_to_water": 50.0, "water_area_frac": 0.1219, "air_temp_max": 46.0, "wind_speed_mean": 2.41, "solar_radiation": 296.5, "veg_imperv_ratio": 0.255, "green_deficit": 0.7559, "thermal_mass_proxy": 4387.4, "cooling_potential": 240.8, "sky_view_factor": 0.7136, "tier": "moderate", "delta_above_mean": 0.18, "priority_score": 0.1}}, {"type": "Feature", "geometry": {"type": "Polygon", "coordinates": [[[76.8213218839215, 30.72052800300257], [76.82654152176617, 30.720454643273367], [76.82662656456091, 30.724964148397692], [76.82140668402072, 30.72503752120686], [76.8213218839215, 30.72052800300257]]]}, "properties": {"grid_id": "cell_0798", "lst_mean": 42.55, "lst_max": 44.7, "frac_impervious": 0.6622, "frac_vegetation": 0.1906, "frac_bare_soil": 0.1243, "frac_water": 0.0229, "ndvi_mean": 0.1581, "ndvi_std": 0.0459, "ndbi_mean": 0.1569, "building_density": 248.9, "building_height_mean": 17.0, "road_density": 1671.9, "park_area_frac": 0.0638, "tree_canopy_frac": 0.1003, "dist_to_water": 328.6, "water_area_frac": 0.1169, "air_temp_max": 44.7, "wind_speed_mean": 2.48, "solar_radiation": 259.3, "veg_imperv_ratio": 0.2835, "green_deficit": 0.7456, "thermal_mass_proxy": 4231.3, "cooling_potential": 209.9, "sky_view_factor": 0.731, "tier": "moderate", "delta_above_mean": 0.24, "priority_score": 0.2}}, {"type": "Feature", "geometry": {"type": "Polygon", "coordinates": [[[76.82140668402072, 30.72503752120686], [76.82662656456091, 30.724964148397692], [76.82671162653642, 30.729473650173244], [76.821491503246, 30.729547036063565], [76.82140668402072, 30.72503752120686]]]}, "properties": {"grid_id": "cell_0799", "lst_mean": 41.19, "lst_max": 43.73, "frac_impervious": 0.6142, "frac_vegetation": 0.4143, "frac_bare_soil": 0.1885, "frac_water": 0.0214, "ndvi_mean": 0.5126, "ndvi_std": 0.0315, "ndbi_mean": 0.1224, "building_density": 215.7, "building_height_mean": 17.8, "road_density": 1689.2, "park_area_frac": 0.4634, "tree_canopy_frac": 0.2363, "dist_to_water": 882.4, "water_area_frac": 0.0214, "air_temp_max": 43.6, "wind_speed_mean": 2.14, "solar_radiation": 325.1, "veg_imperv_ratio": 0.6637, "green_deficit": 0.1223, "thermal_mass_proxy": 3839.5, "cooling_potential": 190.4, "sky_view_factor": 0.7184, "tier": "normal", "delta_above_mean": -1.12, "priority_score": 0.0}}, {"type": "Feature", "geometry": {"type": "Polygon", "coordinates": [[[76.821491503246, 30.729547036063565], [76.82671162653642, 30.729473650173244], [76.82679670769645, 30.733983148599677], [76.82157634160107, 30.73405654757235], [76.821491503246, 30.729547036063565]]]}, "properties": {"grid_id": "cell_0800", "lst_mean": 44.63, "lst_max": 47.66, "frac_impervious": 0.6723, "frac_vegetation": 0.1791, "frac_bare_soil": 0.1258, "frac_water": 0.0227, "ndvi_mean": 0.1672, "ndvi_std": 0.047, "ndbi_mean": 0.1509, "building_density": 304.7, "building_height_mean": 20.1, "road_density": 1848.1, "park_area_frac": 0.0517, "tree_canopy_frac": 0.1339, "dist_to_water": 1503.3, "water_area_frac": 0.0227, "air_temp_max": 39.3, "wind_speed_mean": 3.1, "solar_radiation": 312.5, "veg_imperv_ratio": 0.2625, "green_deficit": 0.7692, "thermal_mass_proxy": 6124.5, "cooling_potential": 256.5, "sky_view_factor": 0.682, "tier": "high", "delta_above_mean": 2.32, "priority_score": 1.7}}, {"type": "Feature", "geometry": {"type": "Polygon", "coordinates": [[[76.82157634160107, 30.73405654757235], [76.82679670769645, 30.733983148599677], [76.82688180804466, 30.7384926436767], [76.82166119908965, 30.738566055732903], [76.82157634160107, 30.73405654757235]]]}, "properties": {"grid_id": "cell_0801", "lst_mean": 41.66, "lst_max": 43.97, "frac_impervious": 0.6656, "frac_vegetation": 0.1601, "frac_bare_soil": 0.135, "frac_water": 0.0393, "ndvi_mean": 0.1602, "ndvi_std": 0.0377, "ndbi_mean": 0.1663, "building_density": 210.7, "building_height_mean": 13.7, "road_density": 1571.7, "park_area_frac": 0.0598, "tree_canopy_frac": 0.1108, "dist_to_water": 2235.5, "water_area_frac": 0.0393, "air_temp_max": 45.1, "wind_speed_mean": 3.07, "solar_radiation": 294.7, "veg_imperv_ratio": 0.237, "green_deficit": 0.7801, "thermal_mass_proxy": 2886.6, "cooling_potential": 247.5, "sky_view_factor": 0.7832, "tier": "normal", "delta_above_mean": -0.65, "priority_score": 0.0}}, {"type": "Feature", "geometry": {"type": "Polygon", "coordinates": [[[76.82166119908965, 30.738566055732903], [76.82688180804466, 30.7384926436767], [76.8269669275848, 30.743002135403962], [76.82174607571544, 30.74307556054489], [76.82166119908965, 30.738566055732903]]]}, "properties": {"grid_id": "cell_0802", "lst_mean": 42.19, "lst_max": 45.13, "frac_impervious": 0.6672, "frac_vegetation": 0.1789, "frac_bare_soil": 0.13, "frac_water": 0.0239, "ndvi_mean": 0.212, "ndvi_std": 0.0221, "ndbi_mean": 0.1351, "building_density": 238.6, "building_height_mean": 19.9, "road_density": 1792.0, "park_area_frac": 0.0543, "tree_canopy_frac": 0.1115, "dist_to_water": 2361.1, "water_area_frac": 0.0239, "air_temp_max": 42.0, "wind_speed_mean": 2.44, "solar_radiation": 326.7, "veg_imperv_ratio": 0.2642, "green_deficit": 0.7668, "thermal_mass_proxy": 4748.1, "cooling_potential": 268.3, "sky_view_factor": 0.6851, "tier": "normal", "delta_above_mean": -0.12, "priority_score": 0.0}}, {"type": "Feature", "geometry": {"type": "Polygon", "coordinates": [[[76.82174607571544, 30.74307556054489], [76.8269669275848, 30.743002135403962], [76.8270520663206, 30.74751162378116], [76.82183097148213, 30.747585062008014], [76.82174607571544, 30.74307556054489]]]}, "properties": {"grid_id": "cell_0803", "lst_mean": 41.59, "lst_max": 46.3, "frac_impervious": 0.6718, "frac_vegetation": 0.1897, "frac_bare_soil": 0.119, "frac_water": 0.0194, "ndvi_mean": 0.1764, "ndvi_std": 0.0494, "ndbi_mean": 0.1537, "building_density": 233.5, "building_height_mean": 12.0, "road_density": 1746.5, "park_area_frac": 0.056, "tree_canopy_frac": 0.1258, "dist_to_water": 2730.6, "water_area_frac": 0.0194, "air_temp_max": 44.8, "wind_speed_mean": 2.25, "solar_radiation": 309.3, "veg_imperv_ratio": 0.2782, "green_deficit": 0.7543, "thermal_mass_proxy": 2802.0, "cooling_potential": 250.6, "sky_view_factor": 0.8101, "tier": "normal", "delta_above_mean": -0.72, "priority_score": 0.0}}, {"type": "Feature", "geometry": {"type": "Polygon", "coordinates": [[[76.82183097148213, 30.747585062008014], [76.8270520663206, 30.74751162378116], [76.82713722425578, 30.752021108807963], [76.82191588639344, 30.752094560121918], [76.82183097148213, 30.747585062008014]]]}, "properties": {"grid_id": "cell_0804", "lst_mean": 43.46, "lst_max": 48.55, "frac_impervious": 0.6233, "frac_vegetation": 0.2324, "frac_bare_soil": 0.1173, "frac_water": 0.027, "ndvi_mean": 0.1905, "ndvi_std": 0.0541, "ndbi_mean": 0.1338, "building_density": 269.7, "building_height_mean": 14.0, "road_density": 1510.6, "park_area_frac": 0.056, "tree_canopy_frac": 0.1382, "dist_to_water": 3649.4, "water_area_frac": 0.027, "air_temp_max": 44.3, "wind_speed_mean": 2.25, "solar_radiation": 295.2, "veg_imperv_ratio": 0.367, "green_deficit": 0.7116, "thermal_mass_proxy": 3775.8, "cooling_potential": 226.6, "sky_view_factor": 0.7785, "tier": "moderate", "delta_above_mean": 1.15, "priority_score": 0.7}}, {"type": "Feature", "geometry": {"type": "Polygon", "coordinates": [[[76.82191588639344, 30.752094560121918], [76.82713722425578, 30.752021108807963], [76.82722240139402, 30.75653059048405], [76.82200082045308, 30.756604054886314], [76.82191588639344, 30.752094560121918]]]}, "properties": {"grid_id": "cell_0805", "lst_mean": 42.75, "lst_max": 44.83, "frac_impervious": 0.6063, "frac_vegetation": 0.195, "frac_bare_soil": 0.1433, "frac_water": 0.0554, "ndvi_mean": 0.1792, "ndvi_std": 0.0444, "ndbi_mean": 0.2062, "building_density": 203.1, "building_height_mean": 15.0, "road_density": 1548.2, "park_area_frac": 0.0655, "tree_canopy_frac": 0.1207, "dist_to_water": 4029.3, "water_area_frac": 0.0554, "air_temp_max": 43.2, "wind_speed_mean": 2.67, "solar_radiation": 317.7, "veg_imperv_ratio": 0.3164, "green_deficit": 0.7395, "thermal_mass_proxy": 3046.5, "cooling_potential": 255.7, "sky_view_factor": 0.7627, "tier": "moderate", "delta_above_mean": 0.44, "priority_score": 0.3}}, {"type": "Feature", "geometry": {"type": "Polygon", "coordinates": [[[76.82200082045308, 30.756604054886314], [76.82722240139402, 30.75653059048405], [76.82730759773911, 30.76104006880909], [76.82208577366478, 30.76111354630086], [76.82200082045308, 30.756604054886314]]]}, "properties": {"grid_id": "cell_0806", "lst_mean": 42.06, "lst_max": 44.32, "frac_impervious": 0.6304, "frac_vegetation": 0.2084, "frac_bare_soil": 0.132, "frac_water": 0.0291, "ndvi_mean": 0.2378, "ndvi_std": 0.0291, "ndbi_mean": 0.069, "building_density": 273.1, "building_height_mean": 16.5, "road_density": 1569.6, "park_area_frac": 0.0835, "tree_canopy_frac": 0.1369, "dist_to_water": 4355.4, "water_area_frac": 0.0291, "air_temp_max": 45.0, "wind_speed_mean": 2.77, "solar_radiation": 312.4, "veg_imperv_ratio": 0.3254, "green_deficit": 0.7081, "thermal_mass_proxy": 4506.2, "cooling_potential": 247.3, "sky_view_factor": 0.7389, "tier": "normal", "delta_above_mean": -0.25, "priority_score": 0.0}}, {"type": "Feature", "geometry": {"type": "Polygon", "coordinates": [[[76.82208577366478, 30.76111354630086], [76.82730759773911, 30.76104006880909], [76.82739281329471, 30.765549543782768], [76.82217074603224, 30.765623034365216], [76.82208577366478, 30.76111354630086]]]}, "properties": {"grid_id": "cell_0807", "lst_mean": 44.21, "lst_max": 46.69, "frac_impervious": 0.6181, "frac_vegetation": 0.2333, "frac_bare_soil": 0.125, "frac_water": 0.0236, "ndvi_mean": 0.217, "ndvi_std": 0.0356, "ndbi_mean": 0.1418, "building_density": 233.6, "building_height_mean": 17.1, "road_density": 1786.3, "park_area_frac": 0.0704, "tree_canopy_frac": 0.0985, "dist_to_water": 4871.0, "water_area_frac": 0.0236, "air_temp_max": 44.1, "wind_speed_mean": 2.25, "solar_radiation": 301.5, "veg_imperv_ratio": 0.3714, "green_deficit": 0.6963, "thermal_mass_proxy": 3994.6, "cooling_potential": 231.2, "sky_view_factor": 0.7294, "tier": "moderate", "delta_above_mean": 1.9, "priority_score": 1.1}}, {"type": "Feature", "geometry": {"type": "Polygon", "coordinates": [[[76.82217074603224, 30.765623034365216], [76.82739281329471, 30.765549543782768], [76.82747804806459, 30.77005901540476], [76.82225573755917, 30.770132519079088], [76.82217074603224, 30.765623034365216]]]}, "properties": {"grid_id": "cell_0808", "lst_mean": 38.24, "lst_max": 41.59, "frac_impervious": 0.65, "frac_vegetation": 0.4561, "frac_bare_soil": 0.0936, "frac_water": 0.021, "ndvi_mean": 0.6891, "ndvi_std": 0.0403, "ndbi_mean": 0.2118, "building_density": 248.1, "building_height_mean": 12.7, "road_density": 1622.2, "park_area_frac": 0.3879, "tree_canopy_frac": 0.2918, "dist_to_water": 5331.0, "water_area_frac": 0.021, "air_temp_max": 44.2, "wind_speed_mean": 1.91, "solar_radiation": 290.2, "veg_imperv_ratio": 0.6911, "green_deficit": 0.156, "thermal_mass_proxy": 3150.9, "cooling_potential": 157.8, "sky_view_factor": 0.7991, "tier": "cool", "delta_above_mean": -4.07, "priority_score": 0.0}}, {"type": "Feature", "geometry": {"type": "Polygon", "coordinates": [[[76.82225573755917, 30.770132519079088], [76.82747804806459, 30.77005901540476], [76.82756330205245, 30.774568483674752], [76.82234074824932, 30.774642000442146], [76.82225573755917, 30.770132519079088]]]}, "properties": {"grid_id": "cell_0809", "lst_mean": 39.41, "lst_max": 42.08, "frac_impervious": 0.5507, "frac_vegetation": 0.2151, "frac_bare_soil": 0.1732, "frac_water": 0.061, "ndvi_mean": 0.2042, "ndvi_std": 0.0302, "ndbi_mean": 0.124, "building_density": 183.0, "building_height_mean": 11.3, "road_density": 1585.5, "park_area_frac": 0.0759, "tree_canopy_frac": 0.1457, "dist_to_water": 5860.1, "water_area_frac": 0.061, "air_temp_max": 40.5, "wind_speed_mean": 2.82, "solar_radiation": 296.0, "veg_imperv_ratio": 0.3836, "green_deficit": 0.709, "thermal_mass_proxy": 2067.9, "cooling_potential": 232.3, "sky_view_factor": 0.8212, "tier": "cool", "delta_above_mean": -2.9, "priority_score": 0.0}}, {"type": "Feature", "geometry": {"type": "Polygon", "coordinates": [[[76.82234074824932, 30.774642000442146], [76.82756330205245, 30.774568483674752], [76.82764857526205, 30.779077948592402], [76.82242577810635, 30.77915147845406], [76.82234074824932, 30.774642000442146]]]}, "properties": {"grid_id": "cell_0810", "lst_mean": 42.55, "lst_max": 47.34, "frac_impervious": 0.6065, "frac_vegetation": 0.1963, "frac_bare_soil": 0.1594, "frac_water": 0.0377, "ndvi_mean": 0.2369, "ndvi_std": 0.0526, "ndbi_mean": 0.1652, "building_density": 219.7, "building_height_mean": 8.6, "road_density": 1328.7, "park_area_frac": 0.0783, "tree_canopy_frac": 0.1022, "dist_to_water": 6309.3, "water_area_frac": 0.0377, "air_temp_max": 43.2, "wind_speed_mean": 3.18, "solar_radiation": 323.2, "veg_imperv_ratio": 0.3184, "green_deficit": 0.7254, "thermal_mass_proxy": 1889.4, "cooling_potential": 259.8, "sky_view_factor": 0.8639, "tier": "moderate", "delta_above_mean": 0.24, "priority_score": 0.2}}, {"type": "Feature", "geometry": {"type": "Polygon", "coordinates": [[[76.82242577810635, 30.77915147845406], [76.82764857526205, 30.779077948592402], [76.82773386769709, 30.783587410157395], [76.82251082713402, 30.78366095311453], [76.82242577810635, 30.77915147845406]]]}, "properties": {"grid_id": "cell_0811", "lst_mean": 42.64, "lst_max": 46.54, "frac_impervious": 0.6113, "frac_vegetation": 0.2282, "frac_bare_soil": 0.135, "frac_water": 0.0255, "ndvi_mean": 0.1916, "ndvi_std": 0.0397, "ndbi_mean": 0.1475, "building_density": 185.0, "building_height_mean": 12.0, "road_density": 1297.7, "park_area_frac": 0.0781, "tree_canopy_frac": 0.1618, "dist_to_water": 6636.7, "water_area_frac": 0.0255, "air_temp_max": 41.1, "wind_speed_mean": 2.84, "solar_radiation": 292.1, "veg_imperv_ratio": 0.3673, "green_deficit": 0.6937, "thermal_mass_proxy": 2220.0, "cooling_potential": 225.4, "sky_view_factor": 0.8101, "tier": "moderate", "delta_above_mean": 0.33, "priority_score": 0.2}}, {"type": "Feature", "geometry": {"type": "Polygon", "coordinates": [[[76.82251082713402, 30.78366095311453], [76.82773386769709, 30.783587410157395], [76.82781917936131, 30.78809686836943], [76.82259589533605, 30.788170424423217], [76.82251082713402, 30.78366095311453]]]}, "properties": {"grid_id": "cell_0812", "lst_mean": 42.79, "lst_max": 44.95, "frac_impervious": 0.6389, "frac_vegetation": 0.1919, "frac_bare_soil": 0.1501, "frac_water": 0.0191, "ndvi_mean": 0.2354, "ndvi_std": 0.01, "ndbi_mean": 0.1355, "building_density": 248.1, "building_height_mean": 15.0, "road_density": 1483.1, "park_area_frac": 0.0649, "tree_canopy_frac": 0.0708, "dist_to_water": 7335.4, "water_area_frac": 0.0191, "air_temp_max": 41.7, "wind_speed_mean": 2.52, "solar_radiation": 300.4, "veg_imperv_ratio": 0.2957, "green_deficit": 0.7432, "thermal_mass_proxy": 3721.5, "cooling_potential": 242.8, "sky_view_factor": 0.7627, "tier": "moderate", "delta_above_mean": 0.48, "priority_score": 0.3}}, {"type": "Feature", "geometry": {"type": "Polygon", "coordinates": [[[76.82259589533605, 30.788170424423217], [76.82781917936131, 30.78809686836943], [76.82790451025845, 30.792606323228142], [76.82268098271616, 30.79267989237979], [76.82259589533605, 30.788170424423217]]]}, "properties": {"grid_id": "cell_0813", "lst_mean": 42.66, "lst_max": 46.13, "frac_impervious": 0.6102, "frac_vegetation": 0.2412, "frac_bare_soil": 0.1277, "frac_water": 0.021, "ndvi_mean": 0.2269, "ndvi_std": 0.0427, "ndbi_mean": 0.0768, "building_density": 179.6, "building_height_mean": 15.1, "road_density": 1308.7, "park_area_frac": 0.0795, "tree_canopy_frac": 0.1518, "dist_to_water": 8187.1, "water_area_frac": 0.021, "air_temp_max": 42.4, "wind_speed_mean": 2.24, "solar_radiation": 311.9, "veg_imperv_ratio": 0.3889, "green_deficit": 0.6793, "thermal_mass_proxy": 2712.0, "cooling_potential": 236.7, "sky_view_factor": 0.7611, "tier": "moderate", "delta_above_mean": 0.35, "priority_score": 0.2}}, {"type": "Feature", "geometry": {"type": "Polygon", "coordinates": [[[76.82268098271616, 30.79267989237979], [76.82790451025845, 30.792606323228142], [76.82798986039224, 30.79711577473324], [76.82276608927806, 30.797189356983935], [76.82268098271616, 30.79267989237979]]]}, "properties": {"grid_id": "cell_0814", "lst_mean": 44.44, "lst_max": 46.62, "frac_impervious": 0.6696, "frac_vegetation": 0.2017, "frac_bare_soil": 0.1085, "frac_water": 0.0202, "ndvi_mean": 0.196, "ndvi_std": 0.0327, "ndbi_mean": 0.174, "building_density": 204.3, "building_height_mean": 12.9, "road_density": 1416.8, "park_area_frac": 0.0566, "tree_canopy_frac": 0.1218, "dist_to_water": 8174.4, "water_area_frac": 0.0202, "air_temp_max": 45.3, "wind_speed_mean": 2.44, "solar_radiation": 333.8, "veg_imperv_ratio": 0.2968, "green_deficit": 0.7417, "thermal_mass_proxy": 2635.5, "cooling_potential": 266.5, "sky_view_factor": 0.7959, "tier": "moderate", "delta_above_mean": 2.13, "priority_score": 1.4}}, {"type": "Feature", "geometry": {"type": "Polygon", "coordinates": [[[76.82276608927806, 30.797189356983935], [76.82798986039224, 30.79711577473324], [76.8280752297664, 30.801625222884397], [76.82285121502548, 30.801698818235337], [76.82276608927806, 30.797189356983935]]]}, "properties": {"grid_id": "cell_0815", "lst_mean": 41.91, "lst_max": 44.35, "frac_impervious": 0.5778, "frac_vegetation": 0.2522, "frac_bare_soil": 0.1391, "frac_water": 0.0309, "ndvi_mean": 0.3011, "ndvi_std": 0.0394, "ndbi_mean": 0.1078, "building_density": 152.7, "building_height_mean": 10.8, "road_density": 1088.1, "park_area_frac": 0.1001, "tree_canopy_frac": 0.1451, "dist_to_water": 8785.4, "water_area_frac": 0.0309, "air_temp_max": 42.9, "wind_speed_mean": 3.48, "solar_radiation": 311.9, "veg_imperv_ratio": 0.4291, "green_deficit": 0.6477, "thermal_mass_proxy": 1649.2, "cooling_potential": 233.2, "sky_view_factor": 0.8291, "tier": "normal", "delta_above_mean": -0.4, "priority_score": 0.0}}, {"type": "Feature", "geometry": {"type": "Polygon", "coordinates": [[[76.8251834426081, 30.648302106114162], [76.83039918563588, 30.64822874639172], [76.83048416386083, 30.65273829195423], [76.82526817901483, 30.65281166477495], [76.8251834426081, 30.648302106114162]]]}, "properties": {"grid_id": "cell_0816", "lst_mean": 40.72, "lst_max": 43.02, "frac_impervious": 0.5731, "frac_vegetation": 0.2746, "frac_bare_soil": 0.102, "frac_water": 0.0503, "ndvi_mean": 0.2056, "ndvi_std": 0.0383, "ndbi_mean": 0.1052, "building_density": 158.7, "building_height_mean": 11.1, "road_density": 1174.2, "park_area_frac": 0.089, "tree_canopy_frac": 0.1652, "dist_to_water": 7556.1, "water_area_frac": 0.0503, "air_temp_max": 43.3, "wind_speed_mean": 2.32, "solar_radiation": 317.8, "veg_imperv_ratio": 0.4709, "green_deficit": 0.6364, "thermal_mass_proxy": 1761.6, "cooling_potential": 230.5, "sky_view_factor": 0.8244, "tier": "normal", "delta_above_mean": -1.59, "priority_score": 0.0}}, {"type": "Feature", "geometry": {"type": "Polygon", "coordinates": [[[76.82526817901483, 30.65281166477495], [76.83048416386083, 30.65273829195423], [76.83056916126176, 30.657247834171944], [76.82535293454305, 30.657321220092133], [76.82526817901483, 30.65281166477495]]]}, "properties": {"grid_id": "cell_0817", "lst_mean": 38.98, "lst_max": 41.26, "frac_impervious": 0.5329, "frac_vegetation": 0.2759, "frac_bare_soil": 0.1632, "frac_water": 0.028, "ndvi_mean": 0.2274, "ndvi_std": 0.0501, "ndbi_mean": 0.0982, "building_density": 207.2, "building_height_mean": 10.4, "road_density": 1464.9, "park_area_frac": 0.0626, "tree_canopy_frac": 0.1772, "dist_to_water": 7464.0, "water_area_frac": 0.028, "air_temp_max": 44.0, "wind_speed_mean": 3.74, "solar_radiation": 310.5, "veg_imperv_ratio": 0.5082, "green_deficit": 0.6615, "thermal_mass_proxy": 2154.9, "cooling_potential": 224.8, "sky_view_factor": 0.8354, "tier": "cool", "delta_above_mean": -3.33, "priority_score": 0.0}}, {"type": "Feature", "geometry": {"type": "Polygon", "coordinates": [[[76.82535293454305, 30.657321220092133], [76.83056916126176, 30.657247834171944], [76.83065417784242, 30.661757373044544], [76.82543770919644, 30.661830772065393], [76.82535293454305, 30.657321220092133]]]}, "properties": {"grid_id": "cell_0818", "lst_mean": 40.96, "lst_max": 44.39, "frac_impervious": 0.5372, "frac_vegetation": 0.3202, "frac_bare_soil": 0.0999, "frac_water": 0.0427, "ndvi_mean": 0.2231, "ndvi_std": 0.0568, "ndbi_mean": 0.1672, "building_density": 195.6, "building_height_mean": 7.7, "road_density": 1421.7, "park_area_frac": 0.0872, "tree_canopy_frac": 0.156, "dist_to_water": 6896.4, "water_area_frac": 0.0427, "air_temp_max": 41.4, "wind_speed_mean": 2.94, "solar_radiation": 320.8, "veg_imperv_ratio": 0.5852, "green_deficit": 0.5926, "thermal_mass_proxy": 1506.1, "cooling_potential": 218.1, "sky_view_factor": 0.8782, "tier": "normal", "delta_above_mean": -1.35, "priority_score": 0.0}}, {"type": "Feature", "geometry": {"type": "Polygon", "coordinates": [[[76.82543770919644, 30.661830772065393], [76.83065417784242, 30.661757373044544], [76.83073921360649, 30.66626690857172], [76.82552250297871, 30.666340320694413], [76.82543770919644, 30.661830772065393]]]}, "properties": {"grid_id": "cell_0819", "lst_mean": 43.02, "lst_max": 46.27, "frac_impervious": 0.6007, "frac_vegetation": 0.2541, "frac_bare_soil": 0.1157, "frac_water": 0.0295, "ndvi_mean": 0.2556, "ndvi_std": 0.0432, "ndbi_mean": 0.2124, "building_density": 228.5, "building_height_mean": 13.0, "road_density": 1523.9, "park_area_frac": 0.0557, "tree_canopy_frac": 0.1725, "dist_to_water": 5972.8, "water_area_frac": 0.0295, "air_temp_max": 40.7, "wind_speed_mean": 1.98, "solar_radiation": 338.9, "veg_imperv_ratio": 0.4161, "green_deficit": 0.6902, "thermal_mass_proxy": 2970.5, "cooling_potential": 252.8, "sky_view_factor": 0.7943, "tier": "moderate", "delta_above_mean": 0.71, "priority_score": 0.4}}, {"type": "Feature", "geometry": {"type": "Polygon", "coordinates": [[[76.82552250297871, 30.666340320694413], [76.83073921360649, 30.66626690857172], [76.83082426855769, 30.670776440753116], [76.82560731589356, 30.67084986597885], [76.82552250297871, 30.666340320694413]]]}, "properties": {"grid_id": "cell_0820", "lst_mean": 40.33, "lst_max": 42.62, "frac_impervious": 0.6186, "frac_vegetation": 0.2606, "frac_bare_soil": 0.0868, "frac_water": 0.034, "ndvi_mean": 0.281, "ndvi_std": 0.0375, "ndbi_mean": 0.154, "building_density": 149.8, "building_height_mean": 7.6, "road_density": 1354.7, "park_area_frac": 0.0629, "tree_canopy_frac": 0.1482, "dist_to_water": 5322.8, "water_area_frac": 0.034, "air_temp_max": 40.1, "wind_speed_mean": 3.15, "solar_radiation": 303.0, "veg_imperv_ratio": 0.4146, "green_deficit": 0.6765, "thermal_mass_proxy": 1138.5, "cooling_potential": 224.0, "sky_view_factor": 0.8797, "tier": "normal", "delta_above_mean": -1.98, "priority_score": 0.0}}, {"type": "Feature", "geometry": {"type": "Polygon", "coordinates": [[[76.82560731589356, 30.67084986597885], [76.83082426855769, 30.670776440753116], [76.83090934269974, 30.675285969588437], [76.8256921479447, 30.675359407918396], [76.82560731589356, 30.67084986597885]]]}, "properties": {"grid_id": "cell_0821", "lst_mean": 42.77, "lst_max": 51.71, "frac_impervious": 0.6472, "frac_vegetation": 0.191, "frac_bare_soil": 0.1291, "frac_water": 0.0327, "ndvi_mean": 0.2456, "ndvi_std": 0.0349, "ndbi_mean": 0.1449, "building_density": 240.3, "building_height_mean": 16.6, "road_density": 1536.0, "park_area_frac": 0.0548, "tree_canopy_frac": 0.1349, "dist_to_water": 5397.6, "water_area_frac": 0.0327, "air_temp_max": 43.7, "wind_speed_mean": 2.9, "solar_radiation": 312.6, "veg_imperv_ratio": 0.2906, "green_deficit": 0.7542, "thermal_mass_proxy": 3989.0, "cooling_potential": 252.9, "sky_view_factor": 0.7373, "tier": "moderate", "delta_above_mean": 0.46, "priority_score": 0.3}}, {"type": "Feature", "geometry": {"type": "Polygon", "coordinates": [[[76.8256921479447, 30.675359407918396], [76.83090934269974, 30.675285969588437], [76.83099443603633, 30.679795495077354], [76.8257769991358, 30.679868946512737], [76.8256921479447, 30.675359407918396]]]}, "properties": {"grid_id": "cell_0822", "lst_mean": 41.46, "lst_max": 44.29, "frac_impervious": 0.6203, "frac_vegetation": 0.2253, "frac_bare_soil": 0.1311, "frac_water": 0.0233, "ndvi_mean": 0.2494, "ndvi_std": 0.0382, "ndbi_mean": 0.1128, "building_density": 287.2, "building_height_mean": 15.8, "road_density": 1597.6, "park_area_frac": 0.0814, "tree_canopy_frac": 0.148, "dist_to_water": 4454.6, "water_area_frac": 0.0233, "air_temp_max": 45.1, "wind_speed_mean": 2.33, "solar_radiation": 313.6, "veg_imperv_ratio": 0.3574, "green_deficit": 0.6933, "thermal_mass_proxy": 4537.8, "cooling_potential": 242.9, "sky_view_factor": 0.75, "tier": "normal", "delta_above_mean": -0.85, "priority_score": 0.0}}, {"type": "Feature", "geometry": {"type": "Polygon", "coordinates": [[[76.8257769991358, 30.679868946512737], [76.83099443603633, 30.679795495077354], [76.83107954857121, 30.684305017219543], [76.82586186947059, 30.68437848176152], [76.8257769991358, 30.679868946512737]]]}, "properties": {"grid_id": "cell_0823", "lst_mean": 42.85, "lst_max": 45.01, "frac_impervious": 0.6376, "frac_vegetation": 0.2108, "frac_bare_soil": 0.1275, "frac_water": 0.0241, "ndvi_mean": 0.1995, "ndvi_std": 0.0288, "ndbi_mean": 0.1691, "building_density": 192.8, "building_height_mean": 14.6, "road_density": 1317.1, "park_area_frac": 0.084, "tree_canopy_frac": 0.1179, "dist_to_water": 4386.1, "water_area_frac": 0.0241, "air_temp_max": 44.4, "wind_speed_mean": 3.26, "solar_radiation": 319.5, "veg_imperv_ratio": 0.3255, "green_deficit": 0.7052, "thermal_mass_proxy": 2814.9, "cooling_potential": 252.1, "sky_view_factor": 0.769, "tier": "moderate", "delta_above_mean": 0.54, "priority_score": 0.3}}, {"type": "Feature", "geometry": {"type": "Polygon", "coordinates": [[[76.82586186947059, 30.68437848176152], [76.83107954857121, 30.684305017219543], [76.83116468030806, 30.688814536014647], [76.82594675895277, 30.688888013664418], [76.82586186947059, 30.68437848176152]]]}, "properties": {"grid_id": "cell_0824", "lst_mean": 41.73, "lst_max": 43.92, "frac_impervious": 0.5909, "frac_vegetation": 0.2706, "frac_bare_soil": 0.1081, "frac_water": 0.0305, "ndvi_mean": 0.2243, "ndvi_std": 0.0474, "ndbi_mean": 0.1898, "building_density": 243.1, "building_height_mean": 11.6, "road_density": 1471.2, "park_area_frac": 0.0889, "tree_canopy_frac": 0.1607, "dist_to_water": 3590.9, "water_area_frac": 0.0305, "air_temp_max": 41.8, "wind_speed_mean": 2.46, "solar_radiation": 311.2, "veg_imperv_ratio": 0.4503, "green_deficit": 0.6405, "thermal_mass_proxy": 2820.0, "cooling_potential": 227.0, "sky_view_factor": 0.8165, "tier": "normal", "delta_above_mean": -0.58, "priority_score": 0.0}}, {"type": "Feature", "geometry": {"type": "Polygon", "coordinates": [[[76.82594675895277, 30.688888013664418], [76.83116468030806, 30.688814536014647], [76.8312498312506, 30.693324051462387], [76.82603166758604, 30.693397542221163], [76.82594675895277, 30.688888013664418]]]}, "properties": {"grid_id": "cell_0825", "lst_mean": 44.57, "lst_max": 47.88, "frac_impervious": 0.726, "frac_vegetation": 0.1519, "frac_bare_soil": 0.0996, "frac_water": 0.0224, "ndvi_mean": 0.1258, "ndvi_std": 0.0367, "ndbi_mean": 0.183, "building_density": 232.9, "building_height_mean": 16.8, "road_density": 1537.4, "park_area_frac": 0.051, "tree_canopy_frac": 0.0907, "dist_to_water": 3355.5, "water_area_frac": 0.0224, "air_temp_max": 45.7, "wind_speed_mean": 2.86, "solar_radiation": 305.8, "veg_imperv_ratio": 0.2064, "green_deficit": 0.7971, "thermal_mass_proxy": 3912.7, "cooling_potential": 259.3, "sky_view_factor": 0.7342, "tier": "moderate", "delta_above_mean": 2.26, "priority_score": 2.0}}, {"type": "Feature", "geometry": {"type": "Polygon", "coordinates": [[[76.82603166758604, 30.693397542221163], [76.8312498312506, 30.693324051462387], [76.83133500140256, 30.69783356356242], [76.82611659537409, 30.69790706743137], [76.82603166758604, 30.693397542221163]]]}, "properties": {"grid_id": "cell_0826", "lst_mean": 42.95, "lst_max": 50.75, "frac_impervious": 0.6802, "frac_vegetation": 0.1724, "frac_bare_soil": 0.1254, "frac_water": 0.0221, "ndvi_mean": 0.2473, "ndvi_std": 0.0492, "ndbi_mean": 0.1007, "building_density": 216.9, "building_height_mean": 17.4, "road_density": 1596.6, "park_area_frac": 0.064, "tree_canopy_frac": 0.1355, "dist_to_water": 2803.3, "water_area_frac": 0.0221, "air_temp_max": 46.8, "wind_speed_mean": 2.49, "solar_radiation": 313.0, "veg_imperv_ratio": 0.2498, "green_deficit": 0.7636, "thermal_mass_proxy": 3774.1, "cooling_potential": 259.0, "sky_view_factor": 0.7247, "tier": "moderate", "delta_above_mean": 0.64, "priority_score": 0.5}}, {"type": "Feature", "geometry": {"type": "Polygon", "coordinates": [[[76.82611659537409, 30.69790706743137], [76.83133500140256, 30.69783356356242], [76.83142019076767, 30.702343072314417], [76.82620154232066, 30.702416589294735], [76.82611659537409, 30.69790706743137]]]}, "properties": {"grid_id": "cell_0827", "lst_mean": 43.21, "lst_max": 46.48, "frac_impervious": 0.6327, "frac_vegetation": 0.2305, "frac_bare_soil": 0.1108, "frac_water": 0.026, "ndvi_mean": 0.2293, "ndvi_std": 0.051, "ndbi_mean": 0.1732, "building_density": 210.8, "building_height_mean": 13.7, "road_density": 1628.0, "park_area_frac": 0.0782, "tree_canopy_frac": 0.1155, "dist_to_water": 2105.2, "water_area_frac": 0.026, "air_temp_max": 44.2, "wind_speed_mean": 2.55, "solar_radiation": 347.3, "veg_imperv_ratio": 0.3586, "green_deficit": 0.6913, "thermal_mass_proxy": 2888.0, "cooling_potential": 267.2, "sky_view_factor": 0.7832, "tier": "moderate", "delta_above_mean": 0.9, "priority_score": 0.5}}, {"type": "Feature", "geometry": {"type": "Polygon", "coordinates": [[[76.82620154232066, 30.702416589294735], [76.83142019076767, 30.702343072314417], [76.83150539934961, 30.706852577718063], [76.82628650842943, 30.70692610781095], [76.82620154232066, 30.702416589294735]]]}, "properties": {"grid_id": "cell_0828", "lst_mean": 41.51, "lst_max": 47.98, "frac_impervious": 0.5791, "frac_vegetation": 0.2185, "frac_bare_soil": 0.132, "frac_water": 0.0704, "ndvi_mean": 0.1945, "ndvi_std": 0.0306, "ndbi_mean": 0.1612, "building_density": 243.1, "building_height_mean": 13.5, "road_density": 1737.7, "park_area_frac": 0.0564, "tree_canopy_frac": 0.1223, "dist_to_water": 1534.7, "water_area_frac": 0.0704, "air_temp_max": 45.6, "wind_speed_mean": 3.32, "solar_radiation": 316.0, "veg_imperv_ratio": 0.3709, "green_deficit": 0.7251, "thermal_mass_proxy": 3281.8, "cooling_potential": 247.0, "sky_view_factor": 0.7864, "tier": "normal", "delta_above_mean": -0.8, "priority_score": 0.0}}, {"type": "Feature", "geometry": {"type": "Polygon", "coordinates": [[[76.82628650842943, 30.70692610781095], [76.83150539934961, 30.706852577718063], [76.83159062715212, 30.711362079773032], [76.82637149370414, 30.71143562297968], [76.82628650842943, 30.70692610781095]]]}, "properties": {"grid_id": "cell_0829", "lst_mean": 40.2, "lst_max": 43.09, "frac_impervious": 0.5661, "frac_vegetation": 0.3109, "frac_bare_soil": 0.0982, "frac_water": 0.0249, "ndvi_mean": 0.2953, "ndvi_std": 0.0531, "ndbi_mean": 0.0789, "building_density": 210.7, "building_height_mean": 15.7, "road_density": 1622.7, "park_area_frac": 0.0733, "tree_canopy_frac": 0.1549, "dist_to_water": 1323.6, "water_area_frac": 0.0249, "air_temp_max": 44.8, "wind_speed_mean": 3.11, "solar_radiation": 278.9, "veg_imperv_ratio": 0.5397, "green_deficit": 0.6158, "thermal_mass_proxy": 3308.0, "cooling_potential": 192.2, "sky_view_factor": 0.7516, "tier": "normal", "delta_above_mean": -2.11, "priority_score": 0.0}}, {"type": "Feature", "geometry": {"type": "Polygon", "coordinates": [[[76.82637149370414, 30.71143562297968], [76.83159062715212, 30.711362079773032], [76.83167587417894, 30.715871578478993], [76.82645649814849, 30.715945134800585], [76.82637149370414, 30.71143562297968]]]}, "properties": {"grid_id": "cell_0830", "lst_mean": 42.3, "lst_max": 45.15, "frac_impervious": 0.5472, "frac_vegetation": 0.2646, "frac_bare_soil": 0.1491, "frac_water": 0.0391, "ndvi_mean": 0.2031, "ndvi_std": 0.0317, "ndbi_mean": 0.1242, "building_density": 202.3, "building_height_mean": 11.6, "road_density": 1606.2, "park_area_frac": 0.0558, "tree_canopy_frac": 0.1612, "dist_to_water": 568.0, "water_area_frac": 0.0391, "air_temp_max": 42.9, "wind_speed_mean": 2.15, "solar_radiation": 303.5, "veg_imperv_ratio": 0.4749, "green_deficit": 0.6796, "thermal_mass_proxy": 2346.7, "cooling_potential": 223.2, "sky_view_factor": 0.8165, "tier": "normal", "delta_above_mean": -0.01, "priority_score": 0.0}}, {"type": "Feature", "geometry": {"type": "Polygon", "coordinates": [[[76.82645649814849, 30.715945134800585], [76.83167587417894, 30.715871578478993], [76.83176114043376, 30.720381073835632], [76.82654152176617, 30.720454643273367], [76.82645649814849, 30.715945134800585]]]}, "properties": {"grid_id": "cell_0831", "lst_mean": 41.43, "lst_max": 44.47, "frac_impervious": 0.6106, "frac_vegetation": 0.1895, "frac_bare_soil": 0.1739, "frac_water": 0.026, "ndvi_mean": 0.207, "ndvi_std": 0.0421, "ndbi_mean": 0.1578, "building_density": 234.8, "building_height_mean": 12.0, "road_density": 1528.1, "park_area_frac": 0.0569, "tree_canopy_frac": 0.1013, "dist_to_water": 426.3, "water_area_frac": 0.1108, "air_temp_max": 42.4, "wind_speed_mean": 2.84, "solar_radiation": 312.6, "veg_imperv_ratio": 0.3053, "green_deficit": 0.7536, "thermal_mass_proxy": 2817.6, "cooling_potential": 253.4, "sky_view_factor": 0.8101, "tier": "normal", "delta_above_mean": -0.88, "priority_score": 0.0}}, {"type": "Feature", "geometry": {"type": "Polygon", "coordinates": [[[76.82654152176617, 30.720454643273367], [76.83176114043376, 30.720381073835632], [76.83184642592033, 30.724890565842617], [76.82662656456091, 30.724964148397692], [76.82654152176617, 30.720454643273367]]]}, "properties": {"grid_id": "cell_0832", "lst_mean": 40.42, "lst_max": 44.21, "frac_impervious": 0.6057, "frac_vegetation": 0.2151, "frac_bare_soil": 0.1446, "frac_water": 0.0346, "ndvi_mean": 0.2024, "ndvi_std": 0.032, "ndbi_mean": 0.1401, "building_density": 223.2, "building_height_mean": 16.9, "road_density": 1420.3, "park_area_frac": 0.0658, "tree_canopy_frac": 0.119, "dist_to_water": 131.0, "water_area_frac": 0.1124, "air_temp_max": 41.0, "wind_speed_mean": 3.59, "solar_radiation": 309.3, "veg_imperv_ratio": 0.3494, "green_deficit": 0.7191, "thermal_mass_proxy": 3772.1, "cooling_potential": 242.8, "sky_view_factor": 0.7326, "tier": "normal", "delta_above_mean": -1.89, "priority_score": 0.0}}, {"type": "Feature", "geometry": {"type": "Polygon", "coordinates": [[[76.82662656456091, 30.724964148397692], [76.83184642592033, 30.724890565842617], [76.83193173064237, 30.729400054499642], [76.82671162653642, 30.729473650173244], [76.82662656456091, 30.724964148397692]]]}, "properties": {"grid_id": "cell_0833", "lst_mean": 39.03, "lst_max": 41.72, "frac_impervious": 0.666, "frac_vegetation": 0.6598, "frac_bare_soil": 0.1323, "frac_water": 0.0324, "ndvi_mean": 0.424, "ndvi_std": 0.0233, "ndbi_mean": 0.1427, "building_density": 239.1, "building_height_mean": 16.4, "road_density": 1643.9, "park_area_frac": 0.3543, "tree_canopy_frac": 0.4255, "dist_to_water": 869.6, "water_area_frac": 0.0324, "air_temp_max": 42.8, "wind_speed_mean": 3.3, "solar_radiation": 292.6, "veg_imperv_ratio": 0.976, "green_deficit": 0.0, "thermal_mass_proxy": 3921.2, "cooling_potential": 99.5, "sky_view_factor": 0.7405, "tier": "cool", "delta_above_mean": -3.28, "priority_score": 0.0}}, {"type": "Feature", "geometry": {"type": "Polygon", "coordinates": [[[76.82671162653642, 30.729473650173244], [76.83193173064237, 30.729400054499642], [76.8320170546036, 30.73390953980636], [76.82679670769645, 30.733983148599677], [76.82671162653642, 30.729473650173244]]]}, "properties": {"grid_id": "cell_0834", "lst_mean": 44.01, "lst_max": 49.0, "frac_impervious": 0.6306, "frac_vegetation": 0.1999, "frac_bare_soil": 0.1294, "frac_water": 0.0401, "ndvi_mean": 0.198, "ndvi_std": 0.0388, "ndbi_mean": 0.1827, "building_density": 243.1, "building_height_mean": 16.4, "road_density": 1712.8, "park_area_frac": 0.054, "tree_canopy_frac": 0.1035, "dist_to_water": 1223.5, "water_area_frac": 0.0401, "air_temp_max": 43.3, "wind_speed_mean": 2.09, "solar_radiation": 316.3, "veg_imperv_ratio": 0.3121, "green_deficit": 0.7461, "thermal_mass_proxy": 3986.8, "cooling_potential": 253.1, "sky_view_factor": 0.7405, "tier": "moderate", "delta_above_mean": 1.7, "priority_score": 1.2}}, {"type": "Feature", "geometry": {"type": "Polygon", "coordinates": [[[76.82679670769645, 30.733983148599677], [76.8320170546036, 30.73390953980636], [76.83210239780774, 30.73841902176246], [76.82688180804466, 30.7384926436767], [76.82679670769645, 30.733983148599677]]]}, "properties": {"grid_id": "cell_0835", "lst_mean": 44.23, "lst_max": 46.27, "frac_impervious": 0.6783, "frac_vegetation": 0.1764, "frac_bare_soil": 0.1198, "frac_water": 0.0255, "ndvi_mean": 0.1447, "ndvi_std": 0.01, "ndbi_mean": 0.1592, "building_density": 251.2, "building_height_mean": 20.0, "road_density": 1684.6, "park_area_frac": 0.0545, "tree_canopy_frac": 0.1026, "dist_to_water": 1804.7, "water_area_frac": 0.0255, "air_temp_max": 43.4, "wind_speed_mean": 3.32, "solar_radiation": 320.6, "veg_imperv_ratio": 0.2563, "green_deficit": 0.7691, "thermal_mass_proxy": 5024.0, "cooling_potential": 264.0, "sky_view_factor": 0.6835, "tier": "moderate", "delta_above_mean": 1.92, "priority_score": 1.5}}, {"type": "Feature", "geometry": {"type": "Polygon", "coordinates": [[[76.82688180804466, 30.7384926436767], [76.83210239780774, 30.73841902176246], [76.83218776025855, 30.742928500367615], [76.8269669275848, 30.743002135403962], [76.82688180804466, 30.7384926436767]]]}, "properties": {"grid_id": "cell_0836", "lst_mean": 43.28, "lst_max": 46.15, "frac_impervious": 0.6466, "frac_vegetation": 0.213, "frac_bare_soil": 0.113, "frac_water": 0.0275, "ndvi_mean": 0.2088, "ndvi_std": 0.0195, "ndbi_mean": 0.1141, "building_density": 251.2, "building_height_mean": 18.4, "road_density": 1774.7, "park_area_frac": 0.0526, "tree_canopy_frac": 0.1186, "dist_to_water": 2165.4, "water_area_frac": 0.0275, "air_temp_max": 43.8, "wind_speed_mean": 2.87, "solar_radiation": 315.4, "veg_imperv_ratio": 0.3244, "green_deficit": 0.7344, "thermal_mass_proxy": 4622.1, "cooling_potential": 248.2, "sky_view_factor": 0.7089, "tier": "moderate", "delta_above_mean": 0.97, "priority_score": 0.6}}, {"type": "Feature", "geometry": {"type": "Polygon", "coordinates": [[[76.8269669275848, 30.743002135403962], [76.83218776025855, 30.742928500367615], [76.83227314195973, 30.747437975621512], [76.8270520663206, 30.74751162378116], [76.8269669275848, 30.743002135403962]]]}, "properties": {"grid_id": "cell_0837", "lst_mean": 41.61, "lst_max": 44.68, "frac_impervious": 0.6234, "frac_vegetation": 0.2168, "frac_bare_soil": 0.1286, "frac_water": 0.0311, "ndvi_mean": 0.2399, "ndvi_std": 0.0356, "ndbi_mean": 0.0879, "building_density": 224.0, "building_height_mean": 16.7, "road_density": 1625.5, "park_area_frac": 0.0589, "tree_canopy_frac": 0.1222, "dist_to_water": 2771.8, "water_area_frac": 0.0311, "air_temp_max": 39.9, "wind_speed_mean": 2.15, "solar_radiation": 325.6, "veg_imperv_ratio": 0.3423, "green_deficit": 0.7243, "thermal_mass_proxy": 3740.8, "cooling_potential": 255.0, "sky_view_factor": 0.7358, "tier": "normal", "delta_above_mean": -0.7, "priority_score": 0.0}}, {"type": "Feature", "geometry": {"type": "Polygon", "coordinates": [[[76.8270520663206, 30.74751162378116], [76.83227314195973, 30.747437975621512], [76.83235854291503, 30.751947447523804], [76.82713722425578, 30.752021108807963], [76.8270520663206, 30.74751162378116]]]}, "properties": {"grid_id": "cell_0838", "lst_mean": 43.87, "lst_max": 47.27, "frac_impervious": 0.6659, "frac_vegetation": 0.1933, "frac_bare_soil": 0.1162, "frac_water": 0.0247, "ndvi_mean": 0.1958, "ndvi_std": 0.0363, "ndbi_mean": 0.2042, "building_density": 227.8, "building_height_mean": 17.6, "road_density": 1610.3, "park_area_frac": 0.055, "tree_canopy_frac": 0.1714, "dist_to_water": 2797.1, "water_area_frac": 0.0247, "air_temp_max": 44.9, "wind_speed_mean": 2.59, "solar_radiation": 289.8, "veg_imperv_ratio": 0.286, "green_deficit": 0.7517, "thermal_mass_proxy": 4009.3, "cooling_potential": 233.8, "sky_view_factor": 0.7215, "tier": "moderate", "delta_above_mean": 1.56, "priority_score": 1.1}}, {"type": "Feature", "geometry": {"type": "Polygon", "coordinates": [[[76.82713722425578, 30.752021108807963], [76.83235854291503, 30.751947447523804], [76.83244396312816, 30.75645691607419], [76.82722240139402, 30.75653059048405], [76.82713722425578, 30.752021108807963]]]}, "properties": {"grid_id": "cell_0839", "lst_mean": 45.54, "lst_max": 48.03, "frac_impervious": 0.6489, "frac_vegetation": 0.1951, "frac_bare_soil": 0.1349, "frac_water": 0.0211, "ndvi_mean": 0.2208, "ndvi_std": 0.0319, "ndbi_mean": 0.1781, "building_density": 250.8, "building_height_mean": 12.6, "road_density": 1489.6, "park_area_frac": 0.0627, "tree_canopy_frac": 0.0823, "dist_to_water": 3648.9, "water_area_frac": 0.0211, "air_temp_max": 44.8, "wind_speed_mean": 2.87, "solar_radiation": 308.4, "veg_imperv_ratio": 0.2961, "green_deficit": 0.7422, "thermal_mass_proxy": 3160.1, "cooling_potential": 248.2, "sky_view_factor": 0.8006, "tier": "high", "delta_above_mean": 3.23, "priority_score": 2.2}}, {"type": "Feature", "geometry": {"type": "Polygon", "coordinates": [[[76.82722240139402, 30.75653059048405], [76.83244396312816, 30.75645691607419], [76.83252940260289, 30.760966381272343], [76.82730759773911, 30.76104006880909], [76.82722240139402, 30.75653059048405]]]}, "properties": {"grid_id": "cell_0840", "lst_mean": 42.28, "lst_max": 45.12, "frac_impervious": 0.5827, "frac_vegetation": 0.2945, "frac_bare_soil": 0.1018, "frac_water": 0.0209, "ndvi_mean": 0.2159, "ndvi_std": 0.0278, "ndbi_mean": 0.1357, "building_density": 211.1, "building_height_mean": 18.2, "road_density": 1457.8, "park_area_frac": 0.074, "tree_canopy_frac": 0.1896, "dist_to_water": 4196.0, "water_area_frac": 0.0209, "air_temp_max": 44.0, "wind_speed_mean": 2.1, "solar_radiation": 314.7, "veg_imperv_ratio": 0.4969, "green_deficit": 0.6315, "thermal_mass_proxy": 3842.0, "cooling_potential": 222.0, "sky_view_factor": 0.712, "tier": "normal", "delta_above_mean": -0.03, "priority_score": 0.0}}, {"type": "Feature", "geometry": {"type": "Polygon", "coordinates": [[[76.82730759773911, 30.76104006880909], [76.83252940260289, 30.760966381272343], [76.83261486134292, 30.765475843117926], [76.82739281329471, 30.765549543782768], [76.82730759773911, 30.76104006880909]]]}, "properties": {"grid_id": "cell_0841", "lst_mean": 44.82, "lst_max": 47.81, "frac_impervious": 0.6888, "frac_vegetation": 0.1972, "frac_bare_soil": 0.0948, "frac_water": 0.0193, "ndvi_mean": 0.1978, "ndvi_std": 0.0276, "ndbi_mean": 0.1623, "building_density": 253.2, "building_height_mean": 17.3, "road_density": 1612.5, "park_area_frac": 0.0634, "tree_canopy_frac": 0.1669, "dist_to_water": 4801.1, "water_area_frac": 0.0193, "air_temp_max": 41.8, "wind_speed_mean": 2.95, "solar_radiation": 316.0, "veg_imperv_ratio": 0.2822, "green_deficit": 0.7394, "thermal_mass_proxy": 4380.4, "cooling_potential": 253.7, "sky_view_factor": 0.7263, "tier": "high", "delta_above_mean": 2.51, "priority_score": 1.7}}, {"type": "Feature", "geometry": {"type": "Polygon", "coordinates": [[[76.82739281329471, 30.765549543782768], [76.83261486134292, 30.765475843117926], [76.83270033935202, 30.76998530161063], [76.82747804806459, 30.77005901540476], [76.82739281329471, 30.765549543782768]]]}, "properties": {"grid_id": "cell_0842", "lst_mean": 41.09, "lst_max": 44.83, "frac_impervious": 0.5618, "frac_vegetation": 0.3065, "frac_bare_soil": 0.0932, "frac_water": 0.0385, "ndvi_mean": 0.2345, "ndvi_std": 0.0484, "ndbi_mean": 0.1089, "building_density": 194.6, "building_height_mean": 11.7, "road_density": 1286.7, "park_area_frac": 0.086, "tree_canopy_frac": 0.2055, "dist_to_water": 5576.1, "water_area_frac": 0.0385, "air_temp_max": 43.5, "wind_speed_mean": 4.02, "solar_radiation": 298.0, "veg_imperv_ratio": 0.536, "green_deficit": 0.6075, "thermal_mass_proxy": 2276.8, "cooling_potential": 206.7, "sky_view_factor": 0.8149, "tier": "normal", "delta_above_mean": -1.22, "priority_score": 0.0}}, {"type": "Feature", "geometry": {"type": "Polygon", "coordinates": [[[76.82747804806459, 30.77005901540476], [76.83270033935202, 30.76998530161063], [76.83278583663389, 30.77449475675013], [76.82756330205245, 30.774568483674752], [76.82747804806459, 30.77005901540476]]]}, "properties": {"grid_id": "cell_0843", "lst_mean": 41.28, "lst_max": 45.51, "frac_impervious": 0.6274, "frac_vegetation": 0.2641, "frac_bare_soil": 0.0858, "frac_water": 0.0226, "ndvi_mean": 0.2545, "ndvi_std": 0.0469, "ndbi_mean": 0.1187, "building_density": 221.4, "building_height_mean": 15.3, "road_density": 1447.6, "park_area_frac": 0.0791, "tree_canopy_frac": 0.1594, "dist_to_water": 5679.9, "water_area_frac": 0.0226, "air_temp_max": 43.3, "wind_speed_mean": 3.37, "solar_radiation": 301.5, "veg_imperv_ratio": 0.4143, "green_deficit": 0.6568, "thermal_mass_proxy": 3387.4, "cooling_potential": 221.9, "sky_view_factor": 0.7579, "tier": "normal", "delta_above_mean": -1.03, "priority_score": 0.0}}, {"type": "Feature", "geometry": {"type": "Polygon", "coordinates": [[[76.82756330205245, 30.774568483674752], [76.83278583663389, 30.77449475675013], [76.8328713531923, 30.779004208536108], [76.82764857526205, 30.779077948592402], [76.82756330205245, 30.774568483674752]]]}, "properties": {"grid_id": "cell_0844", "lst_mean": 35.25, "lst_max": 39.25, "frac_impervious": 0.6301, "frac_vegetation": 0.5204, "frac_bare_soil": 0.097, "frac_water": 0.0216, "ndvi_mean": 0.5924, "ndvi_std": 0.0399, "ndbi_mean": 0.1391, "building_density": 199.6, "building_height_mean": 12.2, "road_density": 1393.0, "park_area_frac": 0.4237, "tree_canopy_frac": 0.2888, "dist_to_water": 6604.3, "water_area_frac": 0.0216, "air_temp_max": 43.9, "wind_speed_mean": 2.82, "solar_radiation": 286.6, "veg_imperv_ratio": 0.813, "green_deficit": 0.0559, "thermal_mass_proxy": 2435.1, "cooling_potential": 137.5, "sky_view_factor": 0.807, "tier": "cool", "delta_above_mean": -7.06, "priority_score": 0.0}}, {"type": "Feature", "geometry": {"type": "Polygon", "coordinates": [[[76.82764857526205, 30.779077948592402], [76.8328713531923, 30.779004208536108], [76.83295688903097, 30.78351365696823], [76.82773386769709, 30.783587410157395], [76.82764857526205, 30.779077948592402]]]}, "properties": {"grid_id": "cell_0845", "lst_mean": 42.5, "lst_max": 45.12, "frac_impervious": 0.5936, "frac_vegetation": 0.2411, "frac_bare_soil": 0.1338, "frac_water": 0.0315, "ndvi_mean": 0.2412, "ndvi_std": 0.0509, "ndbi_mean": 0.0738, "building_density": 189.4, "building_height_mean": 14.7, "road_density": 1438.8, "park_area_frac": 0.0557, "tree_canopy_frac": 0.1708, "dist_to_water": 6651.2, "water_area_frac": 0.0315, "air_temp_max": 45.5, "wind_speed_mean": 2.59, "solar_radiation": 325.0, "veg_imperv_ratio": 0.3994, "green_deficit": 0.7032, "thermal_mass_proxy": 2784.2, "cooling_potential": 246.6, "sky_view_factor": 0.7674, "tier": "moderate", "delta_above_mean": 0.19, "priority_score": 0.1}}, {"type": "Feature", "geometry": {"type": "Polygon", "coordinates": [[[76.82773386769709, 30.783587410157395], [76.83295688903097, 30.78351365696823], [76.83304244415366, 30.788023102046175], [76.82781917936131, 30.78809686836943], [76.82773386769709, 30.783587410157395]]]}, "properties": {"grid_id": "cell_0846", "lst_mean": 40.32, "lst_max": 53.58, "frac_impervious": 0.6192, "frac_vegetation": 0.251, "frac_bare_soil": 0.1071, "frac_water": 0.0227, "ndvi_mean": 0.2581, "ndvi_std": 0.0441, "ndbi_mean": 0.1256, "building_density": 167.0, "building_height_mean": 7.4, "road_density": 1264.2, "park_area_frac": 0.0978, "tree_canopy_frac": 0.1693, "dist_to_water": 7103.8, "water_area_frac": 0.0227, "air_temp_max": 42.8, "wind_speed_mean": 2.95, "solar_radiation": 282.2, "veg_imperv_ratio": 0.3989, "green_deficit": 0.6512, "thermal_mass_proxy": 1235.8, "cooling_potential": 211.4, "sky_view_factor": 0.8829, "tier": "normal", "delta_above_mean": -1.99, "priority_score": 0.0}}, {"type": "Feature", "geometry": {"type": "Polygon", "coordinates": [[[76.82781917936131, 30.78809686836943], [76.83304244415366, 30.788023102046175], [76.8331280185641, 30.792532543769624], [76.82790451025845, 30.792606323228142], [76.82781917936131, 30.78809686836943]]]}, "properties": {"grid_id": "cell_0847", "lst_mean": 43.49, "lst_max": 48.32, "frac_impervious": 0.6776, "frac_vegetation": 0.1462, "frac_bare_soil": 0.1485, "frac_water": 0.0276, "ndvi_mean": 0.1938, "ndvi_std": 0.0242, "ndbi_mean": 0.1617, "building_density": 208.6, "building_height_mean": 13.2, "road_density": 1606.5, "park_area_frac": 0.0537, "tree_canopy_frac": 0.0571, "dist_to_water": 7450.6, "water_area_frac": 0.0276, "air_temp_max": 43.8, "wind_speed_mean": 2.11, "solar_radiation": 294.9, "veg_imperv_ratio": 0.2126, "green_deficit": 0.8001, "thermal_mass_proxy": 2753.5, "cooling_potential": 251.8, "sky_view_factor": 0.7911, "tier": "moderate", "delta_above_mean": 1.18, "priority_score": 1.1}}, {"type": "Feature", "geometry": {"type": "Polygon", "coordinates": [[[76.82790451025845, 30.792606323228142], [76.8331280185641, 30.792532543769624], [76.83321361226604, 30.797041982138246], [76.82798986039224, 30.79711577473324], [76.82790451025845, 30.792606323228142]]]}, "properties": {"grid_id": "cell_0848", "lst_mean": 41.06, "lst_max": 43.51, "frac_impervious": 0.5536, "frac_vegetation": 0.2701, "frac_bare_soil": 0.1537, "frac_water": 0.0226, "ndvi_mean": 0.2432, "ndvi_std": 0.0388, "ndbi_mean": 0.1397, "building_density": 172.1, "building_height_mean": 11.9, "road_density": 1381.7, "park_area_frac": 0.0621, "tree_canopy_frac": 0.1556, "dist_to_water": 8450.8, "water_area_frac": 0.0226, "air_temp_max": 41.3, "wind_speed_mean": 2.7, "solar_radiation": 315.5, "veg_imperv_ratio": 0.4792, "green_deficit": 0.6678, "thermal_mass_proxy": 2048.0, "cooling_potential": 230.3, "sky_view_factor": 0.8117, "tier": "normal", "delta_above_mean": -1.25, "priority_score": 0.0}}, {"type": "Feature", "geometry": {"type": "Polygon", "coordinates": [[[76.82798986039224, 30.79711577473324], [76.83321361226604, 30.797041982138246], [76.83329922526322, 30.801551417151742], [76.8280752297664, 30.801625222884397], [76.82798986039224, 30.79711577473324]]]}, "properties": {"grid_id": "cell_0849", "lst_mean": 42.01, "lst_max": 44.34, "frac_impervious": 0.5621, "frac_vegetation": 0.3003, "frac_bare_soil": 0.0868, "frac_water": 0.0508, "ndvi_mean": 0.2202, "ndvi_std": 0.03, "ndbi_mean": 0.1236, "building_density": 179.7, "building_height_mean": 9.2, "road_density": 1249.8, "park_area_frac": 0.0597, "tree_canopy_frac": 0.1561, "dist_to_water": 8848.6, "water_area_frac": 0.0508, "air_temp_max": 44.0, "wind_speed_mean": 1.98, "solar_radiation": 316.1, "veg_imperv_ratio": 0.5249, "green_deficit": 0.64, "thermal_mass_proxy": 1653.2, "cooling_potential": 221.2, "sky_view_factor": 0.8544, "tier": "normal", "delta_above_mean": -0.3, "priority_score": 0.0}}, {"type": "Feature", "geometry": {"type": "Polygon", "coordinates": [[[76.83039918563588, 30.64822874639172], [76.8356149094914, 30.648155177560955], [76.8357001295308, 30.652664709987864], [76.83048416386083, 30.65273829195423], [76.83039918563588, 30.64822874639172]]]}, "properties": {"grid_id": "cell_0850", "lst_mean": 38.58, "lst_max": 41.14, "frac_impervious": 0.4917, "frac_vegetation": 0.2922, "frac_bare_soil": 0.1762, "frac_water": 0.04, "ndvi_mean": 0.246, "ndvi_std": 0.0423, "ndbi_mean": 0.1205, "building_density": 182.8, "building_height_mean": 9.1, "road_density": 1304.5, "park_area_frac": 0.0808, "tree_canopy_frac": 0.1181, "dist_to_water": 7852.2, "water_area_frac": 0.04, "air_temp_max": 43.4, "wind_speed_mean": 3.27, "solar_radiation": 284.5, "veg_imperv_ratio": 0.5824, "green_deficit": 0.627, "thermal_mass_proxy": 1663.5, "cooling_potential": 201.4, "sky_view_factor": 0.856, "tier": "cool", "delta_above_mean": -3.73, "priority_score": 0.0}}, {"type": "Feature", "geometry": {"type": "Polygon", "coordinates": [[[76.83048416386083, 30.65273829195423], [76.8357001295308, 30.652664709987864], [76.83578536880077, 30.657174239068787], [76.83056916126176, 30.657247834171944], [76.83048416386083, 30.65273829195423]]]}, "properties": {"grid_id": "cell_0851", "lst_mean": 42.61, "lst_max": 45.51, "frac_impervious": 0.5561, "frac_vegetation": 0.2275, "frac_bare_soil": 0.1763, "frac_water": 0.0402, "ndvi_mean": 0.1977, "ndvi_std": 0.0493, "ndbi_mean": 0.1629, "building_density": 159.1, "building_height_mean": 6.4, "road_density": 1319.9, "park_area_frac": 0.0777, "tree_canopy_frac": 0.1119, "dist_to_water": 7267.0, "water_area_frac": 0.0402, "air_temp_max": 42.8, "wind_speed_mean": 2.84, "solar_radiation": 320.3, "veg_imperv_ratio": 0.4019, "green_deficit": 0.6948, "thermal_mass_proxy": 1018.2, "cooling_potential": 247.4, "sky_view_factor": 0.8987, "tier": "moderate", "delta_above_mean": 0.3, "priority_score": 0.2}}, {"type": "Feature", "geometry": {"type": "Polygon", "coordinates": [[[76.83056916126176, 30.657247834171944], [76.83578536880077, 30.657174239068787], [76.83587062730497, 30.661683764803414], [76.83065417784242, 30.661757373044544], [76.83056916126176, 30.657247834171944]]]}, "properties": {"grid_id": "cell_0852", "lst_mean": 41.26, "lst_max": 46.11, "frac_impervious": 0.5662, "frac_vegetation": 0.2847, "frac_bare_soil": 0.1232, "frac_water": 0.0259, "ndvi_mean": 0.232, "ndvi_std": 0.0496, "ndbi_mean": 0.1582, "building_density": 153.6, "building_height_mean": 13.0, "road_density": 1285.7, "park_area_frac": 0.1465, "tree_canopy_frac": 0.1729, "dist_to_water": 6736.8, "water_area_frac": 0.0259, "air_temp_max": 40.9, "wind_speed_mean": 3.3, "solar_radiation": 311.3, "veg_imperv_ratio": 0.4941, "green_deficit": 0.5688, "thermal_mass_proxy": 1996.8, "cooling_potential": 222.7, "sky_view_factor": 0.7943, "tier": "normal", "delta_above_mean": -1.05, "priority_score": 0.0}}, {"type": "Feature", "geometry": {"type": "Polygon", "coordinates": [[[76.83065417784242, 30.661757373044544], [76.83587062730497, 30.661683764803414], [76.83595590504713, 30.66619328719141], [76.83073921360649, 30.66626690857172], [76.83065417784242, 30.661757373044544]]]}, "properties": {"grid_id": "cell_0853", "lst_mean": 41.9, "lst_max": 46.16, "frac_impervious": 0.5427, "frac_vegetation": 0.2876, "frac_bare_soil": 0.1383, "frac_water": 0.0314, "ndvi_mean": 0.2325, "ndvi_std": 0.057, "ndbi_mean": 0.1312, "building_density": 174.2, "building_height_mean": 14.7, "road_density": 1427.9, "park_area_frac": 0.0992, "tree_canopy_frac": 0.1841, "dist_to_water": 6293.5, "water_area_frac": 0.0314, "air_temp_max": 42.0, "wind_speed_mean": 2.84, "solar_radiation": 316.2, "veg_imperv_ratio": 0.5204, "green_deficit": 0.6132, "thermal_mass_proxy": 2560.7, "cooling_potential": 225.3, "sky_view_factor": 0.7674, "tier": "normal", "delta_above_mean": -0.41, "priority_score": 0.0}}, {"type": "Feature", "geometry": {"type": "Polygon", "coordinates": [[[76.83073921360649, 30.66626690857172], [76.83595590504713, 30.66619328719141], [76.83604120203098, 30.67070280623244], [76.83082426855769, 30.670776440753116], [76.83073921360649, 30.66626690857172]]]}, "properties": {"grid_id": "cell_0854", "lst_mean": 42.36, "lst_max": 47.22, "frac_impervious": 0.5924, "frac_vegetation": 0.2796, "frac_bare_soil": 0.1071, "frac_water": 0.0209, "ndvi_mean": 0.2104, "ndvi_std": 0.0393, "ndbi_mean": 0.1373, "building_density": 220.6, "building_height_mean": 12.7, "road_density": 1475.8, "park_area_frac": 0.0651, "tree_canopy_frac": 0.1613, "dist_to_water": 6165.2, "water_area_frac": 0.0209, "air_temp_max": 40.4, "wind_speed_mean": 2.22, "solar_radiation": 309.9, "veg_imperv_ratio": 0.4641, "green_deficit": 0.6553, "thermal_mass_proxy": 2801.6, "cooling_potential": 223.3, "sky_view_factor": 0.7991, "tier": "moderate", "delta_above_mean": 0.05, "priority_score": 0.0}}, {"type": "Feature", "geometry": {"type": "Polygon", "coordinates": [[[76.83082426855769, 30.670776440753116], [76.83604120203098, 30.67070280623244], [76.83612651826023, 30.675212321926196], [76.83090934269974, 30.675285969588437], [76.83082426855769, 30.670776440753116]]]}, "properties": {"grid_id": "cell_0855", "lst_mean": 41.27, "lst_max": 43.74, "frac_impervious": 0.5287, "frac_vegetation": 0.2872, "frac_bare_soil": 0.162, "frac_water": 0.022, "ndvi_mean": 0.1849, "ndvi_std": 0.0564, "ndbi_mean": 0.0821, "building_density": 213.3, "building_height_mean": 9.8, "road_density": 1380.8, "park_area_frac": 0.0672, "tree_canopy_frac": 0.1998, "dist_to_water": 5137.9, "water_area_frac": 0.022, "air_temp_max": 41.7, "wind_speed_mean": 3.0, "solar_radiation": 314.9, "veg_imperv_ratio": 0.5331, "green_deficit": 0.6456, "thermal_mass_proxy": 2090.3, "cooling_potential": 224.5, "sky_view_factor": 0.8449, "tier": "normal", "delta_above_mean": -1.04, "priority_score": 0.0}}, {"type": "Feature", "geometry": {"type": "Polygon", "coordinates": [[[76.83090934269974, 30.675285969588437], [76.83612651826023, 30.675212321926196], [76.83621185373862, 30.679721834272364], [76.83099443603633, 30.679795495077354], [76.83090934269974, 30.675285969588437]]]}, "properties": {"grid_id": "cell_0856", "lst_mean": 40.0, "lst_max": 43.35, "frac_impervious": 0.5618, "frac_vegetation": 0.3086, "frac_bare_soil": 0.109, "frac_water": 0.0207, "ndvi_mean": 0.2342, "ndvi_std": 0.0428, "ndbi_mean": 0.1469, "building_density": 211.5, "building_height_mean": 12.7, "road_density": 1268.8, "park_area_frac": 0.0649, "tree_canopy_frac": 0.2057, "dist_to_water": 5141.5, "water_area_frac": 0.0207, "air_temp_max": 43.8, "wind_speed_mean": 2.54, "solar_radiation": 314.6, "veg_imperv_ratio": 0.5397, "green_deficit": 0.6265, "thermal_mass_proxy": 2686.0, "cooling_potential": 217.5, "sky_view_factor": 0.7991, "tier": "cool", "delta_above_mean": -2.31, "priority_score": 0.0}}, {"type": "Feature", "geometry": {"type": "Polygon", "coordinates": [[[76.83099443603633, 30.679795495077354], [76.83621185373862, 30.679721834272364], [76.83629720846986, 30.6842313432706], [76.83107954857121, 30.684305017219543], [76.83099443603633, 30.679795495077354]]]}, "properties": {"grid_id": "cell_0857", "lst_mean": 42.34, "lst_max": 44.84, "frac_impervious": 0.6485, "frac_vegetation": 0.235, "frac_bare_soil": 0.0864, "frac_water": 0.0301, "ndvi_mean": 0.2233, "ndvi_std": 0.0535, "ndbi_mean": 0.2098, "building_density": 224.3, "building_height_mean": 17.0, "road_density": 1279.4, "park_area_frac": 0.058, "tree_canopy_frac": 0.1385, "dist_to_water": 4399.1, "water_area_frac": 0.0301, "air_temp_max": 43.8, "wind_speed_mean": 3.56, "solar_radiation": 317.7, "veg_imperv_ratio": 0.3569, "green_deficit": 0.707, "thermal_mass_proxy": 3813.1, "cooling_potential": 243.0, "sky_view_factor": 0.731, "tier": "moderate", "delta_above_mean": 0.03, "priority_score": 0.0}}, {"type": "Feature", "geometry": {"type": "Polygon", "coordinates": [[[76.83107954857121, 30.684305017219543], [76.83629720846986, 30.6842313432706], [76.83638258245766, 30.688740848920563], [76.83116468030806, 30.688814536014647], [76.83107954857121, 30.684305017219543]]]}, "properties": {"grid_id": "cell_0858", "lst_mean": 44.51, "lst_max": 46.68, "frac_impervious": 0.6423, "frac_vegetation": 0.1936, "frac_bare_soil": 0.1364, "frac_water": 0.0276, "ndvi_mean": 0.1563, "ndvi_std": 0.0353, "ndbi_mean": 0.1672, "building_density": 211.8, "building_height_mean": 13.8, "road_density": 1443.1, "park_area_frac": 0.0591, "tree_canopy_frac": 0.1111, "dist_to_water": 3799.7, "water_area_frac": 0.0276, "air_temp_max": 43.2, "wind_speed_mean": 2.38, "solar_radiation": 315.9, "veg_imperv_ratio": 0.2968, "green_deficit": 0.7473, "thermal_mass_proxy": 2922.8, "cooling_potential": 254.7, "sky_view_factor": 0.7816, "tier": "moderate", "delta_above_mean": 2.2, "priority_score": 1.5}}, {"type": "Feature", "geometry": {"type": "Polygon", "coordinates": [[[76.83116468030806, 30.688814536014647], [76.83638258245766, 30.688740848920563], [76.83646797570577, 30.69325035122197], [76.8312498312506, 30.693324051462387], [76.83116468030806, 30.688814536014647]]]}, "properties": {"grid_id": "cell_0859", "lst_mean": 43.58, "lst_max": 47.31, "frac_impervious": 0.626, "frac_vegetation": 0.206, "frac_bare_soil": 0.1387, "frac_water": 0.0293, "ndvi_mean": 0.2035, "ndvi_std": 0.0436, "ndbi_mean": 0.2079, "building_density": 254.9, "building_height_mean": 18.6, "road_density": 1426.9, "park_area_frac": 0.056, "tree_canopy_frac": 0.1312, "dist_to_water": 3335.6, "water_area_frac": 0.0293, "air_temp_max": 45.6, "wind_speed_mean": 2.42, "solar_radiation": 310.5, "veg_imperv_ratio": 0.3239, "green_deficit": 0.738, "thermal_mass_proxy": 4741.1, "cooling_potential": 246.5, "sky_view_factor": 0.7057, "tier": "moderate", "delta_above_mean": 1.27, "priority_score": 0.8}}, {"type": "Feature", "geometry": {"type": "Polygon", "coordinates": [[[76.8312498312506, 30.693324051462387], [76.83646797570577, 30.69325035122197], [76.83655338821792, 30.697759850174467], [76.83133500140256, 30.69783356356242], [76.8312498312506, 30.693324051462387]]]}, "properties": {"grid_id": "cell_0860", "lst_mean": 40.82, "lst_max": 43.05, "frac_impervious": 0.6142, "frac_vegetation": 0.2602, "frac_bare_soil": 0.1079, "frac_water": 0.0178, "ndvi_mean": 0.2871, "ndvi_std": 0.0556, "ndbi_mean": 0.0999, "building_density": 225.1, "building_height_mean": 12.1, "road_density": 1427.0, "park_area_frac": 0.056, "tree_canopy_frac": 0.1558, "dist_to_water": 2083.5, "water_area_frac": 0.0178, "air_temp_max": 43.8, "wind_speed_mean": 2.17, "solar_radiation": 308.4, "veg_imperv_ratio": 0.4169, "green_deficit": 0.6838, "thermal_mass_proxy": 2723.7, "cooling_potential": 228.2, "sky_view_factor": 0.8085, "tier": "normal", "delta_above_mean": -1.49, "priority_score": 0.0}}, {"type": "Feature", "geometry": {"type": "Polygon", "coordinates": [[[76.83133500140256, 30.69783356356242], [76.83655338821792, 30.697759850174467], [76.83663881999782, 30.702269345777736], [76.83142019076767, 30.702343072314417], [76.83133500140256, 30.69783356356242]]]}, "properties": {"grid_id": "cell_0861", "lst_mean": 40.74, "lst_max": 44.39, "frac_impervious": 0.5956, "frac_vegetation": 0.2625, "frac_bare_soil": 0.1143, "frac_water": 0.0276, "ndvi_mean": 0.2619, "ndvi_std": 0.0391, "ndbi_mean": 0.1036, "building_density": 209.3, "building_height_mean": 10.0, "road_density": 1375.9, "park_area_frac": 0.062, "tree_canopy_frac": 0.129, "dist_to_water": 2168.3, "water_area_frac": 0.0276, "air_temp_max": 42.1, "wind_speed_mean": 2.27, "solar_radiation": 313.0, "veg_imperv_ratio": 0.4335, "green_deficit": 0.6755, "thermal_mass_proxy": 2093.0, "cooling_potential": 230.8, "sky_view_factor": 0.8418, "tier": "normal", "delta_above_mean": -1.57, "priority_score": 0.0}}, {"type": "Feature", "geometry": {"type": "Polygon", "coordinates": [[[76.83142019076767, 30.702343072314417], [76.83663881999782, 30.702269345777736], [76.8367242710492, 30.706778838031465], [76.83150539934961, 30.706852577718063], [76.83142019076767, 30.702343072314417]]]}, "properties": {"grid_id": "cell_0862", "lst_mean": 43.0, "lst_max": 46.56, "frac_impervious": 0.6806, "frac_vegetation": 0.1828, "frac_bare_soil": 0.1059, "frac_water": 0.0307, "ndvi_mean": 0.2407, "ndvi_std": 0.0368, "ndbi_mean": 0.1979, "building_density": 239.3, "building_height_mean": 14.8, "road_density": 1695.0, "park_area_frac": 0.0572, "tree_canopy_frac": 0.1038, "dist_to_water": 1584.6, "water_area_frac": 0.0307, "air_temp_max": 42.7, "wind_speed_mean": 2.51, "solar_radiation": 325.1, "veg_imperv_ratio": 0.2647, "green_deficit": 0.76, "thermal_mass_proxy": 3541.6, "cooling_potential": 265.7, "sky_view_factor": 0.7658, "tier": "moderate", "delta_above_mean": 0.69, "priority_score": 0.5}}, {"type": "Feature", "geometry": {"type": "Polygon", "coordinates": [[[76.83150539934961, 30.706852577718063], [76.8367242710492, 30.706778838031465], [76.83680974137582, 30.711288326935318], [76.83159062715212, 30.711362079773032], [76.83150539934961, 30.706852577718063]]]}, "properties": {"grid_id": "cell_0863", "lst_mean": 44.77, "lst_max": 49.27, "frac_impervious": 0.6744, "frac_vegetation": 0.1767, "frac_bare_soil": 0.1243, "frac_water": 0.0246, "ndvi_mean": 0.2001, "ndvi_std": 0.047, "ndbi_mean": 0.1777, "building_density": 225.1, "building_height_mean": 18.9, "road_density": 1607.8, "park_area_frac": 0.1142, "tree_canopy_frac": 0.1193, "dist_to_water": 1639.2, "water_area_frac": 0.0246, "air_temp_max": 43.5, "wind_speed_mean": 1.83, "solar_radiation": 342.4, "veg_imperv_ratio": 0.2582, "green_deficit": 0.7091, "thermal_mass_proxy": 4254.4, "cooling_potential": 281.9, "sky_view_factor": 0.7009, "tier": "high", "delta_above_mean": 2.46, "priority_score": 1.9}}, {"type": "Feature", "geometry": {"type": "Polygon", "coordinates": [[[76.83159062715212, 30.711362079773032], [76.83680974137582, 30.711288326935318], [76.83689523098137, 30.715797812488965], [76.83167587417894, 30.715871578478993], [76.83159062715212, 30.711362079773032]]]}, "properties": {"grid_id": "cell_0864", "lst_mean": 40.41, "lst_max": 42.63, "frac_impervious": 0.5586, "frac_vegetation": 0.2869, "frac_bare_soil": 0.1235, "frac_water": 0.031, "ndvi_mean": 0.2785, "ndvi_std": 0.0416, "ndbi_mean": 0.1629, "building_density": 205.0, "building_height_mean": 14.3, "road_density": 1541.1, "park_area_frac": 0.0708, "tree_canopy_frac": 0.1984, "dist_to_water": 646.4, "water_area_frac": 0.031, "air_temp_max": 42.6, "wind_speed_mean": 2.58, "solar_radiation": 316.5, "veg_imperv_ratio": 0.5046, "green_deficit": 0.6423, "thermal_mass_proxy": 2931.5, "cooling_potential": 225.7, "sky_view_factor": 0.7737, "tier": "normal", "delta_above_mean": -1.9, "priority_score": 0.0}}, {"type": "Feature", "geometry": {"type": "Polygon", "coordinates": [[[76.83167587417894, 30.715871578478993], [76.83689523098137, 30.715797812488965], [76.83698073986962, 30.720307294692095], [76.83176114043376, 30.720381073835632], [76.83167587417894, 30.715871578478993]]]}, "properties": {"grid_id": "cell_0865", "lst_mean": 41.77, "lst_max": 46.06, "frac_impervious": 0.6176, "frac_vegetation": 0.2467, "frac_bare_soil": 0.1165, "frac_water": 0.0192, "ndvi_mean": 0.2016, "ndvi_std": 0.0265, "ndbi_mean": 0.1466, "building_density": 223.8, "building_height_mean": 14.3, "road_density": 1656.5, "park_area_frac": 0.1406, "tree_canopy_frac": 0.1672, "dist_to_water": 206.7, "water_area_frac": 0.1287, "air_temp_max": 44.8, "wind_speed_mean": 2.86, "solar_radiation": 315.8, "veg_imperv_ratio": 0.3931, "green_deficit": 0.6127, "thermal_mass_proxy": 3200.3, "cooling_potential": 237.9, "sky_view_factor": 0.7737, "tier": "normal", "delta_above_mean": -0.54, "priority_score": 0.0}}, {"type": "Feature", "geometry": {"type": "Polygon", "coordinates": [[[76.83176114043376, 30.720381073835632], [76.83698073986962, 30.720307294692095], [76.8370662680443, 30.72481677354438], [76.83184642592033, 30.724890565842617], [76.83176114043376, 30.720381073835632]]]}, "properties": {"grid_id": "cell_0866", "lst_mean": 41.15, "lst_max": 54.0, "frac_impervious": 0.5721, "frac_vegetation": 0.2896, "frac_bare_soil": 0.1032, "frac_water": 0.0351, "ndvi_mean": 0.2255, "ndvi_std": 0.0646, "ndbi_mean": 0.1028, "building_density": 236.6, "building_height_mean": 17.5, "road_density": 1523.1, "park_area_frac": 0.0606, "tree_canopy_frac": 0.1804, "dist_to_water": 280.1, "water_area_frac": 0.1124, "air_temp_max": 44.2, "wind_speed_mean": 2.35, "solar_radiation": 326.6, "veg_imperv_ratio": 0.4975, "green_deficit": 0.6498, "thermal_mass_proxy": 4140.5, "cooling_potential": 232.0, "sky_view_factor": 0.7231, "tier": "normal", "delta_above_mean": -1.16, "priority_score": 0.0}}, {"type": "Feature", "geometry": {"type": "Polygon", "coordinates": [[[76.83184642592033, 30.724890565842617], [76.8370662680443, 30.72481677354438], [76.83715181550912, 30.7293262490455], [76.83193173064237, 30.729400054499642], [76.83184642592033, 30.724890565842617]]]}, "properties": {"grid_id": "cell_0867", "lst_mean": 43.82, "lst_max": 48.68, "frac_impervious": 0.6395, "frac_vegetation": 0.1871, "frac_bare_soil": 0.1473, "frac_water": 0.0261, "ndvi_mean": 0.1114, "ndvi_std": 0.0303, "ndbi_mean": 0.1494, "building_density": 275.3, "building_height_mean": 18.5, "road_density": 1772.4, "park_area_frac": 0.0633, "tree_canopy_frac": 0.1414, "dist_to_water": 530.0, "water_area_frac": 0.0261, "air_temp_max": 43.1, "wind_speed_mean": 1.45, "solar_radiation": 318.5, "veg_imperv_ratio": 0.2881, "green_deficit": 0.7496, "thermal_mass_proxy": 5093.0, "cooling_potential": 258.9, "sky_view_factor": 0.7073, "tier": "moderate", "delta_above_mean": 1.51, "priority_score": 1.1}}, {"type": "Feature", "geometry": {"type": "Polygon", "coordinates": [[[76.83193173064237, 30.729400054499642], [76.83715181550912, 30.7293262490455], [76.83723738226783, 30.733835721195113], [76.8320170546036, 30.73390953980636], [76.83193173064237, 30.729400054499642]]]}, "properties": {"grid_id": "cell_0868", "lst_mean": 44.22, "lst_max": 48.31, "frac_impervious": 0.6833, "frac_vegetation": 0.2092, "frac_bare_soil": 0.0863, "frac_water": 0.0212, "ndvi_mean": 0.2402, "ndvi_std": 0.0383, "ndbi_mean": 0.1273, "building_density": 243.2, "building_height_mean": 13.6, "road_density": 1521.4, "park_area_frac": 0.0583, "tree_canopy_frac": 0.134, "dist_to_water": 1181.3, "water_area_frac": 0.0212, "air_temp_max": 43.3, "wind_speed_mean": 3.19, "solar_radiation": 295.7, "veg_imperv_ratio": 0.3017, "green_deficit": 0.7325, "thermal_mass_proxy": 3307.5, "cooling_potential": 233.8, "sky_view_factor": 0.7848, "tier": "moderate", "delta_above_mean": 1.91, "priority_score": 1.2}}, {"type": "Feature", "geometry": {"type": "Polygon", "coordinates": [[[76.8320170546036, 30.73390953980636], [76.83723738226783, 30.733835721195113], [76.83732296832417, 30.738345189992913], [76.83210239780774, 30.73841902176246], [76.8320170546036, 30.73390953980636]]]}, "properties": {"grid_id": "cell_0869", "lst_mean": 44.35, "lst_max": 47.98, "frac_impervious": 0.701, "frac_vegetation": 0.1344, "frac_bare_soil": 0.1408, "frac_water": 0.0238, "ndvi_mean": 0.2134, "ndvi_std": 0.0423, "ndbi_mean": 0.1466, "building_density": 284.8, "building_height_mean": 18.0, "road_density": 2019.7, "park_area_frac": 0.0519, "tree_canopy_frac": 0.0789, "dist_to_water": 1958.7, "water_area_frac": 0.0238, "air_temp_max": 45.1, "wind_speed_mean": 2.53, "solar_radiation": 303.6, "veg_imperv_ratio": 0.189, "green_deficit": 0.8137, "thermal_mass_proxy": 5126.4, "cooling_potential": 262.8, "sky_view_factor": 0.7152, "tier": "moderate", "delta_above_mean": 2.04, "priority_score": 2.0}}, {"type": "Feature", "geometry": {"type": "Polygon", "coordinates": [[[76.83210239780774, 30.73841902176246], [76.83732296832417, 30.738345189992913], [76.8374085736819, 30.742854655438578], [76.83218776025855, 30.742928500367615], [76.83210239780774, 30.73841902176246]]]}, "properties": {"grid_id": "cell_0870", "lst_mean": 43.7, "lst_max": 46.52, "frac_impervious": 0.599, "frac_vegetation": 0.2364, "frac_bare_soil": 0.1395, "frac_water": 0.0251, "ndvi_mean": 0.2016, "ndvi_std": 0.0328, "ndbi_mean": 0.1688, "building_density": 218.3, "building_height_mean": 16.5, "road_density": 1539.2, "park_area_frac": 0.0555, "tree_canopy_frac": 0.1714, "dist_to_water": 1870.9, "water_area_frac": 0.0251, "air_temp_max": 45.0, "wind_speed_mean": 2.76, "solar_radiation": 338.0, "veg_imperv_ratio": 0.3882, "green_deficit": 0.7081, "thermal_mass_proxy": 3602.0, "cooling_potential": 258.1, "sky_view_factor": 0.7389, "tier": "moderate", "delta_above_mean": 1.39, "priority_score": 0.8}}, {"type": "Feature", "geometry": {"type": "Polygon", "coordinates": [[[76.83218776025855, 30.742928500367615], [76.8374085736819, 30.742854655438578], [76.83749419834474, 30.747364117531767], [76.83227314195973, 30.747437975621512], [76.83218776025855, 30.742928500367615]]]}, "properties": {"grid_id": "cell_0871", "lst_mean": 42.38, "lst_max": 46.35, "frac_impervious": 0.6211, "frac_vegetation": 0.1898, "frac_bare_soil": 0.151, "frac_water": 0.0382, "ndvi_mean": 0.1873, "ndvi_std": 0.0251, "ndbi_mean": 0.1746, "building_density": 209.5, "building_height_mean": 12.7, "road_density": 1519.7, "park_area_frac": 0.1119, "tree_canopy_frac": 0.1283, "dist_to_water": 2861.6, "water_area_frac": 0.0382, "air_temp_max": 40.5, "wind_speed_mean": 2.58, "solar_radiation": 301.7, "veg_imperv_ratio": 0.3007, "green_deficit": 0.6983, "thermal_mass_proxy": 2660.6, "cooling_potential": 244.4, "sky_view_factor": 0.7991, "tier": "moderate", "delta_above_mean": 0.07, "priority_score": 0.0}}, {"type": "Feature", "geometry": {"type": "Polygon", "coordinates": [[[76.83227314195973, 30.747437975621512], [76.83749419834474, 30.747364117531767], [76.83757984231643, 30.75187357627218], [76.83235854291503, 30.751947447523804], [76.83227314195973, 30.747437975621512]]]}, "properties": {"grid_id": "cell_0872", "lst_mean": 41.87, "lst_max": 45.8, "frac_impervious": 0.6016, "frac_vegetation": 0.2458, "frac_bare_soil": 0.1281, "frac_water": 0.0245, "ndvi_mean": 0.2003, "ndvi_std": 0.0422, "ndbi_mean": 0.1515, "building_density": 178.0, "building_height_mean": 10.9, "road_density": 1241.2, "park_area_frac": 0.142, "tree_canopy_frac": 0.1735, "dist_to_water": 3121.0, "water_area_frac": 0.0245, "air_temp_max": 42.8, "wind_speed_mean": 3.18, "solar_radiation": 318.7, "veg_imperv_ratio": 0.4019, "green_deficit": 0.6122, "thermal_mass_proxy": 1940.2, "cooling_potential": 240.4, "sky_view_factor": 0.8275, "tier": "normal", "delta_above_mean": -0.44, "priority_score": 0.0}}, {"type": "Feature", "geometry": {"type": "Polygon", "coordinates": [[[76.83235854291503, 30.751947447523804], [76.83757984231643, 30.75187357627218], [76.83766550560073, 30.756383031659464], [76.83244396312816, 30.75645691607419], [76.83235854291503, 30.751947447523804]]]}, "properties": {"grid_id": "cell_0873", "lst_mean": 41.9, "lst_max": 45.4, "frac_impervious": 0.6514, "frac_vegetation": 0.2008, "frac_bare_soil": 0.1241, "frac_water": 0.0237, "ndvi_mean": 0.2119, "ndvi_std": 0.0181, "ndbi_mean": 0.1089, "building_density": 196.5, "building_height_mean": 15.2, "road_density": 1469.3, "park_area_frac": 0.0554, "tree_canopy_frac": 0.0967, "dist_to_water": 4063.3, "water_area_frac": 0.0237, "air_temp_max": 43.3, "wind_speed_mean": 3.19, "solar_radiation": 297.1, "veg_imperv_ratio": 0.3036, "green_deficit": 0.7438, "thermal_mass_proxy": 2986.8, "cooling_potential": 237.4, "sky_view_factor": 0.7595, "tier": "normal", "delta_above_mean": -0.41, "priority_score": 0.0}}, {"type": "Feature", "geometry": {"type": "Polygon", "coordinates": [[[76.83244396312816, 30.75645691607419], [76.83766550560073, 30.756383031659464], [76.83775118820135, 30.760892483693333], [76.83252940260289, 30.760966381272343], [76.83244396312816, 30.75645691607419]]]}, "properties": {"grid_id": "cell_0874", "lst_mean": 42.12, "lst_max": 46.5, "frac_impervious": 0.6017, "frac_vegetation": 0.2006, "frac_bare_soil": 0.159, "frac_water": 0.0387, "ndvi_mean": 0.234, "ndvi_std": 0.0332, "ndbi_mean": 0.1299, "building_density": 229.0, "building_height_mean": 11.4, "road_density": 1545.7, "park_area_frac": 0.0568, "tree_canopy_frac": 0.1031, "dist_to_water": 4384.3, "water_area_frac": 0.0387, "air_temp_max": 44.1, "wind_speed_mean": 3.2, "solar_radiation": 331.2, "veg_imperv_ratio": 0.3279, "green_deficit": 0.7426, "thermal_mass_proxy": 2610.6, "cooling_potential": 264.8, "sky_view_factor": 0.8196, "tier": "normal", "delta_above_mean": -0.19, "priority_score": 0.0}}, {"type": "Feature", "geometry": {"type": "Polygon", "coordinates": [[[76.83252940260289, 30.760966381272343], [76.83775118820135, 30.760892483693333], [76.83783689012208, 30.765401932373425], [76.83261486134292, 30.765475843117926], [76.83252940260289, 30.760966381272343]]]}, "properties": {"grid_id": "cell_0875", "lst_mean": 44.29, "lst_max": 47.18, "frac_impervious": 0.7112, "frac_vegetation": 0.1745, "frac_bare_soil": 0.0833, "frac_water": 0.0311, "ndvi_mean": 0.1349, "ndvi_std": 0.0364, "ndbi_mean": 0.1477, "building_density": 242.3, "building_height_mean": 16.1, "road_density": 1672.4, "park_area_frac": 0.0614, "tree_canopy_frac": 0.0883, "dist_to_water": 4503.3, "water_area_frac": 0.0311, "air_temp_max": 43.9, "wind_speed_mean": 2.65, "solar_radiation": 306.1, "veg_imperv_ratio": 0.242, "green_deficit": 0.7641, "thermal_mass_proxy": 3901.0, "cooling_potential": 252.7, "sky_view_factor": 0.7453, "tier": "moderate", "delta_above_mean": 1.98, "priority_score": 1.5}}, {"type": "Feature", "geometry": {"type": "Polygon", "coordinates": [[[76.83261486134292, 30.765475843117926], [76.83783689012208, 30.765401932373425], [76.83792261136664, 30.769911377699437], [76.83270033935202, 30.76998530161063], [76.83261486134292, 30.765475843117926]]]}, "properties": {"grid_id": "cell_0876", "lst_mean": 38.85, "lst_max": 41.04, "frac_impervious": 0.6434, "frac_vegetation": 0.5391, "frac_bare_soil": 0.1094, "frac_water": 0.0259, "ndvi_mean": 0.6761, "ndvi_std": 0.035, "ndbi_mean": 0.1926, "building_density": 222.4, "building_height_mean": 13.0, "road_density": 1367.1, "park_area_frac": 0.3053, "tree_canopy_frac": 0.3271, "dist_to_water": 5226.0, "water_area_frac": 0.0259, "air_temp_max": 43.7, "wind_speed_mean": 2.09, "solar_radiation": 299.7, "veg_imperv_ratio": 0.8251, "green_deficit": 0.1556, "thermal_mass_proxy": 2891.2, "cooling_potential": 138.1, "sky_view_factor": 0.7943, "tier": "cool", "delta_above_mean": -3.46, "priority_score": 0.0}}, {"type": "Feature", "geometry": {"type": "Polygon", "coordinates": [[[76.83270033935202, 30.76998530161063], [76.83792261136664, 30.769911377699437], [76.83800835193878, 30.77442081967105], [76.83278583663389, 30.77449475675013], [76.83270033935202, 30.76998530161063]]]}, "properties": {"grid_id": "cell_0877", "lst_mean": 41.33, "lst_max": 44.56, "frac_impervious": 0.5894, "frac_vegetation": 0.2424, "frac_bare_soil": 0.1385, "frac_water": 0.0297, "ndvi_mean": 0.2129, "ndvi_std": 0.024, "ndbi_mean": 0.1183, "building_density": 214.1, "building_height_mean": 11.9, "road_density": 1375.2, "park_area_frac": 0.0636, "tree_canopy_frac": 0.1819, "dist_to_water": 5902.0, "water_area_frac": 0.0297, "air_temp_max": 42.8, "wind_speed_mean": 2.93, "solar_radiation": 306.9, "veg_imperv_ratio": 0.4044, "green_deficit": 0.694, "thermal_mass_proxy": 2547.8, "cooling_potential": 232.5, "sky_view_factor": 0.8117, "tier": "normal", "delta_above_mean": -0.98, "priority_score": 0.0}}, {"type": "Feature", "geometry": {"type": "Polygon", "coordinates": [[[76.83278583663389, 30.77449475675013], [76.83800835193878, 30.77442081967105], [76.83809411184227, 30.77893025828792], [76.8328713531923, 30.779004208536108], [76.83278583663389, 30.77449475675013]]]}, "properties": {"grid_id": "cell_0878", "lst_mean": 42.03, "lst_max": 44.5, "frac_impervious": 0.6122, "frac_vegetation": 0.2062, "frac_bare_soil": 0.1612, "frac_water": 0.0204, "ndvi_mean": 0.2065, "ndvi_std": 0.0524, "ndbi_mean": 0.1123, "building_density": 195.5, "building_height_mean": 13.8, "road_density": 1530.3, "park_area_frac": 0.0584, "tree_canopy_frac": 0.1009, "dist_to_water": 6252.4, "water_area_frac": 0.0204, "air_temp_max": 41.8, "wind_speed_mean": 2.92, "solar_radiation": 319.3, "veg_imperv_ratio": 0.3314, "green_deficit": 0.7354, "thermal_mass_proxy": 2697.9, "cooling_potential": 253.5, "sky_view_factor": 0.7816, "tier": "normal", "delta_above_mean": -0.28, "priority_score": 0.0}}, {"type": "Feature", "geometry": {"type": "Polygon", "coordinates": [[[76.8328713531923, 30.779004208536108], [76.83809411184227, 30.77893025828792], [76.83817989108083, 30.783439693549756], [76.83295688903097, 30.78351365696823], [76.8328713531923, 30.779004208536108]]]}, "properties": {"grid_id": "cell_0879", "lst_mean": 40.08, "lst_max": 42.8, "frac_impervious": 0.5512, "frac_vegetation": 0.2706, "frac_bare_soil": 0.1479, "frac_water": 0.0303, "ndvi_mean": 0.2491, "ndvi_std": 0.0427, "ndbi_mean": 0.1214, "building_density": 259.2, "building_height_mean": 12.6, "road_density": 1511.5, "park_area_frac": 0.066, "tree_canopy_frac": 0.1805, "dist_to_water": 6844.3, "water_area_frac": 0.0303, "air_temp_max": 44.4, "wind_speed_mean": 2.42, "solar_radiation": 311.7, "veg_imperv_ratio": 0.4822, "green_deficit": 0.6634, "thermal_mass_proxy": 3265.9, "cooling_potential": 227.4, "sky_view_factor": 0.8006, "tier": "normal", "delta_above_mean": -2.23, "priority_score": 0.0}}, {"type": "Feature", "geometry": {"type": "Polygon", "coordinates": [[[76.83295688903097, 30.78351365696823], [76.83817989108083, 30.783439693549756], [76.83826568965824, 30.78794912545621], [76.83304244415366, 30.788023102046175], [76.83295688903097, 30.78351365696823]]]}, "properties": {"grid_id": "cell_0880", "lst_mean": 44.91, "lst_max": 46.93, "frac_impervious": 0.7023, "frac_vegetation": 0.1733, "frac_bare_soil": 0.1, "frac_water": 0.0244, "ndvi_mean": 0.181, "ndvi_std": 0.0482, "ndbi_mean": 0.1617, "building_density": 230.0, "building_height_mean": 18.3, "road_density": 1766.6, "park_area_frac": 0.0581, "tree_canopy_frac": 0.0799, "dist_to_water": 7313.4, "water_area_frac": 0.0244, "air_temp_max": 44.8, "wind_speed_mean": 2.19, "solar_radiation": 326.7, "veg_imperv_ratio": 0.2433, "green_deficit": 0.7686, "thermal_mass_proxy": 4209.0, "cooling_potential": 270.1, "sky_view_factor": 0.7104, "tier": "high", "delta_above_mean": 2.6, "priority_score": 2.0}}, {"type": "Feature", "geometry": {"type": "Polygon", "coordinates": [[[76.83304244415366, 30.788023102046175], [76.83826568965824, 30.78794912545621], [76.83835150757824, 30.79245855400696], [76.8331280185641, 30.792532543769624], [76.83304244415366, 30.788023102046175]]]}, "properties": {"grid_id": "cell_0881", "lst_mean": 36.87, "lst_max": 39.59, "frac_impervious": 0.5615, "frac_vegetation": 0.558, "frac_bare_soil": 0.1228, "frac_water": 0.0668, "ndvi_mean": 0.5398, "ndvi_std": 0.0373, "ndbi_mean": 0.1691, "building_density": 204.8, "building_height_mean": 10.0, "road_density": 1224.1, "park_area_frac": 0.3795, "tree_canopy_frac": 0.3771, "dist_to_water": 7992.6, "water_area_frac": 0.0668, "air_temp_max": 43.7, "wind_speed_mean": 3.19, "solar_radiation": 307.5, "veg_imperv_ratio": 0.9764, "green_deficit": 0.0625, "thermal_mass_proxy": 2048.0, "cooling_potential": 135.9, "sky_view_factor": 0.8418, "tier": "cool", "delta_above_mean": -5.44, "priority_score": 0.0}}, {"type": "Feature", "geometry": {"type": "Polygon", "coordinates": [[[76.8331280185641, 30.792532543769624], [76.83835150757824, 30.79245855400696], [76.83843734484459, 30.796967979201685], [76.83321361226604, 30.797041982138246], [76.8331280185641, 30.792532543769624]]]}, "properties": {"grid_id": "cell_0882", "lst_mean": 41.77, "lst_max": 46.25, "frac_impervious": 0.516, "frac_vegetation": 0.326, "frac_bare_soil": 0.131, "frac_water": 0.027, "ndvi_mean": 0.2566, "ndvi_std": 0.0373, "ndbi_mean": 0.0844, "building_density": 169.6, "building_height_mean": 11.2, "road_density": 1207.5, "park_area_frac": 0.061, "tree_canopy_frac": 0.1637, "dist_to_water": 8409.1, "water_area_frac": 0.027, "air_temp_max": 43.9, "wind_speed_mean": 2.91, "solar_radiation": 311.2, "veg_imperv_ratio": 0.6198, "green_deficit": 0.613, "thermal_mass_proxy": 1899.5, "cooling_potential": 209.7, "sky_view_factor": 0.8228, "tier": "normal", "delta_above_mean": -0.54, "priority_score": 0.0}}, {"type": "Feature", "geometry": {"type": "Polygon", "coordinates": [[[76.83321361226604, 30.797041982138246], [76.83843734484459, 30.796967979201685], [76.83852320146103, 30.801477401040078], [76.83329922526322, 30.801551417151742], [76.83321361226604, 30.797041982138246]]]}, "properties": {"grid_id": "cell_0883", "lst_mean": 42.29, "lst_max": 45.47, "frac_impervious": 0.6013, "frac_vegetation": 0.2448, "frac_bare_soil": 0.1259, "frac_water": 0.028, "ndvi_mean": 0.2515, "ndvi_std": 0.0423, "ndbi_mean": 0.0986, "building_density": 210.4, "building_height_mean": 13.1, "road_density": 1456.0, "park_area_frac": 0.0677, "tree_canopy_frac": 0.1617, "dist_to_water": 8813.6, "water_area_frac": 0.028, "air_temp_max": 41.5, "wind_speed_mean": 2.63, "solar_radiation": 320.0, "veg_imperv_ratio": 0.4005, "green_deficit": 0.6875, "thermal_mass_proxy": 2756.2, "cooling_potential": 241.7, "sky_view_factor": 0.7927, "tier": "normal", "delta_above_mean": -0.02, "priority_score": 0.0}}, {"type": "Feature", "geometry": {"type": "Polygon", "coordinates": [[[76.8356149094914, 30.648155177560955], [76.84083061412008, 30.648081399624573], [76.84091607597028, 30.65259091887857], [76.8357001295308, 30.652664709987864], [76.8356149094914, 30.648155177560955]]]}, "properties": {"grid_id": "cell_0884", "lst_mean": 38.89, "lst_max": 40.9, "frac_impervious": 0.5335, "frac_vegetation": 0.2527, "frac_bare_soil": 0.1841, "frac_water": 0.0296, "ndvi_mean": 0.2389, "ndvi_std": 0.0381, "ndbi_mean": 0.0488, "building_density": 198.0, "building_height_mean": 8.8, "road_density": 1100.9, "park_area_frac": 0.1405, "tree_canopy_frac": 0.1692, "dist_to_water": 7754.5, "water_area_frac": 0.0296, "air_temp_max": 41.9, "wind_speed_mean": 3.77, "solar_radiation": 320.4, "veg_imperv_ratio": 0.4649, "green_deficit": 0.6068, "thermal_mass_proxy": 1742.4, "cooling_potential": 239.4, "sky_view_factor": 0.8608, "tier": "cool", "delta_above_mean": -3.42, "priority_score": 0.0}}, {"type": "Feature", "geometry": {"type": "Polygon", "coordinates": [[[76.8357001295308, 30.652664709987864], [76.84091607597028, 30.65259091887857], [76.84100155710553, 30.657100434785384], [76.83578536880077, 30.657174239068787], [76.8357001295308, 30.652664709987864]]]}, "properties": {"grid_id": "cell_0885", "lst_mean": 39.71, "lst_max": 42.66, "frac_impervious": 0.6069, "frac_vegetation": 0.246, "frac_bare_soil": 0.1011, "frac_water": 0.0461, "ndvi_mean": 0.2296, "ndvi_std": 0.0279, "ndbi_mean": 0.1418, "building_density": 205.3, "building_height_mean": 8.0, "road_density": 1286.4, "park_area_frac": 0.0638, "tree_canopy_frac": 0.16, "dist_to_water": 7032.3, "water_area_frac": 0.0461, "air_temp_max": 44.7, "wind_speed_mean": 3.13, "solar_radiation": 304.2, "veg_imperv_ratio": 0.3988, "green_deficit": 0.6902, "thermal_mass_proxy": 1642.4, "cooling_potential": 229.4, "sky_view_factor": 0.8734, "tier": "cool", "delta_above_mean": -2.6, "priority_score": 0.0}}, {"type": "Feature", "geometry": {"type": "Polygon", "coordinates": [[[76.83578536880077, 30.657174239068787], [76.84100155710553, 30.657100434785384], [76.84108705752956, 30.6616099473447], [76.83587062730497, 30.661683764803414], [76.83578536880077, 30.657174239068787]]]}, "properties": {"grid_id": "cell_0886", "lst_mean": 39.81, "lst_max": 42.33, "frac_impervious": 0.5102, "frac_vegetation": 0.2821, "frac_bare_soil": 0.175, "frac_water": 0.0328, "ndvi_mean": 0.2029, "ndvi_std": 0.0573, "ndbi_mean": 0.0872, "building_density": 139.4, "building_height_mean": 11.4, "road_density": 1419.5, "park_area_frac": 0.0996, "tree_canopy_frac": 0.1517, "dist_to_water": 7040.3, "water_area_frac": 0.0328, "air_temp_max": 43.3, "wind_speed_mean": 3.11, "solar_radiation": 301.6, "veg_imperv_ratio": 0.5423, "green_deficit": 0.6183, "thermal_mass_proxy": 1589.2, "cooling_potential": 216.5, "sky_view_factor": 0.8196, "tier": "cool", "delta_above_mean": -2.5, "priority_score": 0.0}}, {"type": "Feature", "geometry": {"type": "Polygon", "coordinates": [[[76.83587062730497, 30.661683764803414], [76.84108705752956, 30.6616099473447], [76.84117257724608, 30.666119456556192], [76.83595590504713, 30.66619328719141], [76.83587062730497, 30.661683764803414]]]}, "properties": {"grid_id": "cell_0887", "lst_mean": 39.92, "lst_max": 42.9, "frac_impervious": 0.5556, "frac_vegetation": 0.2604, "frac_bare_soil": 0.1599, "frac_water": 0.0241, "ndvi_mean": 0.2189, "ndvi_std": 0.0346, "ndbi_mean": 0.0794, "building_density": 176.9, "building_height_mean": 10.0, "road_density": 1126.6, "park_area_frac": 0.0962, "tree_canopy_frac": 0.1351, "dist_to_water": 6837.3, "water_area_frac": 0.0241, "air_temp_max": 42.7, "wind_speed_mean": 3.57, "solar_radiation": 332.9, "veg_imperv_ratio": 0.4604, "green_deficit": 0.6434, "thermal_mass_proxy": 1769.0, "cooling_potential": 246.2, "sky_view_factor": 0.8418, "tier": "cool", "delta_above_mean": -2.39, "priority_score": 0.0}}, {"type": "Feature", "geometry": {"type": "Polygon", "coordinates": [[[76.83595590504713, 30.66619328719141], [76.84117257724608, 30.666119456556192], [76.84125811625887, 30.67062896241954], [76.83604120203098, 30.67070280623244], [76.83595590504713, 30.66619328719141]]]}, "properties": {"grid_id": "cell_0888", "lst_mean": 41.29, "lst_max": 44.07, "frac_impervious": 0.5986, "frac_vegetation": 0.2128, "frac_bare_soil": 0.1588, "frac_water": 0.0298, "ndvi_mean": 0.2334, "ndvi_std": 0.0186, "ndbi_mean": 0.1751, "building_density": 219.7, "building_height_mean": 12.6, "road_density": 1185.3, "park_area_frac": 0.1174, "tree_canopy_frac": 0.1531, "dist_to_water": 5676.8, "water_area_frac": 0.0298, "air_temp_max": 42.5, "wind_speed_mean": 3.0, "solar_radiation": 322.1, "veg_imperv_ratio": 0.3497, "green_deficit": 0.6698, "thermal_mass_proxy": 2768.2, "cooling_potential": 253.6, "sky_view_factor": 0.8006, "tier": "normal", "delta_above_mean": -1.02, "priority_score": 0.0}}, {"type": "Feature", "geometry": {"type": "Polygon", "coordinates": [[[76.83604120203098, 30.67070280623244], [76.84125811625887, 30.67062896241954], [76.8413436745716, 30.675138464934406], [76.83612651826023, 30.675212321926196], [76.83604120203098, 30.67070280623244]]]}, "properties": {"grid_id": "cell_0889", "lst_mean": 41.76, "lst_max": 47.8, "frac_impervious": 0.6216, "frac_vegetation": 0.2392, "frac_bare_soil": 0.1129, "frac_water": 0.0263, "ndvi_mean": 0.2207, "ndvi_std": 0.0524, "ndbi_mean": 0.1687, "building_density": 217.6, "building_height_mean": 12.3, "road_density": 1634.0, "park_area_frac": 0.0863, "tree_canopy_frac": 0.1645, "dist_to_water": 5250.4, "water_area_frac": 0.0263, "air_temp_max": 45.0, "wind_speed_mean": 2.4, "solar_radiation": 316.5, "veg_imperv_ratio": 0.3787, "green_deficit": 0.6745, "thermal_mass_proxy": 2676.5, "cooling_potential": 240.8, "sky_view_factor": 0.8054, "tier": "normal", "delta_above_mean": -0.55, "priority_score": 0.0}}, {"type": "Feature", "geometry": {"type": "Polygon", "coordinates": [[[76.83612651826023, 30.675212321926196], [76.8413436745716, 30.675138464934406], [76.84142925218805, 30.679647964100475], [76.83621185373862, 30.679721834272364], [76.83612651826023, 30.675212321926196]]]}, "properties": {"grid_id": "cell_0890", "lst_mean": 41.56, "lst_max": 43.63, "frac_impervious": 0.6191, "frac_vegetation": 0.2111, "frac_bare_soil": 0.1413, "frac_water": 0.0284, "ndvi_mean": 0.2254, "ndvi_std": 0.0318, "ndbi_mean": 0.1468, "building_density": 215.9, "building_height_mean": 11.8, "road_density": 1306.9, "park_area_frac": 0.0766, "tree_canopy_frac": 0.1474, "dist_to_water": 4941.9, "water_area_frac": 0.0284, "air_temp_max": 40.5, "wind_speed_mean": 2.56, "solar_radiation": 299.5, "veg_imperv_ratio": 0.3356, "green_deficit": 0.7123, "thermal_mass_proxy": 2547.6, "cooling_potential": 236.3, "sky_view_factor": 0.8133, "tier": "normal", "delta_above_mean": -0.75, "priority_score": 0.0}}, {"type": "Feature", "geometry": {"type": "Polygon", "coordinates": [[[76.83621185373862, 30.679721834272364], [76.84142925218805, 30.679647964100475], [76.84151484911192, 30.68415745991743], [76.83629720846986, 30.6842313432706], [76.83621185373862, 30.679721834272364]]]}, "properties": {"grid_id": "cell_0891", "lst_mean": 41.65, "lst_max": 45.38, "frac_impervious": 0.6074, "frac_vegetation": 0.2742, "frac_bare_soil": 0.096, "frac_water": 0.0224, "ndvi_mean": 0.2901, "ndvi_std": 0.0359, "ndbi_mean": 0.1839, "building_density": 171.9, "building_height_mean": 16.7, "road_density": 1460.7, "park_area_frac": 0.094, "tree_canopy_frac": 0.1876, "dist_to_water": 4438.8, "water_area_frac": 0.0224, "air_temp_max": 43.5, "wind_speed_mean": 3.12, "solar_radiation": 282.2, "veg_imperv_ratio": 0.4441, "green_deficit": 0.6318, "thermal_mass_proxy": 2870.7, "cooling_potential": 204.8, "sky_view_factor": 0.7358, "tier": "normal", "delta_above_mean": -0.66, "priority_score": 0.0}}, {"type": "Feature", "geometry": {"type": "Polygon", "coordinates": [[[76.83629720846986, 30.6842313432706], [76.84151484911192, 30.68415745991743], [76.84160046534696, 30.688666952384917], [76.83638258245766, 30.688740848920563], [76.83629720846986, 30.6842313432706]]]}, "properties": {"grid_id": "cell_0892", "lst_mean": 38.98, "lst_max": 43.83, "frac_impervious": 0.5826, "frac_vegetation": 0.2637, "frac_bare_soil": 0.1257, "frac_water": 0.0279, "ndvi_mean": 0.263, "ndvi_std": 0.0234, "ndbi_mean": 0.1529, "building_density": 204.3, "building_height_mean": 11.0, "road_density": 1531.7, "park_area_frac": 0.0551, "tree_canopy_frac": 0.1275, "dist_to_water": 3770.5, "water_area_frac": 0.0279, "air_temp_max": 43.2, "wind_speed_mean": 2.99, "solar_radiation": 305.1, "veg_imperv_ratio": 0.445, "green_deficit": 0.6812, "thermal_mass_proxy": 2247.3, "cooling_potential": 224.6, "sky_view_factor": 0.8259, "tier": "cool", "delta_above_mean": -3.33, "priority_score": 0.0}}, {"type": "Feature", "geometry": {"type": "Polygon", "coordinates": [[[76.83638258245766, 30.688740848920563], [76.84160046534696, 30.688666952384917], [76.84168610089691, 30.69317644150263], [76.83646797570577, 30.69325035122197], [76.83638258245766, 30.688740848920563]]]}, "properties": {"grid_id": "cell_0893", "lst_mean": 38.19, "lst_max": 44.99, "frac_impervious": 0.6102, "frac_vegetation": 0.4052, "frac_bare_soil": 0.1493, "frac_water": 0.0232, "ndvi_mean": 0.6149, "ndvi_std": 0.0548, "ndbi_mean": 0.1194, "building_density": 232.3, "building_height_mean": 16.0, "road_density": 1279.4, "park_area_frac": 0.7896, "tree_canopy_frac": 0.2118, "dist_to_water": 3037.6, "water_area_frac": 0.0232, "air_temp_max": 41.5, "wind_speed_mean": 2.86, "solar_radiation": 297.0, "veg_imperv_ratio": 0.6533, "green_deficit": 0.0, "thermal_mass_proxy": 3716.8, "cooling_potential": 176.7, "sky_view_factor": 0.7468, "tier": "cool", "delta_above_mean": -4.12, "priority_score": 0.0}}, {"type": "Feature", "geometry": {"type": "Polygon", "coordinates": [[[76.83646797570577, 30.69325035122197], [76.84168610089691, 30.69317644150263], [76.84177175576549, 30.697685927270246], [76.83655338821792, 30.697759850174467], [76.83646797570577, 30.69325035122197]]]}, "properties": {"grid_id": "cell_0894", "lst_mean": 42.71, "lst_max": 45.0, "frac_impervious": 0.637, "frac_vegetation": 0.1689, "frac_bare_soil": 0.1535, "frac_water": 0.0406, "ndvi_mean": 0.1691, "ndvi_std": 0.0206, "ndbi_mean": 0.1236, "building_density": 239.1, "building_height_mean": 14.2, "road_density": 1579.1, "park_area_frac": 0.1426, "tree_canopy_frac": 0.0879, "dist_to_water": 3094.5, "water_area_frac": 0.0406, "air_temp_max": 45.9, "wind_speed_mean": 2.03, "solar_radiation": 308.6, "veg_imperv_ratio": 0.2611, "green_deficit": 0.6885, "thermal_mass_proxy": 3395.2, "cooling_potential": 256.5, "sky_view_factor": 0.7753, "tier": "moderate", "delta_above_mean": 0.4, "priority_score": 0.3}}, {"type": "Feature", "geometry": {"type": "Polygon", "coordinates": [[[76.83655338821792, 30.697759850174467], [76.84177175576549, 30.697685927270246], [76.84185742995648, 30.70219540968744], [76.83663881999782, 30.702269345777736], [76.83655338821792, 30.697759850174467]]]}, "properties": {"grid_id": "cell_0895", "lst_mean": 44.03, "lst_max": 47.16, "frac_impervious": 0.6959, "frac_vegetation": 0.185, "frac_bare_soil": 0.0958, "frac_water": 0.0233, "ndvi_mean": 0.1159, "ndvi_std": 0.0354, "ndbi_mean": 0.2029, "building_density": 247.5, "building_height_mean": 13.8, "road_density": 1599.7, "park_area_frac": 0.0823, "tree_canopy_frac": 0.1014, "dist_to_water": 2365.1, "water_area_frac": 0.0233, "air_temp_max": 39.4, "wind_speed_mean": 3.05, "solar_radiation": 325.4, "veg_imperv_ratio": 0.2621, "green_deficit": 0.7327, "thermal_mass_proxy": 3415.5, "cooling_potential": 265.2, "sky_view_factor": 0.7816, "tier": "moderate", "delta_above_mean": 1.72, "priority_score": 1.3}}, {"type": "Feature", "geometry": {"type": "Polygon", "coordinates": [[[76.83663881999782, 30.702269345777736], [76.84185742995648, 30.70219540968744], [76.84194312347357, 30.706704888753894], [76.8367242710492, 30.706778838031465], [76.83663881999782, 30.702269345777736]]]}, "properties": {"grid_id": "cell_0896", "lst_mean": 42.2, "lst_max": 44.27, "frac_impervious": 0.5652, "frac_vegetation": 0.259, "frac_bare_soil": 0.1251, "frac_water": 0.0507, "ndvi_mean": 0.2244, "ndvi_std": 0.0498, "ndbi_mean": 0.138, "building_density": 211.1, "building_height_mean": 12.8, "road_density": 1528.9, "park_area_frac": 0.1196, "tree_canopy_frac": 0.1437, "dist_to_water": 1771.0, "water_area_frac": 0.0507, "air_temp_max": 43.4, "wind_speed_mean": 2.67, "solar_radiation": 332.6, "veg_imperv_ratio": 0.4503, "green_deficit": 0.6214, "thermal_mass_proxy": 2702.1, "cooling_potential": 246.5, "sky_view_factor": 0.7975, "tier": "normal", "delta_above_mean": -0.11, "priority_score": 0.0}}, {"type": "Feature", "geometry": {"type": "Polygon", "coordinates": [[[76.8367242710492, 30.706778838031465], [76.84194312347357, 30.706704888753894], [76.84202883632055, 30.71121436446926], [76.83680974137582, 30.711288326935318], [76.8367242710492, 30.706778838031465]]]}, "properties": {"grid_id": "cell_0897", "lst_mean": 41.77, "lst_max": 44.81, "frac_impervious": 0.5828, "frac_vegetation": 0.2672, "frac_bare_soil": 0.1234, "frac_water": 0.0266, "ndvi_mean": 0.2238, "ndvi_std": 0.0456, "ndbi_mean": 0.1382, "building_density": 229.5, "building_height_mean": 12.7, "road_density": 1632.9, "park_area_frac": 0.0834, "tree_canopy_frac": 0.1658, "dist_to_water": 1080.3, "water_area_frac": 0.0266, "air_temp_max": 44.1, "wind_speed_mean": 2.96, "solar_radiation": 326.0, "veg_imperv_ratio": 0.4507, "green_deficit": 0.6494, "thermal_mass_proxy": 2914.6, "cooling_potential": 238.9, "sky_view_factor": 0.7991, "tier": "normal", "delta_above_mean": -0.54, "priority_score": 0.0}}, {"type": "Feature", "geometry": {"type": "Polygon", "coordinates": [[[76.83680974137582, 30.711288326935318], [76.84202883632055, 30.71121436446926], [76.84211456850113, 30.71572383683324], [76.83689523098137, 30.715797812488965], [76.83680974137582, 30.711288326935318]]]}, "properties": {"grid_id": "cell_0898", "lst_mean": 42.79, "lst_max": 44.99, "frac_impervious": 0.689, "frac_vegetation": 0.1918, "frac_bare_soil": 0.0881, "frac_water": 0.0311, "ndvi_mean": 0.2076, "ndvi_std": 0.0348, "ndbi_mean": 0.1502, "building_density": 239.8, "building_height_mean": 17.5, "road_density": 1624.4, "park_area_frac": 0.0923, "tree_canopy_frac": 0.1374, "dist_to_water": 734.5, "water_area_frac": 0.0311, "air_temp_max": 42.2, "wind_speed_mean": 2.12, "solar_radiation": 303.2, "veg_imperv_ratio": 0.2744, "green_deficit": 0.7159, "thermal_mass_proxy": 4196.5, "cooling_potential": 245.0, "sky_view_factor": 0.7231, "tier": "moderate", "delta_above_mean": 0.48, "priority_score": 0.3}}, {"type": "Feature", "geometry": {"type": "Polygon", "coordinates": [[[76.83689523098137, 30.715797812488965], [76.84211456850113, 30.71572383683324], [76.84220032001906, 30.720233305845493], [76.83698073986962, 30.720307294692095], [76.83689523098137, 30.715797812488965]]]}, "properties": {"grid_id": "cell_0899", "lst_mean": 38.75, "lst_max": 43.48, "frac_impervious": 0.5899, "frac_vegetation": 0.2403, "frac_bare_soil": 0.1438, "frac_water": 0.026, "ndvi_mean": 0.2155, "ndvi_std": 0.0222, "ndbi_mean": 0.1542, "building_density": 191.1, "building_height_mean": 15.9, "road_density": 1543.5, "park_area_frac": 0.0791, "tree_canopy_frac": 0.1383, "dist_to_water": 50.0, "water_area_frac": 0.0968, "air_temp_max": 43.6, "wind_speed_mean": 3.71, "solar_radiation": 318.5, "veg_imperv_ratio": 0.4006, "green_deficit": 0.6806, "thermal_mass_proxy": 3038.5, "cooling_potential": 242.0, "sky_view_factor": 0.7484, "tier": "cool", "delta_above_mean": -3.56, "priority_score": 0.0}}, {"type": "Feature", "geometry": {"type": "Polygon", "coordinates": [[[76.83698073986962, 30.720307294692095], [76.84220032001906, 30.720233305845493], [76.84228609087809, 30.7247427715057], [76.8370662680443, 30.72481677354438], [76.83698073986962, 30.720307294692095]]]}, "properties": {"grid_id": "cell_0900", "lst_mean": 43.07, "lst_max": 45.25, "frac_impervious": 0.6957, "frac_vegetation": 0.1562, "frac_bare_soil": 0.1237, "frac_water": 0.0244, "ndvi_mean": 0.1685, "ndvi_std": 0.0244, "ndbi_mean": 0.1556, "building_density": 184.7, "building_height_mean": 16.2, "road_density": 1529.6, "park_area_frac": 0.0806, "tree_canopy_frac": 0.0774, "dist_to_water": 429.3, "water_area_frac": 0.0857, "air_temp_max": 43.2, "wind_speed_mean": 2.73, "solar_radiation": 306.4, "veg_imperv_ratio": 0.2213, "green_deficit": 0.7632, "thermal_mass_proxy": 2992.1, "cooling_potential": 258.5, "sky_view_factor": 0.7437, "tier": "moderate", "delta_above_mean": 0.76, "priority_score": 0.7}}, {"type": "Feature", "geometry": {"type": "Polygon", "coordinates": [[[76.8370662680443, 30.72481677354438], [76.84228609087809, 30.7247427715057], [76.84237188108196, 30.729252233813543], [76.83715181550912, 30.7293262490455], [76.8370662680443, 30.72481677354438]]]}, "properties": {"grid_id": "cell_0901", "lst_mean": 43.76, "lst_max": 46.84, "frac_impervious": 0.6444, "frac_vegetation": 0.205, "frac_bare_soil": 0.1262, "frac_water": 0.0244, "ndvi_mean": 0.1491, "ndvi_std": 0.0383, "ndbi_mean": 0.1547, "building_density": 227.6, "building_height_mean": 14.2, "road_density": 1385.2, "park_area_frac": 0.0683, "tree_canopy_frac": 0.1393, "dist_to_water": 980.0, "water_area_frac": 0.0244, "air_temp_max": 44.8, "wind_speed_mean": 2.47, "solar_radiation": 284.2, "veg_imperv_ratio": 0.3133, "green_deficit": 0.7267, "thermal_mass_proxy": 3231.9, "cooling_potential": 225.9, "sky_view_factor": 0.7753, "tier": "moderate", "delta_above_mean": 1.45, "priority_score": 1.0}}, {"type": "Feature", "geometry": {"type": "Polygon", "coordinates": [[[76.83715181550912, 30.7293262490455], [76.84237188108196, 30.729252233813543], [76.84245769063443, 30.733761692768685], [76.83723738226783, 30.733835721195113], [76.83715181550912, 30.7293262490455]]]}, "properties": {"grid_id": "cell_0902", "lst_mean": 42.33, "lst_max": 45.44, "frac_impervious": 0.6304, "frac_vegetation": 0.2278, "frac_bare_soil": 0.1203, "frac_water": 0.0215, "ndvi_mean": 0.1857, "ndvi_std": 0.0304, "ndbi_mean": 0.1956, "building_density": 228.7, "building_height_mean": 12.7, "road_density": 1438.5, "park_area_frac": 0.1042, "tree_canopy_frac": 0.1311, "dist_to_water": 1331.0, "water_area_frac": 0.0215, "air_temp_max": 48.7, "wind_speed_mean": 2.95, "solar_radiation": 309.7, "veg_imperv_ratio": 0.3557, "green_deficit": 0.668, "thermal_mass_proxy": 2904.5, "cooling_potential": 239.2, "sky_view_factor": 0.7991, "tier": "moderate", "delta_above_mean": 0.02, "priority_score": 0.0}}, {"type": "Feature", "geometry": {"type": "Polygon", "coordinates": [[[76.83723738226783, 30.733835721195113], [76.84245769063443, 30.733761692768685], [76.84254351953923, 30.738271148370814], [76.83732296832417, 30.738345189992913], [76.83723738226783, 30.733835721195113]]]}, "properties": {"grid_id": "cell_0903", "lst_mean": 45.39, "lst_max": 52.74, "frac_impervious": 0.6899, "frac_vegetation": 0.1749, "frac_bare_soil": 0.1046, "frac_water": 0.0306, "ndvi_mean": 0.2017, "ndvi_std": 0.036, "ndbi_mean": 0.1561, "building_density": 231.0, "building_height_mean": 17.9, "road_density": 1543.0, "park_area_frac": 0.0851, "tree_canopy_frac": 0.1071, "dist_to_water": 1595.0, "water_area_frac": 0.0306, "air_temp_max": 44.2, "wind_speed_mean": 2.94, "solar_radiation": 331.9, "veg_imperv_ratio": 0.2499, "green_deficit": 0.74, "thermal_mass_proxy": 4134.9, "cooling_potential": 273.9, "sky_view_factor": 0.7168, "tier": "high", "delta_above_mean": 3.08, "priority_score": 2.4}}, {"type": "Feature", "geometry": {"type": "Polygon", "coordinates": [[[76.83732296832417, 30.738345189992913], [76.84254351953923, 30.738271148370814], [76.84262936780014, 30.742780600619586], [76.8374085736819, 30.742854655438578], [76.83732296832417, 30.738345189992913]]]}, "properties": {"grid_id": "cell_0904", "lst_mean": 42.73, "lst_max": 46.32, "frac_impervious": 0.6611, "frac_vegetation": 0.1841, "frac_bare_soil": 0.1293, "frac_water": 0.0256, "ndvi_mean": 0.2435, "ndvi_std": 0.0415, "ndbi_mean": 0.1172, "building_density": 193.5, "building_height_mean": 19.1, "road_density": 1673.4, "park_area_frac": 0.0897, "tree_canopy_frac": 0.1038, "dist_to_water": 2379.4, "water_area_frac": 0.0256, "air_temp_max": 44.3, "wind_speed_mean": 2.94, "solar_radiation": 307.6, "veg_imperv_ratio": 0.2743, "green_deficit": 0.7262, "thermal_mass_proxy": 3695.8, "cooling_potential": 251.0, "sky_view_factor": 0.6978, "tier": "moderate", "delta_above_mean": 0.42, "priority_score": 0.3}}, {"type": "Feature", "geometry": {"type": "Polygon", "coordinates": [[[76.8374085736819, 30.742854655438578], [76.84262936780014, 30.742780600619586], [76.8427152354209, 30.747290049514703], [76.83749419834474, 30.747364117531767], [76.8374085736819, 30.742854655438578]]]}, "properties": {"grid_id": "cell_0905", "lst_mean": 44.48, "lst_max": 46.99, "frac_impervious": 0.6372, "frac_vegetation": 0.2014, "frac_bare_soil": 0.1263, "frac_water": 0.0351, "ndvi_mean": 0.1978, "ndvi_std": 0.0457, "ndbi_mean": 0.1233, "building_density": 234.6, "building_height_mean": 13.6, "road_density": 1395.0, "park_area_frac": 0.0754, "tree_canopy_frac": 0.1277, "dist_to_water": 2948.5, "water_area_frac": 0.0351, "air_temp_max": 41.9, "wind_speed_mean": 2.16, "solar_radiation": 324.4, "veg_imperv_ratio": 0.3112, "green_deficit": 0.7232, "thermal_mass_proxy": 3190.6, "cooling_potential": 259.1, "sky_view_factor": 0.7848, "tier": "moderate", "delta_above_mean": 2.17, "priority_score": 1.5}}, {"type": "Feature", "geometry": {"type": "Polygon", "coordinates": [[[76.83749419834474, 30.747364117531767], [76.8427152354209, 30.747290049514703], [76.84280112240523, 30.75179949505582], [76.83757984231643, 30.75187357627218], [76.83749419834474, 30.747364117531767]]]}, "properties": {"grid_id": "cell_0906", "lst_mean": 39.88, "lst_max": 42.29, "frac_impervious": 0.5813, "frac_vegetation": 0.2655, "frac_bare_soil": 0.1305, "frac_water": 0.0227, "ndvi_mean": 0.2426, "ndvi_std": 0.029, "ndbi_mean": 0.1623, "building_density": 193.3, "building_height_mean": 11.1, "road_density": 1418.3, "park_area_frac": 0.0634, "tree_canopy_frac": 0.139, "dist_to_water": 3144.4, "water_area_frac": 0.0227, "air_temp_max": 43.3, "wind_speed_mean": 3.38, "solar_radiation": 299.4, "veg_imperv_ratio": 0.449, "green_deficit": 0.6711, "thermal_mass_proxy": 2145.6, "cooling_potential": 219.9, "sky_view_factor": 0.8244, "tier": "cool", "delta_above_mean": -2.43, "priority_score": 0.0}}, {"type": "Feature", "geometry": {"type": "Polygon", "coordinates": [[[76.83757984231643, 30.75187357627218], [76.84280112240523, 30.75179949505582], [76.84288702875693, 30.75630893724263], [76.83766550560073, 30.756383031659464], [76.83757984231643, 30.75187357627218]]]}, "properties": {"grid_id": "cell_0907", "lst_mean": 42.22, "lst_max": 44.42, "frac_impervious": 0.6494, "frac_vegetation": 0.218, "frac_bare_soil": 0.1105, "frac_water": 0.0221, "ndvi_mean": 0.2376, "ndvi_std": 0.0594, "ndbi_mean": 0.1674, "building_density": 238.7, "building_height_mean": 13.8, "road_density": 1557.1, "park_area_frac": 0.0531, "tree_canopy_frac": 0.1453, "dist_to_water": 3981.8, "water_area_frac": 0.0221, "air_temp_max": 42.9, "wind_speed_mean": 2.44, "solar_radiation": 321.6, "veg_imperv_ratio": 0.3306, "green_deficit": 0.7289, "thermal_mass_proxy": 3294.1, "cooling_potential": 251.5, "sky_view_factor": 0.7816, "tier": "normal", "delta_above_mean": -0.09, "priority_score": 0.0}}, {"type": "Feature", "geometry": {"type": "Polygon", "coordinates": [[[76.83766550560073, 30.756383031659464], [76.84288702875693, 30.75630893724263], [76.84297295447973, 30.76081837607481], [76.83775118820135, 30.760892483693333], [76.83766550560073, 30.756383031659464]]]}, "properties": {"grid_id": "cell_0908", "lst_mean": 43.36, "lst_max": 47.48, "frac_impervious": 0.6754, "frac_vegetation": 0.1465, "frac_bare_soil": 0.1512, "frac_water": 0.0269, "ndvi_mean": 0.1489, "ndvi_std": 0.0394, "ndbi_mean": 0.1663, "building_density": 260.3, "building_height_mean": 13.5, "road_density": 1543.1, "park_area_frac": 0.1078, "tree_canopy_frac": 0.0872, "dist_to_water": 4401.9, "water_area_frac": 0.0269, "air_temp_max": 44.6, "wind_speed_mean": 2.64, "solar_radiation": 310.5, "veg_imperv_ratio": 0.2137, "green_deficit": 0.7457, "thermal_mass_proxy": 3514.0, "cooling_potential": 265.0, "sky_view_factor": 0.7864, "tier": "moderate", "delta_above_mean": 1.05, "priority_score": 1.0}}, {"type": "Feature", "geometry": {"type": "Polygon", "coordinates": [[[76.83775118820135, 30.760892483693333], [76.84297295447973, 30.76081837607481], [76.8430588995774, 30.76532781155201], [76.83783689012208, 30.765401932373425], [76.83775118820135, 30.760892483693333]]]}, "properties": {"grid_id": "cell_0909", "lst_mean": 43.16, "lst_max": 46.92, "frac_impervious": 0.6544, "frac_vegetation": 0.1232, "frac_bare_soil": 0.1761, "frac_water": 0.0463, "ndvi_mean": 0.1726, "ndvi_std": 0.0298, "ndbi_mean": 0.1465, "building_density": 199.6, "building_height_mean": 11.2, "road_density": 1819.0, "park_area_frac": 0.068, "tree_canopy_frac": 0.0586, "dist_to_water": 4744.2, "water_area_frac": 0.0463, "air_temp_max": 41.6, "wind_speed_mean": 1.41, "solar_radiation": 337.9, "veg_imperv_ratio": 0.1854, "green_deficit": 0.8088, "thermal_mass_proxy": 2235.5, "cooling_potential": 296.3, "sky_view_factor": 0.8228, "tier": "moderate", "delta_above_mean": 0.85, "priority_score": 0.9}}, {"type": "Feature", "geometry": {"type": "Polygon", "coordinates": [[[76.83783689012208, 30.765401932373425], [76.8430588995774, 30.76532781155201], [76.84314486405368, 30.769837243673923], [76.83792261136664, 30.769911377699437], [76.83783689012208, 30.765401932373425]]]}, "properties": {"grid_id": "cell_0910", "lst_mean": 43.04, "lst_max": 46.45, "frac_impervious": 0.5959, "frac_vegetation": 0.2263, "frac_bare_soil": 0.1451, "frac_water": 0.0327, "ndvi_mean": 0.1909, "ndvi_std": 0.049, "ndbi_mean": 0.1529, "building_density": 187.7, "building_height_mean": 13.0, "road_density": 1367.5, "park_area_frac": 0.0629, "tree_canopy_frac": 0.1464, "dist_to_water": 5189.5, "water_area_frac": 0.0327, "air_temp_max": 41.4, "wind_speed_mean": 2.56, "solar_radiation": 306.2, "veg_imperv_ratio": 0.3735, "green_deficit": 0.7108, "thermal_mass_proxy": 2440.1, "cooling_potential": 236.9, "sky_view_factor": 0.7943, "tier": "moderate", "delta_above_mean": 0.73, "priority_score": 0.4}}, {"type": "Feature", "geometry": {"type": "Polygon", "coordinates": [[[76.83792261136664, 30.769911377699437], [76.84314486405368, 30.769837243673923], [76.84323084791234, 30.77434667244024], [76.83800835193878, 30.77442081967105], [76.83792261136664, 30.769911377699437]]]}, "properties": {"grid_id": "cell_0911", "lst_mean": 41.81, "lst_max": 43.88, "frac_impervious": 0.602, "frac_vegetation": 0.2292, "frac_bare_soil": 0.1466, "frac_water": 0.0222, "ndvi_mean": 0.2405, "ndvi_std": 0.062, "ndbi_mean": 0.1153, "building_density": 201.6, "building_height_mean": 10.9, "road_density": 1499.7, "park_area_frac": 0.0585, "tree_canopy_frac": 0.1222, "dist_to_water": 5767.2, "water_area_frac": 0.0222, "air_temp_max": 44.9, "wind_speed_mean": 2.53, "solar_radiation": 302.7, "veg_imperv_ratio": 0.3745, "green_deficit": 0.7123, "thermal_mass_proxy": 2197.4, "cooling_potential": 233.3, "sky_view_factor": 0.8275, "tier": "normal", "delta_above_mean": -0.5, "priority_score": 0.0}}, {"type": "Feature", "geometry": {"type": "Polygon", "coordinates": [[[76.83800835193878, 30.77442081967105], [76.84323084791234, 30.77434667244024], [76.84331685115716, 30.778856097850603], [76.83809411184227, 30.77893025828792], [76.83800835193878, 30.77442081967105]]]}, "properties": {"grid_id": "cell_0912", "lst_mean": 42.92, "lst_max": 47.08, "frac_impervious": 0.7063, "frac_vegetation": 0.1541, "frac_bare_soil": 0.1091, "frac_water": 0.0305, "ndvi_mean": 0.1816, "ndvi_std": 0.0179, "ndbi_mean": 0.1917, "building_density": 231.3, "building_height_mean": 9.0, "road_density": 1418.7, "park_area_frac": 0.0911, "tree_canopy_frac": 0.0781, "dist_to_water": 6110.9, "water_area_frac": 0.0305, "air_temp_max": 43.4, "wind_speed_mean": 3.01, "solar_radiation": 335.9, "veg_imperv_ratio": 0.2151, "green_deficit": 0.7548, "thermal_mass_proxy": 2081.7, "cooling_potential": 284.1, "sky_view_factor": 0.8576, "tier": "moderate", "delta_above_mean": 0.61, "priority_score": 0.5}}, {"type": "Feature", "geometry": {"type": "Polygon", "coordinates": [[[76.83809411184227, 30.77893025828792], [76.84331685115716, 30.778856097850603], [76.84340287379186, 30.78336551990473], [76.83817989108083, 30.783439693549756], [76.83809411184227, 30.77893025828792]]]}, "properties": {"grid_id": "cell_0913", "lst_mean": 42.32, "lst_max": 45.86, "frac_impervious": 0.6235, "frac_vegetation": 0.2148, "frac_bare_soil": 0.1406, "frac_water": 0.0212, "ndvi_mean": 0.2163, "ndvi_std": 0.0349, "ndbi_mean": 0.1275, "building_density": 185.3, "building_height_mean": 15.4, "road_density": 1505.2, "park_area_frac": 0.0898, "tree_canopy_frac": 0.1048, "dist_to_water": 6859.0, "water_area_frac": 0.0212, "air_temp_max": 45.3, "wind_speed_mean": 2.42, "solar_radiation": 302.8, "veg_imperv_ratio": 0.3391, "green_deficit": 0.6954, "thermal_mass_proxy": 2853.6, "cooling_potential": 237.8, "sky_view_factor": 0.7563, "tier": "moderate", "delta_above_mean": 0.01, "priority_score": 0.0}}, {"type": "Feature", "geometry": {"type": "Polygon", "coordinates": [[[76.83817989108083, 30.783439693549756], [76.84340287379186, 30.78336551990473], [76.84348891582025, 30.78787493860228], [76.83826568965824, 30.78794912545621], [76.83817989108083, 30.783439693549756]]]}, "properties": {"grid_id": "cell_0914", "lst_mean": 41.02, "lst_max": 48.0, "frac_impervious": 0.5989, "frac_vegetation": 0.2334, "frac_bare_soil": 0.1077, "frac_water": 0.06, "ndvi_mean": 0.1932, "ndvi_std": 0.0149, "ndbi_mean": 0.1126, "building_density": 227.5, "building_height_mean": 8.7, "road_density": 1555.2, "park_area_frac": 0.0912, "tree_canopy_frac": 0.106, "dist_to_water": 7420.7, "water_area_frac": 0.06, "air_temp_max": 43.4, "wind_speed_mean": 2.06, "solar_radiation": 313.9, "veg_imperv_ratio": 0.3833, "green_deficit": 0.6754, "thermal_mass_proxy": 1979.2, "cooling_potential": 240.6, "sky_view_factor": 0.8623, "tier": "normal", "delta_above_mean": -1.29, "priority_score": 0.0}}, {"type": "Feature", "geometry": {"type": "Polygon", "coordinates": [[[76.83826568965824, 30.78794912545621], [76.84348891582025, 30.78787493860228], [76.84357497724604, 30.792384353942907], [76.83835150757824, 30.79245855400696], [76.83826568965824, 30.78794912545621]]]}, "properties": {"grid_id": "cell_0915", "lst_mean": 39.24, "lst_max": 42.56, "frac_impervious": 0.5601, "frac_vegetation": 0.3116, "frac_bare_soil": 0.0978, "frac_water": 0.0306, "ndvi_mean": 0.277, "ndvi_std": 0.0469, "ndbi_mean": 0.1049, "building_density": 192.9, "building_height_mean": 10.4, "road_density": 1190.3, "park_area_frac": 0.078, "tree_canopy_frac": 0.1976, "dist_to_water": 8044.7, "water_area_frac": 0.0306, "air_temp_max": 43.6, "wind_speed_mean": 2.99, "solar_radiation": 299.0, "veg_imperv_ratio": 0.5466, "green_deficit": 0.6104, "thermal_mass_proxy": 2006.2, "cooling_potential": 205.8, "sky_view_factor": 0.8354, "tier": "cool", "delta_above_mean": -3.07, "priority_score": 0.0}}, {"type": "Feature", "geometry": {"type": "Polygon", "coordinates": [[[76.83835150757824, 30.79245855400696], [76.84357497724604, 30.792384353942907], [76.84366105807304, 30.796893765926317], [76.83843734484459, 30.796967979201685], [76.83835150757824, 30.79245855400696]]]}, "properties": {"grid_id": "cell_0916", "lst_mean": 41.96, "lst_max": 44.5, "frac_impervious": 0.6238, "frac_vegetation": 0.2363, "frac_bare_soil": 0.1172, "frac_water": 0.0226, "ndvi_mean": 0.2807, "ndvi_std": 0.0426, "ndbi_mean": 0.1383, "building_density": 188.9, "building_height_mean": 14.0, "road_density": 1467.8, "park_area_frac": 0.0663, "tree_canopy_frac": 0.1651, "dist_to_water": 8372.4, "water_area_frac": 0.0226, "air_temp_max": 42.4, "wind_speed_mean": 2.74, "solar_radiation": 324.4, "veg_imperv_ratio": 0.3728, "green_deficit": 0.6974, "thermal_mass_proxy": 2644.6, "cooling_potential": 247.7, "sky_view_factor": 0.7785, "tier": "normal", "delta_above_mean": -0.35, "priority_score": 0.0}}, {"type": "Feature", "geometry": {"type": "Polygon", "coordinates": [[[76.83843734484459, 30.796967979201685], [76.84366105807304, 30.796893765926317], [76.84374715830499, 30.801403174552174], [76.83852320146103, 30.801477401040078], [76.83843734484459, 30.796967979201685]]]}, "properties": {"grid_id": "cell_0917", "lst_mean": 40.74, "lst_max": 43.46, "frac_impervious": 0.5413, "frac_vegetation": 0.2635, "frac_bare_soil": 0.1686, "frac_water": 0.0266, "ndvi_mean": 0.2015, "ndvi_std": 0.0407, "ndbi_mean": 0.1151, "building_density": 176.3, "building_height_mean": 7.3, "road_density": 1334.0, "park_area_frac": 0.0659, "tree_canopy_frac": 0.1491, "dist_to_water": 8893.2, "water_area_frac": 0.0266, "air_temp_max": 42.4, "wind_speed_mean": 2.57, "solar_radiation": 328.9, "veg_imperv_ratio": 0.478, "green_deficit": 0.6706, "thermal_mass_proxy": 1287.0, "cooling_potential": 242.2, "sky_view_factor": 0.8845, "tier": "normal", "delta_above_mean": -1.57, "priority_score": 0.0}}, {"type": "Feature", "geometry": {"type": "Polygon", "coordinates": [[[76.84083061412008, 30.648081399624573], [76.84604629946743, 30.648007412585336], [76.8461320031247, 30.652516918629097], [76.84091607597028, 30.65259091887857], [76.84083061412008, 30.648081399624573]]]}, "properties": {"grid_id": "cell_0918", "lst_mean": 38.43, "lst_max": 40.72, "frac_impervious": 0.514, "frac_vegetation": 0.2882, "frac_bare_soil": 0.1772, "frac_water": 0.0206, "ndvi_mean": 0.2339, "ndvi_std": 0.0365, "ndbi_mean": 0.1127, "building_density": 151.1, "building_height_mean": 5.4, "road_density": 1084.0, "park_area_frac": 0.0615, "tree_canopy_frac": 0.157, "dist_to_water": 7705.5, "water_area_frac": 0.0206, "air_temp_max": 43.8, "wind_speed_mean": 3.11, "solar_radiation": 298.4, "veg_imperv_ratio": 0.55, "green_deficit": 0.6503, "thermal_mass_proxy": 815.9, "cooling_potential": 212.4, "sky_view_factor": 0.9146, "tier": "cool", "delta_above_mean": -3.88, "priority_score": 0.0}}, {"type": "Feature", "geometry": {"type": "Polygon", "coordinates": [[[76.84091607597028, 30.65259091887857], [76.8461320031247, 30.652516918629097], [76.84621772612152, 30.65702642132448], [76.84100155710553, 30.657100434785384], [76.84091607597028, 30.65259091887857]]]}, "properties": {"grid_id": "cell_0919", "lst_mean": 40.29, "lst_max": 44.21, "frac_impervious": 0.5903, "frac_vegetation": 0.1954, "frac_bare_soil": 0.1594, "frac_water": 0.0549, "ndvi_mean": 0.2046, "ndvi_std": 0.0151, "ndbi_mean": 0.0255, "building_density": 194.4, "building_height_mean": 10.1, "road_density": 1385.7, "park_area_frac": 0.0954, "tree_canopy_frac": 0.081, "dist_to_water": 7082.3, "water_area_frac": 0.0549, "air_temp_max": 42.3, "wind_speed_mean": 2.09, "solar_radiation": 320.4, "veg_imperv_ratio": 0.3255, "green_deficit": 0.7092, "thermal_mass_proxy": 1963.4, "cooling_potential": 257.8, "sky_view_factor": 0.8402, "tier": "normal", "delta_above_mean": -2.02, "priority_score": 0.0}}, {"type": "Feature", "geometry": {"type": "Polygon", "coordinates": [[[76.84100155710553, 30.657100434785384], [76.84621772612152, 30.65702642132448], [76.84630346846166, 30.66153592067117], [76.84108705752956, 30.6616099473447], [76.84100155710553, 30.657100434785384]]]}, "properties": {"grid_id": "cell_0920", "lst_mean": 41.27, "lst_max": 45.12, "frac_impervious": 0.5528, "frac_vegetation": 0.317, "frac_bare_soil": 0.1062, "frac_water": 0.024, "ndvi_mean": 0.2821, "ndvi_std": 0.0491, "ndbi_mean": 0.0969, "building_density": 169.3, "building_height_mean": 13.4, "road_density": 1152.8, "park_area_frac": 0.0591, "tree_canopy_frac": 0.1468, "dist_to_water": 6669.1, "water_area_frac": 0.024, "air_temp_max": 44.6, "wind_speed_mean": 3.17, "solar_radiation": 316.9, "veg_imperv_ratio": 0.5633, "green_deficit": 0.6239, "thermal_mass_proxy": 2268.6, "cooling_potential": 216.4, "sky_view_factor": 0.788, "tier": "normal", "delta_above_mean": -1.04, "priority_score": 0.0}}, {"type": "Feature", "geometry": {"type": "Polygon", "coordinates": [[[76.84108705752956, 30.6616099473447], [76.84630346846166, 30.66153592067117], [76.84638923014882, 30.666045416668837], [76.84117257724608, 30.666119456556192], [76.84108705752956, 30.6616099473447]]]}, "properties": {"grid_id": "cell_0921", "lst_mean": 39.6, "lst_max": 41.94, "frac_impervious": 0.5052, "frac_vegetation": 0.3095, "frac_bare_soil": 0.1534, "frac_water": 0.0319, "ndvi_mean": 0.238, "ndvi_std": 0.0593, "ndbi_mean": 0.0904, "building_density": 170.1, "building_height_mean": 5.5, "road_density": 1102.3, "park_area_frac": 0.0808, "tree_canopy_frac": 0.2002, "dist_to_water": 6538.7, "water_area_frac": 0.0319, "air_temp_max": 42.2, "wind_speed_mean": 2.95, "solar_radiation": 309.5, "veg_imperv_ratio": 0.6007, "green_deficit": 0.6097, "thermal_mass_proxy": 935.6, "cooling_potential": 213.7, "sky_view_factor": 0.913, "tier": "cool", "delta_above_mean": -2.71, "priority_score": 0.0}}, {"type": "Feature", "geometry": {"type": "Polygon", "coordinates": [[[76.84117257724608, 30.666119456556192], [76.84638923014882, 30.666045416668837], [76.84647501118678, 30.67055490931715], [76.84125811625887, 30.67062896241954], [76.84117257724608, 30.666119456556192]]]}, "properties": {"grid_id": "cell_0922", "lst_mean": 42.55, "lst_max": 44.8, "frac_impervious": 0.5265, "frac_vegetation": 0.2924, "frac_bare_soil": 0.1578, "frac_water": 0.0233, "ndvi_mean": 0.1612, "ndvi_std": 0.0375, "ndbi_mean": 0.1558, "building_density": 176.9, "building_height_mean": 11.3, "road_density": 1176.4, "park_area_frac": 0.0721, "tree_canopy_frac": 0.1359, "dist_to_water": 5877.9, "water_area_frac": 0.0233, "air_temp_max": 41.0, "wind_speed_mean": 2.77, "solar_radiation": 331.2, "veg_imperv_ratio": 0.545, "green_deficit": 0.6355, "thermal_mass_proxy": 1999.0, "cooling_potential": 234.4, "sky_view_factor": 0.8212, "tier": "moderate", "delta_above_mean": 0.24, "priority_score": 0.1}}, {"type": "Feature", "geometry": {"type": "Polygon", "coordinates": [[[76.84125811625887, 30.67062896241954], [76.84647501118678, 30.67055490931715], [76.84656081157927, 30.6750643986158], [76.8413436745716, 30.675138464934406], [76.84125811625887, 30.67062896241954]]]}, "properties": {"grid_id": "cell_0923", "lst_mean": 38.51, "lst_max": 40.63, "frac_impervious": 0.4791, "frac_vegetation": 0.364, "frac_bare_soil": 0.1294, "frac_water": 0.0276, "ndvi_mean": 0.3228, "ndvi_std": 0.0535, "ndbi_mean": 0.0592, "building_density": 160.8, "building_height_mean": 10.9, "road_density": 1281.7, "park_area_frac": 0.0741, "tree_canopy_frac": 0.1955, "dist_to_water": 5330.6, "water_area_frac": 0.0276, "air_temp_max": 40.7, "wind_speed_mean": 3.44, "solar_radiation": 328.2, "veg_imperv_ratio": 0.7442, "green_deficit": 0.5619, "thermal_mass_proxy": 1752.7, "cooling_potential": 208.7, "sky_view_factor": 0.8275, "tier": "cool", "delta_above_mean": -3.8, "priority_score": 0.0}}, {"type": "Feature", "geometry": {"type": "Polygon", "coordinates": [[[76.8413436745716, 30.675138464934406], [76.84656081157927, 30.6750643986158], [76.84664663133003, 30.679573884564448], [76.84142925218805, 30.679647964100475], [76.8413436745716, 30.675138464934406]]]}, "properties": {"grid_id": "cell_0924", "lst_mean": 42.17, "lst_max": 47.81, "frac_impervious": 0.7181, "frac_vegetation": 0.1621, "frac_bare_soil": 0.0839, "frac_water": 0.0359, "ndvi_mean": 0.2039, "ndvi_std": 0.0173, "ndbi_mean": 0.1921, "building_density": 260.1, "building_height_mean": 8.7, "road_density": 1344.8, "park_area_frac": 0.1071, "tree_canopy_frac": 0.103, "dist_to_water": 4384.0, "water_area_frac": 0.0359, "air_temp_max": 42.9, "wind_speed_mean": 2.48, "solar_radiation": 300.7, "veg_imperv_ratio": 0.2226, "green_deficit": 0.7308, "thermal_mass_proxy": 2262.9, "cooling_potential": 252.0, "sky_view_factor": 0.8623, "tier": "normal", "delta_above_mean": -0.14, "priority_score": 0.0}}, {"type": "Feature", "geometry": {"type": "Polygon", "coordinates": [[[76.84142925218805, 30.679647964100475], [76.84664663133003, 30.679573884564448], [76.84673247044282, 30.68408336716276], [76.84151484911192, 30.68415745991743], [76.84142925218805, 30.679647964100475]]]}, "properties": {"grid_id": "cell_0925", "lst_mean": 40.99, "lst_max": 43.39, "frac_impervious": 0.5697, "frac_vegetation": 0.2982, "frac_bare_soil": 0.1054, "frac_water": 0.0268, "ndvi_mean": 0.1968, "ndvi_std": 0.0484, "ndbi_mean": 0.1727, "building_density": 179.9, "building_height_mean": 11.0, "road_density": 1253.1, "park_area_frac": 0.0604, "tree_canopy_frac": 0.1807, "dist_to_water": 4307.7, "water_area_frac": 0.0268, "air_temp_max": 43.9, "wind_speed_mean": 3.12, "solar_radiation": 326.2, "veg_imperv_ratio": 0.5144, "green_deficit": 0.6414, "thermal_mass_proxy": 1978.9, "cooling_potential": 228.9, "sky_view_factor": 0.8259, "tier": "normal", "delta_above_mean": -1.32, "priority_score": 0.0}}, {"type": "Feature", "geometry": {"type": "Polygon", "coordinates": [[[76.84151484911192, 30.68415745991743], [76.84673247044282, 30.68408336716276], [76.84681832892134, 30.68859284641042], [76.84160046534696, 30.688666952384917], [76.84151484911192, 30.68415745991743]]]}, "properties": {"grid_id": "cell_0926", "lst_mean": 42.85, "lst_max": 45.48, "frac_impervious": 0.5941, "frac_vegetation": 0.2406, "frac_bare_soil": 0.1368, "frac_water": 0.0285, "ndvi_mean": 0.202, "ndvi_std": 0.0353, "ndbi_mean": 0.0982, "building_density": 201.9, "building_height_mean": 12.7, "road_density": 1312.3, "park_area_frac": 0.0871, "tree_canopy_frac": 0.1508, "dist_to_water": 3477.2, "water_area_frac": 0.0285, "air_temp_max": 41.8, "wind_speed_mean": 2.8, "solar_radiation": 318.0, "veg_imperv_ratio": 0.3983, "green_deficit": 0.6723, "thermal_mass_proxy": 2564.1, "cooling_potential": 241.5, "sky_view_factor": 0.7991, "tier": "moderate", "delta_above_mean": 0.54, "priority_score": 0.3}}, {"type": "Feature", "geometry": {"type": "Polygon", "coordinates": [[[76.84160046534696, 30.688666952384917], [76.84681832892134, 30.68859284641042], [76.84690420676938, 30.693102322307112], [76.84168610089691, 30.69317644150263], [76.84160046534696, 30.688666952384917]]]}, "properties": {"grid_id": "cell_0927", "lst_mean": 38.97, "lst_max": 41.46, "frac_impervious": 0.5859, "frac_vegetation": 0.2339, "frac_bare_soil": 0.1413, "frac_water": 0.0389, "ndvi_mean": 0.264, "ndvi_std": 0.0311, "ndbi_mean": 0.1462, "building_density": 230.0, "building_height_mean": 12.1, "road_density": 1400.1, "park_area_frac": 0.0561, "tree_canopy_frac": 0.1405, "dist_to_water": 2989.4, "water_area_frac": 0.0389, "air_temp_max": 44.2, "wind_speed_mean": 4.36, "solar_radiation": 314.3, "veg_imperv_ratio": 0.3925, "green_deficit": 0.71, "thermal_mass_proxy": 2783.0, "cooling_potential": 240.8, "sky_view_factor": 0.8085, "tier": "cool", "delta_above_mean": -3.34, "priority_score": 0.0}}, {"type": "Feature", "geometry": {"type": "Polygon", "coordinates": [[[76.84168610089691, 30.69317644150263], [76.84690420676938, 30.693102322307112], [76.8469901039907, 30.69761179485251], [76.84177175576549, 30.697685927270246], [76.84168610089691, 30.69317644150263]]]}, "properties": {"grid_id": "cell_0928", "lst_mean": 43.85, "lst_max": 46.65, "frac_impervious": 0.646, "frac_vegetation": 0.2549, "frac_bare_soil": 0.075, "frac_water": 0.0241, "ndvi_mean": 0.2709, "ndvi_std": 0.0328, "ndbi_mean": 0.1343, "building_density": 199.9, "building_height_mean": 17.6, "road_density": 1627.8, "park_area_frac": 0.053, "tree_canopy_frac": 0.1458, "dist_to_water": 2509.9, "water_area_frac": 0.0241, "air_temp_max": 43.6, "wind_speed_mean": 2.86, "solar_radiation": 306.3, "veg_imperv_ratio": 0.3886, "green_deficit": 0.6921, "thermal_mass_proxy": 3518.2, "cooling_potential": 228.2, "sky_view_factor": 0.7215, "tier": "moderate", "delta_above_mean": 1.54, "priority_score": 0.8}}, {"type": "Feature", "geometry": {"type": "Polygon", "coordinates": [[[76.84177175576549, 30.697685927270246], [76.8469901039907, 30.69761179485251], [76.84707602058901, 30.702121264046273], [76.84185742995648, 30.70219540968744], [76.84177175576549, 30.697685927270246]]]}, "properties": {"grid_id": "cell_0929", "lst_mean": 40.97, "lst_max": 44.85, "frac_impervious": 0.6041, "frac_vegetation": 0.2337, "frac_bare_soil": 0.1373, "frac_water": 0.0248, "ndvi_mean": 0.245, "ndvi_std": 0.0348, "ndbi_mean": 0.1265, "building_density": 242.0, "building_height_mean": 15.0, "road_density": 1419.4, "park_area_frac": 0.0663, "tree_canopy_frac": 0.1175, "dist_to_water": 2082.6, "water_area_frac": 0.0248, "air_temp_max": 44.0, "wind_speed_mean": 2.18, "solar_radiation": 288.4, "veg_imperv_ratio": 0.3806, "green_deficit": 0.7, "thermal_mass_proxy": 3630.0, "cooling_potential": 221.0, "sky_view_factor": 0.7627, "tier": "normal", "delta_above_mean": -1.34, "priority_score": 0.0}}, {"type": "Feature", "geometry": {"type": "Polygon", "coordinates": [[[76.84185742995648, 30.70219540968744], [76.84707602058901, 30.702121264046273], [76.84716195656809, 30.706630729888083], [76.84194312347357, 30.706704888753894], [76.84185742995648, 30.70219540968744]]]}, "properties": {"grid_id": "cell_0930", "lst_mean": 41.78, "lst_max": 46.85, "frac_impervious": 0.5907, "frac_vegetation": 0.2353, "frac_bare_soil": 0.1502, "frac_water": 0.0239, "ndvi_mean": 0.2124, "ndvi_std": 0.0426, "ndbi_mean": 0.1122, "building_density": 152.2, "building_height_mean": 12.4, "road_density": 1306.8, "park_area_frac": 0.057, "tree_canopy_frac": 0.1285, "dist_to_water": 1901.8, "water_area_frac": 0.0239, "air_temp_max": 42.6, "wind_speed_mean": 3.66, "solar_radiation": 314.8, "veg_imperv_ratio": 0.3917, "green_deficit": 0.7077, "thermal_mass_proxy": 1887.3, "cooling_potential": 240.7, "sky_view_factor": 0.8038, "tier": "normal", "delta_above_mean": -0.53, "priority_score": 0.0}}, {"type": "Feature", "geometry": {"type": "Polygon", "coordinates": [[[76.84194312347357, 30.706704888753894], [76.84716195656809, 30.706630729888083], [76.84724791193167, 30.711140192377634], [76.84202883632055, 30.71121436446926], [76.84194312347357, 30.706704888753894]]]}, "properties": {"grid_id": "cell_0931", "lst_mean": 40.54, "lst_max": 42.84, "frac_impervious": 0.5929, "frac_vegetation": 0.2063, "frac_bare_soil": 0.1411, "frac_water": 0.0597, "ndvi_mean": 0.2056, "ndvi_std": 0.0234, "ndbi_mean": 0.1152, "building_density": 225.9, "building_height_mean": 15.7, "road_density": 1955.3, "park_area_frac": 0.0816, "tree_canopy_frac": 0.118, "dist_to_water": 1278.5, "water_area_frac": 0.0597, "air_temp_max": 44.0, "wind_speed_mean": 3.05, "solar_radiation": 316.4, "veg_imperv_ratio": 0.3422, "green_deficit": 0.7121, "thermal_mass_proxy": 3546.6, "cooling_potential": 251.1, "sky_view_factor": 0.7516, "tier": "normal", "delta_above_mean": -1.77, "priority_score": 0.0}}, {"type": "Feature", "geometry": {"type": "Polygon", "coordinates": [[[76.84202883632055, 30.71121436446926], [76.84724791193167, 30.711140192377634], [76.84733388668353, 30.71564965151456], [76.84211456850113, 30.71572383683324], [76.84202883632055, 30.71121436446926]]]}, "properties": {"grid_id": "cell_0932", "lst_mean": 36.73, "lst_max": 40.47, "frac_impervious": 0.6019, "frac_vegetation": 0.4266, "frac_bare_soil": 0.169, "frac_water": 0.0259, "ndvi_mean": 0.64, "ndvi_std": 0.0323, "ndbi_mean": 0.2224, "building_density": 184.1, "building_height_mean": 9.4, "road_density": 1306.8, "park_area_frac": 0.5208, "tree_canopy_frac": 0.2181, "dist_to_water": 542.5, "water_area_frac": 0.0259, "air_temp_max": 44.3, "wind_speed_mean": 2.87, "solar_radiation": 332.9, "veg_imperv_ratio": 0.6972, "green_deficit": 0.0526, "thermal_mass_proxy": 1730.5, "cooling_potential": 190.9, "sky_view_factor": 0.8513, "tier": "cool", "delta_above_mean": -5.58, "priority_score": 0.0}}, {"type": "Feature", "geometry": {"type": "Polygon", "coordinates": [[[76.84211456850113, 30.71572383683324], [76.84733388668353, 30.71564965151456], [76.84741988082739, 30.720159107298567], [76.84220032001906, 30.720233305845493], [76.84211456850113, 30.71572383683324]]]}, "properties": {"grid_id": "cell_0933", "lst_mean": 35.55, "lst_max": 38.2, "frac_impervious": 0.5271, "frac_vegetation": 0.2846, "frac_bare_soil": 0.1564, "frac_water": 0.0319, "ndvi_mean": 0.2761, "ndvi_std": 0.0424, "ndbi_mean": 0.1362, "building_density": 195.2, "building_height_mean": 10.4, "road_density": 1068.8, "park_area_frac": 0.0588, "tree_canopy_frac": 0.155, "dist_to_water": 113.0, "water_area_frac": 0.1482, "air_temp_max": 42.7, "wind_speed_mean": 2.69, "solar_radiation": 298.5, "veg_imperv_ratio": 0.5299, "green_deficit": 0.6566, "thermal_mass_proxy": 2030.1, "cooling_potential": 213.5, "sky_view_factor": 0.8354, "tier": "cool", "delta_above_mean": -6.76, "priority_score": 0.0}}, {"type": "Feature", "geometry": {"type": "Polygon", "coordinates": [[[76.84220032001906, 30.720233305845493], [76.84741988082739, 30.720159107298567], [76.84750589436703, 30.72466855972933], [76.84228609087809, 30.7247427715057], [76.84220032001906, 30.720233305845493]]]}, "properties": {"grid_id": "cell_0934", "lst_mean": 42.52, "lst_max": 50.43, "frac_impervious": 0.6083, "frac_vegetation": 0.235, "frac_bare_soil": 0.1213, "frac_water": 0.0354, "ndvi_mean": 0.1912, "ndvi_std": 0.0278, "ndbi_mean": 0.1764, "building_density": 228.6, "building_height_mean": 15.7, "road_density": 1477.2, "park_area_frac": 0.0536, "tree_canopy_frac": 0.1336, "dist_to_water": 372.5, "water_area_frac": 0.1307, "air_temp_max": 42.6, "wind_speed_mean": 1.98, "solar_radiation": 286.5, "veg_imperv_ratio": 0.3801, "green_deficit": 0.7114, "thermal_mass_proxy": 3589.0, "cooling_potential": 219.2, "sky_view_factor": 0.7516, "tier": "moderate", "delta_above_mean": 0.21, "priority_score": 0.1}}, {"type": "Feature", "geometry": {"type": "Polygon", "coordinates": [[[76.84228609087809, 30.7247427715057], [76.84750589436703, 30.72466855972933], [76.84759192730623, 30.729178008806528], [76.84237188108196, 30.729252233813543], [76.84228609087809, 30.7247427715057]]]}, "properties": {"grid_id": "cell_0935", "lst_mean": 43.61, "lst_max": 46.14, "frac_impervious": 0.6889, "frac_vegetation": 0.2042, "frac_bare_soil": 0.0833, "frac_water": 0.0235, "ndvi_mean": 0.1779, "ndvi_std": 0.0543, "ndbi_mean": 0.1903, "building_density": 207.3, "building_height_mean": 12.4, "road_density": 1343.9, "park_area_frac": 0.0736, "tree_canopy_frac": 0.1088, "dist_to_water": 914.4, "water_area_frac": 0.0235, "air_temp_max": 40.4, "wind_speed_mean": 2.94, "solar_radiation": 294.1, "veg_imperv_ratio": 0.2922, "green_deficit": 0.7222, "thermal_mass_proxy": 2570.5, "cooling_potential": 234.0, "sky_view_factor": 0.8038, "tier": "moderate", "delta_above_mean": 1.3, "priority_score": 0.9}}, {"type": "Feature", "geometry": {"type": "Polygon", "coordinates": [[[76.84237188108196, 30.729252233813543], [76.84759192730623, 30.729178008806528], [76.84767797964868, 30.733687454529807], [76.84245769063443, 30.733761692768685], [76.84237188108196, 30.729252233813543]]]}, "properties": {"grid_id": "cell_0936", "lst_mean": 42.09, "lst_max": 44.1, "frac_impervious": 0.5923, "frac_vegetation": 0.2464, "frac_bare_soil": 0.1368, "frac_water": 0.0244, "ndvi_mean": 0.2535, "ndvi_std": 0.0312, "ndbi_mean": 0.0887, "building_density": 202.6, "building_height_mean": 7.9, "road_density": 1501.2, "park_area_frac": 0.0884, "tree_canopy_frac": 0.141, "dist_to_water": 1303.6, "water_area_frac": 0.0244, "air_temp_max": 43.9, "wind_speed_mean": 2.44, "solar_radiation": 334.0, "veg_imperv_ratio": 0.4091, "green_deficit": 0.6652, "thermal_mass_proxy": 1600.5, "cooling_potential": 251.7, "sky_view_factor": 0.875, "tier": "normal", "delta_above_mean": -0.22, "priority_score": 0.0}}, {"type": "Feature", "geometry": {"type": "Polygon", "coordinates": [[[76.84245769063443, 30.733761692768685], [76.84767797964868, 30.733687454529807], [76.84776405139822, 30.738196896898877], [76.84254351953923, 30.738271148370814], [76.84245769063443, 30.733761692768685]]]}, "properties": {"grid_id": "cell_0937", "lst_mean": 42.08, "lst_max": 45.17, "frac_impervious": 0.591, "frac_vegetation": 0.244, "frac_bare_soil": 0.1441, "frac_water": 0.0209, "ndvi_mean": 0.2207, "ndvi_std": 0.0328, "ndbi_mean": 0.1482, "building_density": 208.6, "building_height_mean": 17.6, "road_density": 1620.1, "park_area_frac": 0.0638, "tree_canopy_frac": 0.1598, "dist_to_water": 1549.3, "water_area_frac": 0.0209, "air_temp_max": 42.3, "wind_speed_mean": 2.17, "solar_radiation": 303.5, "veg_imperv_ratio": 0.406, "green_deficit": 0.6922, "thermal_mass_proxy": 3671.4, "cooling_potential": 229.4, "sky_view_factor": 0.7215, "tier": "normal", "delta_above_mean": -0.23, "priority_score": 0.0}}, {"type": "Feature", "geometry": {"type": "Polygon", "coordinates": [[[76.84254351953923, 30.738271148370814], [76.84776405139822, 30.738196896898877], [76.84785014255854, 30.74270633591339], [76.84262936780014, 30.742780600619586], [76.84254351953923, 30.738271148370814]]]}, "properties": {"grid_id": "cell_0938", "lst_mean": 41.96, "lst_max": 44.2, "frac_impervious": 0.6433, "frac_vegetation": 0.1819, "frac_bare_soil": 0.1528, "frac_water": 0.0221, "ndvi_mean": 0.2323, "ndvi_std": 0.0248, "ndbi_mean": 0.1895, "building_density": 190.2, "building_height_mean": 14.5, "road_density": 1574.2, "park_area_frac": 0.0695, "tree_canopy_frac": 0.1249, "dist_to_water": 2198.3, "water_area_frac": 0.0221, "air_temp_max": 42.6, "wind_speed_mean": 3.05, "solar_radiation": 333.2, "veg_imperv_ratio": 0.2784, "green_deficit": 0.7486, "thermal_mass_proxy": 2757.9, "cooling_potential": 272.6, "sky_view_factor": 0.7706, "tier": "normal", "delta_above_mean": -0.35, "priority_score": 0.0}}, {"type": "Feature", "geometry": {"type": "Polygon", "coordinates": [[[76.84262936780014, 30.742780600619586], [76.84785014255854, 30.74270633591339], [76.84793625313345, 30.747215771573046], [76.8427152354209, 30.747290049514703], [76.84262936780014, 30.742780600619586]]]}, "properties": {"grid_id": "cell_0939", "lst_mean": 41.83, "lst_max": 43.9, "frac_impervious": 0.5623, "frac_vegetation": 0.2567, "frac_bare_soil": 0.1584, "frac_water": 0.0226, "ndvi_mean": 0.2082, "ndvi_std": 0.0585, "ndbi_mean": 0.0993, "building_density": 221.0, "building_height_mean": 11.9, "road_density": 1406.2, "park_area_frac": 0.0873, "tree_canopy_frac": 0.1842, "dist_to_water": 3259.0, "water_area_frac": 0.0226, "air_temp_max": 41.5, "wind_speed_mean": 3.53, "solar_radiation": 309.8, "veg_imperv_ratio": 0.4485, "green_deficit": 0.656, "thermal_mass_proxy": 2629.9, "cooling_potential": 230.3, "sky_view_factor": 0.8117, "tier": "normal", "delta_above_mean": -0.48, "priority_score": 0.0}}, {"type": "Feature", "geometry": {"type": "Polygon", "coordinates": [[[76.8427152354209, 30.747290049514703], [76.84793625313345, 30.747215771573046], [76.84802238312669, 30.751725203877495], [76.84280112240523, 30.75179949505582], [76.8427152354209, 30.747290049514703]]]}, "properties": {"grid_id": "cell_0940", "lst_mean": 39.68, "lst_max": 43.48, "frac_impervious": 0.5352, "frac_vegetation": 0.2624, "frac_bare_soil": 0.1791, "frac_water": 0.0233, "ndvi_mean": 0.2296, "ndvi_std": 0.0465, "ndbi_mean": 0.143, "building_density": 207.6, "building_height_mean": 13.1, "road_density": 1330.3, "park_area_frac": 0.0757, "tree_canopy_frac": 0.1273, "dist_to_water": 3042.6, "water_area_frac": 0.0233, "air_temp_max": 42.6, "wind_speed_mean": 2.6, "solar_radiation": 294.9, "veg_imperv_ratio": 0.4813, "green_deficit": 0.6619, "thermal_mass_proxy": 2719.6, "cooling_potential": 217.5, "sky_view_factor": 0.7927, "tier": "cool", "delta_above_mean": -2.63, "priority_score": 0.0}}, {"type": "Feature", "geometry": {"type": "Polygon", "coordinates": [[[76.84280112240523, 30.75179949505582], [76.84802238312669, 30.751725203877495], [76.84810853254203, 30.756234632826423], [76.84288702875693, 30.75630893724263], [76.84280112240523, 30.75179949505582]]]}, "properties": {"grid_id": "cell_0941", "lst_mean": 42.93, "lst_max": 46.91, "frac_impervious": 0.5861, "frac_vegetation": 0.2407, "frac_bare_soil": 0.1346, "frac_water": 0.0386, "ndvi_mean": 0.1927, "ndvi_std": 0.0299, "ndbi_mean": 0.1556, "building_density": 255.3, "building_height_mean": 17.6, "road_density": 1520.3, "park_area_frac": 0.0579, "tree_canopy_frac": 0.136, "dist_to_water": 3861.8, "water_area_frac": 0.0386, "air_temp_max": 46.5, "wind_speed_mean": 3.05, "solar_radiation": 340.4, "veg_imperv_ratio": 0.4038, "green_deficit": 0.7014, "thermal_mass_proxy": 4493.3, "cooling_potential": 258.5, "sky_view_factor": 0.7215, "tier": "moderate", "delta_above_mean": 0.62, "priority_score": 0.4}}, {"type": "Feature", "geometry": {"type": "Polygon", "coordinates": [[[76.84288702875693, 30.75630893724263], [76.84810853254203, 30.756234632826423], [76.84819470138325, 30.76074405841951], [76.84297295447973, 30.76081837607481], [76.84288702875693, 30.75630893724263]]]}, "properties": {"grid_id": "cell_0942", "lst_mean": 40.45, "lst_max": 43.38, "frac_impervious": 0.6135, "frac_vegetation": 0.233, "frac_bare_soil": 0.1053, "frac_water": 0.0481, "ndvi_mean": 0.2167, "ndvi_std": 0.0497, "ndbi_mean": 0.201, "building_density": 201.7, "building_height_mean": 8.2, "road_density": 1508.6, "park_area_frac": 0.0727, "tree_canopy_frac": 0.1644, "dist_to_water": 4712.9, "water_area_frac": 0.0481, "air_temp_max": 43.8, "wind_speed_mean": 2.79, "solar_radiation": 330.4, "veg_imperv_ratio": 0.3737, "green_deficit": 0.6943, "thermal_mass_proxy": 1653.9, "cooling_potential": 253.4, "sky_view_factor": 0.8703, "tier": "normal", "delta_above_mean": -1.86, "priority_score": 0.0}}, {"type": "Feature", "geometry": {"type": "Polygon", "coordinates": [[[76.84297295447973, 30.76081837607481], [76.84819470138325, 30.76074405841951], [76.84828088965409, 30.765253480656426], [76.8430588995774, 30.76532781155201], [76.84297295447973, 30.76081837607481]]]}, "properties": {"grid_id": "cell_0943", "lst_mean": 42.17, "lst_max": 45.87, "frac_impervious": 0.5944, "frac_vegetation": 0.2711, "frac_bare_soil": 0.1141, "frac_water": 0.0204, "ndvi_mean": 0.1912, "ndvi_std": 0.0437, "ndbi_mean": 0.1252, "building_density": 217.0, "building_height_mean": 13.2, "road_density": 1504.8, "park_area_frac": 0.0754, "tree_canopy_frac": 0.1277, "dist_to_water": 4736.1, "water_area_frac": 0.0204, "air_temp_max": 42.1, "wind_speed_mean": 2.96, "solar_radiation": 306.5, "veg_imperv_ratio": 0.4485, "green_deficit": 0.6535, "thermal_mass_proxy": 2864.4, "cooling_potential": 223.4, "sky_view_factor": 0.7911, "tier": "normal", "delta_above_mean": -0.14, "priority_score": 0.0}}, {"type": "Feature", "geometry": {"type": "Polygon", "coordinates": [[[76.8430588995774, 30.76532781155201], [76.84828088965409, 30.765253480656426], [76.84836709735835, 30.769762899536843], [76.84314486405368, 30.769837243673923], [76.8430588995774, 30.76532781155201]]]}, "properties": {"grid_id": "cell_0944", "lst_mean": 40.59, "lst_max": 43.75, "frac_impervious": 0.5838, "frac_vegetation": 0.2128, "frac_bare_soil": 0.1794, "frac_water": 0.024, "ndvi_mean": 0.1918, "ndvi_std": 0.0396, "ndbi_mean": 0.1006, "building_density": 223.4, "building_height_mean": 12.3, "road_density": 1627.3, "park_area_frac": 0.0786, "tree_canopy_frac": 0.1041, "dist_to_water": 5659.5, "water_area_frac": 0.024, "air_temp_max": 42.8, "wind_speed_mean": 2.2, "solar_radiation": 326.4, "veg_imperv_ratio": 0.3584, "green_deficit": 0.7086, "thermal_mass_proxy": 2747.8, "cooling_potential": 256.9, "sky_view_factor": 0.8054, "tier": "normal", "delta_above_mean": -1.72, "priority_score": 0.0}}, {"type": "Feature", "geometry": {"type": "Polygon", "coordinates": [[[76.84314486405368, 30.769837243673923], [76.84836709735835, 30.769762899536843], [76.84845332449977, 30.77427231506045], [76.84323084791234, 30.77434667244024], [76.84314486405368, 30.769837243673923]]]}, "properties": {"grid_id": "cell_0945", "lst_mean": 40.17, "lst_max": 43.66, "frac_impervious": 0.5786, "frac_vegetation": 0.2871, "frac_bare_soil": 0.1147, "frac_water": 0.0195, "ndvi_mean": 0.2005, "ndvi_std": 0.0395, "ndbi_mean": 0.1206, "building_density": 205.6, "building_height_mean": 11.3, "road_density": 1328.4, "park_area_frac": 0.0778, "tree_canopy_frac": 0.16, "dist_to_water": 5657.2, "water_area_frac": 0.0195, "air_temp_max": 40.5, "wind_speed_mean": 2.82, "solar_radiation": 310.4, "veg_imperv_ratio": 0.4878, "green_deficit": 0.6351, "thermal_mass_proxy": 2323.3, "cooling_potential": 221.3, "sky_view_factor": 0.8212, "tier": "normal", "delta_above_mean": -2.14, "priority_score": 0.0}}, {"type": "Feature", "geometry": {"type": "Polygon", "coordinates": [[[76.84323084791234, 30.77434667244024], [76.84845332449977, 30.77427231506045], [76.84853957108214, 30.778781727226914], [76.84331685115716, 30.778856097850603], [76.84323084791234, 30.77434667244024]]]}, "properties": {"grid_id": "cell_0946", "lst_mean": 39.22, "lst_max": 42.58, "frac_impervious": 0.508, "frac_vegetation": 0.2716, "frac_bare_soil": 0.1903, "frac_water": 0.0302, "ndvi_mean": 0.2566, "ndvi_std": 0.0342, "ndbi_mean": 0.1463, "building_density": 191.7, "building_height_mean": 9.6, "road_density": 1258.1, "park_area_frac": 0.1295, "tree_canopy_frac": 0.2038, "dist_to_water": 5901.8, "water_area_frac": 0.0302, "air_temp_max": 40.8, "wind_speed_mean": 2.44, "solar_radiation": 315.7, "veg_imperv_ratio": 0.5243, "green_deficit": 0.5989, "thermal_mass_proxy": 1840.3, "cooling_potential": 230.0, "sky_view_factor": 0.8481, "tier": "cool", "delta_above_mean": -3.09, "priority_score": 0.0}}, {"type": "Feature", "geometry": {"type": "Polygon", "coordinates": [[[76.84331685115716, 30.778856097850603], [76.84853957108214, 30.778781727226914], [76.84862583710922, 30.783291136035917], [76.84340287379186, 30.78336551990473], [76.84331685115716, 30.778856097850603]]]}, "properties": {"grid_id": "cell_0947", "lst_mean": 41.2, "lst_max": 44.85, "frac_impervious": 0.5306, "frac_vegetation": 0.3044, "frac_bare_soil": 0.1296, "frac_water": 0.0354, "ndvi_mean": 0.2737, "ndvi_std": 0.0477, "ndbi_mean": 0.0574, "building_density": 184.1, "building_height_mean": 11.4, "road_density": 1354.4, "park_area_frac": 0.0631, "tree_canopy_frac": 0.1631, "dist_to_water": 6682.9, "water_area_frac": 0.0354, "air_temp_max": 40.7, "wind_speed_mean": 2.32, "solar_radiation": 334.3, "veg_imperv_ratio": 0.5631, "green_deficit": 0.6325, "thermal_mass_proxy": 2098.7, "cooling_potential": 232.5, "sky_view_factor": 0.8196, "tier": "normal", "delta_above_mean": -1.11, "priority_score": 0.0}}, {"type": "Feature", "geometry": {"type": "Polygon", "coordinates": [[[76.84340287379186, 30.78336551990473], [76.84862583710922, 30.783291136035917], [76.84871212258481, 30.787800541487133], [76.84348891582025, 30.78787493860228], [76.84340287379186, 30.78336551990473]]]}, "properties": {"grid_id": "cell_0948", "lst_mean": 40.77, "lst_max": 43.11, "frac_impervious": 0.6159, "frac_vegetation": 0.2048, "frac_bare_soil": 0.1605, "frac_water": 0.0188, "ndvi_mean": 0.1505, "ndvi_std": 0.0309, "ndbi_mean": 0.0843, "building_density": 178.9, "building_height_mean": 9.6, "road_density": 1333.3, "park_area_frac": 0.1183, "tree_canopy_frac": 0.1446, "dist_to_water": 7149.2, "water_area_frac": 0.0188, "air_temp_max": 43.2, "wind_speed_mean": 3.15, "solar_radiation": 289.0, "veg_imperv_ratio": 0.3272, "green_deficit": 0.6769, "thermal_mass_proxy": 1717.4, "cooling_potential": 229.8, "sky_view_factor": 0.8481, "tier": "normal", "delta_above_mean": -1.54, "priority_score": 0.0}}, {"type": "Feature", "geometry": {"type": "Polygon", "coordinates": [[[76.84348891582025, 30.78787493860228], [76.84871212258481, 30.787800541487133], [76.84879842751265, 30.79230994358023], [76.84357497724604, 30.792384353942907], [76.84348891582025, 30.78787493860228]]]}, "properties": {"grid_id": "cell_0949", "lst_mean": 40.85, "lst_max": 43.32, "frac_impervious": 0.5454, "frac_vegetation": 0.3195, "frac_bare_soil": 0.1114, "frac_water": 0.0236, "ndvi_mean": 0.2998, "ndvi_std": 0.0637, "ndbi_mean": 0.1209, "building_density": 205.2, "building_height_mean": 6.9, "road_density": 1342.6, "park_area_frac": 0.0733, "tree_canopy_frac": 0.1911, "dist_to_water": 7468.7, "water_area_frac": 0.0236, "air_temp_max": 43.4, "wind_speed_mean": 2.63, "solar_radiation": 301.8, "veg_imperv_ratio": 0.5753, "green_deficit": 0.6072, "thermal_mass_proxy": 1415.9, "cooling_potential": 205.4, "sky_view_factor": 0.8908, "tier": "normal", "delta_above_mean": -1.46, "priority_score": 0.0}}, {"type": "Feature", "geometry": {"type": "Polygon", "coordinates": [[[76.84357497724604, 30.792384353942907], [76.84879842751265, 30.79230994358023], [76.84888475189653, 30.796819342314887], [76.84366105807304, 30.796893765926317], [76.84357497724604, 30.792384353942907]]]}, "properties": {"grid_id": "cell_0950", "lst_mean": 41.37, "lst_max": 44.24, "frac_impervious": 0.5488, "frac_vegetation": 0.2573, "frac_bare_soil": 0.1597, "frac_water": 0.0343, "ndvi_mean": 0.3036, "ndvi_std": 0.0279, "ndbi_mean": 0.1062, "building_density": 187.7, "building_height_mean": 8.7, "road_density": 1350.4, "park_area_frac": 0.0817, "tree_canopy_frac": 0.1314, "dist_to_water": 8221.2, "water_area_frac": 0.0343, "air_temp_max": 42.7, "wind_speed_mean": 2.51, "solar_radiation": 310.1, "veg_imperv_ratio": 0.4605, "green_deficit": 0.661, "thermal_mass_proxy": 1633.0, "cooling_potential": 230.3, "sky_view_factor": 0.8623, "tier": "normal", "delta_above_mean": -0.94, "priority_score": 0.0}}, {"type": "Feature", "geometry": {"type": "Polygon", "coordinates": [[[76.84366105807304, 30.796893765926317], [76.84888475189653, 30.796819342314887], [76.84897109574024, 30.80132873769079], [76.84374715830499, 30.801403174552174], [76.84366105807304, 30.796893765926317]]]}, "properties": {"grid_id": "cell_0951", "lst_mean": 40.98, "lst_max": 43.87, "frac_impervious": 0.5827, "frac_vegetation": 0.2648, "frac_bare_soil": 0.1233, "frac_water": 0.0292, "ndvi_mean": 0.2338, "ndvi_std": 0.0565, "ndbi_mean": 0.1333, "building_density": 165.9, "building_height_mean": 10.9, "road_density": 1197.4, "park_area_frac": 0.0608, "tree_canopy_frac": 0.2149, "dist_to_water": 9004.9, "water_area_frac": 0.0292, "air_temp_max": 43.2, "wind_speed_mean": 2.33, "solar_radiation": 314.4, "veg_imperv_ratio": 0.4468, "green_deficit": 0.6744, "thermal_mass_proxy": 1808.3, "cooling_potential": 231.1, "sky_view_factor": 0.8275, "tier": "normal", "delta_above_mean": -1.33, "priority_score": 0.0}}, {"type": "Feature", "geometry": {"type": "Polygon", "coordinates": [[[76.84604629946743, 30.648007412585336], [76.85126196547898, 30.647933216445946], [76.85134791093955, 30.652442709242163], [76.8461320031247, 30.652516918629097], [76.84604629946743, 30.648007412585336]]]}, "properties": {"grid_id": "cell_0952", "lst_mean": 38.63, "lst_max": 42.87, "frac_impervious": 0.5581, "frac_vegetation": 0.3065, "frac_bare_soil": 0.1151, "frac_water": 0.0203, "ndvi_mean": 0.234, "ndvi_std": 0.0434, "ndbi_mean": 0.1516, "building_density": 118.3, "building_height_mean": 9.4, "road_density": 946.8, "park_area_frac": 0.0729, "tree_canopy_frac": 0.1878, "dist_to_water": 7648.5, "water_area_frac": 0.0203, "air_temp_max": 40.9, "wind_speed_mean": 2.41, "solar_radiation": 289.0, "veg_imperv_ratio": 0.5395, "green_deficit": 0.6206, "thermal_mass_proxy": 1112.0, "cooling_potential": 200.4, "sky_view_factor": 0.8513, "tier": "cool", "delta_above_mean": -3.68, "priority_score": 0.0}}, {"type": "Feature", "geometry": {"type": "Polygon", "coordinates": [[[76.8461320031247, 30.652516918629097], [76.85134791093955, 30.652442709242163], [76.8514338757942, 30.656952198688817], [76.84621772612152, 30.65702642132448], [76.8461320031247, 30.652516918629097]]]}, "properties": {"grid_id": "cell_0953", "lst_mean": 41.57, "lst_max": 44.26, "frac_impervious": 0.5654, "frac_vegetation": 0.2612, "frac_bare_soil": 0.1447, "frac_water": 0.0287, "ndvi_mean": 0.3153, "ndvi_std": 0.0439, "ndbi_mean": 0.1096, "building_density": 183.3, "building_height_mean": 8.6, "road_density": 1208.8, "park_area_frac": 0.0868, "tree_canopy_frac": 0.1642, "dist_to_water": 7190.1, "water_area_frac": 0.0287, "air_temp_max": 41.1, "wind_speed_mean": 1.89, "solar_radiation": 323.3, "veg_imperv_ratio": 0.4539, "green_deficit": 0.652, "thermal_mass_proxy": 1576.4, "cooling_potential": 238.9, "sky_view_factor": 0.8639, "tier": "normal", "delta_above_mean": -0.74, "priority_score": 0.0}}, {"type": "Feature", "geometry": {"type": "Polygon", "coordinates": [[[76.84621772612152, 30.65702642132448], [76.8514338757942, 30.656952198688817], [76.85151986004668, 30.66146168478555], [76.84630346846166, 30.66153592067117], [76.84621772612152, 30.65702642132448]]]}, "properties": {"grid_id": "cell_0954", "lst_mean": 38.94, "lst_max": 41.2, "frac_impervious": 0.5413, "frac_vegetation": 0.2635, "frac_bare_soil": 0.1725, "frac_water": 0.0227, "ndvi_mean": 0.1922, "ndvi_std": 0.0494, "ndbi_mean": 0.0603, "building_density": 200.4, "building_height_mean": 11.3, "road_density": 1218.6, "park_area_frac": 0.0845, "tree_canopy_frac": 0.1688, "dist_to_water": 7037.5, "water_area_frac": 0.0227, "air_temp_max": 40.8, "wind_speed_mean": 3.06, "solar_radiation": 292.2, "veg_imperv_ratio": 0.478, "green_deficit": 0.652, "thermal_mass_proxy": 2264.5, "cooling_potential": 215.2, "sky_view_factor": 0.8212, "tier": "cool", "delta_above_mean": -3.37, "priority_score": 0.0}}, {"type": "Feature", "geometry": {"type": "Polygon", "coordinates": [[[76.84630346846166, 30.66153592067117], [76.85151986004668, 30.66146168478555], [76.85160586370075, 30.665971167532064], [76.84638923014882, 30.666045416668837], [76.84630346846166, 30.66153592067117]]]}, "properties": {"grid_id": "cell_0955", "lst_mean": 40.82, "lst_max": 43.25, "frac_impervious": 0.5811, "frac_vegetation": 0.2734, "frac_bare_soil": 0.1203, "frac_water": 0.0252, "ndvi_mean": 0.2373, "ndvi_std": 0.0356, "ndbi_mean": 0.1938, "building_density": 214.8, "building_height_mean": 9.9, "road_density": 1160.4, "park_area_frac": 0.0579, "tree_canopy_frac": 0.1732, "dist_to_water": 6111.7, "water_area_frac": 0.0252, "air_temp_max": 41.1, "wind_speed_mean": 1.54, "solar_radiation": 290.3, "veg_imperv_ratio": 0.4625, "green_deficit": 0.6687, "thermal_mass_proxy": 2126.5, "cooling_potential": 210.9, "sky_view_factor": 0.8434, "tier": "normal", "delta_above_mean": -1.49, "priority_score": 0.0}}, {"type": "Feature", "geometry": {"type": "Polygon", "coordinates": [[[76.84638923014882, 30.666045416668837], [76.85160586370075, 30.665971167532064], [76.85169188676016, 30.67048064692803], [76.84647501118678, 30.67055490931715], [76.84638923014882, 30.666045416668837]]]}, "properties": {"grid_id": "cell_0956", "lst_mean": 38.22, "lst_max": 40.58, "frac_impervious": 0.5584, "frac_vegetation": 0.3131, "frac_bare_soil": 0.0955, "frac_water": 0.033, "ndvi_mean": 0.262, "ndvi_std": 0.0537, "ndbi_mean": 0.0934, "building_density": 161.8, "building_height_mean": 11.2, "road_density": 1339.8, "park_area_frac": 0.0739, "tree_canopy_frac": 0.2309, "dist_to_water": 5883.1, "water_area_frac": 0.033, "air_temp_max": 43.3, "wind_speed_mean": 3.14, "solar_radiation": 303.7, "veg_imperv_ratio": 0.5508, "green_deficit": 0.613, "thermal_mass_proxy": 1812.2, "cooling_potential": 208.6, "sky_view_factor": 0.8228, "tier": "cool", "delta_above_mean": -4.09, "priority_score": 0.0}}, {"type": "Feature", "geometry": {"type": "Polygon", "coordinates": [[[76.84647501118678, 30.67055490931715], [76.85169188676016, 30.67048064692803], [76.85177792922866, 30.674990122973124], [76.84656081157927, 30.6750643986158], [76.84647501118678, 30.67055490931715]]]}, "properties": {"grid_id": "cell_0957", "lst_mean": 41.08, "lst_max": 45.06, "frac_impervious": 0.5422, "frac_vegetation": 0.2877, "frac_bare_soil": 0.135, "frac_water": 0.0352, "ndvi_mean": 0.2842, "ndvi_std": 0.0159, "ndbi_mean": 0.0851, "building_density": 166.1, "building_height_mean": 10.0, "road_density": 1319.0, "park_area_frac": 0.0592, "tree_canopy_frac": 0.2083, "dist_to_water": 4915.9, "water_area_frac": 0.0352, "air_temp_max": 45.8, "wind_speed_mean": 3.1, "solar_radiation": 336.9, "veg_imperv_ratio": 0.521, "green_deficit": 0.6531, "thermal_mass_proxy": 1661.0, "cooling_potential": 240.0, "sky_view_factor": 0.8418, "tier": "normal", "delta_above_mean": -1.23, "priority_score": 0.0}}, {"type": "Feature", "geometry": {"type": "Polygon", "coordinates": [[[76.84656081157927, 30.6750643986158], [76.85177792922866, 30.674990122973124], [76.85186399111, 30.679499595667014], [76.84664663133003, 30.679573884564448], [76.84656081157927, 30.6750643986158]]]}, "properties": {"grid_id": "cell_0958", "lst_mean": 42.58, "lst_max": 45.53, "frac_impervious": 0.5782, "frac_vegetation": 0.2693, "frac_bare_soil": 0.1292, "frac_water": 0.0233, "ndvi_mean": 0.2454, "ndvi_std": 0.0343, "ndbi_mean": 0.1644, "building_density": 220.4, "building_height_mean": 11.9, "road_density": 1479.2, "park_area_frac": 0.1664, "tree_canopy_frac": 0.1429, "dist_to_water": 4562.1, "water_area_frac": 0.0233, "air_temp_max": 41.3, "wind_speed_mean": 2.78, "solar_radiation": 347.4, "veg_imperv_ratio": 0.4578, "green_deficit": 0.5643, "thermal_mass_proxy": 2622.8, "cooling_potential": 253.8, "sky_view_factor": 0.8117, "tier": "moderate", "delta_above_mean": 0.27, "priority_score": 0.1}}, {"type": "Feature", "geometry": {"type": "Polygon", "coordinates": [[[76.84664663133003, 30.679573884564448], [76.85186399111, 30.679499595667014], [76.85195007240794, 30.684009065009366], [76.84673247044282, 30.68408336716276], [76.84664663133003, 30.679573884564448]]]}, "properties": {"grid_id": "cell_0959", "lst_mean": 42.54, "lst_max": 46.39, "frac_impervious": 0.5657, "frac_vegetation": 0.231, "frac_bare_soil": 0.1548, "frac_water": 0.0485, "ndvi_mean": 0.2006, "ndvi_std": 0.0292, "ndbi_mean": 0.1147, "building_density": 173.9, "building_height_mean": 13.4, "road_density": 1310.1, "park_area_frac": 0.102, "tree_canopy_frac": 0.179, "dist_to_water": 4210.7, "water_area_frac": 0.0485, "air_temp_max": 42.4, "wind_speed_mean": 2.86, "solar_radiation": 318.1, "veg_imperv_ratio": 0.4013, "green_deficit": 0.667, "thermal_mass_proxy": 2330.3, "cooling_potential": 244.6, "sky_view_factor": 0.788, "tier": "moderate", "delta_above_mean": 0.23, "priority_score": 0.1}}, {"type": "Feature", "geometry": {"type": "Polygon", "coordinates": [[[76.84673247044282, 30.68408336716276], [76.85195007240794, 30.684009065009366], [76.85203617312622, 30.688518530999854], [76.84681832892134, 30.68859284641042], [76.84673247044282, 30.68408336716276]]]}, "properties": {"grid_id": "cell_0960", "lst_mean": 41.74, "lst_max": 44.55, "frac_impervious": 0.6068, "frac_vegetation": 0.2057, "frac_bare_soil": 0.1629, "frac_water": 0.0245, "ndvi_mean": 0.1743, "ndvi_std": 0.0239, "ndbi_mean": 0.1408, "building_density": 213.1, "building_height_mean": 9.8, "road_density": 1399.3, "park_area_frac": 0.056, "tree_canopy_frac": 0.1094, "dist_to_water": 3993.2, "water_area_frac": 0.0245, "air_temp_max": 43.4, "wind_speed_mean": 2.64, "solar_radiation": 308.2, "veg_imperv_ratio": 0.3335, "green_deficit": 0.7383, "thermal_mass_proxy": 2088.4, "cooling_potential": 244.8, "sky_view_factor": 0.8449, "tier": "normal", "delta_above_mean": -0.57, "priority_score": 0.0}}, {"type": "Feature", "geometry": {"type": "Polygon", "coordinates": [[[76.84681832892134, 30.68859284641042], [76.85203617312622, 30.688518530999854], [76.85212229326862, 30.69302799363818], [76.84690420676938, 30.693102322307112], [76.84681832892134, 30.68859284641042]]]}, "properties": {"grid_id": "cell_0961", "lst_mean": 40.72, "lst_max": 46.03, "frac_impervious": 0.5877, "frac_vegetation": 0.2551, "frac_bare_soil": 0.1246, "frac_water": 0.0326, "ndvi_mean": 0.2173, "ndvi_std": 0.0383, "ndbi_mean": 0.1496, "building_density": 204.2, "building_height_mean": 12.4, "road_density": 1622.2, "park_area_frac": 0.0929, "tree_canopy_frac": 0.1595, "dist_to_water": 3066.9, "water_area_frac": 0.0326, "air_temp_max": 42.9, "wind_speed_mean": 2.8, "solar_radiation": 312.1, "veg_imperv_ratio": 0.4268, "green_deficit": 0.652, "thermal_mass_proxy": 2532.1, "cooling_potential": 232.5, "sky_view_factor": 0.8038, "tier": "normal", "delta_above_mean": -1.59, "priority_score": 0.0}}, {"type": "Feature", "geometry": {"type": "Polygon", "coordinates": [[[76.84690420676938, 30.693102322307112], [76.85212229326862, 30.69302799363818], [76.85220843283889, 30.697537452923996], [76.8469901039907, 30.69761179485251], [76.84690420676938, 30.693102322307112]]]}, "properties": {"grid_id": "cell_0962", "lst_mean": 41.46, "lst_max": 49.62, "frac_impervious": 0.5673, "frac_vegetation": 0.2426, "frac_bare_soil": 0.1673, "frac_water": 0.0229, "ndvi_mean": 0.1911, "ndvi_std": 0.0433, "ndbi_mean": 0.1594, "building_density": 234.9, "building_height_mean": 12.6, "road_density": 1555.4, "park_area_frac": 0.106, "tree_canopy_frac": 0.1165, "dist_to_water": 2562.5, "water_area_frac": 0.0229, "air_temp_max": 43.5, "wind_speed_mean": 2.89, "solar_radiation": 315.3, "veg_imperv_ratio": 0.4202, "green_deficit": 0.6514, "thermal_mass_proxy": 2959.7, "cooling_potential": 238.8, "sky_view_factor": 0.8006, "tier": "normal", "delta_above_mean": -0.85, "priority_score": 0.0}}, {"type": "Feature", "geometry": {"type": "Polygon", "coordinates": [[[76.8469901039907, 30.69761179485251], [76.85220843283889, 30.697537452923996], [76.8522945918408, 30.70204690885697], [76.84707602058901, 30.702121264046273], [76.8469901039907, 30.69761179485251]]]}, "properties": {"grid_id": "cell_0963", "lst_mean": 40.25, "lst_max": 43.91, "frac_impervious": 0.5628, "frac_vegetation": 0.2689, "frac_bare_soil": 0.1294, "frac_water": 0.0389, "ndvi_mean": 0.2359, "ndvi_std": 0.0485, "ndbi_mean": 0.1151, "building_density": 197.6, "building_height_mean": 18.2, "road_density": 1419.0, "park_area_frac": 0.063, "tree_canopy_frac": 0.1821, "dist_to_water": 2299.9, "water_area_frac": 0.0389, "air_temp_max": 42.4, "wind_speed_mean": 3.36, "solar_radiation": 331.2, "veg_imperv_ratio": 0.4694, "green_deficit": 0.6681, "thermal_mass_proxy": 3596.3, "cooling_potential": 242.1, "sky_view_factor": 0.712, "tier": "normal", "delta_above_mean": -2.06, "priority_score": 0.0}}, {"type": "Feature", "geometry": {"type": "Polygon", "coordinates": [[[76.84707602058901, 30.702121264046273], [76.8522945918408, 30.70204690885697], [76.85238077027809, 30.706556361436796], [76.84716195656809, 30.706630729888083], [76.84707602058901, 30.702121264046273]]]}, "properties": {"grid_id": "cell_0964", "lst_mean": 41.85, "lst_max": 46.84, "frac_impervious": 0.5673, "frac_vegetation": 0.2438, "frac_bare_soil": 0.1408, "frac_water": 0.0481, "ndvi_mean": 0.205, "ndvi_std": 0.0419, "ndbi_mean": 0.1725, "building_density": 226.4, "building_height_mean": 10.6, "road_density": 1442.0, "park_area_frac": 0.0809, "tree_canopy_frac": 0.1401, "dist_to_water": 1830.0, "water_area_frac": 0.0481, "air_temp_max": 42.0, "wind_speed_mean": 3.54, "solar_radiation": 292.0, "veg_imperv_ratio": 0.4223, "green_deficit": 0.6753, "thermal_mass_proxy": 2399.8, "cooling_potential": 220.8, "sky_view_factor": 0.8323, "tier": "normal", "delta_above_mean": -0.46, "priority_score": 0.0}}, {"type": "Feature", "geometry": {"type": "Polygon", "coordinates": [[[76.84716195656809, 30.706630729888083], [76.85238077027809, 30.706556361436796], [76.85246696815453, 30.711065810663147], [76.84724791193167, 30.711140192377634], [76.84716195656809, 30.706630729888083]]]}, "properties": {"grid_id": "cell_0965", "lst_mean": 47.85, "lst_max": 50.92, "frac_impervious": 0.6929, "frac_vegetation": 0.2067, "frac_bare_soil": 0.08, "frac_water": 0.0204, "ndvi_mean": 0.1586, "ndvi_std": 0.0299, "ndbi_mean": 0.1131, "building_density": 232.4, "building_height_mean": 19.2, "road_density": 1620.7, "park_area_frac": 0.0638, "tree_canopy_frac": 0.1011, "dist_to_water": 1034.3, "water_area_frac": 0.0204, "air_temp_max": 43.2, "wind_speed_mean": 3.36, "solar_radiation": 329.6, "veg_imperv_ratio": 0.2941, "green_deficit": 0.7295, "thermal_mass_proxy": 4462.1, "cooling_potential": 261.5, "sky_view_factor": 0.6962, "tier": "critical", "delta_above_mean": 5.54, "priority_score": 3.6}}, {"type": "Feature", "geometry": {"type": "Polygon", "coordinates": [[[76.84724791193167, 30.711140192377634], [76.85246696815453, 30.711065810663147], [76.85255318547391, 30.71557525653568], [76.84733388668353, 30.71564965151456], [76.84724791193167, 30.711140192377634]]]}, "properties": {"grid_id": "cell_0966", "lst_mean": 40.63, "lst_max": 46.72, "frac_impervious": 0.6017, "frac_vegetation": 0.2022, "frac_bare_soil": 0.1443, "frac_water": 0.0518, "ndvi_mean": 0.2388, "ndvi_std": 0.0399, "ndbi_mean": 0.1635, "building_density": 203.8, "building_height_mean": 15.9, "road_density": 1428.9, "park_area_frac": 0.0775, "tree_canopy_frac": 0.1451, "dist_to_water": 635.0, "water_area_frac": 0.0518, "air_temp_max": 43.5, "wind_speed_mean": 2.41, "solar_radiation": 290.5, "veg_imperv_ratio": 0.3306, "green_deficit": 0.7203, "thermal_mass_proxy": 3240.4, "cooling_potential": 231.8, "sky_view_factor": 0.7484, "tier": "normal", "delta_above_mean": -1.68, "priority_score": 0.0}}, {"type": "Feature", "geometry": {"type": "Polygon", "coordinates": [[[76.84733388668353, 30.71564965151456], [76.85255318547391, 30.71557525653568], [76.85263942223996, 30.72008469905408], [76.84741988082739, 30.720159107298567], [76.84733388668353, 30.71564965151456]]]}, "properties": {"grid_id": "cell_0967", "lst_mean": 42.38, "lst_max": 47.05, "frac_impervious": 0.6413, "frac_vegetation": 0.2008, "frac_bare_soil": 0.1197, "frac_water": 0.0382, "ndvi_mean": 0.1855, "ndvi_std": 0.0373, "ndbi_mean": 0.1314, "building_density": 197.9, "building_height_mean": 15.9, "road_density": 1622.2, "park_area_frac": 0.0594, "tree_canopy_frac": 0.1492, "dist_to_water": 454.8, "water_area_frac": 0.0724, "air_temp_max": 45.5, "wind_speed_mean": 2.93, "solar_radiation": 304.8, "veg_imperv_ratio": 0.3083, "green_deficit": 0.7398, "thermal_mass_proxy": 3146.6, "cooling_potential": 243.6, "sky_view_factor": 0.7484, "tier": "moderate", "delta_above_mean": 0.07, "priority_score": 0.0}}, {"type": "Feature", "geometry": {"type": "Polygon", "coordinates": [[[76.84741988082739, 30.720159107298567], [76.85263942223996, 30.72008469905408], [76.85272567845647, 30.724594138218034], [76.84750589436703, 30.72466855972933], [76.84741988082739, 30.720159107298567]]]}, "properties": {"grid_id": "cell_0968", "lst_mean": 39.93, "lst_max": 49.14, "frac_impervious": 0.5504, "frac_vegetation": 0.2615, "frac_bare_soil": 0.1547, "frac_water": 0.0334, "ndvi_mean": 0.1927, "ndvi_std": 0.0503, "ndbi_mean": 0.1613, "building_density": 166.5, "building_height_mean": 12.5, "road_density": 1598.6, "park_area_frac": 0.0624, "tree_canopy_frac": 0.1863, "dist_to_water": 50.0, "water_area_frac": 0.0775, "air_temp_max": 43.7, "wind_speed_mean": 2.98, "solar_radiation": 309.5, "veg_imperv_ratio": 0.4666, "green_deficit": 0.6761, "thermal_mass_proxy": 2081.2, "cooling_potential": 228.6, "sky_view_factor": 0.8022, "tier": "cool", "delta_above_mean": -2.38, "priority_score": 0.0}}, {"type": "Feature", "geometry": {"type": "Polygon", "coordinates": [[[76.84750589436703, 30.72466855972933], [76.85272567845647, 30.724594138218034], [76.85281195412718, 30.729103574027206], [76.84759192730623, 30.729178008806528], [76.84750589436703, 30.72466855972933]]]}, "properties": {"grid_id": "cell_0969", "lst_mean": 42.43, "lst_max": 45.89, "frac_impervious": 0.608, "frac_vegetation": 0.2248, "frac_bare_soil": 0.1465, "frac_water": 0.0207, "ndvi_mean": 0.2073, "ndvi_std": 0.0458, "ndbi_mean": 0.1475, "building_density": 185.8, "building_height_mean": 9.7, "road_density": 1145.6, "park_area_frac": 0.0684, "tree_canopy_frac": 0.1044, "dist_to_water": 834.9, "water_area_frac": 0.0207, "air_temp_max": 42.5, "wind_speed_mean": 2.54, "solar_radiation": 317.2, "veg_imperv_ratio": 0.3638, "green_deficit": 0.7068, "thermal_mass_proxy": 1802.3, "cooling_potential": 245.9, "sky_view_factor": 0.8465, "tier": "moderate", "delta_above_mean": 0.12, "priority_score": 0.1}}, {"type": "Feature", "geometry": {"type": "Polygon", "coordinates": [[[76.84759192730623, 30.729178008806528], [76.85281195412718, 30.729103574027206], [76.8528982492559, 30.733613006481267], [76.84767797964868, 30.733687454529807], [76.84759192730623, 30.729178008806528]]]}, "properties": {"grid_id": "cell_0970", "lst_mean": 42.33, "lst_max": 46.59, "frac_impervious": 0.5641, "frac_vegetation": 0.2866, "frac_bare_soil": 0.1095, "frac_water": 0.0398, "ndvi_mean": 0.2454, "ndvi_std": 0.0432, "ndbi_mean": 0.1055, "building_density": 218.5, "building_height_mean": 13.3, "road_density": 1448.2, "park_area_frac": 0.0573, "tree_canopy_frac": 0.2034, "dist_to_water": 1165.0, "water_area_frac": 0.0398, "air_temp_max": 44.5, "wind_speed_mean": 2.27, "solar_radiation": 308.5, "veg_imperv_ratio": 0.4992, "green_deficit": 0.6561, "thermal_mass_proxy": 2906.0, "cooling_potential": 220.1, "sky_view_factor": 0.7896, "tier": "moderate", "delta_above_mean": 0.02, "priority_score": 0.0}}, {"type": "Feature", "geometry": {"type": "Polygon", "coordinates": [[[76.84767797964868, 30.733687454529807], [76.8528982492559, 30.733613006481267], [76.85298456384636, 30.73812243557989], [76.84776405139822, 30.738196896898877], [76.84767797964868, 30.733687454529807]]]}, "properties": {"grid_id": "cell_0971", "lst_mean": 41.29, "lst_max": 44.46, "frac_impervious": 0.6407, "frac_vegetation": 0.204, "frac_bare_soil": 0.1224, "frac_water": 0.0329, "ndvi_mean": 0.1496, "ndvi_std": 0.0273, "ndbi_mean": 0.1762, "building_density": 178.4, "building_height_mean": 9.3, "road_density": 1450.9, "park_area_frac": 0.0915, "tree_canopy_frac": 0.1164, "dist_to_water": 2051.1, "water_area_frac": 0.0329, "air_temp_max": 44.5, "wind_speed_mean": 2.61, "solar_radiation": 314.5, "veg_imperv_ratio": 0.3135, "green_deficit": 0.7045, "thermal_mass_proxy": 1659.1, "cooling_potential": 250.3, "sky_view_factor": 0.8528, "tier": "normal", "delta_above_mean": -1.02, "priority_score": 0.0}}, {"type": "Feature", "geometry": {"type": "Polygon", "coordinates": [[[76.84776405139822, 30.738196896898877], [76.85298456384636, 30.73812243557989], [76.85307089790236, 30.74263186132276], [76.84785014255854, 30.74270633591339], [76.84776405139822, 30.738196896898877]]]}, "properties": {"grid_id": "cell_0972", "lst_mean": 42.4, "lst_max": 44.85, "frac_impervious": 0.6241, "frac_vegetation": 0.217, "frac_bare_soil": 0.1378, "frac_water": 0.0212, "ndvi_mean": 0.2184, "ndvi_std": 0.0308, "ndbi_mean": 0.1764, "building_density": 201.0, "building_height_mean": 14.3, "road_density": 1597.7, "park_area_frac": 0.0615, "tree_canopy_frac": 0.1712, "dist_to_water": 2388.6, "water_area_frac": 0.0212, "air_temp_max": 42.9, "wind_speed_mean": 2.12, "solar_radiation": 311.9, "veg_imperv_ratio": 0.3422, "green_deficit": 0.7215, "thermal_mass_proxy": 2874.3, "cooling_potential": 244.2, "sky_view_factor": 0.7737, "tier": "moderate", "delta_above_mean": 0.09, "priority_score": 0.1}}, {"type": "Feature", "geometry": {"type": "Polygon", "coordinates": [[[76.84785014255854, 30.74270633591339], [76.85307089790236, 30.74263186132276], [76.85315725142766, 30.747141283709563], [76.84793625313345, 30.747215771573046], [76.84785014255854, 30.74270633591339]]]}, "properties": {"grid_id": "cell_0973", "lst_mean": 43.03, "lst_max": 45.69, "frac_impervious": 0.5798, "frac_vegetation": 0.1951, "frac_bare_soil": 0.1771, "frac_water": 0.048, "ndvi_mean": 0.1661, "ndvi_std": 0.0301, "ndbi_mean": 0.1512, "building_density": 210.2, "building_height_mean": 14.9, "road_density": 1528.6, "park_area_frac": 0.0664, "tree_canopy_frac": 0.1296, "dist_to_water": 2950.6, "water_area_frac": 0.048, "air_temp_max": 42.8, "wind_speed_mean": 2.11, "solar_radiation": 289.4, "veg_imperv_ratio": 0.3308, "green_deficit": 0.7385, "thermal_mass_proxy": 3132.0, "cooling_potential": 232.9, "sky_view_factor": 0.7642, "tier": "moderate", "delta_above_mean": 0.72, "priority_score": 0.5}}, {"type": "Feature", "geometry": {"type": "Polygon", "coordinates": [[[76.84793625313345, 30.747215771573046], [76.85315725142766, 30.747141283709563], [76.85324362442604, 30.751650702739944], [76.84802238312669, 30.751725203877495], [76.84793625313345, 30.747215771573046]]]}, "properties": {"grid_id": "cell_0974", "lst_mean": 41.46, "lst_max": 46.83, "frac_impervious": 0.5759, "frac_vegetation": 0.2439, "frac_bare_soil": 0.1605, "frac_water": 0.0198, "ndvi_mean": 0.2733, "ndvi_std": 0.0364, "ndbi_mean": 0.0995, "building_density": 211.5, "building_height_mean": 10.8, "road_density": 1521.7, "park_area_frac": 0.1009, "tree_canopy_frac": 0.1514, "dist_to_water": 3169.0, "water_area_frac": 0.0198, "air_temp_max": 42.4, "wind_speed_mean": 3.05, "solar_radiation": 318.9, "veg_imperv_ratio": 0.4163, "green_deficit": 0.6552, "thermal_mass_proxy": 2284.2, "cooling_potential": 241.1, "sky_view_factor": 0.8291, "tier": "normal", "delta_above_mean": -0.85, "priority_score": 0.0}}, {"type": "Feature", "geometry": {"type": "Polygon", "coordinates": [[[76.84802238312669, 30.751725203877495], [76.85324362442604, 30.751650702739944], [76.85333001690127, 30.756160118413604], [76.84810853254203, 30.756234632826423], [76.84802238312669, 30.751725203877495]]]}, "properties": {"grid_id": "cell_0975", "lst_mean": 42.28, "lst_max": 44.37, "frac_impervious": 0.6242, "frac_vegetation": 0.1671, "frac_bare_soil": 0.1853, "frac_water": 0.0235, "ndvi_mean": 0.1993, "ndvi_std": 0.036, "ndbi_mean": 0.1351, "building_density": 173.7, "building_height_mean": 9.3, "road_density": 1214.4, "park_area_frac": 0.0729, "tree_canopy_frac": 0.1004, "dist_to_water": 3943.4, "water_area_frac": 0.0235, "air_temp_max": 43.8, "wind_speed_mean": 2.97, "solar_radiation": 325.5, "veg_imperv_ratio": 0.2635, "green_deficit": 0.76, "thermal_mass_proxy": 1615.4, "cooling_potential": 271.1, "sky_view_factor": 0.8528, "tier": "normal", "delta_above_mean": -0.03, "priority_score": 0.0}}, {"type": "Feature", "geometry": {"type": "Polygon", "coordinates": [[[76.84810853254203, 30.756234632826423], [76.85333001690127, 30.756160118413604], [76.85341642885713, 30.76066953073021], [76.84819470138325, 30.76074405841951], [76.84810853254203, 30.756234632826423]]]}, "properties": {"grid_id": "cell_0976", "lst_mean": 42.37, "lst_max": 45.71, "frac_impervious": 0.5967, "frac_vegetation": 0.2383, "frac_bare_soil": 0.1383, "frac_water": 0.0267, "ndvi_mean": 0.2072, "ndvi_std": 0.0462, "ndbi_mean": 0.1386, "building_density": 211.1, "building_height_mean": 8.2, "road_density": 1499.8, "park_area_frac": 0.0723, "tree_canopy_frac": 0.1427, "dist_to_water": 4440.2, "water_area_frac": 0.0267, "air_temp_max": 43.0, "wind_speed_mean": 2.84, "solar_radiation": 330.6, "veg_imperv_ratio": 0.3928, "green_deficit": 0.6894, "thermal_mass_proxy": 1731.0, "cooling_potential": 251.8, "sky_view_factor": 0.8703, "tier": "moderate", "delta_above_mean": 0.06, "priority_score": 0.0}}, {"type": "Feature", "geometry": {"type": "Polygon", "coordinates": [[[76.84819470138325, 30.76074405841951], [76.85341642885713, 30.76066953073021], [76.8535028602974, 30.765178939689427], [76.84828088965409, 30.765253480656426], [76.84819470138325, 30.76074405841951]]]}, "properties": {"grid_id": "cell_0977", "lst_mean": 41.56, "lst_max": 44.26, "frac_impervious": 0.5795, "frac_vegetation": 0.2251, "frac_bare_soil": 0.1665, "frac_water": 0.029, "ndvi_mean": 0.1902, "ndvi_std": 0.0375, "ndbi_mean": 0.1305, "building_density": 139.6, "building_height_mean": 9.4, "road_density": 1082.5, "park_area_frac": 0.1236, "tree_canopy_frac": 0.1215, "dist_to_water": 4886.4, "water_area_frac": 0.029, "air_temp_max": 40.3, "wind_speed_mean": 3.51, "solar_radiation": 338.7, "veg_imperv_ratio": 0.3818, "green_deficit": 0.6513, "thermal_mass_proxy": 1312.2, "cooling_potential": 262.5, "sky_view_factor": 0.8513, "tier": "normal", "delta_above_mean": -0.75, "priority_score": 0.0}}, {"type": "Feature", "geometry": {"type": "Polygon", "coordinates": [[[76.84828088965409, 30.765253480656426], [76.8535028602974, 30.765178939689427], [76.85358931122583, 30.76968834529095], [76.84836709735835, 30.769762899536843], [76.84828088965409, 30.765253480656426]]]}, "properties": {"grid_id": "cell_0978", "lst_mean": 41.15, "lst_max": 43.88, "frac_impervious": 0.5176, "frac_vegetation": 0.2895, "frac_bare_soil": 0.1659, "frac_water": 0.027, "ndvi_mean": 0.2416, "ndvi_std": 0.0433, "ndbi_mean": 0.1295, "building_density": 165.5, "building_height_mean": 10.0, "road_density": 1310.6, "park_area_frac": 0.1032, "tree_canopy_frac": 0.1523, "dist_to_water": 5227.9, "water_area_frac": 0.027, "air_temp_max": 43.2, "wind_speed_mean": 2.88, "solar_radiation": 314.6, "veg_imperv_ratio": 0.5487, "green_deficit": 0.6073, "thermal_mass_proxy": 1655.0, "cooling_potential": 223.5, "sky_view_factor": 0.8418, "tier": "normal", "delta_above_mean": -1.16, "priority_score": 0.0}}, {"type": "Feature", "geometry": {"type": "Polygon", "coordinates": [[[76.84836709735835, 30.769762899536843], [76.85358931122583, 30.76968834529095], [76.85367578164626, 30.774197747534448], [76.84845332449977, 30.77427231506045], [76.84836709735835, 30.769762899536843]]]}, "properties": {"grid_id": "cell_0979", "lst_mean": 42.84, "lst_max": 48.08, "frac_impervious": 0.6076, "frac_vegetation": 0.2746, "frac_bare_soil": 0.0978, "frac_water": 0.02, "ndvi_mean": 0.2557, "ndvi_std": 0.0434, "ndbi_mean": 0.0826, "building_density": 237.5, "building_height_mean": 12.6, "road_density": 1611.2, "park_area_frac": 0.0591, "tree_canopy_frac": 0.1575, "dist_to_water": 5819.0, "water_area_frac": 0.02, "air_temp_max": 45.3, "wind_speed_mean": 3.19, "solar_radiation": 330.2, "veg_imperv_ratio": 0.4446, "green_deficit": 0.6663, "thermal_mass_proxy": 2992.5, "cooling_potential": 239.5, "sky_view_factor": 0.8006, "tier": "moderate", "delta_above_mean": 0.53, "priority_score": 0.3}}, {"type": "Feature", "geometry": {"type": "Polygon", "coordinates": [[[76.84845332449977, 30.77427231506045], [76.85367578164626, 30.774197747534448], [76.85376227156242, 30.778707146419585], [76.84853957108214, 30.778781727226914], [76.84845332449977, 30.77427231506045]]]}, "properties": {"grid_id": "cell_0980", "lst_mean": 40.95, "lst_max": 45.83, "frac_impervious": 0.5692, "frac_vegetation": 0.2567, "frac_bare_soil": 0.1239, "frac_water": 0.0502, "ndvi_mean": 0.2276, "ndvi_std": 0.0354, "ndbi_mean": 0.1377, "building_density": 202.8, "building_height_mean": 11.7, "road_density": 1531.2, "park_area_frac": 0.0686, "tree_canopy_frac": 0.1778, "dist_to_water": 5917.9, "water_area_frac": 0.0502, "air_temp_max": 45.4, "wind_speed_mean": 2.42, "solar_radiation": 310.0, "veg_imperv_ratio": 0.4432, "green_deficit": 0.6747, "thermal_mass_proxy": 2372.8, "cooling_potential": 230.4, "sky_view_factor": 0.8149, "tier": "normal", "delta_above_mean": -1.36, "priority_score": 0.0}}, {"type": "Feature", "geometry": {"type": "Polygon", "coordinates": [[[76.84853957108214, 30.778781727226914], [76.85376227156242, 30.778707146419585], [76.85384878097811, 30.78321654194606], [76.84862583710922, 30.783291136035917], [76.84853957108214, 30.778781727226914]]]}, "properties": {"grid_id": "cell_0981", "lst_mean": 40.76, "lst_max": 44.13, "frac_impervious": 0.5586, "frac_vegetation": 0.3067, "frac_bare_soil": 0.115, "frac_water": 0.0197, "ndvi_mean": 0.2468, "ndvi_std": 0.0353, "ndbi_mean": 0.1148, "building_density": 195.0, "building_height_mean": 10.7, "road_density": 1360.4, "park_area_frac": 0.128, "tree_canopy_frac": 0.1561, "dist_to_water": 7142.2, "water_area_frac": 0.0197, "air_temp_max": 42.2, "wind_speed_mean": 2.48, "solar_radiation": 286.0, "veg_imperv_ratio": 0.5394, "green_deficit": 0.5653, "thermal_mass_proxy": 2086.5, "cooling_potential": 198.3, "sky_view_factor": 0.8307, "tier": "normal", "delta_above_mean": -1.55, "priority_score": 0.0}}, {"type": "Feature", "geometry": {"type": "Polygon", "coordinates": [[[76.84862583710922, 30.783291136035917], [76.85384878097811, 30.78321654194606], [76.85393530989711, 30.787725934113514], [76.84871212258481, 30.787800541487133], [76.84862583710922, 30.783291136035917]]]}, "properties": {"grid_id": "cell_0982", "lst_mean": 41.12, "lst_max": 43.6, "frac_impervious": 0.5565, "frac_vegetation": 0.2531, "frac_bare_soil": 0.168, "frac_water": 0.0223, "ndvi_mean": 0.2283, "ndvi_std": 0.0227, "ndbi_mean": 0.0975, "building_density": 214.0, "building_height_mean": 10.1, "road_density": 1153.0, "park_area_frac": 0.0696, "tree_canopy_frac": 0.1787, "dist_to_water": 7171.6, "water_area_frac": 0.0223, "air_temp_max": 41.4, "wind_speed_mean": 3.02, "solar_radiation": 324.3, "veg_imperv_ratio": 0.4468, "green_deficit": 0.6773, "thermal_mass_proxy": 2161.4, "cooling_potential": 242.2, "sky_view_factor": 0.8402, "tier": "normal", "delta_above_mean": -1.19, "priority_score": 0.0}}, {"type": "Feature", "geometry": {"type": "Polygon", "coordinates": [[[76.84871212258481, 30.787800541487133], [76.85393530989711, 30.787725934113514], [76.85402185832321, 30.792235322921666], [76.84879842751265, 30.79230994358023], [76.84871212258481, 30.787800541487133]]]}, "properties": {"grid_id": "cell_0983", "lst_mean": 39.1, "lst_max": 42.06, "frac_impervious": 0.5316, "frac_vegetation": 0.2932, "frac_bare_soil": 0.158, "frac_water": 0.0173, "ndvi_mean": 0.2285, "ndvi_std": 0.0365, "ndbi_mean": 0.0904, "building_density": 150.0, "building_height_mean": 9.9, "road_density": 1100.2, "park_area_frac": 0.0682, "tree_canopy_frac": 0.1788, "dist_to_water": 7727.4, "water_area_frac": 0.0173, "air_temp_max": 45.5, "wind_speed_mean": 4.01, "solar_radiation": 319.4, "veg_imperv_ratio": 0.5414, "green_deficit": 0.6386, "thermal_mass_proxy": 1485.0, "cooling_potential": 225.8, "sky_view_factor": 0.8434, "tier": "cool", "delta_above_mean": -3.21, "priority_score": 0.0}}, {"type": "Feature", "geometry": {"type": "Polygon", "coordinates": [[[76.84879842751265, 30.79230994358023], [76.85402185832321, 30.792235322921666], [76.8541084262602, 30.796744708370156], [76.84888475189653, 30.796819342314887], [76.84879842751265, 30.79230994358023]]]}, "properties": {"grid_id": "cell_0984", "lst_mean": 34.84, "lst_max": 37.63, "frac_impervious": 0.555, "frac_vegetation": 0.6387, "frac_bare_soil": 0.1232, "frac_water": 0.0268, "ndvi_mean": 0.6771, "ndvi_std": 0.0483, "ndbi_mean": 0.1155, "building_density": 190.8, "building_height_mean": 10.3, "road_density": 1263.2, "park_area_frac": 0.6002, "tree_canopy_frac": 0.3988, "dist_to_water": 8032.8, "water_area_frac": 0.0268, "air_temp_max": 44.9, "wind_speed_mean": 3.61, "solar_radiation": 294.5, "veg_imperv_ratio": 1.1304, "green_deficit": 0.0, "thermal_mass_proxy": 1965.2, "cooling_potential": 106.4, "sky_view_factor": 0.837, "tier": "cool", "delta_above_mean": -7.47, "priority_score": 0.0}}, {"type": "Feature", "geometry": {"type": "Polygon", "coordinates": [[[76.84888475189653, 30.796819342314887], [76.8541084262602, 30.796744708370156], [76.85419501371187, 30.80125409045868], [76.84897109574024, 30.80132873769079], [76.84888475189653, 30.796819342314887]]]}, "properties": {"grid_id": "cell_0985", "lst_mean": 37.99, "lst_max": 40.65, "frac_impervious": 0.4737, "frac_vegetation": 0.3616, "frac_bare_soil": 0.1055, "frac_water": 0.0591, "ndvi_mean": 0.2182, "ndvi_std": 0.0419, "ndbi_mean": -0.0186, "building_density": 187.0, "building_height_mean": 8.4, "road_density": 979.7, "park_area_frac": 0.0646, "tree_canopy_frac": 0.2336, "dist_to_water": 8932.9, "water_area_frac": 0.0591, "air_temp_max": 42.9, "wind_speed_mean": 3.66, "solar_radiation": 304.6, "veg_imperv_ratio": 0.7476, "green_deficit": 0.5738, "thermal_mass_proxy": 1570.8, "cooling_potential": 194.5, "sky_view_factor": 0.8671, "tier": "cool", "delta_above_mean": -4.32, "priority_score": 0.0}}]}